k,strategy,seed,options_total,options_lost,pct_options_lost,pct_option_demand_lost,pct_commercial_options_lost,models_lost,pct_downloads_lost,pct_models_in_class
1,descendants,,10217,0,0.0,0.0,0.0,32596,0.0077255339164569005,
1,descendant_authors,,10217,3,0.029362826661446607,1.6589121652562591e-06,0.01904036557501904,22749,0.26405919692390617,
1,downloads,,10217,0,0.0,0.0,0.0,1396,6.316576557550275,
1,outdegree,,10217,0,0.0,0.0,0.0,32596,0.0077255339164569005,
1,random,0.0,10217,0,0.0,0.0,0.0,3,1.581869578305036e-05,
1,random_matched,0.0,10217,0,0.0,0.0,0.0,24236,0.02153108283067403,
1,random,1.0,10217,0,0.0,0.0,0.0,2,3.9201543678272695e-06,
1,random_matched,1.0,10217,0,0.0,0.0,0.0,24236,0.02153108283067403,
1,random,2.0,10217,0,0.0,0.0,0.0,4,4.1582204225536214e-07,
1,random_matched,2.0,10217,0,0.0,0.0,0.0,30672,0.005696850856892226,
1,random,3.0,10217,0,0.0,0.0,0.0,2,2.1584655628522616e-07,
1,random_matched,3.0,10217,0,0.0,0.0,0.0,30672,0.005696850856892226,
1,random,4.0,10217,0,0.0,0.0,0.0,2,2.03149700033154e-06,
1,random_matched,4.0,10217,3,0.029362826661446607,1.6589121652562591e-06,0.01904036557501904,22749,0.26405919692390617,
1,random,5.0,10217,0,0.0,0.0,0.0,3,3.491635469319835e-07,
1,random_matched,5.0,10217,3,0.029362826661446607,1.6589121652562591e-06,0.01904036557501904,22749,0.26405919692390617,
1,random,6.0,10217,0,0.0,0.0,0.0,3,3.621778245903574e-06,
1,random_matched,6.0,10217,0,0.0,0.0,0.0,24236,0.02153108283067403,
1,random,7.0,10217,0,0.0,0.0,0.0,2,4.486751578075988e-06,
1,random_matched,7.0,10217,0,0.0,0.0,0.0,24236,0.02153108283067403,
1,random,8.0,10217,0,0.0,0.0,0.0,2,1.6537655268323946e-06,
1,random_matched,8.0,10217,0,0.0,0.0,0.0,30672,0.005696850856892226,
1,random,9.0,10217,0,0.0,0.0,0.0,9,9.290924562453779e-06,
1,random_matched,9.0,10217,3,0.029362826661446607,1.6589121652562591e-06,0.01904036557501904,22749,0.26405919692390617,
1,random,10.0,10217,0,0.0,0.0,0.0,3,6.788056773764061e-06,
1,random_matched,10.0,10217,3,0.029362826661446607,1.6589121652562591e-06,0.01904036557501904,22749,0.26405919692390617,
1,random,11.0,10217,0,0.0,0.0,0.0,8,7.762857912516899e-05,
1,random_matched,11.0,10217,0,0.0,0.0,0.0,30672,0.005696850856892226,
1,random,12.0,10217,0,0.0,0.0,0.0,2,1.3617378330347355e-06,
1,random_matched,12.0,10217,0,0.0,0.0,0.0,30672,0.005696850856892226,
1,random,13.0,10217,0,0.0,0.0,0.0,4,1.370625632411186e-05,
1,random_matched,13.0,10217,3,0.029362826661446607,1.6589121652562591e-06,0.01904036557501904,22749,0.26405919692390617,
1,random,14.0,10217,0,0.0,0.0,0.0,6,3.471637920722821e-05,
1,random_matched,14.0,10217,3,0.029362826661446607,1.6589121652562591e-06,0.01904036557501904,22749,0.26405919692390617,
1,random,15.0,10217,0,0.0,0.0,0.0,4,4.297885841326415e-06,
1,random_matched,15.0,10217,3,0.029362826661446607,1.6589121652562591e-06,0.01904036557501904,22749,0.26405919692390617,
1,random,16.0,10217,0,0.0,0.0,0.0,102,0.000348285876743559,
1,random_matched,16.0,10217,0,0.0,0.0,0.0,24236,0.02153108283067403,
1,random,17.0,10217,0,0.0,0.0,0.0,4,0.00012014717649929551,
1,random_matched,17.0,10217,3,0.029362826661446607,1.6589121652562591e-06,0.01904036557501904,22749,0.26405919692390617,
1,random,18.0,10217,0,0.0,0.0,0.0,2,3.8407990162518183e-07,
1,random_matched,18.0,10217,0,0.0,0.0,0.0,24236,0.02153108283067403,
1,random,19.0,10217,0,0.0,0.0,0.0,3,1.4856908921955897e-05,
1,random_matched,19.0,10217,0,0.0,0.0,0.0,24236,0.02153108283067403,
1,random,20.0,10217,0,0.0,0.0,0.0,3,1.6886818815255929e-06,
1,random_matched,20.0,10217,0,0.0,0.0,0.0,30672,0.005696850856892226,
1,random,21.0,10217,0,0.0,0.0,0.0,2,1.40300261585397e-06,
1,random_matched,21.0,10217,3,0.029362826661446607,1.6589121652562591e-06,0.01904036557501904,22749,0.26405919692390617,
1,random,22.0,10217,0,0.0,0.0,0.0,2,3.294834197412717e-06,
1,random_matched,22.0,10217,0,0.0,0.0,0.0,24236,0.02153108283067403,
1,random,23.0,10217,0,0.0,0.0,0.0,17,0.0313615698222018,
1,random_matched,23.0,10217,3,0.029362826661446607,1.6589121652562591e-06,0.01904036557501904,22749,0.26405919692390617,
1,random,24.0,10217,0,0.0,0.0,0.0,2,9.205220782752292e-07,
1,random_matched,24.0,10217,0,0.0,0.0,0.0,30672,0.005696850856892226,
1,random,25.0,10217,0,0.0,0.0,0.0,2,4.2534468444441624e-07,
1,random_matched,25.0,10217,0,0.0,0.0,0.0,30672,0.005696850856892226,
1,random,26.0,10217,0,0.0,0.0,0.0,2,2.0346712143945583e-06,
1,random_matched,26.0,10217,0,0.0,0.0,0.0,24236,0.02153108283067403,
1,random,27.0,10217,0,0.0,0.0,0.0,2,2.574287605107624e-06,
1,random_matched,27.0,10217,3,0.029362826661446607,1.6589121652562591e-06,0.01904036557501904,22749,0.26405919692390617,
1,random,28.0,10217,0,0.0,0.0,0.0,3,8.621165395156974e-06,
1,random_matched,28.0,10217,3,0.029362826661446607,1.6589121652562591e-06,0.01904036557501904,22749,0.26405919692390617,
1,random,29.0,10217,0,0.0,0.0,0.0,3,2.396531617578614e-07,
1,random_matched,29.0,10217,0,0.0,0.0,0.0,30672,0.005696850856892226,
1,random,30.0,10217,0,0.0,0.0,0.0,63,0.0003987685772017978,
1,random_matched,30.0,10217,0,0.0,0.0,0.0,30672,0.005696850856892226,
1,random,31.0,10217,0,0.0,0.0,0.0,2,2.2409951284907306e-06,
1,random_matched,31.0,10217,3,0.029362826661446607,1.6589121652562591e-06,0.01904036557501904,22749,0.26405919692390617,
1,random,32.0,10217,0,0.0,0.0,0.0,2,9.840063595355898e-08,
1,random_matched,32.0,10217,0,0.0,0.0,0.0,30672,0.005696850856892226,
1,random,33.0,10217,0,0.0,0.0,0.0,2,2.1425944925371713e-06,
1,random_matched,33.0,10217,0,0.0,0.0,0.0,24236,0.02153108283067403,
1,random,34.0,10217,0,0.0,0.0,0.0,2,3.083907672925169e-05,
1,random_matched,34.0,10217,0,0.0,0.0,0.0,30672,0.005696850856892226,
1,random,35.0,10217,0,0.0,0.0,0.0,2,4.285188985074343e-08,
1,random_matched,35.0,10217,0,0.0,0.0,0.0,24236,0.02153108283067403,
1,random,36.0,10217,0,0.0,0.0,0.0,2,2.1314847433166083e-06,
1,random_matched,36.0,10217,0,0.0,0.0,0.0,30672,0.005696850856892226,
1,random,37.0,10217,0,0.0,0.0,0.0,2,1.1585881330015816e-07,
1,random_matched,37.0,10217,3,0.029362826661446607,1.6589121652562591e-06,0.01904036557501904,22749,0.26405919692390617,
1,random,38.0,10217,0,0.0,0.0,0.0,46,0.0011895335459019443,
1,random_matched,38.0,10217,0,0.0,0.0,0.0,24236,0.02153108283067403,
1,random,39.0,10217,0,0.0,0.0,0.0,134,0.0033256669257138425,
1,random_matched,39.0,10217,0,0.0,0.0,0.0,24236,0.02153108283067403,
1,random,40.0,10217,0,0.0,0.0,0.0,2,2.5235001800993354e-07,
1,random_matched,40.0,10217,3,0.029362826661446607,1.6589121652562591e-06,0.01904036557501904,22749,0.26405919692390617,
1,random,41.0,10217,0,0.0,0.0,0.0,4,2.3419351356947037e-05,
1,random_matched,41.0,10217,3,0.029362826661446607,1.6589121652562591e-06,0.01904036557501904,22749,0.26405919692390617,
1,random,42.0,10217,0,0.0,0.0,0.0,2,2.904405867661499e-06,
1,random_matched,42.0,10217,3,0.029362826661446607,1.6589121652562591e-06,0.01904036557501904,22749,0.26405919692390617,
1,random,43.0,10217,0,0.0,0.0,0.0,2,2.6203137090213852e-06,
1,random_matched,43.0,10217,0,0.0,0.0,0.0,24236,0.02153108283067403,
1,random,44.0,10217,0,0.0,0.0,0.0,3,4.07886507097817e-06,
1,random_matched,44.0,10217,0,0.0,0.0,0.0,30672,0.005696850856892226,
1,random,45.0,10217,0,0.0,0.0,0.0,7,8.976677370214993e-06,
1,random_matched,45.0,10217,0,0.0,0.0,0.0,24236,0.02153108283067403,
1,random,46.0,10217,0,0.0,0.0,0.0,2,1.107800707993293e-06,
1,random_matched,46.0,10217,3,0.029362826661446607,1.6589121652562591e-06,0.01904036557501904,22749,0.26405919692390617,
1,random,47.0,10217,0,0.0,0.0,0.0,2,2.7742630910777596e-06,
1,random_matched,47.0,10217,3,0.029362826661446607,1.6589121652562591e-06,0.01904036557501904,22749,0.26405919692390617,
1,random,48.0,10217,0,0.0,0.0,0.0,932,0.0027664545244827352,
1,random_matched,48.0,10217,0,0.0,0.0,0.0,24236,0.02153108283067403,
1,random,49.0,10217,0,0.0,0.0,0.0,2,0.0003042468308332468,
1,random_matched,49.0,10217,0,0.0,0.0,0.0,24236,0.02153108283067403,
1,random,50.0,10217,0,0.0,0.0,0.0,2,3.205956203648212e-07,
1,random_matched,50.0,10217,3,0.029362826661446607,1.6589121652562591e-06,0.01904036557501904,22749,0.26405919692390617,
1,random,51.0,10217,0,0.0,0.0,0.0,2,3.0266131090876933e-06,
1,random_matched,51.0,10217,3,0.029362826661446607,1.6589121652562591e-06,0.01904036557501904,22749,0.26405919692390617,
1,random,52.0,10217,0,0.0,0.0,0.0,3,1.0201923998539954e-05,
1,random_matched,52.0,10217,0,0.0,0.0,0.0,24236,0.02153108283067403,
1,random,53.0,10217,0,0.0,0.0,0.0,3,1.4331576494526414e-06,
1,random_matched,53.0,10217,0,0.0,0.0,0.0,30672,0.005696850856892226,
1,random,54.0,10217,0,0.0,0.0,0.0,2,2.380184415154071e-05,
1,random_matched,54.0,10217,0,0.0,0.0,0.0,30672,0.005696850856892226,
1,random,55.0,10217,0,0.0,0.0,0.0,12,0.00034908736579447103,
1,random_matched,55.0,10217,3,0.029362826661446607,1.6589121652562591e-06,0.01904036557501904,22749,0.26405919692390617,
1,random,56.0,10217,0,0.0,0.0,0.0,49,0.0014352796115537688,
1,random_matched,56.0,10217,3,0.029362826661446607,1.6589121652562591e-06,0.01904036557501904,22749,0.26405919692390617,
1,random,57.0,10217,0,0.0,0.0,0.0,7,0.00011089751671966097,
1,random_matched,57.0,10217,3,0.029362826661446607,1.6589121652562591e-06,0.01904036557501904,22749,0.26405919692390617,
1,random,58.0,10217,0,0.0,0.0,0.0,4,2.586825750656545e-05,
1,random_matched,58.0,10217,0,0.0,0.0,0.0,30672,0.005696850856892226,
1,random,59.0,10217,0,0.0,0.0,0.0,2,1.6426557776118313e-06,
1,random_matched,59.0,10217,0,0.0,0.0,0.0,24236,0.02153108283067403,
1,random,60.0,10217,0,0.0,0.0,0.0,2,6.459525618241694e-07,
1,random_matched,60.0,10217,0,0.0,0.0,0.0,30672,0.005696850856892226,
1,random,61.0,10217,0,0.0,0.0,0.0,5,9.389325198407337e-06,
1,random_matched,61.0,10217,0,0.0,0.0,0.0,24236,0.02153108283067403,
1,random,62.0,10217,0,0.0,0.0,0.0,4,3.7773147349914577e-06,
1,random_matched,62.0,10217,0,0.0,0.0,0.0,24236,0.02153108283067403,
1,random,63.0,10217,0,0.0,0.0,0.0,2,5.462822402454033e-06,
1,random_matched,63.0,10217,0,0.0,0.0,0.0,24236,0.02153108283067403,
1,random,64.0,10217,0,0.0,0.0,0.0,96,3.7450964622518244e-05,
1,random_matched,64.0,10217,3,0.029362826661446607,1.6589121652562591e-06,0.01904036557501904,22749,0.26405919692390617,
1,random,65.0,10217,0,0.0,0.0,0.0,2,1.19175866996012e-05,
1,random_matched,65.0,10217,0,0.0,0.0,0.0,30672,0.005696850856892226,
1,random,66.0,10217,0,0.0,0.0,0.0,2,1.2934922306798479e-06,
1,random_matched,66.0,10217,3,0.029362826661446607,1.6589121652562591e-06,0.01904036557501904,22749,0.26405919692390617,
1,random,67.0,10217,0,0.0,0.0,0.0,3,8.168839891176905e-06,
1,random_matched,67.0,10217,0,0.0,0.0,0.0,24236,0.02153108283067403,
1,random,68.0,10217,0,0.0,0.0,0.0,13,0.0024421117444165213,
1,random_matched,68.0,10217,0,0.0,0.0,0.0,24236,0.02153108283067403,
1,random,69.0,10217,0,0.0,0.0,0.0,2,3.777632156397759e-05,
1,random_matched,69.0,10217,0,0.0,0.0,0.0,24236,0.02153108283067403,
1,random,70.0,10217,0,0.0,0.0,0.0,2,6.380170266666244e-07,
1,random_matched,70.0,10217,0,0.0,0.0,0.0,24236,0.02153108283067403,
1,random,71.0,10217,0,0.0,0.0,0.0,2,4.4756418288554245e-07,
1,random_matched,71.0,10217,0,0.0,0.0,0.0,30672,0.005696850856892226,
1,random,72.0,10217,0,0.0,0.0,0.0,3,5.923083441591647e-06,
1,random_matched,72.0,10217,3,0.029362826661446607,1.6589121652562591e-06,0.01904036557501904,22749,0.26405919692390617,
1,random,73.0,10217,0,0.0,0.0,0.0,2,0.0003465051426542059,
1,random_matched,73.0,10217,0,0.0,0.0,0.0,24236,0.02153108283067403,
1,random,74.0,10217,0,0.0,0.0,0.0,4,4.043948716284972e-06,
1,random_matched,74.0,10217,3,0.029362826661446607,1.6589121652562591e-06,0.01904036557501904,22749,0.26405919692390617,
1,random,75.0,10217,0,0.0,0.0,0.0,2,1.4775966463348937e-06,
1,random_matched,75.0,10217,0,0.0,0.0,0.0,30672,0.005696850856892226,
1,random,76.0,10217,0,0.0,0.0,0.0,8,1.5252098572801643e-06,
1,random_matched,76.0,10217,3,0.029362826661446607,1.6589121652562591e-06,0.01904036557501904,22749,0.26405919692390617,
1,random,77.0,10217,0,0.0,0.0,0.0,12,0.005684165110389374,
1,random_matched,77.0,10217,3,0.029362826661446607,1.6589121652562591e-06,0.01904036557501904,22749,0.26405919692390617,
1,random,78.0,10217,0,0.0,0.0,0.0,2,2.4152594805504203e-05,
1,random_matched,78.0,10217,0,0.0,0.0,0.0,24236,0.02153108283067403,
1,random,79.0,10217,0,0.0,0.0,0.0,3,3.178975384112559e-06,
1,random_matched,79.0,10217,3,0.029362826661446607,1.6589121652562591e-06,0.01904036557501904,22749,0.26405919692390617,
1,random,80.0,10217,0,0.0,0.0,0.0,8,3.4392609372800375e-06,
1,random_matched,80.0,10217,3,0.029362826661446607,1.6589121652562591e-06,0.01904036557501904,22749,0.26405919692390617,
1,random,81.0,10217,0,0.0,0.0,0.0,4,0.3280726101459297,
1,random_matched,81.0,10217,0,0.0,0.0,0.0,24236,0.02153108283067403,
1,random,82.0,10217,0,0.0,0.0,0.0,2,2.539371250414425e-07,
1,random_matched,82.0,10217,3,0.029362826661446607,1.6589121652562591e-06,0.01904036557501904,22749,0.26405919692390617,
1,random,83.0,10217,0,0.0,0.0,0.0,2,0.0065481084100983385,
1,random_matched,83.0,10217,0,0.0,0.0,0.0,30672,0.005696850856892226,
1,random,84.0,10217,0,0.0,0.0,0.0,3,1.7021722912934194e-05,
1,random_matched,84.0,10217,3,0.029362826661446607,1.6589121652562591e-06,0.01904036557501904,22749,0.26405919692390617,
1,random,85.0,10217,0,0.0,0.0,0.0,4,0.0008252781982073416,
1,random_matched,85.0,10217,0,0.0,0.0,0.0,30672,0.005696850856892226,
1,random,86.0,10217,0,0.0,0.0,0.0,2,1.5553648908788356e-07,
1,random_matched,86.0,10217,0,0.0,0.0,0.0,24236,0.02153108283067403,
1,random,87.0,10217,0,0.0,0.0,0.0,2,1.301427765837393e-06,
1,random_matched,87.0,10217,0,0.0,0.0,0.0,24236,0.02153108283067403,
1,random,88.0,10217,0,0.0,0.0,0.0,2,3.0155033598671303e-06,
1,random_matched,88.0,10217,0,0.0,0.0,0.0,30672,0.005696850856892226,
1,random,89.0,10217,0,0.0,0.0,0.0,7,6.98327093863967e-07,
1,random_matched,89.0,10217,0,0.0,0.0,0.0,24236,0.02153108283067403,
1,random,90.0,10217,0,0.0,0.0,0.0,2,7.400680087926541e-06,
1,random_matched,90.0,10217,0,0.0,0.0,0.0,24236,0.02153108283067403,
1,random,91.0,10217,0,0.0,0.0,0.0,2,7.818089237213412e-06,
1,random_matched,91.0,10217,0,0.0,0.0,0.0,30672,0.005696850856892226,
1,random,92.0,10217,0,0.0,0.0,0.0,3,0.0004323231940619614,
1,random_matched,92.0,10217,0,0.0,0.0,0.0,24236,0.02153108283067403,
1,random,93.0,10217,0,0.0,0.0,0.0,3,3.613842710746029e-06,
1,random_matched,93.0,10217,3,0.029362826661446607,1.6589121652562591e-06,0.01904036557501904,22749,0.26405919692390617,
1,random,94.0,10217,0,0.0,0.0,0.0,3,6.350015233067573e-06,
1,random_matched,94.0,10217,0,0.0,0.0,0.0,30672,0.005696850856892226,
1,random,95.0,10217,0,0.0,0.0,0.0,2,3.842386123283327e-06,
1,random_matched,95.0,10217,0,0.0,0.0,0.0,24236,0.02153108283067403,
1,random,96.0,10217,0,0.0,0.0,0.0,2,3.4757643990047447e-07,
1,random_matched,96.0,10217,3,0.029362826661446607,1.6589121652562591e-06,0.01904036557501904,22749,0.26405919692390617,
1,random,97.0,10217,0,0.0,0.0,0.0,4,9.420749917631216e-05,
1,random_matched,97.0,10217,3,0.029362826661446607,1.6589121652562591e-06,0.01904036557501904,22749,0.26405919692390617,
1,random,98.0,10217,0,0.0,0.0,0.0,6,3.9487222943944315e-05,
1,random_matched,98.0,10217,3,0.029362826661446607,1.6589121652562591e-06,0.01904036557501904,22749,0.26405919692390617,
1,random,99.0,10217,0,0.0,0.0,0.0,4,3.855082979535399e-06,
1,random_matched,99.0,10217,0,0.0,0.0,0.0,24236,0.02153108283067403,
1,random,100.0,10217,0,0.0,0.0,0.0,2,2.1584655628522616e-07,
1,random_matched,100.0,10217,3,0.029362826661446607,1.6589121652562591e-06,0.01904036557501904,22749,0.26405919692390617,
1,random,101.0,10217,0,0.0,0.0,0.0,2,7.856179805969628e-07,
1,random_matched,101.0,10217,3,0.029362826661446607,1.6589121652562591e-06,0.01904036557501904,22749,0.26405919692390617,
1,random,102.0,10217,0,0.0,0.0,0.0,2,2.391770296484087e-06,
1,random_matched,102.0,10217,0,0.0,0.0,0.0,30672,0.005696850856892226,
1,random,103.0,10217,0,0.0,0.0,0.0,2,0.0008795874137185486,
1,random_matched,103.0,10217,0,0.0,0.0,0.0,30672,0.005696850856892226,
1,random,104.0,10217,0,0.0,0.0,0.0,4,6.053226218175387e-06,
1,random_matched,104.0,10217,3,0.029362826661446607,1.6589121652562591e-06,0.01904036557501904,22749,0.26405919692390617,
1,random,105.0,10217,0,0.0,0.0,0.0,2,5.08032960786036e-06,
1,random_matched,105.0,10217,0,0.0,0.0,0.0,24236,0.02153108283067403,
1,random,106.0,10217,0,0.0,0.0,0.0,4,6.318273092437392e-06,
1,random_matched,106.0,10217,3,0.029362826661446607,1.6589121652562591e-06,0.01904036557501904,22749,0.26405919692390617,
1,random,107.0,10217,0,0.0,0.0,0.0,4,2.043241592364707e-05,
1,random_matched,107.0,10217,0,0.0,0.0,0.0,24236,0.02153108283067403,
1,random,108.0,10217,0,0.0,0.0,0.0,2,3.8138181967161653e-06,
1,random_matched,108.0,10217,3,0.029362826661446607,1.6589121652562591e-06,0.01904036557501904,22749,0.26405919692390617,
1,random,109.0,10217,0,0.0,0.0,0.0,2,5.904038157213539e-06,
1,random_matched,109.0,10217,0,0.0,0.0,0.0,24236,0.02153108283067403,
1,random,110.0,10217,0,0.0,0.0,0.0,2,1.0286040671209931e-05,
1,random_matched,110.0,10217,3,0.029362826661446607,1.6589121652562591e-06,0.01904036557501904,22749,0.26405919692390617,
1,random,111.0,10217,0,0.0,0.0,0.0,2,2.6695140269981647e-06,
1,random_matched,111.0,10217,0,0.0,0.0,0.0,30672,0.005696850856892226,
1,random,112.0,10217,0,0.0,0.0,0.0,3,2.702843274659854e-06,
1,random_matched,112.0,10217,0,0.0,0.0,0.0,30672,0.005696850856892226,
1,random,113.0,10217,0,0.0,0.0,0.0,2,2.002770363061227e-05,
1,random_matched,113.0,10217,0,0.0,0.0,0.0,30672,0.005696850856892226,
1,random,114.0,10217,0,0.0,0.0,0.0,2,1.3236472642785193e-06,
1,random_matched,114.0,10217,3,0.029362826661446607,1.6589121652562591e-06,0.01904036557501904,22749,0.26405919692390617,
1,random,115.0,10217,0,0.0,0.0,0.0,2,2.571113391044606e-06,
1,random_matched,115.0,10217,3,0.029362826661446607,1.6589121652562591e-06,0.01904036557501904,22749,0.26405919692390617,
1,random,116.0,10217,0,0.0,0.0,0.0,2,2.206078773797532e-07,
1,random_matched,116.0,10217,0,0.0,0.0,0.0,30672,0.005696850856892226,
1,random,117.0,10217,0,0.0,0.0,0.0,2,1.6188491721391961e-07,
1,random_matched,117.0,10217,3,0.029362826661446607,1.6589121652562591e-06,0.01904036557501904,22749,0.26405919692390617,
1,random,118.0,10217,0,0.0,0.0,0.0,6,0.0005501516071882223,
1,random_matched,118.0,10217,3,0.029362826661446607,1.6589121652562591e-06,0.01904036557501904,22749,0.26405919692390617,
1,random,119.0,10217,0,0.0,0.0,0.0,2,1.8378699424874404e-06,
1,random_matched,119.0,10217,3,0.029362826661446607,1.6589121652562591e-06,0.01904036557501904,22749,0.26405919692390617,
1,random,120.0,10217,0,0.0,0.0,0.0,3,9.125865431176841e-07,
1,random_matched,120.0,10217,3,0.029362826661446607,1.6589121652562591e-06,0.01904036557501904,22749,0.26405919692390617,
1,random,121.0,10217,0,0.0,0.0,0.0,2,7.157852712105662e-07,
1,random_matched,121.0,10217,0,0.0,0.0,0.0,24236,0.02153108283067403,
1,random,122.0,10217,0,0.0,0.0,0.0,2,3.0329615372137294e-06,
1,random_matched,122.0,10217,3,0.029362826661446607,1.6589121652562591e-06,0.01904036557501904,22749,0.26405919692390617,
1,random,123.0,10217,0,0.0,0.0,0.0,2,2.3282860152237264e-06,
1,random_matched,123.0,10217,3,0.029362826661446607,1.6589121652562591e-06,0.01904036557501904,22749,0.26405919692390617,
1,random,124.0,10217,0,0.0,0.0,0.0,5,4.69307549217216e-06,
1,random_matched,124.0,10217,3,0.029362826661446607,1.6589121652562591e-06,0.01904036557501904,22749,0.26405919692390617,
1,random,125.0,10217,0,0.0,0.0,0.0,3,8.665604392039226e-07,
1,random_matched,125.0,10217,3,0.029362826661446607,1.6589121652562591e-06,0.01904036557501904,22749,0.26405919692390617,
1,random,126.0,10217,0,0.0,0.0,0.0,7,5.3310925188387845e-05,
1,random_matched,126.0,10217,0,0.0,0.0,0.0,30672,0.005696850856892226,
1,random,127.0,10217,0,0.0,0.0,0.0,2,4.697836813266687e-07,
1,random_matched,127.0,10217,0,0.0,0.0,0.0,30672,0.005696850856892226,
1,random,128.0,10217,0,0.0,0.0,0.0,2,3.945548080331413e-06,
1,random_matched,128.0,10217,0,0.0,0.0,0.0,24236,0.02153108283067403,
1,random,129.0,10217,0,0.0,0.0,0.0,2,4.0629940006630804e-07,
1,random_matched,129.0,10217,0,0.0,0.0,0.0,24236,0.02153108283067403,
1,random,130.0,10217,0,0.0,0.0,0.0,2,1.3522151908456815e-06,
1,random_matched,130.0,10217,0,0.0,0.0,0.0,24236,0.02153108283067403,
1,random,131.0,10217,0,0.0,0.0,0.0,2,1.7616888049750076e-07,
1,random_matched,131.0,10217,0,0.0,0.0,0.0,24236,0.02153108283067403,
1,random,132.0,10217,0,0.0,0.0,0.0,2,8.776701884244858e-06,
1,random_matched,132.0,10217,0,0.0,0.0,0.0,30672,0.005696850856892226,
1,random,133.0,10217,0,0.0,0.0,0.0,2,1.8886573674957287e-07,
1,random_matched,133.0,10217,3,0.029362826661446607,1.6589121652562591e-06,0.01904036557501904,22749,0.26405919692390617,
1,random,134.0,10217,0,0.0,0.0,0.0,2,1.4426802916416954e-06,
1,random_matched,134.0,10217,3,0.029362826661446607,1.6589121652562591e-06,0.01904036557501904,22749,0.26405919692390617,
1,random,135.0,10217,0,0.0,0.0,0.0,2,1.90294133077931e-06,
1,random_matched,135.0,10217,0,0.0,0.0,0.0,24236,0.02153108283067403,
1,random,136.0,10217,0,0.0,0.0,0.0,3,4.153459101459094e-06,
1,random_matched,136.0,10217,0,0.0,0.0,0.0,30672,0.005696850856892226,
1,random,137.0,10217,0,0.0,0.0,0.0,2,2.8631410848422647e-06,
1,random_matched,137.0,10217,3,0.029362826661446607,1.6589121652562591e-06,0.01904036557501904,22749,0.26405919692390617,
1,random,138.0,10217,0,0.0,0.0,0.0,4,8.152968820861815e-06,
1,random_matched,138.0,10217,0,0.0,0.0,0.0,24236,0.02153108283067403,
1,random,139.0,10217,0,0.0,0.0,0.0,3,2.8504442285901924e-06,
1,random_matched,139.0,10217,0,0.0,0.0,0.0,24236,0.02153108283067403,
1,random,140.0,10217,0,0.0,0.0,0.0,2,2.2378209144277122e-07,
1,random_matched,140.0,10217,3,0.029362826661446607,1.6589121652562591e-06,0.01904036557501904,22749,0.26405919692390617,
1,random,141.0,10217,0,0.0,0.0,0.0,2,7.665726962188546e-07,
1,random_matched,141.0,10217,3,0.029362826661446607,1.6589121652562591e-06,0.01904036557501904,22749,0.26405919692390617,
1,random,142.0,10217,0,0.0,0.0,0.0,2,2.202904559734514e-06,
1,random_matched,142.0,10217,0,0.0,0.0,0.0,30672,0.005696850856892226,
1,random,143.0,10217,0,0.0,0.0,0.0,2,2.2774985902154377e-06,
1,random_matched,143.0,10217,0,0.0,0.0,0.0,24236,0.02153108283067403,
1,random,144.0,10217,0,0.0,0.0,0.0,2,1.307776193963429e-06,
1,random_matched,144.0,10217,3,0.029362826661446607,1.6589121652562591e-06,0.01904036557501904,22749,0.26405919692390617,
1,random,145.0,10217,0,0.0,0.0,0.0,2,1.2220724142619421e-07,
1,random_matched,145.0,10217,0,0.0,0.0,0.0,24236,0.02153108283067403,
1,random,146.0,10217,0,0.0,0.0,0.0,2,2.9053581318804045e-05,
1,random_matched,146.0,10217,3,0.029362826661446607,1.6589121652562591e-06,0.01904036557501904,22749,0.26405919692390617,
1,random,147.0,10217,0,0.0,0.0,0.0,2,3.323402123979879e-06,
1,random_matched,147.0,10217,3,0.029362826661446607,1.6589121652562591e-06,0.01904036557501904,22749,0.26405919692390617,
1,random,148.0,10217,0,0.0,0.0,0.0,3,1.301427765837393e-07,
1,random_matched,148.0,10217,0,0.0,0.0,0.0,24236,0.02153108283067403,
1,random,149.0,10217,0,0.0,0.0,0.0,5,7.051516540994558e-06,
1,random_matched,149.0,10217,0,0.0,0.0,0.0,30672,0.005696850856892226,
1,random,150.0,10217,0,0.0,0.0,0.0,5,6.729333813598227e-07,
1,random_matched,150.0,10217,0,0.0,0.0,0.0,30672,0.005696850856892226,
1,random,151.0,10217,0,0.0,0.0,0.0,3,6.811863379236696e-06,
1,random_matched,151.0,10217,0,0.0,0.0,0.0,24236,0.02153108283067403,
1,random,152.0,10217,0,0.0,0.0,0.0,2,3.937612545173868e-06,
1,random_matched,152.0,10217,0,0.0,0.0,0.0,30672,0.005696850856892226,
1,random,153.0,10217,0,0.0,0.0,0.0,3,0.0016028543074756484,
1,random_matched,153.0,10217,3,0.029362826661446607,1.6589121652562591e-06,0.01904036557501904,22749,0.26405919692390617,
1,random,154.0,10217,0,0.0,0.0,0.0,3,2.4055781276582152e-05,
1,random_matched,154.0,10217,0,0.0,0.0,0.0,24236,0.02153108283067403,
1,random,155.0,10217,0,0.0,0.0,0.0,3,2.465412062746105e-05,
1,random_matched,155.0,10217,0,0.0,0.0,0.0,30672,0.005696850856892226,
1,random,156.0,10217,0,0.0,0.0,0.0,2,2.0727617831507747e-06,
1,random_matched,156.0,10217,0,0.0,0.0,0.0,30672,0.005696850856892226,
1,random,157.0,10217,0,0.0,0.0,0.0,26,0.009011638163905074,
1,random_matched,157.0,10217,0,0.0,0.0,0.0,30672,0.005696850856892226,
1,random,158.0,10217,0,0.0,0.0,0.0,2,2.215601415986586e-06,
1,random_matched,158.0,10217,3,0.029362826661446607,1.6589121652562591e-06,0.01904036557501904,22749,0.26405919692390617,
1,random,159.0,10217,0,0.0,0.0,0.0,2,1.501403251807529e-06,
1,random_matched,159.0,10217,3,0.029362826661446607,1.6589121652562591e-06,0.01904036557501904,22749,0.26405919692390617,
1,random,160.0,10217,0,0.0,0.0,0.0,2,0.002341381235340707,
1,random_matched,160.0,10217,0,0.0,0.0,0.0,24236,0.02153108283067403,
1,random,161.0,10217,0,0.0,0.0,0.0,11,0.00035126805085576444,
1,random_matched,161.0,10217,0,0.0,0.0,0.0,24236,0.02153108283067403,
1,random,162.0,10217,0,0.0,0.0,0.0,3,6.27383409555514e-06,
1,random_matched,162.0,10217,0,0.0,0.0,0.0,30672,0.005696850856892226,
1,random,163.0,10217,0,0.0,0.0,0.0,3,7.587958717644605e-06,
1,random_matched,163.0,10217,3,0.029362826661446607,1.6589121652562591e-06,0.01904036557501904,22749,0.26405919692390617,
1,random,164.0,10217,0,0.0,0.0,0.0,3,6.092903893963112e-06,
1,random_matched,164.0,10217,0,0.0,0.0,0.0,30672,0.005696850856892226,
1,random,165.0,10217,0,0.0,0.0,0.0,27,6.885981277608167e-05,
1,random_matched,165.0,10217,0,0.0,0.0,0.0,24236,0.02153108283067403,
1,random,166.0,10217,0,0.0,0.0,0.0,2,5.777069594692818e-07,
1,random_matched,166.0,10217,3,0.029362826661446607,1.6589121652562591e-06,0.01904036557501904,22749,0.26405919692390617,
1,random,167.0,10217,0,0.0,0.0,0.0,3,1.0557435973597973e-05,
1,random_matched,167.0,10217,0,0.0,0.0,0.0,30672,0.005696850856892226,
1,random,168.0,10217,0,0.0,0.0,0.0,2,3.910631725638215e-06,
1,random_matched,168.0,10217,0,0.0,0.0,0.0,30672,0.005696850856892226,
1,random,169.0,10217,0,0.0,0.0,0.0,49,0.000147340668377171,
1,random_matched,169.0,10217,0,0.0,0.0,0.0,24236,0.02153108283067403,
1,random,170.0,10217,0,0.0,0.0,0.0,2,9.951161087561529e-07,
1,random_matched,170.0,10217,3,0.029362826661446607,1.6589121652562591e-06,0.01904036557501904,22749,0.26405919692390617,
1,random,171.0,10217,0,0.0,0.0,0.0,4,4.026966671047826e-05,
1,random_matched,171.0,10217,0,0.0,0.0,0.0,30672,0.005696850856892226,
1,random,172.0,10217,0,0.0,0.0,0.0,2,9.816256989883262e-06,
1,random_matched,172.0,10217,0,0.0,0.0,0.0,30672,0.005696850856892226,
1,random,173.0,10217,0,0.0,0.0,0.0,3,5.695809714679556e-05,
1,random_matched,173.0,10217,0,0.0,0.0,0.0,30672,0.005696850856892226,
1,random,174.0,10217,0,0.0,0.0,0.0,2,1.9870580034492877e-06,
1,random_matched,174.0,10217,3,0.029362826661446607,1.6589121652562591e-06,0.01904036557501904,22749,0.26405919692390617,
1,random,175.0,10217,0,0.0,0.0,0.0,4,2.380184415154071e-05,
1,random_matched,175.0,10217,0,0.0,0.0,0.0,24236,0.02153108283067403,
1,random,176.0,10217,0,0.0,0.0,0.0,2,2.4409706144608663e-06,
1,random_matched,176.0,10217,3,0.029362826661446607,1.6589121652562591e-06,0.01904036557501904,22749,0.26405919692390617,
1,random,177.0,10217,0,0.0,0.0,0.0,2,1.609326529950142e-06,
1,random_matched,177.0,10217,0,0.0,0.0,0.0,24236,0.02153108283067403,
1,random,178.0,10217,0,0.0,0.0,0.0,3,1.5698075648655676e-05,
1,random_matched,178.0,10217,3,0.029362826661446607,1.6589121652562591e-06,0.01904036557501904,22749,0.26405919692390617,
1,random,179.0,10217,0,0.0,0.0,0.0,2,1.2300079494194874e-06,
1,random_matched,179.0,10217,3,0.029362826661446607,1.6589121652562591e-06,0.01904036557501904,22749,0.26405919692390617,
1,random,180.0,10217,0,0.0,0.0,0.0,2,8.492609725604744e-06,
1,random_matched,180.0,10217,0,0.0,0.0,0.0,24236,0.02153108283067403,
1,random,181.0,10217,0,0.0,0.0,0.0,3,0.001640200523034087,
1,random_matched,181.0,10217,3,0.029362826661446607,1.6589121652562591e-06,0.01904036557501904,22749,0.26405919692390617,
1,random,182.0,10217,0,0.0,0.0,0.0,23,0.0005320252577813578,
1,random_matched,182.0,10217,0,0.0,0.0,0.0,30672,0.005696850856892226,
1,random,183.0,10217,0,0.0,0.0,0.0,3,1.620594989873856e-05,
1,random_matched,183.0,10217,3,0.029362826661446607,1.6589121652562591e-06,0.01904036557501904,22749,0.26405919692390617,
1,random,184.0,10217,0,0.0,0.0,0.0,2,1.3299956924045552e-06,
1,random_matched,184.0,10217,0,0.0,0.0,0.0,30672,0.005696850856892226,
1,random,185.0,10217,0,0.0,0.0,0.0,4,1.2531797120795188e-05,
1,random_matched,185.0,10217,0,0.0,0.0,0.0,30672,0.005696850856892226,
1,random,186.0,10217,0,0.0,0.0,0.0,4,4.399619402046143e-05,
1,random_matched,186.0,10217,0,0.0,0.0,0.0,24236,0.02153108283067403,
1,random,187.0,10217,0,0.0,0.0,0.0,2,1.6823334533995567e-07,
1,random_matched,187.0,10217,0,0.0,0.0,0.0,30672,0.005696850856892226,
1,random,188.0,10217,0,0.0,0.0,0.0,31,0.0009941035344700501,
1,random_matched,188.0,10217,0,0.0,0.0,0.0,30672,0.005696850856892226,
1,random,189.0,10217,0,0.0,0.0,0.0,3,8.427538337312874e-07,
1,random_matched,189.0,10217,0,0.0,0.0,0.0,24236,0.02153108283067403,
1,random,190.0,10217,0,0.0,0.0,0.0,2,1.610913636981651e-06,
1,random_matched,190.0,10217,0,0.0,0.0,0.0,24236,0.02153108283067403,
1,random,191.0,10217,0,0.0,0.0,0.0,2,9.792450384410627e-07,
1,random_matched,191.0,10217,3,0.029362826661446607,1.6589121652562591e-06,0.01904036557501904,22749,0.26405919692390617,
1,random,192.0,10217,0,0.0,0.0,0.0,2,1.2855566955223027e-07,
1,random_matched,192.0,10217,0,0.0,0.0,0.0,24236,0.02153108283067403,
1,random,193.0,10217,0,0.0,0.0,0.0,5,1.8662791583514518e-05,
1,random_matched,193.0,10217,0,0.0,0.0,0.0,24236,0.02153108283067403,
1,random,194.0,10217,0,0.0,0.0,0.0,2,4.310582697578487e-05,
1,random_matched,194.0,10217,3,0.029362826661446607,1.6589121652562591e-06,0.01904036557501904,22749,0.26405919692390617,
1,random,195.0,10217,0,0.0,0.0,0.0,2,4.626416996848781e-06,
1,random_matched,195.0,10217,0,0.0,0.0,0.0,30672,0.005696850856892226,
1,random,196.0,10217,0,0.0,0.0,0.0,12,8.057266266861821e-05,
1,random_matched,196.0,10217,3,0.029362826661446607,1.6589121652562591e-06,0.01904036557501904,22749,0.26405919692390617,
1,random,197.0,10217,0,0.0,0.0,0.0,2,1.7918438385736788e-06,
1,random_matched,197.0,10217,3,0.029362826661446607,1.6589121652562591e-06,0.01904036557501904,22749,0.26405919692390617,
1,random,198.0,10217,0,0.0,0.0,0.0,3,6.96739986832458e-07,
1,random_matched,198.0,10217,3,0.029362826661446607,1.6589121652562591e-06,0.01904036557501904,22749,0.26405919692390617,
1,random,199.0,10217,0,0.0,0.0,0.0,2,1.5664746400993985e-06,
1,random_matched,199.0,10217,3,0.029362826661446607,1.6589121652562591e-06,0.01904036557501904,22749,0.26405919692390617,
1,random,200.0,10217,0,0.0,0.0,0.0,2,1.3046019799004111e-06,
1,random_matched,200.0,10217,0,0.0,0.0,0.0,24236,0.02153108283067403,
1,random,201.0,10217,0,0.0,0.0,0.0,9,0.000543496867405105,
1,random_matched,201.0,10217,3,0.029362826661446607,1.6589121652562591e-06,0.01904036557501904,22749,0.26405919692390617,
1,random,202.0,10217,0,0.0,0.0,0.0,3,1.5948838559634102e-05,
1,random_matched,202.0,10217,0,0.0,0.0,0.0,24236,0.02153108283067403,
1,random,203.0,10217,0,0.0,0.0,0.0,3,2.0489551776781394e-06,
1,random_matched,203.0,10217,3,0.029362826661446607,1.6589121652562591e-06,0.01904036557501904,22749,0.26405919692390617,
1,random,204.0,10217,0,0.0,0.0,0.0,21,0.0009424543103436523,
1,random_matched,204.0,10217,0,0.0,0.0,0.0,24236,0.02153108283067403,
1,random,205.0,10217,0,0.0,0.0,0.0,2,2.7456951645105975e-06,
1,random_matched,205.0,10217,3,0.029362826661446607,1.6589121652562591e-06,0.01904036557501904,22749,0.26405919692390617,
1,random,206.0,10217,0,0.0,0.0,0.0,2,9.824192525040807e-06,
1,random_matched,206.0,10217,3,0.029362826661446607,1.6589121652562591e-06,0.01904036557501904,22749,0.26405919692390617,
1,random,207.0,10217,0,0.0,0.0,0.0,282,0.00010938659082566439,
1,random_matched,207.0,10217,0,0.0,0.0,0.0,30672,0.005696850856892226,
1,random,208.0,10217,0,0.0,0.0,0.0,2,1.9267479362519452e-06,
1,random_matched,208.0,10217,3,0.029362826661446607,1.6589121652562591e-06,0.01904036557501904,22749,0.26405919692390617,
1,random,209.0,10217,0,0.0,0.0,0.0,3,3.585274784178867e-06,
1,random_matched,209.0,10217,0,0.0,0.0,0.0,30672,0.005696850856892226,
1,random,210.0,10217,0,0.0,0.0,0.0,3,1.6989980772304015e-05,
1,random_matched,210.0,10217,3,0.029362826661446607,1.6589121652562591e-06,0.01904036557501904,22749,0.26405919692390617,
1,random,211.0,10217,0,0.0,0.0,0.0,4,2.4082762096117808e-05,
1,random_matched,211.0,10217,0,0.0,0.0,0.0,24236,0.02153108283067403,
1,random,212.0,10217,0,0.0,0.0,0.0,2,4.072516642852135e-06,
1,random_matched,212.0,10217,0,0.0,0.0,0.0,24236,0.02153108283067403,
1,random,213.0,10217,0,0.0,0.0,0.0,3,2.3184459516283704e-05,
1,random_matched,213.0,10217,0,0.0,0.0,0.0,24236,0.02153108283067403,
1,random,214.0,10217,0,0.0,0.0,0.0,25,0.008258889169930663,
1,random_matched,214.0,10217,0,0.0,0.0,0.0,30672,0.005696850856892226,
1,random,215.0,10217,0,0.0,0.0,0.0,9,3.4065665324309514e-05,
1,random_matched,215.0,10217,3,0.029362826661446607,1.6589121652562591e-06,0.01904036557501904,22749,0.26405919692390617,
1,random,216.0,10217,0,0.0,0.0,0.0,2,2.634597672304966e-07,
1,random_matched,216.0,10217,3,0.029362826661446607,1.6589121652562591e-06,0.01904036557501904,22749,0.26405919692390617,
1,random,217.0,10217,0,0.0,0.0,0.0,3,6.571892796072533e-05,
1,random_matched,217.0,10217,3,0.029362826661446607,1.6589121652562591e-06,0.01904036557501904,22749,0.26405919692390617,
1,random,218.0,10217,0,0.0,0.0,0.0,8,1.4091923332768551e-05,
1,random_matched,218.0,10217,3,0.029362826661446607,1.6589121652562591e-06,0.01904036557501904,22749,0.26405919692390617,
1,random,219.0,10217,0,0.0,0.0,0.0,3,5.326966040556861e-05,
1,random_matched,219.0,10217,3,0.029362826661446607,1.6589121652562591e-06,0.01904036557501904,22749,0.26405919692390617,
1,random,220.0,10217,0,0.0,0.0,0.0,10,6.4517487937873e-05,
1,random_matched,220.0,10217,3,0.029362826661446607,1.6589121652562591e-06,0.01904036557501904,22749,0.26405919692390617,
1,random,221.0,10217,0,0.0,0.0,0.0,4,1.857708780381303e-05,
1,random_matched,221.0,10217,0,0.0,0.0,0.0,24236,0.02153108283067403,
1,random,222.0,10217,0,0.0,0.0,0.0,2,1.1638255862055614e-05,
1,random_matched,222.0,10217,0,0.0,0.0,0.0,24236,0.02153108283067403,
1,random,223.0,10217,0,0.0,0.0,0.0,2,2.6504687426200566e-07,
1,random_matched,223.0,10217,3,0.029362826661446607,1.6589121652562591e-06,0.01904036557501904,22749,0.26405919692390617,
1,random,224.0,10217,0,0.0,0.0,0.0,4,1.3725301608489968e-05,
1,random_matched,224.0,10217,0,0.0,0.0,0.0,24236,0.02153108283067403,
1,random,225.0,10217,0,0.0,0.0,0.0,2,1.1290679422155139e-05,
1,random_matched,225.0,10217,0,0.0,0.0,0.0,24236,0.02153108283067403,
1,random,226.0,10217,0,0.0,0.0,0.0,5,2.8679024059367916e-06,
1,random_matched,226.0,10217,3,0.029362826661446607,1.6589121652562591e-06,0.01904036557501904,22749,0.26405919692390617,
1,random,227.0,10217,0,0.0,0.0,0.0,8,6.035768040828787e-06,
1,random_matched,227.0,10217,0,0.0,0.0,0.0,24236,0.02153108283067403,
1,random,228.0,10217,0,0.0,0.0,0.0,9,2.0188001440794684e-06,
1,random_matched,228.0,10217,0,0.0,0.0,0.0,24236,0.02153108283067403,
1,random,229.0,10217,0,0.0,0.0,0.0,2,1.6823334533995568e-06,
1,random_matched,229.0,10217,3,0.029362826661446607,1.6589121652562591e-06,0.01904036557501904,22749,0.26405919692390617,
1,random,230.0,10217,0,0.0,0.0,0.0,2,6.507138829186965e-08,
1,random_matched,230.0,10217,0,0.0,0.0,0.0,30672,0.005696850856892226,
1,random,231.0,10217,0,0.0,0.0,0.0,2,9.363931485903193e-08,
1,random_matched,231.0,10217,0,0.0,0.0,0.0,24236,0.02153108283067403,
1,random,232.0,10217,0,0.0,0.0,0.0,9,2.6347563830081172e-05,
1,random_matched,232.0,10217,0,0.0,0.0,0.0,24236,0.02153108283067403,
1,random,233.0,10217,0,0.0,0.0,0.0,4,0.0043378872869485685,
1,random_matched,233.0,10217,0,0.0,0.0,0.0,30672,0.005696850856892226,
1,random,234.0,10217,0,0.0,0.0,0.0,2,2.0124517159534322e-06,
1,random_matched,234.0,10217,3,0.029362826661446607,1.6589121652562591e-06,0.01904036557501904,22749,0.26405919692390617,
1,random,235.0,10217,0,0.0,0.0,0.0,11,1.8553281198340396e-06,
1,random_matched,235.0,10217,0,0.0,0.0,0.0,24236,0.02153108283067403,
1,random,236.0,10217,0,0.0,0.0,0.0,2,1.704552951840683e-06,
1,random_matched,236.0,10217,3,0.029362826661446607,1.6589121652562591e-06,0.01904036557501904,22749,0.26405919692390617,
1,random,237.0,10217,0,0.0,0.0,0.0,6,1.8704056366333753e-05,
1,random_matched,237.0,10217,0,0.0,0.0,0.0,24236,0.02153108283067403,
1,random,238.0,10217,0,0.0,0.0,0.0,2,1.9203995081259092e-07,
1,random_matched,238.0,10217,0,0.0,0.0,0.0,24236,0.02153108283067403,
1,random,239.0,10217,0,0.0,0.0,0.0,3,2.3266989081922173e-05,
1,random_matched,239.0,10217,0,0.0,0.0,0.0,30672,0.005696850856892226,
1,random,240.0,10217,0,0.0,0.0,0.0,3,3.9804644350246115e-06,
1,random_matched,240.0,10217,0,0.0,0.0,0.0,24236,0.02153108283067403,
1,random,241.0,10217,0,0.0,0.0,0.0,2,3.0805747481589996e-06,
1,random_matched,241.0,10217,0,0.0,0.0,0.0,30672,0.005696850856892226,
1,random,242.0,10217,0,0.0,0.0,0.0,3,4.785445121405985e-05,
1,random_matched,242.0,10217,0,0.0,0.0,0.0,30672,0.005696850856892226,
1,random,243.0,10217,0,0.0,0.0,0.0,5,3.0234388950246752e-06,
1,random_matched,243.0,10217,0,0.0,0.0,0.0,24236,0.02153108283067403,
1,random,244.0,10217,0,0.0,0.0,0.0,58,0.0020692399926478563,
1,random_matched,244.0,10217,0,0.0,0.0,0.0,30672,0.005696850856892226,
1,random,245.0,10217,0,0.0,0.0,0.0,2,1.5585391049418536e-06,
1,random_matched,245.0,10217,0,0.0,0.0,0.0,24236,0.02153108283067403,
1,random,246.0,10217,0,0.0,0.0,0.0,3,2.1124394589385e-06,
1,random_matched,246.0,10217,0,0.0,0.0,0.0,30672,0.005696850856892226,
1,random,247.0,10217,0,0.0,0.0,0.0,7,3.7908051447592846e-05,
1,random_matched,247.0,10217,3,0.029362826661446607,1.6589121652562591e-06,0.01904036557501904,22749,0.26405919692390617,
1,random,248.0,10217,0,0.0,0.0,0.0,4,1.5953599880728626e-05,
1,random_matched,248.0,10217,0,0.0,0.0,0.0,24236,0.02153108283067403,
1,random,249.0,10217,0,0.0,0.0,0.0,2,8.506893688888325e-07,
1,random_matched,249.0,10217,3,0.029362826661446607,1.6589121652562591e-06,0.01904036557501904,22749,0.26405919692390617,
1,random,250.0,10217,0,0.0,0.0,0.0,2,3.007567824709585e-06,
1,random_matched,250.0,10217,0,0.0,0.0,0.0,30672,0.005696850856892226,
1,random,251.0,10217,0,0.0,0.0,0.0,5,2.4216079086764562e-05,
1,random_matched,251.0,10217,0,0.0,0.0,0.0,24236,0.02153108283067403,
1,random,252.0,10217,0,0.0,0.0,0.0,8,0.0004917206747161863,
1,random_matched,252.0,10217,0,0.0,0.0,0.0,24236,0.02153108283067403,
1,random,253.0,10217,0,0.0,0.0,0.0,2,1.3490409767826635e-07,
1,random_matched,253.0,10217,0,0.0,0.0,0.0,30672,0.005696850856892226,
1,random,254.0,10217,0,0.0,0.0,0.0,1198,0.06416006032462795,
1,random_matched,254.0,10217,0,0.0,0.0,0.0,24236,0.02153108283067403,
1,random,255.0,10217,0,0.0,0.0,0.0,2,1.01574850016577e-06,
1,random_matched,255.0,10217,3,0.029362826661446607,1.6589121652562591e-06,0.01904036557501904,22749,0.26405919692390617,
1,random,256.0,10217,0,0.0,0.0,0.0,2,2.2362338073962033e-06,
1,random_matched,256.0,10217,3,0.029362826661446607,1.6589121652562591e-06,0.01904036557501904,22749,0.26405919692390617,
1,random,257.0,10217,0,0.0,0.0,0.0,2,1.1966787017577979e-06,
1,random_matched,257.0,10217,3,0.029362826661446607,1.6589121652562591e-06,0.01904036557501904,22749,0.26405919692390617,
1,random,258.0,10217,0,0.0,0.0,0.0,3,4.485164471044479e-06,
1,random_matched,258.0,10217,0,0.0,0.0,0.0,24236,0.02153108283067403,
1,random,259.0,10217,0,0.0,0.0,0.0,13,0.0004941632324376786,
1,random_matched,259.0,10217,0,0.0,0.0,0.0,24236,0.02153108283067403,
1,random,260.0,10217,0,0.0,0.0,0.0,11,2.2181407872370007e-05,
1,random_matched,260.0,10217,3,0.029362826661446607,1.6589121652562591e-06,0.01904036557501904,22749,0.26405919692390617,
1,random,261.0,10217,0,0.0,0.0,0.0,248,0.0002632772499218731,
1,random_matched,261.0,10217,0,0.0,0.0,0.0,24236,0.02153108283067403,
1,random,262.0,10217,0,0.0,0.0,0.0,2,3.5519455365171774e-06,
1,random_matched,262.0,10217,3,0.029362826661446607,1.6589121652562591e-06,0.01904036557501904,22749,0.26405919692390617,
1,random,263.0,10217,0,0.0,0.0,0.0,3,1.762482358490762e-05,
1,random_matched,263.0,10217,0,0.0,0.0,0.0,24236,0.02153108283067403,
1,random,264.0,10217,0,0.0,0.0,0.0,3,3.085336069253527e-06,
1,random_matched,264.0,10217,0,0.0,0.0,0.0,24236,0.02153108283067403,
1,random,265.0,10217,0,0.0,0.0,0.0,4,1.1776334173796897e-05,
1,random_matched,265.0,10217,0,0.0,0.0,0.0,30672,0.005696850856892226,
1,random,266.0,10217,0,0.0,0.0,0.0,5,1.1979483873830052e-05,
1,random_matched,266.0,10217,0,0.0,0.0,0.0,30672,0.005696850856892226,
1,random,267.0,10217,0,0.0,0.0,0.0,2,6.443654547926604e-07,
1,random_matched,267.0,10217,0,0.0,0.0,0.0,24236,0.02153108283067403,
1,random,268.0,10217,0,0.0,0.0,0.0,2,4.2851889850743425e-07,
1,random_matched,268.0,10217,3,0.029362826661446607,1.6589121652562591e-06,0.01904036557501904,22749,0.26405919692390617,
1,random,269.0,10217,0,0.0,0.0,0.0,2,3.793185805306548e-07,
1,random_matched,269.0,10217,0,0.0,0.0,0.0,30672,0.005696850856892226,
1,random,270.0,10217,0,0.0,0.0,0.0,2,0.004038141491656681,
1,random_matched,270.0,10217,0,0.0,0.0,0.0,24236,0.02153108283067403,
1,random,271.0,10217,0,0.0,0.0,0.0,2,4.078865070978171e-07,
1,random_matched,271.0,10217,3,0.029362826661446607,1.6589121652562591e-06,0.01904036557501904,22749,0.26405919692390617,
1,random,272.0,10217,0,0.0,0.0,0.0,2,3.903013611886972e-05,
1,random_matched,272.0,10217,0,0.0,0.0,0.0,24236,0.02153108283067403,
1,random,273.0,10217,0,0.0,0.0,0.0,3,2.491758039469155e-07,
1,random_matched,273.0,10217,0,0.0,0.0,0.0,30672,0.005696850856892226,
1,random,274.0,10217,0,0.0,0.0,0.0,2,6.01513564941917e-07,
1,random_matched,274.0,10217,3,0.029362826661446607,1.6589121652562591e-06,0.01904036557501904,22749,0.26405919692390617,
1,random,275.0,10217,0,0.0,0.0,0.0,2,1.191917380663271e-06,
1,random_matched,275.0,10217,3,0.029362826661446607,1.6589121652562591e-06,0.01904036557501904,22749,0.26405919692390617,
1,random,276.0,10217,0,0.0,0.0,0.0,7,2.170368865588579e-05,
1,random_matched,276.0,10217,3,0.029362826661446607,1.6589121652562591e-06,0.01904036557501904,22749,0.26405919692390617,
1,random,277.0,10217,0,0.0,0.0,0.0,7,4.9355854465867376e-05,
1,random_matched,277.0,10217,0,0.0,0.0,0.0,24236,0.02153108283067403,
1,random,278.0,10217,0,0.0,0.0,0.0,2,1.996580645638342e-06,
1,random_matched,278.0,10217,3,0.029362826661446607,1.6589121652562591e-06,0.01904036557501904,22749,0.26405919692390617,
1,random,279.0,10217,0,0.0,0.0,0.0,4,2.586984461359696e-07,
1,random_matched,279.0,10217,0,0.0,0.0,0.0,30672,0.005696850856892226,
1,random,280.0,10217,0,0.0,0.0,0.0,2,4.331215088988104e-06,
1,random_matched,280.0,10217,3,0.029362826661446607,1.6589121652562591e-06,0.01904036557501904,22749,0.26405919692390617,
1,random,281.0,10217,0,0.0,0.0,0.0,122,6.006882692855323e-05,
1,random_matched,281.0,10217,0,0.0,0.0,0.0,24236,0.02153108283067403,
1,random,282.0,10217,0,0.0,0.0,0.0,2,1.8331086213929133e-06,
1,random_matched,282.0,10217,0,0.0,0.0,0.0,24236,0.02153108283067403,
1,random,283.0,10217,0,0.0,0.0,0.0,5,0.002177745739071033,
1,random_matched,283.0,10217,3,0.029362826661446607,1.6589121652562591e-06,0.01904036557501904,22749,0.26405919692390617,
1,random,284.0,10217,0,0.0,0.0,0.0,2,4.777192164842137e-07,
1,random_matched,284.0,10217,0,0.0,0.0,0.0,24236,0.02153108283067403,
1,random,285.0,10217,0,0.0,0.0,0.0,2,2.3489184066333436e-07,
1,random_matched,285.0,10217,0,0.0,0.0,0.0,30672,0.005696850856892226,
1,random,286.0,10217,0,0.0,0.0,0.0,4,1.4856908921955897e-05,
1,random_matched,286.0,10217,0,0.0,0.0,0.0,24236,0.02153108283067403,
1,random,287.0,10217,0,0.0,0.0,0.0,11,8.365958584490325e-05,
1,random_matched,287.0,10217,3,0.029362826661446607,1.6589121652562591e-06,0.01904036557501904,22749,0.26405919692390617,
1,random,288.0,10217,0,0.0,0.0,0.0,2,7.633984821558367e-07,
1,random_matched,288.0,10217,3,0.029362826661446607,1.6589121652562591e-06,0.01904036557501904,22749,0.26405919692390617,
1,random,289.0,10217,0,0.0,0.0,0.0,5,4.5391261101157853e-07,
1,random_matched,289.0,10217,3,0.029362826661446607,1.6589121652562591e-06,0.01904036557501904,22749,0.26405919692390617,
1,random,290.0,10217,0,0.0,0.0,0.0,3,2.301305195688073e-07,
1,random_matched,290.0,10217,0,0.0,0.0,0.0,24236,0.02153108283067403,
1,random,291.0,10217,0,0.0,0.0,0.0,2,2.732998308258525e-06,
1,random_matched,291.0,10217,0,0.0,0.0,0.0,30672,0.005696850856892226,
1,random,292.0,10217,0,0.0,0.0,0.0,2,1.4474416127362225e-06,
1,random_matched,292.0,10217,3,0.029362826661446607,1.6589121652562591e-06,0.01904036557501904,22749,0.26405919692390617,
1,random,293.0,10217,0,0.0,0.0,0.0,3,1.0316195704808603e-07,
1,random_matched,293.0,10217,3,0.029362826661446607,1.6589121652562591e-06,0.01904036557501904,22749,0.26405919692390617,
1,random,294.0,10217,0,0.0,0.0,0.0,3,1.010987179071243e-06,
1,random_matched,294.0,10217,0,0.0,0.0,0.0,24236,0.02153108283067403,
1,random,295.0,10217,0,0.0,0.0,0.0,2,1.3791960103813349e-06,
1,random_matched,295.0,10217,0,0.0,0.0,0.0,30672,0.005696850856892226,
1,random,296.0,10217,0,0.0,0.0,0.0,2,1.5712359611939256e-06,
1,random_matched,296.0,10217,0,0.0,0.0,0.0,24236,0.02153108283067403,
1,random,297.0,10217,0,0.0,0.0,0.0,110,0.012383496252663955,
1,random_matched,297.0,10217,0,0.0,0.0,0.0,30672,0.005696850856892226,
1,random,298.0,10217,0,0.0,0.0,0.0,3,4.7613210945270474e-07,
1,random_matched,298.0,10217,0,0.0,0.0,0.0,24236,0.02153108283067403,
1,random,299.0,10217,0,0.0,0.0,0.0,2,1.4156994721060422e-06,
1,random_matched,299.0,10217,3,0.029362826661446607,1.6589121652562591e-06,0.01904036557501904,22749,0.26405919692390617,
1,random,300.0,10217,0,0.0,0.0,0.0,2,7.205465923050932e-07,
1,random_matched,300.0,10217,3,0.029362826661446607,1.6589121652562591e-06,0.01904036557501904,22749,0.26405919692390617,
1,random,301.0,10217,0,0.0,0.0,0.0,2,8.824315095190128e-07,
1,random_matched,301.0,10217,0,0.0,0.0,0.0,24236,0.02153108283067403,
1,random,302.0,10217,0,0.0,0.0,0.0,2,1.0951038517412209e-07,
1,random_matched,302.0,10217,3,0.029362826661446607,1.6589121652562591e-06,0.01904036557501904,22749,0.26405919692390617,
1,random,303.0,10217,0,0.0,0.0,0.0,3,5.202536849286554e-06,
1,random_matched,303.0,10217,0,0.0,0.0,0.0,30672,0.005696850856892226,
1,random,304.0,10217,0,0.0,0.0,0.0,3,1.6682082008191264e-05,
1,random_matched,304.0,10217,0,0.0,0.0,0.0,24236,0.02153108283067403,
1,random,305.0,10217,0,0.0,0.0,0.0,2,0.0038466744864824646,
1,random_matched,305.0,10217,3,0.029362826661446607,1.6589121652562591e-06,0.01904036557501904,22749,0.26405919692390617,
1,random,306.0,10217,0,0.0,0.0,0.0,4,6.921373764410818e-06,
1,random_matched,306.0,10217,0,0.0,0.0,0.0,30672,0.005696850856892226,
1,random,307.0,10217,0,0.0,0.0,0.0,2,1.607739422918633e-06,
1,random_matched,307.0,10217,0,0.0,0.0,0.0,24236,0.02153108283067403,
1,random,308.0,10217,0,0.0,0.0,0.0,8,0.0005100803288566825,
1,random_matched,308.0,10217,3,0.029362826661446607,1.6589121652562591e-06,0.01904036557501904,22749,0.26405919692390617,
1,random,309.0,10217,0,0.0,0.0,0.0,7,4.6821244536547476e-05,
1,random_matched,309.0,10217,0,0.0,0.0,0.0,30672,0.005696850856892226,
1,random,310.0,10217,0,0.0,0.0,0.0,2,1.2100104008224736e-05,
1,random_matched,310.0,10217,0,0.0,0.0,0.0,24236,0.02153108283067403,
1,random,311.0,10217,0,0.0,0.0,0.0,19,6.0252931344208276e-05,
1,random_matched,311.0,10217,0,0.0,0.0,0.0,30672,0.005696850856892226,
1,random,312.0,10217,0,0.0,0.0,0.0,2,2.0156259300164503e-06,
1,random_matched,312.0,10217,0,0.0,0.0,0.0,24236,0.02153108283067403,
1,random,313.0,10217,0,0.0,0.0,0.0,2,2.3724075906996768e-05,
1,random_matched,313.0,10217,0,0.0,0.0,0.0,24236,0.02153108283067403,
1,random,314.0,10217,0,0.0,0.0,0.0,34,6.256693339614843e-05,
1,random_matched,314.0,10217,3,0.029362826661446607,1.6589121652562591e-06,0.01904036557501904,22749,0.26405919692390617,
1,random,315.0,10217,0,0.0,0.0,0.0,2,1.080661177754489e-05,
1,random_matched,315.0,10217,3,0.029362826661446607,1.6589121652562591e-06,0.01904036557501904,22749,0.26405919692390617,
1,random,316.0,10217,0,0.0,0.0,0.0,2,2.5631778558870604e-06,
1,random_matched,316.0,10217,3,0.029362826661446607,1.6589121652562591e-06,0.01904036557501904,22749,0.26405919692390617,
1,random,317.0,10217,0,0.0,0.0,0.0,11,6.928833167458911e-05,
1,random_matched,317.0,10217,3,0.029362826661446607,1.6589121652562591e-06,0.01904036557501904,22749,0.26405919692390617,
1,random,318.0,10217,0,0.0,0.0,0.0,6,9.162368892901548e-05,
1,random_matched,318.0,10217,3,0.029362826661446607,1.6589121652562591e-06,0.01904036557501904,22749,0.26405919692390617,
1,random,319.0,10217,0,0.0,0.0,0.0,2,1.807714908888769e-06,
1,random_matched,319.0,10217,0,0.0,0.0,0.0,30672,0.005696850856892226,
1,random,320.0,10217,0,0.0,0.0,0.0,3,0.00013347570134990822,
1,random_matched,320.0,10217,3,0.029362826661446607,1.6589121652562591e-06,0.01904036557501904,22749,0.26405919692390617,
1,random,321.0,10217,0,0.0,0.0,0.0,36,3.287216083661474e-05,
1,random_matched,321.0,10217,0,0.0,0.0,0.0,24236,0.02153108283067403,
1,random,322.0,10217,0,0.0,0.0,0.0,8,0.00011548901736181655,
1,random_matched,322.0,10217,0,0.0,0.0,0.0,30672,0.005696850856892226,
1,random,323.0,10217,0,0.0,0.0,0.0,2,5.269195344609932e-07,
1,random_matched,323.0,10217,0,0.0,0.0,0.0,30672,0.005696850856892226,
1,random,324.0,10217,0,0.0,0.0,0.0,2,1.0268582493863333e-06,
1,random_matched,324.0,10217,0,0.0,0.0,0.0,30672,0.005696850856892226,
1,random,325.0,10217,0,0.0,0.0,0.0,2,2.215601415986586e-06,
1,random_matched,325.0,10217,0,0.0,0.0,0.0,24236,0.02153108283067403,
1,random,326.0,10217,0,0.0,0.0,0.0,3,1.5553648908788356e-07,
1,random_matched,326.0,10217,0,0.0,0.0,0.0,30672,0.005696850856892226,
1,random,327.0,10217,0,0.0,0.0,0.0,2,1.4156994721060422e-06,
1,random_matched,327.0,10217,0,0.0,0.0,0.0,24236,0.02153108283067403,
1,random,328.0,10217,0,0.0,0.0,0.0,7,6.440480333863587e-06,
1,random_matched,328.0,10217,3,0.029362826661446607,1.6589121652562591e-06,0.01904036557501904,22749,0.26405919692390617,
1,random,329.0,10217,0,0.0,0.0,0.0,3,1.7353428282519578e-05,
1,random_matched,329.0,10217,0,0.0,0.0,0.0,30672,0.005696850856892226,
1,random,330.0,10217,0,0.0,0.0,0.0,18,9.655006915481947e-05,
1,random_matched,330.0,10217,3,0.029362826661446607,1.6589121652562591e-06,0.01904036557501904,22749,0.26405919692390617,
1,random,331.0,10217,0,0.0,0.0,0.0,5,8.475151548258145e-07,
1,random_matched,331.0,10217,0,0.0,0.0,0.0,24236,0.02153108283067403,
1,random,332.0,10217,0,0.0,0.0,0.0,2,5.713585313432457e-08,
1,random_matched,332.0,10217,0,0.0,0.0,0.0,30672,0.005696850856892226,
1,random,333.0,10217,0,0.0,0.0,0.0,2,1.695030309651629e-06,
1,random_matched,333.0,10217,3,0.029362826661446607,1.6589121652562591e-06,0.01904036557501904,22749,0.26405919692390617,
1,random,334.0,10217,0,0.0,0.0,0.0,2,2.5012806816582088e-06,
1,random_matched,334.0,10217,0,0.0,0.0,0.0,24236,0.02153108283067403,
1,random,335.0,10217,0,0.0,0.0,0.0,2,1.0559023080629483e-05,
1,random_matched,335.0,10217,0,0.0,0.0,0.0,30672,0.005696850856892226,
1,random,336.0,10217,0,0.0,0.0,0.0,2,2.704430381691363e-06,
1,random_matched,336.0,10217,3,0.029362826661446607,1.6589121652562591e-06,0.01904036557501904,22749,0.26405919692390617,
1,random,337.0,10217,0,0.0,0.0,0.0,12,0.00013060303762287692,
1,random_matched,337.0,10217,0,0.0,0.0,0.0,30672,0.005696850856892226,
1,random,338.0,10217,0,0.0,0.0,0.0,2,1.8442183706134763e-06,
1,random_matched,338.0,10217,3,0.029362826661446607,1.6589121652562591e-06,0.01904036557501904,22749,0.26405919692390617,
1,random,339.0,10217,0,0.0,0.0,0.0,3,0.00010045593955936316,
1,random_matched,339.0,10217,0,0.0,0.0,0.0,30672,0.005696850856892226,
1,random,340.0,10217,0,0.0,0.0,0.0,3,0.000476079734920665,
1,random_matched,340.0,10217,3,0.029362826661446607,1.6589121652562591e-06,0.01904036557501904,22749,0.26405919692390617,
1,random,341.0,10217,0,0.0,0.0,0.0,2,8.148207499767288e-06,
1,random_matched,341.0,10217,0,0.0,0.0,0.0,24236,0.02153108283067403,
1,random,342.0,10217,0,0.0,0.0,0.0,6,1.8704056366333753e-05,
1,random_matched,342.0,10217,0,0.0,0.0,0.0,24236,0.02153108283067403,
1,random,343.0,10217,0,0.0,0.0,0.0,2,6.218285349452324e-06,
1,random_matched,343.0,10217,3,0.029362826661446607,1.6589121652562591e-06,0.01904036557501904,22749,0.26405919692390617,
1,random,344.0,10217,0,0.0,0.0,0.0,3,6.178607673664599e-06,
1,random_matched,344.0,10217,3,0.029362826661446607,1.6589121652562591e-06,0.01904036557501904,22749,0.26405919692390617,
1,random,345.0,10217,0,0.0,0.0,0.0,2,3.851908765472382e-06,
1,random_matched,345.0,10217,0,0.0,0.0,0.0,24236,0.02153108283067403,
1,random,346.0,10217,0,0.0,0.0,0.0,2,3.2281757020893383e-06,
1,random_matched,346.0,10217,0,0.0,0.0,0.0,30672,0.005696850856892226,
1,random,347.0,10217,0,0.0,0.0,0.0,3,6.348428126036063e-08,
1,random_matched,347.0,10217,0,0.0,0.0,0.0,30672,0.005696850856892226,
1,random,348.0,10217,0,0.0,0.0,0.0,1724,0.009436213101439208,
1,random_matched,348.0,10217,0,0.0,0.0,0.0,30672,0.005696850856892226,
1,random,349.0,10217,0,0.0,0.0,0.0,3,3.142789343794153e-05,
1,random_matched,349.0,10217,0,0.0,0.0,0.0,24236,0.02153108283067403,
1,random,350.0,10217,0,0.0,0.0,0.0,2,1.812476229983296e-06,
1,random_matched,350.0,10217,3,0.029362826661446607,1.6589121652562591e-06,0.01904036557501904,22749,0.26405919692390617,
1,random,351.0,10217,0,0.0,0.0,0.0,3,1.3693559467859789e-05,
1,random_matched,351.0,10217,0,0.0,0.0,0.0,24236,0.02153108283067403,
1,random,352.0,10217,0,0.0,0.0,0.0,3,2.6663398129351464e-07,
1,random_matched,352.0,10217,0,0.0,0.0,0.0,30672,0.005696850856892226,
1,random,353.0,10217,0,0.0,0.0,0.0,14,6.394454229949825e-05,
1,random_matched,353.0,10217,3,0.029362826661446607,1.6589121652562591e-06,0.01904036557501904,22749,0.26405919692390617,
1,random,354.0,10217,0,0.0,0.0,0.0,2,2.2505177706797844e-06,
1,random_matched,354.0,10217,0,0.0,0.0,0.0,24236,0.02153108283067403,
1,random,355.0,10217,0,0.0,0.0,0.0,2,2.8329860512435933e-06,
1,random_matched,355.0,10217,0,0.0,0.0,0.0,30672,0.005696850856892226,
1,random,356.0,10217,0,0.0,0.0,0.0,18,0.0023636943730966924,
1,random_matched,356.0,10217,0,0.0,0.0,0.0,30672,0.005696850856892226,
1,random,357.0,10217,0,0.0,0.0,0.0,10,5.634229961857006e-07,
1,random_matched,357.0,10217,0,0.0,0.0,0.0,30672,0.005696850856892226,
1,random,358.0,10217,0,0.0,0.0,0.0,2,2.110852351906991e-07,
1,random_matched,358.0,10217,0,0.0,0.0,0.0,24236,0.02153108283067403,
1,random,359.0,10217,0,0.0,0.0,0.0,2,2.3965316175786138e-06,
1,random_matched,359.0,10217,0,0.0,0.0,0.0,24236,0.02153108283067403,
1,random,360.0,10217,0,0.0,0.0,0.0,28,0.0011361718332885482,
1,random_matched,360.0,10217,3,0.029362826661446607,1.6589121652562591e-06,0.01904036557501904,22749,0.26405919692390617,
1,random,361.0,10217,0,0.0,0.0,0.0,8,2.3795495723414674e-05,
1,random_matched,361.0,10217,0,0.0,0.0,0.0,24236,0.02153108283067403,
1,random,362.0,10217,0,0.0,0.0,0.0,5,1.8902444745272379e-06,
1,random_matched,362.0,10217,0,0.0,0.0,0.0,30672,0.005696850856892226,
1,random,363.0,10217,0,0.0,0.0,0.0,4,0.00025948723833062957,
1,random_matched,363.0,10217,3,0.029362826661446607,1.6589121652562591e-06,0.01904036557501904,22749,0.26405919692390617,
1,random,364.0,10217,0,0.0,0.0,0.0,3,6.216698242420815e-06,
1,random_matched,364.0,10217,0,0.0,0.0,0.0,30672,0.005696850856892226,
1,random,365.0,10217,0,0.0,0.0,0.0,2,4.9993871492534e-07,
1,random_matched,365.0,10217,3,0.029362826661446607,1.6589121652562591e-06,0.01904036557501904,22749,0.26405919692390617,
1,random,366.0,10217,0,0.0,0.0,0.0,27,0.003818557298312251,
1,random_matched,366.0,10217,0,0.0,0.0,0.0,30672,0.005696850856892226,
1,random,367.0,10217,0,0.0,0.0,0.0,12,0.000493599809441493,
1,random_matched,367.0,10217,0,0.0,0.0,0.0,24236,0.02153108283067403,
1,random,368.0,10217,0,0.0,0.0,0.0,3,1.5542539159567793e-05,
1,random_matched,368.0,10217,0,0.0,0.0,0.0,30672,0.005696850856892226,
1,random,369.0,10217,0,0.0,0.0,0.0,3,6.761075954228407e-07,
1,random_matched,369.0,10217,3,0.029362826661446607,1.6589121652562591e-06,0.01904036557501904,22749,0.26405919692390617,
1,random,370.0,10217,0,0.0,0.0,0.0,3,7.189594852735841e-06,
1,random_matched,370.0,10217,3,0.029362826661446607,1.6589121652562591e-06,0.01904036557501904,22749,0.26405919692390617,
1,random,371.0,10217,0,0.0,0.0,0.0,2,1.9299221503149633e-06,
1,random_matched,371.0,10217,0,0.0,0.0,0.0,30672,0.005696850856892226,
1,random,372.0,10217,0,0.0,0.0,0.0,2,9.205220782752291e-08,
1,random_matched,372.0,10217,3,0.029362826661446607,1.6589121652562591e-06,0.01904036557501904,22749,0.26405919692390617,
1,random,373.0,10217,0,0.0,0.0,0.0,2,3.926502795953306e-06,
1,random_matched,373.0,10217,3,0.029362826661446607,1.6589121652562591e-06,0.01904036557501904,22749,0.26405919692390617,
1,random,374.0,10217,0,0.0,0.0,0.0,9,3.2089717070080794e-05,
1,random_matched,374.0,10217,0,0.0,0.0,0.0,30672,0.005696850856892226,
1,random,375.0,10217,0,0.0,0.0,0.0,2,3.524964716981524e-06,
1,random_matched,375.0,10217,3,0.029362826661446607,1.6589121652562591e-06,0.01904036557501904,22749,0.26405919692390617,
1,random,376.0,10217,0,0.0,0.0,0.0,2,1.8251730862353682e-07,
1,random_matched,376.0,10217,0,0.0,0.0,0.0,24236,0.02153108283067403,
1,random,377.0,10217,0,0.0,0.0,0.0,2,7.808566595024358e-07,
1,random_matched,377.0,10217,0,0.0,0.0,0.0,30672,0.005696850856892226,
1,random,378.0,10217,0,0.0,0.0,0.0,3,2.4714430694658395e-05,
1,random_matched,378.0,10217,0,0.0,0.0,0.0,24236,0.02153108283067403,
1,random,379.0,10217,0,0.0,0.0,0.0,2,1.5648875330678897e-06,
1,random_matched,379.0,10217,0,0.0,0.0,0.0,24236,0.02153108283067403,
1,random,380.0,10217,0,0.0,0.0,0.0,2,2.0441938565836125e-06,
1,random_matched,380.0,10217,0,0.0,0.0,0.0,30672,0.005696850856892226,
1,random,381.0,10217,0,0.0,0.0,0.0,3,4.7730656865602146e-05,
1,random_matched,381.0,10217,3,0.029362826661446607,1.6589121652562591e-06,0.01904036557501904,22749,0.26405919692390617,
1,random,382.0,10217,0,0.0,0.0,0.0,2,7.158963687027717e-05,
1,random_matched,382.0,10217,0,0.0,0.0,0.0,30672,0.005696850856892226,
1,random,383.0,10217,0,0.0,0.0,0.0,2,1.0681230322055676e-06,
1,random_matched,383.0,10217,0,0.0,0.0,0.0,30672,0.005696850856892226,
1,random,384.0,10217,0,0.0,0.0,0.0,7,0.00037306220461244625,
1,random_matched,384.0,10217,0,0.0,0.0,0.0,24236,0.02153108283067403,
1,random,385.0,10217,0,0.0,0.0,0.0,2,5.95165136815881e-07,
1,random_matched,385.0,10217,0,0.0,0.0,0.0,30672,0.005696850856892226,
1,random,386.0,10217,0,0.0,0.0,0.0,4,5.85325073220525e-06,
1,random_matched,386.0,10217,0,0.0,0.0,0.0,30672,0.005696850856892226,
1,random,387.0,10217,0,0.0,0.0,0.0,2,6.665849532337866e-07,
1,random_matched,387.0,10217,0,0.0,0.0,0.0,24236,0.02153108283067403,
1,random,388.0,10217,0,0.0,0.0,0.0,10,0.00038473061550810055,
1,random_matched,388.0,10217,0,0.0,0.0,0.0,30672,0.005696850856892226,
1,random,389.0,10217,0,0.0,0.0,0.0,4,2.4942974107195693e-05,
1,random_matched,389.0,10217,0,0.0,0.0,0.0,30672,0.005696850856892226,
1,random,390.0,10217,0,0.0,0.0,0.0,4,1.6134530082320654e-05,
1,random_matched,390.0,10217,0,0.0,0.0,0.0,24236,0.02153108283067403,
1,random,391.0,10217,0,0.0,0.0,0.0,3,1.69344320262012e-06,
1,random_matched,391.0,10217,0,0.0,0.0,0.0,30672,0.005696850856892226,
1,random,392.0,10217,0,0.0,0.0,0.0,3,8.094245860695981e-08,
1,random_matched,392.0,10217,0,0.0,0.0,0.0,30672,0.005696850856892226,
1,random,393.0,10217,0,0.0,0.0,0.0,2,1.977535361260234e-06,
1,random_matched,393.0,10217,0,0.0,0.0,0.0,24236,0.02153108283067403,
1,random,394.0,10217,0,0.0,0.0,0.0,115,0.001419721201323886,
1,random_matched,394.0,10217,3,0.029362826661446607,1.6589121652562591e-06,0.01904036557501904,22749,0.26405919692390617,
1,random,395.0,10217,0,0.0,0.0,0.0,3,1.8204117651408412e-06,
1,random_matched,395.0,10217,0,0.0,0.0,0.0,30672,0.005696850856892226,
1,random,396.0,10217,0,0.0,0.0,0.0,3,1.0779630958009235e-05,
1,random_matched,396.0,10217,0,0.0,0.0,0.0,24236,0.02153108283067403,
1,random,397.0,10217,0,0.0,0.0,0.0,3,3.6820883131009165e-07,
1,random_matched,397.0,10217,0,0.0,0.0,0.0,24236,0.02153108283067403,
1,random,398.0,10217,0,0.0,0.0,0.0,2,1.312537515057956e-06,
1,random_matched,398.0,10217,3,0.029362826661446607,1.6589121652562591e-06,0.01904036557501904,22749,0.26405919692390617,
1,random,399.0,10217,0,0.0,0.0,0.0,3,0.001038599667205437,
1,random_matched,399.0,10217,3,0.029362826661446607,1.6589121652562591e-06,0.01904036557501904,22749,0.26405919692390617,
1,random,400.0,10217,0,0.0,0.0,0.0,5,2.1521171347262255e-06,
1,random_matched,400.0,10217,0,0.0,0.0,0.0,30672,0.005696850856892226,
1,random,401.0,10217,0,0.0,0.0,0.0,2,2.520325966036317e-06,
1,random_matched,401.0,10217,3,0.029362826661446607,1.6589121652562591e-06,0.01904036557501904,22749,0.26405919692390617,
1,random,402.0,10217,0,0.0,0.0,0.0,2,4.282014771011325e-06,
1,random_matched,402.0,10217,0,0.0,0.0,0.0,30672,0.005696850856892226,
1,random,403.0,10217,0,0.0,0.0,0.0,2,4.409142044235197e-05,
1,random_matched,403.0,10217,0,0.0,0.0,0.0,30672,0.005696850856892226,
1,random,404.0,10217,0,0.0,0.0,0.0,3,2.5711133910446054e-07,
1,random_matched,404.0,10217,0,0.0,0.0,0.0,30672,0.005696850856892226,
1,random,405.0,10217,0,0.0,0.0,0.0,2,1.8537410128025305e-06,
1,random_matched,405.0,10217,3,0.029362826661446607,1.6589121652562591e-06,0.01904036557501904,22749,0.26405919692390617,
1,random,406.0,10217,0,0.0,0.0,0.0,5,8.591327782964605e-05,
1,random_matched,406.0,10217,0,0.0,0.0,0.0,30672,0.005696850856892226,
1,random,407.0,10217,0,0.0,0.0,0.0,6,5.632642854825497e-06,
1,random_matched,407.0,10217,0,0.0,0.0,0.0,30672,0.005696850856892226,
1,random,408.0,10217,0,0.0,0.0,0.0,2,2.1054561879998606e-05,
1,random_matched,408.0,10217,0,0.0,0.0,0.0,24236,0.02153108283067403,
1,random,409.0,10217,0,0.0,0.0,0.0,3,3.0869231762850357e-06,
1,random_matched,409.0,10217,0,0.0,0.0,0.0,30672,0.005696850856892226,
1,random,410.0,10217,0,0.0,0.0,0.0,10,0.00011108479534937903,
1,random_matched,410.0,10217,0,0.0,0.0,0.0,24236,0.02153108283067403,
1,random,411.0,10217,0,0.0,0.0,0.0,3,4.507383969485605e-07,
1,random_matched,411.0,10217,0,0.0,0.0,0.0,30672,0.005696850856892226,
1,random,412.0,10217,0,0.0,0.0,0.0,3,7.921251194261498e-06,
1,random_matched,412.0,10217,3,0.029362826661446607,1.6589121652562591e-06,0.01904036557501904,22749,0.26405919692390617,
1,random,413.0,10217,0,0.0,0.0,0.0,4,2.2695630550578927e-07,
1,random_matched,413.0,10217,0,0.0,0.0,0.0,30672,0.005696850856892226,
1,random,414.0,10217,0,0.0,0.0,0.0,3,7.25625334805922e-06,
1,random_matched,414.0,10217,0,0.0,0.0,0.0,24236,0.02153108283067403,
1,random,415.0,10217,0,0.0,0.0,0.0,2,7.776824454394178e-08,
1,random_matched,415.0,10217,3,0.029362826661446607,1.6589121652562591e-06,0.01904036557501904,22749,0.26405919692390617,
1,random,416.0,10217,0,0.0,0.0,0.0,3,2.19338191754546e-06,
1,random_matched,416.0,10217,0,0.0,0.0,0.0,30672,0.005696850856892226,
1,random,417.0,10217,0,0.0,0.0,0.0,5,5.268401791094178e-05,
1,random_matched,417.0,10217,3,0.029362826661446607,1.6589121652562591e-06,0.01904036557501904,22749,0.26405919692390617,
1,random,418.0,10217,0,0.0,0.0,0.0,390,0.002708982204657731,
1,random_matched,418.0,10217,0,0.0,0.0,0.0,30672,0.005696850856892226,
1,random,419.0,10217,0,0.0,0.0,0.0,2,1.2109626650413792e-06,
1,random_matched,419.0,10217,3,0.029362826661446607,1.6589121652562591e-06,0.01904036557501904,22749,0.26405919692390617,
1,random,420.0,10217,0,0.0,0.0,0.0,2,1.17414178191037e-05,
1,random_matched,420.0,10217,3,0.029362826661446607,1.6589121652562591e-06,0.01904036557501904,22749,0.26405919692390617,
1,random,421.0,10217,0,0.0,0.0,0.0,9,0.000134578740736807,
1,random_matched,421.0,10217,0,0.0,0.0,0.0,30672,0.005696850856892226,
1,random,422.0,10217,0,0.0,0.0,0.0,14,0.00016221027415537896,
1,random_matched,422.0,10217,0,0.0,0.0,0.0,24236,0.02153108283067403,
1,random,423.0,10217,0,0.0,0.0,0.0,2,3.5551197505801955e-06,
1,random_matched,423.0,10217,0,0.0,0.0,0.0,24236,0.02153108283067403,
1,random,424.0,10217,0,0.0,0.0,0.0,2,3.110729781757671e-07,
1,random_matched,424.0,10217,3,0.029362826661446607,1.6589121652562591e-06,0.01904036557501904,22749,0.26405919692390617,
1,random,425.0,10217,0,0.0,0.0,0.0,151,0.000563311898693495,
1,random_matched,425.0,10217,0,0.0,0.0,0.0,30672,0.005696850856892226,
1,random,426.0,10217,0,0.0,0.0,0.0,2,0.0002053637143421091,
1,random_matched,426.0,10217,0,0.0,0.0,0.0,24236,0.02153108283067403,
1,random,427.0,10217,0,0.0,0.0,0.0,2,1.496641930713002e-06,
1,random_matched,427.0,10217,0,0.0,0.0,0.0,24236,0.02153108283067403,
1,random,428.0,10217,0,0.0,0.0,0.0,20,3.956181697442524e-05,
1,random_matched,428.0,10217,0,0.0,0.0,0.0,24236,0.02153108283067403,
1,random,429.0,10217,0,0.0,0.0,0.0,8,9.53248225264945e-05,
1,random_matched,429.0,10217,0,0.0,0.0,0.0,24236,0.02153108283067403,
1,random,430.0,10217,0,0.0,0.0,0.0,2,2.1743366331673517e-07,
1,random_matched,430.0,10217,3,0.029362826661446607,1.6589121652562591e-06,0.01904036557501904,22749,0.26405919692390617,
1,random,431.0,10217,0,0.0,0.0,0.0,3,1.4445848200795062e-05,
1,random_matched,431.0,10217,0,0.0,0.0,0.0,30672,0.005696850856892226,
1,random,432.0,10217,0,0.0,0.0,0.0,2,1.512513001028092e-06,
1,random_matched,432.0,10217,0,0.0,0.0,0.0,24236,0.02153108283067403,
1,random,433.0,10217,0,0.0,0.0,0.0,3,6.073858609585004e-06,
1,random_matched,433.0,10217,0,0.0,0.0,0.0,24236,0.02153108283067403,
1,random,434.0,10217,0,0.0,0.0,0.0,3,1.082406995489149e-06,
1,random_matched,434.0,10217,0,0.0,0.0,0.0,30672,0.005696850856892226,
1,random,435.0,10217,0,0.0,0.0,0.0,4,9.471854764045806e-06,
1,random_matched,435.0,10217,3,0.029362826661446607,1.6589121652562591e-06,0.01904036557501904,22749,0.26405919692390617,
1,random,436.0,10217,0,0.0,0.0,0.0,4,8.692585211574879e-06,
1,random_matched,436.0,10217,0,0.0,0.0,0.0,30672,0.005696850856892226,
1,random,437.0,10217,0,0.0,0.0,0.0,2,2.7742630910777596e-06,
1,random_matched,437.0,10217,0,0.0,0.0,0.0,30672,0.005696850856892226,
1,random,438.0,10217,0,0.0,0.0,0.0,2,1.8331086213929133e-06,
1,random_matched,438.0,10217,3,0.029362826661446607,1.6589121652562591e-06,0.01904036557501904,22749,0.26405919692390617,
1,random,439.0,10217,0,0.0,0.0,0.0,2,3.0937477365205245e-05,
1,random_matched,439.0,10217,3,0.029362826661446607,1.6589121652562591e-06,0.01904036557501904,22749,0.26405919692390617,
1,random,440.0,10217,0,0.0,0.0,0.0,6,8.882561923246509e-05,
1,random_matched,440.0,10217,3,0.029362826661446607,1.6589121652562591e-06,0.01904036557501904,22749,0.26405919692390617,
1,random,441.0,10217,0,0.0,0.0,0.0,11,5.775165066255007e-05,
1,random_matched,441.0,10217,0,0.0,0.0,0.0,30672,0.005696850856892226,
1,random,442.0,10217,0,0.0,0.0,0.0,16,0.0002217696397268178,
1,random_matched,442.0,10217,0,0.0,0.0,0.0,24236,0.02153108283067403,
1,random,443.0,10217,0,0.0,0.0,0.0,4,2.7425209504475792e-05,
1,random_matched,443.0,10217,0,0.0,0.0,0.0,30672,0.005696850856892226,
1,random,444.0,10217,0,0.0,0.0,0.0,2,1.1041503618208224e-05,
1,random_matched,444.0,10217,3,0.029362826661446607,1.6589121652562591e-06,0.01904036557501904,22749,0.26405919692390617,
1,random,445.0,10217,0,0.0,0.0,0.0,3,1.309522011698089e-05,
1,random_matched,445.0,10217,0,0.0,0.0,0.0,24236,0.02153108283067403,
1,random,446.0,10217,0,0.0,0.0,0.0,3,8.441822300596455e-06,
1,random_matched,446.0,10217,3,0.029362826661446607,1.6589121652562591e-06,0.01904036557501904,22749,0.26405919692390617,
1,random,447.0,10217,0,0.0,0.0,0.0,2,1.8251730862353682e-07,
1,random_matched,447.0,10217,0,0.0,0.0,0.0,24236,0.02153108283067403,
1,random,448.0,10217,0,0.0,0.0,0.0,12,0.00017690847237418397,
1,random_matched,448.0,10217,0,0.0,0.0,0.0,30672,0.005696850856892226,
1,random,449.0,10217,0,0.0,0.0,0.0,10,3.1805624911440677e-06,
1,random_matched,449.0,10217,3,0.029362826661446607,1.6589121652562591e-06,0.01904036557501904,22749,0.26405919692390617,
1,random,450.0,10217,0,0.0,0.0,0.0,49,0.09669538150041038,
1,random_matched,450.0,10217,0,0.0,0.0,0.0,24236,0.02153108283067403,
1,random,451.0,10217,0,0.0,0.0,0.0,100,0.0006927468255411813,
1,random_matched,451.0,10217,0,0.0,0.0,0.0,24236,0.02153108283067403,
1,random,452.0,10217,0,0.0,0.0,0.0,5,5.212059491475608e-06,
1,random_matched,452.0,10217,3,0.029362826661446607,1.6589121652562591e-06,0.01904036557501904,22749,0.26405919692390617,
1,random,453.0,10217,0,0.0,0.0,0.0,2,2.4409706144608663e-06,
1,random_matched,453.0,10217,0,0.0,0.0,0.0,30672,0.005696850856892226,
1,random,454.0,10217,0,0.0,0.0,0.0,4,4.251859737412653e-05,
1,random_matched,454.0,10217,0,0.0,0.0,0.0,30672,0.005696850856892226,
1,random,455.0,10217,0,0.0,0.0,0.0,3,1.6172620651076872e-06,
1,random_matched,455.0,10217,0,0.0,0.0,0.0,24236,0.02153108283067403,
1,random,456.0,10217,0,0.0,0.0,0.0,3,1.4791837533664027e-05,
1,random_matched,456.0,10217,0,0.0,0.0,0.0,24236,0.02153108283067403,
1,random,457.0,10217,0,0.0,0.0,0.0,19,3.944437105409357e-05,
1,random_matched,457.0,10217,0,0.0,0.0,0.0,24236,0.02153108283067403,
1,random,458.0,10217,0,0.0,0.0,0.0,3,1.7585145909119895e-06,
1,random_matched,458.0,10217,0,0.0,0.0,0.0,24236,0.02153108283067403,
1,random,459.0,10217,0,0.0,0.0,0.0,2,4.905747834394368e-06,
1,random_matched,459.0,10217,3,0.029362826661446607,1.6589121652562591e-06,0.01904036557501904,22749,0.26405919692390617,
1,random,460.0,10217,0,0.0,0.0,0.0,111,0.0005733995509857663,
1,random_matched,460.0,10217,0,0.0,0.0,0.0,30672,0.005696850856892226,
1,random,461.0,10217,0,0.0,0.0,0.0,3,6.543642290911672e-06,
1,random_matched,461.0,10217,3,0.029362826661446607,1.6589121652562591e-06,0.01904036557501904,22749,0.26405919692390617,
1,random,462.0,10217,0,0.0,0.0,0.0,2,1.698204523714647e-07,
1,random_matched,462.0,10217,3,0.029362826661446607,1.6589121652562591e-06,0.01904036557501904,22749,0.26405919692390617,
1,random,463.0,10217,0,0.0,0.0,0.0,2,5.856424946268269e-07,
1,random_matched,463.0,10217,3,0.029362826661446607,1.6589121652562591e-06,0.01904036557501904,22749,0.26405919692390617,
1,random,464.0,10217,0,0.0,0.0,0.0,8,3.7504926261589556e-05,
1,random_matched,464.0,10217,0,0.0,0.0,0.0,24236,0.02153108283067403,
1,random,465.0,10217,0,0.0,0.0,0.0,2,5.3866412649416e-06,
1,random_matched,465.0,10217,3,0.029362826661446607,1.6589121652562591e-06,0.01904036557501904,22749,0.26405919692390617,
1,random,466.0,10217,0,0.0,0.0,0.0,2,1.3331699064675733e-06,
1,random_matched,466.0,10217,0,0.0,0.0,0.0,30672,0.005696850856892226,
1,random,467.0,10217,0,0.0,0.0,0.0,2,1.412525258043024e-07,
1,random_matched,467.0,10217,0,0.0,0.0,0.0,24236,0.02153108283067403,
1,random,468.0,10217,0,0.0,0.0,0.0,4,0.0001094056361100425,
1,random_matched,468.0,10217,3,0.029362826661446607,1.6589121652562591e-06,0.01904036557501904,22749,0.26405919692390617,
1,random,469.0,10217,0,0.0,0.0,0.0,2,1.4715656396151595e-05,
1,random_matched,469.0,10217,0,0.0,0.0,0.0,24236,0.02153108283067403,
1,random,470.0,10217,0,0.0,0.0,0.0,2,1.5696488541624166e-06,
1,random_matched,470.0,10217,0,0.0,0.0,0.0,24236,0.02153108283067403,
1,random,471.0,10217,0,0.0,0.0,0.0,4,4.032838967064409e-05,
1,random_matched,471.0,10217,0,0.0,0.0,0.0,24236,0.02153108283067403,
1,random,472.0,10217,0,0.0,0.0,0.0,2,5.142226782089211e-07,
1,random_matched,472.0,10217,0,0.0,0.0,0.0,24236,0.02153108283067403,
1,random,473.0,10217,0,0.0,0.0,0.0,4,2.4441448285238843e-07,
1,random_matched,473.0,10217,3,0.029362826661446607,1.6589121652562591e-06,0.01904036557501904,22749,0.26405919692390617,
1,random,474.0,10217,0,0.0,0.0,0.0,2,5.06287143051376e-07,
1,random_matched,474.0,10217,3,0.029362826661446607,1.6589121652562591e-06,0.01904036557501904,22749,0.26405919692390617,
1,random,475.0,10217,0,0.0,0.0,0.0,2,1.6823334533995567e-07,
1,random_matched,475.0,10217,0,0.0,0.0,0.0,30672,0.005696850856892226,
1,random,476.0,10217,0,0.0,0.0,0.0,6,3.2805502341291358e-06,
1,random_matched,476.0,10217,0,0.0,0.0,0.0,30672,0.005696850856892226,
1,random,477.0,10217,0,0.0,0.0,0.0,3,1.6391641421425115e-05,
1,random_matched,477.0,10217,3,0.029362826661446607,1.6589121652562591e-06,0.01904036557501904,22749,0.26405919692390617,
1,random,478.0,10217,0,0.0,0.0,0.0,2,2.5711133910446054e-07,
1,random_matched,478.0,10217,0,0.0,0.0,0.0,24236,0.02153108283067403,
1,random,479.0,10217,0,0.0,0.0,0.0,2,6.146865533034418e-06,
1,random_matched,479.0,10217,0,0.0,0.0,0.0,30672,0.005696850856892226,
1,random,480.0,10217,0,0.0,0.0,0.0,7,2.1387854356615497e-05,
1,random_matched,480.0,10217,3,0.029362826661446607,1.6589121652562591e-06,0.01904036557501904,22749,0.26405919692390617,
1,random,481.0,10217,0,0.0,0.0,0.0,3,6.810276272205187e-06,
1,random_matched,481.0,10217,3,0.029362826661446607,1.6589121652562591e-06,0.01904036557501904,22749,0.26405919692390617,
1,random,482.0,10217,0,0.0,0.0,0.0,22,1.599645177057937e-05,
1,random_matched,482.0,10217,3,0.029362826661446607,1.6589121652562591e-06,0.01904036557501904,22749,0.26405919692390617,
1,random,483.0,10217,0,0.0,0.0,0.0,2,1.598216780729579e-06,
1,random_matched,483.0,10217,0,0.0,0.0,0.0,30672,0.005696850856892226,
1,random,484.0,10217,0,0.0,0.0,0.0,3,4.586739321061056e-07,
1,random_matched,484.0,10217,0,0.0,0.0,0.0,30672,0.005696850856892226,
1,random,485.0,10217,0,0.0,0.0,0.0,2,2.634597672304966e-07,
1,random_matched,485.0,10217,0,0.0,0.0,0.0,24236,0.02153108283067403,
1,random,486.0,10217,0,0.0,0.0,0.0,6,1.6775721323050297e-06,
1,random_matched,486.0,10217,3,0.029362826661446607,1.6589121652562591e-06,0.01904036557501904,22749,0.26405919692390617,
1,random,487.0,10217,0,0.0,0.0,0.0,5,9.659133393763871e-06,
1,random_matched,487.0,10217,0,0.0,0.0,0.0,24236,0.02153108283067403,
1,random,488.0,10217,0,0.0,0.0,0.0,2,4.3534345874292305e-06,
1,random_matched,488.0,10217,0,0.0,0.0,0.0,30672,0.005696850856892226,
1,random,489.0,10217,0,0.0,0.0,0.0,2,1.996580645638342e-06,
1,random_matched,489.0,10217,0,0.0,0.0,0.0,24236,0.02153108283067403,
1,random,490.0,10217,0,0.0,0.0,0.0,2,1.2363563775455233e-06,
1,random_matched,490.0,10217,0,0.0,0.0,0.0,30672,0.005696850856892226,
1,random,491.0,10217,0,0.0,0.0,0.0,7,9.484551620297879e-06,
1,random_matched,491.0,10217,3,0.029362826661446607,1.6589121652562591e-06,0.01904036557501904,22749,0.26405919692390617,
1,random,492.0,10217,0,0.0,0.0,0.0,2,2.4647772199335016e-06,
1,random_matched,492.0,10217,0,0.0,0.0,0.0,24236,0.02153108283067403,
1,random,493.0,10217,0,0.0,0.0,0.0,2,5.021606647694526e-06,
1,random_matched,493.0,10217,3,0.029362826661446607,1.6589121652562591e-06,0.01904036557501904,22749,0.26405919692390617,
1,random,494.0,10217,0,0.0,0.0,0.0,3,6.246853276019487e-06,
1,random_matched,494.0,10217,3,0.029362826661446607,1.6589121652562591e-06,0.01904036557501904,22749,0.26405919692390617,
1,random,495.0,10217,0,0.0,0.0,0.0,2,6.180194780696108e-06,
1,random_matched,495.0,10217,0,0.0,0.0,0.0,24236,0.02153108283067403,
1,random,496.0,10217,0,0.0,0.0,0.0,4,3.32356083468303e-05,
1,random_matched,496.0,10217,3,0.029362826661446607,1.6589121652562591e-06,0.01904036557501904,22749,0.26405919692390617,
1,random,497.0,10217,0,0.0,0.0,0.0,239,0.0008427443110890984,
1,random_matched,497.0,10217,0,0.0,0.0,0.0,24236,0.02153108283067403,
1,random,498.0,10217,0,0.0,0.0,0.0,2,7.395918766832014e-07,
1,random_matched,498.0,10217,3,0.029362826661446607,1.6589121652562591e-06,0.01904036557501904,22749,0.26405919692390617,
1,random,499.0,10217,0,0.0,0.0,0.0,3,2.0648262479932296e-05,
1,random_matched,499.0,10217,3,0.029362826661446607,1.6589121652562591e-06,0.01904036557501904,22749,0.26405919692390617,
1,random,500.0,10217,0,0.0,0.0,0.0,2,1.8188246581093322e-06,
1,random_matched,500.0,10217,0,0.0,0.0,0.0,24236,0.02153108283067403,
1,random,501.0,10217,0,0.0,0.0,0.0,3,1.2398480130148432e-05,
1,random_matched,501.0,10217,3,0.029362826661446607,1.6589121652562591e-06,0.01904036557501904,22749,0.26405919692390617,
1,random,502.0,10217,0,0.0,0.0,0.0,3,7.673662497346091e-06,
1,random_matched,502.0,10217,0,0.0,0.0,0.0,30672,0.005696850856892226,
1,random,503.0,10217,0,0.0,0.0,0.0,2,7.935535157545079e-08,
1,random_matched,503.0,10217,0,0.0,0.0,0.0,24236,0.02153108283067403,
1,random,504.0,10217,0,0.0,0.0,0.0,2,7.364176626201833e-07,
1,random_matched,504.0,10217,0,0.0,0.0,0.0,30672,0.005696850856892226,
1,random,505.0,10217,0,0.0,0.0,0.0,10,2.102916816749446e-06,
1,random_matched,505.0,10217,3,0.029362826661446607,1.6589121652562591e-06,0.01904036557501904,22749,0.26405919692390617,
1,random,506.0,10217,0,0.0,0.0,0.0,3,1.7166149652801515e-05,
1,random_matched,506.0,10217,0,0.0,0.0,0.0,30672,0.005696850856892226,
1,random,507.0,10217,0,0.0,0.0,0.0,2,1.998167752669851e-06,
1,random_matched,507.0,10217,0,0.0,0.0,0.0,30672,0.005696850856892226,
1,random,508.0,10217,0,0.0,0.0,0.0,2,1.7251853432503002e-06,
1,random_matched,508.0,10217,3,0.029362826661446607,1.6589121652562591e-06,0.01904036557501904,22749,0.26405919692390617,
1,random,509.0,10217,0,0.0,0.0,0.0,2,1.9203995081259092e-07,
1,random_matched,509.0,10217,0,0.0,0.0,0.0,24236,0.02153108283067403,
1,random,510.0,10217,0,0.0,0.0,0.0,2,2.117200780033027e-06,
1,random_matched,510.0,10217,0,0.0,0.0,0.0,24236,0.02153108283067403,
1,random,511.0,10217,0,0.0,0.0,0.0,2,2.320350480066181e-06,
1,random_matched,511.0,10217,3,0.029362826661446607,1.6589121652562591e-06,0.01904036557501904,22749,0.26405919692390617,
1,random,512.0,10217,0,0.0,0.0,0.0,303,0.0010696434807417534,
1,random_matched,512.0,10217,0,0.0,0.0,0.0,30672,0.005696850856892226,
1,random,513.0,10217,0,0.0,0.0,0.0,11,3.940945469940037e-05,
1,random_matched,513.0,10217,0,0.0,0.0,0.0,24236,0.02153108283067403,
1,random,514.0,10217,0,0.0,0.0,0.0,2,8.994135547561592e-06,
1,random_matched,514.0,10217,3,0.029362826661446607,1.6589121652562591e-06,0.01904036557501904,22749,0.26405919692390617,
1,random,515.0,10217,0,0.0,0.0,0.0,2,1.0909773734592976e-05,
1,random_matched,515.0,10217,0,0.0,0.0,0.0,24236,0.02153108283067403,
1,random,516.0,10217,0,0.0,0.0,0.0,2,4.3804154069648835e-07,
1,random_matched,516.0,10217,0,0.0,0.0,0.0,30672,0.005696850856892226,
1,random,517.0,10217,0,0.0,0.0,0.0,2,2.334634443349762e-06,
1,random_matched,517.0,10217,3,0.029362826661446607,1.6589121652562591e-06,0.01904036557501904,22749,0.26405919692390617,
1,random,518.0,10217,0,0.0,0.0,0.0,2,1.1203388535422142e-05,
1,random_matched,518.0,10217,0,0.0,0.0,0.0,30672,0.005696850856892226,
1,random,519.0,10217,0,0.0,0.0,0.0,2,6.919786657379309e-07,
1,random_matched,519.0,10217,0,0.0,0.0,0.0,30672,0.005696850856892226,
1,random,520.0,10217,0,0.0,0.0,0.0,5,1.5331453924377093e-05,
1,random_matched,520.0,10217,0,0.0,0.0,0.0,30672,0.005696850856892226,
1,random,521.0,10217,0,0.0,0.0,0.0,9,4.8790844362650164e-05,
1,random_matched,521.0,10217,3,0.029362826661446607,1.6589121652562591e-06,0.01904036557501904,22749,0.26405919692390617,
1,random,522.0,10217,0,0.0,0.0,0.0,2,1.40300261585397e-06,
1,random_matched,522.0,10217,0,0.0,0.0,0.0,30672,0.005696850856892226,
1,random,523.0,10217,0,0.0,0.0,0.0,4,7.538758399667826e-07,
1,random_matched,523.0,10217,0,0.0,0.0,0.0,30672,0.005696850856892226,
1,random,524.0,10217,0,0.0,0.0,0.0,5,3.60162198660341e-05,
1,random_matched,524.0,10217,0,0.0,0.0,0.0,30672,0.005696850856892226,
1,random,525.0,10217,0,0.0,0.0,0.0,2,1.201440022852325e-06,
1,random_matched,525.0,10217,3,0.029362826661446607,1.6589121652562591e-06,0.01904036557501904,22749,0.26405919692390617,
1,random,526.0,10217,0,0.0,0.0,0.0,3,9.782927742221573e-06,
1,random_matched,526.0,10217,0,0.0,0.0,0.0,24236,0.02153108283067403,
1,random,527.0,10217,0,0.0,0.0,0.0,2,8.01489050912053e-07,
1,random_matched,527.0,10217,0,0.0,0.0,0.0,24236,0.02153108283067403,
1,random,528.0,10217,0,0.0,0.0,0.0,2,2.0584778198671936e-06,
1,random_matched,528.0,10217,3,0.029362826661446607,1.6589121652562591e-06,0.01904036557501904,22749,0.26405919692390617,
1,random,529.0,10217,0,0.0,0.0,0.0,2,1.715662701061246e-06,
1,random_matched,529.0,10217,0,0.0,0.0,0.0,30672,0.005696850856892226,
1,random,530.0,10217,0,0.0,0.0,0.0,2,4.088387713167225e-06,
1,random_matched,530.0,10217,0,0.0,0.0,0.0,24236,0.02153108283067403,
1,random,531.0,10217,0,0.0,0.0,0.0,2,2.2203627370811133e-06,
1,random_matched,531.0,10217,3,0.029362826661446607,1.6589121652562591e-06,0.01904036557501904,22749,0.26405919692390617,
1,random,532.0,10217,0,0.0,0.0,0.0,3,4.413744654626573e-06,
1,random_matched,532.0,10217,0,0.0,0.0,0.0,30672,0.005696850856892226,
1,random,533.0,10217,0,0.0,0.0,0.0,3,8.591327782964605e-05,
1,random_matched,533.0,10217,0,0.0,0.0,0.0,24236,0.02153108283067403,
1,random,534.0,10217,0,0.0,0.0,0.0,2,9.554384329684274e-07,
1,random_matched,534.0,10217,0,0.0,0.0,0.0,24236,0.02153108283067403,
1,random,535.0,10217,0,0.0,0.0,0.0,2,1.8251730862353682e-07,
1,random_matched,535.0,10217,3,0.029362826661446607,1.6589121652562591e-06,0.01904036557501904,22749,0.26405919692390617,
1,random,536.0,10217,0,0.0,0.0,0.0,2,2.4822353972801008e-06,
1,random_matched,536.0,10217,0,0.0,0.0,0.0,30672,0.005696850856892226,
1,random,537.0,10217,0,0.0,0.0,0.0,4,9.96544505084511e-06,
1,random_matched,537.0,10217,0,0.0,0.0,0.0,24236,0.02153108283067403,
1,random,538.0,10217,0,0.0,0.0,0.0,5,7.075640567873495e-05,
1,random_matched,538.0,10217,0,0.0,0.0,0.0,24236,0.02153108283067403,
1,random,539.0,10217,0,0.0,0.0,0.0,7,0.00033461612388117185,
1,random_matched,539.0,10217,0,0.0,0.0,0.0,30672,0.005696850856892226,
1,random,540.0,10217,0,0.0,0.0,0.0,3,4.794650342188737e-06,
1,random_matched,540.0,10217,0,0.0,0.0,0.0,30672,0.005696850856892226,
1,random,541.0,10217,0,0.0,0.0,0.0,23,7.239430013525225e-05,
1,random_matched,541.0,10217,3,0.029362826661446607,1.6589121652562591e-06,0.01904036557501904,22749,0.26405919692390617,
1,random,542.0,10217,0,0.0,0.0,0.0,3,1.0390789735289527e-05,
1,random_matched,542.0,10217,3,0.029362826661446607,1.6589121652562591e-06,0.01904036557501904,22749,0.26405919692390617,
1,random,543.0,10217,0,0.0,0.0,0.0,2,3.7392241662352413e-06,
1,random_matched,543.0,10217,0,0.0,0.0,0.0,24236,0.02153108283067403,
1,random,544.0,10217,0,0.0,0.0,0.0,3,1.4283963283581143e-06,
1,random_matched,544.0,10217,0,0.0,0.0,0.0,30672,0.005696850856892226,
1,random,545.0,10217,0,0.0,0.0,0.0,2,1.6315460283912683e-06,
1,random_matched,545.0,10217,0,0.0,0.0,0.0,30672,0.005696850856892226,
1,random,546.0,10217,0,0.0,0.0,0.0,2,1.3569765119402086e-06,
1,random_matched,546.0,10217,3,0.029362826661446607,1.6589121652562591e-06,0.01904036557501904,22749,0.26405919692390617,
1,random,547.0,10217,0,0.0,0.0,0.0,4,1.198265808789307e-05,
1,random_matched,547.0,10217,0,0.0,0.0,0.0,30672,0.005696850856892226,
1,random,548.0,10217,0,0.0,0.0,0.0,2,1.2379434845770325e-07,
1,random_matched,548.0,10217,0,0.0,0.0,0.0,30672,0.005696850856892226,
1,random,549.0,10217,0,0.0,0.0,0.0,2,3.70906913263657e-06,
1,random_matched,549.0,10217,0,0.0,0.0,0.0,30672,0.005696850856892226,
1,random,550.0,10217,0,0.0,0.0,0.0,2,2.783785733266814e-06,
1,random_matched,550.0,10217,0,0.0,0.0,0.0,30672,0.005696850856892226,
1,random,551.0,10217,0,0.0,0.0,0.0,5,6.4865064377773476e-06,
1,random_matched,551.0,10217,3,0.029362826661446607,1.6589121652562591e-06,0.01904036557501904,22749,0.26405919692390617,
1,random,552.0,10217,0,0.0,0.0,0.0,2,1.0328892561060675e-05,
1,random_matched,552.0,10217,0,0.0,0.0,0.0,30672,0.005696850856892226,
1,random,553.0,10217,0,0.0,0.0,0.0,3,5.423144726666307e-06,
1,random_matched,553.0,10217,3,0.029362826661446607,1.6589121652562591e-06,0.01904036557501904,22749,0.26405919692390617,
1,random,554.0,10217,0,0.0,0.0,0.0,2,1.012574286102752e-06,
1,random_matched,554.0,10217,3,0.029362826661446607,1.6589121652562591e-06,0.01904036557501904,22749,0.26405919692390617,
1,random,555.0,10217,0,0.0,0.0,0.0,2,1.8204117651408412e-06,
1,random_matched,555.0,10217,0,0.0,0.0,0.0,30672,0.005696850856892226,
1,random,556.0,10217,0,0.0,0.0,0.0,2,1.1268459923714013e-07,
1,random_matched,556.0,10217,3,0.029362826661446607,1.6589121652562591e-06,0.01904036557501904,22749,0.26405919692390617,
1,random,557.0,10217,0,0.0,0.0,0.0,2,1.9378576854725083e-06,
1,random_matched,557.0,10217,3,0.029362826661446607,1.6589121652562591e-06,0.01904036557501904,22749,0.26405919692390617,
1,random,558.0,10217,0,0.0,0.0,0.0,2,8.205343352901611e-07,
1,random_matched,558.0,10217,0,0.0,0.0,0.0,24236,0.02153108283067403,
1,random,559.0,10217,0,0.0,0.0,0.0,2,8.411667266997784e-07,
1,random_matched,559.0,10217,3,0.029362826661446607,1.6589121652562591e-06,0.01904036557501904,22749,0.26405919692390617,
1,random,560.0,10217,0,0.0,0.0,0.0,13,0.0006419355939274201,
1,random_matched,560.0,10217,0,0.0,0.0,0.0,24236,0.02153108283067403,
1,random,561.0,10217,0,0.0,0.0,0.0,2,2.6266621371474214e-06,
1,random_matched,561.0,10217,3,0.029362826661446607,1.6589121652562591e-06,0.01904036557501904,22749,0.26405919692390617,
1,random,562.0,10217,0,0.0,0.0,0.0,36,0.00020709207389942242,
1,random_matched,562.0,10217,0,0.0,0.0,0.0,24236,0.02153108283067403,
1,random,563.0,10217,0,0.0,0.0,0.0,2,1.7823211963846248e-06,
1,random_matched,563.0,10217,0,0.0,0.0,0.0,30672,0.005696850856892226,
1,random,564.0,10217,3,0.029362826661446607,8.059717338319905e-08,0.0,109,0.00019153842499063407,
1,random_matched,564.0,10217,0,0.0,0.0,0.0,24236,0.02153108283067403,
1,random,565.0,10217,0,0.0,0.0,0.0,2,1.3331699064675732e-07,
1,random_matched,565.0,10217,0,0.0,0.0,0.0,24236,0.02153108283067403,
1,random,566.0,10217,0,0.0,0.0,0.0,2,4.19313677724682e-06,
1,random_matched,566.0,10217,3,0.029362826661446607,1.6589121652562591e-06,0.01904036557501904,22749,0.26405919692390617,
1,random,567.0,10217,0,0.0,0.0,0.0,3,2.353044884915267e-05,
1,random_matched,567.0,10217,0,0.0,0.0,0.0,24236,0.02153108283067403,
1,random,568.0,10217,0,0.0,0.0,0.0,3,2.6338041187892118e-05,
1,random_matched,568.0,10217,3,0.029362826661446607,1.6589121652562591e-06,0.01904036557501904,22749,0.26405919692390617,
1,random,569.0,10217,0,0.0,0.0,0.0,3,8.35135719980044e-06,
1,random_matched,569.0,10217,3,0.029362826661446607,1.6589121652562591e-06,0.01904036557501904,22749,0.26405919692390617,
1,random,570.0,10217,0,0.0,0.0,0.0,8,2.4503345459467696e-05,
1,random_matched,570.0,10217,3,0.029362826661446607,1.6589121652562591e-06,0.01904036557501904,22749,0.26405919692390617,
1,random,571.0,10217,0,0.0,0.0,0.0,19,7.064530818652931e-05,
1,random_matched,571.0,10217,3,0.029362826661446607,1.6589121652562591e-06,0.01904036557501904,22749,0.26405919692390617,
1,random,572.0,10217,0,0.0,0.0,0.0,3,8.103768502885036e-06,
1,random_matched,572.0,10217,0,0.0,0.0,0.0,24236,0.02153108283067403,
1,random,573.0,10217,0,0.0,0.0,0.0,3,2.3362215503812713e-06,
1,random_matched,573.0,10217,0,0.0,0.0,0.0,30672,0.005696850856892226,
1,random,574.0,10217,0,0.0,0.0,0.0,3,0.002901687153316524,
1,random_matched,574.0,10217,0,0.0,0.0,0.0,24236,0.02153108283067403,
1,random,575.0,10217,0,0.0,0.0,0.0,2,1.51568721509111e-06,
1,random_matched,575.0,10217,0,0.0,0.0,0.0,30672,0.005696850856892226,
1,random,576.0,10217,0,0.0,0.0,0.0,2,1.2934922306798479e-06,
1,random_matched,576.0,10217,3,0.029362826661446607,1.6589121652562591e-06,0.01904036557501904,22749,0.26405919692390617,
1,random,577.0,10217,0,0.0,0.0,0.0,4,5.856424946268269e-07,
1,random_matched,577.0,10217,0,0.0,0.0,0.0,24236,0.02153108283067403,
1,random,578.0,10217,0,0.0,0.0,0.0,4,4.189962563183802e-07,
1,random_matched,578.0,10217,0,0.0,0.0,0.0,24236,0.02153108283067403,
1,random,579.0,10217,0,0.0,0.0,0.0,3,8.413254374029292e-06,
1,random_matched,579.0,10217,0,0.0,0.0,0.0,30672,0.005696850856892226,
1,random,580.0,10217,0,0.0,0.0,0.0,2,5.570745680596646e-07,
1,random_matched,580.0,10217,0,0.0,0.0,0.0,30672,0.005696850856892226,
1,random,581.0,10217,0,0.0,0.0,0.0,2,8.729882226815342e-05,
1,random_matched,581.0,10217,0,0.0,0.0,0.0,24236,0.02153108283067403,
1,random,582.0,10217,0,0.0,0.0,0.0,6,0.00013261548933883035,
1,random_matched,582.0,10217,0,0.0,0.0,0.0,30672,0.005696850856892226,
1,random,583.0,10217,0,0.0,0.0,0.0,222,0.000567630416926231,
1,random_matched,583.0,10217,0,0.0,0.0,0.0,30672,0.005696850856892226,
1,random,584.0,10217,0,0.0,0.0,0.0,7,3.0488326075288193e-05,
1,random_matched,584.0,10217,3,0.029362826661446607,1.6589121652562591e-06,0.01904036557501904,22749,0.26405919692390617,
1,random,585.0,10217,0,0.0,0.0,0.0,3,1.3633249400662445e-06,
1,random_matched,585.0,10217,0,0.0,0.0,0.0,30672,0.005696850856892226,
1,random,586.0,10217,0,0.0,0.0,0.0,3,2.0410196425205944e-06,
1,random_matched,586.0,10217,0,0.0,0.0,0.0,30672,0.005696850856892226,
1,random,587.0,10217,0,0.0,0.0,0.0,2,1.0236840353233153e-06,
1,random_matched,587.0,10217,0,0.0,0.0,0.0,30672,0.005696850856892226,
1,random,588.0,10217,0,0.0,0.0,0.0,11,7.465434054812108e-05,
1,random_matched,588.0,10217,3,0.029362826661446607,1.6589121652562591e-06,0.01904036557501904,22749,0.26405919692390617,
1,random,589.0,10217,0,0.0,0.0,0.0,2,2.317176266003163e-06,
1,random_matched,589.0,10217,0,0.0,0.0,0.0,24236,0.02153108283067403,
1,random,590.0,10217,0,0.0,0.0,0.0,2,5.507261399336285e-06,
1,random_matched,590.0,10217,3,0.029362826661446607,1.6589121652562591e-06,0.01904036557501904,22749,0.26405919692390617,
1,random,591.0,10217,0,0.0,0.0,0.0,19,0.0019279239825622935,
1,random_matched,591.0,10217,0,0.0,0.0,0.0,30672,0.005696850856892226,
1,random,592.0,10217,0,0.0,0.0,0.0,2,2.199730345671496e-06,
1,random_matched,592.0,10217,0,0.0,0.0,0.0,30672,0.005696850856892226,
1,random,593.0,10217,0,0.0,0.0,0.0,2,9.300447204642833e-07,
1,random_matched,593.0,10217,3,0.029362826661446607,1.6589121652562591e-06,0.01904036557501904,22749,0.26405919692390617,
1,random,594.0,10217,0,0.0,0.0,0.0,2,1.295079337711357e-06,
1,random_matched,594.0,10217,0,0.0,0.0,0.0,30672,0.005696850856892226,
1,random,595.0,10217,0,0.0,0.0,0.0,4,5.1409570964640044e-05,
1,random_matched,595.0,10217,0,0.0,0.0,0.0,24236,0.02153108283067403,
1,random,596.0,10217,0,0.0,0.0,0.0,7,1.593455459635052e-06,
1,random_matched,596.0,10217,0,0.0,0.0,0.0,24236,0.02153108283067403,
1,random,597.0,10217,0,0.0,0.0,0.0,2,7.951406227860169e-07,
1,random_matched,597.0,10217,3,0.029362826661446607,1.6589121652562591e-06,0.01904036557501904,22749,0.26405919692390617,
1,random,598.0,10217,0,0.0,0.0,0.0,2,1.9188124010944003e-06,
1,random_matched,598.0,10217,3,0.029362826661446607,1.6589121652562591e-06,0.01904036557501904,22749,0.26405919692390617,
1,random,599.0,10217,0,0.0,0.0,0.0,4,1.0712972462685857e-06,
1,random_matched,599.0,10217,3,0.029362826661446607,1.6589121652562591e-06,0.01904036557501904,22749,0.26405919692390617,
1,random,600.0,10217,0,0.0,0.0,0.0,3,6.856302376118948e-07,
1,random_matched,600.0,10217,0,0.0,0.0,0.0,30672,0.005696850856892226,
1,random,601.0,10217,0,0.0,0.0,0.0,2,0.0008570489067640891,
1,random_matched,601.0,10217,3,0.029362826661446607,1.6589121652562591e-06,0.01904036557501904,22749,0.26405919692390617,
1,random,602.0,10217,0,0.0,0.0,0.0,3,1.9680127190711796e-07,
1,random_matched,602.0,10217,0,0.0,0.0,0.0,30672,0.005696850856892226,
1,random,603.0,10217,0,0.0,0.0,0.0,3,5.207298170381081e-06,
1,random_matched,603.0,10217,0,0.0,0.0,0.0,30672,0.005696850856892226,
1,random,604.0,10217,0,0.0,0.0,0.0,2,1.5712359611939256e-07,
1,random_matched,604.0,10217,0,0.0,0.0,0.0,30672,0.005696850856892226,
1,random,605.0,10217,0,0.0,0.0,0.0,2,2.210840094892059e-06,
1,random_matched,605.0,10217,0,0.0,0.0,0.0,30672,0.005696850856892226,
1,random,606.0,10217,0,0.0,0.0,0.0,3,0.0015738959525787347,
1,random_matched,606.0,10217,3,0.029362826661446607,1.6589121652562591e-06,0.01904036557501904,22749,0.26405919692390617,
1,random,607.0,10217,0,0.0,0.0,0.0,2,6.543642290911672e-06,
1,random_matched,607.0,10217,0,0.0,0.0,0.0,24236,0.02153108283067403,
1,random,608.0,10217,0,0.0,0.0,0.0,2,2.463190112901993e-06,
1,random_matched,608.0,10217,0,0.0,0.0,0.0,24236,0.02153108283067403,
1,random,609.0,10217,0,0.0,0.0,0.0,3,9.254421100729071e-06,
1,random_matched,609.0,10217,3,0.029362826661446607,1.6589121652562591e-06,0.01904036557501904,22749,0.26405919692390617,
1,random,610.0,10217,0,0.0,0.0,0.0,16,3.6174930569185e-05,
1,random_matched,610.0,10217,0,0.0,0.0,0.0,24236,0.02153108283067403,
1,random,611.0,10217,0,0.0,0.0,0.0,2,5.348550696185383e-07,
1,random_matched,611.0,10217,3,0.029362826661446607,1.6589121652562591e-06,0.01904036557501904,22749,0.26405919692390617,
1,random,612.0,10217,0,0.0,0.0,0.0,10,5.7981781182118876e-05,
1,random_matched,612.0,10217,0,0.0,0.0,0.0,30672,0.005696850856892226,
1,random,613.0,10217,0,0.0,0.0,0.0,2,1.9077026518738372e-06,
1,random_matched,613.0,10217,3,0.029362826661446607,1.6589121652562591e-06,0.01904036557501904,22749,0.26405919692390617,
1,random,614.0,10217,0,0.0,0.0,0.0,2,2.7203014520064533e-06,
1,random_matched,614.0,10217,0,0.0,0.0,0.0,30672,0.005696850856892226,
1,random,615.0,10217,0,0.0,0.0,0.0,2,1.190330273631762e-06,
1,random_matched,615.0,10217,3,0.029362826661446607,1.6589121652562591e-06,0.01904036557501904,22749,0.26405919692390617,
1,random,616.0,10217,0,0.0,0.0,0.0,3,1.7153452796549444e-05,
1,random_matched,616.0,10217,0,0.0,0.0,0.0,24236,0.02153108283067403,
1,random,617.0,10217,0,0.0,0.0,0.0,2,3.955070722520468e-06,
1,random_matched,617.0,10217,0,0.0,0.0,0.0,30672,0.005696850856892226,
1,random,618.0,10217,0,0.0,0.0,0.0,2,1.1912825378506673e-05,
1,random_matched,618.0,10217,0,0.0,0.0,0.0,24236,0.02153108283067403,
1,random,619.0,10217,0,0.0,0.0,0.0,2,8.887799376450489e-07,
1,random_matched,619.0,10217,0,0.0,0.0,0.0,30672,0.005696850856892226,
1,random,620.0,10217,0,0.0,0.0,0.0,3,2.443033853601828e-05,
1,random_matched,620.0,10217,3,0.029362826661446607,1.6589121652562591e-06,0.01904036557501904,22749,0.26405919692390617,
1,random,621.0,10217,0,0.0,0.0,0.0,3,4.608958819502182e-06,
1,random_matched,621.0,10217,0,0.0,0.0,0.0,24236,0.02153108283067403,
1,random,622.0,10217,0,0.0,0.0,0.0,17,0.00010253822398470299,
1,random_matched,622.0,10217,0,0.0,0.0,0.0,30672,0.005696850856892226,
1,random,623.0,10217,0,0.0,0.0,0.0,6,2.1940167603580635e-05,
1,random_matched,623.0,10217,0,0.0,0.0,0.0,30672,0.005696850856892226,
1,random,624.0,10217,0,0.0,0.0,0.0,3,2.7456951645105976e-07,
1,random_matched,624.0,10217,0,0.0,0.0,0.0,30672,0.005696850856892226,
1,random,625.0,10217,0,0.0,0.0,0.0,2,4.332802196019613e-06,
1,random_matched,625.0,10217,0,0.0,0.0,0.0,24236,0.02153108283067403,
1,random,626.0,10217,0,0.0,0.0,0.0,3,9.17665285618513e-06,
1,random_matched,626.0,10217,0,0.0,0.0,0.0,24236,0.02153108283067403,
1,random,627.0,10217,0,0.0,0.0,0.0,2,2.2489306636482755e-06,
1,random_matched,627.0,10217,0,0.0,0.0,0.0,30672,0.005696850856892226,
1,random,628.0,10217,0,0.0,0.0,0.0,2,6.194161322573387e-05,
1,random_matched,628.0,10217,3,0.029362826661446607,1.6589121652562591e-06,0.01904036557501904,22749,0.26405919692390617,
1,random,629.0,10217,0,0.0,0.0,0.0,3,4.252812001631559e-05,
1,random_matched,629.0,10217,3,0.029362826661446607,1.6589121652562591e-06,0.01904036557501904,22749,0.26405919692390617,
1,random,630.0,10217,0,0.0,0.0,0.0,4,4.491512899170515e-07,
1,random_matched,630.0,10217,0,0.0,0.0,0.0,24236,0.02153108283067403,
1,random,631.0,10217,0,0.0,0.0,0.0,2,2.818702087960012e-06,
1,random_matched,631.0,10217,3,0.029362826661446607,1.6589121652562591e-06,0.01904036557501904,22749,0.26405919692390617,
1,random,632.0,10217,0,0.0,0.0,0.0,2,4.6660946726365064e-07,
1,random_matched,632.0,10217,0,0.0,0.0,0.0,30672,0.005696850856892226,
1,random,633.0,10217,0,0.0,0.0,0.0,7,0.00010486016157180068,
1,random_matched,633.0,10217,0,0.0,0.0,0.0,30672,0.005696850856892226,
1,random,634.0,10217,0,0.0,0.0,0.0,2,1.8711991901491297e-06,
1,random_matched,634.0,10217,3,0.029362826661446607,1.6589121652562591e-06,0.01904036557501904,22749,0.26405919692390617,
1,random,635.0,10217,0,0.0,0.0,0.0,2,0.0017767472764899652,
1,random_matched,635.0,10217,3,0.029362826661446607,1.6589121652562591e-06,0.01904036557501904,22749,0.26405919692390617,
1,random,636.0,10217,0,0.0,0.0,0.0,6,7.069926982560062e-05,
1,random_matched,636.0,10217,0,0.0,0.0,0.0,24236,0.02153108283067403,
1,random,637.0,10217,0,0.0,0.0,0.0,2,2.40288004570465e-06,
1,random_matched,637.0,10217,0,0.0,0.0,0.0,24236,0.02153108283067403,
1,random,638.0,10217,0,0.0,0.0,0.0,2,1.1284330994029102e-06,
1,random_matched,638.0,10217,0,0.0,0.0,0.0,30672,0.005696850856892226,
1,random,639.0,10217,0,0.0,0.0,0.0,2,9.217917639004364e-06,
1,random_matched,639.0,10217,3,0.029362826661446607,1.6589121652562591e-06,0.01904036557501904,22749,0.26405919692390617,
1,random,640.0,10217,0,0.0,0.0,0.0,5,8.19423360368105e-06,
1,random_matched,640.0,10217,0,0.0,0.0,0.0,24236,0.02153108283067403,
1,random,641.0,10217,0,0.0,0.0,0.0,7,0.00013866554134294272,
1,random_matched,641.0,10217,0,0.0,0.0,0.0,30672,0.005696850856892226,
1,random,642.0,10217,0,0.0,0.0,0.0,2,2.498106467595191e-06,
1,random_matched,642.0,10217,0,0.0,0.0,0.0,24236,0.02153108283067403,
1,random,643.0,10217,0,0.0,0.0,0.0,3,5.904038157213539e-07,
1,random_matched,643.0,10217,0,0.0,0.0,0.0,30672,0.005696850856892226,
1,random,644.0,10217,0,0.0,0.0,0.0,12,1.5426680346267635e-06,
1,random_matched,644.0,10217,0,0.0,0.0,0.0,24236,0.02153108283067403,
1,random,645.0,10217,0,0.0,0.0,0.0,2,3.524012452762619e-05,
1,random_matched,645.0,10217,0,0.0,0.0,0.0,24236,0.02153108283067403,
1,random,646.0,10217,0,0.0,0.0,0.0,2,9.744837173465356e-07,
1,random_matched,646.0,10217,0,0.0,0.0,0.0,24236,0.02153108283067403,
1,random,647.0,10217,0,0.0,0.0,0.0,8,0.010432433836689292,
1,random_matched,647.0,10217,0,0.0,0.0,0.0,24236,0.02153108283067403,
1,random,648.0,10217,0,0.0,0.0,0.0,2,8.564346963428951e-05,
1,random_matched,648.0,10217,0,0.0,0.0,0.0,24236,0.02153108283067403,
1,random,649.0,10217,0,0.0,0.0,0.0,2,3.574165034958304e-06,
1,random_matched,649.0,10217,3,0.029362826661446607,1.6589121652562591e-06,0.01904036557501904,22749,0.26405919692390617,
1,random,650.0,10217,0,0.0,0.0,0.0,4,3.6297137810611194e-06,
1,random_matched,650.0,10217,0,0.0,0.0,0.0,24236,0.02153108283067403,
1,random,651.0,10217,0,0.0,0.0,0.0,64,0.004288017209804492,
1,random_matched,651.0,10217,0,0.0,0.0,0.0,30672,0.005696850856892226,
1,random,652.0,10217,0,0.0,0.0,0.0,2,0.0002828335827641272,
1,random_matched,652.0,10217,3,0.029362826661446607,1.6589121652562591e-06,0.01904036557501904,22749,0.26405919692390617,
1,random,653.0,10217,0,0.0,0.0,0.0,5,2.0637152730711734e-05,
1,random_matched,653.0,10217,0,0.0,0.0,0.0,24236,0.02153108283067403,
1,random,654.0,10217,0,0.0,0.0,0.0,3,4.194723884278329e-06,
1,random_matched,654.0,10217,0,0.0,0.0,0.0,30672,0.005696850856892226,
1,random,655.0,10217,0,0.0,0.0,0.0,2,1.2696856252072126e-07,
1,random_matched,655.0,10217,0,0.0,0.0,0.0,24236,0.02153108283067403,
1,random,656.0,10217,0,0.0,0.0,0.0,100,0.38197344873396616,
1,random_matched,656.0,10217,0,0.0,0.0,0.0,30672,0.005696850856892226,
1,random,657.0,10217,0,0.0,0.0,0.0,3,1.6505913127693765e-07,
1,random_matched,657.0,10217,3,0.029362826661446607,1.6589121652562591e-06,0.01904036557501904,22749,0.26405919692390617,
1,random,658.0,10217,0,0.0,0.0,0.0,2,4.1899625631838014e-06,
1,random_matched,658.0,10217,0,0.0,0.0,0.0,30672,0.005696850856892226,
1,random,659.0,10217,0,0.0,0.0,0.0,2,1.4617255760198036e-06,
1,random_matched,659.0,10217,0,0.0,0.0,0.0,30672,0.005696850856892226,
1,random,660.0,10217,0,0.0,0.0,0.0,2,5.221582133664663e-07,
1,random_matched,660.0,10217,0,0.0,0.0,0.0,24236,0.02153108283067403,
1,random,661.0,10217,0,0.0,0.0,0.0,2,3.7550952365503316e-06,
1,random_matched,661.0,10217,0,0.0,0.0,0.0,30672,0.005696850856892226,
1,random,662.0,10217,0,0.0,0.0,0.0,2,1.2538145548921226e-07,
1,random_matched,662.0,10217,0,0.0,0.0,0.0,30672,0.005696850856892226,
1,random,663.0,10217,0,0.0,0.0,0.0,4,0.00018695485988363603,
1,random_matched,663.0,10217,0,0.0,0.0,0.0,30672,0.005696850856892226,
1,random,664.0,10217,0,0.0,0.0,0.0,2,5.443777118075924e-06,
1,random_matched,664.0,10217,3,0.029362826661446607,1.6589121652562591e-06,0.01904036557501904,22749,0.26405919692390617,
1,random,665.0,10217,0,0.0,0.0,0.0,21,0.00017658628964678763,
1,random_matched,665.0,10217,0,0.0,0.0,0.0,30672,0.005696850856892226,
1,random,666.0,10217,0,0.0,0.0,0.0,3,4.904160727362859e-07,
1,random_matched,666.0,10217,3,0.029362826661446607,1.6589121652562591e-06,0.01904036557501904,22749,0.26405919692390617,
1,random,667.0,10217,0,0.0,0.0,0.0,3,6.356363661193608e-06,
1,random_matched,667.0,10217,0,0.0,0.0,0.0,30672,0.005696850856892226,
1,random,668.0,10217,0,0.0,0.0,0.0,12,8.914780195986141e-06,
1,random_matched,668.0,10217,0,0.0,0.0,0.0,24236,0.02153108283067403,
1,random,669.0,10217,0,0.0,0.0,0.0,3,5.120007283648085e-06,
1,random_matched,669.0,10217,0,0.0,0.0,0.0,30672,0.005696850856892226,
1,random,670.0,10217,0,0.0,0.0,0.0,2,2.19338191754546e-06,
1,random_matched,670.0,10217,0,0.0,0.0,0.0,30672,0.005696850856892226,
1,random,671.0,10217,0,0.0,0.0,0.0,5,2.7739456696714578e-05,
1,random_matched,671.0,10217,0,0.0,0.0,0.0,24236,0.02153108283067403,
1,random,672.0,10217,0,0.0,0.0,0.0,4,3.091367075973261e-05,
1,random_matched,672.0,10217,0,0.0,0.0,0.0,24236,0.02153108283067403,
1,random,673.0,10217,0,0.0,0.0,0.0,7,3.7995342334325837e-06,
1,random_matched,673.0,10217,3,0.029362826661446607,1.6589121652562591e-06,0.01904036557501904,22749,0.26405919692390617,
1,random,674.0,10217,0,0.0,0.0,0.0,3,1.2488945230944446e-05,
1,random_matched,674.0,10217,0,0.0,0.0,0.0,24236,0.02153108283067403,
1,random,675.0,10217,0,0.0,0.0,0.0,2,1.0871683165836758e-06,
1,random_matched,675.0,10217,0,0.0,0.0,0.0,30672,0.005696850856892226,
1,random,676.0,10217,0,0.0,0.0,0.0,47,0.003915705706817949,
1,random_matched,676.0,10217,0,0.0,0.0,0.0,30672,0.005696850856892226,
1,random,677.0,10217,0,0.0,0.0,0.0,2,3.332924766168933e-07,
1,random_matched,677.0,10217,0,0.0,0.0,0.0,30672,0.005696850856892226,
1,random,678.0,10217,0,0.0,0.0,0.0,4,1.3817353816317492e-05,
1,random_matched,678.0,10217,0,0.0,0.0,0.0,24236,0.02153108283067403,
1,random,679.0,10217,0,0.0,0.0,0.0,2,1.994993538606833e-06,
1,random_matched,679.0,10217,0,0.0,0.0,0.0,24236,0.02153108283067403,
1,random,680.0,10217,0,0.0,0.0,0.0,3,7.20864013711395e-06,
1,random_matched,680.0,10217,0,0.0,0.0,0.0,30672,0.005696850856892226,
1,random,681.0,10217,0,0.0,0.0,0.0,3,6.453177190115658e-06,
1,random_matched,681.0,10217,0,0.0,0.0,0.0,24236,0.02153108283067403,
1,random,682.0,10217,0,0.0,0.0,0.0,4,1.3690385253796771e-05,
1,random_matched,682.0,10217,0,0.0,0.0,0.0,24236,0.02153108283067403,
1,random,683.0,10217,0,0.0,0.0,0.0,2,5.443777118075924e-07,
1,random_matched,683.0,10217,3,0.029362826661446607,1.6589121652562591e-06,0.01904036557501904,22749,0.26405919692390617,
1,random,684.0,10217,0,0.0,0.0,0.0,3,4.485164471044479e-06,
1,random_matched,684.0,10217,0,0.0,0.0,0.0,24236,0.02153108283067403,
1,random,685.0,10217,0,0.0,0.0,0.0,2,8.554506899833596e-07,
1,random_matched,685.0,10217,0,0.0,0.0,0.0,24236,0.02153108283067403,
1,random,686.0,10217,0,0.0,0.0,0.0,4,5.745327454062637e-06,
1,random_matched,686.0,10217,0,0.0,0.0,0.0,24236,0.02153108283067403,
1,random,687.0,10217,0,0.0,0.0,0.0,2,1.812476229983296e-06,
1,random_matched,687.0,10217,0,0.0,0.0,0.0,30672,0.005696850856892226,
1,random,688.0,10217,0,0.0,0.0,0.0,3,1.6283718143282502e-06,
1,random_matched,688.0,10217,0,0.0,0.0,0.0,30672,0.005696850856892226,
1,random,689.0,10217,0,0.0,0.0,0.0,4,2.412402687893704e-06,
1,random_matched,689.0,10217,0,0.0,0.0,0.0,30672,0.005696850856892226,
1,random,690.0,10217,0,0.0,0.0,0.0,4,5.904038157213539e-07,
1,random_matched,690.0,10217,3,0.029362826661446607,1.6589121652562591e-06,0.01904036557501904,22749,0.26405919692390617,
1,random,691.0,10217,0,0.0,0.0,0.0,4,4.8152827335983545e-06,
1,random_matched,691.0,10217,3,0.029362826661446607,1.6589121652562591e-06,0.01904036557501904,22749,0.26405919692390617,
1,random,692.0,10217,0,0.0,0.0,0.0,2,4.470880507760898e-06,
1,random_matched,692.0,10217,0,0.0,0.0,0.0,30672,0.005696850856892226,
1,random,693.0,10217,0,0.0,0.0,0.0,3,7.887921946599809e-06,
1,random_matched,693.0,10217,3,0.029362826661446607,1.6589121652562591e-06,0.01904036557501904,22749,0.26405919692390617,
1,random,694.0,10217,0,0.0,0.0,0.0,3,3.2694404849085724e-07,
1,random_matched,694.0,10217,0,0.0,0.0,0.0,24236,0.02153108283067403,
1,random,695.0,10217,0,0.0,0.0,0.0,3,4.6034039448919005e-05,
1,random_matched,695.0,10217,0,0.0,0.0,0.0,30672,0.005696850856892226,
1,random,696.0,10217,0,0.0,0.0,0.0,2,5.713585313432457e-08,
1,random_matched,696.0,10217,0,0.0,0.0,0.0,24236,0.02153108283067403,
1,random,697.0,10217,0,0.0,0.0,0.0,3,5.65962367436115e-06,
1,random_matched,697.0,10217,0,0.0,0.0,0.0,30672,0.005696850856892226,
1,random,698.0,10217,0,0.0,0.0,0.0,3,7.726037029385888e-06,
1,random_matched,698.0,10217,0,0.0,0.0,0.0,24236,0.02153108283067403,
1,random,699.0,10217,0,0.0,0.0,0.0,2,2.8218763020230302e-06,
1,random_matched,699.0,10217,3,0.029362826661446607,1.6589121652562591e-06,0.01904036557501904,22749,0.26405919692390617,
1,random,700.0,10217,0,0.0,0.0,0.0,2,4.001096826434229e-06,
1,random_matched,700.0,10217,0,0.0,0.0,0.0,30672,0.005696850856892226,
1,random,701.0,10217,0,0.0,0.0,0.0,6,0.0015878196425661633,
1,random_matched,701.0,10217,3,0.029362826661446607,1.6589121652562591e-06,0.01904036557501904,22749,0.26405919692390617,
1,random,702.0,10217,0,0.0,0.0,0.0,14,0.004995793938934063,
1,random_matched,702.0,10217,0,0.0,0.0,0.0,30672,0.005696850856892226,
1,random,703.0,10217,0,0.0,0.0,0.0,2,7.930773836450553e-05,
1,random_matched,703.0,10217,0,0.0,0.0,0.0,24236,0.02153108283067403,
1,random,704.0,10217,0,0.0,0.0,0.0,3,6.430798980971381e-05,
1,random_matched,704.0,10217,0,0.0,0.0,0.0,24236,0.02153108283067403,
1,random,705.0,10217,0,0.0,0.0,0.0,2,1.0951038517412209e-07,
1,random_matched,705.0,10217,0,0.0,0.0,0.0,24236,0.02153108283067403,
1,random,706.0,10217,0,0.0,0.0,0.0,2,1.49981614477602e-06,
1,random_matched,706.0,10217,0,0.0,0.0,0.0,30672,0.005696850856892226,
1,random,707.0,10217,0,0.0,0.0,0.0,3,9.735314531276303e-06,
1,random_matched,707.0,10217,0,0.0,0.0,0.0,24236,0.02153108283067403,
1,random,708.0,10217,0,0.0,0.0,0.0,2,4.550235859336348e-06,
1,random_matched,708.0,10217,0,0.0,0.0,0.0,24236,0.02153108283067403,
1,random,709.0,10217,0,0.0,0.0,0.0,7,5.819921484543561e-06,
1,random_matched,709.0,10217,3,0.029362826661446607,1.6589121652562591e-06,0.01904036557501904,22749,0.26405919692390617,
1,random,710.0,10217,0,0.0,0.0,0.0,2,7.697469102818727e-07,
1,random_matched,710.0,10217,0,0.0,0.0,0.0,30672,0.005696850856892226,
1,random,711.0,10217,0,0.0,0.0,0.0,4,5.031129289883581e-07,
1,random_matched,711.0,10217,0,0.0,0.0,0.0,24236,0.02153108283067403,
1,random,712.0,10217,0,0.0,0.0,0.0,2,2.0632391409617206e-07,
1,random_matched,712.0,10217,0,0.0,0.0,0.0,24236,0.02153108283067403,
1,random,713.0,10217,0,0.0,0.0,0.0,2,2.0299098933000314e-06,
1,random_matched,713.0,10217,0,0.0,0.0,0.0,24236,0.02153108283067403,
1,random,714.0,10217,0,0.0,0.0,0.0,10,1.585678635180658e-05,
1,random_matched,714.0,10217,0,0.0,0.0,0.0,24236,0.02153108283067403,
1,random,715.0,10217,0,0.0,0.0,0.0,14,3.268329509986516e-05,
1,random_matched,715.0,10217,0,0.0,0.0,0.0,30672,0.005696850856892226,
1,random,716.0,10217,0,0.0,0.0,0.0,6,3.083114119409414e-05,
1,random_matched,716.0,10217,3,0.029362826661446607,1.6589121652562591e-06,0.01904036557501904,22749,0.26405919692390617,
1,random,717.0,10217,0,0.0,0.0,0.0,42,0.009146694623858365,
1,random_matched,717.0,10217,0,0.0,0.0,0.0,24236,0.02153108283067403,
1,random,718.0,10217,0,0.0,0.0,0.0,3,6.004025900198607e-06,
1,random_matched,718.0,10217,3,0.029362826661446607,1.6589121652562591e-06,0.01904036557501904,22749,0.26405919692390617,
1,random,719.0,10217,0,0.0,0.0,0.0,203,0.0002149196857788249,
1,random_matched,719.0,10217,3,0.029362826661446607,1.6589121652562591e-06,0.01904036557501904,22749,0.26405919692390617,
1,random,720.0,10217,0,0.0,0.0,0.0,2,6.03100671973426e-08,
1,random_matched,720.0,10217,0,0.0,0.0,0.0,30672,0.005696850856892226,
1,random,721.0,10217,0,0.0,0.0,0.0,4,1.1946154626168363e-05,
1,random_matched,721.0,10217,0,0.0,0.0,0.0,24236,0.02153108283067403,
1,random,722.0,10217,0,0.0,0.0,0.0,2,4.656572030447453e-06,
1,random_matched,722.0,10217,0,0.0,0.0,0.0,24236,0.02153108283067403,
1,random,723.0,10217,0,0.0,0.0,0.0,2,2.7203014520064533e-06,
1,random_matched,723.0,10217,0,0.0,0.0,0.0,30672,0.005696850856892226,
1,random,724.0,10217,0,0.0,0.0,0.0,3,2.1787805328555768e-05,
1,random_matched,724.0,10217,0,0.0,0.0,0.0,30672,0.005696850856892226,
1,random,725.0,10217,0,0.0,0.0,0.0,2,2.207665880829041e-06,
1,random_matched,725.0,10217,0,0.0,0.0,0.0,24236,0.02153108283067403,
1,random,726.0,10217,0,0.0,0.0,0.0,3,6.629346070613159e-06,
1,random_matched,726.0,10217,0,0.0,0.0,0.0,24236,0.02153108283067403,
1,random,727.0,10217,0,0.0,0.0,0.0,3,1.0170181857909773e-05,
1,random_matched,727.0,10217,0,0.0,0.0,0.0,24236,0.02153108283067403,
1,random,728.0,10217,0,0.0,0.0,0.0,7,1.9919780352469658e-05,
1,random_matched,728.0,10217,3,0.029362826661446607,1.6589121652562591e-06,0.01904036557501904,22749,0.26405919692390617,
1,random,729.0,10217,0,0.0,0.0,0.0,2,7.299105237909964e-06,
1,random_matched,729.0,10217,0,0.0,0.0,0.0,24236,0.02153108283067403,
1,random,730.0,10217,0,0.0,0.0,0.0,2,1.6347202424542864e-06,
1,random_matched,730.0,10217,0,0.0,0.0,0.0,30672,0.005696850856892226,
1,random,731.0,10217,0,0.0,0.0,0.0,2,5.161272066467319e-06,
1,random_matched,731.0,10217,0,0.0,0.0,0.0,24236,0.02153108283067403,
1,random,732.0,10217,0,0.0,0.0,0.0,4,7.788569046427345e-05,
1,random_matched,732.0,10217,0,0.0,0.0,0.0,24236,0.02153108283067403,
1,random,733.0,10217,0,0.0,0.0,0.0,2,3.491635469319835e-06,
1,random_matched,733.0,10217,0,0.0,0.0,0.0,30672,0.005696850856892226,
1,random,734.0,10217,0,0.0,0.0,0.0,4,2.301305195688073e-07,
1,random_matched,734.0,10217,3,0.029362826661446607,1.6589121652562591e-06,0.01904036557501904,22749,0.26405919692390617,
1,random,735.0,10217,0,0.0,0.0,0.0,2,3.831276374062764e-06,
1,random_matched,735.0,10217,0,0.0,0.0,0.0,24236,0.02153108283067403,
1,random,736.0,10217,0,0.0,0.0,0.0,4,4.291537413200379e-06,
1,random_matched,736.0,10217,3,0.029362826661446607,1.6589121652562591e-06,0.01904036557501904,22749,0.26405919692390617,
1,random,737.0,10217,0,0.0,0.0,0.0,6,2.3647894769484336e-07,
1,random_matched,737.0,10217,0,0.0,0.0,0.0,24236,0.02153108283067403,
1,random,738.0,10217,0,0.0,0.0,0.0,3,1.9711869331341978e-06,
1,random_matched,738.0,10217,0,0.0,0.0,0.0,24236,0.02153108283067403,
1,random,739.0,10217,0,0.0,0.0,0.0,2,3.967767578772539e-06,
1,random_matched,739.0,10217,3,0.029362826661446607,1.6589121652562591e-06,0.01904036557501904,22749,0.26405919692390617,
1,random,740.0,10217,0,0.0,0.0,0.0,3,4.396286477279974e-07,
1,random_matched,740.0,10217,0,0.0,0.0,0.0,30672,0.005696850856892226,
1,random,741.0,10217,0,0.0,0.0,0.0,2,1.3903057596018979e-06,
1,random_matched,741.0,10217,0,0.0,0.0,0.0,30672,0.005696850856892226,
1,random,742.0,10217,0,0.0,0.0,0.0,2,4.215356275687946e-06,
1,random_matched,742.0,10217,3,0.029362826661446607,1.6589121652562591e-06,0.01904036557501904,22749,0.26405919692390617,
1,random,743.0,10217,0,0.0,0.0,0.0,2,1.8632636549915845e-06,
1,random_matched,743.0,10217,0,0.0,0.0,0.0,30672,0.005696850856892226,
1,random,744.0,10217,0,0.0,0.0,0.0,2,3.504332325571907e-06,
1,random_matched,744.0,10217,0,0.0,0.0,0.0,24236,0.02153108283067403,
1,random,745.0,10217,0,0.0,0.0,0.0,2,4.2534468444441624e-07,
1,random_matched,745.0,10217,0,0.0,0.0,0.0,24236,0.02153108283067403,
1,random,746.0,10217,0,0.0,0.0,0.0,32,0.010923814870500734,
1,random_matched,746.0,10217,0,0.0,0.0,0.0,24236,0.02153108283067403,
1,random,747.0,10217,0,0.0,0.0,0.0,4,0.001358885801699114,
1,random_matched,747.0,10217,0,0.0,0.0,0.0,24236,0.02153108283067403,
1,random,748.0,10217,0,0.0,0.0,0.0,2,1.203027129883834e-06,
1,random_matched,748.0,10217,3,0.029362826661446607,1.6589121652562591e-06,0.01904036557501904,22749,0.26405919692390617,
1,random,749.0,10217,0,0.0,0.0,0.0,3,1.6015497054957477e-05,
1,random_matched,749.0,10217,3,0.029362826661446607,1.6589121652562591e-06,0.01904036557501904,22749,0.26405919692390617,
1,random,750.0,10217,0,0.0,0.0,0.0,99,4.455326858852109e-05,
1,random_matched,750.0,10217,3,0.029362826661446607,1.6589121652562591e-06,0.01904036557501904,22749,0.26405919692390617,
1,random,751.0,10217,0,0.0,0.0,0.0,6,1.9138923692967222e-05,
1,random_matched,751.0,10217,0,0.0,0.0,0.0,30672,0.005696850856892226,
1,random,752.0,10217,0,0.0,0.0,0.0,3,2.904405867661499e-07,
1,random_matched,752.0,10217,3,0.029362826661446607,1.6589121652562591e-06,0.01904036557501904,22749,0.26405919692390617,
1,random,753.0,10217,0,0.0,0.0,0.0,4,4.7030742664706664e-05,
1,random_matched,753.0,10217,0,0.0,0.0,0.0,30672,0.005696850856892226,
1,random,754.0,10217,0,0.0,0.0,0.0,4,3.491635469319835e-07,
1,random_matched,754.0,10217,3,0.029362826661446607,1.6589121652562591e-06,0.01904036557501904,22749,0.26405919692390617,
1,random,755.0,10217,0,0.0,0.0,0.0,2,9.01476793897121e-07,
1,random_matched,755.0,10217,3,0.029362826661446607,1.6589121652562591e-06,0.01904036557501904,22749,0.26405919692390617,
1,random,756.0,10217,0,0.0,0.0,0.0,3,8.041871328656184e-06,
1,random_matched,756.0,10217,0,0.0,0.0,0.0,30672,0.005696850856892226,
1,random,757.0,10217,0,0.0,0.0,0.0,3,4.761321094527047e-09,
1,random_matched,757.0,10217,3,0.029362826661446607,1.6589121652562591e-06,0.01904036557501904,22749,0.26405919692390617,
1,random,758.0,10217,0,0.0,0.0,0.0,3,1.0536803582188356e-05,
1,random_matched,758.0,10217,3,0.029362826661446607,1.6589121652562591e-06,0.01904036557501904,22749,0.26405919692390617,
1,random,759.0,10217,0,0.0,0.0,0.0,2,1.310950408026447e-06,
1,random_matched,759.0,10217,0,0.0,0.0,0.0,30672,0.005696850856892226,
1,random,760.0,10217,0,0.0,0.0,0.0,2,2.0457809636151213e-06,
1,random_matched,760.0,10217,3,0.029362826661446607,1.6589121652562591e-06,0.01904036557501904,22749,0.26405919692390617,
1,random,761.0,10217,0,0.0,0.0,0.0,12,1.8569152268655486e-07,
1,random_matched,761.0,10217,0,0.0,0.0,0.0,24236,0.02153108283067403,
1,random,762.0,10217,0,0.0,0.0,0.0,2,5.047000360198671e-07,
1,random_matched,762.0,10217,0,0.0,0.0,0.0,30672,0.005696850856892226,
1,random,763.0,10217,0,0.0,0.0,0.0,2,8.491022618573234e-07,
1,random_matched,763.0,10217,3,0.029362826661446607,1.6589121652562591e-06,0.01904036557501904,22749,0.26405919692390617,
1,random,764.0,10217,0,0.0,0.0,0.0,3,2.0314970003315402e-07,
1,random_matched,764.0,10217,3,0.029362826661446607,1.6589121652562591e-06,0.01904036557501904,22749,0.26405919692390617,
1,random,765.0,10217,0,0.0,0.0,0.0,3,8.494196832636253e-06,
1,random_matched,765.0,10217,0,0.0,0.0,0.0,24236,0.02153108283067403,
1,random,766.0,10217,0,0.0,0.0,0.0,12,7.945692642546737e-05,
1,random_matched,766.0,10217,0,0.0,0.0,0.0,30672,0.005696850856892226,
1,random,767.0,10217,0,0.0,0.0,0.0,2,1.0300324634493512e-06,
1,random_matched,767.0,10217,3,0.029362826661446607,1.6589121652562591e-06,0.01904036557501904,22749,0.26405919692390617,
1,random,768.0,10217,0,0.0,0.0,0.0,3,0.005054343904433462,
1,random_matched,768.0,10217,3,0.029362826661446607,1.6589121652562591e-06,0.01904036557501904,22749,0.26405919692390617,
1,random,769.0,10217,0,0.0,0.0,0.0,3,5.8453151970477055e-06,
1,random_matched,769.0,10217,3,0.029362826661446607,1.6589121652562591e-06,0.01904036557501904,22749,0.26405919692390617,
1,random,770.0,10217,0,0.0,0.0,0.0,171,0.0013250074150045225,
1,random_matched,770.0,10217,3,0.029362826661446607,1.6589121652562591e-06,0.01904036557501904,22749,0.26405919692390617,
1,random,771.0,10217,0,0.0,0.0,0.0,42,0.0004677823393599358,
1,random_matched,771.0,10217,0,0.0,0.0,0.0,24236,0.02153108283067403,
1,random,772.0,10217,0,0.0,0.0,0.0,5,2.5160407770512428e-05,
1,random_matched,772.0,10217,0,0.0,0.0,0.0,30672,0.005696850856892226,
1,random,773.0,10217,0,0.0,0.0,0.0,3,8.713217602984497e-07,
1,random_matched,773.0,10217,0,0.0,0.0,0.0,30672,0.005696850856892226,
1,random,774.0,10217,0,0.0,0.0,0.0,3,1.8018426128721857e-05,
1,random_matched,774.0,10217,0,0.0,0.0,0.0,30672,0.005696850856892226,
1,random,775.0,10217,0,0.0,0.0,0.0,3,5.813573056417525e-06,
1,random_matched,775.0,10217,0,0.0,0.0,0.0,30672,0.005696850856892226,
1,random,776.0,10217,0,0.0,0.0,0.0,3,1.4166517363249475e-05,
1,random_matched,776.0,10217,0,0.0,0.0,0.0,30672,0.005696850856892226,
1,random,777.0,10217,0,0.0,0.0,0.0,2,2.38700897538956e-06,
1,random_matched,777.0,10217,0,0.0,0.0,0.0,24236,0.02153108283067403,
1,random,778.0,10217,0,0.0,0.0,0.0,2,4.243924202255108e-06,
1,random_matched,778.0,10217,0,0.0,0.0,0.0,30672,0.005696850856892226,
1,random,779.0,10217,0,0.0,0.0,0.0,2,4.496274220265042e-06,
1,random_matched,779.0,10217,0,0.0,0.0,0.0,24236,0.02153108283067403,
1,random,780.0,10217,0,0.0,0.0,0.0,10,1.3428512593597784e-05,
1,random_matched,780.0,10217,0,0.0,0.0,0.0,24236,0.02153108283067403,
1,random,781.0,10217,0,0.0,0.0,0.0,2,1.898180009684783e-06,
1,random_matched,781.0,10217,0,0.0,0.0,0.0,24236,0.02153108283067403,
1,random,782.0,10217,0,0.0,0.0,0.0,2,7.868876662221701e-06,
1,random_matched,782.0,10217,0,0.0,0.0,0.0,30672,0.005696850856892226,
1,random,783.0,10217,0,0.0,0.0,0.0,3,9.073490899137044e-06,
1,random_matched,783.0,10217,0,0.0,0.0,0.0,30672,0.005696850856892226,
1,random,784.0,10217,0,0.0,0.0,0.0,2,7.633984821558367e-07,
1,random_matched,784.0,10217,0,0.0,0.0,0.0,24236,0.02153108283067403,
1,random,785.0,10217,0,0.0,0.0,0.0,4,1.1625559005803542e-05,
1,random_matched,785.0,10217,0,0.0,0.0,0.0,24236,0.02153108283067403,
1,random,786.0,10217,0,0.0,0.0,0.0,2,2.62824924417893e-06,
1,random_matched,786.0,10217,3,0.029362826661446607,1.6589121652562591e-06,0.01904036557501904,22749,0.26405919692390617,
1,random,787.0,10217,0,0.0,0.0,0.0,2,3.8233408389052195e-06,
1,random_matched,787.0,10217,0,0.0,0.0,0.0,30672,0.005696850856892226,
1,random,788.0,10217,0,0.0,0.0,0.0,4,6.435719012769059e-06,
1,random_matched,788.0,10217,0,0.0,0.0,0.0,30672,0.005696850856892226,
1,random,789.0,10217,0,0.0,0.0,0.0,20,2.8502855178870415e-05,
1,random_matched,789.0,10217,0,0.0,0.0,0.0,30672,0.005696850856892226,
1,random,790.0,10217,0,0.0,0.0,0.0,6,8.104403345697638e-05,
1,random_matched,790.0,10217,3,0.029362826661446607,1.6589121652562591e-06,0.01904036557501904,22749,0.26405919692390617,
1,random,791.0,10217,0,0.0,0.0,0.0,2,0.0012650084207853555,
1,random_matched,791.0,10217,3,0.029362826661446607,1.6589121652562591e-06,0.01904036557501904,22749,0.26405919692390617,
1,random,792.0,10217,0,0.0,0.0,0.0,4,1.7823211963846247e-05,
1,random_matched,792.0,10217,0,0.0,0.0,0.0,24236,0.02153108283067403,
1,random,793.0,10217,0,0.0,0.0,0.0,43,0.004391425168442461,
1,random_matched,793.0,10217,0,0.0,0.0,0.0,24236,0.02153108283067403,
1,random,794.0,10217,0,0.0,0.0,0.0,5,6.8007536300161325e-06,
1,random_matched,794.0,10217,0,0.0,0.0,0.0,24236,0.02153108283067403,
1,random,795.0,10217,0,0.0,0.0,0.0,12,2.786325104517228e-05,
1,random_matched,795.0,10217,0,0.0,0.0,0.0,24236,0.02153108283067403,
1,random,796.0,10217,0,0.0,0.0,0.0,3,0.0002594951738657871,
1,random_matched,796.0,10217,0,0.0,0.0,0.0,24236,0.02153108283067403,
1,random,797.0,10217,0,0.0,0.0,0.0,2,7.697469102818727e-07,
1,random_matched,797.0,10217,0,0.0,0.0,0.0,24236,0.02153108283067403,
1,random,798.0,10217,0,0.0,0.0,0.0,2,2.420338223051249e-06,
1,random_matched,798.0,10217,0,0.0,0.0,0.0,30672,0.005696850856892226,
1,random,799.0,10217,0,0.0,0.0,0.0,2,2.702843274659854e-06,
1,random_matched,799.0,10217,0,0.0,0.0,0.0,24236,0.02153108283067403,
1,random,800.0,10217,0,0.0,0.0,0.0,2,1.0725669318937928e-05,
1,random_matched,800.0,10217,0,0.0,0.0,0.0,24236,0.02153108283067403,
1,random,801.0,10217,0,0.0,0.0,0.0,230,0.00023771212985832586,
1,random_matched,801.0,10217,0,0.0,0.0,0.0,30672,0.005696850856892226,
1,random,802.0,10217,0,0.0,0.0,0.0,3,8.186298068523505e-06,
1,random_matched,802.0,10217,3,0.029362826661446607,1.6589121652562591e-06,0.01904036557501904,22749,0.26405919692390617,
1,random,803.0,10217,0,0.0,0.0,0.0,2,1.206201343946852e-07,
1,random_matched,803.0,10217,0,0.0,0.0,0.0,24236,0.02153108283067403,
1,random,804.0,10217,0,0.0,0.0,0.0,6,6.840431305803858e-06,
1,random_matched,804.0,10217,3,0.029362826661446607,1.6589121652562591e-06,0.01904036557501904,22749,0.26405919692390617,
1,random,805.0,10217,0,0.0,0.0,0.0,3,1.5469532236118378e-05,
1,random_matched,805.0,10217,0,0.0,0.0,0.0,30672,0.005696850856892226,
1,random,806.0,10217,0,0.0,0.0,0.0,5,1.696458705979987e-05,
1,random_matched,806.0,10217,0,0.0,0.0,0.0,24236,0.02153108283067403,
1,random,807.0,10217,0,0.0,0.0,0.0,2,4.202659419435874e-06,
1,random_matched,807.0,10217,3,0.029362826661446607,1.6589121652562591e-06,0.01904036557501904,22749,0.26405919692390617,
1,random,808.0,10217,0,0.0,0.0,0.0,3,1.7634346227096676e-05,
1,random_matched,808.0,10217,0,0.0,0.0,0.0,24236,0.02153108283067403,
1,random,809.0,10217,0,0.0,0.0,0.0,3,6.824560235488768e-08,
1,random_matched,809.0,10217,3,0.029362826661446607,1.6589121652562591e-06,0.01904036557501904,22749,0.26405919692390617,
1,random,810.0,10217,0,0.0,0.0,0.0,8,8.443726829034267e-05,
1,random_matched,810.0,10217,0,0.0,0.0,0.0,24236,0.02153108283067403,
1,random,811.0,10217,0,0.0,0.0,0.0,2,7.078497360530211e-07,
1,random_matched,811.0,10217,3,0.029362826661446607,1.6589121652562591e-06,0.01904036557501904,22749,0.26405919692390617,
1,random,812.0,10217,0,0.0,0.0,0.0,3,0.000150072079578398,
1,random_matched,812.0,10217,0,0.0,0.0,0.0,24236,0.02153108283067403,
1,random,813.0,10217,0,0.0,0.0,0.0,6,2.3362215503812713e-06,
1,random_matched,813.0,10217,0,0.0,0.0,0.0,30672,0.005696850856892226,
1,random,814.0,10217,0,0.0,0.0,0.0,2,1.0316195704808603e-07,
1,random_matched,814.0,10217,0,0.0,0.0,0.0,24236,0.02153108283067403,
1,random,815.0,10217,0,0.0,0.0,0.0,4,5.421557619634798e-06,
1,random_matched,815.0,10217,0,0.0,0.0,0.0,24236,0.02153108283067403,
1,random,816.0,10217,0,0.0,0.0,0.0,3,1.1687456180032393e-05,
1,random_matched,816.0,10217,3,0.029362826661446607,1.6589121652562591e-06,0.01904036557501904,22749,0.26405919692390617,
1,random,817.0,10217,0,0.0,0.0,0.0,3,2.6599913848091106e-05,
1,random_matched,817.0,10217,0,0.0,0.0,0.0,30672,0.005696850856892226,
1,random,818.0,10217,0,0.0,0.0,0.0,2,3.8677798357874716e-06,
1,random_matched,818.0,10217,0,0.0,0.0,0.0,30672,0.005696850856892226,
1,random,819.0,10217,0,0.0,0.0,0.0,4,2.3327299149119513e-05,
1,random_matched,819.0,10217,0,0.0,0.0,0.0,30672,0.005696850856892226,
1,random,820.0,10217,0,0.0,0.0,0.0,6,5.539479672075918e-05,
1,random_matched,820.0,10217,3,0.029362826661446607,1.6589121652562591e-06,0.01904036557501904,22749,0.26405919692390617,
1,random,821.0,10217,0,0.0,0.0,0.0,2,1.4760095393033847e-07,
1,random_matched,821.0,10217,3,0.029362826661446607,1.6589121652562591e-06,0.01904036557501904,22749,0.26405919692390617,
1,random,822.0,10217,0,0.0,0.0,0.0,2,2.2536919847428026e-07,
1,random_matched,822.0,10217,0,0.0,0.0,0.0,24236,0.02153108283067403,
1,random,823.0,10217,0,0.0,0.0,0.0,2,2.8374299509318185e-05,
1,random_matched,823.0,10217,0,0.0,0.0,0.0,24236,0.02153108283067403,
1,random,824.0,10217,0,0.0,0.0,0.0,3,1.4022090623382155e-05,
1,random_matched,824.0,10217,3,0.029362826661446607,1.6589121652562591e-06,0.01904036557501904,22749,0.26405919692390617,
1,random,825.0,10217,0,0.0,0.0,0.0,35,0.00011382096787170058,
1,random_matched,825.0,10217,0,0.0,0.0,0.0,30672,0.005696850856892226,
1,random,826.0,10217,0,0.0,0.0,0.0,2,1.793430945605188e-07,
1,random_matched,826.0,10217,0,0.0,0.0,0.0,24236,0.02153108283067403,
1,random,827.0,10217,0,0.0,0.0,0.0,3,7.395918766832014e-07,
1,random_matched,827.0,10217,3,0.029362826661446607,1.6589121652562591e-06,0.01904036557501904,22749,0.26405919692390617,
1,random,828.0,10217,0,0.0,0.0,0.0,10,5.797067143289831e-05,
1,random_matched,828.0,10217,0,0.0,0.0,0.0,30672,0.005696850856892226,
1,random,829.0,10217,0,0.0,0.0,0.0,2,1.1220846712768741e-06,
1,random_matched,829.0,10217,0,0.0,0.0,0.0,24236,0.02153108283067403,
1,random,830.0,10217,0,0.0,0.0,0.0,41,0.00012648608198314253,
1,random_matched,830.0,10217,0,0.0,0.0,0.0,24236,0.02153108283067403,
1,random,831.0,10217,0,0.0,0.0,0.0,3,2.0375280070512745e-05,
1,random_matched,831.0,10217,0,0.0,0.0,0.0,24236,0.02153108283067403,
1,random,832.0,10217,0,0.0,0.0,0.0,28,0.00040430916784879573,
1,random_matched,832.0,10217,3,0.029362826661446607,1.6589121652562591e-06,0.01904036557501904,22749,0.26405919692390617,
1,random,833.0,10217,0,0.0,0.0,0.0,5,9.670084432281283e-05,
1,random_matched,833.0,10217,0,0.0,0.0,0.0,24236,0.02153108283067403,
1,random,834.0,10217,0,0.0,0.0,0.0,3,4.793063235157228e-07,
1,random_matched,834.0,10217,0,0.0,0.0,0.0,24236,0.02153108283067403,
1,random,835.0,10217,0,0.0,0.0,0.0,4,1.3511042159236251e-05,
1,random_matched,835.0,10217,3,0.029362826661446607,1.6589121652562591e-06,0.01904036557501904,22749,0.26405919692390617,
1,random,836.0,10217,0,0.0,0.0,0.0,2,2.510803323847263e-06,
1,random_matched,836.0,10217,0,0.0,0.0,0.0,30672,0.005696850856892226,
1,random,837.0,10217,0,0.0,0.0,0.0,3,4.9086046270510844e-05,
1,random_matched,837.0,10217,0,0.0,0.0,0.0,24236,0.02153108283067403,
1,random,838.0,10217,0,0.0,0.0,0.0,3,2.3489184066333436e-07,
1,random_matched,838.0,10217,3,0.029362826661446607,1.6589121652562591e-06,0.01904036557501904,22749,0.26405919692390617,
1,random,839.0,10217,0,0.0,0.0,0.0,2,2.185446382387915e-06,
1,random_matched,839.0,10217,0,0.0,0.0,0.0,24236,0.02153108283067403,
1,random,840.0,10217,0,0.0,0.0,0.0,2,2.182272168324897e-06,
1,random_matched,840.0,10217,3,0.029362826661446607,1.6589121652562591e-06,0.01904036557501904,22749,0.26405919692390617,
1,random,841.0,10217,0,0.0,0.0,0.0,2,3.6820883131009165e-07,
1,random_matched,841.0,10217,0,0.0,0.0,0.0,24236,0.02153108283067403,
1,random,842.0,10217,0,0.0,0.0,0.0,2,5.0787425008288505e-08,
1,random_matched,842.0,10217,0,0.0,0.0,0.0,24236,0.02153108283067403,
1,random,843.0,10217,0,0.0,0.0,0.0,3,9.183001284311165e-06,
1,random_matched,843.0,10217,3,0.029362826661446607,1.6589121652562591e-06,0.01904036557501904,22749,0.26405919692390617,
1,random,844.0,10217,0,0.0,0.0,0.0,2,3.0599423567493824e-06,
1,random_matched,844.0,10217,0,0.0,0.0,0.0,24236,0.02153108283067403,
1,random,845.0,10217,0,0.0,0.0,0.0,2,1.2855566955223027e-07,
1,random_matched,845.0,10217,0,0.0,0.0,0.0,24236,0.02153108283067403,
1,random,846.0,10217,0,0.0,0.0,0.0,3,3.3113401105404106e-05,
1,random_matched,846.0,10217,3,0.029362826661446607,1.6589121652562591e-06,0.01904036557501904,22749,0.26405919692390617,
1,random,847.0,10217,0,0.0,0.0,0.0,2,2.0267356792370133e-06,
1,random_matched,847.0,10217,0,0.0,0.0,0.0,24236,0.02153108283067403,
1,random,848.0,10217,0,0.0,0.0,0.0,3,0.0007019171299692404,
1,random_matched,848.0,10217,0,0.0,0.0,0.0,24236,0.02153108283067403,
1,random,849.0,10217,0,0.0,0.0,0.0,2,3.296421304444226e-06,
1,random_matched,849.0,10217,0,0.0,0.0,0.0,24236,0.02153108283067403,
1,random,850.0,10217,0,0.0,0.0,0.0,5,5.107310427396013e-06,
1,random_matched,850.0,10217,0,0.0,0.0,0.0,30672,0.005696850856892226,
1,random,851.0,10217,0,0.0,0.0,0.0,4,8.506893688888325e-07,
1,random_matched,851.0,10217,3,0.029362826661446607,1.6589121652562591e-06,0.01904036557501904,22749,0.26405919692390617,
1,random,852.0,10217,0,0.0,0.0,0.0,3,3.7677920928024035e-06,
1,random_matched,852.0,10217,0,0.0,0.0,0.0,24236,0.02153108283067403,
1,random,853.0,10217,0,0.0,0.0,0.0,3,3.410693010712875e-05,
1,random_matched,853.0,10217,0,0.0,0.0,0.0,24236,0.02153108283067403,
1,random,854.0,10217,0,0.0,0.0,0.0,41,0.0021462083352479172,
1,random_matched,854.0,10217,3,0.029362826661446607,1.6589121652562591e-06,0.01904036557501904,22749,0.26405919692390617,
1,random,855.0,10217,0,0.0,0.0,0.0,7,8.976677370214993e-06,
1,random_matched,855.0,10217,3,0.029362826661446607,1.6589121652562591e-06,0.01904036557501904,22749,0.26405919692390617,
1,random,856.0,10217,0,0.0,0.0,0.0,2,5.2374532039797526e-08,
1,random_matched,856.0,10217,0,0.0,0.0,0.0,30672,0.005696850856892226,
1,random,857.0,10217,0,0.0,0.0,0.0,12,2.7279195657576964e-05,
1,random_matched,857.0,10217,0,0.0,0.0,0.0,30672,0.005696850856892226,
1,random,858.0,10217,0,0.0,0.0,0.0,4,2.062604298149117e-05,
1,random_matched,858.0,10217,3,0.029362826661446607,1.6589121652562591e-06,0.01904036557501904,22749,0.26405919692390617,
1,random,859.0,10217,0,0.0,0.0,0.0,2,9.774992207064028e-06,
1,random_matched,859.0,10217,0,0.0,0.0,0.0,30672,0.005696850856892226,
1,random,860.0,10217,0,0.0,0.0,0.0,2,2.698081953565327e-07,
1,random_matched,860.0,10217,3,0.029362826661446607,1.6589121652562591e-06,0.01904036557501904,22749,0.26405919692390617,
1,random,861.0,10217,0,0.0,0.0,0.0,2,3.4487835794690912e-06,
1,random_matched,861.0,10217,3,0.029362826661446607,1.6589121652562591e-06,0.01904036557501904,22749,0.26405919692390617,
1,random,862.0,10217,0,0.0,0.0,0.0,3,1.5220356432171462e-06,
1,random_matched,862.0,10217,3,0.029362826661446607,1.6589121652562591e-06,0.01904036557501904,22749,0.26405919692390617,
1,random,863.0,10217,0,0.0,0.0,0.0,7,8.167252784145395e-06,
1,random_matched,863.0,10217,3,0.029362826661446607,1.6589121652562591e-06,0.01904036557501904,22749,0.26405919692390617,
1,random,864.0,10217,0,0.0,0.0,0.0,28,0.000123578501901418,
1,random_matched,864.0,10217,0,0.0,0.0,0.0,30672,0.005696850856892226,
1,random,865.0,10217,0,0.0,0.0,0.0,2,0.0002925530262250884,
1,random_matched,865.0,10217,3,0.029362826661446607,1.6589121652562591e-06,0.01904036557501904,22749,0.26405919692390617,
1,random,866.0,10217,0,0.0,0.0,0.0,4,0.00022220133283938826,
1,random_matched,866.0,10217,0,0.0,0.0,0.0,30672,0.005696850856892226,
1,random,867.0,10217,0,0.0,0.0,0.0,2,2.3489184066333436e-07,
1,random_matched,867.0,10217,0,0.0,0.0,0.0,24236,0.02153108283067403,
1,random,868.0,10217,0,0.0,0.0,0.0,2,6.348428126036063e-08,
1,random_matched,868.0,10217,0,0.0,0.0,0.0,24236,0.02153108283067403,
1,random,869.0,10217,0,0.0,0.0,0.0,5,2.512707852285074e-05,
1,random_matched,869.0,10217,0,0.0,0.0,0.0,24236,0.02153108283067403,
1,random,870.0,10217,0,0.0,0.0,0.0,2,1.7093142729352101e-06,
1,random_matched,870.0,10217,0,0.0,0.0,0.0,30672,0.005696850856892226,
1,random,871.0,10217,0,0.0,0.0,0.0,2,3.113903995820689e-06,
1,random_matched,871.0,10217,0,0.0,0.0,0.0,30672,0.005696850856892226,
1,random,872.0,10217,0,0.0,0.0,0.0,2,1.301427765837393e-07,
1,random_matched,872.0,10217,3,0.029362826661446607,1.6589121652562591e-06,0.01904036557501904,22749,0.26405919692390617,
1,random,873.0,10217,0,0.0,0.0,0.0,3,1.3682449718639226e-05,
1,random_matched,873.0,10217,3,0.029362826661446607,1.6589121652562591e-06,0.01904036557501904,22749,0.26405919692390617,
1,random,874.0,10217,0,0.0,0.0,0.0,2,2.396531617578614e-07,
1,random_matched,874.0,10217,0,0.0,0.0,0.0,24236,0.02153108283067403,
1,random,875.0,10217,0,0.0,0.0,0.0,8,7.537171292636317e-06,
1,random_matched,875.0,10217,0,0.0,0.0,0.0,24236,0.02153108283067403,
1,random,876.0,10217,0,0.0,0.0,0.0,3,9.928941589120403e-06,
1,random_matched,876.0,10217,0,0.0,0.0,0.0,24236,0.02153108283067403,
1,random,877.0,10217,0,0.0,0.0,0.0,3,2.0568907128356843e-06,
1,random_matched,877.0,10217,0,0.0,0.0,0.0,30672,0.005696850856892226,
1,random,878.0,10217,0,0.0,0.0,0.0,2,3.332924766168933e-08,
1,random_matched,878.0,10217,0,0.0,0.0,0.0,24236,0.02153108283067403,
1,random,879.0,10217,0,0.0,0.0,0.0,77,0.007156444948168713,
1,random_matched,879.0,10217,0,0.0,0.0,0.0,24236,0.02153108283067403,
1,random,880.0,10217,0,0.0,0.0,0.0,2,1.4252221142950962e-06,
1,random_matched,880.0,10217,0,0.0,0.0,0.0,30672,0.005696850856892226,
1,random,881.0,10217,0,0.0,0.0,0.0,6,3.083114119409414e-05,
1,random_matched,881.0,10217,0,0.0,0.0,0.0,30672,0.005696850856892226,
1,random,882.0,10217,0,0.0,0.0,0.0,2,8.729088673299588e-08,
1,random_matched,882.0,10217,0,0.0,0.0,0.0,24236,0.02153108283067403,
1,random,883.0,10217,0,0.0,0.0,0.0,2,2.369550798042961e-06,
1,random_matched,883.0,10217,0,0.0,0.0,0.0,24236,0.02153108283067403,
1,random,884.0,10217,0,0.0,0.0,0.0,30,0.0006008358702394626,
1,random_matched,884.0,10217,0,0.0,0.0,0.0,24236,0.02153108283067403,
1,random,885.0,10217,0,0.0,0.0,0.0,7,4.828297011256728e-05,
1,random_matched,885.0,10217,3,0.029362826661446607,1.6589121652562591e-06,0.01904036557501904,22749,0.26405919692390617,
1,random,886.0,10217,0,0.0,0.0,0.0,2,9.332189345273013e-07,
1,random_matched,886.0,10217,0,0.0,0.0,0.0,24236,0.02153108283067403,
1,random,887.0,10217,0,0.0,0.0,0.0,4,1.1587468437047325e-05,
1,random_matched,887.0,10217,3,0.029362826661446607,1.6589121652562591e-06,0.01904036557501904,22749,0.26405919692390617,
1,random,888.0,10217,0,0.0,0.0,0.0,3,0.0015610149919110076,
1,random_matched,888.0,10217,0,0.0,0.0,0.0,24236,0.02153108283067403,
1,random,889.0,10217,0,0.0,0.0,0.0,3,5.012084005505472e-06,
1,random_matched,889.0,10217,0,0.0,0.0,0.0,30672,0.005696850856892226,
1,random,890.0,10217,0,0.0,0.0,0.0,8,2.2019522955156085e-05,
1,random_matched,890.0,10217,0,0.0,0.0,0.0,24236,0.02153108283067403,
1,random,891.0,10217,0,0.0,0.0,0.0,381,0.01434244817769225,
1,random_matched,891.0,10217,3,0.029362826661446607,1.6589121652562591e-06,0.01904036557501904,22749,0.26405919692390617,
1,random,892.0,10217,0,0.0,0.0,0.0,2,2.2219498441126222e-07,
1,random_matched,892.0,10217,0,0.0,0.0,0.0,30672,0.005696850856892226,
1,random,893.0,10217,0,0.0,0.0,0.0,98,0.000129031801661683,
1,random_matched,893.0,10217,0,0.0,0.0,0.0,24236,0.02153108283067403,
1,random,894.0,10217,0,0.0,0.0,0.0,2,2.6615784918406197e-06,
1,random_matched,894.0,10217,0,0.0,0.0,0.0,30672,0.005696850856892226,
1,random,895.0,10217,0,0.0,0.0,0.0,218,0.000994505072549022,
1,random_matched,895.0,10217,0,0.0,0.0,0.0,24236,0.02153108283067403,
1,random,896.0,10217,0,0.0,0.0,0.0,2,4.87083147970117e-06,
1,random_matched,896.0,10217,3,0.029362826661446607,1.6589121652562591e-06,0.01904036557501904,22749,0.26405919692390617,
1,random,897.0,10217,0,0.0,0.0,0.0,2,2.002770363061227e-05,
1,random_matched,897.0,10217,0,0.0,0.0,0.0,24236,0.02153108283067403,
1,random,898.0,10217,0,0.0,0.0,0.0,2,8.878276734261434e-06,
1,random_matched,898.0,10217,3,0.029362826661446607,1.6589121652562591e-06,0.01904036557501904,22749,0.26405919692390617,
1,random,899.0,10217,0,0.0,0.0,0.0,2,4.070929535820625e-06,
1,random_matched,899.0,10217,3,0.029362826661446607,1.6589121652562591e-06,0.01904036557501904,22749,0.26405919692390617,
1,random,900.0,10217,0,0.0,0.0,0.0,2,4.862895944543624e-06,
1,random_matched,900.0,10217,0,0.0,0.0,0.0,30672,0.005696850856892226,
1,random,901.0,10217,0,0.0,0.0,0.0,6,1.9102420231242515e-05,
1,random_matched,901.0,10217,3,0.029362826661446607,1.6589121652562591e-06,0.01904036557501904,22749,0.26405919692390617,
1,random,902.0,10217,0,0.0,0.0,0.0,3,1.3942735271806705e-05,
1,random_matched,902.0,10217,0,0.0,0.0,0.0,30672,0.005696850856892226,
1,random,903.0,10217,0,0.0,0.0,0.0,10,0.0005627151464496476,
1,random_matched,903.0,10217,0,0.0,0.0,0.0,30672,0.005696850856892226,
1,random,904.0,10217,0,0.0,0.0,0.0,2,1.3871315455388798e-06,
1,random_matched,904.0,10217,0,0.0,0.0,0.0,30672,0.005696850856892226,
1,random,905.0,10217,0,0.0,0.0,0.0,10,3.384823166099278e-05,
1,random_matched,905.0,10217,3,0.029362826661446607,1.6589121652562591e-06,0.01904036557501904,22749,0.26405919692390617,
1,random,906.0,10217,0,0.0,0.0,0.0,2,7.776824454394178e-08,
1,random_matched,906.0,10217,3,0.029362826661446607,1.6589121652562591e-06,0.01904036557501904,22749,0.26405919692390617,
1,random,907.0,10217,0,0.0,0.0,0.0,5,9.189349712437202e-07,
1,random_matched,907.0,10217,3,0.029362826661446607,1.6589121652562591e-06,0.01904036557501904,22749,0.26405919692390617,
1,random,908.0,10217,0,0.0,0.0,0.0,5,4.276777317807345e-05,
1,random_matched,908.0,10217,0,0.0,0.0,0.0,24236,0.02153108283067403,
1,random,909.0,10217,0,0.0,0.0,0.0,3,3.788900616321474e-05,
1,random_matched,909.0,10217,3,0.029362826661446607,1.6589121652562591e-06,0.01904036557501904,22749,0.26405919692390617,
1,random,910.0,10217,0,0.0,0.0,0.0,3,4.899399406268332e-06,
1,random_matched,910.0,10217,0,0.0,0.0,0.0,30672,0.005696850856892226,
1,random,911.0,10217,0,0.0,0.0,0.0,2,4.3486732663347034e-07,
1,random_matched,911.0,10217,0,0.0,0.0,0.0,24236,0.02153108283067403,
1,random,912.0,10217,0,0.0,0.0,0.0,3,1.3396770452967602e-05,
1,random_matched,912.0,10217,3,0.029362826661446607,1.6589121652562591e-06,0.01904036557501904,22749,0.26405919692390617,
1,random,913.0,10217,0,0.0,0.0,0.0,67,0.0007364557531889396,
1,random_matched,913.0,10217,0,0.0,0.0,0.0,30672,0.005696850856892226,
1,random,914.0,10217,0,0.0,0.0,0.0,3,4.888289657047769e-07,
1,random_matched,914.0,10217,3,0.029362826661446607,1.6589121652562591e-06,0.01904036557501904,22749,0.26405919692390617,
1,random,915.0,10217,0,0.0,0.0,0.0,3,1.3520564801425306e-05,
1,random_matched,915.0,10217,0,0.0,0.0,0.0,30672,0.005696850856892226,
1,random,916.0,10217,0,0.0,0.0,0.0,2,1.3649120470977536e-06,
1,random_matched,916.0,10217,0,0.0,0.0,0.0,30672,0.005696850856892226,
1,random,917.0,10217,0,0.0,0.0,0.0,15,2.6983993749716287e-05,
1,random_matched,917.0,10217,0,0.0,0.0,0.0,30672,0.005696850856892226,
1,random,918.0,10217,0,0.0,0.0,0.0,7,1.6759850252735206e-05,
1,random_matched,918.0,10217,0,0.0,0.0,0.0,30672,0.005696850856892226,
1,random,919.0,10217,0,0.0,0.0,0.0,7,1.2388957487959377e-05,
1,random_matched,919.0,10217,3,0.029362826661446607,1.6589121652562591e-06,0.01904036557501904,22749,0.26405919692390617,
1,random,920.0,10217,0,0.0,0.0,0.0,4,3.959832043614995e-05,
1,random_matched,920.0,10217,0,0.0,0.0,0.0,24236,0.02153108283067403,
1,random,921.0,10217,0,0.0,0.0,0.0,3,1.0116220218838466e-05,
1,random_matched,921.0,10217,0,0.0,0.0,0.0,30672,0.005696850856892226,
1,random,922.0,10217,0,0.0,0.0,0.0,8,0.0001439268011523951,
1,random_matched,922.0,10217,0,0.0,0.0,0.0,24236,0.02153108283067403,
1,random,923.0,10217,0,0.0,0.0,0.0,4,3.63860158043757e-05,
1,random_matched,923.0,10217,3,0.029362826661446607,1.6589121652562591e-06,0.01904036557501904,22749,0.26405919692390617,
1,random,924.0,10217,0,0.0,0.0,0.0,2,1.6204362791707053e-06,
1,random_matched,924.0,10217,3,0.029362826661446607,1.6589121652562591e-06,0.01904036557501904,22749,0.26405919692390617,
1,random,925.0,10217,0,0.0,0.0,0.0,2,5.983393508788989e-07,
1,random_matched,925.0,10217,3,0.029362826661446607,1.6589121652562591e-06,0.01904036557501904,22749,0.26405919692390617,
1,random,926.0,10217,0,0.0,0.0,0.0,3,7.973625726301295e-06,
1,random_matched,926.0,10217,0,0.0,0.0,0.0,24236,0.02153108283067403,
1,random,927.0,10217,0,0.0,0.0,0.0,2,0.001522188005492171,
1,random_matched,927.0,10217,3,0.029362826661446607,1.6589121652562591e-06,0.01904036557501904,22749,0.26405919692390617,
1,random,928.0,10217,0,0.0,0.0,0.0,4,5.919433095419176e-05,
1,random_matched,928.0,10217,0,0.0,0.0,0.0,24236,0.02153108283067403,
1,random,929.0,10217,0,0.0,0.0,0.0,2,7.300692344941473e-08,
1,random_matched,929.0,10217,0,0.0,0.0,0.0,30672,0.005696850856892226,
1,random,930.0,10217,0,0.0,0.0,0.0,5,2.180526350590237e-05,
1,random_matched,930.0,10217,0,0.0,0.0,0.0,30672,0.005696850856892226,
1,random,931.0,10217,0,0.0,0.0,0.0,3,0.000482512279719371,
1,random_matched,931.0,10217,0,0.0,0.0,0.0,24236,0.02153108283067403,
1,random,932.0,10217,0,0.0,0.0,0.0,2,1.3649120470977536e-07,
1,random_matched,932.0,10217,3,0.029362826661446607,1.6589121652562591e-06,0.01904036557501904,22749,0.26405919692390617,
1,random,933.0,10217,0,0.0,0.0,0.0,113,0.0002018593820165372,
1,random_matched,933.0,10217,0,0.0,0.0,0.0,30672,0.005696850856892226,
1,random,934.0,10217,0,0.0,0.0,0.0,5,2.4411293251640172e-05,
1,random_matched,934.0,10217,0,0.0,0.0,0.0,30672,0.005696850856892226,
1,random,935.0,10217,0,0.0,0.0,0.0,2,1.0633617111110406e-07,
1,random_matched,935.0,10217,0,0.0,0.0,0.0,30672,0.005696850856892226,
1,random,936.0,10217,0,0.0,0.0,0.0,4,2.5711133910446054e-07,
1,random_matched,936.0,10217,0,0.0,0.0,0.0,30672,0.005696850856892226,
1,random,937.0,10217,0,0.0,0.0,0.0,8,2.3087645987361653e-05,
1,random_matched,937.0,10217,0,0.0,0.0,0.0,24236,0.02153108283067403,
1,random,938.0,10217,0,0.0,0.0,0.0,3,1.609326529950142e-06,
1,random_matched,938.0,10217,3,0.029362826661446607,1.6589121652562591e-06,0.01904036557501904,22749,0.26405919692390617,
1,random,939.0,10217,0,0.0,0.0,0.0,11,0.0002932180240712907,
1,random_matched,939.0,10217,3,0.029362826661446607,1.6589121652562591e-06,0.01904036557501904,22749,0.26405919692390617,
1,random,940.0,10217,0,0.0,0.0,0.0,5,2.5406409360396326e-05,
1,random_matched,940.0,10217,0,0.0,0.0,0.0,24236,0.02153108283067403,
1,random,941.0,10217,0,0.0,0.0,0.0,2,4.01538078971781e-06,
1,random_matched,941.0,10217,0,0.0,0.0,0.0,24236,0.02153108283067403,
1,random,942.0,10217,0,0.0,0.0,0.0,3,5.391402586036126e-06,
1,random_matched,942.0,10217,0,0.0,0.0,0.0,24236,0.02153108283067403,
1,random,943.0,10217,0,0.0,0.0,0.0,5,0.0021176673895002907,
1,random_matched,943.0,10217,3,0.029362826661446607,1.6589121652562591e-06,0.01904036557501904,22749,0.26405919692390617,
1,random,944.0,10217,0,0.0,0.0,0.0,2,2.4536674707129386e-06,
1,random_matched,944.0,10217,0,0.0,0.0,0.0,24236,0.02153108283067403,
1,random,945.0,10217,0,0.0,0.0,0.0,7,7.04675521990003e-07,
1,random_matched,945.0,10217,0,0.0,0.0,0.0,24236,0.02153108283067403,
1,random,946.0,10217,0,0.0,0.0,0.0,2,1.5363196065007273e-06,
1,random_matched,946.0,10217,0,0.0,0.0,0.0,30672,0.005696850856892226,
1,random,947.0,10217,0,0.0,0.0,0.0,2,2.413989794925213e-06,
1,random_matched,947.0,10217,0,0.0,0.0,0.0,24236,0.02153108283067403,
1,random,948.0,10217,0,0.0,0.0,0.0,13,6.230188652188642e-05,
1,random_matched,948.0,10217,0,0.0,0.0,0.0,24236,0.02153108283067403,
1,random,949.0,10217,0,0.0,0.0,0.0,2,3.491635469319835e-08,
1,random_matched,949.0,10217,0,0.0,0.0,0.0,24236,0.02153108283067403,
1,random,950.0,10217,0,0.0,0.0,0.0,5,1.2073123188689084e-05,
1,random_matched,950.0,10217,0,0.0,0.0,0.0,30672,0.005696850856892226,
1,random,951.0,10217,0,0.0,0.0,0.0,2,4.110607211608351e-07,
1,random_matched,951.0,10217,3,0.029362826661446607,1.6589121652562591e-06,0.01904036557501904,22749,0.26405919692390617,
1,random,952.0,10217,0,0.0,0.0,0.0,3,1.0717733783780383e-05,
1,random_matched,952.0,10217,0,0.0,0.0,0.0,30672,0.005696850856892226,
1,random,953.0,10217,0,0.0,0.0,0.0,5,2.6082516955819168e-05,
1,random_matched,953.0,10217,0,0.0,0.0,0.0,30672,0.005696850856892226,
1,random,954.0,10217,0,0.0,0.0,0.0,5,1.9426190065670356e-06,
1,random_matched,954.0,10217,0,0.0,0.0,0.0,24236,0.02153108283067403,
1,random,955.0,10217,0,0.0,0.0,0.0,3,1.728835689422771e-05,
1,random_matched,955.0,10217,0,0.0,0.0,0.0,30672,0.005696850856892226,
1,random,956.0,10217,0,0.0,0.0,0.0,2,3.3646669067991134e-07,
1,random_matched,956.0,10217,0,0.0,0.0,0.0,24236,0.02153108283067403,
1,random,957.0,10217,0,0.0,0.0,0.0,6,1.4607733118008982e-05,
1,random_matched,957.0,10217,0,0.0,0.0,0.0,24236,0.02153108283067403,
1,random,958.0,10217,0,0.0,0.0,0.0,3,1.1103400792437076e-05,
1,random_matched,958.0,10217,0,0.0,0.0,0.0,24236,0.02153108283067403,
1,random,959.0,10217,0,0.0,0.0,0.0,2,3.110729781757671e-07,
1,random_matched,959.0,10217,0,0.0,0.0,0.0,24236,0.02153108283067403,
1,random,960.0,10217,0,0.0,0.0,0.0,4,7.503842044974627e-06,
1,random_matched,960.0,10217,0,0.0,0.0,0.0,30672,0.005696850856892226,
1,random,961.0,10217,0,0.0,0.0,0.0,4,5.888167086898448e-07,
1,random_matched,961.0,10217,0,0.0,0.0,0.0,24236,0.02153108283067403,
1,random,962.0,10217,0,0.0,0.0,0.0,2,1.7937483670114896e-05,
1,random_matched,962.0,10217,0,0.0,0.0,0.0,30672,0.005696850856892226,
1,random,963.0,10217,0,0.0,0.0,0.0,3,3.9360254381423593e-07,
1,random_matched,963.0,10217,0,0.0,0.0,0.0,30672,0.005696850856892226,
1,random,964.0,10217,0,0.0,0.0,0.0,3,1.204614236915343e-05,
1,random_matched,964.0,10217,0,0.0,0.0,0.0,24236,0.02153108283067403,
1,random,965.0,10217,0,0.0,0.0,0.0,2,3.2535694145934826e-07,
1,random_matched,965.0,10217,0,0.0,0.0,0.0,30672,0.005696850856892226,
1,random,966.0,10217,0,0.0,0.0,0.0,12,3.250871332639917e-05,
1,random_matched,966.0,10217,0,0.0,0.0,0.0,30672,0.005696850856892226,
1,random,967.0,10217,0,0.0,0.0,0.0,2,1.301427765837393e-07,
1,random_matched,967.0,10217,0,0.0,0.0,0.0,24236,0.02153108283067403,
1,random,968.0,10217,0,0.0,0.0,0.0,4,7.470512797312938e-06,
1,random_matched,968.0,10217,3,0.029362826661446607,1.6589121652562591e-06,0.01904036557501904,22749,0.26405919692390617,
1,random,969.0,10217,0,0.0,0.0,0.0,4,2.4600158988389746e-07,
1,random_matched,969.0,10217,3,0.029362826661446607,1.6589121652562591e-06,0.01904036557501904,22749,0.26405919692390617,
1,random,970.0,10217,0,0.0,0.0,0.0,3,6.943593262851944e-06,
1,random_matched,970.0,10217,3,0.029362826661446607,1.6589121652562591e-06,0.01904036557501904,22749,0.26405919692390617,
1,random,971.0,10217,0,0.0,0.0,0.0,2,1.6188491721391961e-07,
1,random_matched,971.0,10217,0,0.0,0.0,0.0,30672,0.005696850856892226,
1,random,972.0,10217,0,0.0,0.0,0.0,2,3.301182625538753e-06,
1,random_matched,972.0,10217,3,0.029362826661446607,1.6589121652562591e-06,0.01904036557501904,22749,0.26405919692390617,
1,random,973.0,10217,0,0.0,0.0,0.0,3,3.6646301357543178e-06,
1,random_matched,973.0,10217,0,0.0,0.0,0.0,24236,0.02153108283067403,
1,random,974.0,10217,0,0.0,0.0,0.0,2,3.1726269559865227e-06,
1,random_matched,974.0,10217,3,0.029362826661446607,1.6589121652562591e-06,0.01904036557501904,22749,0.26405919692390617,
1,random,975.0,10217,0,0.0,0.0,0.0,3,3.813976907419316e-05,
1,random_matched,975.0,10217,0,0.0,0.0,0.0,24236,0.02153108283067403,
1,random,976.0,10217,0,0.0,0.0,0.0,2,4.681965742951597e-07,
1,random_matched,976.0,10217,3,0.029362826661446607,1.6589121652562591e-06,0.01904036557501904,22749,0.26405919692390617,
1,random,977.0,10217,0,0.0,0.0,0.0,3,8.43388676543891e-06,
1,random_matched,977.0,10217,0,0.0,0.0,0.0,24236,0.02153108283067403,
1,random,978.0,10217,0,0.0,0.0,0.0,11,9.818161518321074e-05,
1,random_matched,978.0,10217,0,0.0,0.0,0.0,24236,0.02153108283067403,
1,random,979.0,10217,0,0.0,0.0,0.0,4,7.889509053631318e-06,
1,random_matched,979.0,10217,0,0.0,0.0,0.0,24236,0.02153108283067403,
1,random,980.0,10217,0,0.0,0.0,0.0,3,1.6140878510446691e-06,
1,random_matched,980.0,10217,0,0.0,0.0,0.0,24236,0.02153108283067403,
1,random,981.0,10217,0,0.0,0.0,0.0,5,9.221091853067382e-07,
1,random_matched,981.0,10217,0,0.0,0.0,0.0,24236,0.02153108283067403,
1,random,982.0,10217,0,0.0,0.0,0.0,3,3.205956203648212e-07,
1,random_matched,982.0,10217,0,0.0,0.0,0.0,24236,0.02153108283067403,
1,random,983.0,10217,0,0.0,0.0,0.0,2,1.9410318995355263e-06,
1,random_matched,983.0,10217,0,0.0,0.0,0.0,24236,0.02153108283067403,
1,random,984.0,10217,0,0.0,0.0,0.0,2,1.9521416487560896e-07,
1,random_matched,984.0,10217,0,0.0,0.0,0.0,30672,0.005696850856892226,
1,random,985.0,10217,0,0.0,0.0,0.0,2,1.2538145548921226e-07,
1,random_matched,985.0,10217,0,0.0,0.0,0.0,30672,0.005696850856892226,
1,random,986.0,10217,0,0.0,0.0,0.0,15,2.1952864459832706e-05,
1,random_matched,986.0,10217,0,0.0,0.0,0.0,30672,0.005696850856892226,
1,random,987.0,10217,0,0.0,0.0,0.0,2,7.2245112074290405e-06,
1,random_matched,987.0,10217,3,0.029362826661446607,1.6589121652562591e-06,0.01904036557501904,22749,0.26405919692390617,
1,random,988.0,10217,0,0.0,0.0,0.0,9,0.0011594356481564073,
1,random_matched,988.0,10217,0,0.0,0.0,0.0,24236,0.02153108283067403,
1,random,989.0,10217,0,0.0,0.0,0.0,2,1.6839205604310658e-06,
1,random_matched,989.0,10217,0,0.0,0.0,0.0,24236,0.02153108283067403,
1,random,990.0,10217,0,0.0,0.0,0.0,2,1.2934922306798479e-06,
1,random_matched,990.0,10217,0,0.0,0.0,0.0,30672,0.005696850856892226,
1,random,991.0,10217,0,0.0,0.0,0.0,333,0.0003020185325610082,
1,random_matched,991.0,10217,3,0.029362826661446607,1.6589121652562591e-06,0.01904036557501904,22749,0.26405919692390617,
1,random,992.0,10217,0,0.0,0.0,0.0,3,0.000406021656335794,
1,random_matched,992.0,10217,0,0.0,0.0,0.0,24236,0.02153108283067403,
1,random,993.0,10217,0,0.0,0.0,0.0,4,1.6505913127693765e-07,
1,random_matched,993.0,10217,0,0.0,0.0,0.0,30672,0.005696850856892226,
1,random,994.0,10217,0,0.0,0.0,0.0,19,0.00016116119640755152,
1,random_matched,994.0,10217,0,0.0,0.0,0.0,24236,0.02153108283067403,
1,random,995.0,10217,0,0.0,0.0,0.0,2,1.99975485970136e-07,
1,random_matched,995.0,10217,0,0.0,0.0,0.0,30672,0.005696850856892226,
1,random,996.0,10217,0,0.0,0.0,0.0,3,2.2008413205935522e-05,
1,random_matched,996.0,10217,0,0.0,0.0,0.0,30672,0.005696850856892226,
1,random,997.0,10217,0,0.0,0.0,0.0,2,2.507629109784245e-07,
1,random_matched,997.0,10217,0,0.0,0.0,0.0,24236,0.02153108283067403,
1,random,998.0,10217,0,0.0,0.0,0.0,2,1.1601752400330905e-06,
1,random_matched,998.0,10217,3,0.029362826661446607,1.6589121652562591e-06,0.01904036557501904,22749,0.26405919692390617,
1,random,999.0,10217,0,0.0,0.0,0.0,2,1.6553526338639036e-06,
1,random_matched,999.0,10217,3,0.029362826661446607,1.6589121652562591e-06,0.01904036557501904,22749,0.26405919692390617,
5,descendants,,10217,6,0.058725653322893215,1.6886497430217844e-06,0.07616146230007616,121176,0.43874055024637587,
5,descendant_authors,,10217,20,0.1957521777429774,0.0029513186897187718,0.24752475247524752,61179,0.6589470847613221,
5,downloads,,10217,0,0.0,0.0,0.0,2294,16.031428768632242,
5,outdegree,,10217,1,0.00978760888714887,2.1372147010924162e-07,0.01904036557501904,108032,0.19725272608933775,
5,random,0.0,10217,0,0.0,0.0,0.0,15,0.00018428375874960637,
5,random_matched,0.0,10217,14,0.13702652442008417,0.002949833200436933,0.19040365575019041,40096,0.3723931929725613,
5,random,1.0,10217,0,0.0,0.0,0.0,30,0.07955706811783449,
5,random_matched,1.0,10217,14,0.13702652442008417,0.002949833200436933,0.19040365575019041,40096,0.3723931929725613,
5,random,2.0,10217,0,0.0,0.0,0.0,17,7.087543870609812e-05,
5,random_matched,2.0,10217,14,0.13702652442008417,0.002949833200436933,0.19040365575019041,40096,0.3723931929725613,
5,random,3.0,10217,0,0.0,0.0,0.0,35,0.00019309537698854442,
5,random_matched,3.0,10217,14,0.13702652442008417,0.002949833200436933,0.19040365575019041,40096,0.3723931929725613,
5,random,4.0,10217,0,0.0,0.0,0.0,20,1.0763759887694145e-05,
5,random_matched,4.0,10217,14,0.13702652442008417,0.002949833200436933,0.19040365575019041,40096,0.3723931929725613,
5,random,5.0,10217,0,0.0,0.0,0.0,12,0.0017587478956456214,
5,random_matched,5.0,10217,14,0.13702652442008417,0.002949833200436933,0.19040365575019041,40096,0.3723931929725613,
5,random,6.0,10217,0,0.0,0.0,0.0,134,0.000495018683127662,
5,random_matched,6.0,10217,14,0.13702652442008417,0.002949833200436933,0.19040365575019041,40096,0.3723931929725613,
5,random,7.0,10217,0,0.0,0.0,0.0,133,0.0002895898973972611,
5,random_matched,7.0,10217,14,0.13702652442008417,0.002949833200436933,0.19040365575019041,40096,0.3723931929725613,
5,random,8.0,10217,0,0.0,0.0,0.0,21,7.247841680792222e-05,
5,random_matched,8.0,10217,14,0.13702652442008417,0.002949833200436933,0.19040365575019041,40096,0.3723931929725613,
5,random,9.0,10217,0,0.0,0.0,0.0,107,0.0020592063019946563,
5,random_matched,9.0,10217,14,0.13702652442008417,0.002949833200436933,0.19040365575019041,40096,0.3723931929725613,
5,random,10.0,10217,0,0.0,0.0,0.0,26,0.0009268292416184461,
5,random_matched,10.0,10217,14,0.13702652442008417,0.002949833200436933,0.19040365575019041,40096,0.3723931929725613,
5,random,11.0,10217,0,0.0,0.0,0.0,359,0.0006660104204883804,
5,random_matched,11.0,10217,14,0.13702652442008417,0.002949833200436933,0.19040365575019041,40096,0.3723931929725613,
5,random,12.0,10217,0,0.0,0.0,0.0,18,0.00020799355069331954,
5,random_matched,12.0,10217,14,0.13702652442008417,0.002949833200436933,0.19040365575019041,40096,0.3723931929725613,
5,random,13.0,10217,0,0.0,0.0,0.0,22,0.00010691229096354183,
5,random_matched,13.0,10217,14,0.13702652442008417,0.002949833200436933,0.19040365575019041,40096,0.3723931929725613,
5,random,14.0,10217,0,0.0,0.0,0.0,21,0.0005593155631881553,
5,random_matched,14.0,10217,14,0.13702652442008417,0.002949833200436933,0.19040365575019041,40096,0.3723931929725613,
5,random,15.0,10217,0,0.0,0.0,0.0,13,4.089181266682979e-05,
5,random_matched,15.0,10217,14,0.13702652442008417,0.002949833200436933,0.19040365575019041,40096,0.3723931929725613,
5,random,16.0,10217,0,0.0,0.0,0.0,22,0.00011006269842108723,
5,random_matched,16.0,10217,14,0.13702652442008417,0.002949833200436933,0.19040365575019041,40096,0.3723931929725613,
5,random,17.0,10217,0,0.0,0.0,0.0,47,0.0006447923865841364,
5,random_matched,17.0,10217,14,0.13702652442008417,0.002949833200436933,0.19040365575019041,40096,0.3723931929725613,
5,random,18.0,10217,0,0.0,0.0,0.0,17,2.964081092046238e-05,
5,random_matched,18.0,10217,14,0.13702652442008417,0.002949833200436933,0.19040365575019041,40096,0.3723931929725613,
5,random,19.0,10217,0,0.0,0.0,0.0,37,0.0009986934480051743,
5,random_matched,19.0,10217,14,0.13702652442008417,0.002949833200436933,0.19040365575019041,40096,0.3723931929725613,
5,random,20.0,10217,0,0.0,0.0,0.0,14,3.6420932159068894e-05,
5,random_matched,20.0,10217,14,0.13702652442008417,0.002949833200436933,0.19040365575019041,40096,0.3723931929725613,
5,random,21.0,10217,0,0.0,0.0,0.0,12,5.501547814022852e-05,
5,random_matched,21.0,10217,14,0.13702652442008417,0.002949833200436933,0.19040365575019041,40096,0.3723931929725613,
5,random,22.0,10217,0,0.0,0.0,0.0,19,9.566763764530046e-05,
5,random_matched,22.0,10217,14,0.13702652442008417,0.002949833200436933,0.19040365575019041,40096,0.3723931929725613,
5,random,23.0,10217,0,0.0,0.0,0.0,31,0.03224024782359129,
5,random_matched,23.0,10217,14,0.13702652442008417,0.002949833200436933,0.19040365575019041,40096,0.3723931929725613,
5,random,24.0,10217,2,0.01957521777429774,5.47504936430697e-07,0.03808073115003808,1797,0.1885798686181645,
5,random_matched,24.0,10217,14,0.13702652442008417,0.002949833200436933,0.19040365575019041,40096,0.3723931929725613,
5,random,25.0,10217,0,0.0,0.0,0.0,28,0.012365095333740639,
5,random_matched,25.0,10217,14,0.13702652442008417,0.002949833200436933,0.19040365575019041,40096,0.3723931929725613,
5,random,26.0,10217,0,0.0,0.0,0.0,11,4.30058392327998e-05,
5,random_matched,26.0,10217,14,0.13702652442008417,0.002949833200436933,0.19040365575019041,40096,0.3723931929725613,
5,random,27.0,10217,0,0.0,0.0,0.0,16,0.0028067241911932136,
5,random_matched,27.0,10217,14,0.13702652442008417,0.002949833200436933,0.19040365575019041,40096,0.3723931929725613,
5,random,28.0,10217,0,0.0,0.0,0.0,16,9.055715300384143e-05,
5,random_matched,28.0,10217,14,0.13702652442008417,0.002949833200436933,0.19040365575019041,40096,0.3723931929725613,
5,random,29.0,10217,0,0.0,0.0,0.0,34,0.00046187195277459624,
5,random_matched,29.0,10217,14,0.13702652442008417,0.002949833200436933,0.19040365575019041,40096,0.3723931929725613,
5,random,30.0,10217,0,0.0,0.0,0.0,74,0.00042451462746693705,
5,random_matched,30.0,10217,14,0.13702652442008417,0.002949833200436933,0.19040365575019041,40096,0.3723931929725613,
5,random,31.0,10217,0,0.0,0.0,0.0,31,0.00013953051467511512,
5,random_matched,31.0,10217,14,0.13702652442008417,0.002949833200436933,0.19040365575019041,40096,0.3723931929725613,
5,random,32.0,10217,0,0.0,0.0,0.0,49,1.6296414999534575e-05,
5,random_matched,32.0,10217,14,0.13702652442008417,0.002949833200436933,0.19040365575019041,40096,0.3723931929725613,
5,random,33.0,10217,0,0.0,0.0,0.0,22,5.0352557681655035e-05,
5,random_matched,33.0,10217,14,0.13702652442008417,0.002949833200436933,0.19040365575019041,40096,0.3723931929725613,
5,random,34.0,10217,0,0.0,0.0,0.0,14,0.00013411371837657486,
5,random_matched,34.0,10217,14,0.13702652442008417,0.002949833200436933,0.19040365575019041,40096,0.3723931929725613,
5,random,35.0,10217,0,0.0,0.0,0.0,15,1.5083865227461686e-05,
5,random_matched,35.0,10217,14,0.13702652442008417,0.002949833200436933,0.19040365575019041,40096,0.3723931929725613,
5,random,36.0,10217,0,0.0,0.0,0.0,990,0.0036696565037231065,
5,random_matched,36.0,10217,14,0.13702652442008417,0.002949833200436933,0.19040365575019041,40096,0.3723931929725613,
5,random,37.0,10217,0,0.0,0.0,0.0,17,7.737146778606453e-06,
5,random_matched,37.0,10217,14,0.13702652442008417,0.002949833200436933,0.19040365575019041,40096,0.3723931929725613,
5,random,38.0,10217,0,0.0,0.0,0.0,19,4.732118325147282e-05,
5,random_matched,38.0,10217,14,0.13702652442008417,0.002949833200436933,0.19040365575019041,40096,0.3723931929725613,
5,random,39.0,10217,0,0.0,0.0,0.0,42,0.0004107925000725101,
5,random_matched,39.0,10217,14,0.13702652442008417,0.002949833200436933,0.19040365575019041,40096,0.3723931929725613,
5,random,40.0,10217,0,0.0,0.0,0.0,251,0.003023494443770778,
5,random_matched,40.0,10217,14,0.13702652442008417,0.002949833200436933,0.19040365575019041,40096,0.3723931929725613,
5,random,41.0,10217,0,0.0,0.0,0.0,14,0.0001592582550767722,
5,random_matched,41.0,10217,14,0.13702652442008417,0.002949833200436933,0.19040365575019041,40096,0.3723931929725613,
5,random,42.0,10217,0,0.0,0.0,0.0,26,2.6168220735520652e-05,
5,random_matched,42.0,10217,14,0.13702652442008417,0.002949833200436933,0.19040365575019041,40096,0.3723931929725613,
5,random,43.0,10217,0,0.0,0.0,0.0,13,2.478743761810781e-05,
5,random_matched,43.0,10217,14,0.13702652442008417,0.002949833200436933,0.19040365575019041,40096,0.3723931929725613,
5,random,44.0,10217,0,0.0,0.0,0.0,23,6.673150224682808e-05,
5,random_matched,44.0,10217,14,0.13702652442008417,0.002949833200436933,0.19040365575019041,40096,0.3723931929725613,
5,random,45.0,10217,0,0.0,0.0,0.0,87,0.0004179440043564897,
5,random_matched,45.0,10217,14,0.13702652442008417,0.002949833200436933,0.19040365575019041,40096,0.3723931929725613,
5,random,46.0,10217,0,0.0,0.0,0.0,11,5.877057337677885e-06,
5,random_matched,46.0,10217,14,0.13702652442008417,0.002949833200436933,0.19040365575019041,40096,0.3723931929725613,
5,random,47.0,10217,0,0.0,0.0,0.0,43,4.681330900138993e-05,
5,random_matched,47.0,10217,14,0.13702652442008417,0.002949833200436933,0.19040365575019041,40096,0.3723931929725613,
5,random,48.0,10217,0,0.0,0.0,0.0,941,0.0027883439046613077,
5,random_matched,48.0,10217,14,0.13702652442008417,0.002949833200436933,0.19040365575019041,40096,0.3723931929725613,
5,random,49.0,10217,0,0.0,0.0,0.0,499,0.006566506154807591,
5,random_matched,49.0,10217,14,0.13702652442008417,0.002949833200436933,0.19040365575019041,40096,0.3723931929725613,
5,random,50.0,10217,0,0.0,0.0,0.0,11,2.0354647679103128e-05,
5,random_matched,50.0,10217,14,0.13702652442008417,0.002949833200436933,0.19040365575019041,40096,0.3723931929725613,
5,random,51.0,10217,0,0.0,0.0,0.0,27,0.00010373014136536626,
5,random_matched,51.0,10217,14,0.13702652442008417,0.002949833200436933,0.19040365575019041,40096,0.3723931929725613,
5,random,52.0,10217,0,0.0,0.0,0.0,117,0.00034507515921881627,
5,random_matched,52.0,10217,14,0.13702652442008417,0.002949833200436933,0.19040365575019041,40096,0.3723931929725613,
5,random,53.0,10217,0,0.0,0.0,0.0,93,0.0005588600634701122,
5,random_matched,53.0,10217,14,0.13702652442008417,0.002949833200436933,0.19040365575019041,40096,0.3723931929725613,
5,random,54.0,10217,0,0.0,0.0,0.0,14,3.3465738866399106e-05,
5,random_matched,54.0,10217,14,0.13702652442008417,0.002949833200436933,0.19040365575019041,40096,0.3723931929725613,
5,random,55.0,10217,0,0.0,0.0,0.0,17,0.00026865595565165717,
5,random_matched,55.0,10217,14,0.13702652442008417,0.002949833200436933,0.19040365575019041,40096,0.3723931929725613,
5,random,56.0,10217,0,0.0,0.0,0.0,23,0.0016134910988008218,
5,random_matched,56.0,10217,14,0.13702652442008417,0.002949833200436933,0.19040365575019041,40096,0.3723931929725613,
5,random,57.0,10217,0,0.0,0.0,0.0,462,0.0016107866684191303,
5,random_matched,57.0,10217,14,0.13702652442008417,0.002949833200436933,0.19040365575019041,40096,0.3723931929725613,
5,random,58.0,10217,0,0.0,0.0,0.0,29,0.00017461668982068495,
5,random_matched,58.0,10217,14,0.13702652442008417,0.002949833200436933,0.19040365575019041,40096,0.3723931929725613,
5,random,59.0,10217,0,0.0,0.0,0.0,47,0.0009845920020302166,
5,random_matched,59.0,10217,14,0.13702652442008417,0.002949833200436933,0.19040365575019041,40096,0.3723931929725613,
5,random,60.0,10217,5,0.04893804443574435,2.6402522315185898e-08,0.0,183,0.0017236521978578625,
5,random_matched,60.0,10217,14,0.13702652442008417,0.002949833200436933,0.19040365575019041,40096,0.3723931929725613,
5,random,61.0,10217,0,0.0,0.0,0.0,42,0.003124129726424702,
5,random_matched,61.0,10217,14,0.13702652442008417,0.002949833200436933,0.19040365575019041,40096,0.3723931929725613,
5,random,62.0,10217,0,0.0,0.0,0.0,244,0.021676263446381315,
5,random_matched,62.0,10217,14,0.13702652442008417,0.002949833200436933,0.19040365575019041,40096,0.3723931929725613,
5,random,63.0,10217,0,0.0,0.0,0.0,1436,0.003983984638420499,
5,random_matched,63.0,10217,14,0.13702652442008417,0.002949833200436933,0.19040365575019041,40096,0.3723931929725613,
5,random,64.0,10217,0,0.0,0.0,0.0,650,0.0027256341316323233,
5,random_matched,64.0,10217,14,0.13702652442008417,0.002949833200436933,0.19040365575019041,40096,0.3723931929725613,
5,random,65.0,10217,0,0.0,0.0,0.0,15,0.000105883845607124,
5,random_matched,65.0,10217,14,0.13702652442008417,0.002949833200436933,0.19040365575019041,40096,0.3723931929725613,
5,random,66.0,10217,0,0.0,0.0,0.0,30,8.23502225439083e-05,
5,random_matched,66.0,10217,14,0.13702652442008417,0.002949833200436933,0.19040365575019041,40096,0.3723931929725613,
5,random,67.0,10217,0,0.0,0.0,0.0,924,0.0008999341258624943,
5,random_matched,67.0,10217,14,0.13702652442008417,0.002949833200436933,0.19040365575019041,40096,0.3723931929725613,
5,random,68.0,10217,0,0.0,0.0,0.0,14,4.941457742603321e-05,
5,random_matched,68.0,10217,14,0.13702652442008417,0.002949833200436933,0.19040365575019041,40096,0.3723931929725613,
5,random,69.0,10217,0,0.0,0.0,0.0,17,9.14348231922659e-05,
5,random_matched,69.0,10217,14,0.13702652442008417,0.002949833200436933,0.19040365575019041,40096,0.3723931929725613,
5,random,70.0,10217,0,0.0,0.0,0.0,30,0.00010795978160433778,
5,random_matched,70.0,10217,14,0.13702652442008417,0.002949833200436933,0.19040365575019041,40096,0.3723931929725613,
5,random,71.0,10217,0,0.0,0.0,0.0,20,2.05958879478925e-05,
5,random_matched,71.0,10217,14,0.13702652442008417,0.002949833200436933,0.19040365575019041,40096,0.3723931929725613,
5,random,72.0,10217,0,0.0,0.0,0.0,12,1.7691482080231e-05,
5,random_matched,72.0,10217,14,0.13702652442008417,0.002949833200436933,0.19040365575019041,40096,0.3723931929725613,
5,random,73.0,10217,0,0.0,0.0,0.0,145,0.0014214130574194746,
5,random_matched,73.0,10217,14,0.13702652442008417,0.002949833200436933,0.19040365575019041,40096,0.3723931929725613,
5,random,74.0,10217,0,0.0,0.0,0.0,16,0.006585448277228651,
5,random_matched,74.0,10217,14,0.13702652442008417,0.002949833200436933,0.19040365575019041,40096,0.3723931929725613,
5,random,75.0,10217,0,0.0,0.0,0.0,121,0.0011256302683852653,
5,random_matched,75.0,10217,14,0.13702652442008417,0.002949833200436933,0.19040365575019041,40096,0.3723931929725613,
5,random,76.0,10217,0,0.0,0.0,0.0,79,0.002918431132498944,
5,random_matched,76.0,10217,14,0.13702652442008417,0.002949833200436933,0.19040365575019041,40096,0.3723931929725613,
5,random,77.0,10217,0,0.0,0.0,0.0,25,0.005706576648781313,
5,random_matched,77.0,10217,14,0.13702652442008417,0.002949833200436933,0.19040365575019041,40096,0.3723931929725613,
5,random,78.0,10217,0,0.0,0.0,0.0,16,0.0003047689890466133,
5,random_matched,78.0,10217,14,0.13702652442008417,0.002949833200436933,0.19040365575019041,40096,0.3723931929725613,
5,random,79.0,10217,0,0.0,0.0,0.0,15,0.00013005231148294327,
5,random_matched,79.0,10217,14,0.13702652442008417,0.002949833200436933,0.19040365575019041,40096,0.3723931929725613,
5,random,80.0,10217,0,0.0,0.0,0.0,18,0.00019466661294973832,
5,random_matched,80.0,10217,14,0.13702652442008417,0.002949833200436933,0.19040365575019041,40096,0.3723931929725613,
5,random,81.0,10217,0,0.0,0.0,0.0,25,0.00015419538364625844,
5,random_matched,81.0,10217,14,0.13702652442008417,0.002949833200436933,0.19040365575019041,40096,0.3723931929725613,
5,random,82.0,10217,0,0.0,0.0,0.0,12,3.012805277913565e-05,
5,random_matched,82.0,10217,14,0.13702652442008417,0.002949833200436933,0.19040365575019041,40096,0.3723931929725613,
5,random,83.0,10217,0,0.0,0.0,0.0,954,0.0054222765791200715,
5,random_matched,83.0,10217,14,0.13702652442008417,0.002949833200436933,0.19040365575019041,40096,0.3723931929725613,
5,random,84.0,10217,0,0.0,0.0,0.0,133,0.0008752038240975208,
5,random_matched,84.0,10217,14,0.13702652442008417,0.002949833200436933,0.19040365575019041,40096,0.3723931929725613,
5,random,85.0,10217,0,0.0,0.0,0.0,383,0.001419802143782493,
5,random_matched,85.0,10217,14,0.13702652442008417,0.002949833200436933,0.19040365575019041,40096,0.3723931929725613,
5,random,86.0,10217,0,0.0,0.0,0.0,552,0.0008782621793472387,
5,random_matched,86.0,10217,14,0.13702652442008417,0.002949833200436933,0.19040365575019041,40096,0.3723931929725613,
5,random,87.0,10217,0,0.0,0.0,0.0,88,0.00012089311680410476,
5,random_matched,87.0,10217,14,0.13702652442008417,0.002949833200436933,0.19040365575019041,40096,0.3723931929725613,
5,random,88.0,10217,0,0.0,0.0,0.0,12,1.6550352124576017e-05,
5,random_matched,88.0,10217,14,0.13702652442008417,0.002949833200436933,0.19040365575019041,40096,0.3723931929725613,
5,random,89.0,10217,0,0.0,0.0,0.0,13,2.453191338603486e-05,
5,random_matched,89.0,10217,14,0.13702652442008417,0.002949833200436933,0.19040365575019041,40096,0.3723931929725613,
5,random,90.0,10217,0,0.0,0.0,0.0,15,8.615927941952994e-05,
5,random_matched,90.0,10217,14,0.13702652442008417,0.002949833200436933,0.19040365575019041,40096,0.3723931929725613,
5,random,91.0,10217,0,0.0,0.0,0.0,251,0.0067337205774333185,
5,random_matched,91.0,10217,14,0.13702652442008417,0.002949833200436933,0.19040365575019041,40096,0.3723931929725613,
5,random,92.0,10217,0,0.0,0.0,0.0,15,2.6168220735520652e-05,
5,random_matched,92.0,10217,14,0.13702652442008417,0.002949833200436933,0.19040365575019041,40096,0.3723931929725613,
5,random,93.0,10217,0,0.0,0.0,0.0,124,0.00031820226296130563,
5,random_matched,93.0,10217,14,0.13702652442008417,0.002949833200436933,0.19040365575019041,40096,0.3723931929725613,
5,random,94.0,10217,0,0.0,0.0,0.0,16,4.86210239102787e-05,
5,random_matched,94.0,10217,14,0.13702652442008417,0.002949833200436933,0.19040365575019041,40096,0.3723931929725613,
5,random,95.0,10217,0,0.0,0.0,0.0,48,0.01814502648241127,
5,random_matched,95.0,10217,14,0.13702652442008417,0.002949833200436933,0.19040365575019041,40096,0.3723931929725613,
5,random,96.0,10217,0,0.0,0.0,0.0,408,0.0013413244623954666,
5,random_matched,96.0,10217,14,0.13702652442008417,0.002949833200436933,0.19040365575019041,40096,0.3723931929725613,
5,random,97.0,10217,0,0.0,0.0,0.0,37,0.00012831601639047243,
5,random_matched,97.0,10217,14,0.13702652442008417,0.002949833200436933,0.19040365575019041,40096,0.3723931929725613,
5,random,98.0,10217,0,0.0,0.0,0.0,57,0.0002774072638233979,
5,random_matched,98.0,10217,14,0.13702652442008417,0.002949833200436933,0.19040365575019041,40096,0.3723931929725613,
5,random,99.0,10217,0,0.0,0.0,0.0,227,0.00026426919181656624,
5,random_matched,99.0,10217,14,0.13702652442008417,0.002949833200436933,0.19040365575019041,40096,0.3723931929725613,
5,random,100.0,10217,0,0.0,0.0,0.0,19,0.00020383533027076592,
5,random_matched,100.0,10217,14,0.13702652442008417,0.002949833200436933,0.19040365575019041,40096,0.3723931929725613,
5,random,101.0,10217,0,0.0,0.0,0.0,16,0.0027298844042627046,
5,random_matched,101.0,10217,14,0.13702652442008417,0.002949833200436933,0.19040365575019041,40096,0.3723931929725613,
5,random,102.0,10217,0,0.0,0.0,0.0,18,0.00034436096105463723,
5,random_matched,102.0,10217,14,0.13702652442008417,0.002949833200436933,0.19040365575019041,40096,0.3723931929725613,
5,random,103.0,10217,0,0.0,0.0,0.0,20,0.00020912357089975395,
5,random_matched,103.0,10217,14,0.13702652442008417,0.002949833200436933,0.19040365575019041,40096,0.3723931929725613,
5,random,104.0,10217,0,0.0,0.0,0.0,96,0.000615591204311402,
5,random_matched,104.0,10217,14,0.13702652442008417,0.002949833200436933,0.19040365575019041,40096,0.3723931929725613,
5,random,105.0,10217,0,0.0,0.0,0.0,22,9.383611613093905e-05,
5,random_matched,105.0,10217,14,0.13702652442008417,0.002949833200436933,0.19040365575019041,40096,0.3723931929725613,
5,random,106.0,10217,0,0.0,0.0,0.0,19,0.013054609222258637,
5,random_matched,106.0,10217,14,0.13702652442008417,0.002949833200436933,0.19040365575019041,40096,0.3723931929725613,
5,random,107.0,10217,0,0.0,0.0,0.0,11,0.00011164821834556473,
5,random_matched,107.0,10217,14,0.13702652442008417,0.002949833200436933,0.19040365575019041,40096,0.3723931929725613,
5,random,108.0,10217,0,0.0,0.0,0.0,908,0.0025310373513919714,
5,random_matched,108.0,10217,14,0.13702652442008417,0.002949833200436933,0.19040365575019041,40096,0.3723931929725613,
5,random,109.0,10217,0,0.0,0.0,0.0,108,0.0008081342680529812,
5,random_matched,109.0,10217,14,0.13702652442008417,0.002949833200436933,0.19040365575019041,40096,0.3723931929725613,
5,random,110.0,10217,0,0.0,0.0,0.0,16,0.0001732374938103036,
5,random_matched,110.0,10217,14,0.13702652442008417,0.002949833200436933,0.19040365575019041,40096,0.3723931929725613,
5,random,111.0,10217,0,0.0,0.0,0.0,27,0.00011372891566387306,
5,random_matched,111.0,10217,14,0.13702652442008417,0.002949833200436933,0.19040365575019041,40096,0.3723931929725613,
5,random,112.0,10217,0,0.0,0.0,0.0,28,0.00018626764253899263,
5,random_matched,112.0,10217,14,0.13702652442008417,0.002949833200436933,0.19040365575019041,40096,0.3723931929725613,
5,random,113.0,10217,0,0.0,0.0,0.0,21,0.0073716963393171235,
5,random_matched,113.0,10217,14,0.13702652442008417,0.002949833200436933,0.19040365575019041,40096,0.3723931929725613,
5,random,114.0,10217,0,0.0,0.0,0.0,23,0.00019151303127812991,
5,random_matched,114.0,10217,14,0.13702652442008417,0.002949833200436933,0.19040365575019041,40096,0.3723931929725613,
5,random,115.0,10217,0,0.0,0.0,0.0,17,2.651262296135811e-05,
5,random_matched,115.0,10217,14,0.13702652442008417,0.002949833200436933,0.19040365575019041,40096,0.3723931929725613,
5,random,116.0,10217,0,0.0,0.0,0.0,17,0.00026599437715981654,
5,random_matched,116.0,10217,14,0.13702652442008417,0.002949833200436933,0.19040365575019041,40096,0.3723931929725613,
5,random,117.0,10217,0,0.0,0.0,0.0,11,4.2731269716348744e-05,
5,random_matched,117.0,10217,14,0.13702652442008417,0.002949833200436933,0.19040365575019041,40096,0.3723931929725613,
5,random,118.0,10217,0,0.0,0.0,0.0,10,6.164323710381018e-06,
5,random_matched,118.0,10217,14,0.13702652442008417,0.002949833200436933,0.19040365575019041,40096,0.3723931929725613,
5,random,119.0,10217,0,0.0,0.0,0.0,16,2.8680611166399424e-05,
5,random_matched,119.0,10217,14,0.13702652442008417,0.002949833200436933,0.19040365575019041,40096,0.3723931929725613,
5,random,120.0,10217,0,0.0,0.0,0.0,12,0.007893167335338945,
5,random_matched,120.0,10217,14,0.13702652442008417,0.002949833200436933,0.19040365575019041,40096,0.3723931929725613,
5,random,121.0,10217,0,0.0,0.0,0.0,16,1.1700153036284466e-05,
5,random_matched,121.0,10217,14,0.13702652442008417,0.002949833200436933,0.19040365575019041,40096,0.3723931929725613,
5,random,122.0,10217,0,0.0,0.0,0.0,11,2.0649849586963804e-05,
5,random_matched,122.0,10217,14,0.13702652442008417,0.002949833200436933,0.19040365575019041,40096,0.3723931929725613,
5,random,123.0,10217,0,0.0,0.0,0.0,14,0.008803979492795403,
5,random_matched,123.0,10217,14,0.13702652442008417,0.002949833200436933,0.19040365575019041,40096,0.3723931929725613,
5,random,124.0,10217,0,0.0,0.0,0.0,14,0.0002893803992691019,
5,random_matched,124.0,10217,14,0.13702652442008417,0.002949833200436933,0.19040365575019041,40096,0.3723931929725613,
5,random,125.0,10217,0,0.0,0.0,0.0,10,1.2687333609883073e-05,
5,random_matched,125.0,10217,14,0.13702652442008417,0.002949833200436933,0.19040365575019041,40096,0.3723931929725613,
5,random,126.0,10217,0,0.0,0.0,0.0,11,0.00017339937872751753,
5,random_matched,126.0,10217,14,0.13702652442008417,0.002949833200436933,0.19040365575019041,40096,0.3723931929725613,
5,random,127.0,10217,0,0.0,0.0,0.0,14,0.0009944003234849423,
5,random_matched,127.0,10217,14,0.13702652442008417,0.002949833200436933,0.19040365575019041,40096,0.3723931929725613,
5,random,128.0,10217,0,0.0,0.0,0.0,59,0.0006907232640760072,
5,random_matched,128.0,10217,14,0.13702652442008417,0.002949833200436933,0.19040365575019041,40096,0.3723931929725613,
5,random,129.0,10217,0,0.0,0.0,0.0,225,0.004998453930318872,
5,random_matched,129.0,10217,14,0.13702652442008417,0.002949833200436933,0.19040365575019041,40096,0.3723931929725613,
5,random,130.0,10217,0,0.0,0.0,0.0,57,0.00033488117075543386,
5,random_matched,130.0,10217,14,0.13702652442008417,0.002949833200436933,0.19040365575019041,40096,0.3723931929725613,
5,random,131.0,10217,0,0.0,0.0,0.0,37,0.0008076105227325833,
5,random_matched,131.0,10217,14,0.13702652442008417,0.002949833200436933,0.19040365575019041,40096,0.3723931929725613,
5,random,132.0,10217,0,0.0,0.0,0.0,13,8.093293596477075e-05,
5,random_matched,132.0,10217,14,0.13702652442008417,0.002949833200436933,0.19040365575019041,40096,0.3723931929725613,
5,random,133.0,10217,0,0.0,0.0,0.0,12,1.4410931846101864e-05,
5,random_matched,133.0,10217,14,0.13702652442008417,0.002949833200436933,0.19040365575019041,40096,0.3723931929725613,
5,random,134.0,10217,0,0.0,0.0,0.0,13,2.0814908718240742e-05,
5,random_matched,134.0,10217,14,0.13702652442008417,0.002949833200436933,0.19040365575019041,40096,0.3723931929725613,
5,random,135.0,10217,0,0.0,0.0,0.0,12,9.98449033522322e-06,
5,random_matched,135.0,10217,14,0.13702652442008417,0.002949833200436933,0.19040365575019041,40096,0.3723931929725613,
5,random,136.0,10217,0,0.0,0.0,0.0,32,0.00014240635261620946,
5,random_matched,136.0,10217,14,0.13702652442008417,0.002949833200436933,0.19040365575019041,40096,0.3723931929725613,
5,random,137.0,10217,0,0.0,0.0,0.0,15,5.903562025104086e-05,
5,random_matched,137.0,10217,14,0.13702652442008417,0.002949833200436933,0.19040365575019041,40096,0.3723931929725613,
5,random,138.0,10217,0,0.0,0.0,0.0,12,1.2571474796582915e-05,
5,random_matched,138.0,10217,14,0.13702652442008417,0.002949833200436933,0.19040365575019041,40096,0.3723931929725613,
5,random,139.0,10217,1,0.00978760888714887,1.2228536651243994e-08,0.01904036557501904,24,7.157376579996209e-05,
5,random_matched,139.0,10217,14,0.13702652442008417,0.002949833200436933,0.19040365575019041,40096,0.3723931929725613,
5,random,140.0,10217,0,0.0,0.0,0.0,15,0.00021313419036837725,
5,random_matched,140.0,10217,14,0.13702652442008417,0.002949833200436933,0.19040365575019041,40096,0.3723931929725613,
5,random,141.0,10217,0,0.0,0.0,0.0,16,0.00012825570632327507,
5,random_matched,141.0,10217,14,0.13702652442008417,0.002949833200436933,0.19040365575019041,40096,0.3723931929725613,
5,random,142.0,10217,0,0.0,0.0,0.0,49,0.0024243155132722106,
5,random_matched,142.0,10217,14,0.13702652442008417,0.002949833200436933,0.19040365575019041,40096,0.3723931929725613,
5,random,143.0,10217,0,0.0,0.0,0.0,102,0.00026994151234717944,
5,random_matched,143.0,10217,14,0.13702652442008417,0.002949833200436933,0.19040365575019041,40096,0.3723931929725613,
5,random,144.0,10217,0,0.0,0.0,0.0,33,0.0006257042503161774,
5,random_matched,144.0,10217,14,0.13702652442008417,0.002949833200436933,0.19040365575019041,40096,0.3723931929725613,
5,random,145.0,10217,0,0.0,0.0,0.0,25,0.0015488323583371444,
5,random_matched,145.0,10217,14,0.13702652442008417,0.002949833200436933,0.19040365575019041,40096,0.3723931929725613,
5,random,146.0,10217,0,0.0,0.0,0.0,125,0.0005698714120547217,
5,random_matched,146.0,10217,14,0.13702652442008417,0.002949833200436933,0.19040365575019041,40096,0.3723931929725613,
5,random,147.0,10217,0,0.0,0.0,0.0,43,0.0001902258874755761,
5,random_matched,147.0,10217,14,0.13702652442008417,0.002949833200436933,0.19040365575019041,40096,0.3723931929725613,
5,random,148.0,10217,0,0.0,0.0,0.0,15,0.001350037679998451,
5,random_matched,148.0,10217,14,0.13702652442008417,0.002949833200436933,0.19040365575019041,40096,0.3723931929725613,
5,random,149.0,10217,0,0.0,0.0,0.0,22,0.001414888460412941,
5,random_matched,149.0,10217,14,0.13702652442008417,0.002949833200436933,0.19040365575019041,40096,0.3723931929725613,
5,random,150.0,10217,0,0.0,0.0,0.0,452,0.003268443781692785,
5,random_matched,150.0,10217,14,0.13702652442008417,0.002949833200436933,0.19040365575019041,40096,0.3723931929725613,
5,random,151.0,10217,0,0.0,0.0,0.0,25,0.00014381252944612645,
5,random_matched,151.0,10217,14,0.13702652442008417,0.002949833200436933,0.19040365575019041,40096,0.3723931929725613,
5,random,152.0,10217,0,0.0,0.0,0.0,161,0.0006164244355029442,
5,random_matched,152.0,10217,14,0.13702652442008417,0.002949833200436933,0.19040365575019041,40096,0.3723931929725613,
5,random,153.0,10217,0,0.0,0.0,0.0,18,0.00020256881885962174,
5,random_matched,153.0,10217,14,0.13702652442008417,0.002949833200436933,0.19040365575019041,40096,0.3723931929725613,
5,random,154.0,10217,0,0.0,0.0,0.0,111,0.0036548392724769386,
5,random_matched,154.0,10217,14,0.13702652442008417,0.002949833200436933,0.19040365575019041,40096,0.3723931929725613,
5,random,155.0,10217,0,0.0,0.0,0.0,16,0.000154381075168945,
5,random_matched,155.0,10217,14,0.13702652442008417,0.002949833200436933,0.19040365575019041,40096,0.3723931929725613,
5,random,156.0,10217,0,0.0,0.0,0.0,47,0.011855289574400409,
5,random_matched,156.0,10217,14,0.13702652442008417,0.002949833200436933,0.19040365575019041,40096,0.3723931929725613,
5,random,157.0,10217,0,0.0,0.0,0.0,36,0.009031403994875488,
5,random_matched,157.0,10217,14,0.13702652442008417,0.002949833200436933,0.19040365575019041,40096,0.3723931929725613,
5,random,158.0,10217,0,0.0,0.0,0.0,38,0.006878563139342894,
5,random_matched,158.0,10217,14,0.13702652442008417,0.002949833200436933,0.19040365575019041,40096,0.3723931929725613,
5,random,159.0,10217,0,0.0,0.0,0.0,15,1.479025042663252e-05,
5,random_matched,159.0,10217,14,0.13702652442008417,0.002949833200436933,0.19040365575019041,40096,0.3723931929725613,
5,random,160.0,10217,0,0.0,0.0,0.0,28,0.0024456970192007,
5,random_matched,160.0,10217,14,0.13702652442008417,0.002949833200436933,0.19040365575019041,40096,0.3723931929725613,
5,random,161.0,10217,0,0.0,0.0,0.0,15,3.164532710125827e-05,
5,random_matched,161.0,10217,14,0.13702652442008417,0.002949833200436933,0.19040365575019041,40096,0.3723931929725613,
5,random,162.0,10217,1,0.00978760888714887,3.362847579092098e-08,0.0,42,0.001541538014420329,
5,random_matched,162.0,10217,14,0.13702652442008417,0.002949833200436933,0.19040365575019041,40096,0.3723931929725613,
5,random,163.0,10217,0,0.0,0.0,0.0,33,4.628480235989743e-05,
5,random_matched,163.0,10217,14,0.13702652442008417,0.002949833200436933,0.19040365575019041,40096,0.3723931929725613,
5,random,164.0,10217,0,0.0,0.0,0.0,53,0.0009054207548704209,
5,random_matched,164.0,10217,14,0.13702652442008417,0.002949833200436933,0.19040365575019041,40096,0.3723931929725613,
5,random,165.0,10217,0,0.0,0.0,0.0,17,7.552407520138802e-05,
5,random_matched,165.0,10217,14,0.13702652442008417,0.002949833200436933,0.19040365575019041,40096,0.3723931929725613,
5,random,166.0,10217,0,0.0,0.0,0.0,24,0.0009250659657064395,
5,random_matched,166.0,10217,14,0.13702652442008417,0.002949833200436933,0.19040365575019041,40096,0.3723931929725613,
5,random,167.0,10217,0,0.0,0.0,0.0,23,0.004167885904375512,
5,random_matched,167.0,10217,14,0.13702652442008417,0.002949833200436933,0.19040365575019041,40096,0.3723931929725613,
5,random,168.0,10217,0,0.0,0.0,0.0,10,0.0012324124165722233,
5,random_matched,168.0,10217,14,0.13702652442008417,0.002949833200436933,0.19040365575019041,40096,0.3723931929725613,
5,random,169.0,10217,0,0.0,0.0,0.0,57,0.0006045116101244376,
5,random_matched,169.0,10217,14,0.13702652442008417,0.002949833200436933,0.19040365575019041,40096,0.3723931929725613,
5,random,170.0,10217,0,0.0,0.0,0.0,16,9.237121634085623e-05,
5,random_matched,170.0,10217,14,0.13702652442008417,0.002949833200436933,0.19040365575019041,40096,0.3723931929725613,
5,random,171.0,10217,0,0.0,0.0,0.0,21,0.0001229103298411527,
5,random_matched,171.0,10217,14,0.13702652442008417,0.002949833200436933,0.19040365575019041,40096,0.3723931929725613,
5,random,172.0,10217,0,0.0,0.0,0.0,10,5.524560865979733e-05,
5,random_matched,172.0,10217,14,0.13702652442008417,0.002949833200436933,0.19040365575019041,40096,0.3723931929725613,
5,random,173.0,10217,0,0.0,0.0,0.0,14,0.0029689598590610967,
5,random_matched,173.0,10217,14,0.13702652442008417,0.002949833200436933,0.19040365575019041,40096,0.3723931929725613,
5,random,174.0,10217,0,0.0,0.0,0.0,52,0.00036526316065961094,
5,random_matched,174.0,10217,14,0.13702652442008417,0.002949833200436933,0.19040365575019041,40096,0.3723931929725613,
5,random,175.0,10217,0,0.0,0.0,0.0,14,0.00012756214055050565,
5,random_matched,175.0,10217,14,0.13702652442008417,0.002949833200436933,0.19040365575019041,40096,0.3723931929725613,
5,random,176.0,10217,0,0.0,0.0,0.0,15,8.822410566752317e-05,
5,random_matched,176.0,10217,14,0.13702652442008417,0.002949833200436933,0.19040365575019041,40096,0.3723931929725613,
5,random,177.0,10217,0,0.0,0.0,0.0,12,5.286653521956532e-05,
5,random_matched,177.0,10217,14,0.13702652442008417,0.002949833200436933,0.19040365575019041,40096,0.3723931929725613,
5,random,178.0,10217,0,0.0,0.0,0.0,19,1.762482358490762e-05,
5,random_matched,178.0,10217,14,0.13702652442008417,0.002949833200436933,0.19040365575019041,40096,0.3723931929725613,
5,random,179.0,10217,0,0.0,0.0,0.0,22,0.0001919113951430387,
5,random_matched,179.0,10217,14,0.13702652442008417,0.002949833200436933,0.19040365575019041,40096,0.3723931929725613,
5,random,180.0,10217,0,0.0,0.0,0.0,19,7.098177487720922e-05,
5,random_matched,180.0,10217,14,0.13702652442008417,0.002949833200436933,0.19040365575019041,40096,0.3723931929725613,
5,random,181.0,10217,0,0.0,0.0,0.0,17,0.002672964397684665,
5,random_matched,181.0,10217,14,0.13702652442008417,0.002949833200436933,0.19040365575019041,40096,0.3723931929725613,
5,random,182.0,10217,0,0.0,0.0,0.0,18,0.047576643999264506,
5,random_matched,182.0,10217,14,0.13702652442008417,0.002949833200436933,0.19040365575019041,40096,0.3723931929725613,
5,random,183.0,10217,0,0.0,0.0,0.0,15,3.468622417362954e-05,
5,random_matched,183.0,10217,14,0.13702652442008417,0.002949833200436933,0.19040365575019041,40096,0.3723931929725613,
5,random,184.0,10217,0,0.0,0.0,0.0,96,0.0008088183111835617,
5,random_matched,184.0,10217,14,0.13702652442008417,0.002949833200436933,0.19040365575019041,40096,0.3723931929725613,
5,random,185.0,10217,0,0.0,0.0,0.0,243,0.0027821224450977925,
5,random_matched,185.0,10217,14,0.13702652442008417,0.002949833200436933,0.19040365575019041,40096,0.3723931929725613,
5,random,186.0,10217,0,0.0,0.0,0.0,21,0.00014297136271942666,
5,random_matched,186.0,10217,14,0.13702652442008417,0.002949833200436933,0.19040365575019041,40096,0.3723931929725613,
5,random,187.0,10217,0,0.0,0.0,0.0,11,2.2329008826300343e-05,
5,random_matched,187.0,10217,14,0.13702652442008417,0.002949833200436933,0.19040365575019041,40096,0.3723931929725613,
5,random,188.0,10217,0,0.0,0.0,0.0,17,2.2405189963812777e-05,
5,random_matched,188.0,10217,14,0.13702652442008417,0.002949833200436933,0.19040365575019041,40096,0.3723931929725613,
5,random,189.0,10217,0,0.0,0.0,0.0,27,7.720640865478759e-05,
5,random_matched,189.0,10217,14,0.13702652442008417,0.002949833200436933,0.19040365575019041,40096,0.3723931929725613,
5,random,190.0,10217,0,0.0,0.0,0.0,12,4.7933806565635295e-05,
5,random_matched,190.0,10217,14,0.13702652442008417,0.002949833200436933,0.19040365575019041,40096,0.3723931929725613,
5,random,191.0,10217,0,0.0,0.0,0.0,33,0.0002097631750334521,
5,random_matched,191.0,10217,14,0.13702652442008417,0.002949833200436933,0.19040365575019041,40096,0.3723931929725613,
5,random,192.0,10217,0,0.0,0.0,0.0,16,4.430250567754267e-05,
5,random_matched,192.0,10217,14,0.13702652442008417,0.002949833200436933,0.19040365575019041,40096,0.3723931929725613,
5,random,193.0,10217,0,0.0,0.0,0.0,229,0.00022949408964917218,
5,random_matched,193.0,10217,14,0.13702652442008417,0.002949833200436933,0.19040365575019041,40096,0.3723931929725613,
5,random,194.0,10217,0,0.0,0.0,0.0,40,0.0016703714277030734,
5,random_matched,194.0,10217,14,0.13702652442008417,0.002949833200436933,0.19040365575019041,40096,0.3723931929725613,
5,random,195.0,10217,0,0.0,0.0,0.0,20,0.00448555489937423,
5,random_matched,195.0,10217,14,0.13702652442008417,0.002949833200436933,0.19040365575019041,40096,0.3723931929725613,
5,random,196.0,10217,0,0.0,0.0,0.0,1609,0.020629645714452697,
5,random_matched,196.0,10217,14,0.13702652442008417,0.002949833200436933,0.19040365575019041,40096,0.3723931929725613,
5,random,197.0,10217,0,0.0,0.0,0.0,12,0.00014933724902280933,
5,random_matched,197.0,10217,14,0.13702652442008417,0.002949833200436933,0.19040365575019041,40096,0.3723931929725613,
5,random,198.0,10217,1,0.00978760888714887,6.784058628565134e-07,0.01904036557501904,323,0.0021554326013150478,
5,random_matched,198.0,10217,14,0.13702652442008417,0.002949833200436933,0.19040365575019041,40096,0.3723931929725613,
5,random,199.0,10217,0,0.0,0.0,0.0,64,0.0015009874297652736,
5,random_matched,199.0,10217,14,0.13702652442008417,0.002949833200436933,0.19040365575019041,40096,0.3723931929725613,
5,random,200.0,10217,0,0.0,0.0,0.0,14,2.6472945285570384e-05,
5,random_matched,200.0,10217,14,0.13702652442008417,0.002949833200436933,0.19040365575019041,40096,0.3723931929725613,
5,random,201.0,10217,0,0.0,0.0,0.0,15,0.00011131175165488482,
5,random_matched,201.0,10217,14,0.13702652442008417,0.002949833200436933,0.19040365575019041,40096,0.3723931929725613,
5,random,202.0,10217,0,0.0,0.0,0.0,16,2.5035026315023216e-05,
5,random_matched,202.0,10217,14,0.13702652442008417,0.002949833200436933,0.19040365575019041,40096,0.3723931929725613,
5,random,203.0,10217,0,0.0,0.0,0.0,12,2.8263202017112555e-05,
5,random_matched,203.0,10217,14,0.13702652442008417,0.002949833200436933,0.19040365575019041,40096,0.3723931929725613,
5,random,204.0,10217,0,0.0,0.0,0.0,11,9.660720500795379e-06,
5,random_matched,204.0,10217,14,0.13702652442008417,0.002949833200436933,0.19040365575019041,40096,0.3723931929725613,
5,random,205.0,10217,0,0.0,0.0,0.0,20,2.677132140749408e-05,
5,random_matched,205.0,10217,14,0.13702652442008417,0.002949833200436933,0.19040365575019041,40096,0.3723931929725613,
5,random,206.0,10217,0,0.0,0.0,0.0,19,0.0018365129659755,
5,random_matched,206.0,10217,14,0.13702652442008417,0.002949833200436933,0.19040365575019041,40096,0.3723931929725613,
5,random,207.0,10217,0,0.0,0.0,0.0,297,0.00016999503414493069,
5,random_matched,207.0,10217,14,0.13702652442008417,0.002949833200436933,0.19040365575019041,40096,0.3723931929725613,
5,random,208.0,10217,0,0.0,0.0,0.0,17,3.11406270652384e-05,
5,random_matched,208.0,10217,14,0.13702652442008417,0.002949833200436933,0.19040365575019041,40096,0.3723931929725613,
5,random,209.0,10217,0,0.0,0.0,0.0,76,0.00047589245629094687,
5,random_matched,209.0,10217,14,0.13702652442008417,0.002949833200436933,0.19040365575019041,40096,0.3723931929725613,
5,random,210.0,10217,0,0.0,0.0,0.0,34,0.019600222700103444,
5,random_matched,210.0,10217,14,0.13702652442008417,0.002949833200436933,0.19040365575019041,40096,0.3723931929725613,
5,random,211.0,10217,0,0.0,0.0,0.0,13,2.7201427413033022e-05,
5,random_matched,211.0,10217,14,0.13702652442008417,0.002949833200436933,0.19040365575019041,40096,0.3723931929725613,
5,random,212.0,10217,0,0.0,0.0,0.0,15,3.278963127097627e-05,
5,random_matched,212.0,10217,14,0.13702652442008417,0.002949833200436933,0.19040365575019041,40096,0.3723931929725613,
5,random,213.0,10217,0,0.0,0.0,0.0,39,7.386078703236658e-05,
5,random_matched,213.0,10217,14,0.13702652442008417,0.002949833200436933,0.19040365575019041,40096,0.3723931929725613,
5,random,214.0,10217,0,0.0,0.0,0.0,50,0.00991623203601208,
5,random_matched,214.0,10217,14,0.13702652442008417,0.002949833200436933,0.19040365575019041,40096,0.3723931929725613,
5,random,215.0,10217,0,0.0,0.0,0.0,13,2.2117923591109643e-05,
5,random_matched,215.0,10217,14,0.13702652442008417,0.002949833200436933,0.19040365575019041,40096,0.3723931929725613,
5,random,216.0,10217,0,0.0,0.0,0.0,13,5.861821110175399e-05,
5,random_matched,216.0,10217,14,0.13702652442008417,0.002949833200436933,0.19040365575019041,40096,0.3723931929725613,
5,random,217.0,10217,0,0.0,0.0,0.0,18,6.632520284676177e-05,
5,random_matched,217.0,10217,14,0.13702652442008417,0.002949833200436933,0.19040365575019041,40096,0.3723931929725613,
5,random,218.0,10217,0,0.0,0.0,0.0,24,0.006118508691702447,
5,random_matched,218.0,10217,14,0.13702652442008417,0.002949833200436933,0.19040365575019041,40096,0.3723931929725613,
5,random,219.0,10217,0,0.0,0.0,0.0,23,0.000112662379738699,
5,random_matched,219.0,10217,14,0.13702652442008417,0.002949833200436933,0.19040365575019041,40096,0.3723931929725613,
5,random,220.0,10217,0,0.0,0.0,0.0,16,0.0005051571228449417,
5,random_matched,220.0,10217,14,0.13702652442008417,0.002949833200436933,0.19040365575019041,40096,0.3723931929725613,
5,random,221.0,10217,0,0.0,0.0,0.0,15,3.8142943288256176e-05,
5,random_matched,221.0,10217,14,0.13702652442008417,0.002949833200436933,0.19040365575019041,40096,0.3723931929725613,
5,random,222.0,10217,0,0.0,0.0,0.0,12,1.3482474232669089e-05,
5,random_matched,222.0,10217,14,0.13702652442008417,0.002949833200436933,0.19040365575019041,40096,0.3723931929725613,
5,random,223.0,10217,0,0.0,0.0,0.0,20,9.956398540765509e-05,
5,random_matched,223.0,10217,14,0.13702652442008417,0.002949833200436933,0.19040365575019041,40096,0.3723931929725613,
5,random,224.0,10217,0,0.0,0.0,0.0,1228,0.008193292449211364,
5,random_matched,224.0,10217,14,0.13702652442008417,0.002949833200436933,0.19040365575019041,40096,0.3723931929725613,
5,random,225.0,10217,0,0.0,0.0,0.0,14,6.219713745780682e-05,
5,random_matched,225.0,10217,14,0.13702652442008417,0.002949833200436933,0.19040365575019041,40096,0.3723931929725613,
5,random,226.0,10217,0,0.0,0.0,0.0,14,2.245121606772654e-05,
5,random_matched,226.0,10217,14,0.13702652442008417,0.002949833200436933,0.19040365575019041,40096,0.3723931929725613,
5,random,227.0,10217,0,0.0,0.0,0.0,17,4.899399406268332e-06,
5,random_matched,227.0,10217,14,0.13702652442008417,0.002949833200436933,0.19040365575019041,40096,0.3723931929725613,
5,random,228.0,10217,0,0.0,0.0,0.0,57,0.0005308714309694507,
5,random_matched,228.0,10217,14,0.13702652442008417,0.002949833200436933,0.19040365575019041,40096,0.3723931929725613,
5,random,229.0,10217,0,0.0,0.0,0.0,32,0.06914351926771313,
5,random_matched,229.0,10217,14,0.13702652442008417,0.002949833200436933,0.19040365575019041,40096,0.3723931929725613,
5,random,230.0,10217,0,0.0,0.0,0.0,166,0.001155402809189343,
5,random_matched,230.0,10217,14,0.13702652442008417,0.002949833200436933,0.19040365575019041,40096,0.3723931929725613,
5,random,231.0,10217,0,0.0,0.0,0.0,301,0.0018209307491401446,
5,random_matched,231.0,10217,14,0.13702652442008417,0.002949833200436933,0.19040365575019041,40096,0.3723931929725613,
5,random,232.0,10217,0,0.0,0.0,0.0,17,3.5973367976183354e-05,
5,random_matched,232.0,10217,14,0.13702652442008417,0.002949833200436933,0.19040365575019041,40096,0.3723931929725613,
5,random,233.0,10217,1,0.00978760888714887,5.697386394329588e-07,0.01904036557501904,52,0.006057189224433064,
5,random_matched,233.0,10217,14,0.13702652442008417,0.002949833200436933,0.19040365575019041,40096,0.3723931929725613,
5,random,234.0,10217,0,0.0,0.0,0.0,22,7.101986544596544e-05,
5,random_matched,234.0,10217,14,0.13702652442008417,0.002949833200436933,0.19040365575019041,40096,0.3723931929725613,
5,random,235.0,10217,0,0.0,0.0,0.0,338,0.001264292635514145,
5,random_matched,235.0,10217,14,0.13702652442008417,0.002949833200436933,0.19040365575019041,40096,0.3723931929725613,
5,random,236.0,10217,0,0.0,0.0,0.0,29,0.00010397138163415563,
5,random_matched,236.0,10217,14,0.13702652442008417,0.002949833200436933,0.19040365575019041,40096,0.3723931929725613,
5,random,237.0,10217,0,0.0,0.0,0.0,33,0.0004559139529783114,
5,random_matched,237.0,10217,14,0.13702652442008417,0.002949833200436933,0.19040365575019041,40096,0.3723931929725613,
5,random,238.0,10217,0,0.0,0.0,0.0,16,3.7746166530378924e-05,
5,random_matched,238.0,10217,14,0.13702652442008417,0.002949833200436933,0.19040365575019041,40096,0.3723931929725613,
5,random,239.0,10217,0,0.0,0.0,0.0,15,3.414819488994798e-05,
5,random_matched,239.0,10217,14,0.13702652442008417,0.002949833200436933,0.19040365575019041,40096,0.3723931929725613,
5,random,240.0,10217,0,0.0,0.0,0.0,16,4.2866173814027007e-05,
5,random_matched,240.0,10217,14,0.13702652442008417,0.002949833200436933,0.19040365575019041,40096,0.3723931929725613,
5,random,241.0,10217,0,0.0,0.0,0.0,54,0.0005590457549927987,
5,random_matched,241.0,10217,14,0.13702652442008417,0.002949833200436933,0.19040365575019041,40096,0.3723931929725613,
5,random,242.0,10217,0,0.0,0.0,0.0,35,0.002732772939060051,
5,random_matched,242.0,10217,14,0.13702652442008417,0.002949833200436933,0.19040365575019041,40096,0.3723931929725613,
5,random,243.0,10217,0,0.0,0.0,0.0,26,5.520751809104112e-05,
5,random_matched,243.0,10217,14,0.13702652442008417,0.002949833200436933,0.19040365575019041,40096,0.3723931929725613,
5,random,244.0,10217,0,0.0,0.0,0.0,24,7.348622977293045e-05,
5,random_matched,244.0,10217,14,0.13702652442008417,0.002949833200436933,0.19040365575019041,40096,0.3723931929725613,
5,random,245.0,10217,0,0.0,0.0,0.0,142,0.01256150935153207,
5,random_matched,245.0,10217,14,0.13702652442008417,0.002949833200436933,0.19040365575019041,40096,0.3723931929725613,
5,random,246.0,10217,0,0.0,0.0,0.0,214,0.00033639050954239894,
5,random_matched,246.0,10217,14,0.13702652442008417,0.002949833200436933,0.19040365575019041,40096,0.3723931929725613,
5,random,247.0,10217,0,0.0,0.0,0.0,23,0.00022110305477358403,
5,random_matched,247.0,10217,14,0.13702652442008417,0.002949833200436933,0.19040365575019041,40096,0.3723931929725613,
5,random,248.0,10217,0,0.0,0.0,0.0,15,0.0008035665740162983,
5,random_matched,248.0,10217,14,0.13702652442008417,0.002949833200436933,0.19040365575019041,40096,0.3723931929725613,
5,random,249.0,10217,0,0.0,0.0,0.0,24,4.200754890998063e-05,
5,random_matched,249.0,10217,14,0.13702652442008417,0.002949833200436933,0.19040365575019041,40096,0.3723931929725613,
5,random,250.0,10217,0,0.0,0.0,0.0,38,0.0002351648230727539,
5,random_matched,250.0,10217,14,0.13702652442008417,0.002949833200436933,0.19040365575019041,40096,0.3723931929725613,
5,random,251.0,10217,0,0.0,0.0,0.0,264,0.009424870047485014,
5,random_matched,251.0,10217,14,0.13702652442008417,0.002949833200436933,0.19040365575019041,40096,0.3723931929725613,
5,random,252.0,10217,0,0.0,0.0,0.0,13,5.758024310314709e-06,
5,random_matched,252.0,10217,14,0.13702652442008417,0.002949833200436933,0.19040365575019041,40096,0.3723931929725613,
5,random,253.0,10217,0,0.0,0.0,0.0,511,0.0009761374828733681,
5,random_matched,253.0,10217,14,0.13702652442008417,0.002949833200436933,0.19040365575019041,40096,0.3723931929725613,
5,random,254.0,10217,0,0.0,0.0,0.0,1818,0.03289360741393152,
5,random_matched,254.0,10217,14,0.13702652442008417,0.002949833200436933,0.19040365575019041,40096,0.3723931929725613,
5,random,255.0,10217,0,0.0,0.0,0.0,13,4.588167717389414e-05,
5,random_matched,255.0,10217,14,0.13702652442008417,0.002949833200436933,0.19040365575019041,40096,0.3723931929725613,
5,random,256.0,10217,0,0.0,0.0,0.0,16,0.001523041869075123,
5,random_matched,256.0,10217,14,0.13702652442008417,0.002949833200436933,0.19040365575019041,40096,0.3723931929725613,
5,random,257.0,10217,0,0.0,0.0,0.0,20,0.0005573412020409581,
5,random_matched,257.0,10217,14,0.13702652442008417,0.002949833200436933,0.19040365575019041,40096,0.3723931929725613,
5,random,258.0,10217,0,0.0,0.0,0.0,16,3.3587946107825305e-05,
5,random_matched,258.0,10217,14,0.13702652442008417,0.002949833200436933,0.19040365575019041,40096,0.3723931929725613,
5,random,259.0,10217,0,0.0,0.0,0.0,16,0.00012112483443070508,
5,random_matched,259.0,10217,14,0.13702652442008417,0.002949833200436933,0.19040365575019041,40096,0.3723931929725613,
5,random,260.0,10217,0,0.0,0.0,0.0,11,0.0022916666946857186,
5,random_matched,260.0,10217,14,0.13702652442008417,0.002949833200436933,0.19040365575019041,40096,0.3723931929725613,
5,random,261.0,10217,0,0.0,0.0,0.0,262,0.0002913198440616059,
5,random_matched,261.0,10217,14,0.13702652442008417,0.002949833200436933,0.19040365575019041,40096,0.3723931929725613,
5,random,262.0,10217,0,0.0,0.0,0.0,14,0.0001088787165755815,
5,random_matched,262.0,10217,14,0.13702652442008417,0.002949833200436933,0.19040365575019041,40096,0.3723931929725613,
5,random,263.0,10217,0,0.0,0.0,0.0,167,0.001445322824849158,
5,random_matched,263.0,10217,14,0.13702652442008417,0.002949833200436933,0.19040365575019041,40096,0.3723931929725613,
5,random,264.0,10217,0,0.0,0.0,0.0,30,0.00015390970438058682,
5,random_matched,264.0,10217,14,0.13702652442008417,0.002949833200436933,0.19040365575019041,40096,0.3723931929725613,
5,random,265.0,10217,0,0.0,0.0,0.0,82,0.008440030456757881,
5,random_matched,265.0,10217,14,0.13702652442008417,0.002949833200436933,0.19040365575019041,40096,0.3723931929725613,
5,random,266.0,10217,0,0.0,0.0,0.0,21,0.0007164137655950437,
5,random_matched,266.0,10217,14,0.13702652442008417,0.002949833200436933,0.19040365575019041,40096,0.3723931929725613,
5,random,267.0,10217,0,0.0,0.0,0.0,85,0.009794389829203132,
5,random_matched,267.0,10217,14,0.13702652442008417,0.002949833200436933,0.19040365575019041,40096,0.3723931929725613,
5,random,268.0,10217,0,0.0,0.0,0.0,16,0.00019477294912084944,
5,random_matched,268.0,10217,14,0.13702652442008417,0.002949833200436933,0.19040365575019041,40096,0.3723931929725613,
5,random,269.0,10217,0,0.0,0.0,0.0,21,0.015444608307295559,
5,random_matched,269.0,10217,14,0.13702652442008417,0.002949833200436933,0.19040365575019041,40096,0.3723931929725613,
5,random,270.0,10217,0,0.0,0.0,0.0,17,0.00010321750579418885,
5,random_matched,270.0,10217,14,0.13702652442008417,0.002949833200436933,0.19040365575019041,40096,0.3723931929725613,
5,random,271.0,10217,0,0.0,0.0,0.0,143,0.00014977370345647432,
5,random_matched,271.0,10217,14,0.13702652442008417,0.002949833200436933,0.19040365575019041,40096,0.3723931929725613,
5,random,272.0,10217,0,0.0,0.0,0.0,15,6.05735269645731e-05,
5,random_matched,272.0,10217,14,0.13702652442008417,0.002949833200436933,0.19040365575019041,40096,0.3723931929725613,
5,random,273.0,10217,0,0.0,0.0,0.0,54,0.005453331502405609,
5,random_matched,273.0,10217,14,0.13702652442008417,0.002949833200436933,0.19040365575019041,40096,0.3723931929725613,
5,random,274.0,10217,0,0.0,0.0,0.0,21,7.639222274762346e-05,
5,random_matched,274.0,10217,14,0.13702652442008417,0.002949833200436933,0.19040365575019041,40096,0.3723931929725613,
5,random,275.0,10217,0,0.0,0.0,0.0,15,7.613828562258202e-05,
5,random_matched,275.0,10217,14,0.13702652442008417,0.002949833200436933,0.19040365575019041,40096,0.3723931929725613,
5,random,276.0,10217,0,0.0,0.0,0.0,998,0.0009693589487417932,
5,random_matched,276.0,10217,14,0.13702652442008417,0.002949833200436933,0.19040365575019041,40096,0.3723931929725613,
5,random,277.0,10217,0,0.0,0.0,0.0,23,0.00011567947020559763,
5,random_matched,277.0,10217,14,0.13702652442008417,0.002949833200436933,0.19040365575019041,40096,0.3723931929725613,
5,random,278.0,10217,0,0.0,0.0,0.0,76,0.0017657883024373953,
5,random_matched,278.0,10217,14,0.13702652442008417,0.002949833200436933,0.19040365575019041,40096,0.3723931929725613,
5,random,279.0,10217,0,0.0,0.0,0.0,89,0.000312812447482301,
5,random_matched,279.0,10217,14,0.13702652442008417,0.002949833200436933,0.19040365575019041,40096,0.3723931929725613,
5,random,280.0,10217,0,0.0,0.0,0.0,23,0.0011521968529856947,
5,random_matched,280.0,10217,14,0.13702652442008417,0.002949833200436933,0.19040365575019041,40096,0.3723931929725613,
5,random,281.0,10217,0,0.0,0.0,0.0,17,1.738358331611825e-05,
5,random_matched,281.0,10217,14,0.13702652442008417,0.002949833200436933,0.19040365575019041,40096,0.3723931929725613,
5,random,282.0,10217,0,0.0,0.0,0.0,1169,0.009714924967242506,
5,random_matched,282.0,10217,14,0.13702652442008417,0.002949833200436933,0.19040365575019041,40096,0.3723931929725613,
5,random,283.0,10217,0,0.0,0.0,0.0,114,0.006461453953284978,
5,random_matched,283.0,10217,14,0.13702652442008417,0.002949833200436933,0.19040365575019041,40096,0.3723931929725613,
5,random,284.0,10217,0,0.0,0.0,0.0,30,4.6391138531008534e-05,
5,random_matched,284.0,10217,14,0.13702652442008417,0.002949833200436933,0.19040365575019041,40096,0.3723931929725613,
5,random,285.0,10217,0,0.0,0.0,0.0,20,4.192978066543669e-05,
5,random_matched,285.0,10217,14,0.13702652442008417,0.002949833200436933,0.19040365575019041,40096,0.3723931929725613,
5,random,286.0,10217,0,0.0,0.0,0.0,17,0.0016275639768492123,
5,random_matched,286.0,10217,14,0.13702652442008417,0.002949833200436933,0.19040365575019041,40096,0.3723931929725613,
5,random,287.0,10217,0,0.0,0.0,0.0,25,0.0008289809189118522,
5,random_matched,287.0,10217,14,0.13702652442008417,0.002949833200436933,0.19040365575019041,40096,0.3723931929725613,
5,random,288.0,10217,0,0.0,0.0,0.0,292,0.0005054491505387393,
5,random_matched,288.0,10217,14,0.13702652442008417,0.002949833200436933,0.19040365575019041,40096,0.3723931929725613,
5,random,289.0,10217,0,0.0,0.0,0.0,33,0.0021777092356093084,
5,random_matched,289.0,10217,14,0.13702652442008417,0.002949833200436933,0.19040365575019041,40096,0.3723931929725613,
5,random,290.0,10217,0,0.0,0.0,0.0,1232,0.011405505028777784,
5,random_matched,290.0,10217,14,0.13702652442008417,0.002949833200436933,0.19040365575019041,40096,0.3723931929725613,
5,random,291.0,10217,0,0.0,0.0,0.0,10,3.205956203648212e-05,
5,random_matched,291.0,10217,14,0.13702652442008417,0.002949833200436933,0.19040365575019041,40096,0.3723931929725613,
5,random,292.0,10217,0,0.0,0.0,0.0,14,4.029664753001391e-05,
5,random_matched,292.0,10217,14,0.13702652442008417,0.002949833200436933,0.19040365575019041,40096,0.3723931929725613,
5,random,293.0,10217,0,0.0,0.0,0.0,19,1.614563983154122e-05,
5,random_matched,293.0,10217,14,0.13702652442008417,0.002949833200436933,0.19040365575019041,40096,0.3723931929725613,
5,random,294.0,10217,0,0.0,0.0,0.0,107,0.0001366768962324619,
5,random_matched,294.0,10217,14,0.13702652442008417,0.002949833200436933,0.19040365575019041,40096,0.3723931929725613,
5,random,295.0,10217,0,0.0,0.0,0.0,11,0.0012604804044244603,
5,random_matched,295.0,10217,14,0.13702652442008417,0.002949833200436933,0.19040365575019041,40096,0.3723931929725613,
5,random,296.0,10217,0,0.0,0.0,0.0,21,0.00010895013639199941,
5,random_matched,296.0,10217,14,0.13702652442008417,0.002949833200436933,0.19040365575019041,40096,0.3723931929725613,
5,random,297.0,10217,0,0.0,0.0,0.0,20,0.001812622243830195,
5,random_matched,297.0,10217,14,0.13702652442008417,0.002949833200436933,0.19040365575019041,40096,0.3723931929725613,
5,random,298.0,10217,0,0.0,0.0,0.0,23,4.173615360759259e-05,
5,random_matched,298.0,10217,14,0.13702652442008417,0.002949833200436933,0.19040365575019041,40096,0.3723931929725613,
5,random,299.0,10217,0,0.0,0.0,0.0,17,9.610726629302846e-05,
5,random_matched,299.0,10217,14,0.13702652442008417,0.002949833200436933,0.19040365575019041,40096,0.3723931929725613,
5,random,300.0,10217,0,0.0,0.0,0.0,12,5.619945998573425e-06,
5,random_matched,300.0,10217,14,0.13702652442008417,0.002949833200436933,0.19040365575019041,40096,0.3723931929725613,
5,random,301.0,10217,0,0.0,0.0,0.0,42,0.00010790740707229798,
5,random_matched,301.0,10217,14,0.13702652442008417,0.002949833200436933,0.19040365575019041,40096,0.3723931929725613,
5,random,302.0,10217,0,0.0,0.0,0.0,44,0.13839606802716983,
5,random_matched,302.0,10217,14,0.13702652442008417,0.002949833200436933,0.19040365575019041,40096,0.3723931929725613,
5,random,303.0,10217,0,0.0,0.0,0.0,14,2.7645817381855546e-05,
5,random_matched,303.0,10217,14,0.13702652442008417,0.002949833200436933,0.19040365575019041,40096,0.3723931929725613,
5,random,304.0,10217,0,0.0,0.0,0.0,49,0.00046643647259721617,
5,random_matched,304.0,10217,14,0.13702652442008417,0.002949833200436933,0.19040365575019041,40096,0.3723931929725613,
5,random,305.0,10217,0,0.0,0.0,0.0,16,0.00010855494674115367,
5,random_matched,305.0,10217,14,0.13702652442008417,0.002949833200436933,0.19040365575019041,40096,0.3723931929725613,
5,random,306.0,10217,0,0.0,0.0,0.0,65,0.19394905487997358,
5,random_matched,306.0,10217,14,0.13702652442008417,0.002949833200436933,0.19040365575019041,40096,0.3723931929725613,
5,random,307.0,10217,0,0.0,0.0,0.0,12,9.33695066636754e-06,
5,random_matched,307.0,10217,14,0.13702652442008417,0.002949833200436933,0.19040365575019041,40096,0.3723931929725613,
5,random,308.0,10217,0,0.0,0.0,0.0,555,0.011694156945919423,
5,random_matched,308.0,10217,14,0.13702652442008417,0.002949833200436933,0.19040365575019041,40096,0.3723931929725613,
5,random,309.0,10217,0,0.0,0.0,0.0,41,0.0036871543587454936,
5,random_matched,309.0,10217,14,0.13702652442008417,0.002949833200436933,0.19040365575019041,40096,0.3723931929725613,
5,random,310.0,10217,0,0.0,0.0,0.0,10,4.7581468804640294e-05,
5,random_matched,310.0,10217,14,0.13702652442008417,0.002949833200436933,0.19040365575019041,40096,0.3723931929725613,
5,random,311.0,10217,0,0.0,0.0,0.0,25,0.00013928927440632575,
5,random_matched,311.0,10217,14,0.13702652442008417,0.002949833200436933,0.19040365575019041,40096,0.3723931929725613,
5,random,312.0,10217,0,0.0,0.0,0.0,10,2.5487351819003284e-05,
5,random_matched,312.0,10217,14,0.13702652442008417,0.002949833200436933,0.19040365575019041,40096,0.3723931929725613,
5,random,313.0,10217,0,0.0,0.0,0.0,17,0.0001411604735964749,
5,random_matched,313.0,10217,14,0.13702652442008417,0.002949833200436933,0.19040365575019041,40096,0.3723931929725613,
5,random,314.0,10217,0,0.0,0.0,0.0,15,9.651039147903175e-05,
5,random_matched,314.0,10217,14,0.13702652442008417,0.002949833200436933,0.19040365575019041,40096,0.3723931929725613,
5,random,315.0,10217,0,0.0,0.0,0.0,115,0.00068311149875289,
5,random_matched,315.0,10217,14,0.13702652442008417,0.002949833200436933,0.19040365575019041,40096,0.3723931929725613,
5,random,316.0,10217,0,0.0,0.0,0.0,21,0.00021011709990147862,
5,random_matched,316.0,10217,14,0.13702652442008417,0.002949833200436933,0.19040365575019041,40096,0.3723931929725613,
5,random,317.0,10217,0,0.0,0.0,0.0,22,0.0012293286676100014,
5,random_matched,317.0,10217,14,0.13702652442008417,0.002949833200436933,0.19040365575019041,40096,0.3723931929725613,
5,random,318.0,10217,0,0.0,0.0,0.0,21,2.1638617267593923e-05,
5,random_matched,318.0,10217,14,0.13702652442008417,0.002949833200436933,0.19040365575019041,40096,0.3723931929725613,
5,random,319.0,10217,0,0.0,0.0,0.0,17,4.189169009668047e-05,
5,random_matched,319.0,10217,14,0.13702652442008417,0.002949833200436933,0.19040365575019041,40096,0.3723931929725613,
5,random,320.0,10217,0,0.0,0.0,0.0,12,2.815369163193843e-05,
5,random_matched,320.0,10217,14,0.13702652442008417,0.002949833200436933,0.19040365575019041,40096,0.3723931929725613,
5,random,321.0,10217,0,0.0,0.0,0.0,23,7.074053460841986e-05,
5,random_matched,321.0,10217,14,0.13702652442008417,0.002949833200436933,0.19040365575019041,40096,0.3723931929725613,
5,random,322.0,10217,0,0.0,0.0,0.0,11,1.2103278222287756e-05,
5,random_matched,322.0,10217,14,0.13702652442008417,0.002949833200436933,0.19040365575019041,40096,0.3723931929725613,
5,random,323.0,10217,0,0.0,0.0,0.0,32,1.1431931947959442e-05,
5,random_matched,323.0,10217,14,0.13702652442008417,0.002949833200436933,0.19040365575019041,40096,0.3723931929725613,
5,random,324.0,10217,0,0.0,0.0,0.0,16,7.436548706838645e-05,
5,random_matched,324.0,10217,14,0.13702652442008417,0.002949833200436933,0.19040365575019041,40096,0.3723931929725613,
5,random,325.0,10217,0,0.0,0.0,0.0,192,0.00013726730004818327,
5,random_matched,325.0,10217,14,0.13702652442008417,0.002949833200436933,0.19040365575019041,40096,0.3723931929725613,
5,random,326.0,10217,0,0.0,0.0,0.0,29,0.0008099023052860823,
5,random_matched,326.0,10217,14,0.13702652442008417,0.002949833200436933,0.19040365575019041,40096,0.3723931929725613,
5,random,327.0,10217,0,0.0,0.0,0.0,17,0.0002396055485469161,
5,random_matched,327.0,10217,14,0.13702652442008417,0.002949833200436933,0.19040365575019041,40096,0.3723931929725613,
5,random,328.0,10217,0,0.0,0.0,0.0,13,1.5064819943083579e-05,
5,random_matched,328.0,10217,14,0.13702652442008417,0.002949833200436933,0.19040365575019041,40096,0.3723931929725613,
5,random,329.0,10217,0,0.0,0.0,0.0,29,0.044359873248303594,
5,random_matched,329.0,10217,14,0.13702652442008417,0.002949833200436933,0.19040365575019041,40096,0.3723931929725613,
5,random,330.0,10217,0,0.0,0.0,0.0,136,0.00015196232405292526,
5,random_matched,330.0,10217,14,0.13702652442008417,0.002949833200436933,0.19040365575019041,40096,0.3723931929725613,
5,random,331.0,10217,0,0.0,0.0,0.0,22,0.0005224105633844762,
5,random_matched,331.0,10217,14,0.13702652442008417,0.002949833200436933,0.19040365575019041,40096,0.3723931929725613,
5,random,332.0,10217,0,0.0,0.0,0.0,17,0.00010149708177203307,
5,random_matched,332.0,10217,14,0.13702652442008417,0.002949833200436933,0.19040365575019041,40096,0.3723931929725613,
5,random,333.0,10217,0,0.0,0.0,0.0,541,0.007957816553160434,
5,random_matched,333.0,10217,14,0.13702652442008417,0.002949833200436933,0.19040365575019041,40096,0.3723931929725613,
5,random,334.0,10217,0,0.0,0.0,0.0,71,0.00011812996346224756,
5,random_matched,334.0,10217,14,0.13702652442008417,0.002949833200436933,0.19040365575019041,40096,0.3723931929725613,
5,random,335.0,10217,0,0.0,0.0,0.0,17,0.00011430344840927932,
5,random_matched,335.0,10217,14,0.13702652442008417,0.002949833200436933,0.19040365575019041,40096,0.3723931929725613,
5,random,336.0,10217,0,0.0,0.0,0.0,22,0.001969741078628493,
5,random_matched,336.0,10217,14,0.13702652442008417,0.002949833200436933,0.19040365575019041,40096,0.3723931929725613,
5,random,337.0,10217,0,0.0,0.0,0.0,40,0.005301878639709798,
5,random_matched,337.0,10217,14,0.13702652442008417,0.002949833200436933,0.19040365575019041,40096,0.3723931929725613,
5,random,338.0,10217,0,0.0,0.0,0.0,22,7.079290914045965e-05,
5,random_matched,338.0,10217,14,0.13702652442008417,0.002949833200436933,0.19040365575019041,40096,0.3723931929725613,
5,random,339.0,10217,0,0.0,0.0,0.0,56,0.00029173407899682973,
5,random_matched,339.0,10217,14,0.13702652442008417,0.002949833200436933,0.19040365575019041,40096,0.3723931929725613,
5,random,340.0,10217,0,0.0,0.0,0.0,18,0.001320354017188138,
5,random_matched,340.0,10217,14,0.13702652442008417,0.002949833200436933,0.19040365575019041,40096,0.3723931929725613,
5,random,341.0,10217,0,0.0,0.0,0.0,15,4.7856038321091353e-05,
5,random_matched,341.0,10217,14,0.13702652442008417,0.002949833200436933,0.19040365575019041,40096,0.3723931929725613,
5,random,342.0,10217,0,0.0,0.0,0.0,11,1.6036129446367095e-05,
5,random_matched,342.0,10217,14,0.13702652442008417,0.002949833200436933,0.19040365575019041,40096,0.3723931929725613,
5,random,343.0,10217,0,0.0,0.0,0.0,22,0.0012384418361849263,
5,random_matched,343.0,10217,14,0.13702652442008417,0.002949833200436933,0.19040365575019041,40096,0.3723931929725613,
5,random,344.0,10217,0,0.0,0.0,0.0,86,0.002009539374550613,
5,random_matched,344.0,10217,14,0.13702652442008417,0.002949833200436933,0.19040365575019041,40096,0.3723931929725613,
5,random,345.0,10217,0,0.0,0.0,0.0,15,0.00021755587055816137,
5,random_matched,345.0,10217,14,0.13702652442008417,0.002949833200436933,0.19040365575019041,40096,0.3723931929725613,
5,random,346.0,10217,0,0.0,0.0,0.0,33,0.00018382825903156326,
5,random_matched,346.0,10217,14,0.13702652442008417,0.002949833200436933,0.19040365575019041,40096,0.3723931929725613,
5,random,347.0,10217,0,0.0,0.0,0.0,16,1.501403251807529e-05,
5,random_matched,347.0,10217,14,0.13702652442008417,0.002949833200436933,0.19040365575019041,40096,0.3723931929725613,
5,random,348.0,10217,0,0.0,0.0,0.0,270,0.0008318154920701272,
5,random_matched,348.0,10217,14,0.13702652442008417,0.002949833200436933,0.19040365575019041,40096,0.3723931929725613,
5,random,349.0,10217,0,0.0,0.0,0.0,15,4.786079964218588e-05,
5,random_matched,349.0,10217,14,0.13702652442008417,0.002949833200436933,0.19040365575019041,40096,0.3723931929725613,
5,random,350.0,10217,0,0.0,0.0,0.0,120,0.0018113668421682713,
5,random_matched,350.0,10217,14,0.13702652442008417,0.002949833200436933,0.19040365575019041,40096,0.3723931929725613,
5,random,351.0,10217,0,0.0,0.0,0.0,251,0.2152819969204059,
5,random_matched,351.0,10217,14,0.13702652442008417,0.002949833200436933,0.19040365575019041,40096,0.3723931929725613,
5,random,352.0,10217,0,0.0,0.0,0.0,16,4.622766650676311e-05,
5,random_matched,352.0,10217,14,0.13702652442008417,0.002949833200436933,0.19040365575019041,40096,0.3723931929725613,
5,random,353.0,10217,0,0.0,0.0,0.0,861,0.0022379034439933506,
5,random_matched,353.0,10217,14,0.13702652442008417,0.002949833200436933,0.19040365575019041,40096,0.3723931929725613,
5,random,354.0,10217,0,0.0,0.0,0.0,20,0.00022960836135544084,
5,random_matched,354.0,10217,14,0.13702652442008417,0.002949833200436933,0.19040365575019041,40096,0.3723931929725613,
5,random,355.0,10217,0,0.0,0.0,0.0,12,0.00042721588363456536,
5,random_matched,355.0,10217,14,0.13702652442008417,0.002949833200436933,0.19040365575019041,40096,0.3723931929725613,
5,random,356.0,10217,0,0.0,0.0,0.0,28,0.002413562863133737,
5,random_matched,356.0,10217,14,0.13702652442008417,0.002949833200436933,0.19040365575019041,40096,0.3723931929725613,
5,random,357.0,10217,0,0.0,0.0,0.0,263,0.004160877239724367,
5,random_matched,357.0,10217,14,0.13702652442008417,0.002949833200436933,0.19040365575019041,40096,0.3723931929725613,
5,random,358.0,10217,0,0.0,0.0,0.0,70,0.0002526595038810778,
5,random_matched,358.0,10217,14,0.13702652442008417,0.002949833200436933,0.19040365575019041,40096,0.3723931929725613,
5,random,359.0,10217,0,0.0,0.0,0.0,19,7.19451488453352e-05,
5,random_matched,359.0,10217,14,0.13702652442008417,0.002949833200436933,0.19040365575019041,40096,0.3723931929725613,
5,random,360.0,10217,0,0.0,0.0,0.0,13,4.610228505127389e-05,
5,random_matched,360.0,10217,14,0.13702652442008417,0.002949833200436933,0.19040365575019041,40096,0.3723931929725613,
5,random,361.0,10217,0,0.0,0.0,0.0,19,0.004987993307874197,
5,random_matched,361.0,10217,14,0.13702652442008417,0.002949833200436933,0.19040365575019041,40096,0.3723931929725613,
5,random,362.0,10217,0,0.0,0.0,0.0,17,0.00037390971976727206,
5,random_matched,362.0,10217,14,0.13702652442008417,0.002949833200436933,0.19040365575019041,40096,0.3723931929725613,
5,random,363.0,10217,0,0.0,0.0,0.0,31,0.0003052673406545071,
5,random_matched,363.0,10217,14,0.13702652442008417,0.002949833200436933,0.19040365575019041,40096,0.3723931929725613,
5,random,364.0,10217,0,0.0,0.0,0.0,16,0.002635646750052794,
5,random_matched,364.0,10217,14,0.13702652442008417,0.002949833200436933,0.19040365575019041,40096,0.3723931929725613,
5,random,365.0,10217,0,0.0,0.0,0.0,27,0.0003355414072805416,
5,random_matched,365.0,10217,14,0.13702652442008417,0.002949833200436933,0.19040365575019041,40096,0.3723931929725613,
5,random,366.0,10217,0,0.0,0.0,0.0,97,0.003944937044124282,
5,random_matched,366.0,10217,14,0.13702652442008417,0.002949833200436933,0.19040365575019041,40096,0.3723931929725613,
5,random,367.0,10217,0,0.0,0.0,0.0,14,0.004690874174719457,
5,random_matched,367.0,10217,14,0.13702652442008417,0.002949833200436933,0.19040365575019041,40096,0.3723931929725613,
5,random,368.0,10217,0,0.0,0.0,0.0,12,3.308642028586845e-05,
5,random_matched,368.0,10217,14,0.13702652442008417,0.002949833200436933,0.19040365575019041,40096,0.3723931929725613,
5,random,369.0,10217,0,0.0,0.0,0.0,13,1.1089116829153494e-05,
5,random_matched,369.0,10217,14,0.13702652442008417,0.002949833200436933,0.19040365575019041,40096,0.3723931929725613,
5,random,370.0,10217,0,0.0,0.0,0.0,108,0.0013230997123526485,
5,random_matched,370.0,10217,14,0.13702652442008417,0.002949833200436933,0.19040365575019041,40096,0.3723931929725613,
5,random,371.0,10217,0,0.0,0.0,0.0,17,6.176385723820486e-05,
5,random_matched,371.0,10217,14,0.13702652442008417,0.002949833200436933,0.19040365575019041,40096,0.3723931929725613,
5,random,372.0,10217,0,0.0,0.0,0.0,40,0.0017784327841574277,
5,random_matched,372.0,10217,14,0.13702652442008417,0.002949833200436933,0.19040365575019041,40096,0.3723931929725613,
5,random,373.0,10217,0,0.0,0.0,0.0,13,2.1787805328555768e-05,
5,random_matched,373.0,10217,14,0.13702652442008417,0.002949833200436933,0.19040365575019041,40096,0.3723931929725613,
5,random,374.0,10217,0,0.0,0.0,0.0,14,0.00015937093967600933,
5,random_matched,374.0,10217,14,0.13702652442008417,0.002949833200436933,0.19040365575019041,40096,0.3723931929725613,
5,random,375.0,10217,0,0.0,0.0,0.0,417,0.0016257229326926616,
5,random_matched,375.0,10217,14,0.13702652442008417,0.002949833200436933,0.19040365575019041,40096,0.3723931929725613,
5,random,376.0,10217,0,0.0,0.0,0.0,20,0.00014242539790058757,
5,random_matched,376.0,10217,14,0.13702652442008417,0.002949833200436933,0.19040365575019041,40096,0.3723931929725613,
5,random,377.0,10217,0,0.0,0.0,0.0,16,0.0031682735213990933,
5,random_matched,377.0,10217,14,0.13702652442008417,0.002949833200436933,0.19040365575019041,40096,0.3723931929725613,
5,random,378.0,10217,0,0.0,0.0,0.0,25,6.808847875876828e-05,
5,random_matched,378.0,10217,14,0.13702652442008417,0.002949833200436933,0.19040365575019041,40096,0.3723931929725613,
5,random,379.0,10217,0,0.0,0.0,0.0,76,0.007252355413189834,
5,random_matched,379.0,10217,14,0.13702652442008417,0.002949833200436933,0.19040365575019041,40096,0.3723931929725613,
5,random,380.0,10217,0,0.0,0.0,0.0,303,0.00557673542253356,
5,random_matched,380.0,10217,14,0.13702652442008417,0.002949833200436933,0.19040365575019041,40096,0.3723931929725613,
5,random,381.0,10217,0,0.0,0.0,0.0,143,0.0034845823656718088,
5,random_matched,381.0,10217,14,0.13702652442008417,0.002949833200436933,0.19040365575019041,40096,0.3723931929725613,
5,random,382.0,10217,0,0.0,0.0,0.0,13,8.783685155183498e-05,
5,random_matched,382.0,10217,14,0.13702652442008417,0.002949833200436933,0.19040365575019041,40096,0.3723931929725613,
5,random,383.0,10217,0,0.0,0.0,0.0,14,3.342606119061138e-05,
5,random_matched,383.0,10217,14,0.13702652442008417,0.002949833200436933,0.19040365575019041,40096,0.3723931929725613,
5,random,384.0,10217,0,0.0,0.0,0.0,23,0.00568255102253833,
5,random_matched,384.0,10217,14,0.13702652442008417,0.002949833200436933,0.19040365575019041,40096,0.3723931929725613,
5,random,385.0,10217,0,0.0,0.0,0.0,11,7.278948978609799e-05,
5,random_matched,385.0,10217,14,0.13702652442008417,0.002949833200436933,0.19040365575019041,40096,0.3723931929725613,
5,random,386.0,10217,0,0.0,0.0,0.0,12,7.54669393482537e-06,
5,random_matched,386.0,10217,14,0.13702652442008417,0.002949833200436933,0.19040365575019041,40096,0.3723931929725613,
5,random,387.0,10217,0,0.0,0.0,0.0,13,1.7137581726234355e-05,
5,random_matched,387.0,10217,14,0.13702652442008417,0.002949833200436933,0.19040365575019041,40096,0.3723931929725613,
5,random,388.0,10217,0,0.0,0.0,0.0,131,0.00034977458313911443,
5,random_matched,388.0,10217,14,0.13702652442008417,0.002949833200436933,0.19040365575019041,40096,0.3723931929725613,
5,random,389.0,10217,0,0.0,0.0,0.0,18,4.865276605090888e-05,
5,random_matched,389.0,10217,14,0.13702652442008417,0.002949833200436933,0.19040365575019041,40096,0.3723931929725613,
5,random,390.0,10217,0,0.0,0.0,0.0,52,0.04782245037498353,
5,random_matched,390.0,10217,14,0.13702652442008417,0.002949833200436933,0.19040365575019041,40096,0.3723931929725613,
5,random,391.0,10217,0,0.0,0.0,0.0,537,0.0070336853934955534,
5,random_matched,391.0,10217,14,0.13702652442008417,0.002949833200436933,0.19040365575019041,40096,0.3723931929725613,
5,random,392.0,10217,0,0.0,0.0,0.0,11,6.0468777900493504e-06,
5,random_matched,392.0,10217,14,0.13702652442008417,0.002949833200436933,0.19040365575019041,40096,0.3723931929725613,
5,random,393.0,10217,0,0.0,0.0,0.0,58,4.2342428493629036e-05,
5,random_matched,393.0,10217,14,0.13702652442008417,0.002949833200436933,0.19040365575019041,40096,0.3723931929725613,
5,random,394.0,10217,0,0.0,0.0,0.0,13,3.548295190344707e-05,
5,random_matched,394.0,10217,14,0.13702652442008417,0.002949833200436933,0.19040365575019041,40096,0.3723931929725613,
5,random,395.0,10217,0,0.0,0.0,0.0,16,0.00031857840732777326,
5,random_matched,395.0,10217,14,0.13702652442008417,0.002949833200436933,0.19040365575019041,40096,0.3723931929725613,
5,random,396.0,10217,0,0.0,0.0,0.0,26,8.833679026676032e-05,
5,random_matched,396.0,10217,14,0.13702652442008417,0.002949833200436933,0.19040365575019041,40096,0.3723931929725613,
5,random,397.0,10217,0,0.0,0.0,0.0,23,7.675408315080752e-05,
5,random_matched,397.0,10217,14,0.13702652442008417,0.002949833200436933,0.19040365575019041,40096,0.3723931929725613,
5,random,398.0,10217,0,0.0,0.0,0.0,158,0.00036661537585045665,
5,random_matched,398.0,10217,14,0.13702652442008417,0.002949833200436933,0.19040365575019041,40096,0.3723931929725613,
5,random,399.0,10217,0,0.0,0.0,0.0,52,0.00011910762139365711,
5,random_matched,399.0,10217,14,0.13702652442008417,0.002949833200436933,0.19040365575019041,40096,0.3723931929725613,
5,random,400.0,10217,0,0.0,0.0,0.0,43,8.16455470219183e-05,
5,random_matched,400.0,10217,14,0.13702652442008417,0.002949833200436933,0.19040365575019041,40096,0.3723931929725613,
5,random,401.0,10217,0,0.0,0.0,0.0,11,8.262479206035936e-06,
5,random_matched,401.0,10217,14,0.13702652442008417,0.002949833200436933,0.19040365575019041,40096,0.3723931929725613,
5,random,402.0,10217,0,0.0,0.0,0.0,15,0.00011141650071896442,
5,random_matched,402.0,10217,14,0.13702652442008417,0.002949833200436933,0.19040365575019041,40096,0.3723931929725613,
5,random,403.0,10217,0,0.0,0.0,0.0,31,0.0007771206095502635,
5,random_matched,403.0,10217,14,0.13702652442008417,0.002949833200436933,0.19040365575019041,40096,0.3723931929725613,
5,random,404.0,10217,0,0.0,0.0,0.0,18,3.1486616398107364e-05,
5,random_matched,404.0,10217,14,0.13702652442008417,0.002949833200436933,0.19040365575019041,40096,0.3723931929725613,
5,random,405.0,10217,0,0.0,0.0,0.0,25,0.00014786282659053746,
5,random_matched,405.0,10217,14,0.13702652442008417,0.002949833200436933,0.19040365575019041,40096,0.3723931929725613,
5,random,406.0,10217,0,0.0,0.0,0.0,118,0.0013115217665577903,
5,random_matched,406.0,10217,14,0.13702652442008417,0.002949833200436933,0.19040365575019041,40096,0.3723931929725613,
5,random,407.0,10217,0,0.0,0.0,0.0,13,3.383870901880373e-05,
5,random_matched,407.0,10217,14,0.13702652442008417,0.002949833200436933,0.19040365575019041,40096,0.3723931929725613,
5,random,408.0,10217,0,0.0,0.0,0.0,13,0.00601781786030242,
5,random_matched,408.0,10217,14,0.13702652442008417,0.002949833200436933,0.19040365575019041,40096,0.3723931929725613,
5,random,409.0,10217,0,0.0,0.0,0.0,18,0.0027820795932079418,
5,random_matched,409.0,10217,14,0.13702652442008417,0.002949833200436933,0.19040365575019041,40096,0.3723931929725613,
5,random,410.0,10217,0,0.0,0.0,0.0,16,3.328639577183859e-05,
5,random_matched,410.0,10217,14,0.13702652442008417,0.002949833200436933,0.19040365575019041,40096,0.3723931929725613,
5,random,411.0,10217,0,0.0,0.0,0.0,34,0.0006945989794469523,
5,random_matched,411.0,10217,14,0.13702652442008417,0.002949833200436933,0.19040365575019041,40096,0.3723931929725613,
5,random,412.0,10217,0,0.0,0.0,0.0,12,1.6575745837080162e-05,
5,random_matched,412.0,10217,14,0.13702652442008417,0.002949833200436933,0.19040365575019041,40096,0.3723931929725613,
5,random,413.0,10217,0,0.0,0.0,0.0,16,0.00014855004393518086,
5,random_matched,413.0,10217,14,0.13702652442008417,0.002949833200436933,0.19040365575019041,40096,0.3723931929725613,
5,random,414.0,10217,0,0.0,0.0,0.0,13,6.711240793439024e-05,
5,random_matched,414.0,10217,14,0.13702652442008417,0.002949833200436933,0.19040365575019041,40096,0.3723931929725613,
5,random,415.0,10217,0,0.0,0.0,0.0,48,0.0034385181711892913,
5,random_matched,415.0,10217,14,0.13702652442008417,0.002949833200436933,0.19040365575019041,40096,0.3723931929725613,
5,random,416.0,10217,0,0.0,0.0,0.0,24,0.000373198695817156,
5,random_matched,416.0,10217,14,0.13702652442008417,0.002949833200436933,0.19040365575019041,40096,0.3723931929725613,
5,random,417.0,10217,0,0.0,0.0,0.0,14,3.320227909916861e-05,
5,random_matched,417.0,10217,14,0.13702652442008417,0.002949833200436933,0.19040365575019041,40096,0.3723931929725613,
5,random,418.0,10217,1,0.00978760888714887,9.340934473825242e-07,0.01904036557501904,187,0.004488527550844246,
5,random_matched,418.0,10217,14,0.13702652442008417,0.002949833200436933,0.19040365575019041,40096,0.3723931929725613,
5,random,419.0,10217,0,0.0,0.0,0.0,16,5.430445419011249e-05,
5,random_matched,419.0,10217,14,0.13702652442008417,0.002949833200436933,0.19040365575019041,40096,0.3723931929725613,
5,random,420.0,10217,0,0.0,0.0,0.0,12,2.904247156958348e-05,
5,random_matched,420.0,10217,14,0.13702652442008417,0.002949833200436933,0.19040365575019041,40096,0.3723931929725613,
5,random,421.0,10217,0,0.0,0.0,0.0,19,8.156777877737436e-05,
5,random_matched,421.0,10217,14,0.13702652442008417,0.002949833200436933,0.19040365575019041,40096,0.3723931929725613,
5,random,422.0,10217,0,0.0,0.0,0.0,24,0.0004215880021008344,
5,random_matched,422.0,10217,14,0.13702652442008417,0.002949833200436933,0.19040365575019041,40096,0.3723931929725613,
5,random,423.0,10217,0,0.0,0.0,0.0,31,2.8299705478837262e-05,
5,random_matched,423.0,10217,14,0.13702652442008417,0.002949833200436933,0.19040365575019041,40096,0.3723931929725613,
5,random,424.0,10217,0,0.0,0.0,0.0,15,0.0001379449947506376,
5,random_matched,424.0,10217,14,0.13702652442008417,0.002949833200436933,0.19040365575019041,40096,0.3723931929725613,
5,random,425.0,10217,0,0.0,0.0,0.0,168,0.0007070387243599199,
5,random_matched,425.0,10217,14,0.13702652442008417,0.002949833200436933,0.19040365575019041,40096,0.3723931929725613,
5,random,426.0,10217,0,0.0,0.0,0.0,17,0.00026971138182761066,
5,random_matched,426.0,10217,14,0.13702652442008417,0.002949833200436933,0.19040365575019041,40096,0.3723931929725613,
5,random,427.0,10217,0,0.0,0.0,0.0,13,3.896189051651483e-05,
5,random_matched,427.0,10217,14,0.13702652442008417,0.002949833200436933,0.19040365575019041,40096,0.3723931929725613,
5,random,428.0,10217,0,0.0,0.0,0.0,40,0.006397355461603423,
5,random_matched,428.0,10217,14,0.13702652442008417,0.002949833200436933,0.19040365575019041,40096,0.3723931929725613,
5,random,429.0,10217,0,0.0,0.0,0.0,21,0.0006739903946428078,
5,random_matched,429.0,10217,14,0.13702652442008417,0.002949833200436933,0.19040365575019041,40096,0.3723931929725613,
5,random,430.0,10217,0,0.0,0.0,0.0,99,0.00038877615133141704,
5,random_matched,430.0,10217,14,0.13702652442008417,0.002949833200436933,0.19040365575019041,40096,0.3723931929725613,
5,random,431.0,10217,0,0.0,0.0,0.0,18,0.0007190753440868843,
5,random_matched,431.0,10217,14,0.13702652442008417,0.002949833200436933,0.19040365575019041,40096,0.3723931929725613,
5,random,432.0,10217,0,0.0,0.0,0.0,25,0.0002535958970296681,
5,random_matched,432.0,10217,14,0.13702652442008417,0.002949833200436933,0.19040365575019041,40096,0.3723931929725613,
5,random,433.0,10217,0,0.0,0.0,0.0,464,0.0012384704041114934,
5,random_matched,433.0,10217,14,0.13702652442008417,0.002949833200436933,0.19040365575019041,40096,0.3723931929725613,
5,random,434.0,10217,0,0.0,0.0,0.0,23,6.497616186997911e-06,
5,random_matched,434.0,10217,14,0.13702652442008417,0.002949833200436933,0.19040365575019041,40096,0.3723931929725613,
5,random,435.0,10217,0,0.0,0.0,0.0,14,6.763932746885124e-05,
5,random_matched,435.0,10217,14,0.13702652442008417,0.002949833200436933,0.19040365575019041,40096,0.3723931929725613,
5,random,436.0,10217,0,0.0,0.0,0.0,206,0.000810116564735336,
5,random_matched,436.0,10217,14,0.13702652442008417,0.002949833200436933,0.19040365575019041,40096,0.3723931929725613,
5,random,437.0,10217,0,0.0,0.0,0.0,39,0.00027148894170290073,
5,random_matched,437.0,10217,14,0.13702652442008417,0.002949833200436933,0.19040365575019041,40096,0.3723931929725613,
5,random,438.0,10217,0,0.0,0.0,0.0,42,0.00789397993413908,
5,random_matched,438.0,10217,14,0.13702652442008417,0.002949833200436933,0.19040365575019041,40096,0.3723931929725613,
5,random,439.0,10217,0,0.0,0.0,0.0,13,8.93223837333274e-06,
5,random_matched,439.0,10217,14,0.13702652442008417,0.002949833200436933,0.19040365575019041,40096,0.3723931929725613,
5,random,440.0,10217,0,0.0,0.0,0.0,18,0.0002472554044387896,
5,random_matched,440.0,10217,14,0.13702652442008417,0.002949833200436933,0.19040365575019041,40096,0.3723931929725613,
5,random,441.0,10217,0,0.0,0.0,0.0,29,0.0014698214089875312,
5,random_matched,441.0,10217,14,0.13702652442008417,0.002949833200436933,0.19040365575019041,40096,0.3723931929725613,
5,random,442.0,10217,0,0.0,0.0,0.0,21,9.596442666019264e-05,
5,random_matched,442.0,10217,14,0.13702652442008417,0.002949833200436933,0.19040365575019041,40096,0.3723931929725613,
5,random,443.0,10217,0,0.0,0.0,0.0,16,7.342115838463858e-05,
5,random_matched,443.0,10217,14,0.13702652442008417,0.002949833200436933,0.19040365575019041,40096,0.3723931929725613,
5,random,444.0,10217,0,0.0,0.0,0.0,18,5.154606216934982e-05,
5,random_matched,444.0,10217,14,0.13702652442008417,0.002949833200436933,0.19040365575019041,40096,0.3723931929725613,
5,random,445.0,10217,0,0.0,0.0,0.0,345,0.022642937010025795,
5,random_matched,445.0,10217,14,0.13702652442008417,0.002949833200436933,0.19040365575019041,40096,0.3723931929725613,
5,random,446.0,10217,0,0.0,0.0,0.0,13,0.00022475340094605474,
5,random_matched,446.0,10217,14,0.13702652442008417,0.002949833200436933,0.19040365575019041,40096,0.3723931929725613,
5,random,447.0,10217,0,0.0,0.0,0.0,13,2.3314602292867443e-05,
5,random_matched,447.0,10217,14,0.13702652442008417,0.002949833200436933,0.19040365575019041,40096,0.3723931929725613,
5,random,448.0,10217,0,0.0,0.0,0.0,12,0.03595296412818627,
5,random_matched,448.0,10217,14,0.13702652442008417,0.002949833200436933,0.19040365575019041,40096,0.3723931929725613,
5,random,449.0,10217,0,0.0,0.0,0.0,25,0.0001275859471559783,
5,random_matched,449.0,10217,14,0.13702652442008417,0.002949833200436933,0.19040365575019041,40096,0.3723931929725613,
5,random,450.0,10217,0,0.0,0.0,0.0,65,0.09676338268828241,
5,random_matched,450.0,10217,14,0.13702652442008417,0.002949833200436933,0.19040365575019041,40096,0.3723931929725613,
5,random,451.0,10217,0,0.0,0.0,0.0,34,0.00042386550069104987,
5,random_matched,451.0,10217,14,0.13702652442008417,0.002949833200436933,0.19040365575019041,40096,0.3723931929725613,
5,random,452.0,10217,0,0.0,0.0,0.0,60,0.00012801922737558025,
5,random_matched,452.0,10217,14,0.13702652442008417,0.002949833200436933,0.19040365575019041,40096,0.3723931929725613,
5,random,453.0,10217,0,0.0,0.0,0.0,366,0.0011311724461392947,
5,random_matched,453.0,10217,14,0.13702652442008417,0.002949833200436933,0.19040365575019041,40096,0.3723931929725613,
5,random,454.0,10217,0,0.0,0.0,0.0,14,2.675386323014748e-05,
5,random_matched,454.0,10217,14,0.13702652442008417,0.002949833200436933,0.19040365575019041,40096,0.3723931929725613,
5,random,455.0,10217,0,0.0,0.0,0.0,15,5.8159537169647884e-05,
5,random_matched,455.0,10217,14,0.13702652442008417,0.002949833200436933,0.19040365575019041,40096,0.3723931929725613,
5,random,456.0,10217,0,0.0,0.0,0.0,18,0.0001497356128877181,
5,random_matched,456.0,10217,14,0.13702652442008417,0.002949833200436933,0.19040365575019041,40096,0.3723931929725613,
5,random,457.0,10217,0,0.0,0.0,0.0,31,4.897812299236823e-05,
5,random_matched,457.0,10217,14,0.13702652442008417,0.002949833200436933,0.19040365575019041,40096,0.3723931929725613,
5,random,458.0,10217,0,0.0,0.0,0.0,52,0.000349963448875864,
5,random_matched,458.0,10217,14,0.13702652442008417,0.002949833200436933,0.19040365575019041,40096,0.3723931929725613,
5,random,459.0,10217,0,0.0,0.0,0.0,13,0.01639225563184631,
5,random_matched,459.0,10217,14,0.13702652442008417,0.002949833200436933,0.19040365575019041,40096,0.3723931929725613,
5,random,460.0,10217,0,0.0,0.0,0.0,12,0.0009429526619515461,
5,random_matched,460.0,10217,14,0.13702652442008417,0.002949833200436933,0.19040365575019041,40096,0.3723931929725613,
5,random,461.0,10217,0,0.0,0.0,0.0,20,0.010147398936472462,
5,random_matched,461.0,10217,14,0.13702652442008417,0.002949833200436933,0.19040365575019041,40096,0.3723931929725613,
5,random,462.0,10217,0,0.0,0.0,0.0,663,0.0007178342263882443,
5,random_matched,462.0,10217,14,0.13702652442008417,0.002949833200436933,0.19040365575019041,40096,0.3723931929725613,
5,random,463.0,10217,0,0.0,0.0,0.0,47,0.0002945226260511911,
5,random_matched,463.0,10217,14,0.13702652442008417,0.002949833200436933,0.19040365575019041,40096,0.3723931929725613,
5,random,464.0,10217,0,0.0,0.0,0.0,50,0.0009657927192419924,
5,random_matched,464.0,10217,14,0.13702652442008417,0.002949833200436933,0.19040365575019041,40096,0.3723931929725613,
5,random,465.0,10217,0,0.0,0.0,0.0,80,0.004395545298296259,
5,random_matched,465.0,10217,14,0.13702652442008417,0.002949833200436933,0.19040365575019041,40096,0.3723931929725613,
5,random,466.0,10217,0,0.0,0.0,0.0,121,0.0007891302484576923,
5,random_matched,466.0,10217,14,0.13702652442008417,0.002949833200436933,0.19040365575019041,40096,0.3723931929725613,
5,random,467.0,10217,0,0.0,0.0,0.0,85,0.035995212917365044,
5,random_matched,467.0,10217,14,0.13702652442008417,0.002949833200436933,0.19040365575019041,40096,0.3723931929725613,
5,random,468.0,10217,0,0.0,0.0,0.0,12,0.00016590188511066893,
5,random_matched,468.0,10217,14,0.13702652442008417,0.002949833200436933,0.19040365575019041,40096,0.3723931929725613,
5,random,469.0,10217,0,0.0,0.0,0.0,44,0.017739590468570102,
5,random_matched,469.0,10217,14,0.13702652442008417,0.002949833200436933,0.19040365575019041,40096,0.3723931929725613,
5,random,470.0,10217,0,0.0,0.0,0.0,18,6.791707119936531e-05,
5,random_matched,470.0,10217,14,0.13702652442008417,0.002949833200436933,0.19040365575019041,40096,0.3723931929725613,
5,random,471.0,10217,0,0.0,0.0,0.0,19,9.50597756522325e-05,
5,random_matched,471.0,10217,14,0.13702652442008417,0.002949833200436933,0.19040365575019041,40096,0.3723931929725613,
5,random,472.0,10217,0,0.0,0.0,0.0,21,2.641422232540455e-05,
5,random_matched,472.0,10217,14,0.13702652442008417,0.002949833200436933,0.19040365575019041,40096,0.3723931929725613,
5,random,473.0,10217,0,0.0,0.0,0.0,21,0.0001388734523640704,
5,random_matched,473.0,10217,14,0.13702652442008417,0.002949833200436933,0.19040365575019041,40096,0.3723931929725613,
5,random,474.0,10217,0,0.0,0.0,0.0,11,1.804858116232053e-05,
5,random_matched,474.0,10217,14,0.13702652442008417,0.002949833200436933,0.19040365575019041,40096,0.3723931929725613,
5,random,475.0,10217,0,0.0,0.0,0.0,295,0.0008439457511119507,
5,random_matched,475.0,10217,14,0.13702652442008417,0.002949833200436933,0.19040365575019041,40096,0.3723931929725613,
5,random,476.0,10217,0,0.0,0.0,0.0,16,0.0031418577119666576,
5,random_matched,476.0,10217,14,0.13702652442008417,0.002949833200436933,0.19040365575019041,40096,0.3723931929725613,
5,random,477.0,10217,0,0.0,0.0,0.0,243,0.009438311256934864,
5,random_matched,477.0,10217,14,0.13702652442008417,0.002949833200436933,0.19040365575019041,40096,0.3723931929725613,
5,random,478.0,10217,0,0.0,0.0,0.0,17,7.46575147621841e-05,
5,random_matched,478.0,10217,14,0.13702652442008417,0.002949833200436933,0.19040365575019041,40096,0.3723931929725613,
5,random,479.0,10217,0,0.0,0.0,0.0,16,9.65199141212208e-05,
5,random_matched,479.0,10217,14,0.13702652442008417,0.002949833200436933,0.19040365575019041,40096,0.3723931929725613,
5,random,480.0,10217,0,0.0,0.0,0.0,28,2.054510052288421e-05,
5,random_matched,480.0,10217,14,0.13702652442008417,0.002949833200436933,0.19040365575019041,40096,0.3723931929725613,
5,random,481.0,10217,0,0.0,0.0,0.0,11,3.468622417362954e-05,
5,random_matched,481.0,10217,14,0.13702652442008417,0.002949833200436933,0.19040365575019041,40096,0.3723931929725613,
5,random,482.0,10217,0,0.0,0.0,0.0,39,3.289120612099285e-05,
5,random_matched,482.0,10217,14,0.13702652442008417,0.002949833200436933,0.19040365575019041,40096,0.3723931929725613,
5,random,483.0,10217,0,0.0,0.0,0.0,28,0.00020118486152814586,
5,random_matched,483.0,10217,14,0.13702652442008417,0.002949833200436933,0.19040365575019041,40096,0.3723931929725613,
5,random,484.0,10217,0,0.0,0.0,0.0,19,0.00030507530070369456,
5,random_matched,484.0,10217,14,0.13702652442008417,0.002949833200436933,0.19040365575019041,40096,0.3723931929725613,
5,random,485.0,10217,0,0.0,0.0,0.0,108,0.002256902702267545,
5,random_matched,485.0,10217,14,0.13702652442008417,0.002949833200436933,0.19040365575019041,40096,0.3723931929725613,
5,random,486.0,10217,0,0.0,0.0,0.0,16,0.010176450930684235,
5,random_matched,486.0,10217,14,0.13702652442008417,0.002949833200436933,0.19040365575019041,40096,0.3723931929725613,
5,random,487.0,10217,0,0.0,0.0,0.0,13,5.9721250488652755e-05,
5,random_matched,487.0,10217,14,0.13702652442008417,0.002949833200436933,0.19040365575019041,40096,0.3723931929725613,
5,random,488.0,10217,0,0.0,0.0,0.0,11,2.3195569265504267e-05,
5,random_matched,488.0,10217,14,0.13702652442008417,0.002949833200436933,0.19040365575019041,40096,0.3723931929725613,
5,random,489.0,10217,0,0.0,0.0,0.0,29,0.0001451726801721297,
5,random_matched,489.0,10217,14,0.13702652442008417,0.002949833200436933,0.19040365575019041,40096,0.3723931929725613,
5,random,490.0,10217,0,0.0,0.0,0.0,10,1.829934407329895e-05,
5,random_matched,490.0,10217,14,0.13702652442008417,0.002949833200436933,0.19040365575019041,40096,0.3723931929725613,
5,random,491.0,10217,0,0.0,0.0,0.0,15,0.0017186909012773654,
5,random_matched,491.0,10217,14,0.13702652442008417,0.002949833200436933,0.19040365575019041,40096,0.3723931929725613,
5,random,492.0,10217,0,0.0,0.0,0.0,88,0.0005649037670460986,
5,random_matched,492.0,10217,14,0.13702652442008417,0.002949833200436933,0.19040365575019041,40096,0.3723931929725613,
5,random,493.0,10217,0,0.0,0.0,0.0,144,0.0006483903582245673,
5,random_matched,493.0,10217,14,0.13702652442008417,0.002949833200436933,0.19040365575019041,40096,0.3723931929725613,
5,random,494.0,10217,0,0.0,0.0,0.0,90,0.0001993596884419105,
5,random_matched,494.0,10217,14,0.13702652442008417,0.002949833200436933,0.19040365575019041,40096,0.3723931929725613,
5,random,495.0,10217,0,0.0,0.0,0.0,82,0.0006768090967307677,
5,random_matched,495.0,10217,14,0.13702652442008417,0.002949833200436933,0.19040365575019041,40096,0.3723931929725613,
5,random,496.0,10217,0,0.0,0.0,0.0,76,0.00023652973511985165,
5,random_matched,496.0,10217,14,0.13702652442008417,0.002949833200436933,0.19040365575019041,40096,0.3723931929725613,
5,random,497.0,10217,0,0.0,0.0,0.0,12,1.554571337363081e-05,
5,random_matched,497.0,10217,14,0.13702652442008417,0.002949833200436933,0.19040365575019041,40096,0.3723931929725613,
5,random,498.0,10217,0,0.0,0.0,0.0,12,5.415367902211913e-05,
5,random_matched,498.0,10217,14,0.13702652442008417,0.002949833200436933,0.19040365575019041,40096,0.3723931929725613,
5,random,499.0,10217,0,0.0,0.0,0.0,12,3.271186302643233e-05,
5,random_matched,499.0,10217,14,0.13702652442008417,0.002949833200436933,0.19040365575019041,40096,0.3723931929725613,
5,random,500.0,10217,0,0.0,0.0,0.0,14,2.8779011802352983e-05,
5,random_matched,500.0,10217,14,0.13702652442008417,0.002949833200436933,0.19040365575019041,40096,0.3723931929725613,
5,random,501.0,10217,0,0.0,0.0,0.0,19,4.13155702442427e-05,
5,random_matched,501.0,10217,14,0.13702652442008417,0.002949833200436933,0.19040365575019041,40096,0.3723931929725613,
5,random,502.0,10217,0,0.0,0.0,0.0,15,2.7525197247460862e-05,
5,random_matched,502.0,10217,14,0.13702652442008417,0.002949833200436933,0.19040365575019041,40096,0.3723931929725613,
5,random,503.0,10217,0,0.0,0.0,0.0,19,0.0002130722931941484,
5,random_matched,503.0,10217,14,0.13702652442008417,0.002949833200436933,0.19040365575019041,40096,0.3723931929725613,
5,random,504.0,10217,0,0.0,0.0,0.0,102,0.004126129118376509,
5,random_matched,504.0,10217,14,0.13702652442008417,0.002949833200436933,0.19040365575019041,40096,0.3723931929725613,
5,random,505.0,10217,0,0.0,0.0,0.0,16,0.00015402873740794998,
5,random_matched,505.0,10217,14,0.13702652442008417,0.002949833200436933,0.19040365575019041,40096,0.3723931929725613,
5,random,506.0,10217,0,0.0,0.0,0.0,981,0.002580421773784406,
5,random_matched,506.0,10217,14,0.13702652442008417,0.002949833200436933,0.19040365575019041,40096,0.3723931929725613,
5,random,507.0,10217,0,0.0,0.0,0.0,18,0.000422743416019773,
5,random_matched,507.0,10217,14,0.13702652442008417,0.002949833200436933,0.19040365575019041,40096,0.3723931929725613,
5,random,508.0,10217,0,0.0,0.0,0.0,20,5.3431545322782526e-05,
5,random_matched,508.0,10217,14,0.13702652442008417,0.002949833200436933,0.19040365575019041,40096,0.3723931929725613,
5,random,509.0,10217,0,0.0,0.0,0.0,33,0.00014585513619567856,
5,random_matched,509.0,10217,14,0.13702652442008417,0.002949833200436933,0.19040365575019041,40096,0.3723931929725613,
5,random,510.0,10217,0,0.0,0.0,0.0,21,5.2669733947658197e-05,
5,random_matched,510.0,10217,14,0.13702652442008417,0.002949833200436933,0.19040365575019041,40096,0.3723931929725613,
5,random,511.0,10217,0,0.0,0.0,0.0,14,2.63523251511757e-05,
5,random_matched,511.0,10217,14,0.13702652442008417,0.002949833200436933,0.19040365575019041,40096,0.3723931929725613,
5,random,512.0,10217,0,0.0,0.0,0.0,14,0.0003042547663684044,
5,random_matched,512.0,10217,14,0.13702652442008417,0.002949833200436933,0.19040365575019041,40096,0.3723931929725613,
5,random,513.0,10217,0,0.0,0.0,0.0,17,3.741128694673052e-05,
5,random_matched,513.0,10217,14,0.13702652442008417,0.002949833200436933,0.19040365575019041,40096,0.3723931929725613,
5,random,514.0,10217,0,0.0,0.0,0.0,12,2.7604552599036312e-05,
5,random_matched,514.0,10217,14,0.13702652442008417,0.002949833200436933,0.19040365575019041,40096,0.3723931929725613,
5,random,515.0,10217,0,0.0,0.0,0.0,16,4.094736141293261e-05,
5,random_matched,515.0,10217,14,0.13702652442008417,0.002949833200436933,0.19040365575019041,40096,0.3723931929725613,
5,random,516.0,10217,0,0.0,0.0,0.0,35,0.0002705303290558693,
5,random_matched,516.0,10217,14,0.13702652442008417,0.002949833200436933,0.19040365575019041,40096,0.3723931929725613,
5,random,517.0,10217,0,0.0,0.0,0.0,21,0.004735095737938393,
5,random_matched,517.0,10217,14,0.13702652442008417,0.002949833200436933,0.19040365575019041,40096,0.3723931929725613,
5,random,518.0,10217,0,0.0,0.0,0.0,12,2.318922083737823e-05,
5,random_matched,518.0,10217,14,0.13702652442008417,0.002949833200436933,0.19040365575019041,40096,0.3723931929725613,
5,random,519.0,10217,0,0.0,0.0,0.0,77,0.00016465600609093435,
5,random_matched,519.0,10217,14,0.13702652442008417,0.002949833200436933,0.19040365575019041,40096,0.3723931929725613,
5,random,520.0,10217,0,0.0,0.0,0.0,13,6.157181728739227e-05,
5,random_matched,520.0,10217,14,0.13702652442008417,0.002949833200436933,0.19040365575019041,40096,0.3723931929725613,
5,random,521.0,10217,0,0.0,0.0,0.0,19,7.968546983800466e-05,
5,random_matched,521.0,10217,14,0.13702652442008417,0.002949833200436933,0.19040365575019041,40096,0.3723931929725613,
5,random,522.0,10217,0,0.0,0.0,0.0,15,0.00011059596638367426,
5,random_matched,522.0,10217,14,0.13702652442008417,0.002949833200436933,0.19040365575019041,40096,0.3723931929725613,
5,random,523.0,10217,0,0.0,0.0,0.0,121,0.003970040316041661,
5,random_matched,523.0,10217,14,0.13702652442008417,0.002949833200436933,0.19040365575019041,40096,0.3723931929725613,
5,random,524.0,10217,0,0.0,0.0,0.0,23,0.04044888759779735,
5,random_matched,524.0,10217,14,0.13702652442008417,0.002949833200436933,0.19040365575019041,40096,0.3723931929725613,
5,random,525.0,10217,0,0.0,0.0,0.0,14,0.000420723028768662,
5,random_matched,525.0,10217,14,0.13702652442008417,0.002949833200436933,0.19040365575019041,40096,0.3723931929725613,
5,random,526.0,10217,2,0.01957521777429774,5.978086894733144e-07,0.03808073115003808,61,0.16351175112153432,
5,random_matched,526.0,10217,14,0.13702652442008417,0.002949833200436933,0.19040365575019041,40096,0.3723931929725613,
5,random,527.0,10217,0,0.0,0.0,0.0,35,4.053312647770876e-05,
5,random_matched,527.0,10217,14,0.13702652442008417,0.002949833200436933,0.19040365575019041,40096,0.3723931929725613,
5,random,528.0,10217,0,0.0,0.0,0.0,10,4.6078478445801256e-05,
5,random_matched,528.0,10217,14,0.13702652442008417,0.002949833200436933,0.19040365575019041,40096,0.3723931929725613,
5,random,529.0,10217,0,0.0,0.0,0.0,31,2.059430084086099e-05,
5,random_matched,529.0,10217,14,0.13702652442008417,0.002949833200436933,0.19040365575019041,40096,0.3723931929725613,
5,random,530.0,10217,0,0.0,0.0,0.0,13,0.00015109735072075283,
5,random_matched,530.0,10217,14,0.13702652442008417,0.002949833200436933,0.19040365575019041,40096,0.3723931929725613,
5,random,531.0,10217,0,0.0,0.0,0.0,82,0.00026339787005626777,
5,random_matched,531.0,10217,14,0.13702652442008417,0.002949833200436933,0.19040365575019041,40096,0.3723931929725613,
5,random,532.0,10217,0,0.0,0.0,0.0,20,0.0001661589964497734,
5,random_matched,532.0,10217,14,0.13702652442008417,0.002949833200436933,0.19040365575019041,40096,0.3723931929725613,
5,random,533.0,10217,0,0.0,0.0,0.0,51,0.00029635414756555247,
5,random_matched,533.0,10217,14,0.13702652442008417,0.002949833200436933,0.19040365575019041,40096,0.3723931929725613,
5,random,534.0,10217,0,0.0,0.0,0.0,17,1.1008174370546534e-05,
5,random_matched,534.0,10217,14,0.13702652442008417,0.002949833200436933,0.19040365575019041,40096,0.3723931929725613,
5,random,535.0,10217,0,0.0,0.0,0.0,116,0.0005855536166330624,
5,random_matched,535.0,10217,14,0.13702652442008417,0.002949833200436933,0.19040365575019041,40096,0.3723931929725613,
5,random,536.0,10217,0,0.0,0.0,0.0,14,5.168255337405959e-05,
5,random_matched,536.0,10217,14,0.13702652442008417,0.002949833200436933,0.19040365575019041,40096,0.3723931929725613,
5,random,537.0,10217,0,0.0,0.0,0.0,27,4.727991846865358e-05,
5,random_matched,537.0,10217,14,0.13702652442008417,0.002949833200436933,0.19040365575019041,40096,0.3723931929725613,
5,random,538.0,10217,0,0.0,0.0,0.0,99,0.0008030555255521524,
5,random_matched,538.0,10217,14,0.13702652442008417,0.002949833200436933,0.19040365575019041,40096,0.3723931929725613,
5,random,539.0,10217,0,0.0,0.0,0.0,427,0.001363712194181933,
5,random_matched,539.0,10217,14,0.13702652442008417,0.002949833200436933,0.19040365575019041,40096,0.3723931929725613,
5,random,540.0,10217,0,0.0,0.0,0.0,74,0.0916849496733247,
5,random_matched,540.0,10217,14,0.13702652442008417,0.002949833200436933,0.19040365575019041,40096,0.3723931929725613,
5,random,541.0,10217,0,0.0,0.0,0.0,153,0.0014937153053468993,
5,random_matched,541.0,10217,14,0.13702652442008417,0.002949833200436933,0.19040365575019041,40096,0.3723931929725613,
5,random,542.0,10217,0,0.0,0.0,0.0,18,3.4821128271307805e-05,
5,random_matched,542.0,10217,14,0.13702652442008417,0.002949833200436933,0.19040365575019041,40096,0.3723931929725613,
5,random,543.0,10217,0,0.0,0.0,0.0,31,7.034693206460561e-05,
5,random_matched,543.0,10217,14,0.13702652442008417,0.002949833200436933,0.19040365575019041,40096,0.3723931929725613,
5,random,544.0,10217,0,0.0,0.0,0.0,40,0.00012615437661355714,
5,random_matched,544.0,10217,14,0.13702652442008417,0.002949833200436933,0.19040365575019041,40096,0.3723931929725613,
5,random,545.0,10217,0,0.0,0.0,0.0,32,0.0007449499500215758,
5,random_matched,545.0,10217,14,0.13702652442008417,0.002949833200436933,0.19040365575019041,40096,0.3723931929725613,
5,random,546.0,10217,0,0.0,0.0,0.0,34,0.00020734283681040085,
5,random_matched,546.0,10217,14,0.13702652442008417,0.002949833200436933,0.19040365575019041,40096,0.3723931929725613,
5,random,547.0,10217,0,0.0,0.0,0.0,41,9.88799422770747e-05,
5,random_matched,547.0,10217,14,0.13702652442008417,0.002949833200436933,0.19040365575019041,40096,0.3723931929725613,
5,random,548.0,10217,0,0.0,0.0,0.0,120,0.15039147534584701,
5,random_matched,548.0,10217,14,0.13702652442008417,0.002949833200436933,0.19040365575019041,40096,0.3723931929725613,
5,random,549.0,10217,0,0.0,0.0,0.0,14,0.00036059865309400596,
5,random_matched,549.0,10217,14,0.13702652442008417,0.002949833200436933,0.19040365575019041,40096,0.3723931929725613,
5,random,550.0,10217,0,0.0,0.0,0.0,13,1.746135156066219e-05,
5,random_matched,550.0,10217,14,0.13702652442008417,0.002949833200436933,0.19040365575019041,40096,0.3723931929725613,
5,random,551.0,10217,0,0.0,0.0,0.0,16,6.479047034729255e-05,
5,random_matched,551.0,10217,14,0.13702652442008417,0.002949833200436933,0.19040365575019041,40096,0.3723931929725613,
5,random,552.0,10217,0,0.0,0.0,0.0,1035,0.003132054151833026,
5,random_matched,552.0,10217,14,0.13702652442008417,0.002949833200436933,0.19040365575019041,40096,0.3723931929725613,
5,random,553.0,10217,0,0.0,0.0,0.0,22,0.00010683134850493488,
5,random_matched,553.0,10217,14,0.13702652442008417,0.002949833200436933,0.19040365575019041,40096,0.3723931929725613,
5,random,554.0,10217,0,0.0,0.0,0.0,15,5.8678521168951334e-05,
5,random_matched,554.0,10217,14,0.13702652442008417,0.002949833200436933,0.19040365575019041,40096,0.3723931929725613,
5,random,555.0,10217,0,0.0,0.0,0.0,15,2.5198498339268646e-05,
5,random_matched,555.0,10217,14,0.13702652442008417,0.002949833200436933,0.19040365575019041,40096,0.3723931929725613,
5,random,556.0,10217,0,0.0,0.0,0.0,14,1.2992058159932804e-05,
5,random_matched,556.0,10217,14,0.13702652442008417,0.002949833200436933,0.19040365575019041,40096,0.3723931929725613,
5,random,557.0,10217,0,0.0,0.0,0.0,38,0.009424684355962326,
5,random_matched,557.0,10217,14,0.13702652442008417,0.002949833200436933,0.19040365575019041,40096,0.3723931929725613,
5,random,558.0,10217,0,0.0,0.0,0.0,13,2.9959819433795692e-05,
5,random_matched,558.0,10217,14,0.13702652442008417,0.002949833200436933,0.19040365575019041,40096,0.3723931929725613,
5,random,559.0,10217,0,0.0,0.0,0.0,13,5.41838340557178e-06,
5,random_matched,559.0,10217,14,0.13702652442008417,0.002949833200436933,0.19040365575019041,40096,0.3723931929725613,
5,random,560.0,10217,0,0.0,0.0,0.0,69,0.00016200553734831431,
5,random_matched,560.0,10217,14,0.13702652442008417,0.002949833200436933,0.19040365575019041,40096,0.3723931929725613,
5,random,561.0,10217,0,0.0,0.0,0.0,14,6.692195509060916e-05,
5,random_matched,561.0,10217,14,0.13702652442008417,0.002949833200436933,0.19040365575019041,40096,0.3723931929725613,
5,random,562.0,10217,0,0.0,0.0,0.0,32,0.0023685207655795115,
5,random_matched,562.0,10217,14,0.13702652442008417,0.002949833200436933,0.19040365575019041,40096,0.3723931929725613,
5,random,563.0,10217,3,0.029362826661446607,6.92615978287834e-05,0.0,32,0.038447034582600334,
5,random_matched,563.0,10217,14,0.13702652442008417,0.002949833200436933,0.19040365575019041,40096,0.3723931929725613,
5,random,564.0,10217,3,0.029362826661446607,8.059717338319905e-08,0.0,121,0.00019681396876337003,
5,random_matched,564.0,10217,14,0.13702652442008417,0.002949833200436933,0.19040365575019041,40096,0.3723931929725613,
5,random,565.0,10217,0,0.0,0.0,0.0,102,0.00030559587181002947,
5,random_matched,565.0,10217,14,0.13702652442008417,0.002949833200436933,0.19040365575019041,40096,0.3723931929725613,
5,random,566.0,10217,1,0.00978760888714887,8.512729036990989e-07,0.01904036557501904,14,0.00010251917870032488,
5,random_matched,566.0,10217,14,0.13702652442008417,0.002949833200436933,0.19040365575019041,40096,0.3723931929725613,
5,random,567.0,10217,0,0.0,0.0,0.0,27,7.435596442619739e-05,
5,random_matched,567.0,10217,14,0.13702652442008417,0.002949833200436933,0.19040365575019041,40096,0.3723931929725613,
5,random,568.0,10217,0,0.0,0.0,0.0,11,6.358903032444023e-05,
5,random_matched,568.0,10217,14,0.13702652442008417,0.002949833200436933,0.19040365575019041,40096,0.3723931929725613,
5,random,569.0,10217,0,0.0,0.0,0.0,14,6.0529087967690846e-05,
5,random_matched,569.0,10217,14,0.13702652442008417,0.002949833200436933,0.19040365575019041,40096,0.3723931929725613,
5,random,570.0,10217,0,0.0,0.0,0.0,45,0.0004080721986205036,
5,random_matched,570.0,10217,14,0.13702652442008417,0.002949833200436933,0.19040365575019041,40096,0.3723931929725613,
5,random,571.0,10217,0,0.0,0.0,0.0,250,0.0020402245018978082,
5,random_matched,571.0,10217,14,0.13702652442008417,0.002949833200436933,0.19040365575019041,40096,0.3723931929725613,
5,random,572.0,10217,0,0.0,0.0,0.0,14,3.8571462186763614e-05,
5,random_matched,572.0,10217,14,0.13702652442008417,0.002949833200436933,0.19040365575019041,40096,0.3723931929725613,
5,random,573.0,10217,0,0.0,0.0,0.0,1671,0.004885321766898847,
5,random_matched,573.0,10217,14,0.13702652442008417,0.002949833200436933,0.19040365575019041,40096,0.3723931929725613,
5,random,574.0,10217,0,0.0,0.0,0.0,132,0.006324189827450858,
5,random_matched,574.0,10217,14,0.13702652442008417,0.002949833200436933,0.19040365575019041,40096,0.3723931929725613,
5,random,575.0,10217,0,0.0,0.0,0.0,18,0.0002426972330442957,
5,random_matched,575.0,10217,14,0.13702652442008417,0.002949833200436933,0.19040365575019041,40096,0.3723931929725613,
5,random,576.0,10217,0,0.0,0.0,0.0,19,8.255178513690994e-05,
5,random_matched,576.0,10217,14,0.13702652442008417,0.002949833200436933,0.19040365575019041,40096,0.3723931929725613,
5,random,577.0,10217,0,0.0,0.0,0.0,66,0.004787370282235205,
5,random_matched,577.0,10217,14,0.13702652442008417,0.002949833200436933,0.19040365575019041,40096,0.3723931929725613,
5,random,578.0,10217,0,0.0,0.0,0.0,26,0.0005216043130124695,
5,random_matched,578.0,10217,14,0.13702652442008417,0.002949833200436933,0.19040365575019041,40096,0.3723931929725613,
5,random,579.0,10217,0,0.0,0.0,0.0,32,0.0002780024289602137,
5,random_matched,579.0,10217,14,0.13702652442008417,0.002949833200436933,0.19040365575019041,40096,0.3723931929725613,
5,random,580.0,10217,0,0.0,0.0,0.0,17,0.010608840783241518,
5,random_matched,580.0,10217,14,0.13702652442008417,0.002949833200436933,0.19040365575019041,40096,0.3723931929725613,
5,random,581.0,10217,0,0.0,0.0,0.0,24,0.0007554343790717243,
5,random_matched,581.0,10217,14,0.13702652442008417,0.002949833200436933,0.19040365575019041,40096,0.3723931929725613,
5,random,582.0,10217,0,0.0,0.0,0.0,13,9.209823393143668e-05,
5,random_matched,582.0,10217,14,0.13702652442008417,0.002949833200436933,0.19040365575019041,40096,0.3723931929725613,
5,random,583.0,10217,0,0.0,0.0,0.0,18,2.5063594241590377e-05,
5,random_matched,583.0,10217,14,0.13702652442008417,0.002949833200436933,0.19040365575019041,40096,0.3723931929725613,
5,random,584.0,10217,0,0.0,0.0,0.0,14,1.6821747426964057e-05,
5,random_matched,584.0,10217,14,0.13702652442008417,0.002949833200436933,0.19040365575019041,40096,0.3723931929725613,
5,random,585.0,10217,0,0.0,0.0,0.0,25,0.001828486965717159,
5,random_matched,585.0,10217,14,0.13702652442008417,0.002949833200436933,0.19040365575019041,40096,0.3723931929725613,
5,random,586.0,10217,0,0.0,0.0,0.0,30,0.0007230542214148774,
5,random_matched,586.0,10217,14,0.13702652442008417,0.002949833200436933,0.19040365575019041,40096,0.3723931929725613,
5,random,587.0,10217,0,0.0,0.0,0.0,12,0.00012945397213206438,
5,random_matched,587.0,10217,14,0.13702652442008417,0.002949833200436933,0.19040365575019041,40096,0.3723931929725613,
5,random,588.0,10217,0,0.0,0.0,0.0,12,3.979670881508857e-05,
5,random_matched,588.0,10217,14,0.13702652442008417,0.002949833200436933,0.19040365575019041,40096,0.3723931929725613,
5,random,589.0,10217,0,0.0,0.0,0.0,12,0.0009614630912600357,
5,random_matched,589.0,10217,14,0.13702652442008417,0.002949833200436933,0.19040365575019041,40096,0.3723931929725613,
5,random,590.0,10217,0,0.0,0.0,0.0,75,0.0007301676351301008,
5,random_matched,590.0,10217,14,0.13702652442008417,0.002949833200436933,0.19040365575019041,40096,0.3723931929725613,
5,random,591.0,10217,0,0.0,0.0,0.0,81,0.003281926255925454,
5,random_matched,591.0,10217,14,0.13702652442008417,0.002949833200436933,0.19040365575019041,40096,0.3723931929725613,
5,random,592.0,10217,0,0.0,0.0,0.0,28,0.00016121674515365433,
5,random_matched,592.0,10217,14,0.13702652442008417,0.002949833200436933,0.19040365575019041,40096,0.3723931929725613,
5,random,593.0,10217,0,0.0,0.0,0.0,14,2.0083252376715088e-05,
5,random_matched,593.0,10217,14,0.13702652442008417,0.002949833200436933,0.19040365575019041,40096,0.3723931929725613,
5,random,594.0,10217,0,0.0,0.0,0.0,21,0.00043809708944259117,
5,random_matched,594.0,10217,14,0.13702652442008417,0.002949833200436933,0.19040365575019041,40096,0.3723931929725613,
5,random,595.0,10217,0,0.0,0.0,0.0,164,0.0004864324340871983,
5,random_matched,595.0,10217,14,0.13702652442008417,0.002949833200436933,0.19040365575019041,40096,0.3723931929725613,
5,random,596.0,10217,0,0.0,0.0,0.0,39,0.00010418722819044085,
5,random_matched,596.0,10217,14,0.13702652442008417,0.002949833200436933,0.19040365575019041,40096,0.3723931929725613,
5,random,597.0,10217,0,0.0,0.0,0.0,19,0.0001466344057481495,
5,random_matched,597.0,10217,14,0.13702652442008417,0.002949833200436933,0.19040365575019041,40096,0.3723931929725613,
5,random,598.0,10217,5,0.04893804443574435,2.6402522315185898e-08,0.0,49,0.0009593887423698535,
5,random_matched,598.0,10217,14,0.13702652442008417,0.002949833200436933,0.19040365575019041,40096,0.3723931929725613,
5,random,599.0,10217,0,0.0,0.0,0.0,10,4.957646234324713e-05,
5,random_matched,599.0,10217,14,0.13702652442008417,0.002949833200436933,0.19040365575019041,40096,0.3723931929725613,
5,random,600.0,10217,0,0.0,0.0,0.0,18,6.810434982908338e-05,
5,random_matched,600.0,10217,14,0.13702652442008417,0.002949833200436933,0.19040365575019041,40096,0.3723931929725613,
5,random,601.0,10217,0,0.0,0.0,0.0,15,0.019518631114720596,
5,random_matched,601.0,10217,14,0.13702652442008417,0.002949833200436933,0.19040365575019041,40096,0.3723931929725613,
5,random,602.0,10217,0,0.0,0.0,0.0,76,0.00041162573126405234,
5,random_matched,602.0,10217,14,0.13702652442008417,0.002949833200436933,0.19040365575019041,40096,0.3723931929725613,
5,random,603.0,10217,0,0.0,0.0,0.0,55,8.172331526646225e-05,
5,random_matched,603.0,10217,14,0.13702652442008417,0.002949833200436933,0.19040365575019041,40096,0.3723931929725613,
5,random,604.0,10217,0,0.0,0.0,0.0,17,4.927332490022891e-05,
5,random_matched,604.0,10217,14,0.13702652442008417,0.002949833200436933,0.19040365575019041,40096,0.3723931929725613,
5,random,605.0,10217,0,0.0,0.0,0.0,11,8.383099340430622e-05,
5,random_matched,605.0,10217,14,0.13702652442008417,0.002949833200436933,0.19040365575019041,40096,0.3723931929725613,
5,random,606.0,10217,0,0.0,0.0,0.0,21,0.007574241351571273,
5,random_matched,606.0,10217,14,0.13702652442008417,0.002949833200436933,0.19040365575019041,40096,0.3723931929725613,
5,random,607.0,10217,0,0.0,0.0,0.0,22,0.00010612667298294488,
5,random_matched,607.0,10217,14,0.13702652442008417,0.002949833200436933,0.19040365575019041,40096,0.3723931929725613,
5,random,608.0,10217,0,0.0,0.0,0.0,19,3.790329012649832e-05,
5,random_matched,608.0,10217,14,0.13702652442008417,0.002949833200436933,0.19040365575019041,40096,0.3723931929725613,
5,random,609.0,10217,0,0.0,0.0,0.0,12,0.0017026277910114627,
5,random_matched,609.0,10217,14,0.13702652442008417,0.002949833200436933,0.19040365575019041,40096,0.3723931929725613,
5,random,610.0,10217,0,0.0,0.0,0.0,19,9.688494873846788e-05,
5,random_matched,610.0,10217,14,0.13702652442008417,0.002949833200436933,0.19040365575019041,40096,0.3723931929725613,
5,random,611.0,10217,0,0.0,0.0,0.0,18,1.717567229499057e-05,
5,random_matched,611.0,10217,14,0.13702652442008417,0.002949833200436933,0.19040365575019041,40096,0.3723931929725613,
5,random,612.0,10217,0,0.0,0.0,0.0,18,0.0007596005350294355,
5,random_matched,612.0,10217,14,0.13702652442008417,0.002949833200436933,0.19040365575019041,40096,0.3723931929725613,
5,random,613.0,10217,0,0.0,0.0,0.0,15,1.0001948512569817e-05,
5,random_matched,613.0,10217,14,0.13702652442008417,0.002949833200436933,0.19040365575019041,40096,0.3723931929725613,
5,random,614.0,10217,0,0.0,0.0,0.0,18,0.07682380158848764,
5,random_matched,614.0,10217,14,0.13702652442008417,0.002949833200436933,0.19040365575019041,40096,0.3723931929725613,
5,random,615.0,10217,0,0.0,0.0,0.0,11,1.1139904254161783e-05,
5,random_matched,615.0,10217,14,0.13702652442008417,0.002949833200436933,0.19040365575019041,40096,0.3723931929725613,
5,random,616.0,10217,0,0.0,0.0,0.0,45,9.73817132393302e-05,
5,random_matched,616.0,10217,14,0.13702652442008417,0.002949833200436933,0.19040365575019041,40096,0.3723931929725613,
5,random,617.0,10217,0,0.0,0.0,0.0,22,4.2731269716348744e-05,
5,random_matched,617.0,10217,14,0.13702652442008417,0.002949833200436933,0.19040365575019041,40096,0.3723931929725613,
5,random,618.0,10217,0,0.0,0.0,0.0,11,0.0002821177974929166,
5,random_matched,618.0,10217,14,0.13702652442008417,0.002949833200436933,0.19040365575019041,40096,0.3723931929725613,
5,random,619.0,10217,0,0.0,0.0,0.0,15,0.0026622768189344835,
5,random_matched,619.0,10217,14,0.13702652442008417,0.002949833200436933,0.19040365575019041,40096,0.3723931929725613,
5,random,620.0,10217,0,0.0,0.0,0.0,19,4.504368466125738e-05,
5,random_matched,620.0,10217,14,0.13702652442008417,0.002949833200436933,0.19040365575019041,40096,0.3723931929725613,
5,random,621.0,10217,0,0.0,0.0,0.0,18,2.7661688452170636e-05,
5,random_matched,621.0,10217,14,0.13702652442008417,0.002949833200436933,0.19040365575019041,40096,0.3723931929725613,
5,random,622.0,10217,0,0.0,0.0,0.0,16,0.000572990077371637,
5,random_matched,622.0,10217,14,0.13702652442008417,0.002949833200436933,0.19040365575019041,40096,0.3723931929725613,
5,random,623.0,10217,0,0.0,0.0,0.0,30,0.0032747223771094347,
5,random_matched,623.0,10217,14,0.13702652442008417,0.002949833200436933,0.19040365575019041,40096,0.3723931929725613,
5,random,624.0,10217,0,0.0,0.0,0.0,19,0.00040011761817858045,
5,random_matched,624.0,10217,14,0.13702652442008417,0.002949833200436933,0.19040365575019041,40096,0.3723931929725613,
5,random,625.0,10217,0,0.0,0.0,0.0,32,3.183101862394482e-05,
5,random_matched,625.0,10217,14,0.13702652442008417,0.002949833200436933,0.19040365575019041,40096,0.3723931929725613,
5,random,626.0,10217,0,0.0,0.0,0.0,33,0.00013355981802257822,
5,random_matched,626.0,10217,14,0.13702652442008417,0.002949833200436933,0.19040365575019041,40096,0.3723931929725613,
5,random,627.0,10217,0,0.0,0.0,0.0,21,0.00027768500755391193,
5,random_matched,627.0,10217,14,0.13702652442008417,0.002949833200436933,0.19040365575019041,40096,0.3723931929725613,
5,random,628.0,10217,0,0.0,0.0,0.0,114,0.00020287195630263994,
5,random_matched,628.0,10217,14,0.13702652442008417,0.002949833200436933,0.19040365575019041,40096,0.3723931929725613,
5,random,629.0,10217,0,0.0,0.0,0.0,15,0.0002044447793708654,
5,random_matched,629.0,10217,14,0.13702652442008417,0.002949833200436933,0.19040365575019041,40096,0.3723931929725613,
5,random,630.0,10217,0,0.0,0.0,0.0,11,0.0016304842537871887,
5,random_matched,630.0,10217,14,0.13702652442008417,0.002949833200436933,0.19040365575019041,40096,0.3723931929725613,
5,random,631.0,10217,0,0.0,0.0,0.0,1237,0.005168223595265329,
5,random_matched,631.0,10217,14,0.13702652442008417,0.002949833200436933,0.19040365575019041,40096,0.3723931929725613,
5,random,632.0,10217,0,0.0,0.0,0.0,804,0.0035203668679112425,
5,random_matched,632.0,10217,14,0.13702652442008417,0.002949833200436933,0.19040365575019041,40096,0.3723931929725613,
5,random,633.0,10217,0,0.0,0.0,0.0,11,8.635449358440555e-06,
5,random_matched,633.0,10217,14,0.13702652442008417,0.002949833200436933,0.19040365575019041,40096,0.3723931929725613,
5,random,634.0,10217,0,0.0,0.0,0.0,11,0.00010960243738194961,
5,random_matched,634.0,10217,14,0.13702652442008417,0.002949833200436933,0.19040365575019041,40096,0.3723931929725613,
5,random,635.0,10217,0,0.0,0.0,0.0,57,0.004735100499259487,
5,random_matched,635.0,10217,14,0.13702652442008417,0.002949833200436933,0.19040365575019041,40096,0.3723931929725613,
5,random,636.0,10217,0,0.0,0.0,0.0,25,8.613705992108882e-05,
5,random_matched,636.0,10217,14,0.13702652442008417,0.002949833200436933,0.19040365575019041,40096,0.3723931929725613,
5,random,637.0,10217,0,0.0,0.0,0.0,27,0.001372826949863889,
5,random_matched,637.0,10217,14,0.13702652442008417,0.002949833200436933,0.19040365575019041,40096,0.3723931929725613,
5,random,638.0,10217,0,0.0,0.0,0.0,18,9.98655357436418e-05,
5,random_matched,638.0,10217,14,0.13702652442008417,0.002949833200436933,0.19040365575019041,40096,0.3723931929725613,
5,random,639.0,10217,0,0.0,0.0,0.0,20,7.411948547850255e-05,
5,random_matched,639.0,10217,14,0.13702652442008417,0.002949833200436933,0.19040365575019041,40096,0.3723931929725613,
5,random,640.0,10217,0,0.0,0.0,0.0,28,0.0032404853042257223,
5,random_matched,640.0,10217,14,0.13702652442008417,0.002949833200436933,0.19040365575019041,40096,0.3723931929725613,
5,random,641.0,10217,0,0.0,0.0,0.0,14,0.00017139962386781616,
5,random_matched,641.0,10217,14,0.13702652442008417,0.002949833200436933,0.19040365575019041,40096,0.3723931929725613,
5,random,642.0,10217,0,0.0,0.0,0.0,15,5.639626125764137e-05,
5,random_matched,642.0,10217,14,0.13702652442008417,0.002949833200436933,0.19040365575019041,40096,0.3723931929725613,
5,random,643.0,10217,1,0.00978760888714887,3.9186901541486435e-08,0.0,129,0.006251812985492952,
5,random_matched,643.0,10217,14,0.13702652442008417,0.002949833200436933,0.19040365575019041,40096,0.3723931929725613,
5,random,644.0,10217,2,0.01957521777429774,3.109383364866314e-06,0.0,254,0.009810224396056498,
5,random_matched,644.0,10217,14,0.13702652442008417,0.002949833200436933,0.19040365575019041,40096,0.3723931929725613,
5,random,645.0,10217,0,0.0,0.0,0.0,18,8.47277088771088e-05,
5,random_matched,645.0,10217,14,0.13702652442008417,0.002949833200436933,0.19040365575019041,40096,0.3723931929725613,
5,random,646.0,10217,0,0.0,0.0,0.0,76,0.002869053058534636,
5,random_matched,646.0,10217,14,0.13702652442008417,0.002949833200436933,0.19040365575019041,40096,0.3723931929725613,
5,random,647.0,10217,0,0.0,0.0,0.0,503,0.008798208771628836,
5,random_matched,647.0,10217,14,0.13702652442008417,0.002949833200436933,0.19040365575019041,40096,0.3723931929725613,
5,random,648.0,10217,0,0.0,0.0,0.0,148,0.00048294714704600445,
5,random_matched,648.0,10217,14,0.13702652442008417,0.002949833200436933,0.19040365575019041,40096,0.3723931929725613,
5,random,649.0,10217,0,0.0,0.0,0.0,19,0.0019175935028942013,
5,random_matched,649.0,10217,14,0.13702652442008417,0.002949833200436933,0.19040365575019041,40096,0.3723931929725613,
5,random,650.0,10217,0,0.0,0.0,0.0,25,0.0002197111619069506,
5,random_matched,650.0,10217,14,0.13702652442008417,0.002949833200436933,0.19040365575019041,40096,0.3723931929725613,
5,random,651.0,10217,0,0.0,0.0,0.0,12,0.000193727045587085,
5,random_matched,651.0,10217,14,0.13702652442008417,0.002949833200436933,0.19040365575019041,40096,0.3723931929725613,
5,random,652.0,10217,1,0.00978760888714887,5.697386394329588e-08,0.0,103,0.0035071716600512766,
5,random_matched,652.0,10217,14,0.13702652442008417,0.002949833200436933,0.19040365575019041,40096,0.3723931929725613,
5,random,653.0,10217,0,0.0,0.0,0.0,13,1.8875463925736726e-05,
5,random_matched,653.0,10217,14,0.13702652442008417,0.002949833200436933,0.19040365575019041,40096,0.3723931929725613,
5,random,654.0,10217,0,0.0,0.0,0.0,12,8.770988298931426e-05,
5,random_matched,654.0,10217,14,0.13702652442008417,0.002949833200436933,0.19040365575019041,40096,0.3723931929725613,
5,random,655.0,10217,0,0.0,0.0,0.0,39,0.032689546714462274,
5,random_matched,655.0,10217,14,0.13702652442008417,0.002949833200436933,0.19040365575019041,40096,0.3723931929725613,
5,random,656.0,10217,0,0.0,0.0,0.0,110,0.38201143931497944,
5,random_matched,656.0,10217,14,0.13702652442008417,0.002949833200436933,0.19040365575019041,40096,0.3723931929725613,
5,random,657.0,10217,0,0.0,0.0,0.0,13,7.358463040888401e-05,
5,random_matched,657.0,10217,14,0.13702652442008417,0.002949833200436933,0.19040365575019041,40096,0.3723931929725613,
5,random,658.0,10217,0,0.0,0.0,0.0,18,8.586407751166926e-05,
5,random_matched,658.0,10217,14,0.13702652442008417,0.002949833200436933,0.19040365575019041,40096,0.3723931929725613,
5,random,659.0,10217,0,0.0,0.0,0.0,10,1.661542351286789e-05,
5,random_matched,659.0,10217,14,0.13702652442008417,0.002949833200436933,0.19040365575019041,40096,0.3723931929725613,
5,random,660.0,10217,0,0.0,0.0,0.0,11,1.349834530298418e-05,
5,random_matched,660.0,10217,14,0.13702652442008417,0.002949833200436933,0.19040365575019041,40096,0.3723931929725613,
5,random,661.0,10217,0,0.0,0.0,0.0,15,1.7778772966963997e-05,
5,random_matched,661.0,10217,14,0.13702652442008417,0.002949833200436933,0.19040365575019041,40096,0.3723931929725613,
5,random,662.0,10217,0,0.0,0.0,0.0,18,9.355043686526743e-05,
5,random_matched,662.0,10217,14,0.13702652442008417,0.002949833200436933,0.19040365575019041,40096,0.3723931929725613,
5,random,663.0,10217,0,0.0,0.0,0.0,814,0.003151194662633025,
5,random_matched,663.0,10217,14,0.13702652442008417,0.002949833200436933,0.19040365575019041,40096,0.3723931929725613,
5,random,664.0,10217,0,0.0,0.0,0.0,41,7.817295683697658e-05,
5,random_matched,664.0,10217,14,0.13702652442008417,0.002949833200436933,0.19040365575019041,40096,0.3723931929725613,
5,random,665.0,10217,0,0.0,0.0,0.0,11,0.0002898216150238614,
5,random_matched,665.0,10217,14,0.13702652442008417,0.002949833200436933,0.19040365575019041,40096,0.3723931929725613,
5,random,666.0,10217,0,0.0,0.0,0.0,13,0.00011470181227418808,
5,random_matched,666.0,10217,14,0.13702652442008417,0.002949833200436933,0.19040365575019041,40096,0.3723931929725613,
5,random,667.0,10217,0,0.0,0.0,0.0,16,7.218162779303004e-05,
5,random_matched,667.0,10217,14,0.13702652442008417,0.002949833200436933,0.19040365575019041,40096,0.3723931929725613,
5,random,668.0,10217,0,0.0,0.0,0.0,86,0.0011911904856428397,
5,random_matched,668.0,10217,14,0.13702652442008417,0.002949833200436933,0.19040365575019041,40096,0.3723931929725613,
5,random,669.0,10217,0,0.0,0.0,0.0,36,0.00801348115807655,
5,random_matched,669.0,10217,14,0.13702652442008417,0.002949833200436933,0.19040365575019041,40096,0.3723931929725613,
5,random,670.0,10217,0,0.0,0.0,0.0,11,0.0001259559882346185,
5,random_matched,670.0,10217,14,0.13702652442008417,0.002949833200436933,0.19040365575019041,40096,0.3723931929725613,
5,random,671.0,10217,0,0.0,0.0,0.0,12,0.0025115254575465997,
5,random_matched,671.0,10217,14,0.13702652442008417,0.002949833200436933,0.19040365575019041,40096,0.3723931929725613,
5,random,672.0,10217,0,0.0,0.0,0.0,13,4.829090564772482e-05,
5,random_matched,672.0,10217,14,0.13702652442008417,0.002949833200436933,0.19040365575019041,40096,0.3723931929725613,
5,random,673.0,10217,0,0.0,0.0,0.0,15,3.338479640779215e-05,
5,random_matched,673.0,10217,14,0.13702652442008417,0.002949833200436933,0.19040365575019041,40096,0.3723931929725613,
5,random,674.0,10217,0,0.0,0.0,0.0,20,0.0034014243056488622,
5,random_matched,674.0,10217,14,0.13702652442008417,0.002949833200436933,0.19040365575019041,40096,0.3723931929725613,
5,random,675.0,10217,0,0.0,0.0,0.0,11,9.925767375057385e-06,
5,random_matched,675.0,10217,14,0.13702652442008417,0.002949833200436933,0.19040365575019041,40096,0.3723931929725613,
5,random,676.0,10217,0,0.0,0.0,0.0,58,0.003930254716975792,
5,random_matched,676.0,10217,14,0.13702652442008417,0.002949833200436933,0.19040365575019041,40096,0.3723931929725613,
5,random,677.0,10217,0,0.0,0.0,0.0,12,0.0011977214310774993,
5,random_matched,677.0,10217,14,0.13702652442008417,0.002949833200436933,0.19040365575019041,40096,0.3723931929725613,
5,random,678.0,10217,0,0.0,0.0,0.0,26,6.45349461152196e-05,
5,random_matched,678.0,10217,14,0.13702652442008417,0.002949833200436933,0.19040365575019041,40096,0.3723931929725613,
5,random,679.0,10217,0,0.0,0.0,0.0,14,3.844290651721138e-05,
5,random_matched,679.0,10217,14,0.13702652442008417,0.002949833200436933,0.19040365575019041,40096,0.3723931929725613,
5,random,680.0,10217,0,0.0,0.0,0.0,16,6.606967861468882e-05,
5,random_matched,680.0,10217,14,0.13702652442008417,0.002949833200436933,0.19040365575019041,40096,0.3723931929725613,
5,random,681.0,10217,0,0.0,0.0,0.0,246,0.0003049419837130478,
5,random_matched,681.0,10217,14,0.13702652442008417,0.002949833200436933,0.19040365575019041,40096,0.3723931929725613,
5,random,682.0,10217,0,0.0,0.0,0.0,35,0.00027329030818366347,
5,random_matched,682.0,10217,14,0.13702652442008417,0.002949833200436933,0.19040365575019041,40096,0.3723931929725613,
5,random,683.0,10217,0,0.0,0.0,0.0,14,5.24761068898141e-05,
5,random_matched,683.0,10217,14,0.13702652442008417,0.002949833200436933,0.19040365575019041,40096,0.3723931929725613,
5,random,684.0,10217,0,0.0,0.0,0.0,25,0.00011504304028596252,
5,random_matched,684.0,10217,14,0.13702652442008417,0.002949833200436933,0.19040365575019041,40096,0.3723931929725613,
5,random,685.0,10217,0,0.0,0.0,0.0,88,0.00023781211760131094,
5,random_matched,685.0,10217,14,0.13702652442008417,0.002949833200436933,0.19040365575019041,40096,0.3723931929725613,
5,random,686.0,10217,0,0.0,0.0,0.0,16,2.9404331972767535e-05,
5,random_matched,686.0,10217,14,0.13702652442008417,0.002949833200436933,0.19040365575019041,40096,0.3723931929725613,
5,random,687.0,10217,0,0.0,0.0,0.0,14,8.702266564467085e-05,
5,random_matched,687.0,10217,14,0.13702652442008417,0.002949833200436933,0.19040365575019041,40096,0.3723931929725613,
5,random,688.0,10217,0,0.0,0.0,0.0,13,0.0004516017831737014,
5,random_matched,688.0,10217,14,0.13702652442008417,0.002949833200436933,0.19040365575019041,40096,0.3723931929725613,
5,random,689.0,10217,0,0.0,0.0,0.0,47,0.0016801940331210826,
5,random_matched,689.0,10217,14,0.13702652442008417,0.002949833200436933,0.19040365575019041,40096,0.3723931929725613,
5,random,690.0,10217,0,0.0,0.0,0.0,33,7.308627880099019e-05,
5,random_matched,690.0,10217,14,0.13702652442008417,0.002949833200436933,0.19040365575019041,40096,0.3723931929725613,
5,random,691.0,10217,0,0.0,0.0,0.0,129,0.00013291227835372254,
5,random_matched,691.0,10217,14,0.13702652442008417,0.002949833200436933,0.19040365575019041,40096,0.3723931929725613,
5,random,692.0,10217,0,0.0,0.0,0.0,14,0.003540054930637112,
5,random_matched,692.0,10217,14,0.13702652442008417,0.002949833200436933,0.19040365575019041,40096,0.3723931929725613,
5,random,693.0,10217,0,0.0,0.0,0.0,14,9.440906176931381e-05,
5,random_matched,693.0,10217,14,0.13702652442008417,0.002949833200436933,0.19040365575019041,40096,0.3723931929725613,
5,random,694.0,10217,0,0.0,0.0,0.0,22,5.81452532063643e-05,
5,random_matched,694.0,10217,14,0.13702652442008417,0.002949833200436933,0.19040365575019041,40096,0.3723931929725613,
5,random,695.0,10217,0,0.0,0.0,0.0,18,0.0022965359390583885,
5,random_matched,695.0,10217,14,0.13702652442008417,0.002949833200436933,0.19040365575019041,40096,0.3723931929725613,
5,random,696.0,10217,0,0.0,0.0,0.0,16,0.0006140866268455314,
5,random_matched,696.0,10217,14,0.13702652442008417,0.002949833200436933,0.19040365575019041,40096,0.3723931929725613,
5,random,697.0,10217,0,0.0,0.0,0.0,128,0.00043048532411947397,
5,random_matched,697.0,10217,14,0.13702652442008417,0.002949833200436933,0.19040365575019041,40096,0.3723931929725613,
5,random,698.0,10217,0,0.0,0.0,0.0,663,0.0007820819061307607,
5,random_matched,698.0,10217,14,0.13702652442008417,0.002949833200436933,0.19040365575019041,40096,0.3723931929725613,
5,random,699.0,10217,0,0.0,0.0,0.0,22,7.495112956301327e-05,
5,random_matched,699.0,10217,14,0.13702652442008417,0.002949833200436933,0.19040365575019041,40096,0.3723931929725613,
5,random,700.0,10217,0,0.0,0.0,0.0,22,8.290094868384193e-05,
5,random_matched,700.0,10217,14,0.13702652442008417,0.002949833200436933,0.19040365575019041,40096,0.3723931929725613,
5,random,701.0,10217,0,0.0,0.0,0.0,17,0.005834813309820211,
5,random_matched,701.0,10217,14,0.13702652442008417,0.002949833200436933,0.19040365575019041,40096,0.3723931929725613,
5,random,702.0,10217,0,0.0,0.0,0.0,49,0.0056645722740853955,
5,random_matched,702.0,10217,14,0.13702652442008417,0.002949833200436933,0.19040365575019041,40096,0.3723931929725613,
5,random,703.0,10217,0,0.0,0.0,0.0,14,3.836989959376197e-05,
5,random_matched,703.0,10217,14,0.13702652442008417,0.002949833200436933,0.19040365575019041,40096,0.3723931929725613,
5,random,704.0,10217,0,0.0,0.0,0.0,12,6.869157943074172e-05,
5,random_matched,704.0,10217,14,0.13702652442008417,0.002949833200436933,0.19040365575019041,40096,0.3723931929725613,
5,random,705.0,10217,0,0.0,0.0,0.0,259,0.0006653866874249974,
5,random_matched,705.0,10217,14,0.13702652442008417,0.002949833200436933,0.19040365575019041,40096,0.3723931929725613,
5,random,706.0,10217,0,0.0,0.0,0.0,15,0.00012214534425196536,
5,random_matched,706.0,10217,14,0.13702652442008417,0.002949833200436933,0.19040365575019041,40096,0.3723931929725613,
5,random,707.0,10217,0,0.0,0.0,0.0,16,2.9120239814127424e-05,
5,random_matched,707.0,10217,14,0.13702652442008417,0.002949833200436933,0.19040365575019041,40096,0.3723931929725613,
5,random,708.0,10217,0,0.0,0.0,0.0,25,3.931740249157285e-05,
5,random_matched,708.0,10217,14,0.13702652442008417,0.002949833200436933,0.19040365575019041,40096,0.3723931929725613,
5,random,709.0,10217,0,0.0,0.0,0.0,16,2.0402260890048397e-05,
5,random_matched,709.0,10217,14,0.13702652442008417,0.002949833200436933,0.19040365575019041,40096,0.3723931929725613,
5,random,710.0,10217,0,0.0,0.0,0.0,23,0.0007241302799822405,
5,random_matched,710.0,10217,14,0.13702652442008417,0.002949833200436933,0.19040365575019041,40096,0.3723931929725613,
5,random,711.0,10217,0,0.0,0.0,0.0,18,0.00013641819778632594,
5,random_matched,711.0,10217,14,0.13702652442008417,0.002949833200436933,0.19040365575019041,40096,0.3723931929725613,
5,random,712.0,10217,0,0.0,0.0,0.0,17,0.00039001568192302555,
5,random_matched,712.0,10217,14,0.13702652442008417,0.002949833200436933,0.19040365575019041,40096,0.3723931929725613,
5,random,713.0,10217,0,0.0,0.0,0.0,527,0.0240790847691258,
5,random_matched,713.0,10217,14,0.13702652442008417,0.002949833200436933,0.19040365575019041,40096,0.3723931929725613,
5,random,714.0,10217,0,0.0,0.0,0.0,490,0.006791973753917825,
5,random_matched,714.0,10217,14,0.13702652442008417,0.002949833200436933,0.19040365575019041,40096,0.3723931929725613,
5,random,715.0,10217,0,0.0,0.0,0.0,34,0.00015242258509206286,
5,random_matched,715.0,10217,14,0.13702652442008417,0.002949833200436933,0.19040365575019041,40096,0.3723931929725613,
5,random,716.0,10217,0,0.0,0.0,0.0,123,0.0007839594537490359,
5,random_matched,716.0,10217,14,0.13702652442008417,0.002949833200436933,0.19040365575019041,40096,0.3723931929725613,
5,random,717.0,10217,0,0.0,0.0,0.0,88,0.01299409441825423,
5,random_matched,717.0,10217,14,0.13702652442008417,0.002949833200436933,0.19040365575019041,40096,0.3723931929725613,
5,random,718.0,10217,0,0.0,0.0,0.0,20,0.0012067568314078803,
5,random_matched,718.0,10217,14,0.13702652442008417,0.002949833200436933,0.19040365575019041,40096,0.3723931929725613,
5,random,719.0,10217,0,0.0,0.0,0.0,36,0.00021485461439053302,
5,random_matched,719.0,10217,14,0.13702652442008417,0.002949833200436933,0.19040365575019041,40096,0.3723931929725613,
5,random,720.0,10217,0,0.0,0.0,0.0,43,6.423022156516987e-05,
5,random_matched,720.0,10217,14,0.13702652442008417,0.002949833200436933,0.19040365575019041,40096,0.3723931929725613,
5,random,721.0,10217,0,0.0,0.0,0.0,1427,0.019119672084675018,
5,random_matched,721.0,10217,14,0.13702652442008417,0.002949833200436933,0.19040365575019041,40096,0.3723931929725613,
5,random,722.0,10217,0,0.0,0.0,0.0,1350,0.00509636891152079,
5,random_matched,722.0,10217,14,0.13702652442008417,0.002949833200436933,0.19040365575019041,40096,0.3723931929725613,
5,random,723.0,10217,0,0.0,0.0,0.0,14,3.524647295575223e-05,
5,random_matched,723.0,10217,14,0.13702652442008417,0.002949833200436933,0.19040365575019041,40096,0.3723931929725613,
5,random,724.0,10217,0,0.0,0.0,0.0,21,0.0003741112823602737,
5,random_matched,724.0,10217,14,0.13702652442008417,0.002949833200436933,0.19040365575019041,40096,0.3723931929725613,
5,random,725.0,10217,0,0.0,0.0,0.0,18,0.0009474060842819605,
5,random_matched,725.0,10217,14,0.13702652442008417,0.002949833200436933,0.19040365575019041,40096,0.3723931929725613,
5,random,726.0,10217,0,0.0,0.0,0.0,17,0.00018495034370284014,
5,random_matched,726.0,10217,14,0.13702652442008417,0.002949833200436933,0.19040365575019041,40096,0.3723931929725613,
5,random,727.0,10217,0,0.0,0.0,0.0,416,0.0006599286263436378,
5,random_matched,727.0,10217,14,0.13702652442008417,0.002949833200436933,0.19040365575019041,40096,0.3723931929725613,
5,random,728.0,10217,0,0.0,0.0,0.0,24,8.414206638248199e-05,
5,random_matched,728.0,10217,14,0.13702652442008417,0.002949833200436933,0.19040365575019041,40096,0.3723931929725613,
5,random,729.0,10217,0,0.0,0.0,0.0,404,0.010772904798409701,
5,random_matched,729.0,10217,14,0.13702652442008417,0.002949833200436933,0.19040365575019041,40096,0.3723931929725613,
5,random,730.0,10217,0,0.0,0.0,0.0,19,0.00011560328906808521,
5,random_matched,730.0,10217,14,0.13702652442008417,0.002949833200436933,0.19040365575019041,40096,0.3723931929725613,
5,random,731.0,10217,0,0.0,0.0,0.0,14,1.988010267668193e-05,
5,random_matched,731.0,10217,14,0.13702652442008417,0.002949833200436933,0.19040365575019041,40096,0.3723931929725613,
5,random,732.0,10217,0,0.0,0.0,0.0,53,0.0002729125767101643,
5,random_matched,732.0,10217,14,0.13702652442008417,0.002949833200436933,0.19040365575019041,40096,0.3723931929725613,
5,random,733.0,10217,0,0.0,0.0,0.0,60,0.0003691975989907218,
5,random_matched,733.0,10217,14,0.13702652442008417,0.002949833200436933,0.19040365575019041,40096,0.3723931929725613,
5,random,734.0,10217,0,0.0,0.0,0.0,85,0.00029433852163553604,
5,random_matched,734.0,10217,14,0.13702652442008417,0.002949833200436933,0.19040365575019041,40096,0.3723931929725613,
5,random,735.0,10217,0,0.0,0.0,0.0,48,0.00039634030344358896,
5,random_matched,735.0,10217,14,0.13702652442008417,0.002949833200436933,0.19040365575019041,40096,0.3723931929725613,
5,random,736.0,10217,0,0.0,0.0,0.0,22,0.0003228112217808078,
5,random_matched,736.0,10217,14,0.13702652442008417,0.002949833200436933,0.19040365575019041,40096,0.3723931929725613,
5,random,737.0,10217,0,0.0,0.0,0.0,15,5.7335828620294707e-05,
5,random_matched,737.0,10217,14,0.13702652442008417,0.002949833200436933,0.19040365575019041,40096,0.3723931929725613,
5,random,738.0,10217,0,0.0,0.0,0.0,39,0.000401360322984252,
5,random_matched,738.0,10217,14,0.13702652442008417,0.002949833200436933,0.19040365575019041,40096,0.3723931929725613,
5,random,739.0,10217,0,0.0,0.0,0.0,19,7.681756743206788e-05,
5,random_matched,739.0,10217,14,0.13702652442008417,0.002949833200436933,0.19040365575019041,40096,0.3723931929725613,
5,random,740.0,10217,0,0.0,0.0,0.0,19,0.00019167332908831233,
5,random_matched,740.0,10217,14,0.13702652442008417,0.002949833200436933,0.19040365575019041,40096,0.3723931929725613,
5,random,741.0,10217,0,0.0,0.0,0.0,21,2.9842373513464024e-05,
5,random_matched,741.0,10217,14,0.13702652442008417,0.002949833200436933,0.19040365575019041,40096,0.3723931929725613,
5,random,742.0,10217,4,0.03915043554859548,5.570654287216696e-06,0.07616146230007616,26,0.00010233031296357531,
5,random_matched,742.0,10217,14,0.13702652442008417,0.002949833200436933,0.19040365575019041,40096,0.3723931929725613,
5,random,743.0,10217,0,0.0,0.0,0.0,97,0.016024456274150348,
5,random_matched,743.0,10217,14,0.13702652442008417,0.002949833200436933,0.19040365575019041,40096,0.3723931929725613,
5,random,744.0,10217,0,0.0,0.0,0.0,10,3.378792159379544e-05,
5,random_matched,744.0,10217,14,0.13702652442008417,0.002949833200436933,0.19040365575019041,40096,0.3723931929725613,
5,random,745.0,10217,0,0.0,0.0,0.0,12,0.0017947196765147732,
5,random_matched,745.0,10217,14,0.13702652442008417,0.002949833200436933,0.19040365575019041,40096,0.3723931929725613,
5,random,746.0,10217,0,0.0,0.0,0.0,34,0.0006505472366803881,
5,random_matched,746.0,10217,14,0.13702652442008417,0.002949833200436933,0.19040365575019041,40096,0.3723931929725613,
5,random,747.0,10217,0,0.0,0.0,0.0,70,0.0009031083399255122,
5,random_matched,747.0,10217,14,0.13702652442008417,0.002949833200436933,0.19040365575019041,40096,0.3723931929725613,
5,random,748.0,10217,0,0.0,0.0,0.0,14,1.0938341661160138e-05,
5,random_matched,748.0,10217,14,0.13702652442008417,0.002949833200436933,0.19040365575019041,40096,0.3723931929725613,
5,random,749.0,10217,0,0.0,0.0,0.0,20,3.5141723891672626e-05,
5,random_matched,749.0,10217,14,0.13702652442008417,0.002949833200436933,0.19040365575019041,40096,0.3723931929725613,
5,random,750.0,10217,0,0.0,0.0,0.0,16,6.265581138991293e-05,
5,random_matched,750.0,10217,14,0.13702652442008417,0.002949833200436933,0.19040365575019041,40096,0.3723931929725613,
5,random,751.0,10217,0,0.0,0.0,0.0,23,8.129955768904934e-05,
5,random_matched,751.0,10217,14,0.13702652442008417,0.002949833200436933,0.19040365575019041,40096,0.3723931929725613,
5,random,752.0,10217,0,0.0,0.0,0.0,214,0.0004472070838034529,
5,random_matched,752.0,10217,14,0.13702652442008417,0.002949833200436933,0.19040365575019041,40096,0.3723931929725613,
5,random,753.0,10217,0,0.0,0.0,0.0,18,0.012503911650251576,
5,random_matched,753.0,10217,14,0.13702652442008417,0.002949833200436933,0.19040365575019041,40096,0.3723931929725613,
5,random,754.0,10217,0,0.0,0.0,0.0,14,1.6437667525338877e-05,
5,random_matched,754.0,10217,14,0.13702652442008417,0.002949833200436933,0.19040365575019041,40096,0.3723931929725613,
5,random,755.0,10217,0,0.0,0.0,0.0,11,1.530606021187295e-05,
5,random_matched,755.0,10217,14,0.13702652442008417,0.002949833200436933,0.19040365575019041,40096,0.3723931929725613,
5,random,756.0,10217,0,0.0,0.0,0.0,11,1.1701740143315974e-05,
5,random_matched,756.0,10217,14,0.13702652442008417,0.002949833200436933,0.19040365575019041,40096,0.3723931929725613,
5,random,757.0,10217,0,0.0,0.0,0.0,18,0.001679038619202144,
5,random_matched,757.0,10217,14,0.13702652442008417,0.002949833200436933,0.19040365575019041,40096,0.3723931929725613,
5,random,758.0,10217,0,0.0,0.0,0.0,28,7.533203525057544e-05,
5,random_matched,758.0,10217,14,0.13702652442008417,0.002949833200436933,0.19040365575019041,40096,0.3723931929725613,
5,random,759.0,10217,0,0.0,0.0,0.0,10,1.4712482182088576e-05,
5,random_matched,759.0,10217,14,0.13702652442008417,0.002949833200436933,0.19040365575019041,40096,0.3723931929725613,
5,random,760.0,10217,0,0.0,0.0,0.0,14,2.2892431822486044e-05,
5,random_matched,760.0,10217,14,0.13702652442008417,0.002949833200436933,0.19040365575019041,40096,0.3723931929725613,
5,random,761.0,10217,1,0.00978760888714887,1.2756587097547713e-07,0.01904036557501904,1067,0.005653710113561748,
5,random_matched,761.0,10217,14,0.13702652442008417,0.002949833200436933,0.19040365575019041,40096,0.3723931929725613,
5,random,762.0,10217,0,0.0,0.0,0.0,15,0.00034032018655241525,
5,random_matched,762.0,10217,14,0.13702652442008417,0.002949833200436933,0.19040365575019041,40096,0.3723931929725613,
5,random,763.0,10217,0,0.0,0.0,0.0,661,0.0013065001599100957,
5,random_matched,763.0,10217,14,0.13702652442008417,0.002949833200436933,0.19040365575019041,40096,0.3723931929725613,
5,random,764.0,10217,0,0.0,0.0,0.0,38,0.0009853268325858053,
5,random_matched,764.0,10217,14,0.13702652442008417,0.002949833200436933,0.19040365575019041,40096,0.3723931929725613,
5,random,765.0,10217,0,0.0,0.0,0.0,13,0.0016655545578624434,
5,random_matched,765.0,10217,14,0.13702652442008417,0.002949833200436933,0.19040365575019041,40096,0.3723931929725613,
5,random,766.0,10217,0,0.0,0.0,0.0,19,8.38992390066611e-05,
5,random_matched,766.0,10217,14,0.13702652442008417,0.002949833200436933,0.19040365575019041,40096,0.3723931929725613,
5,random,767.0,10217,0,0.0,0.0,0.0,12,2.522071783770977e-05,
5,random_matched,767.0,10217,14,0.13702652442008417,0.002949833200436933,0.19040365575019041,40096,0.3723931929725613,
5,random,768.0,10217,0,0.0,0.0,0.0,17,0.0005862313113355167,
5,random_matched,768.0,10217,14,0.13702652442008417,0.002949833200436933,0.19040365575019041,40096,0.3723931929725613,
5,random,769.0,10217,0,0.0,0.0,0.0,18,7.400045245113938e-05,
5,random_matched,769.0,10217,14,0.13702652442008417,0.002949833200436933,0.19040365575019041,40096,0.3723931929725613,
5,random,770.0,10217,0,0.0,0.0,0.0,55,0.007235006746228409,
5,random_matched,770.0,10217,14,0.13702652442008417,0.002949833200436933,0.19040365575019041,40096,0.3723931929725613,
5,random,771.0,10217,0,0.0,0.0,0.0,11,3.3326073447626317e-05,
5,random_matched,771.0,10217,14,0.13702652442008417,0.002949833200436933,0.19040365575019041,40096,0.3723931929725613,
5,random,772.0,10217,0,0.0,0.0,0.0,13,8.641321654457139e-05,
5,random_matched,772.0,10217,14,0.13702652442008417,0.002949833200436933,0.19040365575019041,40096,0.3723931929725613,
5,random,773.0,10217,0,0.0,0.0,0.0,16,0.00025564167799328323,
5,random_matched,773.0,10217,14,0.13702652442008417,0.002949833200436933,0.19040365575019041,40096,0.3723931929725613,
5,random,774.0,10217,0,0.0,0.0,0.0,45,9.873234132314437e-05,
5,random_matched,774.0,10217,14,0.13702652442008417,0.002949833200436933,0.19040365575019041,40096,0.3723931929725613,
5,random,775.0,10217,0,0.0,0.0,0.0,347,0.00032014964328896717,
5,random_matched,775.0,10217,14,0.13702652442008417,0.002949833200436933,0.19040365575019041,40096,0.3723931929725613,
5,random,776.0,10217,0,0.0,0.0,0.0,258,0.0011542140660227428,
5,random_matched,776.0,10217,14,0.13702652442008417,0.002949833200436933,0.19040365575019041,40096,0.3723931929725613,
5,random,777.0,10217,0,0.0,0.0,0.0,12,2.2816250684973613e-05,
5,random_matched,777.0,10217,14,0.13702652442008417,0.002949833200436933,0.19040365575019041,40096,0.3723931929725613,
5,random,778.0,10217,0,0.0,0.0,0.0,13,9.191889083687616e-05,
5,random_matched,778.0,10217,14,0.13702652442008417,0.002949833200436933,0.19040365575019041,40096,0.3723931929725613,
5,random,779.0,10217,0,0.0,0.0,0.0,19,6.190828397807218e-05,
5,random_matched,779.0,10217,14,0.13702652442008417,0.002949833200436933,0.19040365575019041,40096,0.3723931929725613,
5,random,780.0,10217,0,0.0,0.0,0.0,469,0.002405954272024683,
5,random_matched,780.0,10217,14,0.13702652442008417,0.002949833200436933,0.19040365575019041,40096,0.3723931929725613,
5,random,781.0,10217,0,0.0,0.0,0.0,22,5.565984359502119e-06,
5,random_matched,781.0,10217,14,0.13702652442008417,0.002949833200436933,0.19040365575019041,40096,0.3723931929725613,
5,random,782.0,10217,1,0.00978760888714887,2.0015891127786193e-06,0.01904036557501904,141,0.041845384661929164,
5,random_matched,782.0,10217,14,0.13702652442008417,0.002949833200436933,0.19040365575019041,40096,0.3723931929725613,
5,random,783.0,10217,0,0.0,0.0,0.0,177,0.00022186169193464533,
5,random_matched,783.0,10217,14,0.13702652442008417,0.002949833200436933,0.19040365575019041,40096,0.3723931929725613,
5,random,784.0,10217,0,0.0,0.0,0.0,211,0.0007208909945309307,
5,random_matched,784.0,10217,14,0.13702652442008417,0.002949833200436933,0.19040365575019041,40096,0.3723931929725613,
5,random,785.0,10217,0,0.0,0.0,0.0,19,0.00043111223139692,
5,random_matched,785.0,10217,14,0.13702652442008417,0.002949833200436933,0.19040365575019041,40096,0.3723931929725613,
5,random,786.0,10217,0,0.0,0.0,0.0,12,0.00024257185158880646,
5,random_matched,786.0,10217,14,0.13702652442008417,0.002949833200436933,0.19040365575019041,40096,0.3723931929725613,
5,random,787.0,10217,0,0.0,0.0,0.0,31,0.0013295528895427642,
5,random_matched,787.0,10217,14,0.13702652442008417,0.002949833200436933,0.19040365575019041,40096,0.3723931929725613,
5,random,788.0,10217,0,0.0,0.0,0.0,11,4.807029777034507e-05,
5,random_matched,788.0,10217,14,0.13702652442008417,0.002949833200436933,0.19040365575019041,40096,0.3723931929725613,
5,random,789.0,10217,0,0.0,0.0,0.0,17,0.0005697714243117367,
5,random_matched,789.0,10217,14,0.13702652442008417,0.002949833200436933,0.19040365575019041,40096,0.3723931929725613,
5,random,790.0,10217,0,0.0,0.0,0.0,17,0.00291761694659178,
5,random_matched,790.0,10217,14,0.13702652442008417,0.002949833200436933,0.19040365575019041,40096,0.3723931929725613,
5,random,791.0,10217,0,0.0,0.0,0.0,36,0.0019216914132495575,
5,random_matched,791.0,10217,14,0.13702652442008417,0.002949833200436933,0.19040365575019041,40096,0.3723931929725613,
5,random,792.0,10217,0,0.0,0.0,0.0,64,0.000429091844145809,
5,random_matched,792.0,10217,14,0.13702652442008417,0.002949833200436933,0.19040365575019041,40096,0.3723931929725613,
5,random,793.0,10217,0,0.0,0.0,0.0,922,0.0034421351881141,
5,random_matched,793.0,10217,14,0.13702652442008417,0.002949833200436933,0.19040365575019041,40096,0.3723931929725613,
5,random,794.0,10217,0,0.0,0.0,0.0,14,3.938247387986472e-05,
5,random_matched,794.0,10217,14,0.13702652442008417,0.002949833200436933,0.19040365575019041,40096,0.3723931929725613,
5,random,795.0,10217,0,0.0,0.0,0.0,52,0.00233599935539686,
5,random_matched,795.0,10217,14,0.13702652442008417,0.002949833200436933,0.19040365575019041,40096,0.3723931929725613,
5,random,796.0,10217,0,0.0,0.0,0.0,14,0.002786467944150064,
5,random_matched,796.0,10217,14,0.13702652442008417,0.002949833200436933,0.19040365575019041,40096,0.3723931929725613,
5,random,797.0,10217,0,0.0,0.0,0.0,21,0.0007350813184996527,
5,random_matched,797.0,10217,14,0.13702652442008417,0.002949833200436933,0.19040365575019041,40096,0.3723931929725613,
5,random,798.0,10217,0,0.0,0.0,0.0,12,9.709920818772159e-06,
5,random_matched,798.0,10217,14,0.13702652442008417,0.002949833200436933,0.19040365575019041,40096,0.3723931929725613,
5,random,799.0,10217,0,0.0,0.0,0.0,27,7.704293663054215e-05,
5,random_matched,799.0,10217,14,0.13702652442008417,0.002949833200436933,0.19040365575019041,40096,0.3723931929725613,
5,random,800.0,10217,0,0.0,0.0,0.0,11,2.286862521701341e-05,
5,random_matched,800.0,10217,14,0.13702652442008417,0.002949833200436933,0.19040365575019041,40096,0.3723931929725613,
5,random,801.0,10217,0,0.0,0.0,0.0,240,0.001502890371096053,
5,random_matched,801.0,10217,14,0.13702652442008417,0.002949833200436933,0.19040365575019041,40096,0.3723931929725613,
5,random,802.0,10217,0,0.0,0.0,0.0,11,3.684151552241878e-05,
5,random_matched,802.0,10217,14,0.13702652442008417,0.002949833200436933,0.19040365575019041,40096,0.3723931929725613,
5,random,803.0,10217,0,0.0,0.0,0.0,345,0.0003208622543461147,
5,random_matched,803.0,10217,14,0.13702652442008417,0.002949833200436933,0.19040365575019041,40096,0.3723931929725613,
5,random,804.0,10217,0,0.0,0.0,0.0,37,0.000127800206605232,
5,random_matched,804.0,10217,14,0.13702652442008417,0.002949833200436933,0.19040365575019041,40096,0.3723931929725613,
5,random,805.0,10217,0,0.0,0.0,0.0,78,0.00048068710663313563,
5,random_matched,805.0,10217,14,0.13702652442008417,0.002949833200436933,0.19040365575019041,40096,0.3723931929725613,
5,random,806.0,10217,0,0.0,0.0,0.0,16,8.060123059518537e-05,
5,random_matched,806.0,10217,14,0.13702652442008417,0.002949833200436933,0.19040365575019041,40096,0.3723931929725613,
5,random,807.0,10217,0,0.0,0.0,0.0,10,3.63685576270291e-05,
5,random_matched,807.0,10217,14,0.13702652442008417,0.002949833200436933,0.19040365575019041,40096,0.3723931929725613,
5,random,808.0,10217,0,0.0,0.0,0.0,17,4.7817947752335135e-05,
5,random_matched,808.0,10217,14,0.13702652442008417,0.002949833200436933,0.19040365575019041,40096,0.3723931929725613,
5,random,809.0,10217,0,0.0,0.0,0.0,16,6.661246921946491e-05,
5,random_matched,809.0,10217,14,0.13702652442008417,0.002949833200436933,0.19040365575019041,40096,0.3723931929725613,
5,random,810.0,10217,0,0.0,0.0,0.0,29,0.0009689558235557898,
5,random_matched,810.0,10217,14,0.13702652442008417,0.002949833200436933,0.19040365575019041,40096,0.3723931929725613,
5,random,811.0,10217,0,0.0,0.0,0.0,11,2.1711624191043338e-05,
5,random_matched,811.0,10217,14,0.13702652442008417,0.002949833200436933,0.19040365575019041,40096,0.3723931929725613,
5,random,812.0,10217,0,0.0,0.0,0.0,436,0.0004887591329953905,
5,random_matched,812.0,10217,14,0.13702652442008417,0.002949833200436933,0.19040365575019041,40096,0.3723931929725613,
5,random,813.0,10217,0,0.0,0.0,0.0,13,0.000307540077923628,
5,random_matched,813.0,10217,14,0.13702652442008417,0.002949833200436933,0.19040365575019041,40096,0.3723931929725613,
5,random,814.0,10217,0,0.0,0.0,0.0,250,0.00676870359062184,
5,random_matched,814.0,10217,14,0.13702652442008417,0.002949833200436933,0.19040365575019041,40096,0.3723931929725613,
5,random,815.0,10217,0,0.0,0.0,0.0,55,0.0072121492307606165,
5,random_matched,815.0,10217,14,0.13702652442008417,0.002949833200436933,0.19040365575019041,40096,0.3723931929725613,
5,random,816.0,10217,0,0.0,0.0,0.0,19,7.450832670122225e-05,
5,random_matched,816.0,10217,14,0.13702652442008417,0.002949833200436933,0.19040365575019041,40096,0.3723931929725613,
5,random,817.0,10217,0,0.0,0.0,0.0,75,0.0001110260723892132,
5,random_matched,817.0,10217,14,0.13702652442008417,0.002949833200436933,0.19040365575019041,40096,0.3723931929725613,
5,random,818.0,10217,0,0.0,0.0,0.0,15,9.94957398053002e-05,
5,random_matched,818.0,10217,14,0.13702652442008417,0.002949833200436933,0.19040365575019041,40096,0.3723931929725613,
5,random,819.0,10217,0,0.0,0.0,0.0,57,0.00017581495562947426,
5,random_matched,819.0,10217,14,0.13702652442008417,0.002949833200436933,0.19040365575019041,40096,0.3723931929725613,
5,random,820.0,10217,0,0.0,0.0,0.0,22,0.0018255428821737098,
5,random_matched,820.0,10217,14,0.13702652442008417,0.002949833200436933,0.19040365575019041,40096,0.3723931929725613,
5,random,821.0,10217,0,0.0,0.0,0.0,290,0.000965741931816984,
5,random_matched,821.0,10217,14,0.13702652442008417,0.002949833200436933,0.19040365575019041,40096,0.3723931929725613,
5,random,822.0,10217,0,0.0,0.0,0.0,42,0.0004837676813812946,
5,random_matched,822.0,10217,14,0.13702652442008417,0.002949833200436933,0.19040365575019041,40096,0.3723931929725613,
5,random,823.0,10217,0,0.0,0.0,0.0,15,5.676288298191995e-05,
5,random_matched,823.0,10217,14,0.13702652442008417,0.002949833200436933,0.19040365575019041,40096,0.3723931929725613,
5,random,824.0,10217,0,0.0,0.0,0.0,19,0.0017387249533361037,
5,random_matched,824.0,10217,14,0.13702652442008417,0.002949833200436933,0.19040365575019041,40096,0.3723931929725613,
5,random,825.0,10217,0,0.0,0.0,0.0,35,0.00011473355441481827,
5,random_matched,825.0,10217,14,0.13702652442008417,0.002949833200436933,0.19040365575019041,40096,0.3723931929725613,
5,random,826.0,10217,0,0.0,0.0,0.0,35,0.00018393618230970587,
5,random_matched,826.0,10217,14,0.13702652442008417,0.002949833200436933,0.19040365575019041,40096,0.3723931929725613,
5,random,827.0,10217,0,0.0,0.0,0.0,62,0.00014136203618947654,
5,random_matched,827.0,10217,14,0.13702652442008417,0.002949833200436933,0.19040365575019041,40096,0.3723931929725613,
5,random,828.0,10217,0,0.0,0.0,0.0,1056,0.014949030962492806,
5,random_matched,828.0,10217,14,0.13702652442008417,0.002949833200436933,0.19040365575019041,40096,0.3723931929725613,
5,random,829.0,10217,0,0.0,0.0,0.0,401,0.0017561006011170644,
5,random_matched,829.0,10217,14,0.13702652442008417,0.002949833200436933,0.19040365575019041,40096,0.3723931929725613,
5,random,830.0,10217,0,0.0,0.0,0.0,764,0.0020954129747044713,
5,random_matched,830.0,10217,14,0.13702652442008417,0.002949833200436933,0.19040365575019041,40096,0.3723931929725613,
5,random,831.0,10217,0,0.0,0.0,0.0,19,4.887654814235165e-05,
5,random_matched,831.0,10217,14,0.13702652442008417,0.002949833200436933,0.19040365575019041,40096,0.3723931929725613,
5,random,832.0,10217,0,0.0,0.0,0.0,14,1.4055419871043844e-05,
5,random_matched,832.0,10217,14,0.13702652442008417,0.002949833200436933,0.19040365575019041,40096,0.3723931929725613,
5,random,833.0,10217,0,0.0,0.0,0.0,50,6.418578256828762e-05,
5,random_matched,833.0,10217,14,0.13702652442008417,0.002949833200436933,0.19040365575019041,40096,0.3723931929725613,
5,random,834.0,10217,0,0.0,0.0,0.0,27,0.025326995285860708,
5,random_matched,834.0,10217,14,0.13702652442008417,0.002949833200436933,0.19040365575019041,40096,0.3723931929725613,
5,random,835.0,10217,0,0.0,0.0,0.0,30702,0.0074128643086074355,
5,random_matched,835.0,10217,14,0.13702652442008417,0.002949833200436933,0.19040365575019041,40096,0.3723931929725613,
5,random,836.0,10217,0,0.0,0.0,0.0,518,0.0005867963214387339,
5,random_matched,836.0,10217,14,0.13702652442008417,0.002949833200436933,0.19040365575019041,40096,0.3723931929725613,
5,random,837.0,10217,0,0.0,0.0,0.0,56,8.095674257024339e-05,
5,random_matched,837.0,10217,14,0.13702652442008417,0.002949833200436933,0.19040365575019041,40096,0.3723931929725613,
5,random,838.0,10217,0,0.0,0.0,0.0,16,0.00010974368990775391,
5,random_matched,838.0,10217,14,0.13702652442008417,0.002949833200436933,0.19040365575019041,40096,0.3723931929725613,
5,random,839.0,10217,0,0.0,0.0,0.0,20,0.0006464921782148826,
5,random_matched,839.0,10217,14,0.13702652442008417,0.002949833200436933,0.19040365575019041,40096,0.3723931929725613,
5,random,840.0,10217,0,0.0,0.0,0.0,12,9.0480971866329e-06,
5,random_matched,840.0,10217,14,0.13702652442008417,0.002949833200436933,0.19040365575019041,40096,0.3723931929725613,
5,random,841.0,10217,0,0.0,0.0,0.0,12,4.824646665084257e-05,
5,random_matched,841.0,10217,14,0.13702652442008417,0.002949833200436933,0.19040365575019041,40096,0.3723931929725613,
5,random,842.0,10217,0,0.0,0.0,0.0,50,2.287021232404492e-05,
5,random_matched,842.0,10217,14,0.13702652442008417,0.002949833200436933,0.19040365575019041,40096,0.3723931929725613,
5,random,843.0,10217,0,0.0,0.0,0.0,14,2.7144291559898698e-05,
5,random_matched,843.0,10217,14,0.13702652442008417,0.002949833200436933,0.19040365575019041,40096,0.3723931929725613,
5,random,844.0,10217,0,0.0,0.0,0.0,18,0.00033940442579523454,
5,random_matched,844.0,10217,14,0.13702652442008417,0.002949833200436933,0.19040365575019041,40096,0.3723931929725613,
5,random,845.0,10217,0,0.0,0.0,0.0,268,0.00039164881505844833,
5,random_matched,845.0,10217,14,0.13702652442008417,0.002949833200436933,0.19040365575019041,40096,0.3723931929725613,
5,random,846.0,10217,0,0.0,0.0,0.0,13,1.0155897894626193e-05,
5,random_matched,846.0,10217,14,0.13702652442008417,0.002949833200436933,0.19040365575019041,40096,0.3723931929725613,
5,random,847.0,10217,0,0.0,0.0,0.0,10,1.2496880766101991e-05,
5,random_matched,847.0,10217,14,0.13702652442008417,0.002949833200436933,0.19040365575019041,40096,0.3723931929725613,
5,random,848.0,10217,0,0.0,0.0,0.0,17,0.0008521526815718838,
5,random_matched,848.0,10217,14,0.13702652442008417,0.002949833200436933,0.19040365575019041,40096,0.3723931929725613,
5,random,849.0,10217,0,0.0,0.0,0.0,26,0.00021802724134651954,
5,random_matched,849.0,10217,14,0.13702652442008417,0.002949833200436933,0.19040365575019041,40096,0.3723931929725613,
5,random,850.0,10217,0,0.0,0.0,0.0,17,0.0002492091331945772,
5,random_matched,850.0,10217,14,0.13702652442008417,0.002949833200436933,0.19040365575019041,40096,0.3723931929725613,
5,random,851.0,10217,0,0.0,0.0,0.0,45,0.00011617623470645996,
5,random_matched,851.0,10217,14,0.13702652442008417,0.002949833200436933,0.19040365575019041,40096,0.3723931929725613,
5,random,852.0,10217,0,0.0,0.0,0.0,11,1.8380286531905912e-05,
5,random_matched,852.0,10217,14,0.13702652442008417,0.002949833200436933,0.19040365575019041,40096,0.3723931929725613,
5,random,853.0,10217,0,0.0,0.0,0.0,26,4.309789144062733e-05,
5,random_matched,853.0,10217,14,0.13702652442008417,0.002949833200436933,0.19040365575019041,40096,0.3723931929725613,
5,random,854.0,10217,0,0.0,0.0,0.0,70,0.008735865620324131,
5,random_matched,854.0,10217,14,0.13702652442008417,0.002949833200436933,0.19040365575019041,40096,0.3723931929725613,
5,random,855.0,10217,0,0.0,0.0,0.0,297,0.00045991981112584015,
5,random_matched,855.0,10217,14,0.13702652442008417,0.002949833200436933,0.19040365575019041,40096,0.3723931929725613,
5,random,856.0,10217,0,0.0,0.0,0.0,23,0.00011214180863236404,
5,random_matched,856.0,10217,14,0.13702652442008417,0.002949833200436933,0.19040365575019041,40096,0.3723931929725613,
5,random,857.0,10217,0,0.0,0.0,0.0,158,0.002208438801953386,
5,random_matched,857.0,10217,14,0.13702652442008417,0.002949833200436933,0.19040365575019041,40096,0.3723931929725613,
5,random,858.0,10217,0,0.0,0.0,0.0,26,4.590230956530376e-05,
5,random_matched,858.0,10217,14,0.13702652442008417,0.002949833200436933,0.19040365575019041,40096,0.3723931929725613,
5,random,859.0,10217,0,0.0,0.0,0.0,23,0.000994074966543483,
5,random_matched,859.0,10217,14,0.13702652442008417,0.002949833200436933,0.19040365575019041,40096,0.3723931929725613,
5,random,860.0,10217,0,0.0,0.0,0.0,23,0.000692705560758362,
5,random_matched,860.0,10217,14,0.13702652442008417,0.002949833200436933,0.19040365575019041,40096,0.3723931929725613,
5,random,861.0,10217,0,0.0,0.0,0.0,20,0.0033490132701473403,
5,random_matched,861.0,10217,14,0.13702652442008417,0.002949833200436933,0.19040365575019041,40096,0.3723931929725613,
5,random,862.0,10217,0,0.0,0.0,0.0,11,1.8688185296018663e-05,
5,random_matched,862.0,10217,14,0.13702652442008417,0.002949833200436933,0.19040365575019041,40096,0.3723931929725613,
5,random,863.0,10217,0,0.0,0.0,0.0,30,6.854239136977987e-05,
5,random_matched,863.0,10217,14,0.13702652442008417,0.002949833200436933,0.19040365575019041,40096,0.3723931929725613,
5,random,864.0,10217,0,0.0,0.0,0.0,81,0.0004567741649893893,
5,random_matched,864.0,10217,14,0.13702652442008417,0.002949833200436933,0.19040365575019041,40096,0.3723931929725613,
5,random,865.0,10217,0,0.0,0.0,0.0,25,0.0001391702413789626,
5,random_matched,865.0,10217,14,0.13702652442008417,0.002949833200436933,0.19040365575019041,40096,0.3723931929725613,
5,random,866.0,10217,0,0.0,0.0,0.0,104,0.01956905350511164,
5,random_matched,866.0,10217,14,0.13702652442008417,0.002949833200436933,0.19040365575019041,40096,0.3723931929725613,
5,random,867.0,10217,0,0.0,0.0,0.0,271,0.011209105294949638,
5,random_matched,867.0,10217,14,0.13702652442008417,0.002949833200436933,0.19040365575019041,40096,0.3723931929725613,
5,random,868.0,10217,0,0.0,0.0,0.0,22,0.0002631407587171633,
5,random_matched,868.0,10217,14,0.13702652442008417,0.002949833200436933,0.19040365575019041,40096,0.3723931929725613,
5,random,869.0,10217,0,0.0,0.0,0.0,1318,0.004746745103549669,
5,random_matched,869.0,10217,14,0.13702652442008417,0.002949833200436933,0.19040365575019041,40096,0.3723931929725613,
5,random,870.0,10217,0,0.0,0.0,0.0,46,0.0004323025616705518,
5,random_matched,870.0,10217,14,0.13702652442008417,0.002949833200436933,0.19040365575019041,40096,0.3723931929725613,
5,random,871.0,10217,0,0.0,0.0,0.0,15,0.00030986836393885175,
5,random_matched,871.0,10217,14,0.13702652442008417,0.002949833200436933,0.19040365575019041,40096,0.3723931929725613,
5,random,872.0,10217,0,0.0,0.0,0.0,15,3.106127171366295e-05,
5,random_matched,872.0,10217,14,0.13702652442008417,0.002949833200436933,0.19040365575019041,40096,0.3723931929725613,
5,random,873.0,10217,0,0.0,0.0,0.0,123,0.00042635091030239296,
5,random_matched,873.0,10217,14,0.13702652442008417,0.002949833200436933,0.19040365575019041,40096,0.3723931929725613,
5,random,874.0,10217,0,0.0,0.0,0.0,16,0.00014602813086211303,
5,random_matched,874.0,10217,14,0.13702652442008417,0.002949833200436933,0.19040365575019041,40096,0.3723931929725613,
5,random,875.0,10217,0,0.0,0.0,0.0,10,8.11170403804258e-05,
5,random_matched,875.0,10217,14,0.13702652442008417,0.002949833200436933,0.19040365575019041,40096,0.3723931929725613,
5,random,876.0,10217,0,0.0,0.0,0.0,18,7.063578554434026e-05,
5,random_matched,876.0,10217,14,0.13702652442008417,0.002949833200436933,0.19040365575019041,40096,0.3723931929725613,
5,random,877.0,10217,0,0.0,0.0,0.0,58,0.000285701485170064,
5,random_matched,877.0,10217,14,0.13702652442008417,0.002949833200436933,0.19040365575019041,40096,0.3723931929725613,
5,random,878.0,10217,0,0.0,0.0,0.0,24,0.012920952590707137,
5,random_matched,878.0,10217,14,0.13702652442008417,0.002949833200436933,0.19040365575019041,40096,0.3723931929725613,
5,random,879.0,10217,0,0.0,0.0,0.0,513,0.0004478022489402688,
5,random_matched,879.0,10217,14,0.13702652442008417,0.002949833200436933,0.19040365575019041,40096,0.3723931929725613,
5,random,880.0,10217,0,0.0,0.0,0.0,14,0.017582170083435815,
5,random_matched,880.0,10217,14,0.13702652442008417,0.002949833200436933,0.19040365575019041,40096,0.3723931929725613,
5,random,881.0,10217,0,0.0,0.0,0.0,27,7.971879908566635e-05,
5,random_matched,881.0,10217,14,0.13702652442008417,0.002949833200436933,0.19040365575019041,40096,0.3723931929725613,
5,random,882.0,10217,0,0.0,0.0,0.0,14,8.316440845107243e-06,
5,random_matched,882.0,10217,14,0.13702652442008417,0.002949833200436933,0.19040365575019041,40096,0.3723931929725613,
5,random,883.0,10217,0,0.0,0.0,0.0,18,1.299681948102733e-05,
5,random_matched,883.0,10217,14,0.13702652442008417,0.002949833200436933,0.19040365575019041,40096,0.3723931929725613,
5,random,884.0,10217,0,0.0,0.0,0.0,132,0.001141867960424634,
5,random_matched,884.0,10217,14,0.13702652442008417,0.002949833200436933,0.19040365575019041,40096,0.3723931929725613,
5,random,885.0,10217,0,0.0,0.0,0.0,15,0.0001687650261955112,
5,random_matched,885.0,10217,14,0.13702652442008417,0.002949833200436933,0.19040365575019041,40096,0.3723931929725613,
5,random,886.0,10217,0,0.0,0.0,0.0,54,0.00026587216991839034,
5,random_matched,886.0,10217,14,0.13702652442008417,0.002949833200436933,0.19040365575019041,40096,0.3723931929725613,
5,random,887.0,10217,0,0.0,0.0,0.0,19,3.435134458998114e-05,
5,random_matched,887.0,10217,14,0.13702652442008417,0.002949833200436933,0.19040365575019041,40096,0.3723931929725613,
5,random,888.0,10217,0,0.0,0.0,0.0,15,0.0019090612154928088,
5,random_matched,888.0,10217,14,0.13702652442008417,0.002949833200436933,0.19040365575019041,40096,0.3723931929725613,
5,random,889.0,10217,0,0.0,0.0,0.0,30,0.0003334813423536429,
5,random_matched,889.0,10217,14,0.13702652442008417,0.002949833200436933,0.19040365575019041,40096,0.3723931929725613,
5,random,890.0,10217,0,0.0,0.0,0.0,28,0.000330510277990658,
5,random_matched,890.0,10217,14,0.13702652442008417,0.002949833200436933,0.19040365575019041,40096,0.3723931929725613,
5,random,891.0,10217,0,0.0,0.0,0.0,46,0.005317529102147508,
5,random_matched,891.0,10217,14,0.13702652442008417,0.002949833200436933,0.19040365575019041,40096,0.3723931929725613,
5,random,892.0,10217,0,0.0,0.0,0.0,12,0.003163635994653024,
5,random_matched,892.0,10217,14,0.13702652442008417,0.002949833200436933,0.19040365575019041,40096,0.3723931929725613,
5,random,893.0,10217,0,0.0,0.0,0.0,106,0.000217140048515906,
5,random_matched,893.0,10217,14,0.13702652442008417,0.002949833200436933,0.19040365575019041,40096,0.3723931929725613,
5,random,894.0,10217,0,0.0,0.0,0.0,938,0.0009518769647897214,
5,random_matched,894.0,10217,14,0.13702652442008417,0.002949833200436933,0.19040365575019041,40096,0.3723931929725613,
5,random,895.0,10217,0,0.0,0.0,0.0,12,1.2987296838838277e-05,
5,random_matched,895.0,10217,14,0.13702652442008417,0.002949833200436933,0.19040365575019041,40096,0.3723931929725613,
5,random,896.0,10217,0,0.0,0.0,0.0,330,0.0002989744612745739,
5,random_matched,896.0,10217,14,0.13702652442008417,0.002949833200436933,0.19040365575019041,40096,0.3723931929725613,
5,random,897.0,10217,0,0.0,0.0,0.0,18,0.00010856764359740574,
5,random_matched,897.0,10217,14,0.13702652442008417,0.002949833200436933,0.19040365575019041,40096,0.3723931929725613,
5,random,898.0,10217,0,0.0,0.0,0.0,13,5.556620428016215e-05,
5,random_matched,898.0,10217,14,0.13702652442008417,0.002949833200436933,0.19040365575019041,40096,0.3723931929725613,
5,random,899.0,10217,0,0.0,0.0,0.0,16,7.92331443340246e-05,
5,random_matched,899.0,10217,14,0.13702652442008417,0.002949833200436933,0.19040365575019041,40096,0.3723931929725613,
5,random,900.0,10217,0,0.0,0.0,0.0,39,0.0015669761659213555,
5,random_matched,900.0,10217,14,0.13702652442008417,0.002949833200436933,0.19040365575019041,40096,0.3723931929725613,
5,random,901.0,10217,0,0.0,0.0,0.0,11,2.9223401771175507e-05,
5,random_matched,901.0,10217,14,0.13702652442008417,0.002949833200436933,0.19040365575019041,40096,0.3723931929725613,
5,random,902.0,10217,0,0.0,0.0,0.0,17,2.2682933694326855e-05,
5,random_matched,902.0,10217,14,0.13702652442008417,0.002949833200436933,0.19040365575019041,40096,0.3723931929725613,
5,random,903.0,10217,0,0.0,0.0,0.0,14,3.639236423250173e-05,
5,random_matched,903.0,10217,14,0.13702652442008417,0.002949833200436933,0.19040365575019041,40096,0.3723931929725613,
5,random,904.0,10217,0,0.0,0.0,0.0,18,8.79669943284187e-05,
5,random_matched,904.0,10217,14,0.13702652442008417,0.002949833200436933,0.19040365575019041,40096,0.3723931929725613,
5,random,905.0,10217,1,0.00978760888714887,2.201136597223919e-07,0.01904036557501904,54,0.00016600822128178005,
5,random_matched,905.0,10217,14,0.13702652442008417,0.002949833200436933,0.19040365575019041,40096,0.3723931929725613,
5,random,906.0,10217,0,0.0,0.0,0.0,249,0.04078356403174572,
5,random_matched,906.0,10217,14,0.13702652442008417,0.002949833200436933,0.19040365575019041,40096,0.3723931929725613,
5,random,907.0,10217,0,0.0,0.0,0.0,13,0.0009474219553522755,
5,random_matched,907.0,10217,14,0.13702652442008417,0.002949833200436933,0.19040365575019041,40096,0.3723931929725613,
5,random,908.0,10217,0,0.0,0.0,0.0,82,0.0002457793948994862,
5,random_matched,908.0,10217,14,0.13702652442008417,0.002949833200436933,0.19040365575019041,40096,0.3723931929725613,
5,random,909.0,10217,0,0.0,0.0,0.0,18,5.281416068752552e-05,
5,random_matched,909.0,10217,14,0.13702652442008417,0.002949833200436933,0.19040365575019041,40096,0.3723931929725613,
5,random,910.0,10217,0,0.0,0.0,0.0,23,0.006790929437491092,
5,random_matched,910.0,10217,14,0.13702652442008417,0.002949833200436933,0.19040365575019041,40096,0.3723931929725613,
5,random,911.0,10217,0,0.0,0.0,0.0,11,1.0695514285339258e-05,
5,random_matched,911.0,10217,14,0.13702652442008417,0.002949833200436933,0.19040365575019041,40096,0.3723931929725613,
5,random,912.0,10217,0,0.0,0.0,0.0,12,2.5154059342386392e-05,
5,random_matched,912.0,10217,14,0.13702652442008417,0.002949833200436933,0.19040365575019041,40096,0.3723931929725613,
5,random,913.0,10217,0,0.0,0.0,0.0,108,0.0010210716571494513,
5,random_matched,913.0,10217,14,0.13702652442008417,0.002949833200436933,0.19040365575019041,40096,0.3723931929725613,
5,random,914.0,10217,0,0.0,0.0,0.0,20,9.97242832178375e-05,
5,random_matched,914.0,10217,14,0.13702652442008417,0.002949833200436933,0.19040365575019041,40096,0.3723931929725613,
5,random,915.0,10217,0,0.0,0.0,0.0,24,0.00016917608691667204,
5,random_matched,915.0,10217,14,0.13702652442008417,0.002949833200436933,0.19040365575019041,40096,0.3723931929725613,
5,random,916.0,10217,0,0.0,0.0,0.0,16,0.0009307573315214308,
5,random_matched,916.0,10217,14,0.13702652442008417,0.002949833200436933,0.19040365575019041,40096,0.3723931929725613,
5,random,917.0,10217,0,0.0,0.0,0.0,22,5.561699170517044e-05,
5,random_matched,917.0,10217,14,0.13702652442008417,0.002949833200436933,0.19040365575019041,40096,0.3723931929725613,
5,random,918.0,10217,0,0.0,0.0,0.0,16,0.00030250736152671295,
5,random_matched,918.0,10217,14,0.13702652442008417,0.002949833200436933,0.19040365575019041,40096,0.3723931929725613,
5,random,919.0,10217,0,0.0,0.0,0.0,12,2.8388583472601767e-05,
5,random_matched,919.0,10217,14,0.13702652442008417,0.002949833200436933,0.19040365575019041,40096,0.3723931929725613,
5,random,920.0,10217,0,0.0,0.0,0.0,17,9.388531644891583e-05,
5,random_matched,920.0,10217,14,0.13702652442008417,0.002949833200436933,0.19040365575019041,40096,0.3723931929725613,
5,random,921.0,10217,0,0.0,0.0,0.0,14,0.000602573752438965,
5,random_matched,921.0,10217,14,0.13702652442008417,0.002949833200436933,0.19040365575019041,40096,0.3723931929725613,
5,random,922.0,10217,0,0.0,0.0,0.0,288,0.00474478026504466,
5,random_matched,922.0,10217,14,0.13702652442008417,0.002949833200436933,0.19040365575019041,40096,0.3723931929725613,
5,random,923.0,10217,0,0.0,0.0,0.0,17,5.7988129610244915e-05,
5,random_matched,923.0,10217,14,0.13702652442008417,0.002949833200436933,0.19040365575019041,40096,0.3723931929725613,
5,random,924.0,10217,0,0.0,0.0,0.0,25,9.386944537860074e-05,
5,random_matched,924.0,10217,14,0.13702652442008417,0.002949833200436933,0.19040365575019041,40096,0.3723931929725613,
5,random,925.0,10217,0,0.0,0.0,0.0,31,0.0006154753454981018,
5,random_matched,925.0,10217,14,0.13702652442008417,0.002949833200436933,0.19040365575019041,40096,0.3723931929725613,
5,random,926.0,10217,0,0.0,0.0,0.0,16,0.0023148733737004437,
5,random_matched,926.0,10217,14,0.13702652442008417,0.002949833200436933,0.19040365575019041,40096,0.3723931929725613,
5,random,927.0,10217,0,0.0,0.0,0.0,29,0.00022352180588960376,
5,random_matched,927.0,10217,14,0.13702652442008417,0.002949833200436933,0.19040365575019041,40096,0.3723931929725613,
5,random,928.0,10217,0,0.0,0.0,0.0,14,0.0007819898539229332,
5,random_matched,928.0,10217,14,0.13702652442008417,0.002949833200436933,0.19040365575019041,40096,0.3723931929725613,
5,random,929.0,10217,0,0.0,0.0,0.0,45,4.644510017007984e-05,
5,random_matched,929.0,10217,14,0.13702652442008417,0.002949833200436933,0.19040365575019041,40096,0.3723931929725613,
5,random,930.0,10217,0,0.0,0.0,0.0,20,8.335168708079049e-05,
5,random_matched,930.0,10217,14,0.13702652442008417,0.002949833200436933,0.19040365575019041,40096,0.3723931929725613,
5,random,931.0,10217,0,0.0,0.0,0.0,13,3.768109514208705e-05,
5,random_matched,931.0,10217,14,0.13702652442008417,0.002949833200436933,0.19040365575019041,40096,0.3723931929725613,
5,random,932.0,10217,0,0.0,0.0,0.0,40,0.00027840714125324857,
5,random_matched,932.0,10217,14,0.13702652442008417,0.002949833200436933,0.19040365575019041,40096,0.3723931929725613,
5,random,933.0,10217,0,0.0,0.0,0.0,22,4.627210550364536e-05,
5,random_matched,933.0,10217,14,0.13702652442008417,0.002949833200436933,0.19040365575019041,40096,0.3723931929725613,
5,random,934.0,10217,0,0.0,0.0,0.0,15,2.3005116421723184e-05,
5,random_matched,934.0,10217,14,0.13702652442008417,0.002949833200436933,0.19040365575019041,40096,0.3723931929725613,
5,random,935.0,10217,0,0.0,0.0,0.0,15,1.8005729272469786e-05,
5,random_matched,935.0,10217,14,0.13702652442008417,0.002949833200436933,0.19040365575019041,40096,0.3723931929725613,
5,random,936.0,10217,0,0.0,0.0,0.0,62,0.0003672692639474383,
5,random_matched,936.0,10217,14,0.13702652442008417,0.002949833200436933,0.19040365575019041,40096,0.3723931929725613,
5,random,937.0,10217,0,0.0,0.0,0.0,16,0.00020620011974771435,
5,random_matched,937.0,10217,14,0.13702652442008417,0.002949833200436933,0.19040365575019041,40096,0.3723931929725613,
5,random,938.0,10217,0,0.0,0.0,0.0,22,0.0004020983277539037,
5,random_matched,938.0,10217,14,0.13702652442008417,0.002949833200436933,0.19040365575019041,40096,0.3723931929725613,
5,random,939.0,10217,0,0.0,0.0,0.0,304,0.02262249665856699,
5,random_matched,939.0,10217,14,0.13702652442008417,0.002949833200436933,0.19040365575019041,40096,0.3723931929725613,
5,random,940.0,10217,0,0.0,0.0,0.0,15,0.0004893098591353241,
5,random_matched,940.0,10217,14,0.13702652442008417,0.002949833200436933,0.19040365575019041,40096,0.3723931929725613,
5,random,941.0,10217,0,0.0,0.0,0.0,28,6.176544434523638e-05,
5,random_matched,941.0,10217,14,0.13702652442008417,0.002949833200436933,0.19040365575019041,40096,0.3723931929725613,
5,random,942.0,10217,1,0.00978760888714887,2.6402522315185898e-08,0.01904036557501904,215,0.009944807898114399,
5,random_matched,942.0,10217,14,0.13702652442008417,0.002949833200436933,0.19040365575019041,40096,0.3723931929725613,
5,random,943.0,10217,0,0.0,0.0,0.0,645,0.002285743611244127,
5,random_matched,943.0,10217,14,0.13702652442008417,0.002949833200436933,0.19040365575019041,40096,0.3723931929725613,
5,random,944.0,10217,0,0.0,0.0,0.0,15,3.367999831565282e-05,
5,random_matched,944.0,10217,14,0.13702652442008417,0.002949833200436933,0.19040365575019041,40096,0.3723931929725613,
5,random,945.0,10217,0,0.0,0.0,0.0,13,0.0003058307636506928,
5,random_matched,945.0,10217,14,0.13702652442008417,0.002949833200436933,0.19040365575019041,40096,0.3723931929725613,
5,random,946.0,10217,2,0.01957521777429774,1.9621242899496045e-07,0.03808073115003808,571,0.004708121266830866,
5,random_matched,946.0,10217,14,0.13702652442008417,0.002949833200436933,0.19040365575019041,40096,0.3723931929725613,
5,random,947.0,10217,0,0.0,0.0,0.0,45,0.00010374442532864984,
5,random_matched,947.0,10217,14,0.13702652442008417,0.002949833200436933,0.19040365575019041,40096,0.3723931929725613,
5,random,948.0,10217,0,0.0,0.0,0.0,14,7.58002318248706e-06,
5,random_matched,948.0,10217,14,0.13702652442008417,0.002949833200436933,0.19040365575019041,40096,0.3723931929725613,
5,random,949.0,10217,0,0.0,0.0,0.0,16,3.192624504583536e-05,
5,random_matched,949.0,10217,14,0.13702652442008417,0.002949833200436933,0.19040365575019041,40096,0.3723931929725613,
5,random,950.0,10217,0,0.0,0.0,0.0,136,8.923667995362593e-05,
5,random_matched,950.0,10217,14,0.13702652442008417,0.002949833200436933,0.19040365575019041,40096,0.3723931929725613,
5,random,951.0,10217,0,0.0,0.0,0.0,21,3.3451454903115525e-05,
5,random_matched,951.0,10217,14,0.13702652442008417,0.002949833200436933,0.19040365575019041,40096,0.3723931929725613,
5,random,952.0,10217,0,0.0,0.0,0.0,952,0.0023862471640144355,
5,random_matched,952.0,10217,14,0.13702652442008417,0.002949833200436933,0.19040365575019041,40096,0.3723931929725613,
5,random,953.0,10217,0,0.0,0.0,0.0,24,7.403219459176955e-05,
5,random_matched,953.0,10217,14,0.13702652442008417,0.002949833200436933,0.19040365575019041,40096,0.3723931929725613,
5,random,954.0,10217,0,0.0,0.0,0.0,16,2.2748005082618723e-05,
5,random_matched,954.0,10217,14,0.13702652442008417,0.002949833200436933,0.19040365575019041,40096,0.3723931929725613,
5,random,955.0,10217,0,0.0,0.0,0.0,14,6.626489277956443e-05,
5,random_matched,955.0,10217,14,0.13702652442008417,0.002949833200436933,0.19040365575019041,40096,0.3723931929725613,
5,random,956.0,10217,0,0.0,0.0,0.0,13,0.00012348327547952748,
5,random_matched,956.0,10217,14,0.13702652442008417,0.002949833200436933,0.19040365575019041,40096,0.3723931929725613,
5,random,957.0,10217,0,0.0,0.0,0.0,16,4.93955321416551e-05,
5,random_matched,957.0,10217,14,0.13702652442008417,0.002949833200436933,0.19040365575019041,40096,0.3723931929725613,
5,random,958.0,10217,0,0.0,0.0,0.0,1291,0.019184732363217667,
5,random_matched,958.0,10217,14,0.13702652442008417,0.002949833200436933,0.19040365575019041,40096,0.3723931929725613,
5,random,959.0,10217,0,0.0,0.0,0.0,32,0.00038679226754203074,
5,random_matched,959.0,10217,14,0.13702652442008417,0.002949833200436933,0.19040365575019041,40096,0.3723931929725613,
5,random,960.0,10217,0,0.0,0.0,0.0,11,6.770122464308009e-05,
5,random_matched,960.0,10217,14,0.13702652442008417,0.002949833200436933,0.19040365575019041,40096,0.3723931929725613,
5,random,961.0,10217,0,0.0,0.0,0.0,17,2.401610360079443e-05,
5,random_matched,961.0,10217,14,0.13702652442008417,0.002949833200436933,0.19040365575019041,40096,0.3723931929725613,
5,random,962.0,10217,0,0.0,0.0,0.0,12,1.9438886921922426e-05,
5,random_matched,962.0,10217,14,0.13702652442008417,0.002949833200436933,0.19040365575019041,40096,0.3723931929725613,
5,random,963.0,10217,0,0.0,0.0,0.0,158,0.0006921405506551448,
5,random_matched,963.0,10217,14,0.13702652442008417,0.002949833200436933,0.19040365575019041,40096,0.3723931929725613,
5,random,964.0,10217,0,0.0,0.0,0.0,83,0.00041923908369420105,
5,random_matched,964.0,10217,14,0.13702652442008417,0.002949833200436933,0.19040365575019041,40096,0.3723931929725613,
5,random,965.0,10217,0,0.0,0.0,0.0,11,6.163688867568414e-05,
5,random_matched,965.0,10217,14,0.13702652442008417,0.002949833200436933,0.19040365575019041,40096,0.3723931929725613,
5,random,966.0,10217,0,0.0,0.0,0.0,50,0.0001881134480166376,
5,random_matched,966.0,10217,14,0.13702652442008417,0.002949833200436933,0.19040365575019041,40096,0.3723931929725613,
5,random,967.0,10217,0,0.0,0.0,0.0,13,1.198424519492458e-05,
5,random_matched,967.0,10217,14,0.13702652442008417,0.002949833200436933,0.19040365575019041,40096,0.3723931929725613,
5,random,968.0,10217,0,0.0,0.0,0.0,12,0.00016619867412556112,
5,random_matched,968.0,10217,14,0.13702652442008417,0.002949833200436933,0.19040365575019041,40096,0.3723931929725613,
5,random,969.0,10217,0,0.0,0.0,0.0,14,4.7967135813296986e-05,
5,random_matched,969.0,10217,14,0.13702652442008417,0.002949833200436933,0.19040365575019041,40096,0.3723931929725613,
5,random,970.0,10217,0,0.0,0.0,0.0,10,8.179949640397468e-05,
5,random_matched,970.0,10217,14,0.13702652442008417,0.002949833200436933,0.19040365575019041,40096,0.3723931929725613,
5,random,971.0,10217,0,0.0,0.0,0.0,33,6.255582364692786e-05,
5,random_matched,971.0,10217,14,0.13702652442008417,0.002949833200436933,0.19040365575019041,40096,0.3723931929725613,
5,random,972.0,10217,0,0.0,0.0,0.0,149,0.0002158322723219426,
5,random_matched,972.0,10217,14,0.13702652442008417,0.002949833200436933,0.19040365575019041,40096,0.3723931929725613,
5,random,973.0,10217,0,0.0,0.0,0.0,16,0.00034690191941208313,
5,random_matched,973.0,10217,14,0.13702652442008417,0.002949833200436933,0.19040365575019041,40096,0.3723931929725613,
5,random,974.0,10217,0,0.0,0.0,0.0,65,0.004300829924869864,
5,random_matched,974.0,10217,14,0.13702652442008417,0.002949833200436933,0.19040365575019041,40096,0.3723931929725613,
5,random,975.0,10217,0,0.0,0.0,0.0,30,0.00014374269673674006,
5,random_matched,975.0,10217,14,0.13702652442008417,0.002949833200436933,0.19040365575019041,40096,0.3723931929725613,
5,random,976.0,10217,0,0.0,0.0,0.0,18,4.762273358745953e-05,
5,random_matched,976.0,10217,14,0.13702652442008417,0.002949833200436933,0.19040365575019041,40096,0.3723931929725613,
5,random,977.0,10217,0,0.0,0.0,0.0,28,0.0004009318040857446,
5,random_matched,977.0,10217,14,0.13702652442008417,0.002949833200436933,0.19040365575019041,40096,0.3723931929725613,
5,random,978.0,10217,0,0.0,0.0,0.0,33,0.0001549444981651307,
5,random_matched,978.0,10217,14,0.13702652442008417,0.002949833200436933,0.19040365575019041,40096,0.3723931929725613,
5,random,979.0,10217,0,0.0,0.0,0.0,32,0.00022158236109709974,
5,random_matched,979.0,10217,14,0.13702652442008417,0.002949833200436933,0.19040365575019041,40096,0.3723931929725613,
5,random,980.0,10217,0,0.0,0.0,0.0,41,0.011325721158303827,
5,random_matched,980.0,10217,14,0.13702652442008417,0.002949833200436933,0.19040365575019041,40096,0.3723931929725613,
5,random,981.0,10217,0,0.0,0.0,0.0,35,0.00013573098044168254,
5,random_matched,981.0,10217,14,0.13702652442008417,0.002949833200436933,0.19040365575019041,40096,0.3723931929725613,
5,random,982.0,10217,1,0.00978760888714887,1.99825405732828e-07,0.01904036557501904,351,0.02979244312625275,
5,random_matched,982.0,10217,14,0.13702652442008417,0.002949833200436933,0.19040365575019041,40096,0.3723931929725613,
5,random,983.0,10217,0,0.0,0.0,0.0,40,0.0016391085933964088,
5,random_matched,983.0,10217,14,0.13702652442008417,0.002949833200436933,0.19040365575019041,40096,0.3723931929725613,
5,random,984.0,10217,0,0.0,0.0,0.0,17,4.761162383823897e-05,
5,random_matched,984.0,10217,14,0.13702652442008417,0.002949833200436933,0.19040365575019041,40096,0.3723931929725613,
5,random,985.0,10217,0,0.0,0.0,0.0,41,9.14856106172742e-05,
5,random_matched,985.0,10217,14,0.13702652442008417,0.002949833200436933,0.19040365575019041,40096,0.3723931929725613,
5,random,986.0,10217,0,0.0,0.0,0.0,55,0.00019382068490194404,
5,random_matched,986.0,10217,14,0.13702652442008417,0.002949833200436933,0.19040365575019041,40096,0.3723931929725613,
5,random,987.0,10217,0,0.0,0.0,0.0,24,0.00039680691291085263,
5,random_matched,987.0,10217,14,0.13702652442008417,0.002949833200436933,0.19040365575019041,40096,0.3723931929725613,
5,random,988.0,10217,0,0.0,0.0,0.0,463,0.0016227518683296768,
5,random_matched,988.0,10217,14,0.13702652442008417,0.002949833200436933,0.19040365575019041,40096,0.3723931929725613,
5,random,989.0,10217,0,0.0,0.0,0.0,21,4.5713443828554184e-05,
5,random_matched,989.0,10217,14,0.13702652442008417,0.002949833200436933,0.19040365575019041,40096,0.3723931929725613,
5,random,990.0,10217,0,0.0,0.0,0.0,338,0.0011522968407286797,
5,random_matched,990.0,10217,14,0.13702652442008417,0.002949833200436933,0.19040365575019041,40096,0.3723931929725613,
5,random,991.0,10217,5,0.04893804443574435,0.0008010733711393047,0.09520182787509521,342,0.0028559721223809383,
5,random_matched,991.0,10217,14,0.13702652442008417,0.002949833200436933,0.19040365575019041,40096,0.3723931929725613,
5,random,992.0,10217,0,0.0,0.0,0.0,15,0.0007372429582765681,
5,random_matched,992.0,10217,14,0.13702652442008417,0.002949833200436933,0.19040365575019041,40096,0.3723931929725613,
5,random,993.0,10217,0,0.0,0.0,0.0,421,0.04480922610081365,
5,random_matched,993.0,10217,14,0.13702652442008417,0.002949833200436933,0.19040365575019041,40096,0.3723931929725613,
5,random,994.0,10217,0,0.0,0.0,0.0,60,0.0002865855037866145,
5,random_matched,994.0,10217,14,0.13702652442008417,0.002949833200436933,0.19040365575019041,40096,0.3723931929725613,
5,random,995.0,10217,0,0.0,0.0,0.0,10,5.1823805899863894e-05,
5,random_matched,995.0,10217,14,0.13702652442008417,0.002949833200436933,0.19040365575019041,40096,0.3723931929725613,
5,random,996.0,10217,0,0.0,0.0,0.0,19,4.3172485471108246e-05,
5,random_matched,996.0,10217,14,0.13702652442008417,0.002949833200436933,0.19040365575019041,40096,0.3723931929725613,
5,random,997.0,10217,0,0.0,0.0,0.0,670,0.055738210178916,
5,random_matched,997.0,10217,14,0.13702652442008417,0.002949833200436933,0.19040365575019041,40096,0.3723931929725613,
5,random,998.0,10217,0,0.0,0.0,0.0,20,1.548222909237045e-05,
5,random_matched,998.0,10217,14,0.13702652442008417,0.002949833200436933,0.19040365575019041,40096,0.3723931929725613,
5,random,999.0,10217,0,0.0,0.0,0.0,25,8.372783144725814e-05,
5,random_matched,999.0,10217,14,0.13702652442008417,0.002949833200436933,0.19040365575019041,40096,0.3723931929725613,
10,descendants,,10217,20,0.1957521777429774,0.0029515218501799546,0.26656511805026656,169317,0.8132785850550309,
10,descendant_authors,,10217,65,0.6361945776646766,0.0030217019778640193,1.1043412033511044,87749,1.0523093167643822,
10,downloads,,10217,54,0.528530879906039,0.00027295066530082945,0.03808073115003808,3729,23.542076645979385,
10,outdegree,,10217,3,0.029362826661446607,0.0002056812072610487,0.03808073115003808,136137,0.27423772379058764,
10,random,0.0,10217,0,0.0,0.0,0.0,32,0.00010514742794450381,
10,random_matched,0.0,10217,7,0.06851326221004209,0.00020568176310362376,0.07616146230007616,30285,0.6135401192360875,
10,random,1.0,10217,0,0.0,0.0,0.0,51,0.08095646006519178,
10,random_matched,1.0,10217,49,0.47959283547029463,0.0002743600041498853,0.8568164508758568,32214,0.49231606046087956,
10,random,2.0,10217,0,0.0,0.0,0.0,25,0.00018512809969036917,
10,random_matched,2.0,10217,47,0.46001761769599686,6.882970814796446e-05,0.8758568164508759,36341,0.3776972570586535,
10,random,3.0,10217,0,0.0,0.0,0.0,60,0.0008730120292870068,
10,random_matched,3.0,10217,48,0.4698052265831457,6.889279628023338e-05,0.8568164508758568,35783,0.39542145893744607,
10,random,4.0,10217,0,0.0,0.0,0.0,107,0.0004961947294380103,
10,random_matched,4.0,10217,37,0.3621415288245082,0.0002707817675729588,0.6664127951256664,31467,0.3883101576616816,
10,random,5.0,10217,0,0.0,0.0,0.0,40,0.0022392651818263854,
10,random_matched,5.0,10217,4,0.03915043554859548,7.420498377004878e-08,0.01904036557501904,36039,0.3703292523302916,
10,random,6.0,10217,0,0.0,0.0,0.0,29,0.00012779861949820047,
10,random_matched,6.0,10217,47,0.46001761769599686,0.00027432248477606897,0.8758568164508759,22859,0.31275765261203814,
10,random,7.0,10217,0,0.0,0.0,0.0,46,0.00014182547144267715,
10,random_matched,7.0,10217,36,0.3523539199373593,6.531455970330687e-05,0.6664127951256664,32797,0.424027345930588,
10,random,8.0,10217,0,0.0,0.0,0.0,91,0.00032651711669938135,
10,random_matched,8.0,10217,36,0.3523539199373593,6.531455970330687e-05,0.6664127951256664,34643,0.36065492079959405,
10,random,9.0,10217,0,0.0,0.0,0.0,39,0.00018371557443232613,
10,random_matched,9.0,10217,48,0.4698052265831457,0.0002743330457849951,0.8758568164508759,24397,0.3518784649169391,
10,random,10.0,10217,0,0.0,0.0,0.0,53,0.00014363001213750292,
10,random_matched,10.0,10217,5,0.04893804443574435,0.00020564507749367002,0.03808073115003808,30402,0.43008980435036565,
10,random,11.0,10217,0,0.0,0.0,0.0,369,0.0007735480316223368,
10,random_matched,11.0,10217,3,0.029362826661446607,7.392706248252051e-08,0.0,34138,0.4931210824120438,
10,random,12.0,10217,0,0.0,0.0,0.0,146,0.004021391164046134,
10,random_matched,12.0,10217,39,0.3817167465988059,0.00027088126339389393,0.6664127951256664,31997,0.5761289005349594,
10,random,13.0,10217,0,0.0,0.0,0.0,33,0.00045111612842205966,
10,random_matched,13.0,10217,38,0.37192913771165703,6.540377243660345e-05,0.6854531607006854,26017,0.5167598973422008,
10,random,14.0,10217,0,0.0,0.0,0.0,77,0.00119801663298536,
10,random_matched,14.0,10217,48,0.4698052265831457,0.0002743494431409592,0.8568164508758568,24263,0.4472465202389719,
10,random,15.0,10217,0,0.0,0.0,0.0,333,0.004247980847827645,
10,random_matched,15.0,10217,46,0.450230008808848,0.00027423493957049757,0.8187357197258187,27258,0.3591288047041989,
10,random,16.0,10217,0,0.0,0.0,0.0,1931,0.00994489201478707,
10,random_matched,16.0,10217,46,0.450230008808848,0.0002742860770874028,0.8568164508758568,30593,0.4854876975169433,
10,random,17.0,10217,0,0.0,0.0,0.0,31,0.001022120734897279,
10,random_matched,17.0,10217,5,0.04893804443574435,0.0002056183970500673,0.07616146230007616,31967,0.44751722832401525,
10,random,18.0,10217,0,0.0,0.0,0.0,42,0.0003458909322330119,
10,random_matched,18.0,10217,48,0.4698052265831457,6.888251319259483e-05,0.8758568164508759,32647,0.4388957851851278,
10,random,19.0,10217,0,0.0,0.0,0.0,44,0.0017356031138051253,
10,random_matched,19.0,10217,46,0.450230008808848,6.885527690641707e-05,0.8758568164508759,22929,0.4212500197229394,
10,random,20.0,10217,0,0.0,0.0,0.0,898,0.001030586363803348,
10,random_matched,20.0,10217,48,0.4698052265831457,6.886611583663067e-05,0.8948971820258949,26368,0.3375790019460882,
10,random,21.0,10217,0,0.0,0.0,0.0,26,0.0001492991584540531,
10,random_matched,21.0,10217,45,0.44044239992169915,6.881886921775087e-05,0.8568164508758568,26489,0.4554195469184979,
10,random,22.0,10217,0,0.0,0.0,0.0,37,0.0003985114658626933,
10,random_matched,22.0,10217,48,0.4698052265831457,0.0002743330457849951,0.8758568164508759,34984,0.4963877105432925,
10,random,23.0,10217,0,0.0,0.0,0.0,425,0.0324849098951406,
10,random_matched,23.0,10217,35,0.34256631105021046,6.526314426511414e-05,0.6092916984006093,28428,0.41692446901894675,
10,random,24.0,10217,0,0.0,0.0,0.0,258,0.001039924901576747,
10,random_matched,24.0,10217,49,0.47959283547029463,6.891892088126104e-05,0.8948971820258949,27715,0.5338022336012602,
10,random,25.0,10217,0,0.0,0.0,0.0,36,0.012446437743319539,
10,random_matched,25.0,10217,45,0.44044239992169915,0.00027417185143822865,0.8377760853008378,26362,0.3355376632950543,
10,random,26.0,10217,0,0.0,0.0,0.0,933,0.0034656338948226228,
10,random_matched,26.0,10217,47,0.46001761769599686,6.885555482770459e-05,0.8948971820258949,35305,0.4992682320372368,
10,random,27.0,10217,0,0.0,0.0,0.0,52,0.0022880433293327837,
10,random_matched,27.0,10217,6,0.058725653322893215,2.1455523397182645e-07,0.07616146230007616,32987,0.520181331893303,
10,random,28.0,10217,0,0.0,0.0,0.0,41,0.0005057983140856713,
10,random_matched,28.0,10217,48,0.4698052265831457,6.888251319259483e-05,0.8758568164508759,27494,0.36017187842612614,
10,random,29.0,10217,0,0.0,0.0,0.0,388,0.006735402910886717,
10,random_matched,29.0,10217,46,0.450230008808848,6.876800962213318e-05,0.8377760853008378,33403,0.4833898594426947,
10,random,30.0,10217,0,0.0,0.0,0.0,1102,0.0012873818686085382,
10,random_matched,30.0,10217,46,0.450230008808848,6.881914713903839e-05,0.8758568164508759,28390,0.3326277168367458,
10,random,31.0,10217,0,0.0,0.0,0.0,69,0.0004584644339779464,
10,random_matched,31.0,10217,37,0.3621415288245082,0.0002707817675729588,0.6664127951256664,32727,0.31553497881968673,
10,random,32.0,10217,0,0.0,0.0,0.0,185,0.0038851348511770227,
10,random_matched,32.0,10217,5,0.04893804443574435,1.6175018934145465e-07,0.07616146230007616,23967,0.390784551163119,
10,random,33.0,10217,0,0.0,0.0,0.0,57,0.00016051524384572735,
10,random_matched,33.0,10217,5,0.04893804443574435,0.00020554141285342197,0.01904036557501904,32862,0.39798448919237916,
10,random,34.0,10217,0,0.0,0.0,0.0,34,0.00023383482738034933,
10,random_matched,34.0,10217,37,0.3621415288245082,6.540349451531591e-05,0.6664127951256664,27222,0.5034041234509642,
10,random,35.0,10217,0,0.0,0.0,0.0,31,0.0020608505448792996,
10,random_matched,35.0,10217,46,0.450230008808848,6.877829270977173e-05,0.8187357197258187,31105,0.37413019432766115,
10,random,36.0,10217,0,0.0,0.0,0.0,117,0.0018863021006609694,
10,random_matched,36.0,10217,6,0.058725653322893215,0.00020562895805899338,0.07616146230007616,30310,0.2882409119692245,
10,random,37.0,10217,1,0.00978760888714887,1.0005166351017813e-08,0.0,546,0.007487842418989985,
10,random_matched,37.0,10217,45,0.44044239992169915,6.876773170084565e-05,0.8187357197258187,27328,0.46762117181510016,
10,random,38.0,10217,0,0.0,0.0,0.0,61,0.0006888806328124253,
10,random_matched,38.0,10217,45,0.44044239992169915,0.0002741821345258672,0.8187357197258187,25043,0.16644138722967572,
10,random,39.0,10217,0,0.0,0.0,0.0,25,4.6021342592666935e-05,
10,random_matched,39.0,10217,6,0.058725653322893215,2.1455523397182645e-07,0.07616146230007616,26181,0.5834719686376422,
10,random,40.0,10217,0,0.0,0.0,0.0,262,0.007040484560018538,
10,random_matched,40.0,10217,46,0.450230008808848,6.885527690641707e-05,0.8758568164508759,22929,0.4212500197229394,
10,random,41.0,10217,0,0.0,0.0,0.0,25,0.00010382695489428831,
10,random_matched,41.0,10217,44,0.43065479103455023,6.871492665621528e-05,0.8187357197258187,29176,0.46979506881961974,
10,random,42.0,10217,0,0.0,0.0,0.0,33,0.0019186822583178165,
10,random_matched,42.0,10217,47,0.46001761769599686,6.886583791534313e-05,0.8758568164508759,32140,0.3935443811028522,
10,random,43.0,10217,0,0.0,0.0,0.0,380,0.0007786585162637958,
10,random_matched,43.0,10217,47,0.46001761769599686,6.882970814796446e-05,0.8758568164508759,36734,0.30845789239730753,
10,random,44.0,10217,0,0.0,0.0,0.0,32,0.00025184214375985065,
10,random_matched,44.0,10217,48,0.4698052265831457,6.89186429599735e-05,0.8758568164508759,27941,0.5802830706603685,
10,random,45.0,10217,0,0.0,0.0,0.0,138,0.00030271685965487216,
10,random_matched,45.0,10217,47,0.46001761769599686,6.886583791534313e-05,0.8758568164508759,26706,0.32775904223550045,
10,random,46.0,10217,0,0.0,0.0,0.0,232,0.000998371265277778,
10,random_matched,46.0,10217,46,0.450230008808848,6.882943022667693e-05,0.8568164508758568,28027,0.49454035922339884,
10,random,47.0,10217,0,0.0,0.0,0.0,24,0.0014117285303132067,
10,random_matched,47.0,10217,37,0.3621415288245082,6.536736474793724e-05,0.6664127951256664,24536,0.41590472100906156,
10,random,48.0,10217,0,0.0,0.0,0.0,35,0.0010924708411759474,
10,random_matched,48.0,10217,37,0.3621415288245082,0.0002708076142526989,0.6854531607006854,30431,0.5098811326402649,
10,random,49.0,10217,0,0.0,0.0,0.0,519,0.006599091049271503,
10,random_matched,49.0,10217,6,0.058725653322893215,0.00020564535541495754,0.05712109672505712,30176,0.3836089672912573,
10,random,50.0,10217,0,0.0,0.0,0.0,75,0.0016852521432305018,
10,random_matched,50.0,10217,5,0.04893804443574435,1.6175018934145465e-07,0.07616146230007616,29401,0.45656989003047077,
10,random,51.0,10217,0,0.0,0.0,0.0,39,0.00018798171813302236,
10,random_matched,51.0,10217,37,0.3621415288245082,0.00027081789734033747,0.6664127951256664,29112,0.3407848565748864,
10,random,52.0,10217,0,0.0,0.0,0.0,97,0.0003205067423710567,
10,random_matched,52.0,10217,8,0.07830087109719096,0.00020569232411254984,0.07616146230007616,29021,0.3850244382199508,
10,random,53.0,10217,0,0.0,0.0,0.0,34,4.082832838556943e-05,
10,random_matched,53.0,10217,45,0.44044239992169915,6.871520457750281e-05,0.8377760853008378,32448,0.21792726312617666,
10,random,54.0,10217,0,0.0,0.0,0.0,72,0.000496069347982521,
10,random_matched,54.0,10217,50,0.4893804443574435,0.000274386128750913,0.8948971820258949,32686,0.5603345700190567,
10,random,55.0,10217,0,0.0,0.0,0.0,489,0.0006126471207679527,
10,random_matched,55.0,10217,46,0.450230008808848,0.00027418241244715476,0.8377760853008378,34313,0.380607203516962,
10,random,56.0,10217,0,0.0,0.0,0.0,85,0.006560963977053562,
10,random_matched,56.0,10217,3,0.029362826661446607,0.0002055817114401136,0.03808073115003808,23039,0.45996933997497247,
10,random,57.0,10217,0,0.0,0.0,0.0,44,0.0003144487548317868,
10,random_matched,57.0,10217,4,0.03915043554859548,1.6147226805392638e-07,0.05712109672505712,29739,0.446749930319883,
10,random,58.0,10217,0,0.0,0.0,0.0,47,0.00023376499467096294,
10,random_matched,58.0,10217,38,0.37192913771165703,6.540377243660345e-05,0.6854531607006854,26017,0.5167598973422008,
10,random,59.0,10217,0,0.0,0.0,0.0,90,0.00032435547692246606,
10,random_matched,59.0,10217,6,0.058725653322893215,2.2483832161037254e-07,0.05712109672505712,29317,0.5399976423899604,
10,random,60.0,10217,0,0.0,0.0,0.0,273,0.03993787087579208,
10,random_matched,60.0,10217,4,0.03915043554859548,0.00020554113493213445,0.0,31829,0.5172405050934824,
10,random,61.0,10217,0,0.0,0.0,0.0,690,0.004079531655931405,
10,random_matched,61.0,10217,35,0.34256631105021046,6.531428178201934e-05,0.6473724295506473,26329,0.4774980229643394,
10,random,62.0,10217,1,0.00978760888714887,3.9186901541486435e-08,0.0,120,0.000394407207079211,
10,random_matched,62.0,10217,3,0.029362826661446607,0.00020547804679986554,0.01904036557501904,28606,0.2917164208439972,
10,random,63.0,10217,0,0.0,0.0,0.0,26,0.00015991849160187994,
10,random_matched,63.0,10217,6,0.058725653322893215,2.2483832161037254e-07,0.05712109672505712,30689,0.41092166677826947,
10,random,64.0,10217,0,0.0,0.0,0.0,152,0.027685696620236275,
10,random_matched,64.0,10217,47,0.46001761769599686,0.00027432248477606897,0.8758568164508759,26054,0.5111547812717299,
10,random,65.0,10217,0,0.0,0.0,0.0,49,0.0001119751623940556,
10,random_matched,65.0,10217,36,0.3523539199373593,0.0002707200690471275,0.6283320639756284,25222,0.3519064281557272,
10,random,66.0,10217,0,0.0,0.0,0.0,33,0.00019976757494900832,
10,random_matched,66.0,10217,36,0.3523539199373593,6.531455970330687e-05,0.6664127951256664,33664,0.42049153174993903,
10,random,67.0,10217,0,0.0,0.0,0.0,1038,0.0015384971173479577,
10,random_matched,67.0,10217,48,0.4698052265831457,0.0002743227626973565,0.8948971820258949,27955,0.3883629511899777,
10,random,68.0,10217,0,0.0,0.0,0.0,34,8.500386550059137e-05,
10,random_matched,68.0,10217,47,0.46001761769599686,0.0002742863550086903,0.8758568164508759,27453,0.22767116390649342,
10,random,69.0,10217,0,0.0,0.0,0.0,25,7.427819618165345e-05,
10,random_matched,69.0,10217,36,0.3523539199373593,0.0002708073363314114,0.6664127951256664,26202,0.43074001988167643,
10,random,70.0,10217,0,0.0,0.0,0.0,36,0.00039680850001788415,
10,random_matched,70.0,10217,37,0.3621415288245082,0.0002708076142526989,0.6854531607006854,31298,0.5063453184596161,
10,random,71.0,10217,0,0.0,0.0,0.0,1883,0.009478795183094595,
10,random_matched,71.0,10217,37,0.3621415288245082,0.0002708076142526989,0.6854531607006854,32277,0.446508707509271,
10,random,72.0,10217,0,0.0,0.0,0.0,39,6.486189016371046e-05,
10,random_matched,72.0,10217,6,0.058725653322893215,0.00020564535541495754,0.05712109672505712,29197,0.44344557824160236,
10,random,73.0,10217,0,0.0,0.0,0.0,161,0.00445653782151715,
10,random_matched,73.0,10217,47,0.46001761769599686,0.0002742863550086903,0.8758568164508759,27453,0.22767116390649342,
10,random,74.0,10217,0,0.0,0.0,0.0,67,0.0058108765615709915,
10,random_matched,74.0,10217,46,0.450230008808848,6.885527690641707e-05,0.8758568164508759,17383,0.4117654776252837,
10,random,75.0,10217,0,0.0,0.0,0.0,31,0.0003674549554701249,
10,random_matched,75.0,10217,45,0.44044239992169915,0.0002741821345258672,0.8187357197258187,34651,0.3707872438063742,
10,random,76.0,10217,0,0.0,0.0,0.0,1130,0.009808423029575734,
10,random_matched,76.0,10217,5,0.04893804443574435,0.0002056183970500673,0.07616146230007616,26533,0.3817318894566635,
10,random,77.0,10217,0,0.0,0.0,0.0,26,8.206613038526818e-05,
10,random_matched,77.0,10217,46,0.450230008808848,6.877829270977173e-05,0.8187357197258187,28866,0.506741984120001,
10,random,78.0,10217,0,0.0,0.0,0.0,203,0.0020027465564557544,
10,random_matched,78.0,10217,35,0.34256631105021046,6.53039986943808e-05,0.6664127951256664,25713,0.37542199152803135,
10,random,79.0,10217,0,0.0,0.0,0.0,69,0.028035721966286366,
10,random_matched,79.0,10217,4,0.03915043554859548,1.6147226805392638e-07,0.05712109672505712,29346,0.515989294981229,
10,random,80.0,10217,0,0.0,0.0,0.0,45,0.011689408321681149,
10,random_matched,80.0,10217,3,0.029362826661446607,0.00020553057392320838,0.0,30291,0.47811969278858146,
10,random,81.0,10217,0,0.0,0.0,0.0,547,0.0006850763372578982,
10,random_matched,81.0,10217,6,0.058725653322893215,0.00020564535541495754,0.05712109672505712,24630,0.3741244251936016,
10,random,82.0,10217,0,0.0,0.0,0.0,47,0.00014916266724934334,
10,random_matched,82.0,10217,46,0.450230008808848,6.885527690641707e-05,0.8758568164508759,29230,0.48349954440964227,
10,random,83.0,10217,0,0.0,0.0,0.0,362,0.0018299106007244226,
10,random_matched,83.0,10217,48,0.4698052265831457,6.89186429599735e-05,0.8758568164508759,33094,0.6590069774193702,
10,random,84.0,10217,0,0.0,0.0,0.0,70,0.00023839776009593777,
10,random_matched,84.0,10217,36,0.3523539199373593,0.0002708073363314114,0.6664127951256664,26202,0.43074001988167643,
10,random,85.0,10217,0,0.0,0.0,0.0,27,0.0010991224067450017,
10,random_matched,85.0,10217,45,0.44044239992169915,0.0002741821345258672,0.8187357197258187,29217,0.3050019049390224,
10,random,86.0,10217,0,0.0,0.0,0.0,70,0.00022790539551063166,
10,random_matched,86.0,10217,47,0.46001761769599686,6.885555482770459e-05,0.8948971820258949,34438,0.5028040462178858,
10,random,87.0,10217,1,0.00978760888714887,6.784058628565134e-07,0.01904036557501904,269,0.0006562274927461588,
10,random_matched,87.0,10217,47,0.46001761769599686,0.00027432248477606897,0.8758568164508759,26054,0.5111547812717299,
10,random,88.0,10217,0,0.0,0.0,0.0,26,5.4098130276016316e-05,
10,random_matched,88.0,10217,5,0.04893804443574435,0.00020554141285342197,0.01904036557501904,33730,0.39444867501173025,
10,random,89.0,10217,0,0.0,0.0,0.0,647,0.02251889507287118,
10,random_matched,89.0,10217,49,0.47959283547029463,6.891892088126104e-05,0.8948971820258949,28582,0.5302664194206114,
10,random,90.0,10217,0,0.0,0.0,0.0,109,0.011117914886240225,
10,random_matched,90.0,10217,45,0.44044239992169915,0.0002741821345258672,0.8187357197258187,29217,0.3050019049390224,
10,random,91.0,10217,0,0.0,0.0,0.0,30,6.994698109266534e-05,
10,random_matched,91.0,10217,47,0.46001761769599686,6.885555482770459e-05,0.8948971820258949,34045,0.5720434108792317,
10,random,92.0,10217,0,0.0,0.0,0.0,159,0.011820673182936165,
10,random_matched,92.0,10217,45,0.44044239992169915,0.00027417185143822865,0.8377760853008378,28601,0.20292587350271438,
10,random,93.0,10217,0,0.0,0.0,0.0,77,6.739173877193583e-05,
10,random_matched,93.0,10217,48,0.4698052265831457,0.0002743494431409592,0.8568164508758568,20089,0.3086860025296252,
10,random,94.0,10217,0,0.0,0.0,0.0,34,0.009710557248691794,
10,random_matched,94.0,10217,6,0.058725653322893215,2.2483832161037254e-07,0.05712109672505712,23883,0.4742123035226086,
10,random,95.0,10217,0,0.0,0.0,0.0,952,0.01905966991624179,
10,random_matched,95.0,10217,5,0.04893804443574435,0.00020554141285342197,0.01904036557501904,28688,0.25942397148303253,
10,random,96.0,10217,0,0.0,0.0,0.0,462,0.0005558651925016547,
10,random_matched,96.0,10217,34,0.33277870216306155,6.520005613284522e-05,0.6283320639756284,29379,0.3299609024788082,
10,random,97.0,10217,0,0.0,0.0,0.0,70,0.00041024336103960795,
10,random_matched,97.0,10217,47,0.46001761769599686,0.0002742863550086903,0.8758568164508759,27453,0.22767116390649342,
10,random,98.0,10217,1,0.00978760888714887,9.699452934736714e-08,0.0,27,7.967753430284713e-05,
10,random_matched,98.0,10217,7,0.06851326221004209,0.00020568176310362376,0.07616146230007616,31657,0.48446414362439655,
10,random,99.0,10217,0,0.0,0.0,0.0,236,0.0002271213646370662,
10,random_matched,99.0,10217,35,0.34256631105021046,6.53039986943808e-05,0.6664127951256664,25713,0.37542199152803135,
10,random,100.0,10217,0,0.0,0.0,0.0,74,0.0006134105192501086,
10,random_matched,100.0,10217,6,0.058725653322893215,2.1455523397182645e-07,0.07616146230007616,26574,0.5142326039762962,
10,random,101.0,10217,0,0.0,0.0,0.0,77,0.0009022608247706864,
10,random_matched,101.0,10217,33,0.3229910932759127,6.518949512391915e-05,0.6283320639756284,32015,0.42940060788325396,
10,random,102.0,10217,0,0.0,0.0,0.0,769,0.005053101199627791,
10,random_matched,102.0,10217,37,0.3621415288245082,0.0002708076142526989,0.6854531607006854,32670,0.377269342847925,
10,random,103.0,10217,1,0.00978760888714887,1.003295847977064e-07,0.01904036557501904,34,0.00021764633565895738,
10,random_matched,103.0,10217,5,0.04893804443574435,0.00020562868013770586,0.05712109672505712,24235,0.27247222434163,
10,random,104.0,10217,0,0.0,0.0,0.0,95,0.0896138892689117,
10,random_matched,104.0,10217,46,0.450230008808848,0.00027418241244715476,0.8377760853008378,30139,0.2420466858076153,
10,random,105.0,10217,0,0.0,0.0,0.0,38,0.0002880250098641932,
10,random_matched,105.0,10217,36,0.3523539199373593,6.531455970330687e-05,0.6664127951256664,28623,0.2854668282212413,
10,random,106.0,10217,0,0.0,0.0,0.0,581,0.01467677703520072,
10,random_matched,106.0,10217,5,0.04893804443574435,0.00020554141285342197,0.01904036557501904,28296,0.3286633361443785,
10,random,107.0,10217,0,0.0,0.0,0.0,432,0.0009955271694773139,
10,random_matched,107.0,10217,48,0.4698052265831457,6.888251319259483e-05,0.8758568164508759,27494,0.36017187842612614,
10,random,108.0,10217,0,0.0,0.0,0.0,36,0.002915531487952377,
10,random_matched,108.0,10217,6,0.058725653322893215,2.2483832161037254e-07,0.05712109672505712,33491,0.6785581600993071,
10,random,109.0,10217,0,0.0,0.0,0.0,148,0.000360433593962729,
10,random_matched,109.0,10217,7,0.06851326221004209,2.2511624289790082e-07,0.07616146230007616,30351,0.4207416264888572,
10,random,110.0,10217,39,0.3817167465988059,1.045956765612654e-05,0.0,71,0.0020639374680555844,
10,random_matched,110.0,10217,39,0.3817167465988059,6.541433344552952e-05,0.6854531607006854,29794,0.42326891985476184,
10,random,111.0,10217,0,0.0,0.0,0.0,482,0.0007216432832638659,
10,random_matched,111.0,10217,47,0.46001761769599686,0.0002742863550086903,0.8758568164508759,31515,0.4225324783855362,
10,random,112.0,10217,1,0.00978760888714887,6.784058628565134e-07,0.01904036557501904,217,0.0006348475739247009,
10,random_matched,112.0,10217,48,0.4698052265831457,0.0002743494431409592,0.8568164508758568,26502,0.314634730446632,
10,random,113.0,10217,0,0.0,0.0,0.0,234,0.0008877530793956625,
10,random_matched,113.0,10217,5,0.04893804443574435,0.0002056183970500673,0.07616146230007616,20120,0.3757831615396567,
10,random,114.0,10217,0,0.0,0.0,0.0,112,0.0003678437966928446,
10,random_matched,114.0,10217,47,0.46001761769599686,0.0002742352174917851,0.8377760853008378,28291,0.23987278880309568,
10,random,115.0,10217,0,0.0,0.0,0.0,56,0.0008067947497183876,
10,random_matched,115.0,10217,38,0.37192913771165703,6.541405552424199e-05,0.6664127951256664,30132,0.4134489601441741,
10,random,116.0,10217,0,0.0,0.0,0.0,399,0.0008991516820959603,
10,random_matched,116.0,10217,3,0.029362826661446607,0.00020547804679986554,0.01904036557501904,28717,0.23541562407430108,
10,random,117.0,10217,0,0.0,0.0,0.0,423,0.004368602569329362,
10,random_matched,117.0,10217,43,0.4208671821474014,6.870436564728922e-05,0.8187357197258187,27638,0.43067425651471886,
10,random,118.0,10217,0,0.0,0.0,0.0,44,6.94279970933619e-05,
10,random_matched,118.0,10217,46,0.450230008808848,0.0002742860770874028,0.8568164508758568,24180,0.4795389695999365,
10,random,119.0,10217,0,0.0,0.0,0.0,30,0.00013599285310188154,
10,random_matched,119.0,10217,46,0.450230008808848,0.00027423493957049757,0.8187357197258187,32692,0.42491414357155066,
10,random,120.0,10217,0,0.0,0.0,0.0,88,0.008262950576824295,
10,random_matched,120.0,10217,48,0.4698052265831457,0.0002743330457849951,0.8758568164508759,29438,0.4869031684456368,
10,random,121.0,10217,0,0.0,0.0,0.0,29,0.00012405780822493374,
10,random_matched,121.0,10217,35,0.34256631105021046,0.00027071979112584,0.6092916984006093,29734,0.4806469861544861,
10,random,122.0,10217,0,0.0,0.0,0.0,33,0.0003439419647983188,
10,random_matched,122.0,10217,39,0.3817167465988059,0.0002708709803062554,0.6854531607006854,30121,0.5468280479406462,
10,random,123.0,10217,0,0.0,0.0,0.0,29,0.0040056534107216915,
10,random_matched,123.0,10217,39,0.3817167465988059,0.0002708709803062554,0.6854531607006854,25947,0.4082675302312996,
10,random,124.0,10217,0,0.0,0.0,0.0,98,0.0008443710957963951,
10,random_matched,124.0,10217,6,0.058725653322893215,2.1455523397182645e-07,0.07616146230007616,23379,0.3158354753166045,
10,random,125.0,10217,0,0.0,0.0,0.0,77,0.006430846594182326,
10,random_matched,125.0,10217,4,0.03915043554859548,1.2534250067525093e-07,0.05712109672505712,29766,0.2923422885663376,
10,random,126.0,10217,0,0.0,0.0,0.0,81,0.0014264457738163896,
10,random_matched,126.0,10217,5,0.04893804443574435,1.6175018934145465e-07,0.07616146230007616,31247,0.3931974648994769,
10,random,127.0,10217,0,0.0,0.0,0.0,45,0.0015946505512297782,
10,random_matched,127.0,10217,6,0.058725653322893215,0.00020562895805899338,0.07616146230007616,30310,0.2882409119692245,
10,random,128.0,10217,0,0.0,0.0,0.0,106,0.0006199430517917997,
10,random_matched,128.0,10217,47,0.46001761769599686,0.00027432248477606897,0.8758568164508759,26921,0.5076189670910809,
10,random,129.0,10217,1,0.00978760888714887,1.5035541655279548e-07,0.01904036557501904,42,0.0002091648356825732,
10,random_matched,129.0,10217,35,0.34256631105021046,6.531428178201934e-05,0.6473724295506473,33135,0.4142073862200002,
10,random,130.0,10217,0,0.0,0.0,0.0,29,0.00013908929892035563,
10,random_matched,130.0,10217,6,0.058725653322893215,0.00020564535541495754,0.05712109672505712,25023,0.30488506053225567,
10,random,131.0,10217,0,0.0,0.0,0.0,209,0.012314293624769067,
10,random_matched,131.0,10217,45,0.44044239992169915,6.881886921775087e-05,0.8568164508758568,22315,0.3168590292091512,
10,random,132.0,10217,0,0.0,0.0,0.0,30,0.00021625126857826096,
10,random_matched,132.0,10217,36,0.3523539199373593,0.0002708073363314114,0.6664127951256664,26595,0.3615006552203305,
10,random,133.0,10217,0,0.0,0.0,0.0,23,4.307249772812318e-05,
10,random_matched,133.0,10217,36,0.3523539199373593,0.0002708073363314114,0.6664127951256664,23963,0.5633518096740163,
10,random,134.0,10217,0,0.0,0.0,0.0,50,0.000126481320662048,
10,random_matched,134.0,10217,7,0.06851326221004209,0.00020569204619126232,0.05712109672505712,33421,0.5700657929884059,
10,random,135.0,10217,0,0.0,0.0,0.0,35,4.611339480049446e-05,
10,random_matched,135.0,10217,48,0.4698052265831457,6.889279628023338e-05,0.8568164508758568,35390,0.464660823598792,
10,random,136.0,10217,0,0.0,0.0,0.0,34,0.0006609618330211502,
10,random_matched,136.0,10217,47,0.46001761769599686,6.885555482770459e-05,0.8948971820258949,30264,0.3642435285085391,
10,random,137.0,10217,0,0.0,0.0,0.0,490,0.0017458113862317914,
10,random_matched,137.0,10217,46,0.450230008808848,6.882943022667693e-05,0.8568164508758568,23853,0.35597984151405215,
10,random,138.0,10217,0,0.0,0.0,0.0,65,7.877605750895e-05,
10,random_matched,138.0,10217,46,0.450230008808848,6.876800962213318e-05,0.8377760853008378,34663,0.41061468060069983,
10,random,139.0,10217,1,0.00978760888714887,1.4729828238998447e-08,0.01904036557501904,207,0.030913573946203688,
10,random_matched,139.0,10217,47,0.46001761769599686,0.0002742352174917851,0.8377760853008378,32465,0.37843330651244234,
10,random,140.0,10217,0,0.0,0.0,0.0,56,8.944459097475361e-05,
10,random_matched,140.0,10217,7,0.06851326221004209,0.00020568176310362376,0.07616146230007616,26111,0.4749796015267409,
10,random,141.0,10217,0,0.0,0.0,0.0,128,0.0006061161753332931,
10,random_matched,141.0,10217,49,0.47959283547029463,6.892920396889958e-05,0.8758568164508759,34632,0.6981277897242711,
10,random,142.0,10217,0,0.0,0.0,0.0,39,0.002412044001704583,
10,random_matched,142.0,10217,37,0.3621415288245082,0.00027081789734033747,0.6664127951256664,28133,0.4006214675252314,
10,random,143.0,10217,0,0.0,0.0,0.0,52,0.0003617159764441883,
10,random_matched,143.0,10217,47,0.46001761769599686,6.88822352713073e-05,0.8568164508758568,27832,0.3503519187155384,
10,random,144.0,10217,0,0.0,0.0,0.0,318,0.0019446758972798712,
10,random_matched,144.0,10217,48,0.4698052265831457,6.886611583663067e-05,0.8948971820258949,32781,0.343527729863095,
10,random,145.0,10217,0,0.0,0.0,0.0,198,0.032126996627143904,
10,random_matched,145.0,10217,49,0.47959283547029463,0.0002743333237062826,0.8948971820258949,30472,0.3676471525445336,
10,random,146.0,10217,0,0.0,0.0,0.0,32,0.0010280692120513747,
10,random_matched,146.0,10217,37,0.3621415288245082,0.00027083429469630167,0.6473724295506473,28866,0.4924537086666153,
10,random,147.0,10217,0,0.0,0.0,0.0,141,0.00038474807368544714,
10,random_matched,147.0,10217,48,0.4698052265831457,0.0002743330457849951,0.8758568164508759,35851,0.4928518963626436,
10,random,148.0,10217,0,0.0,0.0,0.0,553,0.0009799608237122733,
10,random_matched,148.0,10217,33,0.3229910932759127,6.519977821155769e-05,0.6092916984006093,33891,0.4587014604775671,
10,random,149.0,10217,0,0.0,0.0,0.0,215,0.0009403101287440836,
10,random_matched,149.0,10217,46,0.450230008808848,6.882943022667693e-05,0.8568164508758568,34440,0.5004890871404056,
10,random,150.0,10217,0,0.0,0.0,0.0,99,0.0008556538396833926,
10,random_matched,150.0,10217,49,0.47959283547029463,6.892920396889958e-05,0.8758568164508759,35025,0.6288884250629252,
10,random,151.0,10217,0,0.0,0.0,0.0,694,0.06815152341138092,
10,random_matched,151.0,10217,46,0.450230008808848,0.00027418241244715476,0.8377760853008378,30139,0.2420466858076153,
10,random,152.0,10217,0,0.0,0.0,0.0,98,0.00013394231081717187,
10,random_matched,152.0,10217,45,0.44044239992169915,6.881886921775087e-05,0.8568164508758568,27749,0.38264436807650304,
10,random,153.0,10217,0,0.0,0.0,0.0,45,0.0017957719284766637,
10,random_matched,153.0,10217,6,0.058725653322893215,0.00020564535541495754,0.05712109672505712,30064,0.43990976406095345,
10,random,154.0,10217,0,0.0,0.0,0.0,239,0.0006163625383287153,
10,random_matched,154.0,10217,34,0.33277870216306155,0.0002706567029935711,0.6283320639756284,25532,0.3149595128553459,
10,random,155.0,10217,0,0.0,0.0,0.0,75,0.0005407241914210587,
10,random_matched,155.0,10217,3,0.029362826661446607,1.2506457938772266e-07,0.03808073115003808,29125,0.34235893980609483,
10,random,156.0,10217,0,0.0,0.0,0.0,69,0.012592016722891735,
10,random_matched,156.0,10217,5,0.04893804443574435,0.0002056183970500673,0.07616146230007616,27793,0.3089567106146686,
10,random,157.0,10217,0,0.0,0.0,0.0,55,0.011614363552803276,
10,random_matched,157.0,10217,2,0.01957521777429774,0.00020547776887857802,0.0,27684,0.3546716399754043,
10,random,158.0,10217,0,0.0,0.0,0.0,26,0.006852183833372182,
10,random_matched,158.0,10217,47,0.46001761769599686,6.885555482770459e-05,0.8948971820258949,30264,0.3642435285085391,
10,random,159.0,10217,0,0.0,0.0,0.0,1010,0.003251531569165025,
10,random_matched,159.0,10217,48,0.4698052265831457,0.0002743330457849951,0.8758568164508759,30810,0.3578271928339458,
10,random,160.0,10217,6,0.058725653322893215,4.7524540167334616e-07,0.11424219345011424,53,0.002905391461128066,
10,random_matched,160.0,10217,3,0.029362826661446607,1.2506457938772266e-07,0.03808073115003808,29125,0.34235893980609483,
10,random,161.0,10217,0,0.0,0.0,0.0,62,0.00015109735072075283,
10,random_matched,161.0,10217,3,0.029362826661446607,1.1478149174917659e-07,0.05712109672505712,31423,0.4516186049211284,
10,random,162.0,10217,1,0.00978760888714887,3.362847579092098e-08,0.0,109,0.005881621857500506,
10,random_matched,162.0,10217,5,0.04893804443574435,2.1427731268429817e-07,0.05712109672505712,26519,0.5736520089270544,
10,random,163.0,10217,0,0.0,0.0,0.0,101,0.0006770233561800215,
10,random_matched,163.0,10217,46,0.450230008808848,6.885527690641707e-05,0.8758568164508759,22929,0.4212500197229394,
10,random,164.0,10217,0,0.0,0.0,0.0,65,0.0009216155950199389,
10,random_matched,164.0,10217,45,0.44044239992169915,0.00027417185143822865,0.8377760853008378,32383,0.410725755873407,
10,random,165.0,10217,0,0.0,0.0,0.0,24,6.471587631681163e-05,
10,random_matched,165.0,10217,39,0.3817167465988059,6.541433344552952e-05,0.6854531607006854,34835,0.5582936233834596,
10,random,166.0,10217,0,0.0,0.0,0.0,31,0.000890033752199941,
10,random_matched,166.0,10217,46,0.450230008808848,6.877829270977173e-05,0.8187357197258187,30126,0.4339668052780062,
10,random,167.0,10217,0,0.0,0.0,0.0,38,0.004194466772939225,
10,random_matched,167.0,10217,45,0.44044239992169915,6.871520457750281e-05,0.8377760853008378,30209,0.35053905291851656,
10,random,168.0,10217,0,0.0,0.0,0.0,637,0.0046549579425964075,
10,random_matched,168.0,10217,47,0.46001761769599686,6.882970814796446e-05,0.8758568164508759,29928,0.3717485291416467,
10,random,169.0,10217,0,0.0,0.0,0.0,438,0.0008542159207128456,
10,random_matched,169.0,10217,37,0.3621415288245082,6.537764783557579e-05,0.6473724295506473,34085,0.37837912267838664,
10,random,170.0,10217,0,0.0,0.0,0.0,96,0.003899706080833307,
10,random_matched,170.0,10217,48,0.4698052265831457,6.89186429599735e-05,0.8758568164508759,22507,0.5144977317930168,
10,random,171.0,10217,0,0.0,0.0,0.0,234,0.0003327941250089995,
10,random_matched,171.0,10217,5,0.04893804443574435,1.7814754530562273e-07,0.05712109672505712,30134,0.5484021311718547,
10,random,172.0,10217,0,0.0,0.0,0.0,43,0.0005273623373227843,
10,random_matched,172.0,10217,38,0.37192913771165703,0.00027087070238496783,0.6664127951256664,30347,0.5933088849997545,
10,random,173.0,10217,0,0.0,0.0,0.0,30,0.003009248571055953,
10,random_matched,173.0,10217,48,0.4698052265831457,0.0002743494431409592,0.8568164508758568,24263,0.4472465202389719,
10,random,174.0,10217,0,0.0,0.0,0.0,27,0.00024246392831066385,
10,random_matched,174.0,10217,37,0.3621415288245082,0.00027081789734033747,0.6664127951256664,26873,0.4733966463672263,
10,random,175.0,10217,0,0.0,0.0,0.0,50,0.0036982577595379307,
10,random_matched,175.0,10217,45,0.44044239992169915,6.881886921775087e-05,0.8568164508758568,26882,0.38618018225715195,
10,random,176.0,10217,0,0.0,0.0,0.0,48,0.00018447103737932442,
10,random_matched,176.0,10217,4,0.03915043554859548,1.2534250067525093e-07,0.05712109672505712,35200,0.35812762743368937,
10,random,177.0,10217,0,0.0,0.0,0.0,183,0.0005742867438163798,
10,random_matched,177.0,10217,5,0.04893804443574435,0.0002056183970500673,0.07616146230007616,25161,0.5108078650683544,
10,random,178.0,10217,0,0.0,0.0,0.0,39,0.00034500373940239833,
10,random_matched,178.0,10217,46,0.450230008808848,6.876800962213318e-05,0.8377760853008378,26990,0.4774411315256879,
10,random,179.0,10217,0,0.0,0.0,0.0,131,0.011987798727568128,
10,random_matched,179.0,10217,5,0.04893804443574435,0.00020554141285342197,0.01904036557501904,35101,0.26537269940003927,
10,random,180.0,10217,2,0.01957521777429774,4.02707945628467e-07,0.03808073115003808,1548,0.07071869760277333,
10,random_matched,180.0,10217,49,0.47959283547029463,0.0002743333237062826,0.8948971820258949,35906,0.4334324914118854,
10,random,181.0,10217,10,0.0978760888714887,7.43467236266882e-06,0.03808073115003808,151,0.014395349629266509,
10,random_matched,181.0,10217,40,0.3915043554859548,0.0002708815413151815,0.6854531607006854,33898,0.45333707045320726,
10,random,182.0,10217,0,0.0,0.0,0.0,59,0.04747478346998226,
10,random_matched,182.0,10217,47,0.46001761769599686,0.0002742352174917851,0.8377760853008378,26920,0.36894876441478663,
10,random,183.0,10217,0,0.0,0.0,0.0,78,0.00043800027591366916,
10,random_matched,183.0,10217,6,0.058725653322893215,2.2483832161037254e-07,0.05712109672505712,28450,0.5435334565706094,
10,random,184.0,10217,0,0.0,0.0,0.0,74,0.00016514800927070215,
10,random_matched,184.0,10217,6,0.058725653322893215,0.00020562895805899338,0.07616146230007616,28071,0.4208527017615644,
10,random,185.0,10217,0,0.0,0.0,0.0,90,0.0018519158397162952,
10,random_matched,185.0,10217,5,0.04893804443574435,0.00020559255037032719,0.05712109672505712,28829,0.18738573563608527,
10,random,186.0,10217,0,0.0,0.0,0.0,33,0.00015906780223299112,
10,random_matched,186.0,10217,46,0.450230008808848,6.885527690641707e-05,0.8758568164508759,23796,0.4177142055422905,
10,random,187.0,10217,0,0.0,0.0,0.0,396,0.0006587557542473526,
10,random_matched,187.0,10217,46,0.450230008808848,0.00027418241244715476,0.8377760853008378,28879,0.31482186464961015,
10,random,188.0,10217,0,0.0,0.0,0.0,41,0.00010123362200480257,
10,random_matched,188.0,10217,4,0.03915043554859548,0.00020554113493213445,0.0,34068,0.3846287153011425,
10,random,189.0,10217,0,0.0,0.0,0.0,28,0.00017869872910572613,
10,random_matched,189.0,10217,5,0.04893804443574435,1.6175018934145465e-07,0.07616146230007616,25227,0.31800937232112414,
10,random,190.0,10217,0,0.0,0.0,0.0,55,0.0005763039568534278,
10,random_matched,190.0,10217,46,0.450230008808848,6.876800962213318e-05,0.8377760853008378,33795,0.41415049478134874,
10,random,191.0,10217,0,0.0,0.0,0.0,47,0.0002762391530482072,
10,random_matched,191.0,10217,48,0.4698052265831457,6.889279628023338e-05,0.8568164508758568,33544,0.528033248729786,
10,random,192.0,10217,0,0.0,0.0,0.0,246,0.012383502601092082,
10,random_matched,192.0,10217,3,0.029362826661446607,0.00020547804679986554,0.01904036557501904,27738,0.2952522350246461,
10,random,193.0,10217,0,0.0,0.0,0.0,34,0.00027473933690343123,
10,random_matched,193.0,10217,47,0.46001761769599686,6.88822352713073e-05,0.8568164508758568,26460,0.4794278943272293,
10,random,194.0,10217,0,0.0,0.0,0.0,53,0.0016546701778403547,
10,random_matched,194.0,10217,49,0.47959283547029463,6.889307420152091e-05,0.8758568164508759,36424,0.34540480769768883,
10,random,195.0,10217,0,0.0,0.0,0.0,32,0.016417892171726275,
10,random_matched,195.0,10217,5,0.04893804443574435,0.00020562868013770586,0.05712109672505712,32471,0.6058940565300194,
10,random,196.0,10217,0,0.0,0.0,0.0,38,0.0032771395411184227,
10,random_matched,196.0,10217,49,0.47959283547029463,6.892920396889958e-05,0.8758568164508759,30458,0.5595672720149245,
10,random,197.0,10217,0,0.0,0.0,0.0,49,0.00010012582129680928,
10,random_matched,197.0,10217,46,0.450230008808848,0.00027423493957049757,0.8187357197258187,32692,0.42491414357155066,
10,random,198.0,10217,0,0.0,0.0,0.0,28,0.00012182950995269508,
10,random_matched,198.0,10217,6,0.058725653322893215,1.887085542316971e-07,0.05712109672505712,33044,0.4584469678650646,
10,random,199.0,10217,0,0.0,0.0,0.0,44,0.0014626381625629213,
10,random_matched,199.0,10217,37,0.3621415288245082,6.536736474793724e-05,0.6664127951256664,29970,0.4816900598764134,
10,random,200.0,10217,0,0.0,0.0,0.0,59,4.3326434853164624e-05,
10,random_matched,200.0,10217,4,0.03915043554859548,1.5118918041538028e-07,0.07616146230007616,26491,0.5465250533372609,
10,random,201.0,10217,0,0.0,0.0,0.0,922,0.03177593490020224,
10,random_matched,201.0,10217,5,0.04893804443574435,2.1427731268429817e-07,0.05712109672505712,26912,0.5044126442657084,
10,random,202.0,10217,0,0.0,0.0,0.0,42,0.0006644883848451632,
10,random_matched,202.0,10217,46,0.450230008808848,6.881914713903839e-05,0.8758568164508759,26151,0.4652395066290857,
10,random,203.0,10217,0,0.0,0.0,0.0,24,0.001970206100988725,
10,random_matched,203.0,10217,35,0.34256631105021046,6.534012846175947e-05,0.6664127951256664,27532,0.46645720815058284,
10,random,204.0,10217,0,0.0,0.0,0.0,69,0.0016374326083711352,
10,random_matched,204.0,10217,47,0.46001761769599686,0.00027432248477606897,0.8758568164508759,26054,0.5111547812717299,
10,random,205.0,10217,0,0.0,0.0,0.0,313,0.0014084844835408022,
10,random_matched,205.0,10217,5,0.04893804443574435,1.8843063294416882e-07,0.03808073115003808,27948,0.38284166928712504,
10,random,206.0,10217,0,0.0,0.0,0.0,164,0.0019457789366667698,
10,random_matched,206.0,10217,36,0.3523539199373593,6.5340406383047e-05,0.6854531607006854,25934,0.5490523467031655,
10,random,207.0,10217,0,0.0,0.0,0.0,66,0.001985153475011477,
10,random_matched,207.0,10217,49,0.47959283547029463,6.892920396889958e-05,0.8758568164508759,29591,0.5631030861955734,
10,random,208.0,10217,0,0.0,0.0,0.0,43,0.00013159974083866457,
10,random_matched,208.0,10217,44,0.43065479103455023,6.871492665621528e-05,0.8187357197258187,25113,0.274933754340577,
10,random,209.0,10217,0,0.0,0.0,0.0,101,0.0019980471325354563,
10,random_matched,209.0,10217,48,0.4698052265831457,6.89186429599735e-05,0.8758568164508759,26681,0.6530582495023635,
10,random,210.0,10217,0,0.0,0.0,0.0,50,0.00042352585978630694,
10,random_matched,210.0,10217,36,0.3523539199373593,0.0002707200690471275,0.6283320639756284,30656,0.41769176702307903,
10,random,211.0,10217,0,0.0,0.0,0.0,37,0.0003717702994887979,
10,random_matched,211.0,10217,1,0.00978760888714887,1.0561008926074358e-08,0.0,29014,0.39038882824431065,
10,random,212.0,10217,0,0.0,0.0,0.0,320,0.023843483491619383,
10,random_matched,212.0,10217,47,0.46001761769599686,6.88822352713073e-05,0.8568164508758568,27439,0.41959128337688434,
10,random,213.0,10217,0,0.0,0.0,0.0,235,0.0001819173821656264,
10,random_matched,213.0,10217,35,0.34256631105021046,0.0002707709286427452,0.6473724295506473,22875,0.39325726867953115,
10,random,214.0,10217,0,0.0,0.0,0.0,58,0.009424681181748265,
10,random_matched,214.0,10217,4,0.03915043554859548,1.5118918041538028e-07,0.07616146230007616,23296,0.34812792467756914,
10,random,215.0,10217,0,0.0,0.0,0.0,574,0.001316303720043727,
10,random_matched,215.0,10217,36,0.3523539199373593,6.531455970330687e-05,0.6664127951256664,33664,0.42049153174993903,
10,random,216.0,10217,0,0.0,0.0,0.0,36,5.196823263973122e-05,
10,random_matched,216.0,10217,4,0.03915043554859548,1.5118918041538028e-07,0.07616146230007616,32904,0.5524737812542676,
10,random,217.0,10217,1,0.00978760888714887,3.2238869353279624e-08,0.0,92,0.006391627592326707,
10,random_matched,217.0,10217,46,0.450230008808848,0.0002742860770874028,0.8568164508758568,30593,0.4854876975169433,
10,random,218.0,10217,0,0.0,0.0,0.0,55,0.0012290588594146448,
10,random_matched,218.0,10217,33,0.3229910932759127,6.519977821155769e-05,0.6092916984006093,28457,0.39291612161021533,
10,random,219.0,10217,0,0.0,0.0,0.0,25,6.788691616576664e-05,
10,random_matched,219.0,10217,38,0.37192913771165703,0.00027087070238496783,0.6664127951256664,31719,0.4642329093880636,
10,random,220.0,10217,0,0.0,0.0,0.0,78,0.0005487359077161162,
10,random_matched,220.0,10217,36,0.3523539199373593,6.526342218640167e-05,0.6283320639756284,35482,0.37285654569619625,
10,random,221.0,10217,0,0.0,0.0,0.0,48,0.013269795542018755,
10,random_matched,221.0,10217,34,0.33277870216306155,6.520005613284522e-05,0.6283320639756284,28119,0.4027360813208031,
10,random,222.0,10217,0,0.0,0.0,0.0,312,0.0009002372633055125,
10,random_matched,222.0,10217,7,0.06851326221004209,0.00020569204619126232,0.05712109672505712,28380,0.4350410894597081,
10,random,223.0,10217,0,0.0,0.0,0.0,31,0.0020652595282128314,
10,random_matched,223.0,10217,48,0.4698052265831457,0.0002743227626973565,0.8948971820258949,27955,0.3883629511899777,
10,random,224.0,10217,0,0.0,0.0,0.0,271,0.0013407007293320837,
10,random_matched,224.0,10217,36,0.3523539199373593,0.00027077120656403275,0.6664127951256664,24776,0.270465438597779,
10,random,225.0,10217,0,0.0,0.0,0.0,253,0.0011565820297137542,
10,random_matched,225.0,10217,8,0.07830087109719096,0.00020569232411254984,0.07616146230007616,34062,0.5200491417486486,
10,random,226.0,10217,0,0.0,0.0,0.0,27,1.4455370842984116e-05,
10,random_matched,226.0,10217,1,0.00978760888714887,2.779212875282726e-10,0.01904036557501904,27138,0.3610879756499975,
10,random,227.0,10217,0,0.0,0.0,0.0,28,0.00035229490910515076,
10,random_matched,227.0,10217,46,0.450230008808848,6.881914713903839e-05,0.8758568164508759,22370,0.25743962425839306,
10,random,228.0,10217,0,0.0,0.0,0.0,57,0.0011027949724159137,
10,random_matched,228.0,10217,7,0.06851326221004209,0.00020569204619126232,0.05712109672505712,29359,0.37520447850936306,
10,random,229.0,10217,0,0.0,0.0,0.0,74,0.01714379525026271,
10,random_matched,229.0,10217,50,0.4893804443574435,0.000274386128750913,0.8948971820258949,27645,0.425309866490359,
10,random,230.0,10217,0,0.0,0.0,0.0,60,0.01983726348368744,
10,random_matched,230.0,10217,48,0.4698052265831457,0.0002743227626973565,0.8948971820258949,27955,0.3883629511899777,
10,random,231.0,10217,0,0.0,0.0,0.0,274,0.00043023614831552703,
10,random_matched,231.0,10217,46,0.450230008808848,0.00027418241244715476,0.8377760853008378,30139,0.2420466858076153,
10,random,232.0,10217,0,0.0,0.0,0.0,23,6.576177985057607e-05,
10,random_matched,232.0,10217,4,0.03915043554859548,0.0002055819893614011,0.05712109672505712,24940,0.3371775098932203,
10,random,233.0,10217,0,0.0,0.0,0.0,38,0.006155781900337436,
10,random_matched,233.0,10217,47,0.46001761769599686,6.886583791534313e-05,0.8758568164508759,29508,0.5953955355565381,
10,random,234.0,10217,0,0.0,0.0,0.0,60,0.0005053618596520063,
10,random_matched,234.0,10217,47,0.46001761769599686,6.88822352713073e-05,0.8568164508758568,25200,0.5522030731692242,
10,random,235.0,10217,0,0.0,0.0,0.0,48,0.0003330893269168602,
10,random_matched,235.0,10217,46,0.450230008808848,0.00027423493957049757,0.8187357197258187,25411,0.42250122983519284,
10,random,236.0,10217,0,0.0,0.0,0.0,41,0.07724476268331103,
10,random_matched,236.0,10217,45,0.44044239992169915,6.871520457750281e-05,0.8377760853008378,26035,0.2119785352091699,
10,random,237.0,10217,0,0.0,0.0,0.0,51,0.00019540461771939003,
10,random_matched,237.0,10217,5,0.04893804443574435,0.00020564507749367002,0.03808073115003808,29142,0.5028649831923605,
10,random,238.0,10217,0,0.0,0.0,0.0,31,0.000184132983581613,
10,random_matched,238.0,10217,36,0.3523539199373593,0.00027073035213476607,0.6092916984006093,27490,0.3119679160886944,
10,random,239.0,10217,0,0.0,0.0,0.0,82,0.011390771914204286,
10,random_matched,239.0,10217,5,0.04893804443574435,0.00020562868013770586,0.05712109672505712,29276,0.4074969278703277,
10,random,240.0,10217,0,0.0,0.0,0.0,1348,0.0030937509107345877,
10,random_matched,240.0,10217,6,0.058725653322893215,0.00020568148518233624,0.05712109672505712,20429,0.38997154923780036,
10,random,241.0,10217,0,0.0,0.0,0.0,86,0.025860342603799314,
10,random_matched,241.0,10217,6,0.058725653322893215,1.887085542316971e-07,0.05712109672505712,34023,0.39861035691471963,
10,random,242.0,10217,0,0.0,0.0,0.0,56,0.001004457820743615,
10,random_matched,242.0,10217,45,0.44044239992169915,0.0002741821345258672,0.8187357197258187,30477,0.23222672609702752,
10,random,243.0,10217,0,0.0,0.0,0.0,40,0.000328919996745086,
10,random_matched,243.0,10217,36,0.3523539199373593,0.00027077120656403275,0.6664127951256664,25755,0.21062882764743399,
10,random,244.0,10217,0,0.0,0.0,0.0,31,0.00012842870098970957,
10,random_matched,244.0,10217,47,0.46001761769599686,6.885555482770459e-05,0.8948971820258949,27632,0.5660946829622249,
10,random,245.0,10217,0,0.0,0.0,0.0,502,0.06144391709304405,
10,random_matched,245.0,10217,46,0.450230008808848,6.876800962213318e-05,0.8377760853008378,29621,0.27558997707200206,
10,random,246.0,10217,0,0.0,0.0,0.0,237,0.00032031470242024413,
10,random_matched,246.0,10217,6,0.058725653322893215,2.1455523397182645e-07,0.07616146230007616,22400,0.37567208626694953,
10,random,247.0,10217,0,0.0,0.0,0.0,51,0.00027483773753938476,
10,random_matched,247.0,10217,5,0.04893804443574435,1.6175018934145465e-07,0.07616146230007616,30268,0.45303407584982186,
10,random,248.0,10217,0,0.0,0.0,0.0,69,0.0016422383684625446,
10,random_matched,248.0,10217,8,0.07830087109719096,0.00020569232411254984,0.07616146230007616,33195,0.5235849559292975,
10,random,249.0,10217,0,0.0,0.0,0.0,106,0.00025785886651630134,
10,random_matched,249.0,10217,48,0.4698052265831457,0.0002743330457849951,0.8758568164508759,28571,0.4904389826262857,
10,random,250.0,10217,0,0.0,0.0,0.0,92,0.010158843565276673,
10,random_matched,250.0,10217,39,0.3817167465988059,0.0002708709803062554,0.6854531607006854,32360,0.4142162581483063,
10,random,251.0,10217,0,0.0,0.0,0.0,110,0.0012231087951535176,
10,random_matched,251.0,10217,38,0.37192913771165703,0.000270818175261625,0.6854531607006854,32948,0.4891653339948208,
10,random,252.0,10217,0,0.0,0.0,0.0,38,0.0020993474130355824,
10,random_matched,252.0,10217,45,0.44044239992169915,0.0002741821345258672,0.8187357197258187,29217,0.3050019049390224,
10,random,253.0,10217,0,0.0,0.0,0.0,64,0.00030210264923367816,
10,random_matched,253.0,10217,3,0.029362826661446607,1.5091125912785203e-07,0.05712109672505712,26829,0.5367050936266731,
10,random,254.0,10217,0,0.0,0.0,0.0,586,0.000926018229925345,
10,random_matched,254.0,10217,47,0.46001761769599686,0.0002742863550086903,0.8758568164508759,32887,0.2934565027738452,
10,random,255.0,10217,0,0.0,0.0,0.0,106,0.0005204949251974447,
10,random_matched,255.0,10217,47,0.46001761769599686,6.886583791534313e-05,0.8758568164508759,31747,0.4627837457641982,
10,random,256.0,10217,0,0.0,0.0,0.0,118,0.0027055175500079465,
10,random_matched,256.0,10217,35,0.34256631105021046,6.531428178201934e-05,0.6473724295506473,34002,0.4106715720393513,
10,random,257.0,10217,19,0.18596456885582852,4.152977799534977e-05,0.3617669459253618,100,0.0007463275589249256,
10,random_matched,257.0,10217,38,0.37192913771165703,0.000270818175261625,0.6854531607006854,34208,0.41639015515282596,
10,random,258.0,10217,0,0.0,0.0,0.0,39,0.00016131355868257636,
10,random_matched,258.0,10217,47,0.46001761769599686,6.88822352713073e-05,0.8568164508758568,27832,0.3503519187155384,
10,random,259.0,10217,0,0.0,0.0,0.0,28,0.00018601846673504572,
10,random_matched,259.0,10217,4,0.03915043554859548,0.00020559227244903967,0.03808073115003808,30990,0.5050388801968801,
10,random,260.0,10217,0,0.0,0.0,0.0,23,0.019531174021590613,
10,random_matched,260.0,10217,4,0.03915043554859548,1.6147226805392638e-07,0.05712109672505712,28367,0.575825905931574,
10,random,261.0,10217,0,0.0,0.0,0.0,146,0.0004209309397897897,
10,random_matched,261.0,10217,45,0.44044239992169915,6.876773170084565e-05,0.8187357197258187,32762,0.5334065106824519,
10,random,262.0,10217,0,0.0,0.0,0.0,57,0.0004349117656303526,
10,random_matched,262.0,10217,37,0.3621415288245082,0.00027081789734033747,0.6664127951256664,29112,0.3407848565748864,
10,random,263.0,10217,0,0.0,0.0,0.0,97,0.0004721087931278294,
10,random_matched,263.0,10217,5,0.04893804443574435,1.6175018934145465e-07,0.07616146230007616,31640,0.3239581002381309,
10,random,264.0,10217,1,0.00978760888714887,6.784058628565134e-07,0.01904036557501904,226,0.012270199030112653,
10,random_matched,264.0,10217,37,0.3621415288245082,0.00027083429469630167,0.6473724295506473,23432,0.42666836979926354,
10,random,265.0,10217,0,0.0,0.0,0.0,102,0.008600559984566892,
10,random_matched,265.0,10217,47,0.46001761769599686,6.885555482770459e-05,0.8948971820258949,35305,0.4992682320372368,
10,random,266.0,10217,0,0.0,0.0,0.0,252,0.003983781488720466,
10,random_matched,266.0,10217,48,0.4698052265831457,0.0002743330457849951,0.8758568164508759,33612,0.6254636861549835,
10,random,267.0,10217,0,0.0,0.0,0.0,42,0.007000871955619104,
10,random_matched,267.0,10217,36,0.3523539199373593,0.0002707200690471275,0.6283320639756284,26593,0.22283045254403624,
10,random,268.0,10217,0,0.0,0.0,0.0,1494,0.003302239638821738,
10,random_matched,268.0,10217,48,0.4698052265831457,0.0002743227626973565,0.8948971820258949,27562,0.45760231585132366,
10,random,269.0,10217,0,0.0,0.0,0.0,519,0.01197950291911443,
10,random_matched,269.0,10217,6,0.058725653322893215,0.0002056556385025961,0.03808073115003808,27878,0.2743493021762238,
10,random,270.0,10217,0,0.0,0.0,0.0,66,0.00012909687304997486,
10,random_matched,270.0,10217,37,0.3621415288245082,0.00027083429469630167,0.6473724295506473,30238,0.3633777330549243,
10,random,271.0,10217,0,0.0,0.0,0.0,101,0.0020376502142927006,
10,random_matched,271.0,10217,4,0.03915043554859548,0.00020554113493213445,0.0,26787,0.38221580156478463,
10,random,272.0,10217,0,0.0,0.0,0.0,27,7.381952224954734e-05,
10,random_matched,272.0,10217,7,0.06851326221004209,2.2511624289790082e-07,0.07616146230007616,24917,0.35495628762150544,
10,random,273.0,10217,0,0.0,0.0,0.0,34,7.759048855641277e-05,
10,random_matched,273.0,10217,46,0.450230008808848,0.0002742860770874028,0.8568164508758568,26419,0.34692717980759663,
10,random,274.0,10217,0,0.0,0.0,0.0,35,0.0002674957804116241,
10,random_matched,274.0,10217,47,0.46001761769599686,6.877857063105926e-05,0.8377760853008378,32138,0.25487417842655796,
10,random,275.0,10217,1,0.00978760888714887,3.8492098322665755e-07,0.0,38,0.014526416102142586,
10,random_matched,275.0,10217,6,0.058725653322893215,0.00020564535541495754,0.05712109672505712,25023,0.30488506053225567,
10,random,276.0,10217,0,0.0,0.0,0.0,146,0.0008227086719233285,
10,random_matched,276.0,10217,36,0.3523539199373593,0.0002708073363314114,0.6664127951256664,25223,0.49057663083202147,
10,random,277.0,10217,0,0.0,0.0,0.0,666,0.002931788225276124,
10,random_matched,277.0,10217,45,0.44044239992169915,0.0002741821345258672,0.8187357197258187,29106,0.3613027017087185,
10,random,278.0,10217,0,0.0,0.0,0.0,393,0.00961732582033986,
10,random_matched,278.0,10217,46,0.450230008808848,6.881914713903839e-05,0.8758568164508759,28390,0.3326277168367458,
10,random,279.0,10217,0,0.0,0.0,0.0,112,0.15091773464378289,
10,random_matched,279.0,10217,47,0.46001761769599686,0.00027429663809632886,0.8568164508758568,27090,0.3895838062931465,
10,random,280.0,10217,0,0.0,0.0,0.0,49,0.0008870928428705548,
10,random_matched,280.0,10217,3,0.029362826661446607,0.00020547804679986554,0.01904036557501904,29585,0.23187980989365214,
10,random,281.0,10217,0,0.0,0.0,0.0,314,0.0009085838591842184,
10,random_matched,281.0,10217,49,0.47959283547029463,0.00027438585082962543,0.8758568164508759,27983,0.4154899067797712,
10,random,282.0,10217,0,0.0,0.0,0.0,40,0.00015002446636745275,
10,random_matched,282.0,10217,5,0.04893804443574435,0.00020564507749367002,0.03808073115003808,30402,0.43008980435036565,
10,random,283.0,10217,0,0.0,0.0,0.0,27,0.0001334534818514671,
10,random_matched,283.0,10217,33,0.3229910932759127,6.519977821155769e-05,0.6092916984006093,28849,0.3236767569488694,
10,random,284.0,10217,0,0.0,0.0,0.0,62,0.0002585810002156379,
10,random_matched,284.0,10217,5,0.04893804443574435,0.00020562868013770586,0.05712109672505712,32471,0.6058940565300194,
10,random,285.0,10217,0,0.0,0.0,0.0,39,0.0028726177009274047,
10,random_matched,285.0,10217,5,0.04893804443574435,0.0002056183970500673,0.07616146230007616,25161,0.5108078650683544,
10,random,286.0,10217,0,0.0,0.0,0.0,46,0.004907176230722726,
10,random_matched,286.0,10217,46,0.450230008808848,6.882943022667693e-05,0.8568164508758568,30266,0.36192856943105894,
10,random,287.0,10217,0,0.0,0.0,0.0,73,0.00036243334882243036,
10,random_matched,287.0,10217,48,0.4698052265831457,6.888251319259483e-05,0.8758568164508759,26234,0.432947057268121,
10,random,288.0,10217,0,0.0,0.0,0.0,560,0.004287639478330993,
10,random_matched,288.0,10217,34,0.33277870216306155,0.0002706669860812096,0.6092916984006093,26148,0.41703554429165396,
10,random,289.0,10217,0,0.0,0.0,0.0,1320,0.009543468207521557,
10,random_matched,289.0,10217,47,0.46001761769599686,0.00027429663809632886,0.8568164508758568,32131,0.5246085098218443,
10,random,290.0,10217,0,0.0,0.0,0.0,396,0.002650421129409111,
10,random_matched,290.0,10217,35,0.34256631105021046,6.526314426511414e-05,0.6092916984006093,29407,0.3570878580686017,
10,random,291.0,10217,0,0.0,0.0,0.0,50,0.00042348142078942465,
10,random_matched,291.0,10217,7,0.06851326221004209,0.00020565591642388362,0.05712109672505712,33953,0.29011798980381837,
10,random,292.0,10217,0,0.0,0.0,0.0,68,0.0007920156090409757,
10,random_matched,292.0,10217,5,0.04893804443574435,1.6175018934145465e-07,0.07616146230007616,30268,0.45303407584982186,
10,random,293.0,10217,0,0.0,0.0,0.0,205,0.09612936517133519,
10,random_matched,293.0,10217,48,0.4698052265831457,0.0002743494431409592,0.8568164508758568,24263,0.4472465202389719,
10,random,294.0,10217,0,0.0,0.0,0.0,141,0.0004444423433545642,
10,random_matched,294.0,10217,37,0.3621415288245082,0.0002707817675729588,0.6664127951256664,33706,0.2556983678693417,
10,random,295.0,10217,0,0.0,0.0,0.0,30,0.001359984079764918,
10,random_matched,295.0,10217,47,0.46001761769599686,0.0002742352174917851,0.8377760853008378,26920,0.36894876441478663,
10,random,296.0,10217,1,0.00978760888714887,1.9454490126979084e-09,0.01904036557501904,191,0.038310789379480445,
10,random_matched,296.0,10217,35,0.34256631105021046,6.531428178201934e-05,0.6473724295506473,28568,0.3448862331719995,
10,random,297.0,10217,0,0.0,0.0,0.0,590,0.008746081828285955,
10,random_matched,297.0,10217,47,0.46001761769599686,6.885555482770459e-05,0.8948971820258949,30264,0.3642435285085391,
10,random,298.0,10217,0,0.0,0.0,0.0,514,0.0027476726998718576,
10,random_matched,298.0,10217,4,0.03915043554859548,0.00020561811912877978,0.05712109672505712,25499,0.5009879053577667,
10,random,299.0,10217,0,0.0,0.0,0.0,29,8.808444024875038e-05,
10,random_matched,299.0,10217,6,0.058725653322893215,0.00020568148518233624,0.05712109672505712,20429,0.38997154923780036,
10,random,300.0,10217,0,0.0,0.0,0.0,41,0.00011607148564238036,
10,random_matched,300.0,10217,47,0.46001761769599686,6.882970814796446e-05,0.8758568164508759,29061,0.3752843433222956,
10,random,301.0,10217,0,0.0,0.0,0.0,27,8.091389068039264e-05,
10,random_matched,301.0,10217,47,0.46001761769599686,6.877857063105926e-05,0.8377760853008378,34941,0.5225106717475956,
10,random,302.0,10217,0,0.0,0.0,0.0,865,0.011271992823966152,
10,random_matched,302.0,10217,48,0.4698052265831457,6.89186429599735e-05,0.8758568164508759,29313,0.4512070950486776,
10,random,303.0,10217,0,0.0,0.0,0.0,167,0.0007511158608389883,
10,random_matched,303.0,10217,4,0.03915043554859548,0.0002055819893614011,0.05712109672505712,24073,0.34071332407386923,
10,random,304.0,10217,0,0.0,0.0,0.0,68,0.00029761113633450763,
10,random_matched,304.0,10217,5,0.04893804443574435,0.0002056183970500673,0.07616146230007616,26421,0.4380326862263596,
10,random,305.0,10217,0,0.0,0.0,0.0,43,0.0004852960654526378,
10,random_matched,305.0,10217,46,0.450230008808848,0.00027418241244715476,0.8377760853008378,36552,0.24799541372462205,
10,random,306.0,10217,0,0.0,0.0,0.0,38,0.193860778399774,
10,random_matched,306.0,10217,36,0.3523539199373593,6.5340406383047e-05,0.6854531607006854,26327,0.47981298204181955,
10,random,307.0,10217,0,0.0,0.0,0.0,139,0.00019915653874187734,
10,random_matched,307.0,10217,47,0.46001761769599686,0.00027429663809632886,0.8568164508758568,22916,0.2510232885837998,
10,random,308.0,10217,0,0.0,0.0,0.0,333,0.0047076530702565705,
10,random_matched,308.0,10217,48,0.4698052265831457,0.0002743330457849951,0.8758568164508759,34984,0.4963877105432925,
10,random,309.0,10217,0,0.0,0.0,0.0,36,0.003894811442748133,
10,random_matched,309.0,10217,44,0.43065479103455023,6.870464356857674e-05,0.8377760853008378,24105,0.24209708756561493,
10,random,310.0,10217,0,0.0,0.0,0.0,26,7.207211740785592e-05,
10,random_matched,310.0,10217,48,0.4698052265831457,0.0002742969160176164,0.8758568164508759,28991,0.26679197621139433,
10,random,311.0,10217,0,0.0,0.0,0.0,324,0.010598940409578966,
10,random_matched,311.0,10217,35,0.34256631105021046,0.00027066726400249715,0.6283320639756284,28441,0.22500434954855586,
10,random,312.0,10217,0,0.0,0.0,0.0,172,0.007517683205396417,
10,random_matched,312.0,10217,4,0.03915043554859548,1.7786962401809445e-07,0.03808073115003808,26298,0.4000216537519202,
10,random,313.0,10217,0,0.0,0.0,0.0,29,0.00016664465120141516,
10,random_matched,313.0,10217,47,0.46001761769599686,0.0002742863550086903,0.8758568164508759,30255,0.49530765722753106,
10,random,314.0,10217,0,0.0,0.0,0.0,56,0.00048359309960782865,
10,random_matched,314.0,10217,3,0.029362826661446607,7.392706248252051e-08,0.0,34138,0.4931210824120438,
10,random,315.0,10217,0,0.0,0.0,0.0,2148,0.010899424209640504,
10,random_matched,315.0,10217,6,0.058725653322893215,2.1455523397182645e-07,0.07616146230007616,21140,0.4484472651089444,
10,random,316.0,10217,0,0.0,0.0,0.0,41,0.0017620157490234984,
10,random_matched,316.0,10217,48,0.4698052265831457,6.89186429599735e-05,0.8758568164508759,22900,0.44525836713167083,
10,random,317.0,10217,1,0.00978760888714887,2.02882539895639e-08,0.01904036557501904,268,0.010281014303241142,
10,random_matched,317.0,10217,46,0.450230008808848,0.00027418241244715476,0.8377760853008378,36552,0.24799541372462205,
10,random,318.0,10217,0,0.0,0.0,0.0,63,0.006091623098588684,
10,random_matched,318.0,10217,35,0.34256631105021046,6.531428178201934e-05,0.6473724295506473,31763,0.5432833618316911,
10,random,319.0,10217,0,0.0,0.0,0.0,49,0.00028836941209003063,
10,random_matched,319.0,10217,35,0.34256631105021046,6.53039986943808e-05,0.6664127951256664,24846,0.37895780570868026,
10,random,320.0,10217,0,0.0,0.0,0.0,26,0.0017694640423223703,
10,random_matched,320.0,10217,46,0.450230008808848,0.0002742860770874028,0.8568164508758568,26812,0.2776878151462507,
10,random,321.0,10217,0,0.0,0.0,0.0,261,0.004153916188284169,
10,random_matched,321.0,10217,7,0.06851326221004209,0.00020569204619126232,0.05712109672505712,22946,0.36925575059235627,
10,random,322.0,10217,0,0.0,0.0,0.0,731,0.0014686818661389077,
10,random_matched,322.0,10217,44,0.43065479103455023,6.871492665621528e-05,0.8187357197258187,25002,0.3312345511102731,
10,random,323.0,10217,0,0.0,0.0,0.0,35,0.0002743377988244594,
10,random_matched,323.0,10217,6,0.058725653322893215,1.887085542316971e-07,0.05712109672505712,34890,0.39507454273407067,
10,random,324.0,10217,0,0.0,0.0,0.0,41,0.00023445856044373238,
10,random_matched,324.0,10217,6,0.058725653322893215,2.1455523397182645e-07,0.07616146230007616,26574,0.5142326039762962,
10,random,325.0,10217,0,0.0,0.0,0.0,26,0.00020763645161123002,
10,random_matched,325.0,10217,34,0.33277870216306155,0.0002706669860812096,0.6092916984006093,27519,0.287959568679963,
10,random,326.0,10217,0,0.0,0.0,0.0,357,0.003637012886299029,
10,random_matched,326.0,10217,3,0.029362826661446607,1.2506457938772266e-07,0.03808073115003808,29125,0.34235893980609483,
10,random,327.0,10217,0,0.0,0.0,0.0,549,0.009647577667467454,
10,random_matched,327.0,10217,34,0.33277870216306155,6.525258325618806e-05,0.6092916984006093,24651,0.5104154465063857,
10,random,328.0,10217,0,0.0,0.0,0.0,40,5.2158685483512297e-05,
10,random_matched,328.0,10217,6,0.058725653322893215,1.887085542316971e-07,0.05712109672505712,28870,0.319886450155718,
10,random,329.0,10217,0,0.0,0.0,0.0,325,0.009193872967477002,
10,random_matched,329.0,10217,2,0.01957521777429774,0.00020547776887857802,0.0,33118,0.42045697884275607,
10,random,330.0,10217,0,0.0,0.0,0.0,93,0.0005480423419433468,
10,random_matched,330.0,10217,38,0.37192913771165703,0.00027087070238496783,0.6664127951256664,30459,0.5370080882300584,
10,random,331.0,10217,0,0.0,0.0,0.0,123,0.003433625120211149,
10,random_matched,331.0,10217,5,0.04893804443574435,1.6175018934145465e-07,0.07616146230007616,35421,0.5317579826088236,
10,random,332.0,10217,0,0.0,0.0,0.0,23,0.0011966279143327896,
10,random_matched,332.0,10217,5,0.04893804443574435,1.7814754530562273e-07,0.05712109672505712,32373,0.4157903413795148,
10,random,333.0,10217,0,0.0,0.0,0.0,97,0.00011632700987445332,
10,random_matched,333.0,10217,47,0.46001761769599686,0.0002742352174917851,0.8377760853008378,31486,0.4382699174627874,
10,random,334.0,10217,0,0.0,0.0,0.0,29,8.43579129387672e-05,
10,random_matched,334.0,10217,36,0.3523539199373593,6.535068947068554e-05,0.6664127951256664,23636,0.43979268158813195,
10,random,335.0,10217,0,0.0,0.0,0.0,33,0.0031172845337978034,
10,random_matched,335.0,10217,48,0.4698052265831457,6.89186429599735e-05,0.8758568164508759,17466,0.37947302826431906,
10,random,336.0,10217,1,0.00978760888714887,6.447773870655925e-08,0.01904036557501904,409,0.008086111937159498,
10,random_matched,336.0,10217,48,0.4698052265831457,0.0002742969160176164,0.8758568164508759,33165,0.405352493920741,
10,random,337.0,10217,0,0.0,0.0,0.0,74,0.0005815826748402268,
10,random_matched,337.0,10217,36,0.3523539199373593,6.536708682664971e-05,0.6473724295506473,26134,0.33330958245647896,
10,random,338.0,10217,0,0.0,0.0,0.0,231,0.00012133750677292727,
10,random_matched,338.0,10217,47,0.46001761769599686,6.885555482770459e-05,0.8948971820258949,23851,0.3582948005915323,
10,random,339.0,10217,0,0.0,0.0,0.0,111,0.01917707933311173,
10,random_matched,339.0,10217,36,0.3523539199373593,6.536708682664971e-05,0.6473724295506473,23895,0.46592137224881885,
10,random,340.0,10217,0,0.0,0.0,0.0,28,0.0005794607127390993,
10,random_matched,340.0,10217,4,0.03915043554859548,1.2534250067525093e-07,0.05712109672505712,27527,0.4249540783586775,
10,random,341.0,10217,0,0.0,0.0,0.0,85,0.00039356604035251124,
10,random_matched,341.0,10217,3,0.029362826661446607,0.00020553057392320838,0.0,24857,0.4123343539212297,
10,random,342.0,10217,0,0.0,0.0,0.0,42,0.00024578574332761224,
10,random_matched,342.0,10217,47,0.46001761769599686,0.00027424550057942367,0.8187357197258187,29188,0.32901025234775383,
10,random,343.0,10217,1,0.00978760888714887,4.9469989180032524e-08,0.0,58,0.0013529547827223647,
10,random_matched,343.0,10217,49,0.47959283547029463,6.892920396889958e-05,0.8758568164508759,37264,0.4962766352705853,
10,random,344.0,10217,0,0.0,0.0,0.0,377,0.0016794068280334541,
10,random_matched,344.0,10217,36,0.3523539199373593,6.526342218640167e-05,0.6283320639756284,35874,0.3036171810348503,
10,random,345.0,10217,0,0.0,0.0,0.0,35,0.00029146585790850474,
10,random_matched,345.0,10217,46,0.450230008808848,0.00027423493957049757,0.8187357197258187,26390,0.3626646188848478,
10,random,346.0,10217,0,0.0,0.0,0.0,28,8.309774995574905e-05,
10,random_matched,346.0,10217,38,0.37192913771165703,6.541405552424199e-05,0.6664127951256664,35566,0.47923429901152587,
10,random,347.0,10217,0,0.0,0.0,0.0,27,0.00027784689247112586,
10,random_matched,347.0,10217,38,0.37192913771165703,6.541405552424199e-05,0.6664127951256664,30132,0.4134489601441741,
10,random,348.0,10217,0,0.0,0.0,0.0,176,0.0003922979418343355,
10,random_matched,348.0,10217,7,0.06851326221004209,0.00020568176310362376,0.07616146230007616,31657,0.48446414362439655,
10,random,349.0,10217,0,0.0,0.0,0.0,104,0.004176762594002742,
10,random_matched,349.0,10217,46,0.450230008808848,6.881914713903839e-05,0.8758568164508759,26151,0.4652395066290857,
10,random,350.0,10217,0,0.0,0.0,0.0,82,0.0005758389344931957,
10,random_matched,350.0,10217,46,0.450230008808848,0.0002742860770874028,0.8568164508758568,24573,0.4102996049385906,
10,random,351.0,10217,0,0.0,0.0,0.0,39,7.037073867007825e-05,
10,random_matched,351.0,10217,36,0.3523539199373593,0.00027078148965167125,0.6473724295506473,31693,0.4347909947207899,
10,random,352.0,10217,0,0.0,0.0,0.0,44,0.002849607823184587,
10,random_matched,352.0,10217,6,0.058725653322893215,0.00020562895805899338,0.07616146230007616,33505,0.4866380406289162,
10,random,353.0,10217,0,0.0,0.0,0.0,28,3.7111323717775314e-05,
10,random_matched,353.0,10217,35,0.34256631105021046,6.534012846175947e-05,0.6664127951256664,26665,0.46999302233123175,
10,random,354.0,10217,0,0.0,0.0,0.0,148,0.00790995734062528,
10,random_matched,354.0,10217,38,0.37192913771165703,6.541405552424199e-05,0.6664127951256664,27893,0.546060749936514,
10,random,355.0,10217,0,0.0,0.0,0.0,43,0.0007737368973590864,
10,random_matched,355.0,10217,50,0.4893804443574435,0.000274386128750913,0.8948971820258949,32686,0.5603345700190567,
10,random,356.0,10217,0,0.0,0.0,0.0,56,0.0026980406887825077,
10,random_matched,356.0,10217,7,0.06851326221004209,0.00020568176310362376,0.07616146230007616,25244,0.4785154157073898,
10,random,357.0,10217,8,0.07830087109719096,4.373369380544898e-06,0.0,43,0.00040163330539367154,
10,random_matched,357.0,10217,47,0.46001761769599686,0.00027429663809632886,0.8568164508758568,34763,0.32275735536815836,
10,random,358.0,10217,0,0.0,0.0,0.0,597,0.0007669456663712593,
10,random_matched,358.0,10217,36,0.3523539199373593,6.535068947068554e-05,0.6664127951256664,30442,0.3765020448437928,
10,random,359.0,10217,0,0.0,0.0,0.0,372,0.0003630047073537736,
10,random_matched,359.0,10217,37,0.3621415288245082,6.535096739197308e-05,0.6854531607006854,24670,0.32053666568702877,
10,random,360.0,10217,0,0.0,0.0,0.0,44,0.00013383438753902926,
10,random_matched,360.0,10217,35,0.34256631105021046,0.00027066726400249715,0.6283320639756284,32615,0.36356486725790255,
10,random,361.0,10217,0,0.0,0.0,0.0,258,0.0012123910613697371,
10,random_matched,361.0,10217,47,0.46001761769599686,0.0002742863550086903,0.8758568164508759,31515,0.4225324783855362,
10,random,362.0,10217,0,0.0,0.0,0.0,22,3.7408112732667505e-05,
10,random_matched,362.0,10217,47,0.46001761769599686,6.882970814796446e-05,0.8758568164508759,30321,0.30250916448030074,
10,random,363.0,10217,0,0.0,0.0,0.0,35,0.00012298333676460214,
10,random_matched,363.0,10217,45,0.44044239992169915,0.0002741821345258672,0.8187357197258187,22804,0.2990531770220156,
10,random,364.0,10217,0,0.0,0.0,0.0,29,0.007108674613627323,
10,random_matched,364.0,10217,37,0.3621415288245082,0.0002708076142526989,0.6854531607006854,31298,0.5063453184596161,
10,random,365.0,10217,0,0.0,0.0,0.0,365,0.001898632335188763,
10,random_matched,365.0,10217,3,0.029362826661446607,7.392706248252051e-08,0.0,27725,0.487172354495037,
10,random,366.0,10217,0,0.0,0.0,0.0,74,0.005136516370989842,
10,random_matched,366.0,10217,5,0.04893804443574435,1.6175018934145465e-07,0.07616146230007616,31247,0.3931974648994769,
10,random,367.0,10217,0,0.0,0.0,0.0,22,0.019044889188457346,
10,random_matched,367.0,10217,48,0.4698052265831457,6.89186429599735e-05,0.8758568164508759,27074,0.5838188848410175,
10,random,368.0,10217,0,0.0,0.0,0.0,41,0.00011919808649445313,
10,random_matched,368.0,10217,5,0.04893804443574435,0.00020564507749367002,0.03808073115003808,24968,0.3643044654830139,
10,random,369.0,10217,0,0.0,0.0,0.0,30,0.0030750611383315372,
10,random_matched,369.0,10217,5,0.04893804443574435,0.0002056183970500673,0.07616146230007616,27400,0.37819607527601456,
10,random,370.0,10217,0,0.0,0.0,0.0,111,0.007969842063138178,
10,random_matched,370.0,10217,47,0.46001761769599686,0.0002742863550086903,0.8758568164508759,30648,0.4260682925661851,
10,random,371.0,10217,0,0.0,0.0,0.0,286,0.0007246111734127878,
10,random_matched,371.0,10217,48,0.4698052265831457,6.89186429599735e-05,0.8758568164508759,27074,0.5838188848410175,
10,random,372.0,10217,0,0.0,0.0,0.0,50,0.0019335074250991422,
10,random_matched,372.0,10217,47,0.46001761769599686,0.00027432248477606897,0.8758568164508759,27900,0.44778235614073586,
10,random,373.0,10217,0,0.0,0.0,0.0,164,0.0016816033841650627,
10,random_matched,373.0,10217,45,0.44044239992169915,6.871520457750281e-05,0.8377760853008378,24775,0.2847537140511648,
10,random,374.0,10217,0,0.0,0.0,0.0,142,0.010907039149177684,
10,random_matched,374.0,10217,35,0.34256631105021046,6.53039986943808e-05,0.6664127951256664,27085,0.2463460159163404,
10,random,375.0,10217,0,0.0,0.0,0.0,23,4.648319073883606e-05,
10,random_matched,375.0,10217,48,0.4698052265831457,0.0002743494431409592,0.8568164508758568,25523,0.374471341396977,
10,random,376.0,10217,0,0.0,0.0,0.0,31,0.0001033857391395288,
10,random_matched,376.0,10217,6,0.058725653322893215,0.00020562895805899338,0.07616146230007616,33505,0.4866380406289162,
10,random,377.0,10217,0,0.0,0.0,0.0,76,0.002018571600666931,
10,random_matched,377.0,10217,5,0.04893804443574435,1.7814754530562273e-07,0.05712109672505712,30134,0.5484021311718547,
10,random,378.0,10217,0,0.0,0.0,0.0,28,0.0006215984044256636,
10,random_matched,378.0,10217,47,0.46001761769599686,6.88822352713073e-05,0.8568164508758568,25200,0.5522030731692242,
10,random,379.0,10217,0,0.0,0.0,0.0,527,0.0006115345587388649,
10,random_matched,379.0,10217,47,0.46001761769599686,0.0002742863550086903,0.8758568164508759,31627,0.3662316816158401,
10,random,380.0,10217,0,0.0,0.0,0.0,235,0.008150886536436475,
10,random_matched,380.0,10217,46,0.450230008808848,6.885527690641707e-05,0.8758568164508759,22817,0.4775508164926355,
10,random,381.0,10217,0,0.0,0.0,0.0,175,0.00020366392271136294,
10,random_matched,381.0,10217,5,0.04893804443574435,0.00020559255037032719,0.05712109672505712,32024,0.38578286429577696,
10,random,382.0,10217,0,0.0,0.0,0.0,91,0.010028489703457743,
10,random_matched,382.0,10217,47,0.46001761769599686,6.882970814796446e-05,0.8758568164508759,35362,0.4375338680089985,
10,random,383.0,10217,3,0.029362826661446607,3.5851846091147165e-07,0.05712109672505712,118,0.0026920811018791915,
10,random_matched,383.0,10217,7,0.06851326221004209,0.00020569204619126232,0.05712109672505712,27120,0.5078162683017029,
10,random,384.0,10217,0,0.0,0.0,0.0,116,0.00041159875044451664,
10,random_matched,384.0,10217,49,0.47959283547029463,6.891892088126104e-05,0.8948971820258949,29954,0.4011904438089204,
10,random,385.0,10217,0,0.0,0.0,0.0,75,0.0001460535245746172,
10,random_matched,385.0,10217,34,0.33277870216306155,0.0002706669860812096,0.6092916984006093,28387,0.28442375449931406,
10,random,386.0,10217,0,0.0,0.0,0.0,51,0.0006220300975382341,
10,random_matched,386.0,10217,47,0.46001761769599686,6.877857063105926e-05,0.8377760853008378,31159,0.314710789376903,
10,random,387.0,10217,0,0.0,0.0,0.0,77,8.337708079329463e-05,
10,random_matched,387.0,10217,3,0.029362826661446607,0.00020547804679986554,0.01904036557501904,34151,0.3012009629416529,
10,random,388.0,10217,0,0.0,0.0,0.0,57,0.010215220781249937,
10,random_matched,388.0,10217,33,0.3229910932759127,6.518949512391915e-05,0.6283320639756284,32015,0.42940060788325396,
10,random,389.0,10217,0,0.0,0.0,0.0,47,0.0003242094630755672,
10,random_matched,389.0,10217,47,0.46001761769599686,0.00027429663809632886,0.8568164508758568,33503,0.3955325342101533,
10,random,390.0,10217,0,0.0,0.0,0.0,92,0.04846916633528985,
10,random_matched,390.0,10217,3,0.029362826661446607,6.364397484397443e-08,0.01904036557501904,28088,0.32525971210838395,
10,random,391.0,10217,0,0.0,0.0,0.0,528,0.00252195909917174,
10,random_matched,391.0,10217,38,0.37192913771165703,6.540377243660345e-05,0.6854531607006854,26884,0.5132240831615519,
10,random,392.0,10217,0,0.0,0.0,0.0,47,0.00025846672850936926,
10,random_matched,392.0,10217,38,0.37192913771165703,6.537792575686332e-05,0.6664127951256664,33747,0.3881990823889744,
10,random,393.0,10217,0,0.0,0.0,0.0,44,0.0017374092416069826,
10,random_matched,393.0,10217,50,0.4893804443574435,0.00027436028207117287,0.8758568164508759,34115,0.36952423037912746,
10,random,394.0,10217,0,0.0,0.0,0.0,46,0.0004645922542266027,
10,random_matched,394.0,10217,47,0.46001761769599686,6.886583791534313e-05,0.8758568164508759,36314,0.5321048988121989,
10,random,395.0,10217,0,0.0,0.0,0.0,28,0.00032942787099516887,
10,random_matched,395.0,10217,6,0.058725653322893215,0.00020562895805899338,0.07616146230007616,28938,0.4173168875809155,
10,random,396.0,10217,0,0.0,0.0,0.0,33,8.534668061939733e-05,
10,random_matched,396.0,10217,36,0.3523539199373593,6.531455970330687e-05,0.6664127951256664,32404,0.49326671059193394,
10,random,397.0,10217,0,0.0,0.0,0.0,31,7.873003140503625e-05,
10,random_matched,397.0,10217,47,0.46001761769599686,0.0002742863550086903,0.8758568164508759,27453,0.22767116390649342,
10,random,398.0,10217,0,0.0,0.0,0.0,238,0.0009484075488188425,
10,random_matched,398.0,10217,45,0.44044239992169915,6.871520457750281e-05,0.8377760853008378,36230,0.4257271454968693,
10,random,399.0,10217,0,0.0,0.0,0.0,83,0.00023147479922449544,
10,random_matched,399.0,10217,37,0.3621415288245082,0.0002708076142526989,0.6854531607006854,32670,0.377269342847925,
10,random,400.0,10217,0,0.0,0.0,0.0,65,0.002116694492889976,
10,random_matched,400.0,10217,4,0.03915043554859548,0.0002055308518444959,0.01904036557501904,32192,0.35532786270682937,
10,random,401.0,10217,0,0.0,0.0,0.0,31,0.004317162843331123,
10,random_matched,401.0,10217,47,0.46001761769599686,6.886583791534313e-05,0.8758568164508759,30768,0.5226203567145432,
10,random,402.0,10217,0,0.0,0.0,0.0,170,0.0005374499896150555,
10,random_matched,402.0,10217,6,0.058725653322893215,0.0002056556385025961,0.03808073115003808,30680,0.5419857954972614,
10,random,403.0,10217,0,0.0,0.0,0.0,31,0.0021740366699383967,
10,random_matched,403.0,10217,37,0.3621415288245082,6.540349451531591e-05,0.6664127951256664,25376,0.566776548581958,
10,random,404.0,10217,0,0.0,0.0,0.0,326,0.002362108853172215,
10,random_matched,404.0,10217,48,0.4698052265831457,6.89186429599735e-05,0.8758568164508759,28920,0.5204464597100236,
10,random,405.0,10217,0,0.0,0.0,0.0,23,0.0007546122576294027,
10,random_matched,405.0,10217,49,0.47959283547029463,0.0002743600041498853,0.8568164508758568,28040,0.3537555427515329,
10,random,406.0,10217,0,0.0,0.0,0.0,135,0.00042695877229546094,
10,random_matched,406.0,10217,49,0.47959283547029463,0.0002743333237062826,0.8948971820258949,30472,0.3676471525445336,
10,random,407.0,10217,0,0.0,0.0,0.0,978,0.00960304344416331,
10,random_matched,407.0,10217,46,0.450230008808848,6.877829270977173e-05,0.8187357197258187,30237,0.3776660085083101,
10,random,408.0,10217,0,0.0,0.0,0.0,480,0.002682318806528379,
10,random_matched,408.0,10217,6,0.058725653322893215,1.887085542316971e-07,0.05712109672505712,35283,0.3258351780727247,
10,random,409.0,10217,0,0.0,0.0,0.0,56,0.0009181191982295245,
10,random_matched,409.0,10217,46,0.450230008808848,6.877829270977173e-05,0.8187357197258187,35671,0.4434513473756619,
10,random,410.0,10217,1,0.00978760888714887,6.784058628565134e-07,0.01904036557501904,172,0.0008957044856235227,
10,random_matched,410.0,10217,45,0.44044239992169915,6.881886921775087e-05,0.8568164508758568,27749,0.38264436807650304,
10,random,411.0,10217,0,0.0,0.0,0.0,31,0.0006568607484517309,
10,random_matched,411.0,10217,46,0.450230008808848,6.885527690641707e-05,0.8758568164508759,22817,0.4775508164926355,
10,random,412.0,10217,0,0.0,0.0,0.0,627,0.0019271701067223267,
10,random_matched,412.0,10217,34,0.33277870216306155,6.520005613284522e-05,0.6283320639756284,33553,0.4685214201881549,
10,random,413.0,10217,0,0.0,0.0,0.0,54,0.0037830441913752053,
10,random_matched,413.0,10217,47,0.46001761769599686,6.885555482770459e-05,0.8948971820258949,29871,0.43348289316988503,
10,random,414.0,10217,0,0.0,0.0,0.0,26,0.000525113406659136,
10,random_matched,414.0,10217,5,0.04893804443574435,0.00020564507749367002,0.03808073115003808,25361,0.2950651008216679,
10,random,415.0,10217,0,0.0,0.0,0.0,180,0.0033889797994148003,
10,random_matched,415.0,10217,35,0.34256631105021046,6.526314426511414e-05,0.6092916984006093,33581,0.4956483757779484,
10,random,416.0,10217,0,0.0,0.0,0.0,39,0.00048538653055343385,
10,random_matched,416.0,10217,6,0.058725653322893215,2.2483832161037254e-07,0.05712109672505712,30296,0.4801610314396154,
10,random,417.0,10217,0,0.0,0.0,0.0,43,0.000694289493575808,
10,random_matched,417.0,10217,36,0.3523539199373593,6.535068947068554e-05,0.6664127951256664,33244,0.6441385381648305,
10,random,418.0,10217,0,0.0,0.0,0.0,589,0.0020698605514971762,
10,random_matched,418.0,10217,34,0.33277870216306155,6.530372077309326e-05,0.6473724295506473,24791,0.43837721065943847,
10,random,419.0,10217,4,0.03915043554859548,3.034900459808737e-06,0.0,200,0.016225230074957332,
10,random_matched,419.0,10217,45,0.44044239992169915,6.876773170084565e-05,0.8187357197258187,32762,0.5334065106824519,
10,random,420.0,10217,0,0.0,0.0,0.0,268,0.0009897612096318414,
10,random_matched,420.0,10217,46,0.450230008808848,6.885527690641707e-05,0.8758568164508759,24189,0.34847484088094455,
10,random,421.0,10217,0,0.0,0.0,0.0,33,0.0011023505824470912,
10,random_matched,421.0,10217,45,0.44044239992169915,6.881886921775087e-05,0.8568164508758568,27749,0.38264436807650304,
10,random,422.0,10217,0,0.0,0.0,0.0,29,0.0001555269664456945,
10,random_matched,422.0,10217,45,0.44044239992169915,6.876773170084565e-05,0.8187357197258187,23154,0.32906065410575347,
10,random,423.0,10217,0,0.0,0.0,0.0,197,0.0005414272798360171,
10,random_matched,423.0,10217,48,0.4698052265831457,6.89186429599735e-05,0.8758568164508759,27941,0.5802830706603685,
10,random,424.0,10217,0,0.0,0.0,0.0,962,0.0023897959353368897,
10,random_matched,424.0,10217,47,0.46001761769599686,0.0002742863550086903,0.8758568164508759,32494,0.36269586743519117,
10,random,425.0,10217,0,0.0,0.0,0.0,28,0.00026634988913487454,
10,random_matched,425.0,10217,3,0.029362826661446607,1.1478149174917659e-07,0.05712109672505712,31423,0.4516186049211284,
10,random,426.0,10217,0,0.0,0.0,0.0,59,0.0027040669341811476,
10,random_matched,426.0,10217,37,0.3621415288245082,6.540349451531591e-05,0.6664127951256664,27615,0.4341647587896182,
10,random,427.0,10217,0,0.0,0.0,0.0,49,0.00044083484907194424,
10,random_matched,427.0,10217,2,0.01957521777429774,0.00020546748579093946,0.01904036557501904,26200,0.25613142271974515,
10,random,428.0,10217,0,0.0,0.0,0.0,753,0.0016222916072905391,
10,random_matched,428.0,10217,36,0.3523539199373593,0.0002708073363314114,0.6664127951256664,26595,0.3615006552203305,
10,random,429.0,10217,0,0.0,0.0,0.0,91,0.003709253237052225,
10,random_matched,429.0,10217,47,0.46001761769599686,0.00027432248477606897,0.8758568164508759,25661,0.5803941459330758,
10,random,430.0,10217,0,0.0,0.0,0.0,75,0.00035387725481556524,
10,random_matched,430.0,10217,46,0.450230008808848,0.00027423493957049757,0.8187357197258187,25411,0.42250122983519284,
10,random,431.0,10217,0,0.0,0.0,0.0,30,0.0006495045073606866,
10,random_matched,431.0,10217,46,0.450230008808848,6.881914713903839e-05,0.8758568164508759,28390,0.3326277168367458,
10,random,432.0,10217,0,0.0,0.0,0.0,218,0.001165698372502742,
10,random_matched,432.0,10217,5,0.04893804443574435,0.0002056183970500673,0.07616146230007616,20987,0.3722473473590078,
10,random,433.0,10217,0,0.0,0.0,0.0,32,0.0076575977999731575,
10,random_matched,433.0,10217,47,0.46001761769599686,0.0002742352174917851,0.8377760853008378,26920,0.36894876441478663,
10,random,434.0,10217,0,0.0,0.0,0.0,34,0.0005174683120883571,
10,random_matched,434.0,10217,47,0.46001761769599686,0.0002742863550086903,0.8758568164508759,27453,0.22767116390649342,
10,random,435.0,10217,0,0.0,0.0,0.0,27,7.69984976336599e-05,
10,random_matched,435.0,10217,45,0.44044239992169915,0.0002741821345258672,0.8187357197258187,34259,0.4400266084677201,
10,random,436.0,10217,0,0.0,0.0,0.0,350,0.0013254898955421012,
10,random_matched,436.0,10217,35,0.34256631105021046,6.526314426511414e-05,0.6092916984006093,27560,0.42046028319959566,
10,random,437.0,10217,0,0.0,0.0,0.0,33,0.00022827043012787874,
10,random_matched,437.0,10217,45,0.44044239992169915,6.876773170084565e-05,0.8187357197258187,27720,0.3983818071537542,
10,random,438.0,10217,0,0.0,0.0,0.0,35,0.0001861549579397555,
10,random_matched,438.0,10217,36,0.3523539199373593,6.5340406383047e-05,0.6854531607006854,26327,0.47981298204181955,
10,random,439.0,10217,0,0.0,0.0,0.0,28,8.378179308632944e-05,
10,random_matched,439.0,10217,36,0.3523539199373593,0.00027073035213476607,0.6092916984006093,32643,0.39069182284769605,
10,random,440.0,10217,0,0.0,0.0,0.0,25,0.0001803144040638023,
10,random_matched,440.0,10217,47,0.46001761769599686,0.00027432248477606897,0.8758568164508759,26054,0.5111547812717299,
10,random,441.0,10217,0,0.0,0.0,0.0,230,0.0019814412316647772,
10,random_matched,441.0,10217,4,0.03915043554859548,0.00020559227244903967,0.03808073115003808,31969,0.4452022692465351,
10,random,442.0,10217,0,0.0,0.0,0.0,55,0.0017448210314441298,
10,random_matched,442.0,10217,46,0.450230008808848,0.0002742860770874028,0.8568164508758568,21378,0.21190247627889888,
10,random,443.0,10217,0,0.0,0.0,0.0,438,0.0005306873265537957,
10,random_matched,443.0,10217,5,0.04893804443574435,0.0002056183970500673,0.07616146230007616,27400,0.37819607527601456,
10,random,444.0,10217,0,0.0,0.0,0.0,37,0.0003485461622967265,
10,random_matched,444.0,10217,46,0.450230008808848,6.876800962213318e-05,0.8377760853008378,28250,0.40466595268369304,
10,random,445.0,10217,0,0.0,0.0,0.0,339,0.022844229794832083,
10,random_matched,445.0,10217,47,0.46001761769599686,0.00027432248477606897,0.8758568164508759,27900,0.44778235614073586,
10,random,446.0,10217,0,0.0,0.0,0.0,197,0.00031372503402541865,
10,random_matched,446.0,10217,34,0.33277870216306155,6.530372077309326e-05,0.6473724295506473,24791,0.43837721065943847,
10,random,447.0,10217,0,0.0,0.0,0.0,54,0.00011493829122188293,
10,random_matched,447.0,10217,36,0.3523539199373593,6.535068947068554e-05,0.6664127951256664,29070,0.5055780204554837,
10,random,448.0,10217,0,0.0,0.0,0.0,52,0.0025821818754823496,
10,random_matched,448.0,10217,5,0.04893804443574435,1.6175018934145465e-07,0.07616146230007616,24834,0.3872487369824701,
10,random,449.0,10217,0,0.0,0.0,0.0,33,0.005397725620449659,
10,random_matched,449.0,10217,47,0.46001761769599686,6.882970814796446e-05,0.8758568164508759,36341,0.3776972570586535,
10,random,450.0,10217,0,0.0,0.0,0.0,136,0.09685375732397762,
10,random_matched,450.0,10217,47,0.46001761769599686,6.886583791534313e-05,0.8758568164508759,29508,0.5953955355565381,
10,random,451.0,10217,0,0.0,0.0,0.0,105,0.001115875908569611,
10,random_matched,451.0,10217,6,0.058725653322893215,2.1455523397182645e-07,0.07616146230007616,27553,0.4543959930259512,
10,random,452.0,10217,0,0.0,0.0,0.0,26,0.00021227556546433087,
10,random_matched,452.0,10217,34,0.33277870216306155,0.0002706669860812096,0.6092916984006093,28387,0.28442375449931406,
10,random,453.0,10217,0,0.0,0.0,0.0,720,0.0012651290409197503,
10,random_matched,453.0,10217,37,0.3621415288245082,0.00027081789734033747,0.6664127951256664,31914,0.608421349895924,
10,random,454.0,10217,0,0.0,0.0,0.0,66,7.746669420795506e-05,
10,random_matched,454.0,10217,35,0.34256631105021046,6.531428178201934e-05,0.6473724295506473,28961,0.2756468685106535,
10,random,455.0,10217,0,0.0,0.0,0.0,82,0.0007594164306137805,
10,random_matched,455.0,10217,38,0.37192913771165703,6.540377243660345e-05,0.6854531607006854,21843,0.37819937963285416,
10,random,456.0,10217,0,0.0,0.0,0.0,211,0.021688912689422444,
10,random_matched,456.0,10217,6,0.058725653322893215,1.887085542316971e-07,0.05712109672505712,27610,0.39266162899771284,
10,random,457.0,10217,0,0.0,0.0,0.0,71,0.009391369392263921,
10,random_matched,457.0,10217,47,0.46001761769599686,6.877857063105926e-05,0.8377760853008378,37572,0.32065951729390973,
10,random,458.0,10217,0,0.0,0.0,0.0,298,0.001218769644529372,
10,random_matched,458.0,10217,44,0.43065479103455023,6.870464356857674e-05,0.8377760853008378,21866,0.37470887735795483,
10,random,459.0,10217,0,0.0,0.0,0.0,31,3.512585282135754e-05,
10,random_matched,459.0,10217,36,0.3523539199373593,6.536708682664971e-05,0.6473724295506473,28936,0.6009460757775166,
10,random,460.0,10217,0,0.0,0.0,0.0,880,0.0018077672834208088,
10,random_matched,460.0,10217,35,0.34256631105021046,6.534012846175947e-05,0.6664127951256664,25293,0.5990689979429228,
10,random,461.0,10217,0,0.0,0.0,0.0,103,0.001380238739701036,
10,random_matched,461.0,10217,46,0.450230008808848,0.0002742860770874028,0.8568164508758568,30986,0.41624833285559737,
10,random,462.0,10217,0,0.0,0.0,0.0,1888,0.01552832820320766,
10,random_matched,462.0,10217,36,0.3523539199373593,0.0002708073363314114,0.6664127951256664,23963,0.5633518096740163,
10,random,463.0,10217,0,0.0,0.0,0.0,185,0.0014408090924515463,
10,random_matched,463.0,10217,49,0.47959283547029463,6.892920396889958e-05,0.8758568164508759,29591,0.5631030861955734,
10,random,464.0,10217,0,0.0,0.0,0.0,158,0.0062176441582115945,
10,random_matched,464.0,10217,37,0.3621415288245082,6.540349451531591e-05,0.6664127951256664,31789,0.5727252764989649,
10,random,465.0,10217,0,0.0,0.0,0.0,61,0.00013489457503607728,
10,random_matched,465.0,10217,46,0.450230008808848,6.881914713903839e-05,0.8758568164508759,27523,0.3361635310173947,
10,random,466.0,10217,0,0.0,0.0,0.0,67,0.008870679252901602,
10,random_matched,466.0,10217,46,0.450230008808848,6.877829270977173e-05,0.8187357197258187,29258,0.4375026194586551,
10,random,467.0,10217,0,0.0,0.0,0.0,142,0.006649311877069543,
10,random_matched,467.0,10217,3,0.029362826661446607,1.1478149174917659e-07,0.05712109672505712,25989,0.3858332660537766,
10,random,468.0,10217,0,0.0,0.0,0.0,24,0.0002572160881685402,
10,random_matched,468.0,10217,47,0.46001761769599686,6.877857063105926e-05,0.8377760853008378,32138,0.25487417842655796,
10,random,469.0,10217,0,0.0,0.0,0.0,26,0.017279561147059086,
10,random_matched,469.0,10217,48,0.4698052265831457,0.0002743330457849951,0.8758568164508759,30810,0.3578271928339458,
10,random,470.0,10217,0,0.0,0.0,0.0,58,0.002929525010649192,
10,random_matched,470.0,10217,36,0.3523539199373593,6.526342218640167e-05,0.6283320639756284,33635,0.4362289708271902,
10,random,471.0,10217,0,0.0,0.0,0.0,27,9.682939999236505e-05,
10,random_matched,471.0,10217,47,0.46001761769599686,6.886583791534313e-05,0.8758568164508759,34942,0.6611808744238898,
10,random,472.0,10217,68,0.6655574043261231,2.092747295087893e-06,0.01904036557501904,2087,0.16969839749231352,
10,random_matched,472.0,10217,44,0.43065479103455023,6.871492665621528e-05,0.8187357197258187,23742,0.40400972995226797,
10,random,473.0,10217,0,0.0,0.0,0.0,1110,0.004002188756071907,
10,random_matched,473.0,10217,2,0.01957521777429774,0.00020547776887857802,0.0,33118,0.42045697884275607,
10,random,474.0,10217,0,0.0,0.0,0.0,90,0.010808125877652949,
10,random_matched,474.0,10217,2,0.01957521777429774,1.083893021360263e-08,0.01904036557501904,28676,0.40020878795489845,
10,random,475.0,10217,0,0.0,0.0,0.0,289,0.0008018905889910248,
10,random_matched,475.0,10217,4,0.03915043554859548,7.420498377004878e-08,0.01904036557501904,33800,0.5029410421226316,
10,random,476.0,10217,0,0.0,0.0,0.0,51,0.0032043516384393563,
10,random_matched,476.0,10217,49,0.47959283547029463,6.892920396889958e-05,0.8758568164508759,30851,0.49032790735357856,
10,random,477.0,10217,0,0.0,0.0,0.0,33,0.00016708745406320618,
10,random_matched,477.0,10217,6,0.058725653322893215,0.00020562895805899338,0.07616146230007616,30310,0.2882409119692245,
10,random,478.0,10217,0,0.0,0.0,0.0,56,0.0021624222206818133,
10,random_matched,478.0,10217,5,0.04893804443574435,0.0002056183970500673,0.07616146230007616,27793,0.3089567106146686,
10,random,479.0,10217,0,0.0,0.0,0.0,38,0.0001556364768308686,
10,random_matched,479.0,10217,48,0.4698052265831457,0.0002743494431409592,0.8568164508758568,24263,0.4472465202389719,
10,random,480.0,10217,0,0.0,0.0,0.0,1014,0.009164838431442576,
10,random_matched,480.0,10217,38,0.37192913771165703,6.537792575686332e-05,0.6664127951256664,33354,0.45743844705032033,
10,random,481.0,10217,0,0.0,0.0,0.0,1739,0.00957725295490129,
10,random_matched,481.0,10217,4,0.03915043554859548,1.6147226805392638e-07,0.05712109672505712,25565,0.30818941261053634,
10,random,482.0,10217,0,0.0,0.0,0.0,49,0.004121097989086626,
10,random_matched,482.0,10217,48,0.4698052265831457,6.886611583663067e-05,0.8948971820258949,30542,0.4761395196554349,
10,random,483.0,10217,0,0.0,0.0,0.0,251,0.00029957756194654733,
10,random_matched,483.0,10217,5,0.04893804443574435,1.7814754530562273e-07,0.05712109672505712,26939,0.350005002512163,
10,random,484.0,10217,0,0.0,0.0,0.0,48,0.002994158357400365,
10,random_matched,484.0,10217,2,0.01957521777429774,0.00020546748579093946,0.01904036557501904,31242,0.3911561262484429,
10,random,485.0,10217,0,0.0,0.0,0.0,25,0.0001532034417515653,
10,random_matched,485.0,10217,47,0.46001761769599686,6.88822352713073e-05,0.8568164508758568,21419,0.3444031907985316,
10,random,486.0,10217,0,0.0,0.0,0.0,115,0.00271474499028914,
10,random_matched,486.0,10217,39,0.3817167465988059,6.541433344552952e-05,0.6854531607006854,36207,0.42921764777176863,
10,random,487.0,10217,0,0.0,0.0,0.0,41,0.0001734628630087779,
10,random_matched,487.0,10217,38,0.37192913771165703,6.540377243660345e-05,0.6854531607006854,21843,0.37819937963285416,
10,random,488.0,10217,0,0.0,0.0,0.0,66,0.00024329398528814307,
10,random_matched,488.0,10217,5,0.04893804443574435,2.1427731268429817e-07,0.05712109672505712,22738,0.36585212655636173,
10,random,489.0,10217,0,0.0,0.0,0.0,423,0.0013731586552334744,
10,random_matched,489.0,10217,38,0.37192913771165703,6.540377243660345e-05,0.6854531607006854,31451,0.5825452362095527,
10,random,490.0,10217,0,0.0,0.0,0.0,32,7.491462610128857e-05,
10,random_matched,490.0,10217,49,0.47959283547029463,6.889307420152091e-05,0.8758568164508759,30011,0.33945607978068204,
10,random,491.0,10217,0,0.0,0.0,0.0,445,0.00794930331104342,
10,random_matched,491.0,10217,47,0.46001761769599686,6.886583791534313e-05,0.8758568164508759,29508,0.5953955355565381,
10,random,492.0,10217,9,0.08808847998433983,1.450749120897583e-07,0.17136329017517135,121,0.0017267946697802504,
10,random_matched,492.0,10217,45,0.44044239992169915,0.0002741821345258672,0.8187357197258187,29217,0.3050019049390224,
10,random,493.0,10217,19,0.18596456885582852,8.807881444346016e-06,0.3617669459253618,31,0.004856682420515267,
10,random_matched,493.0,10217,5,0.04893804443574435,0.00020562868013770586,0.05712109672505712,33450,0.5460574455796744,
10,random,494.0,10217,0,0.0,0.0,0.0,140,0.00173854243602748,
10,random_matched,494.0,10217,7,0.06851326221004209,0.00020569204619126232,0.05712109672505712,28380,0.4350410894597081,
10,random,495.0,10217,0,0.0,0.0,0.0,51,0.0006153071121527618,
10,random_matched,495.0,10217,46,0.450230008808848,6.885527690641707e-05,0.8758568164508759,21950,0.48108663067328444,
10,random,496.0,10217,0,0.0,0.0,0.0,99,0.004436946572320203,
10,random_matched,496.0,10217,6,0.058725653322893215,2.1455523397182645e-07,0.07616146230007616,32987,0.520181331893303,
10,random,497.0,10217,0,0.0,0.0,0.0,25,0.004198048873509341,
10,random_matched,497.0,10217,48,0.4698052265831457,0.0002743227626973565,0.8948971820258949,28934,0.3285263402396327,
10,random,498.0,10217,0,0.0,0.0,0.0,612,1.0677619717043274,
10,random_matched,498.0,10217,48,0.4698052265831457,6.886611583663067e-05,0.8948971820258949,26368,0.3375790019460882,
10,random,499.0,10217,0,0.0,0.0,0.0,451,0.0010324305821739614,
10,random_matched,499.0,10217,37,0.3621415288245082,0.00027081789734033747,0.6664127951256664,34153,0.47580956010358416,
10,random,500.0,10217,0,0.0,0.0,0.0,32,0.044421222870606576,
10,random_matched,500.0,10217,46,0.450230008808848,6.881914713903839e-05,0.8758568164508759,28783,0.2633883521753998,
10,random,501.0,10217,0,0.0,0.0,0.0,92,0.0029845182692909795,
10,random_matched,501.0,10217,47,0.46001761769599686,6.886583791534313e-05,0.8758568164508759,24467,0.46037083202784035,
10,random,502.0,10217,0,0.0,0.0,0.0,3063,0.015212527233185029,
10,random_matched,502.0,10217,48,0.4698052265831457,6.886611583663067e-05,0.8948971820258949,30542,0.4761395196554349,
10,random,503.0,10217,0,0.0,0.0,0.0,1951,0.00710909202277661,
10,random_matched,503.0,10217,3,0.029362826661446607,7.392706248252051e-08,0.0,29964,0.3545605647026971,
10,random,504.0,10217,0,0.0,0.0,0.0,125,0.004250672581353085,
10,random_matched,504.0,10217,33,0.3229910932759127,6.519977821155769e-05,0.6092916984006093,28457,0.39291612161021533,
10,random,505.0,10217,0,0.0,0.0,0.0,84,0.0048759610096270065,
10,random_matched,505.0,10217,45,0.44044239992169915,6.881886921775087e-05,0.8568164508758568,27749,0.38264436807650304,
10,random,506.0,10217,1,0.00978760888714887,9.393739518455614e-08,0.01904036557501904,2144,0.19602339266040664,
10,random_matched,506.0,10217,7,0.06851326221004209,2.2511624289790082e-07,0.07616146230007616,29091,0.49351680533085207,
10,random,507.0,10217,0,0.0,0.0,0.0,449,0.0011020649031814194,
10,random_matched,507.0,10217,36,0.3523539199373593,6.526342218640167e-05,0.6283320639756284,28201,0.3704436319598384,
10,random,508.0,10217,0,0.0,0.0,0.0,60,0.0005711760140346222,
10,random_matched,508.0,10217,37,0.3621415288245082,0.00027081789734033747,0.6664127951256664,28133,0.4006214675252314,
10,random,509.0,10217,0,0.0,0.0,0.0,45,0.023580485572535052,
10,random_matched,509.0,10217,47,0.46001761769599686,6.885555482770459e-05,0.8948971820258949,29004,0.43701870735053394,
10,random,510.0,10217,0,0.0,0.0,0.0,27,0.00019641084357736676,
10,random_matched,510.0,10217,38,0.37192913771165703,0.0002708448557052277,0.6473724295506473,26342,0.33671320649247344,
10,random,511.0,10217,0,0.0,0.0,0.0,186,0.00014183340697783472,
10,random_matched,511.0,10217,47,0.46001761769599686,6.886583791534313e-05,0.8758568164508759,29508,0.5953955355565381,
10,random,512.0,10217,0,0.0,0.0,0.0,24,6.729651235004528e-05,
10,random_matched,512.0,10217,35,0.34256631105021046,6.53039986943808e-05,0.6664127951256664,25825,0.3191211947583353,
10,random,513.0,10217,1,0.00978760888714887,1.801485785758263e-06,0.0,190,0.00040133492927174787,
10,random_matched,513.0,10217,6,0.058725653322893215,0.00020568148518233624,0.05712109672505712,24210,0.597771431608493,
10,random,514.0,10217,1,0.00978760888714887,6.784058628565134e-07,0.01904036557501904,306,0.0008247004912478724,
10,random_matched,514.0,10217,5,0.04893804443574435,1.6175018934145465e-07,0.07616146230007616,29008,0.5258092546918167,
10,random,515.0,10217,0,0.0,0.0,0.0,24,0.0010737826558799288,
10,random_matched,515.0,10217,47,0.46001761769599686,6.885555482770459e-05,0.8948971820258949,35305,0.4992682320372368,
10,random,516.0,10217,0,0.0,0.0,0.0,124,0.003268172386390397,
10,random_matched,516.0,10217,46,0.450230008808848,6.885527690641707e-05,0.8758568164508759,21557,0.5503259953346303,
10,random,517.0,10217,0,0.0,0.0,0.0,90,0.001734880980105789,
10,random_matched,517.0,10217,2,0.01957521777429774,0.00020546748579093946,0.01904036557501904,27068,0.25259560853909624,
10,random,518.0,10217,0,0.0,0.0,0.0,107,0.0008974645873214663,
10,random_matched,518.0,10217,46,0.450230008808848,6.881914713903839e-05,0.8758568164508759,26151,0.4652395066290857,
10,random,519.0,10217,0,0.0,0.0,0.0,151,0.0009156131562267718,
10,random_matched,519.0,10217,5,0.04893804443574435,0.00020554141285342197,0.01904036557501904,33841,0.3381478782420342,
10,random,520.0,10217,0,0.0,0.0,0.0,37,0.0002803481731527841,
10,random_matched,520.0,10217,37,0.3621415288245082,0.0002708076142526989,0.6854531607006854,31298,0.5063453184596161,
10,random,521.0,10217,0,0.0,0.0,0.0,29,0.000519666455326997,
10,random_matched,521.0,10217,43,0.4208671821474014,6.870436564728922e-05,0.8187357197258187,27638,0.43067425651471886,
10,random,522.0,10217,0,0.0,0.0,0.0,33,0.0035147104184509444,
10,random_matched,522.0,10217,35,0.34256631105021046,6.534012846175947e-05,0.6664127951256664,26665,0.46999302233123175,
10,random,523.0,10217,0,0.0,0.0,0.0,216,0.011156134010665994,
10,random_matched,523.0,10217,3,0.029362826661446607,0.0002055817114401136,0.03808073115003808,29452,0.4659180678919792,
10,random,524.0,10217,0,0.0,0.0,0.0,157,0.04080302989948718,
10,random_matched,524.0,10217,46,0.450230008808848,0.00027423493957049757,0.8187357197258187,25411,0.42250122983519284,
10,random,525.0,10217,0,0.0,0.0,0.0,43,0.0004742990008313118,
10,random_matched,525.0,10217,37,0.3621415288245082,6.540349451531591e-05,0.6664127951256664,27615,0.4341647587896182,
10,random,526.0,10217,1,0.00978760888714887,8.559975655870796e-08,0.01904036557501904,1635,0.16468278852209106,
10,random_matched,526.0,10217,46,0.450230008808848,6.876800962213318e-05,0.8377760853008378,21948,0.3424164279969902,
10,random,527.0,10217,2,0.01957521777429774,8.911268163306532e-06,0.03808073115003808,381,0.007238495207483666,
10,random_matched,527.0,10217,36,0.3523539199373593,6.5340406383047e-05,0.6854531607006854,28566,0.34720119224947965,
10,random,528.0,10217,0,0.0,0.0,0.0,55,0.012604738972856312,
10,random_matched,528.0,10217,5,0.04893804443574435,0.00020559255037032719,0.05712109672505712,32891,0.38224705011512805,
10,random,529.0,10217,0,0.0,0.0,0.0,61,9.545337819604674e-05,
10,random_matched,529.0,10217,49,0.47959283547029463,6.891892088126104e-05,0.8948971820258949,32756,0.668826937129958,
10,random,530.0,10217,0,0.0,0.0,0.0,493,0.0011932727700681796,
10,random_matched,530.0,10217,37,0.3621415288245082,0.0002708076142526989,0.6854531607006854,27236,0.31148400398057324,
10,random,531.0,10217,0,0.0,0.0,0.0,26,3.4841760662717426e-05,
10,random_matched,531.0,10217,34,0.33277870216306155,6.525258325618806e-05,0.6092916984006093,26022,0.3813394708946948,
10,random,532.0,10217,0,0.0,0.0,0.0,248,0.004462803720077548,
10,random_matched,532.0,10217,5,0.04893804443574435,0.00020554141285342197,0.01904036557501904,33730,0.39444867501173025,
10,random,533.0,10217,0,0.0,0.0,0.0,99,0.0006487934834105706,
10,random_matched,533.0,10217,36,0.3523539199373593,6.531455970330687e-05,0.6664127951256664,35036,0.2914155561382481,
10,random,534.0,10217,0,0.0,0.0,0.0,30,0.00020378930416685217,
10,random_matched,534.0,10217,46,0.450230008808848,0.0002742860770874028,0.8568164508758568,26419,0.34692717980759663,
10,random,535.0,10217,0,0.0,0.0,0.0,33,9.351869472463726e-05,
10,random_matched,535.0,10217,46,0.450230008808848,0.00027418241244715476,0.8377760853008378,30139,0.2420466858076153,
10,random,536.0,10217,0,0.0,0.0,0.0,45,0.012240382050311693,
10,random_matched,536.0,10217,37,0.3621415288245082,0.00027081789734033747,0.6664127951256664,26873,0.4733966463672263,
10,random,537.0,10217,0,0.0,0.0,0.0,26,0.00021760824509020117,
10,random_matched,537.0,10217,39,0.3817167465988059,6.541433344552952e-05,0.6854531607006854,35228,0.48905425872211367,
10,random,538.0,10217,2,0.01957521777429774,6.936915336705684e-07,0.03808073115003808,291,0.0008414301864670089,
10,random_matched,538.0,10217,4,0.03915043554859548,0.0002055308518444959,0.01904036557501904,29953,0.48793965249916926,
10,random,539.0,10217,0,0.0,0.0,0.0,44,0.0051876323271536524,
10,random_matched,539.0,10217,47,0.46001761769599686,6.885555482770459e-05,0.8948971820258949,35305,0.4992682320372368,
10,random,540.0,10217,0,0.0,0.0,0.0,59,0.00015634750078098467,
10,random_matched,540.0,10217,45,0.44044239992169915,0.00027417185143822865,0.8377760853008378,27341,0.27570105234470926,
10,random,541.0,10217,0,0.0,0.0,0.0,403,0.00790993512112684,
10,random_matched,541.0,10217,49,0.47959283547029463,0.00027438585082962543,0.8758568164508759,26611,0.5445658823914622,
10,random,542.0,10217,0,0.0,0.0,0.0,443,0.008704361545748676,
10,random_matched,542.0,10217,48,0.4698052265831457,6.888251319259483e-05,0.8758568164508759,26234,0.432947057268121,
10,random,543.0,10217,0,0.0,0.0,0.0,654,0.0011288060695553148,
10,random_matched,543.0,10217,36,0.3523539199373593,0.00027073035213476607,0.6092916984006093,27490,0.3119679160886944,
10,random,544.0,10217,0,0.0,0.0,0.0,98,0.00048753706058112856,
10,random_matched,544.0,10217,3,0.029362826661446607,0.0002055817114401136,0.03808073115003808,24411,0.3308933643632815,
10,random,545.0,10217,0,0.0,0.0,0.0,56,0.0005398909602295165,
10,random_matched,545.0,10217,37,0.3621415288245082,0.00027081789734033747,0.6664127951256664,27740,0.46986083218657737,
10,random,546.0,10217,0,0.0,0.0,0.0,303,0.0077402368759968004,
10,random_matched,546.0,10217,37,0.3621415288245082,6.537764783557579e-05,0.6473724295506473,27672,0.37243039476137985,
10,random,547.0,10217,2,0.01957521777429774,8.614448228226338e-05,0.0,34,0.0011034425120847694,
10,random_matched,547.0,10217,7,0.06851326221004209,0.00020568176310362376,0.07616146230007616,31657,0.48446414362439655,
10,random,548.0,10217,0,0.0,0.0,0.0,585,0.010749986972874711,
10,random_matched,548.0,10217,34,0.33277870216306155,6.520005613284522e-05,0.6283320639756284,28119,0.4027360813208031,
10,random,549.0,10217,0,0.0,0.0,0.0,386,0.007765743273100182,
10,random_matched,549.0,10217,45,0.44044239992169915,6.881886921775087e-05,0.8568164508758568,21336,0.37669564015949625,
10,random,550.0,10217,2,0.01957521777429774,1.6789224979582949e-06,0.03808073115003808,3992,0.09691547356800488,
10,random_matched,550.0,10217,49,0.47959283547029463,6.891892088126104e-05,0.8948971820258949,28975,0.46102705475926536,
10,random,551.0,10217,0,0.0,0.0,0.0,90,0.0008269272024130795,
10,random_matched,551.0,10217,48,0.4698052265831457,0.0002742457785007112,0.8377760853008378,35263,0.34477893997534836,
10,random,552.0,10217,0,0.0,0.0,0.0,23,0.0016953889958407499,
10,random_matched,552.0,10217,48,0.4698052265831457,0.0002743494431409592,0.8568164508758568,25130,0.44371070605832297,
10,random,553.0,10217,0,0.0,0.0,0.0,41,0.0006135247909563773,
10,random_matched,553.0,10217,48,0.4698052265831457,6.89186429599735e-05,0.8758568164508759,34354,0.5862317985773754,
10,random,554.0,10217,0,0.0,0.0,0.0,31,0.00011808076314427078,
10,random_matched,554.0,10217,44,0.43065479103455023,0.00027417157351694116,0.8187357197258187,21155,0.3162331614868108,
10,random,555.0,10217,0,0.0,0.0,0.0,52,0.0030558127042533962,
10,random_matched,555.0,10217,2,0.01957521777429774,0.00020547776887857802,0.0,33118,0.42045697884275607,
10,random,556.0,10217,0,0.0,0.0,0.0,27,0.00012194378165896372,
10,random_matched,556.0,10217,37,0.3621415288245082,0.0002708076142526989,0.6854531607006854,24997,0.44409579377291314,
10,random,557.0,10217,0,0.0,0.0,0.0,36,0.004411779816121565,
10,random_matched,557.0,10217,48,0.4698052265831457,6.888251319259483e-05,0.8758568164508759,27494,0.36017187842612614,
10,random,558.0,10217,0,0.0,0.0,0.0,50,0.0004809981796113114,
10,random_matched,558.0,10217,3,0.029362826661446607,0.0002055817114401136,0.03808073115003808,24018,0.40013272902462743,
10,random,559.0,10217,1,0.00978760888714887,6.784058628565134e-07,0.01904036557501904,40,0.0004130319080939693,
10,random_matched,559.0,10217,50,0.4893804443574435,0.00027439641183855154,0.8758568164508759,35934,0.46055944700167895,
10,random,560.0,10217,0,0.0,0.0,0.0,60,0.0054048882344828585,
10,random_matched,560.0,10217,49,0.47959283547029463,6.889307420152091e-05,0.8758568164508759,30011,0.33945607978068204,
10,random,561.0,10217,0,0.0,0.0,0.0,70,0.0002414688122019077,
10,random_matched,561.0,10217,48,0.4698052265831457,6.889279628023338e-05,0.8568164508758568,30349,0.32963612007009424,
10,random,562.0,10217,0,0.0,0.0,0.0,31,0.00020651436693995315,
10,random_matched,562.0,10217,5,0.04893804443574435,2.1427731268429817e-07,0.05712109672505712,31953,0.6394373477944062,
10,random,563.0,10217,3,0.029362826661446607,6.92615978287834e-05,0.0,61,0.04011975969003114,
10,random_matched,563.0,10217,43,0.4208671821474014,6.870436564728922e-05,0.8187357197258187,22204,0.36488891764736703,
10,random,564.0,10217,3,0.029362826661446607,8.059717338319905e-08,0.0,543,0.0006086285657641719,
10,random_matched,564.0,10217,38,0.37192913771165703,6.541405552424199e-05,0.6664127951256664,34194,0.6083102746232169,
10,random,565.0,10217,0,0.0,0.0,0.0,32,7.557803684045934e-05,
10,random_matched,565.0,10217,38,0.37192913771165703,6.541405552424199e-05,0.6664127951256664,28760,0.542524935755865,
10,random,566.0,10217,0,0.0,0.0,0.0,69,0.00028386996365570256,
10,random_matched,566.0,10217,4,0.03915043554859548,1.2534250067525093e-07,0.05712109672505712,34333,0.36166344161433833,
10,random,567.0,10217,0,0.0,0.0,0.0,57,0.00013688004593249506,
10,random_matched,567.0,10217,38,0.37192913771165703,6.540377243660345e-05,0.6854531607006854,26017,0.5167598973422008,
10,random,568.0,10217,0,0.0,0.0,0.0,34,6.090364522712697e-05,
10,random_matched,568.0,10217,6,0.058725653322893215,1.887085542316971e-07,0.05712109672505712,29849,0.26004983920537295,
10,random,569.0,10217,0,0.0,0.0,0.0,150,0.0024032625384992437,
10,random_matched,569.0,10217,46,0.450230008808848,6.877829270977173e-05,0.8187357197258187,30126,0.4339668052780062,
10,random,570.0,10217,0,0.0,0.0,0.0,421,0.048820237584873714,
10,random_matched,570.0,10217,3,0.029362826661446607,0.00020547804679986554,0.01904036557501904,28717,0.23541562407430108,
10,random,571.0,10217,0,0.0,0.0,0.0,48,0.0019176284192488945,
10,random_matched,571.0,10217,49,0.47959283547029463,6.892920396889958e-05,0.8758568164508759,35892,0.6253526108822763,
10,random,572.0,10217,0,0.0,0.0,0.0,109,0.000503016115459436,
10,random_matched,572.0,10217,46,0.450230008808848,6.882943022667693e-05,0.8568164508758568,29399,0.36546438361170785,
10,random,573.0,10217,0,0.0,0.0,0.0,44,0.00027411877805411116,
10,random_matched,573.0,10217,4,0.03915043554859548,0.00020554113493213445,0.0,32808,0.45740389414313737,
10,random,574.0,10217,0,0.0,0.0,0.0,95,0.005897670683803125,
10,random_matched,574.0,10217,45,0.44044239992169915,0.0002741821345258672,0.8187357197258187,29106,0.3613027017087185,
10,random,575.0,10217,0,0.0,0.0,0.0,167,0.0003525821754778539,
10,random_matched,575.0,10217,3,0.029362826661446607,0.00020547804679986554,0.01904036557501904,27346,0.36449159968599204,
10,random,576.0,10217,0,0.0,0.0,0.0,73,0.0018940376603325444,
10,random_matched,576.0,10217,47,0.46001761769599686,6.885555482770459e-05,0.8948971820258949,28025,0.496855318300879,
10,random,577.0,10217,0,0.0,0.0,0.0,85,0.005085633719559663,
10,random_matched,577.0,10217,36,0.3523539199373593,0.00027077120656403275,0.6664127951256664,23516,0.3432406174397739,
10,random,578.0,10217,0,0.0,0.0,0.0,44,0.00026223610770920316,
10,random_matched,578.0,10217,36,0.3523539199373593,6.531455970330687e-05,0.6664127951256664,29602,0.22563021727089627,
10,random,579.0,10217,0,0.0,0.0,0.0,66,0.0005748882573813217,
10,random_matched,579.0,10217,47,0.46001761769599686,6.885555482770459e-05,0.8948971820258949,34438,0.5028040462178858,
10,random,580.0,10217,0,0.0,0.0,0.0,28,0.0002676132263319557,
10,random_matched,580.0,10217,3,0.029362826661446607,6.364397484397443e-08,0.01904036557501904,32262,0.46382022981773063,
10,random,581.0,10217,0,0.0,0.0,0.0,354,0.00041307317287678853,
10,random_matched,581.0,10217,38,0.37192913771165703,0.00027087070238496783,0.6664127951256664,29480,0.5968446991804035,
10,random,582.0,10217,0,0.0,0.0,0.0,25,0.0001412509386972709,
10,random_matched,582.0,10217,48,0.4698052265831457,0.0002743227626973565,0.8948971820258949,28934,0.3285263402396327,
10,random,583.0,10217,0,0.0,0.0,0.0,96,0.00037292253919367347,
10,random_matched,583.0,10217,35,0.34256631105021046,6.534012846175947e-05,0.6664127951256664,26272,0.5392323869925777,
10,random,584.0,10217,0,0.0,0.0,0.0,40,9.941479734669325e-05,
10,random_matched,584.0,10217,3,0.029362826661446607,0.00020553057392320838,0.0,24857,0.4123343539212297,
10,random,585.0,10217,0,0.0,0.0,0.0,46,0.002651857461272627,
10,random_matched,585.0,10217,4,0.03915043554859548,1.6147226805392638e-07,0.05712109672505712,28367,0.575825905931574,
10,random,586.0,10217,0,0.0,0.0,0.0,43,0.0001106039019188318,
10,random_matched,586.0,10217,48,0.4698052265831457,6.886611583663067e-05,0.8948971820258949,36955,0.4820882475724416,
10,random,587.0,10217,0,0.0,0.0,0.0,36,0.0007889302729717221,
10,random_matched,587.0,10217,45,0.44044239992169915,0.0002741821345258672,0.8187357197258187,30477,0.23222672609702752,
10,random,588.0,10217,0,0.0,0.0,0.0,103,0.00016479884572377017,
10,random_matched,588.0,10217,36,0.3523539199373593,6.531455970330687e-05,0.6664127951256664,33776,0.36419073498024296,
10,random,589.0,10217,3,0.029362826661446607,3.8269761292643135e-07,0.05712109672505712,123,0.0021859875858856593,
10,random_matched,589.0,10217,47,0.46001761769599686,6.885555482770459e-05,0.8948971820258949,23458,0.42753416525287824,
10,random,590.0,10217,0,0.0,0.0,0.0,47,0.00024436369542738017,
10,random_matched,590.0,10217,46,0.450230008808848,6.885527690641707e-05,0.8758568164508759,28363,0.4870353585902912,
10,random,591.0,10217,0,0.0,0.0,0.0,205,0.04256095726079751,
10,random_matched,591.0,10217,5,0.04893804443574435,0.0002056183970500673,0.07616146230007616,20120,0.3757831615396567,
10,random,592.0,10217,0,0.0,0.0,0.0,84,0.009797072040086383,
10,random_matched,592.0,10217,37,0.3621415288245082,0.00027081789734033747,0.6664127951256664,26873,0.4733966463672263,
10,random,593.0,10217,0,0.0,0.0,0.0,354,0.0005758627410986683,
10,random_matched,593.0,10217,4,0.03915043554859548,1.7786962401809445e-07,0.03808073115003808,25431,0.4035574679325692,
10,random,594.0,10217,0,0.0,0.0,0.0,130,0.00029857609740966513,
10,random_matched,594.0,10217,47,0.46001761769599686,0.0002742352174917851,0.8377760853008378,27312,0.2997093997534407,
10,random,595.0,10217,0,0.0,0.0,0.0,226,0.004169373023664036,
10,random_matched,595.0,10217,36,0.3523539199373593,0.00027078148965167125,0.6473724295506473,26652,0.2997662911920922,
10,random,596.0,10217,0,0.0,0.0,0.0,152,0.001760090588194278,
10,random_matched,596.0,10217,45,0.44044239992169915,6.876773170084565e-05,0.8187357197258187,20915,0.46167244389809337,
10,random,597.0,10217,0,0.0,0.0,0.0,1107,0.010086152476126528,
10,random_matched,597.0,10217,6,0.058725653322893215,2.1455523397182645e-07,0.07616146230007616,32987,0.520181331893303,
10,random,598.0,10217,0,0.0,0.0,0.0,42,0.0015804205495852683,
10,random_matched,598.0,10217,34,0.33277870216306155,6.525258325618806e-05,0.6092916984006093,26890,0.3778036567140458,
10,random,599.0,10217,0,0.0,0.0,0.0,183,0.006101545691749678,
10,random_matched,599.0,10217,6,0.058725653322893215,2.1455523397182645e-07,0.07616146230007616,28420,0.4508601788453023,
10,random,600.0,10217,0,0.0,0.0,0.0,24,0.00010475223829365807,
10,random_matched,600.0,10217,47,0.46001761769599686,0.00027432248477606897,0.8758568164508759,22859,0.31275765261203814,
10,random,601.0,10217,0,0.0,0.0,0.0,102,0.03616574121947256,
10,random_matched,601.0,10217,39,0.3817167465988059,0.00027088126339389393,0.6664127951256664,32864,0.5725930863543105,
10,random,602.0,10217,0,0.0,0.0,0.0,362,0.0009121008883660424,
10,random_matched,602.0,10217,6,0.058725653322893215,0.00020562895805899338,0.07616146230007616,33505,0.4866380406289162,
10,random,603.0,10217,0,0.0,0.0,0.0,47,0.007252417310364063,
10,random_matched,603.0,10217,37,0.3621415288245082,6.535096739197308e-05,0.6854531607006854,35145,0.5213467080830783,
10,random,604.0,10217,0,0.0,0.0,0.0,232,0.0013457889944751015,
10,random_matched,604.0,10217,50,0.4893804443574435,0.000274386128750913,0.8948971820258949,31819,0.5638703841997057,
10,random,605.0,10217,0,0.0,0.0,0.0,38,0.00022759114831839288,
10,random_matched,605.0,10217,51,0.49916805324459235,0.00027439668975983903,0.8948971820258949,35596,0.4703794067122667,
10,random,606.0,10217,0,0.0,0.0,0.0,188,0.002731615938034081,
10,random_matched,606.0,10217,35,0.34256631105021046,6.534012846175947e-05,0.6664127951256664,20252,0.464044294414225,
10,random,607.0,10217,0,0.0,0.0,0.0,57,0.0001786209608611822,
10,random_matched,607.0,10217,48,0.4698052265831457,6.89186429599735e-05,0.8758568164508759,23879,0.38542175618132585,
10,random,608.0,10217,0,0.0,0.0,0.0,197,0.0002009293372960729,
10,random_matched,608.0,10217,44,0.43065479103455023,6.870464356857674e-05,0.8377760853008378,27300,0.4404942162253066,
10,random,609.0,10217,9,0.08808847998433983,8.139202826552992e-06,0.17136329017517135,90,0.008903218121261599,
10,random_matched,609.0,10217,36,0.3523539199373593,6.536708682664971e-05,0.6473724295506473,28936,0.6009460757775166,
10,random,610.0,10217,0,0.0,0.0,0.0,34,0.00016661449616781648,
10,random_matched,610.0,10217,48,0.4698052265831457,0.0002743494431409592,0.8568164508758568,26502,0.314634730446632,
10,random,611.0,10217,0,0.0,0.0,0.0,49,0.0022109416697420757,
10,random_matched,611.0,10217,48,0.4698052265831457,6.89186429599735e-05,0.8758568164508759,27074,0.5838188848410175,
10,random,612.0,10217,0,0.0,0.0,0.0,26,9.15221140789989e-05,
10,random_matched,612.0,10217,5,0.04893804443574435,0.0002056183970500673,0.07616146230007616,22359,0.24317137174731682,
10,random,613.0,10217,0,0.0,0.0,0.0,112,0.00022914651320927172,
10,random_matched,613.0,10217,5,0.04893804443574435,0.0002056183970500673,0.07616146230007616,25161,0.5108078650683544,
10,random,614.0,10217,0,0.0,0.0,0.0,374,0.0013454715730687997,
10,random_matched,614.0,10217,35,0.34256631105021046,6.534012846175947e-05,0.6664127951256664,22491,0.3314325046218851,
10,random,615.0,10217,0,0.0,0.0,0.0,45,7.561295319515254e-05,
10,random_matched,615.0,10217,6,0.058725653322893215,2.2483832161037254e-07,0.05712109672505712,30689,0.41092166677826947,
10,random,616.0,10217,0,0.0,0.0,0.0,40,0.0008404461801074733,
10,random_matched,616.0,10217,46,0.450230008808848,0.00027423493957049757,0.8187357197258187,25411,0.42250122983519284,
10,random,617.0,10217,0,0.0,0.0,0.0,875,0.0009402402960346973,
10,random_matched,617.0,10217,4,0.03915043554859548,1.6147226805392638e-07,0.05712109672505712,30606,0.4432141161392341,
10,random,618.0,10217,0,0.0,0.0,0.0,52,7.010410468878473e-05,
10,random_matched,618.0,10217,47,0.46001761769599686,6.88822352713073e-05,0.8568164508758568,25200,0.5522030731692242,
10,random,619.0,10217,0,0.0,0.0,0.0,33,0.0026180631912507053,
10,random_matched,619.0,10217,35,0.34256631105021046,0.00027066726400249715,0.6283320639756284,28441,0.22500434954855586,
10,random,620.0,10217,0,0.0,0.0,0.0,34,0.0001770036987960745,
10,random_matched,620.0,10217,6,0.058725653322893215,2.1455523397182645e-07,0.07616146230007616,21140,0.4484472651089444,
10,random,621.0,10217,0,0.0,0.0,0.0,41,0.0011721801176194247,
10,random_matched,621.0,10217,47,0.46001761769599686,6.877857063105926e-05,0.8377760853008378,30767,0.38395015403824895,
10,random,622.0,10217,0,0.0,0.0,0.0,33,0.0014223240568555608,
10,random_matched,622.0,10217,5,0.04893804443574435,1.6175018934145465e-07,0.07616146230007616,35814,0.46251861794747756,
10,random,623.0,10217,0,0.0,0.0,0.0,627,0.004843406270196694,
10,random_matched,623.0,10217,46,0.450230008808848,0.00027418241244715476,0.8377760853008378,33921,0.4498465681783079,
10,random,624.0,10217,0,0.0,0.0,0.0,35,0.009878987395303657,
10,random_matched,624.0,10217,46,0.450230008808848,6.885527690641707e-05,0.8758568164508759,18755,0.2826895020135927,
10,random,625.0,10217,0,0.0,0.0,0.0,24,3.63860158043757e-05,
10,random_matched,625.0,10217,48,0.4698052265831457,0.0002743494431409592,0.8568164508758568,26502,0.314634730446632,
10,random,626.0,10217,0,0.0,0.0,0.0,36,0.00018905618959335396,
10,random_matched,626.0,10217,47,0.46001761769599686,6.882970814796446e-05,0.8758568164508759,24887,0.23672382561294894,
10,random,627.0,10217,0,0.0,0.0,0.0,46,0.0001669192207178662,
10,random_matched,627.0,10217,45,0.44044239992169915,6.881886921775087e-05,0.8568164508758568,27749,0.38264436807650304,
10,random,628.0,10217,0,0.0,0.0,0.0,36,0.0009951526122178775,
10,random_matched,628.0,10217,38,0.37192913771165703,0.00027087070238496783,0.6664127951256664,26285,0.3984475705207118,
10,random,629.0,10217,0,0.0,0.0,0.0,43,0.0005356486231342929,
10,random_matched,629.0,10217,48,0.4698052265831457,6.889279628023338e-05,0.8568164508758568,33544,0.528033248729786,
10,random,630.0,10217,0,0.0,0.0,0.0,252,0.00034012497238753965,
10,random_matched,630.0,10217,36,0.3523539199373593,6.535068947068554e-05,0.6664127951256664,28203,0.5091138346361327,
10,random,631.0,10217,0,0.0,0.0,0.0,37,0.004141654199358731,
10,random_matched,631.0,10217,35,0.34256631105021046,0.0002707709286427452,0.6473724295506473,23742,0.38972145449888224,
10,random,632.0,10217,0,0.0,0.0,0.0,29,0.0004725182667419587,
10,random_matched,632.0,10217,37,0.3621415288245082,6.537764783557579e-05,0.6473724295506473,28651,0.3125937838110348,
10,random,633.0,10217,0,0.0,0.0,0.0,48,0.00023671066532144366,
10,random_matched,633.0,10217,47,0.46001761769599686,6.88822352713073e-05,0.8568164508758568,26572,0.42312709755753325,
10,random,634.0,10217,0,0.0,0.0,0.0,52,9.493121998268027e-05,
10,random_matched,634.0,10217,36,0.3523539199373593,0.0002708073363314114,0.6664127951256664,29397,0.6291371485413682,
10,random,635.0,10217,0,0.0,0.0,0.0,78,0.0007036708832390578,
10,random_matched,635.0,10217,48,0.4698052265831457,6.889279628023338e-05,0.8568164508758568,34523,0.4681966377794409,
10,random,636.0,10217,0,0.0,0.0,0.0,166,0.014637816731791235,
10,random_matched,636.0,10217,46,0.450230008808848,0.00027423493957049757,0.8187357197258187,26390,0.3626646188848478,
10,random,637.0,10217,0,0.0,0.0,0.0,81,0.002605967848563575,
10,random_matched,637.0,10217,46,0.450230008808848,6.882943022667693e-05,0.8568164508758568,29287,0.4217651803814039,
10,random,638.0,10217,0,0.0,0.0,0.0,238,0.002752930785467247,
10,random_matched,638.0,10217,35,0.34256631105021046,0.00027066726400249715,0.6283320639756284,28049,0.2942437142099018,
10,random,639.0,10217,0,0.0,0.0,0.0,32,0.00019125274572496246,
10,random_matched,639.0,10217,47,0.46001761769599686,0.00027432248477606897,0.8758568164508759,28293,0.3785429914793899,
10,random,640.0,10217,0,0.0,0.0,0.0,156,0.0005420018125814234,
10,random_matched,640.0,10217,3,0.029362826661446607,6.364397484397443e-08,0.01904036557501904,25849,0.45787150190072384,
10,random,641.0,10217,0,0.0,0.0,0.0,67,0.001118467654352065,
10,random_matched,641.0,10217,45,0.44044239992169915,0.0002741821345258672,0.8187357197258187,29106,0.3613027017087185,
10,random,642.0,10217,0,0.0,0.0,0.0,29,0.0001217644385644032,
10,random_matched,642.0,10217,35,0.34256631105021046,6.52528611774756e-05,0.6283320639756284,26663,0.3313228196549375,
10,random,643.0,10217,0,0.0,0.0,0.0,42,0.00016688113014910999,
10,random_matched,643.0,10217,44,0.43065479103455023,6.870464356857674e-05,0.8377760853008378,28671,0.3114182406136156,
10,random,644.0,10217,0,0.0,0.0,0.0,86,0.00039378188690879646,
10,random_matched,644.0,10217,36,0.3523539199373593,6.5340406383047e-05,0.6854531607006854,27306,0.4199763710914745,
10,random,645.0,10217,0,0.0,0.0,0.0,505,0.006807487725150826,
10,random_matched,645.0,10217,43,0.4208671821474014,6.870436564728922e-05,0.8187357197258187,27638,0.43067425651471886,
10,random,646.0,10217,0,0.0,0.0,0.0,727,0.0009384897169789427,
10,random_matched,646.0,10217,46,0.450230008808848,6.877829270977173e-05,0.8187357197258187,36539,0.439915533195013,
10,random,647.0,10217,0,0.0,0.0,0.0,35,0.0026913748392501696,
10,random_matched,647.0,10217,4,0.03915043554859548,1.7786962401809445e-07,0.03808073115003808,25431,0.4035574679325692,
10,random,648.0,10217,0,0.0,0.0,0.0,38,0.0003365825494932115,
10,random_matched,648.0,10217,45,0.44044239992169915,0.00027417185143822865,0.8377760853008378,28601,0.20292587350271438,
10,random,649.0,10217,0,0.0,0.0,0.0,80,0.006527760110847361,
10,random_matched,649.0,10217,3,0.029362826661446607,0.0002055817114401136,0.03808073115003808,23039,0.45996933997497247,
10,random,650.0,10217,0,0.0,0.0,0.0,115,0.0031822384761693414,
10,random_matched,650.0,10217,39,0.3817167465988059,6.541433344552952e-05,0.6854531607006854,29794,0.42326891985476184,
10,random,651.0,10217,0,0.0,0.0,0.0,24,9.558510807966199e-05,
10,random_matched,651.0,10217,6,0.058725653322893215,0.0002056556385025961,0.03808073115003808,32052,0.41290981988557046,
10,random,652.0,10217,0,0.0,0.0,0.0,34,0.0001326789736200907,
10,random_matched,652.0,10217,38,0.37192913771165703,6.537792575686332e-05,0.6664127951256664,32487,0.4609742612309693,
10,random,653.0,10217,0,0.0,0.0,0.0,52,0.0002687162657188545,
10,random_matched,653.0,10217,4,0.03915043554859548,1.6147226805392638e-07,0.05712109672505712,28367,0.575825905931574,
10,random,654.0,10217,0,0.0,0.0,0.0,22,0.0005013068011865008,
10,random_matched,654.0,10217,4,0.03915043554859548,1.6147226805392638e-07,0.05712109672505712,30606,0.4432141161392341,
10,random,655.0,10217,0,0.0,0.0,0.0,481,0.03882355985475554,
10,random_matched,655.0,10217,5,0.04893804443574435,1.6175018934145465e-07,0.07616146230007616,30380,0.3967332790801258,
10,random,656.0,10217,0,0.0,0.0,0.0,1650,0.3899861172932426,
10,random_matched,656.0,10217,6,0.058725653322893215,2.1455523397182645e-07,0.07616146230007616,27553,0.4543959930259512,
10,random,657.0,10217,0,0.0,0.0,0.0,74,0.005137654326731434,
10,random_matched,657.0,10217,4,0.03915043554859548,1.6147226805392638e-07,0.05712109672505712,23326,0.44080120240287624,
10,random,658.0,10217,0,0.0,0.0,0.0,48,6.623315063893424e-05,
10,random_matched,658.0,10217,48,0.4698052265831457,0.0002743227626973565,0.8948971820258949,27955,0.3883629511899777,
10,random,659.0,10217,0,0.0,0.0,0.0,26,7.452737198560036e-05,
10,random_matched,659.0,10217,47,0.46001761769599686,0.00027432248477606897,0.8758568164508759,22859,0.31275765261203814,
10,random,660.0,10217,0,0.0,0.0,0.0,195,0.0006530516915761093,
10,random_matched,660.0,10217,6,0.058725653322893215,2.2483832161037254e-07,0.05712109672505712,25255,0.34513632791091764,
10,random,661.0,10217,0,0.0,0.0,0.0,47,0.016493860636896486,
10,random_matched,661.0,10217,48,0.4698052265831457,0.0002743330457849951,0.8758568164508759,28571,0.4904389826262857,
10,random,662.0,10217,0,0.0,0.0,0.0,31,0.002631158411367686,
10,random_matched,662.0,10217,48,0.4698052265831457,0.0002743330457849951,0.8758568164508759,30810,0.3578271928339458,
10,random,663.0,10217,0,0.0,0.0,0.0,44,0.0004316375638243495,
10,random_matched,663.0,10217,7,0.06851326221004209,0.00020565591642388362,0.05712109672505712,33953,0.29011798980381837,
10,random,664.0,10217,0,0.0,0.0,0.0,58,0.00043701468244710203,
10,random_matched,664.0,10217,34,0.33277870216306155,6.520005613284522e-05,0.6283320639756284,35792,0.33590963039581495,
10,random,665.0,10217,0,0.0,0.0,0.0,37,0.003926383762925942,
10,random_matched,665.0,10217,37,0.3621415288245082,0.0002708076142526989,0.6854531607006854,27236,0.31148400398057324,
10,random,666.0,10217,0,0.0,0.0,0.0,21,0.00015569996111212898,
10,random_matched,666.0,10217,5,0.04893804443574435,1.8843063294416882e-07,0.03808073115003808,29208,0.3100664904451302,
10,random,667.0,10217,0,0.0,0.0,0.0,211,0.004027720546887792,
10,random_matched,667.0,10217,4,0.03915043554859548,0.00020554113493213445,0.0,26787,0.38221580156478463,
10,random,668.0,10217,0,0.0,0.0,0.0,26,2.7610901027162347e-05,
10,random_matched,668.0,10217,4,0.03915043554859548,0.00020559227244903967,0.03808073115003808,26928,0.3101775657178374,
10,random,669.0,10217,0,0.0,0.0,0.0,32,0.0006008707865941559,
10,random_matched,669.0,10217,5,0.04893804443574435,0.00020554141285342197,0.01904036557501904,28688,0.25942397148303253,
10,random,670.0,10217,0,0.0,0.0,0.0,109,0.0032527330091878773,
10,random_matched,670.0,10217,4,0.03915043554859548,0.0002055308518444959,0.01904036557501904,27150,0.2203031591781316,
10,random,671.0,10217,0,0.0,0.0,0.0,31,9.533593227571508e-05,
10,random_matched,671.0,10217,35,0.34256631105021046,6.534012846175947e-05,0.6664127951256664,20252,0.464044294414225,
10,random,672.0,10217,0,0.0,0.0,0.0,44,0.00022915444874442925,
10,random_matched,672.0,10217,48,0.4698052265831457,6.886611583663067e-05,0.8948971820258949,35976,0.5419248585227867,
10,random,673.0,10217,0,0.0,0.0,0.0,37,0.00010144153302593026,
10,random_matched,673.0,10217,48,0.4698052265831457,0.0002743330457849951,0.8758568164508759,34005,0.5562243214936375,
10,random,674.0,10217,0,0.0,0.0,0.0,41,0.00224628495622675,
10,random_matched,674.0,10217,3,0.029362826661446607,0.00020553057392320838,0.0,26117,0.3395591750792348,
10,random,675.0,10217,0,0.0,0.0,0.0,404,0.0012721948414240285,
10,random_matched,675.0,10217,46,0.450230008808848,0.00027423493957049757,0.8187357197258187,22216,0.22410410117550114,
10,random,676.0,10217,0,0.0,0.0,0.0,80,0.004084908774554157,
10,random_matched,676.0,10217,48,0.4698052265831457,6.888251319259483e-05,0.8758568164508759,27101,0.4294112430874721,
10,random,677.0,10217,0,0.0,0.0,0.0,37,8.530859005064111e-05,
10,random_matched,677.0,10217,48,0.4698052265831457,0.0002743227626973565,0.8948971820258949,28934,0.3285263402396327,
10,random,678.0,10217,0,0.0,0.0,0.0,102,0.00026237736023500746,
10,random_matched,678.0,10217,4,0.03915043554859548,0.0002055308518444959,0.01904036557501904,25779,0.3493791347898226,
10,random,679.0,10217,0,0.0,0.0,0.0,29,0.00017970654207073435,
10,random_matched,679.0,10217,37,0.3621415288245082,0.00027083429469630167,0.6473724295506473,27606,0.5652288875086102,
10,random,680.0,10217,0,0.0,0.0,0.0,44,0.0001789955181206183,
10,random_matched,680.0,10217,43,0.4208671821474014,6.870436564728922e-05,0.8187357197258187,23464,0.29211373880537217,
10,random,681.0,10217,0,0.0,0.0,0.0,326,0.020132443172049676,
10,random_matched,681.0,10217,35,0.34256631105021046,6.526314426511414e-05,0.6092916984006093,29407,0.3570878580686017,
10,random,682.0,10217,0,0.0,0.0,0.0,26,0.018385969962185746,
10,random_matched,682.0,10217,4,0.03915043554859548,1.2534250067525093e-07,0.05712109672505712,28899,0.2958781027469865,
10,random,683.0,10217,0,0.0,0.0,0.0,44,0.0002170337123447949,
10,random_matched,683.0,10217,36,0.3523539199373593,0.0002707200690471275,0.6283320639756284,31635,0.357855156072734,
10,random,684.0,10217,0,0.0,0.0,0.0,118,0.00035385503531712415,
10,random_matched,684.0,10217,39,0.3817167465988059,0.0002708709803062554,0.6854531607006854,31381,0.47405286909865135,
10,random,685.0,10217,0,0.0,0.0,0.0,66,0.0008037855947866466,
10,random_matched,685.0,10217,36,0.3523539199373593,0.00027078148965167125,0.6473724295506473,31693,0.4347909947207899,
10,random,686.0,10217,0,0.0,0.0,0.0,25,3.771125017568573e-05,
10,random_matched,686.0,10217,46,0.450230008808848,6.881914713903839e-05,0.8758568164508759,28783,0.2633883521753998,
10,random,687.0,10217,0,0.0,0.0,0.0,360,0.0011809314257911654,
10,random_matched,687.0,10217,37,0.3621415288245082,0.00027081789734033747,0.6664127951256664,31914,0.608421349895924,
10,random,688.0,10217,0,0.0,0.0,0.0,430,0.0008321837009014374,
10,random_matched,688.0,10217,50,0.4893804443574435,0.00027439641183855154,0.8758568164508759,34955,0.5203960579520239,
10,random,689.0,10217,0,0.0,0.0,0.0,30,0.00011240844261365756,
10,random_matched,689.0,10217,3,0.029362826661446607,1.5091125912785203e-07,0.05712109672505712,26829,0.5367050936266731,
10,random,690.0,10217,0,0.0,0.0,0.0,46,0.00024464302626492574,
10,random_matched,690.0,10217,4,0.03915043554859548,1.2534250067525093e-07,0.05712109672505712,28899,0.2958781027469865,
10,random,691.0,10217,0,0.0,0.0,0.0,72,0.0003368840998291982,
10,random_matched,691.0,10217,37,0.3621415288245082,0.00027081789734033747,0.6664127951256664,33286,0.4793453742842331,
10,random,692.0,10217,0,0.0,0.0,0.0,338,0.004107593295355516,
10,random_matched,692.0,10217,48,0.4698052265831457,6.886611583663067e-05,0.8948971820258949,37822,0.4785524333917927,
10,random,693.0,10217,0,0.0,0.0,0.0,82,0.00036781681587330894,
10,random_matched,693.0,10217,6,0.058725653322893215,0.00020568148518233624,0.05712109672505712,26449,0.4651596418161531,
10,random,694.0,10217,0,0.0,0.0,0.0,242,0.00042285610061901013,
10,random_matched,694.0,10217,33,0.3229910932759127,6.519977821155769e-05,0.6092916984006093,28849,0.3236767569488694,
10,random,695.0,10217,0,0.0,0.0,0.0,61,0.0027900738513256525,
10,random_matched,695.0,10217,37,0.3621415288245082,6.536736474793724e-05,0.6664127951256664,25403,0.41236890682841265,
10,random,696.0,10217,0,0.0,0.0,0.0,43,0.004693353235902674,
10,random_matched,696.0,10217,45,0.44044239992169915,6.871520457750281e-05,0.8377760853008378,32056,0.2871666277875226,
10,random,697.0,10217,1,0.00978760888714887,4.2521956991825707e-08,0.0,863,0.39201482257230574,
10,random_matched,697.0,10217,7,0.06851326221004209,0.00020569204619126232,0.05712109672505712,29359,0.37520447850936306,
10,random,698.0,10217,0,0.0,0.0,0.0,679,0.0007345432892159712,
10,random_matched,698.0,10217,46,0.450230008808848,6.877829270977173e-05,0.8187357197258187,28866,0.506741984120001,
10,random,699.0,10217,0,0.0,0.0,0.0,137,0.000218546225345823,
10,random_matched,699.0,10217,5,0.04893804443574435,0.00020562868013770586,0.05712109672505712,27430,0.47086935300132166,
10,random,700.0,10217,0,0.0,0.0,0.0,112,0.00036306343031393943,
10,random_matched,700.0,10217,46,0.450230008808848,6.881914713903839e-05,0.8758568164508759,27411,0.3924643277870908,
10,random,701.0,10217,0,0.0,0.0,0.0,29,0.0016767960369666217,
10,random_matched,701.0,10217,48,0.4698052265831457,6.89186429599735e-05,0.8758568164508759,26681,0.6530582495023635,
10,random,702.0,10217,0,0.0,0.0,0.0,640,0.0059748247179258725,
10,random_matched,702.0,10217,2,0.01957521777429774,0.00020547776887857802,0.0,33118,0.42045697884275607,
10,random,703.0,10217,0,0.0,0.0,0.0,28,8.77003603471252e-05,
10,random_matched,703.0,10217,37,0.3621415288245082,6.535096739197308e-05,0.6854531607006854,34278,0.5248825222637272,
10,random,704.0,10217,0,0.0,0.0,0.0,431,0.001343055996166843,
10,random_matched,704.0,10217,46,0.450230008808848,6.876800962213318e-05,0.8377760853008378,33795,0.41415049478134874,
10,random,705.0,10217,0,0.0,0.0,0.0,988,0.0020432304826154862,
10,random_matched,705.0,10217,46,0.450230008808848,6.885527690641707e-05,0.8758568164508759,21557,0.5503259953346303,
10,random,706.0,10217,0,0.0,0.0,0.0,27,0.00032299691330349434,
10,random_matched,706.0,10217,46,0.450230008808848,6.882943022667693e-05,0.8568164508758568,30266,0.36192856943105894,
10,random,707.0,10217,0,0.0,0.0,0.0,32,0.03310830490472593,
10,random_matched,707.0,10217,49,0.47959283547029463,6.889307420152091e-05,0.8758568164508759,34185,0.4780165974900287,
10,random,708.0,10217,0,0.0,0.0,0.0,596,0.007447993335642856,
10,random_matched,708.0,10217,48,0.4698052265831457,0.0002743494431409592,0.8568164508758568,25523,0.374471341396977,
10,random,709.0,10217,0,0.0,0.0,0.0,351,0.0007979212343052208,
10,random_matched,709.0,10217,47,0.46001761769599686,6.885555482770459e-05,0.8948971820258949,29004,0.43701870735053394,
10,random,710.0,10217,0,0.0,0.0,0.0,89,0.00043618938679071737,
10,random_matched,710.0,10217,47,0.46001761769599686,0.00027432248477606897,0.8758568164508759,26921,0.5076189670910809,
10,random,711.0,10217,0,0.0,0.0,0.0,41,0.00011641906208228084,
10,random_matched,711.0,10217,38,0.37192913771165703,0.00027087070238496783,0.6664127951256664,25306,0.4582841814710568,
10,random,712.0,10217,0,0.0,0.0,0.0,705,0.0056601236130760756,
10,random_matched,712.0,10217,45,0.44044239992169915,0.0002741821345258672,0.8187357197258187,24064,0.22627799818002076,
10,random,713.0,10217,0,0.0,0.0,0.0,315,0.06625405125143219,
10,random_matched,713.0,10217,46,0.450230008808848,6.876800962213318e-05,0.8377760853008378,33795,0.41415049478134874,
10,random,714.0,10217,0,0.0,0.0,0.0,494,0.006828696236412881,
10,random_matched,714.0,10217,36,0.3523539199373593,6.5340406383047e-05,0.6854531607006854,21760,0.4104918289938188,
10,random,715.0,10217,0,0.0,0.0,0.0,527,0.015144478432102048,
10,random_matched,715.0,10217,47,0.46001761769599686,0.00027432248477606897,0.8758568164508759,31095,0.6461794848004275,
10,random,716.0,10217,0,0.0,0.0,0.0,67,0.00395883851461327,
10,random_matched,716.0,10217,48,0.4698052265831457,0.0002742457785007112,0.8377760853008378,29829,0.2789936011079966,
10,random,717.0,10217,0,0.0,0.0,0.0,48,0.0005019003792162851,
10,random_matched,717.0,10217,44,0.43065479103455023,6.871492665621528e-05,0.8187357197258187,31415,0.33718327902727985,
10,random,718.0,10217,0,0.0,0.0,0.0,31,0.003052781329823214,
10,random_matched,718.0,10217,3,0.029362826661446607,0.00020553057392320838,0.0,24857,0.4123343539212297,
10,random,719.0,10217,0,0.0,0.0,0.0,121,0.0005562794274368786,
10,random_matched,719.0,10217,48,0.4698052265831457,6.886611583663067e-05,0.8948971820258949,36843,0.5383890443421377,
10,random,720.0,10217,0,0.0,0.0,0.0,259,0.0007618637496563674,
10,random_matched,720.0,10217,6,0.058725653322893215,1.887085542316971e-07,0.05712109672505712,35283,0.3258351780727247,
10,random,721.0,10217,0,0.0,0.0,0.0,74,0.0005770657682285521,
10,random_matched,721.0,10217,5,0.04893804443574435,1.6175018934145465e-07,0.07616146230007616,29008,0.5258092546918167,
10,random,722.0,10217,0,0.0,0.0,0.0,119,0.0011515445519957445,
10,random_matched,722.0,10217,36,0.3523539199373593,6.536708682664971e-05,0.6473724295506473,30308,0.4718701001658256,
10,random,723.0,10217,0,0.0,0.0,0.0,793,0.008325169933780543,
10,random_matched,723.0,10217,48,0.4698052265831457,0.0002743330457849951,0.8758568164508759,30810,0.3578271928339458,
10,random,724.0,10217,0,0.0,0.0,0.0,97,0.0008052187524360992,
10,random_matched,724.0,10217,37,0.3621415288245082,6.537764783557579e-05,0.6473724295506473,26412,0.4452055736033747,
10,random,725.0,10217,0,0.0,0.0,0.0,753,0.003527751676928854,
10,random_matched,725.0,10217,47,0.46001761769599686,0.00027432248477606897,0.8758568164508759,25661,0.5803941459330758,
10,random,726.0,10217,0,0.0,0.0,0.0,263,0.0008740214293590466,
10,random_matched,726.0,10217,46,0.450230008808848,6.882943022667693e-05,0.8568164508758568,33461,0.5603256980907506,
10,random,727.0,10217,0,0.0,0.0,0.0,74,0.06689931818301875,
10,random_matched,727.0,10217,1,0.00978760888714887,2.779212875282726e-10,0.01904036557501904,27138,0.3610879756499975,
10,random,728.0,10217,0,0.0,0.0,0.0,586,0.21501667547662745,
10,random_matched,728.0,10217,48,0.4698052265831457,0.0002743330457849951,0.8758568164508759,29438,0.4869031684456368,
10,random,729.0,10217,0,0.0,0.0,0.0,71,0.010088168102056545,
10,random_matched,729.0,10217,47,0.46001761769599686,6.877857063105926e-05,0.8377760853008378,31159,0.314710789376903,
10,random,730.0,10217,0,0.0,0.0,0.0,26,0.00011583341958765401,
10,random_matched,730.0,10217,2,0.01957521777429774,1.083893021360263e-08,0.01904036557501904,28676,0.40020878795489845,
10,random,731.0,10217,0,0.0,0.0,0.0,30,0.00037489055191274463,
10,random_matched,731.0,10217,47,0.46001761769599686,0.00027432248477606897,0.8758568164508759,26921,0.5076189670910809,
10,random,732.0,10217,0,0.0,0.0,0.0,160,0.0007193245198908313,
10,random_matched,732.0,10217,36,0.3523539199373593,0.0002707200690471275,0.6283320639756284,29788,0.42122758120372794,
10,random,733.0,10217,0,0.0,0.0,0.0,229,0.004280345134414177,
10,random_matched,733.0,10217,47,0.46001761769599686,6.885555482770459e-05,0.8948971820258949,28892,0.49331950412023007,
10,random,734.0,10217,0,0.0,0.0,0.0,52,0.00030593392560774094,
10,random_matched,734.0,10217,35,0.34256631105021046,0.00027071979112584,0.6092916984006093,23713,0.4054588935761334,
10,random,735.0,10217,0,0.0,0.0,0.0,169,0.0011023902601228787,
10,random_matched,735.0,10217,46,0.450230008808848,6.877829270977173e-05,0.8187357197258187,31497,0.3048908296663152,
10,random,736.0,10217,0,0.0,0.0,0.0,41,0.000376980771873242,
10,random_matched,736.0,10217,36,0.3523539199373593,0.0002708073363314114,0.6664127951256664,23963,0.5633518096740163,
10,random,737.0,10217,0,0.0,0.0,0.0,30,0.00016495279510582653,
10,random_matched,737.0,10217,35,0.34256631105021046,6.534012846175947e-05,0.6664127951256664,26272,0.5392323869925777,
10,random,738.0,10217,0,0.0,0.0,0.0,29,7.935535157545079e-05,
10,random_matched,738.0,10217,35,0.34256631105021046,6.534012846175947e-05,0.6664127951256664,19859,0.533283659075571,
10,random,739.0,10217,0,0.0,0.0,0.0,26,7.161979190387585e-05,
10,random_matched,739.0,10217,46,0.450230008808848,6.885527690641707e-05,0.8758568164508759,24189,0.34847484088094455,
10,random,740.0,10217,1,0.00978760888714887,3.054354949935716e-07,0.01904036557501904,857,0.00881166426504197,
10,random_matched,740.0,10217,3,0.029362826661446607,0.00020547804679986554,0.01904036557501904,29585,0.23187980989365214,
10,random,741.0,10217,39,0.3817167465988059,1.045956765612654e-05,0.0,80,0.00016485439446987298,
10,random_matched,741.0,10217,37,0.3621415288245082,0.0002707817675729588,0.6664127951256664,31467,0.3883101576616816,
10,random,742.0,10217,0,0.0,0.0,0.0,26,9.36504246082525e-05,
10,random_matched,742.0,10217,47,0.46001761769599686,0.00027424550057942367,0.8187357197258187,35209,0.40419834492610657,
10,random,743.0,10217,0,0.0,0.0,0.0,387,0.030928091214220903,
10,random_matched,743.0,10217,47,0.46001761769599686,0.00027432248477606897,0.8758568164508759,26921,0.5076189670910809,
10,random,744.0,10217,0,0.0,0.0,0.0,37,9.327110602772185e-05,
10,random_matched,744.0,10217,48,0.4698052265831457,0.0002743494431409592,0.8568164508758568,30564,0.5094960449256748,
10,random,745.0,10217,0,0.0,0.0,0.0,90,0.0025557009946616215,
10,random_matched,745.0,10217,48,0.4698052265831457,0.0002743227626973565,0.8948971820258949,22521,0.3225776123226259,
10,random,746.0,10217,0,0.0,0.0,0.0,467,0.002363921329402198,
10,random_matched,746.0,10217,6,0.058725653322893215,2.2483832161037254e-07,0.05712109672505712,33491,0.6785581600993071,
10,random,747.0,10217,0,0.0,0.0,0.0,79,0.0008801667077850495,
10,random_matched,747.0,10217,36,0.3523539199373593,0.00027077120656403275,0.6664127951256664,28950,0.4090259563071257,
10,random,748.0,10217,0,0.0,0.0,0.0,300,0.0003666836214528115,
10,random_matched,748.0,10217,5,0.04893804443574435,1.6175018934145465e-07,0.07616146230007616,31640,0.3239581002381309,
10,random,749.0,10217,0,0.0,0.0,0.0,89,0.0007636952711707288,
10,random_matched,749.0,10217,50,0.4893804443574435,0.000274386128750913,0.8948971820258949,27645,0.425309866490359,
10,random,750.0,10217,0,0.0,0.0,0.0,45,0.0002214347601431694,
10,random_matched,750.0,10217,7,0.06851326221004209,0.00020568176310362376,0.07616146230007616,27483,0.3459036259150499,
10,random,751.0,10217,0,0.0,0.0,0.0,1734,0.0047389809759515265,
10,random_matched,751.0,10217,39,0.3817167465988059,6.541433344552952e-05,0.6854531607006854,29794,0.42326891985476184,
10,random,752.0,10217,0,0.0,0.0,0.0,1172,0.004670713154098198,
10,random_matched,752.0,10217,35,0.34256631105021046,6.53039986943808e-05,0.6664127951256664,31259,0.38490653362568705,
10,random,753.0,10217,0,0.0,0.0,0.0,1629,0.004159780548765595,
10,random_matched,753.0,10217,36,0.3523539199373593,0.0002708073363314114,0.6664127951256664,26202,0.43074001988167643,
10,random,754.0,10217,0,0.0,0.0,0.0,33,0.0035706035667795975,
10,random_matched,754.0,10217,7,0.06851326221004209,2.2511624289790082e-07,0.07616146230007616,34525,0.5593021441982039,
10,random,755.0,10217,0,0.0,0.0,0.0,26,6.326526049001238e-05,
10,random_matched,755.0,10217,36,0.3523539199373593,6.526342218640167e-05,0.6283320639756284,35874,0.3036171810348503,
10,random,756.0,10217,0,0.0,0.0,0.0,531,0.000559180659090477,
10,random_matched,756.0,10217,48,0.4698052265831457,6.888251319259483e-05,0.8758568164508759,31275,0.5679717607968188,
10,random,757.0,10217,0,0.0,0.0,0.0,48,0.0025427200462509094,
10,random_matched,757.0,10217,37,0.3621415288245082,6.540349451531591e-05,0.6664127951256664,26243,0.5632407344013092,
10,random,758.0,10217,0,0.0,0.0,0.0,31,0.000299701356295005,
10,random_matched,758.0,10217,46,0.450230008808848,0.0002742860770874028,0.8568164508758568,21378,0.21190247627889888,
10,random,759.0,10217,0,0.0,0.0,0.0,28,0.00022635955326194188,
10,random_matched,759.0,10217,5,0.04893804443574435,1.7814754530562273e-07,0.05712109672505712,24700,0.4826167923045029,
10,random,760.0,10217,0,0.0,0.0,0.0,89,0.000821194571815269,
10,random_matched,760.0,10217,3,0.029362826661446607,0.00020547804679986554,0.01904036557501904,27346,0.36449159968599204,
10,random,761.0,10217,0,0.0,0.0,0.0,46,0.0003019582224938108,
10,random_matched,761.0,10217,7,0.06851326221004209,0.00020568176310362376,0.07616146230007616,27483,0.3459036259150499,
10,random,762.0,10217,0,0.0,0.0,0.0,229,0.0026136113560273227,
10,random_matched,762.0,10217,6,0.058725653322893215,0.00020568148518233624,0.05712109672505712,26842,0.39592027715480715,
10,random,763.0,10217,0,0.0,0.0,0.0,34,0.00022017618426718274,
10,random_matched,763.0,10217,40,0.3915043554859548,0.0002708815413151815,0.6854531607006854,33898,0.45333707045320726,
10,random,764.0,10217,0,0.0,0.0,0.0,211,0.019948868850143155,
10,random_matched,764.0,10217,47,0.46001761769599686,0.00027432248477606897,0.8758568164508759,26054,0.5111547812717299,
10,random,765.0,10217,0,0.0,0.0,0.0,178,0.018975064414606106,
10,random_matched,765.0,10217,3,0.029362826661446607,0.00020547804679986554,0.01904036557501904,28717,0.23541562407430108,
10,random,766.0,10217,0,0.0,0.0,0.0,139,0.0004904874925527038,
10,random_matched,766.0,10217,6,0.058725653322893215,0.00020568148518233624,0.05712109672505712,31016,0.5344807948641538,
10,random,767.0,10217,0,0.0,0.0,0.0,38,0.00015738546877959155,
10,random_matched,767.0,10217,5,0.04893804443574435,0.0002056183970500673,0.07616146230007616,30595,0.5765932039357062,
10,random,768.0,10217,0,0.0,0.0,0.0,76,0.004915329199543588,
10,random_matched,768.0,10217,37,0.3621415288245082,0.00027083429469630167,0.6473724295506473,24804,0.29759239418757255,
10,random,769.0,10217,0,0.0,0.0,0.0,31,0.02360120208061734,
10,random_matched,769.0,10217,48,0.4698052265831457,0.0002743330457849951,0.8758568164508759,29438,0.4869031684456368,
10,random,770.0,10217,0,0.0,0.0,0.0,27,5.2912561323479076e-05,
10,random_matched,770.0,10217,36,0.3523539199373593,6.5340406383047e-05,0.6854531607006854,31368,0.6148376855705173,
10,random,771.0,10217,0,0.0,0.0,0.0,76,0.00039663709245848117,
10,random_matched,771.0,10217,48,0.4698052265831457,0.0002743227626973565,0.8948971820258949,26695,0.46113813003197257,
10,random,772.0,10217,0,0.0,0.0,0.0,27,0.0003888809003954966,
10,random_matched,772.0,10217,45,0.44044239992169915,6.881886921775087e-05,0.8568164508758568,27749,0.38264436807650304,
10,random,773.0,10217,0,0.0,0.0,0.0,36,0.0013852698689909198,
10,random_matched,773.0,10217,47,0.46001761769599686,6.886583791534313e-05,0.8758568164508759,26706,0.32775904223550045,
10,random,774.0,10217,0,0.0,0.0,0.0,85,0.0009623598067328384,
10,random_matched,774.0,10217,50,0.4893804443574435,6.892948189018711e-05,0.8948971820258949,35666,0.578871773823168,
10,random,775.0,10217,0,0.0,0.0,0.0,364,0.000455931411155658,
10,random_matched,775.0,10217,3,0.029362826661446607,0.00020553057392320838,0.0,24857,0.4123343539212297,
10,random,776.0,10217,0,0.0,0.0,0.0,221,0.0010740254832557496,
10,random_matched,776.0,10217,6,0.058725653322893215,1.887085542316971e-07,0.05712109672505712,34023,0.39861035691471963,
10,random,777.0,10217,0,0.0,0.0,0.0,32,9.489789073501859e-05,
10,random_matched,777.0,10217,4,0.03915043554859548,0.00020554113493213445,0.0,32808,0.45740389414313737,
10,random,778.0,10217,0,0.0,0.0,0.0,22,2.8763140732037893e-05,
10,random_matched,778.0,10217,4,0.03915043554859548,1.6147226805392638e-07,0.05712109672505712,24193,0.4372653882222273,
10,random,779.0,10217,0,0.0,0.0,0.0,36,8.118369887574918e-05,
10,random_matched,779.0,10217,48,0.4698052265831457,6.886611583663067e-05,0.8948971820258949,31409,0.472603705474786,
10,random,780.0,10217,0,0.0,0.0,0.0,37,0.00016154368920214516,
10,random_matched,780.0,10217,36,0.3523539199373593,0.00027077120656403275,0.6664127951256664,31189,0.2764141665147858,
10,random,781.0,10217,0,0.0,0.0,0.0,455,0.0027582174389892034,
10,random_matched,781.0,10217,7,0.06851326221004209,2.2511624289790082e-07,0.07616146230007616,29091,0.49351680533085207,
10,random,782.0,10217,0,0.0,0.0,0.0,309,0.0569712907675485,
10,random_matched,782.0,10217,4,0.03915043554859548,0.0002055819893614011,0.05712109672505712,25052,0.28087671312352425,
10,random,783.0,10217,0,0.0,0.0,0.0,40,0.005635385375775945,
10,random_matched,783.0,10217,7,0.06851326221004209,2.2511624289790082e-07,0.07616146230007616,36764,0.426690354405864,
10,random,784.0,10217,0,0.0,0.0,0.0,94,0.002413478746461067,
10,random_matched,784.0,10217,4,0.03915043554859548,0.0002055308518444959,0.01904036557501904,32192,0.35532786270682937,
10,random,785.0,10217,0,0.0,0.0,0.0,190,0.0045285004285398325,
10,random_matched,785.0,10217,6,0.058725653322893215,0.00020568148518233624,0.05712109672505712,25470,0.5249962527664981,
10,random,786.0,10217,0,0.0,0.0,0.0,84,0.0005000847287722388,
10,random_matched,786.0,10217,36,0.3523539199373593,0.0002708073363314114,0.6664127951256664,25223,0.49057663083202147,
10,random,787.0,10217,0,0.0,0.0,0.0,41,0.0013369503954166278,
10,random_matched,787.0,10217,44,0.43065479103455023,6.871492665621528e-05,0.8187357197258187,26373,0.20215857549858213,
10,random,788.0,10217,0,0.0,0.0,0.0,43,0.0003277058598659816,
10,random_matched,788.0,10217,2,0.01957521777429774,1.083893021360263e-08,0.01904036557501904,28676,0.40020878795489845,
10,random,789.0,10217,0,0.0,0.0,0.0,40,0.0024638106717513124,
10,random_matched,789.0,10217,48,0.4698052265831457,0.0002743330457849951,0.8758568164508759,24397,0.3518784649169391,
10,random,790.0,10217,0,0.0,0.0,0.0,31,0.0002129865894144469,
10,random_matched,790.0,10217,6,0.058725653322893215,1.887085542316971e-07,0.05712109672505712,35283,0.3258351780727247,
10,random,791.0,10217,0,0.0,0.0,0.0,1727,0.009425111287753803,
10,random_matched,791.0,10217,36,0.3523539199373593,6.526342218640167e-05,0.6283320639756284,29069,0.3669078177791895,
10,random,792.0,10217,0,0.0,0.0,0.0,1513,0.10628131434366699,
10,random_matched,792.0,10217,44,0.43065479103455023,6.870464356857674e-05,0.8377760853008378,28279,0.3806576052749616,
10,random,793.0,10217,0,0.0,0.0,0.0,39,0.00011217831209408875,
10,random_matched,793.0,10217,3,0.029362826661446607,1.2506457938772266e-07,0.03808073115003808,33299,0.4809194575154415,
10,random,794.0,10217,0,0.0,0.0,0.0,84,0.0003309276871399449,
10,random_matched,794.0,10217,39,0.3817167465988059,0.0002708709803062554,0.6854531607006854,32360,0.4142162581483063,
10,random,795.0,10217,0,0.0,0.0,0.0,441,0.0035511694411787696,
10,random_matched,795.0,10217,47,0.46001761769599686,0.0002742352174917851,0.8377760853008378,27312,0.2997093997534407,
10,random,796.0,10217,0,0.0,0.0,0.0,45,0.00012384354877568,
10,random_matched,796.0,10217,4,0.03915043554859548,1.6147226805392638e-07,0.05712109672505712,22933,0.5100405670642222,
10,random,797.0,10217,0,0.0,0.0,0.0,35,0.000824637006966612,
10,random_matched,797.0,10217,47,0.46001761769599686,0.00027429663809632886,0.8568164508758568,34763,0.32275735536815836,
10,random,798.0,10217,0,0.0,0.0,0.0,80,0.00033204501049012726,
10,random_matched,798.0,10217,5,0.04893804443574435,0.00020559255037032719,0.05712109672505712,33003,0.3259462533454319,
10,random,799.0,10217,0,0.0,0.0,0.0,121,0.0002901739527848564,
10,random_matched,799.0,10217,48,0.4698052265831457,6.889279628023338e-05,0.8568164508758568,35783,0.39542145893744607,
10,random,800.0,10217,0,0.0,0.0,0.0,31,0.00022361703231149428,
10,random_matched,800.0,10217,37,0.3621415288245082,6.537764783557579e-05,0.6473724295506473,31846,0.5109909124707265,
10,random,801.0,10217,0,0.0,0.0,0.0,398,0.009949420031147963,
10,random_matched,801.0,10217,36,0.3523539199373593,6.5340406383047e-05,0.6854531607006854,33607,0.48222589577817737,
10,random,802.0,10217,0,0.0,0.0,0.0,42,0.0003005933104467131,
10,random_matched,802.0,10217,5,0.04893804443574435,1.7814754530562273e-07,0.05712109672505712,31113,0.4885655202215097,
10,random,803.0,10217,0,0.0,0.0,0.0,1815,0.0068036675585259835,
10,random_matched,803.0,10217,44,0.43065479103455023,6.871492665621528e-05,0.8187357197258187,31415,0.33718327902727985,
10,random,804.0,10217,0,0.0,0.0,0.0,100,0.0009733457616049437,
10,random_matched,804.0,10217,4,0.03915043554859548,0.0002055308518444959,0.01904036557501904,26758,0.28954252383947754,
10,random,805.0,10217,0,0.0,0.0,0.0,23,0.0009690573984058064,
10,random_matched,805.0,10217,34,0.33277870216306155,0.0002706669860812096,0.6092916984006093,33821,0.35020909336666584,
10,random,806.0,10217,0,0.0,0.0,0.0,319,0.0006243948870151825,
10,random_matched,806.0,10217,44,0.43065479103455023,6.871492665621528e-05,0.8187357197258187,25113,0.274933754340577,
10,random,807.0,10217,0,0.0,0.0,0.0,303,0.0004995403510604312,
10,random_matched,807.0,10217,47,0.46001761769599686,0.00027424550057942367,0.8187357197258187,29188,0.32901025234775383,
10,random,808.0,10217,0,0.0,0.0,0.0,36,0.0007269569176053581,
10,random_matched,808.0,10217,48,0.4698052265831457,6.89186429599735e-05,0.8758568164508759,27941,0.5802830706603685,
10,random,809.0,10217,0,0.0,0.0,0.0,963,0.01693229736724382,
10,random_matched,809.0,10217,45,0.44044239992169915,0.00027417185143822865,0.8377760853008378,26362,0.3355376632950543,
10,random,810.0,10217,0,0.0,0.0,0.0,85,0.0011053391049874225,
10,random_matched,810.0,10217,7,0.06851326221004209,0.00020568176310362376,0.07616146230007616,26504,0.4057402368653949,
10,random,811.0,10217,0,0.0,0.0,0.0,68,0.004555806605016945,
10,random_matched,811.0,10217,4,0.03915043554859548,1.5118918041538028e-07,0.07616146230007616,27863,0.4174490777255699,
10,random,812.0,10217,0,0.0,0.0,0.0,30,8.27009731978718e-05,
10,random_matched,812.0,10217,36,0.3523539199373593,0.00027077120656403275,0.6664127951256664,29929,0.34918934535678064,
10,random,813.0,10217,0,0.0,0.0,0.0,297,0.05792401048617195,
10,random_matched,813.0,10217,5,0.04893804443574435,0.0002056183970500673,0.07616146230007616,31574,0.5167565929853613,
10,random,814.0,10217,0,0.0,0.0,0.0,363,0.0016124023433772066,
10,random_matched,814.0,10217,49,0.47959283547029463,6.892920396889958e-05,0.8758568164508759,30458,0.5595672720149245,
10,random,815.0,10217,0,0.0,0.0,0.0,34,0.0003720639142896271,
10,random_matched,815.0,10217,7,0.06851326221004209,2.2511624289790082e-07,0.07616146230007616,24917,0.35495628762150544,
10,random,816.0,10217,0,0.0,0.0,0.0,947,0.04852505313519038,
10,random_matched,816.0,10217,36,0.3523539199373593,0.00027073035213476607,0.6092916984006093,33903,0.3179166440057012,
10,random,817.0,10217,0,0.0,0.0,0.0,41,0.00025833975994684857,
10,random_matched,817.0,10217,38,0.37192913771165703,6.540377243660345e-05,0.6854531607006854,27277,0.44398471850020593,
10,random,818.0,10217,0,0.0,0.0,0.0,29,0.0002673100888889375,
10,random_matched,818.0,10217,47,0.46001761769599686,0.00027424550057942367,0.8187357197258187,35209,0.40419834492610657,
10,random,819.0,10217,1,0.00978760888714887,4.880297808996467e-07,0.0,63,0.0009937416740668662,
10,random_matched,819.0,10217,37,0.3621415288245082,6.535096739197308e-05,0.6854531607006854,30104,0.38632200455438054,
10,random,820.0,10217,0,0.0,0.0,0.0,30,0.018353575520565615,
10,random_matched,820.0,10217,46,0.450230008808848,6.885527690641707e-05,0.8758568164508759,26991,0.6161113342019822,
10,random,821.0,10217,0,0.0,0.0,0.0,38,8.194233603681049e-05,
10,random_matched,821.0,10217,47,0.46001761769599686,6.88822352713073e-05,0.8568164508758568,27832,0.3503519187155384,
10,random,822.0,10217,0,0.0,0.0,0.0,53,0.00016437191393229425,
10,random_matched,822.0,10217,48,0.4698052265831457,0.0002742969160176164,0.8758568164508759,34425,0.33257731507874616,
10,random,823.0,10217,0,0.0,0.0,0.0,40,0.00037701092690684067,
10,random_matched,823.0,10217,37,0.3621415288245082,0.00027083429469630167,0.6473724295506473,23432,0.42666836979926354,
10,random,824.0,10217,0,0.0,0.0,0.0,69,0.002089181992498767,
10,random_matched,824.0,10217,45,0.44044239992169915,0.00027417185143822865,0.8377760853008378,20928,0.2697523244277025,
10,random,825.0,10217,0,0.0,0.0,0.0,39,0.002004836776416252,
10,random_matched,825.0,10217,46,0.450230008808848,6.876800962213318e-05,0.8377760853008378,23208,0.26964124915499527,
10,random,826.0,10217,0,0.0,0.0,0.0,1908,0.005317824304055369,
10,random_matched,826.0,10217,37,0.3621415288245082,0.0002708076142526989,0.6854531607006854,32277,0.446508707509271,
10,random,827.0,10217,0,0.0,0.0,0.0,554,0.0019530415384429551,
10,random_matched,827.0,10217,39,0.3817167465988059,0.0002708709803062554,0.6854531607006854,25947,0.4082675302312996,
10,random,828.0,10217,0,0.0,0.0,0.0,215,0.013185096401068214,
10,random_matched,828.0,10217,46,0.450230008808848,0.0002742860770874028,0.8568164508758568,30593,0.4854876975169433,
10,random,829.0,10217,0,0.0,0.0,0.0,166,9.722458964321081e-05,
10,random_matched,829.0,10217,37,0.3621415288245082,6.537764783557579e-05,0.6473724295506473,31846,0.5109909124707265,
10,random,830.0,10217,0,0.0,0.0,0.0,23,6.733777713286453e-05,
10,random_matched,830.0,10217,35,0.34256631105021046,6.526314426511414e-05,0.6092916984006093,29407,0.3570878580686017,
10,random,831.0,10217,0,0.0,0.0,0.0,51,0.00043543709805778205,
10,random_matched,831.0,10217,48,0.4698052265831457,6.888251319259483e-05,0.8758568164508759,26234,0.432947057268121,
10,random,832.0,10217,0,0.0,0.0,0.0,41,0.0005544780609561158,
10,random_matched,832.0,10217,48,0.4698052265831457,6.89186429599735e-05,0.8758568164508759,26681,0.6530582495023635,
10,random,833.0,10217,0,0.0,0.0,0.0,1683,0.00974009648476224,
10,random_matched,833.0,10217,7,0.06851326221004209,0.00020569204619126232,0.05712109672505712,29359,0.37520447850936306,
10,random,834.0,10217,0,0.0,0.0,0.0,112,0.023158894396220157,
10,random_matched,834.0,10217,46,0.450230008808848,6.882943022667693e-05,0.8568164508758568,30266,0.36192856943105894,
10,random,835.0,10217,0,0.0,0.0,0.0,418,0.001976613252074927,
10,random_matched,835.0,10217,47,0.46001761769599686,6.885555482770459e-05,0.8948971820258949,24830,0.29845818964118725,
10,random,836.0,10217,0,0.0,0.0,0.0,546,0.0011196389393413188,
10,random_matched,836.0,10217,48,0.4698052265831457,6.886611583663067e-05,0.8948971820258949,37822,0.4785524333917927,
10,random,837.0,10217,0,0.0,0.0,0.0,24,5.959586903316355e-05,
10,random_matched,837.0,10217,49,0.47959283547029463,6.891892088126104e-05,0.8948971820258949,28975,0.46102705475926536,
10,random,838.0,10217,0,0.0,0.0,0.0,40,0.00011458754056791944,
10,random_matched,838.0,10217,5,0.04893804443574435,1.8843063294416882e-07,0.03808073115003808,27948,0.38284166928712504,
10,random,839.0,10217,0,0.0,0.0,0.0,43,0.005807968981489267,
10,random_matched,839.0,10217,37,0.3621415288245082,0.0002708076142526989,0.6854531607006854,27236,0.31148400398057324,
10,random,840.0,10217,0,0.0,0.0,0.0,27,0.00038842698778448505,
10,random_matched,840.0,10217,46,0.450230008808848,0.0002742860770874028,0.8568164508758568,20399,0.2717390872292439,
10,random,841.0,10217,0,0.0,0.0,0.0,74,0.0006501076080326601,
10,random_matched,841.0,10217,36,0.3523539199373593,6.531455970330687e-05,0.6664127951256664,29602,0.22563021727089627,
10,random,842.0,10217,0,0.0,0.0,0.0,248,0.0005166763456796341,
10,random_matched,842.0,10217,36,0.3523539199373593,6.535068947068554e-05,0.6664127951256664,29070,0.5055780204554837,
10,random,843.0,10217,0,0.0,0.0,0.0,29,0.0006345936367996595,
10,random_matched,843.0,10217,37,0.3621415288245082,6.535096739197308e-05,0.6854531607006854,31083,0.32648539360403556,
10,random,844.0,10217,0,0.0,0.0,0.0,28,0.003056498334491008,
10,random_matched,844.0,10217,48,0.4698052265831457,6.89186429599735e-05,0.8758568164508759,28053,0.5239822738906725,
10,random,845.0,10217,0,0.0,0.0,0.0,55,0.0001392448354094435,
10,random_matched,845.0,10217,44,0.43065479103455023,0.00027417157351694116,0.8187357197258187,26700,0.3257177035844665,
10,random,846.0,10217,0,0.0,0.0,0.0,41,0.0007606226319577273,
10,random_matched,846.0,10217,35,0.34256631105021046,6.531428178201934e-05,0.6473724295506473,27589,0.4047228441223445,
10,random,847.0,10217,1,0.00978760888714887,0.00020546720786965194,0.0,71,0.0018993036814630912,
10,random_matched,847.0,10217,46,0.450230008808848,0.00027418241244715476,0.8377760853008378,34313,0.380607203516962,
10,random,848.0,10217,0,0.0,0.0,0.0,27,8.998103315140365e-05,
10,random_matched,848.0,10217,48,0.4698052265831457,0.0002743227626973565,0.8948971820258949,27562,0.45760231585132366,
10,random,849.0,10217,0,0.0,0.0,0.0,47,0.0005943319056243387,
10,random_matched,849.0,10217,49,0.47959283547029463,6.891892088126104e-05,0.8948971820258949,33149,0.599587572468612,
10,random,850.0,10217,0,0.0,0.0,0.0,489,0.001234886716434346,
10,random_matched,850.0,10217,48,0.4698052265831457,0.0002743330457849951,0.8758568164508759,30810,0.3578271928339458,
10,random,851.0,10217,0,0.0,0.0,0.0,110,0.00044819585148408303,
10,random_matched,851.0,10217,4,0.03915043554859548,0.0002055819893614011,0.05712109672505712,23680,0.40995268873521523,
10,random,852.0,10217,0,0.0,0.0,0.0,37,9.250294622447147e-05,
10,random_matched,852.0,10217,4,0.03915043554859548,0.00020559227244903967,0.03808073115003808,26816,0.36647836248753346,
10,random,853.0,10217,0,0.0,0.0,0.0,30,0.08379449787811667,
10,random_matched,853.0,10217,48,0.4698052265831457,0.0002743227626973565,0.8948971820258949,33975,0.46355104376833045,
10,random,854.0,10217,0,0.0,0.0,0.0,79,0.008776955821369899,
10,random_matched,854.0,10217,35,0.34256631105021046,6.534012846175947e-05,0.6664127951256664,27532,0.46645720815058284,
10,random,855.0,10217,0,0.0,0.0,0.0,277,0.0003980385079673036,
10,random_matched,855.0,10217,43,0.4208671821474014,6.870436564728922e-05,0.8187357197258187,27638,0.43067425651471886,
10,random,856.0,10217,0,0.0,0.0,0.0,88,0.0002891962948534468,
10,random_matched,856.0,10217,48,0.4698052265831457,6.886611583663067e-05,0.8948971820258949,31409,0.472603705474786,
10,random,857.0,10217,0,0.0,0.0,0.0,48,0.001258096569663134,
10,random_matched,857.0,10217,3,0.029362826661446607,0.00020553057392320838,0.0,30291,0.47811969278858146,
10,random,858.0,10217,0,0.0,0.0,0.0,45,0.001751880483520282,
10,random_matched,858.0,10217,6,0.058725653322893215,2.1455523397182645e-07,0.07616146230007616,27441,0.5106967897956473,
10,random,859.0,10217,0,0.0,0.0,0.0,163,0.003838673879936628,
10,random_matched,859.0,10217,34,0.33277870216306155,6.520005613284522e-05,0.6283320639756284,34532,0.40868480923780987,
10,random,860.0,10217,0,0.0,0.0,0.0,79,0.005112668500734387,
10,random_matched,860.0,10217,45,0.44044239992169915,0.0002741821345258672,0.8187357197258187,25043,0.16644138722967572,
10,random,861.0,10217,0,0.0,0.0,0.0,106,0.00025637174722777735,
10,random_matched,861.0,10217,6,0.058725653322893215,1.887085542316971e-07,0.05712109672505712,27610,0.39266162899771284,
10,random,862.0,10217,0,0.0,0.0,0.0,201,0.004047548275032435,
10,random_matched,862.0,10217,2,0.01957521777429774,0.00020546748579093946,0.01904036557501904,25808,0.32537078738109115,
10,random,863.0,10217,0,0.0,0.0,0.0,52,0.00081724108819978,
10,random_matched,863.0,10217,35,0.34256631105021046,0.0002707709286427452,0.6473724295506473,27916,0.5282819722082289,
10,random,864.0,10217,0,0.0,0.0,0.0,36,0.043419559945345444,
10,random_matched,864.0,10217,47,0.46001761769599686,6.885555482770459e-05,0.8948971820258949,27632,0.5660946829622249,
10,random,865.0,10217,0,0.0,0.0,0.0,50,0.0012703950620502973,
10,random_matched,865.0,10217,46,0.450230008808848,0.00027423493957049757,0.8187357197258187,27650,0.28988944004285294,
10,random,866.0,10217,0,0.0,0.0,0.0,39,0.00125266548940131,
10,random_matched,866.0,10217,46,0.450230008808848,6.881914713903839e-05,0.8758568164508759,21110,0.3302148031003879,
10,random,867.0,10217,0,0.0,0.0,0.0,35,0.0001067123154775717,
10,random_matched,867.0,10217,5,0.04893804443574435,0.00020554141285342197,0.01904036557501904,27428,0.3321991503250274,
10,random,868.0,10217,0,0.0,0.0,0.0,37,0.002654161940682378,
10,random_matched,868.0,10217,6,0.058725653322893215,0.00020568148518233624,0.05712109672505712,26449,0.4651596418161531,
10,random,869.0,10217,0,0.0,0.0,0.0,113,0.0015334231361682233,
10,random_matched,869.0,10217,6,0.058725653322893215,0.0002056556385025961,0.03808073115003808,26899,0.3341859131265688,
10,random,870.0,10217,0,0.0,0.0,0.0,49,0.00029546378052087595,
10,random_matched,870.0,10217,47,0.46001761769599686,0.0002742352174917851,0.8377760853008378,26920,0.36894876441478663,
10,random,871.0,10217,0,0.0,0.0,0.0,36,0.0006299973748364093,
10,random_matched,871.0,10217,47,0.46001761769599686,6.88822352713073e-05,0.8568164508758568,25200,0.5522030731692242,
10,random,872.0,10217,0,0.0,0.0,0.0,29,0.000149367404056408,
10,random_matched,872.0,10217,46,0.450230008808848,6.885527690641707e-05,0.8758568164508759,22817,0.4775508164926355,
10,random,873.0,10217,0,0.0,0.0,0.0,35,0.00016185476218032096,
10,random_matched,873.0,10217,47,0.46001761769599686,6.885555482770459e-05,0.8948971820258949,29004,0.43701870735053394,
10,random,874.0,10217,0,0.0,0.0,0.0,48,0.0003029898420642917,
10,random_matched,874.0,10217,47,0.46001761769599686,0.00027429663809632886,0.8568164508758568,34370,0.3919967200295043,
10,random,875.0,10217,0,0.0,0.0,0.0,65,0.00016329268115086813,
10,random_matched,875.0,10217,37,0.3621415288245082,6.540349451531591e-05,0.6664127951256664,26355,0.506939937631613,
10,random,876.0,10217,0,0.0,0.0,0.0,34,7.712546619618062e-05,
10,random_matched,876.0,10217,4,0.03915043554859548,0.00020559227244903967,0.03808073115003808,30990,0.5050388801968801,
10,random,877.0,10217,0,0.0,0.0,0.0,66,0.00011026584812112039,
10,random_matched,877.0,10217,46,0.450230008808848,6.876800962213318e-05,0.8377760853008378,26990,0.4774411315256879,
10,random,878.0,10217,0,0.0,0.0,0.0,45,0.013385433747441534,
10,random_matched,878.0,10217,47,0.46001761769599686,0.00027432248477606897,0.8758568164508759,21880,0.3725942635623832,
10,random,879.0,10217,0,0.0,0.0,0.0,527,0.0009013450640135058,
10,random_matched,879.0,10217,48,0.4698052265831457,6.888251319259483e-05,0.8758568164508759,28473,0.3003352674757811,
10,random,880.0,10217,1,0.00978760888714887,9.699452934736714e-08,0.0,54,0.007705596677927085,
10,random_matched,880.0,10217,37,0.3621415288245082,6.537764783557579e-05,0.6473724295506473,33692,0.4476184873397326,
10,random,881.0,10217,0,0.0,0.0,0.0,31,0.018807519873717825,
10,random_matched,881.0,10217,37,0.3621415288245082,6.537764783557579e-05,0.6473724295506473,32713,0.5074550982900776,
10,random,882.0,10217,0,0.0,0.0,0.0,115,0.000234566483721875,
10,random_matched,882.0,10217,36,0.3523539199373593,6.526342218640167e-05,0.6283320639756284,28201,0.3704436319598384,
10,random,883.0,10217,0,0.0,0.0,0.0,100,0.0006858984587002198,
10,random_matched,883.0,10217,47,0.46001761769599686,0.0002742352174917851,0.8377760853008378,28291,0.23987278880309568,
10,random,884.0,10217,0,0.0,0.0,0.0,21,0.0020343871222359183,
10,random_matched,884.0,10217,46,0.450230008808848,6.885527690641707e-05,0.8758568164508759,23796,0.4177142055422905,
10,random,885.0,10217,0,0.0,0.0,0.0,372,0.00039552453042939335,
10,random_matched,885.0,10217,38,0.37192913771165703,6.541405552424199e-05,0.6664127951256664,33327,0.6118460888038658,
10,random,886.0,10217,0,0.0,0.0,0.0,120,0.0008429871384649192,
10,random_matched,886.0,10217,45,0.44044239992169915,0.00027417185143822865,0.8377760853008378,28601,0.20292587350271438,
10,random,887.0,10217,0,0.0,0.0,0.0,120,0.0003792011346103231,
10,random_matched,887.0,10217,49,0.47959283547029463,0.00027438585082962543,0.8758568164508759,21570,0.4095411788627645,
10,random,888.0,10217,0,0.0,0.0,0.0,55,0.021169104981569643,
10,random_matched,888.0,10217,37,0.3621415288245082,0.00027081789734033747,0.6664127951256664,33286,0.4793453742842331,
10,random,889.0,10217,0,0.0,0.0,0.0,63,0.0010347572810821537,
10,random_matched,889.0,10217,44,0.43065479103455023,6.871492665621528e-05,0.8187357197258187,30155,0.40995845786927476,
10,random,890.0,10217,0,0.0,0.0,0.0,1112,0.008153046589106358,
10,random_matched,890.0,10217,47,0.46001761769599686,0.0002742352174917851,0.8377760853008378,28291,0.23987278880309568,
10,random,891.0,10217,0,0.0,0.0,0.0,143,0.00030456901356064315,
10,random_matched,891.0,10217,45,0.44044239992169915,0.0002741821345258672,0.8187357197258187,28238,0.36483851588936744,
10,random,892.0,10217,0,0.0,0.0,0.0,215,0.015813894784280046,
10,random_matched,892.0,10217,37,0.3621415288245082,6.535096739197308e-05,0.6854531607006854,28844,0.45909718339637545,
10,random,893.0,10217,0,0.0,0.0,0.0,34,0.0011493511700781992,
10,random_matched,893.0,10217,4,0.03915043554859548,1.7786962401809445e-07,0.03808073115003808,24059,0.5326334435442601,
10,random,894.0,10217,0,0.0,0.0,0.0,32,0.0014778918482427545,
10,random_matched,894.0,10217,49,0.47959283547029463,6.892920396889958e-05,0.8758568164508759,31830,0.4304912964032335,
10,random,895.0,10217,0,0.0,0.0,0.0,84,0.0002568050274473793,
10,random_matched,895.0,10217,34,0.33277870216306155,0.0002706567029935711,0.6283320639756284,24272,0.3877346916973408,
10,random,896.0,10217,0,0.0,0.0,0.0,101,0.0003449085129805078,
10,random_matched,896.0,10217,49,0.47959283547029463,0.0002743333237062826,0.8948971820258949,30472,0.3676471525445336,
10,random,897.0,10217,0,0.0,0.0,0.0,74,0.0016874058474722596,
10,random_matched,897.0,10217,6,0.058725653322893215,0.00020562895805899338,0.07616146230007616,33505,0.4866380406289162,
10,random,898.0,10217,0,0.0,0.0,0.0,55,0.01541263603614581,
10,random_matched,898.0,10217,45,0.44044239992169915,6.876773170084565e-05,0.8187357197258187,23546,0.2598212894444075,
10,random,899.0,10217,0,0.0,0.0,0.0,35,7.424645404102326e-05,
10,random_matched,899.0,10217,4,0.03915043554859548,0.00020561811912877978,0.05712109672505712,20346,0.42226399859876507,
10,random,900.0,10217,0,0.0,0.0,0.0,24,0.00012197234958553088,
10,random_matched,900.0,10217,38,0.37192913771165703,0.000270818175261625,0.6854531607006854,28774,0.3506048162854742,
10,random,901.0,10217,0,0.0,0.0,0.0,50,0.0001303586231400245,
10,random_matched,901.0,10217,5,0.04893804443574435,0.00020562868013770586,0.05712109672505712,28409,0.4110327420509766,
10,random,902.0,10217,0,0.0,0.0,0.0,62,0.0017028309407114957,
10,random_matched,902.0,10217,1,0.00978760888714887,2.779212875282726e-10,0.01904036557501904,27138,0.3610879756499975,
10,random,903.0,10217,0,0.0,0.0,0.0,59,0.0002486885620882422,
10,random_matched,903.0,10217,36,0.3523539199373593,6.5340406383047e-05,0.6854531607006854,26327,0.47981298204181955,
10,random,904.0,10217,0,0.0,0.0,0.0,48,0.00029706993283676303,
10,random_matched,904.0,10217,38,0.37192913771165703,0.00027087070238496783,0.6664127951256664,26285,0.3984475705207118,
10,random,905.0,10217,0,0.0,0.0,0.0,26,4.5981664916879205e-05,
10,random_matched,905.0,10217,45,0.44044239992169915,6.881886921775087e-05,0.8568164508758568,27749,0.38264436807650304,
10,random,906.0,10217,1,0.00978760888714887,1.0283087638546085e-08,0.0,131,0.0019958251826913435,
10,random_matched,906.0,10217,49,0.47959283547029463,0.0002743333237062826,0.8948971820258949,30472,0.3676471525445336,
10,random,907.0,10217,0,0.0,0.0,0.0,81,0.001015224754845372,
10,random_matched,907.0,10217,39,0.3817167465988059,0.00027084513362651526,0.6664127951256664,32417,0.35248189412006803,
10,random,908.0,10217,0,0.0,0.0,0.0,37,0.0001559316787387293,
10,random_matched,908.0,10217,47,0.46001761769599686,6.885555482770459e-05,0.8948971820258949,28025,0.496855318300879,
10,random,909.0,10217,0,0.0,0.0,0.0,37,0.00022734673383554047,
10,random_matched,909.0,10217,46,0.450230008808848,6.885527690641707e-05,0.8758568164508759,29230,0.48349954440964227,
10,random,910.0,10217,0,0.0,0.0,0.0,708,0.005792194724703098,
10,random_matched,910.0,10217,36,0.3523539199373593,6.5340406383047e-05,0.6854531607006854,32347,0.5550010746201722,
10,random,911.0,10217,0,0.0,0.0,0.0,124,0.0007871193838487703,
10,random_matched,911.0,10217,35,0.34256631105021046,6.534012846175947e-05,0.6664127951256664,22491,0.3314325046218851,
10,random,912.0,10217,0,0.0,0.0,0.0,21,0.0015595485050138933,
10,random_matched,912.0,10217,44,0.43065479103455023,6.870464356857674e-05,0.8377760853008378,29539,0.3078824264329667,
10,random,913.0,10217,0,0.0,0.0,0.0,59,0.00040156029847022214,
10,random_matched,913.0,10217,47,0.46001761769599686,6.886583791534313e-05,0.8758568164508759,29901,0.5261561708951921,
10,random,914.0,10217,0,0.0,0.0,0.0,207,0.0360444275193051,
10,random_matched,914.0,10217,36,0.3523539199373593,0.00027073035213476607,0.6092916984006093,31664,0.4505284337980411,
10,random,915.0,10217,0,0.0,0.0,0.0,52,0.0001717551358428742,
10,random_matched,915.0,10217,36,0.3523539199373593,0.00027073035213476607,0.6092916984006093,26230,0.3847430949306893,
10,random,916.0,10217,0,0.0,0.0,0.0,98,0.0009170526623043505,
10,random_matched,916.0,10217,4,0.03915043554859548,0.00020561811912877978,0.05712109672505712,30933,0.5667732442251184,
10,random,917.0,10217,0,0.0,0.0,0.0,30,0.00031854666518714306,
10,random_matched,917.0,10217,44,0.43065479103455023,6.871492665621528e-05,0.8187357197258187,25113,0.274933754340577,
10,random,918.0,10217,0,0.0,0.0,0.0,34,9.5675573180458e-05,
10,random_matched,918.0,10217,4,0.03915043554859548,1.6147226805392638e-07,0.05712109672505712,22933,0.5100405670642222,
10,random,919.0,10217,0,0.0,0.0,0.0,247,0.001363307481888898,
10,random_matched,919.0,10217,50,0.4893804443574435,6.892948189018711e-05,0.8948971820258949,36533,0.575335959642519,
10,random,920.0,10217,0,0.0,0.0,0.0,75,0.0003561563405128122,
10,random_matched,920.0,10217,49,0.47959283547029463,6.889307420152091e-05,0.8758568164508759,34185,0.4780165974900287,
10,random,921.0,10217,0,0.0,0.0,0.0,51,0.000570365002341521,
10,random_matched,921.0,10217,45,0.44044239992169915,6.881886921775087e-05,0.8568164508758568,27749,0.38264436807650304,
10,random,922.0,10217,0,0.0,0.0,0.0,342,0.005011122218644378,
10,random_matched,922.0,10217,45,0.44044239992169915,0.00027417185143822865,0.8377760853008378,21796,0.26621651024705356,
10,random,923.0,10217,0,0.0,0.0,0.0,55,0.00013690861385906223,
10,random_matched,923.0,10217,36,0.3523539199373593,0.0002708073363314114,0.6664127951256664,25223,0.49057663083202147,
10,random,924.0,10217,0,0.0,0.0,0.0,32,9.686749056112127e-05,
10,random_matched,924.0,10217,6,0.058725653322893215,0.00020562895805899338,0.07616146230007616,33505,0.4866380406289162,
10,random,925.0,10217,0,0.0,0.0,0.0,38,0.0015876307768294138,
10,random_matched,925.0,10217,45,0.44044239992169915,0.0002741821345258672,0.8187357197258187,24064,0.22627799818002076,
10,random,926.0,10217,1,0.00978760888714887,9.72724506348954e-09,0.01904036557501904,179,0.030564589742366265,
10,random_matched,926.0,10217,6,0.058725653322893215,1.887085542316971e-07,0.05712109672505712,33044,0.4584469678650646,
10,random,927.0,10217,0,0.0,0.0,0.0,31,0.003962768191623286,
10,random_matched,927.0,10217,4,0.03915043554859548,0.00020561811912877978,0.05712109672505712,26759,0.4282127265157718,
10,random,928.0,10217,0,0.0,0.0,0.0,27,0.0007992671010679404,
10,random_matched,928.0,10217,5,0.04893804443574435,1.7814754530562273e-07,0.05712109672505712,25093,0.41337742764315694,
10,random,929.0,10217,0,0.0,0.0,0.0,830,0.008338055655769365,
10,random_matched,929.0,10217,45,0.44044239992169915,6.871520457750281e-05,0.8377760853008378,32056,0.2871666277875226,
10,random,930.0,10217,0,0.0,0.0,0.0,39,0.0017860016975906941,
10,random_matched,930.0,10217,49,0.47959283547029463,6.891892088126104e-05,0.8948971820258949,27715,0.5338022336012602,
10,random,931.0,10217,0,0.0,0.0,0.0,51,0.036966019307719575,
10,random_matched,931.0,10217,35,0.34256631105021046,0.0002707709286427452,0.6473724295506473,23742,0.38972145449888224,
10,random,932.0,10217,0,0.0,0.0,0.0,28,0.00010087652292271305,
10,random_matched,932.0,10217,5,0.04893804443574435,0.0002056183970500673,0.07616146230007616,20120,0.3757831615396567,
10,random,933.0,10217,0,0.0,0.0,0.0,41,0.0001814222047717956,
10,random_matched,933.0,10217,36,0.3523539199373593,6.536708682664971e-05,0.6473724295506473,30308,0.4718701001658256,
10,random,934.0,10217,0,0.0,0.0,0.0,41,0.0016637325589902712,
10,random_matched,934.0,10217,5,0.04893804443574435,0.00020562868013770586,0.05712109672505712,27037,0.5401087176626677,
10,random,935.0,10217,0,0.0,0.0,0.0,30,0.0001958394850460235,
10,random_matched,935.0,10217,47,0.46001761769599686,0.00027429663809632886,0.8568164508758568,28350,0.3168086274511516,
10,random,936.0,10217,0,0.0,0.0,0.0,36,0.00013233615850128476,
10,random_matched,936.0,10217,36,0.3523539199373593,0.00027073035213476607,0.6092916984006093,27490,0.3119679160886944,
10,random,937.0,10217,0,0.0,0.0,0.0,39,0.052674947594256706,
10,random_matched,937.0,10217,38,0.37192913771165703,0.00027087070238496783,0.6664127951256664,24913,0.5275235461324028,
10,random,938.0,10217,0,0.0,0.0,0.0,40,0.0009329427779038187,
10,random_matched,938.0,10217,4,0.03915043554859548,1.6147226805392638e-07,0.05712109672505712,34780,0.5817746338485807,
10,random,939.0,10217,1,0.00978760888714887,6.784058628565134e-07,0.01904036557501904,181,0.0004009016490521459,
10,random_matched,939.0,10217,36,0.3523539199373593,6.536708682664971e-05,0.6473724295506473,28936,0.6009460757775166,
10,random,940.0,10217,0,0.0,0.0,0.0,67,0.00026272811088897096,
10,random_matched,940.0,10217,36,0.3523539199373593,6.5340406383047e-05,0.6854531607006854,25934,0.5490523467031655,
10,random,941.0,10217,0,0.0,0.0,0.0,103,0.009392553374109427,
10,random_matched,941.0,10217,37,0.3621415288245082,6.537764783557579e-05,0.6473724295506473,27279,0.4416697594227258,
10,random,942.0,10217,0,0.0,0.0,0.0,152,0.00741638133778926,
10,random_matched,942.0,10217,47,0.46001761769599686,6.882970814796446e-05,0.8758568164508759,29061,0.3752843433222956,
10,random,943.0,10217,0,0.0,0.0,0.0,24,0.0025814994194588007,
10,random_matched,943.0,10217,46,0.450230008808848,6.877829270977173e-05,0.8187357197258187,30237,0.3776660085083101,
10,random,944.0,10217,0,0.0,0.0,0.0,368,0.001525527278686466,
10,random_matched,944.0,10217,48,0.4698052265831457,6.89186429599735e-05,0.8758568164508759,26681,0.6530582495023635,
10,random,945.0,10217,0,0.0,0.0,0.0,168,0.0014941549339946272,
10,random_matched,945.0,10217,35,0.34256631105021046,6.526314426511414e-05,0.6092916984006093,34841,0.42287319693595354,
10,random,946.0,10217,0,0.0,0.0,0.0,31,0.00036177787361841717,
10,random_matched,946.0,10217,5,0.04893804443574435,1.8843063294416882e-07,0.03808073115003808,29208,0.3100664904451302,
10,random,947.0,10217,0,0.0,0.0,0.0,177,0.00036570596352140196,
10,random_matched,947.0,10217,6,0.058725653322893215,0.00020562895805899338,0.07616146230007616,34484,0.42680142967857115,
10,random,948.0,10217,0,0.0,0.0,0.0,169,0.0005604678028930309,
10,random_matched,948.0,10217,47,0.46001761769599686,6.886583791534313e-05,0.8758568164508759,24467,0.46037083202784035,
10,random,949.0,10217,0,0.0,0.0,0.0,655,0.07402436697989015,
10,random_matched,949.0,10217,3,0.029362826661446607,6.364397484397443e-08,0.01904036557501904,27220,0.32879552628903286,
10,random,950.0,10217,0,0.0,0.0,0.0,49,0.0001539747757688787,
10,random_matched,950.0,10217,48,0.4698052265831457,6.886611583663067e-05,0.8948971820258949,26368,0.3375790019460882,
10,random,951.0,10217,0,0.0,0.0,0.0,56,0.00041728535493841345,
10,random_matched,951.0,10217,45,0.44044239992169915,6.871520457750281e-05,0.8377760853008378,31188,0.2907024419681715,
10,random,952.0,10217,0,0.0,0.0,0.0,176,0.00017669262581789875,
10,random_matched,952.0,10217,36,0.3523539199373593,6.535068947068554e-05,0.6664127951256664,29182,0.44927722368578765,
10,random,953.0,10217,0,0.0,0.0,0.0,26,9.761660507999352e-05,
10,random_matched,953.0,10217,7,0.06851326221004209,0.00020569204619126232,0.05712109672505712,27120,0.5078162683017029,
10,random,954.0,10217,0,0.0,0.0,0.0,458,0.0004923824983483256,
10,random_matched,954.0,10217,4,0.03915043554859548,0.00020559227244903967,0.03808073115003808,25949,0.3700141766681824,
10,random,955.0,10217,0,0.0,0.0,0.0,37,0.0002629233250538466,
10,random_matched,955.0,10217,45,0.44044239992169915,6.876773170084565e-05,0.8187357197258187,28588,0.39484599297310524,
10,random,956.0,10217,0,0.0,0.0,0.0,76,0.0022442471107982924,
10,random_matched,956.0,10217,5,0.04893804443574435,0.00020559255037032719,0.05712109672505712,27850,0.24722234658643027,
10,random,957.0,10217,0,0.0,0.0,0.0,103,0.0024756869936680944,
10,random_matched,957.0,10217,38,0.37192913771165703,0.00027087070238496783,0.6664127951256664,24046,0.5310593603130517,
10,random,958.0,10217,0,0.0,0.0,0.0,28,0.0019326456259810328,
10,random_matched,958.0,10217,35,0.34256631105021046,6.526314426511414e-05,0.6092916984006093,28428,0.41692446901894675,
10,random,959.0,10217,0,0.0,0.0,0.0,47,0.00031576605366793927,
10,random_matched,959.0,10217,5,0.04893804443574435,0.00020554141285342197,0.01904036557501904,35101,0.26537269940003927,
10,random,960.0,10217,0,0.0,0.0,0.0,44,0.0009334665232242168,
10,random_matched,960.0,10217,6,0.058725653322893215,2.2483832161037254e-07,0.05712109672505712,29317,0.5399976423899604,
10,random,961.0,10217,0,0.0,0.0,0.0,69,0.0001803302751341174,
10,random_matched,961.0,10217,47,0.46001761769599686,6.885555482770459e-05,0.8948971820258949,29004,0.43701870735053394,
10,random,962.0,10217,0,0.0,0.0,0.0,543,0.0009556653892739334,
10,random_matched,962.0,10217,47,0.46001761769599686,0.00027429663809632886,0.8568164508758568,28350,0.3168086274511516,
10,random,963.0,10217,0,0.0,0.0,0.0,135,0.0003711925925293286,
10,random_matched,963.0,10217,36,0.3523539199373593,6.531455970330687e-05,0.6664127951256664,28623,0.2854668282212413,
10,random,964.0,10217,0,0.0,0.0,0.0,541,0.0010576497129046398,
10,random_matched,964.0,10217,4,0.03915043554859548,7.420498377004878e-08,0.01904036557501904,29626,0.3643805244132849,
10,random,965.0,10217,0,0.0,0.0,0.0,273,0.000983492136857381,
10,random_matched,965.0,10217,6,0.058725653322893215,0.0002056556385025961,0.03808073115003808,32919,0.40937400570492155,
10,random,966.0,10217,0,0.0,0.0,0.0,106,0.0009851998640232845,
10,random_matched,966.0,10217,45,0.44044239992169915,0.0002741821345258672,0.8187357197258187,29106,0.3613027017087185,
10,random,967.0,10217,0,0.0,0.0,0.0,145,0.0005465282418352872,
10,random_matched,967.0,10217,46,0.450230008808848,0.00027418241244715476,0.8377760853008378,29747,0.31128605046896124,
10,random,968.0,10217,0,0.0,0.0,0.0,26,5.4647269308918435e-05,
10,random_matched,968.0,10217,47,0.46001761769599686,6.882970814796446e-05,0.8758568164508759,31300,0.24267255352995573,
10,random,969.0,10217,0,0.0,0.0,0.0,51,0.0011696280495127583,
10,random_matched,969.0,10217,46,0.450230008808848,6.885527690641707e-05,0.8758568164508759,26991,0.6161113342019822,
10,random,970.0,10217,0,0.0,0.0,0.0,67,0.000617521126461717,
10,random_matched,970.0,10217,48,0.4698052265831457,0.0002742969160176164,0.8758568164508759,28991,0.26679197621139433,
10,random,971.0,10217,0,0.0,0.0,0.0,1347,0.04310950430277688,
10,random_matched,971.0,10217,5,0.04893804443574435,0.00020562868013770586,0.05712109672505712,27037,0.5401087176626677,
10,random,972.0,10217,0,0.0,0.0,0.0,223,0.025370921647171783,
10,random_matched,972.0,10217,47,0.46001761769599686,6.885555482770459e-05,0.8948971820258949,29004,0.43701870735053394,
10,random,973.0,10217,0,0.0,0.0,0.0,29,3.911107857747668e-05,
10,random_matched,973.0,10217,48,0.4698052265831457,6.89186429599735e-05,0.8758568164508759,33487,0.5897676127580243,
10,random,974.0,10217,0,0.0,0.0,0.0,352,0.004432855010392973,
10,random_matched,974.0,10217,48,0.4698052265831457,0.0002742457785007112,0.8377760853008378,36242,0.2849423290250034,
10,random,975.0,10217,0,0.0,0.0,0.0,47,0.0027971650455424347,
10,random_matched,975.0,10217,47,0.46001761769599686,6.885555482770459e-05,0.8948971820258949,28892,0.49331950412023007,
10,random,976.0,10217,1,0.00978760888714887,4.510662496583864e-07,0.01904036557501904,177,0.0030700236606135277,
10,random_matched,976.0,10217,4,0.03915043554859548,1.5118918041538028e-07,0.07616146230007616,27470,0.48668844238691583,
10,random,977.0,10217,0,0.0,0.0,0.0,125,0.05123124520568672,
10,random_matched,977.0,10217,44,0.43065479103455023,6.871492665621528e-05,0.8187357197258187,30155,0.40995845786927476,
10,random,978.0,10217,0,0.0,0.0,0.0,31,4.4005716662650485e-05,
10,random_matched,978.0,10217,47,0.46001761769599686,6.885555482770459e-05,0.8948971820258949,24830,0.29845818964118725,
10,random,979.0,10217,0,0.0,0.0,0.0,59,0.002945800793257317,
10,random_matched,979.0,10217,46,0.450230008808848,6.882943022667693e-05,0.8568164508758568,28420,0.4253009945620529,
10,random,980.0,10217,0,0.0,0.0,0.0,1210,0.016125737509366096,
10,random_matched,980.0,10217,47,0.46001761769599686,6.886583791534313e-05,0.8758568164508759,20293,0.32181031431849366,
10,random,981.0,10217,0,0.0,0.0,0.0,56,0.002549397005532468,
10,random_matched,981.0,10217,49,0.47959283547029463,6.892920396889958e-05,0.8758568164508759,31830,0.4304912964032335,
10,random,982.0,10217,0,0.0,0.0,0.0,339,0.007064864111129548,
10,random_matched,982.0,10217,4,0.03915043554859548,1.2534250067525093e-07,0.05712109672505712,34333,0.36166344161433833,
10,random,983.0,10217,0,0.0,0.0,0.0,29,0.00029305772626110827,
10,random_matched,983.0,10217,46,0.450230008808848,0.00027423493957049757,0.8187357197258187,32692,0.42491414357155066,
10,random,984.0,10217,0,0.0,0.0,0.0,35,0.001164725475892427,
10,random_matched,984.0,10217,48,0.4698052265831457,0.0002743330457849951,0.8758568164508759,29831,0.41766380378429085,
10,random,985.0,10217,0,0.0,0.0,0.0,31,0.0003011392752655522,
10,random_matched,985.0,10217,4,0.03915043554859548,0.0002055819893614011,0.05712109672505712,26312,0.20810153428152936,
10,random,986.0,10217,0,0.0,0.0,0.0,48,0.0004301853608905187,
10,random_matched,986.0,10217,5,0.04893804443574435,1.6175018934145465e-07,0.07616146230007616,35421,0.5317579826088236,
10,random,987.0,10217,0,0.0,0.0,0.0,25,0.00022071580065789582,
10,random_matched,987.0,10217,47,0.46001761769599686,0.00027429663809632886,0.8568164508758568,32131,0.5246085098218443,
10,random,988.0,10217,0,0.0,0.0,0.0,147,0.0029274205067254112,
10,random_matched,988.0,10217,35,0.34256631105021046,6.52528611774756e-05,0.6283320639756284,31705,0.46634752318363526,
10,random,989.0,10217,0,0.0,0.0,0.0,37,0.0024119662334600393,
10,random_matched,989.0,10217,5,0.04893804443574435,0.00020562868013770586,0.05712109672505712,34710,0.4732822667376795,
10,random,990.0,10217,0,0.0,0.0,0.0,64,0.0007260205244567678,
10,random_matched,990.0,10217,3,0.029362826661446607,0.00020547804679986554,0.01904036557501904,32780,0.43027693855334387,
10,random,991.0,10217,5,0.04893804443574435,0.0008010733711393047,0.09520182787509521,619,0.0029341450792179148,
10,random_matched,991.0,10217,45,0.44044239992169915,6.876773170084565e-05,0.8187357197258187,28588,0.39484599297310524,
10,random,992.0,10217,0,0.0,0.0,0.0,43,0.0007249698596019089,
10,random_matched,992.0,10217,49,0.47959283547029463,6.892920396889958e-05,0.8758568164508759,25417,0.42454256848622673,
10,random,993.0,10217,0,0.0,0.0,0.0,154,0.0010242363485702803,
10,random_matched,993.0,10217,47,0.46001761769599686,6.885555482770459e-05,0.8948971820258949,22591,0.43106997943352715,
10,random,994.0,10217,0,0.0,0.0,0.0,501,0.06188428215843467,
10,random_matched,994.0,10217,48,0.4698052265831457,6.886611583663067e-05,0.8948971820258949,31409,0.472603705474786,
10,random,995.0,10217,0,0.0,0.0,0.0,23,0.0016252547361183666,
10,random_matched,995.0,10217,37,0.3621415288245082,6.537764783557579e-05,0.6473724295506473,32825,0.4511543015203815,
10,random,996.0,10217,0,0.0,0.0,0.0,92,0.006870587926509561,
10,random_matched,996.0,10217,38,0.37192913771165703,0.0002708448557052277,0.6473724295506473,30516,0.4752737242018201,
10,random,997.0,10217,0,0.0,0.0,0.0,115,0.00036866433102813475,
10,random_matched,997.0,10217,5,0.04893804443574435,0.00020562868013770586,0.05712109672505712,27037,0.5401087176626677,
10,random,998.0,10217,0,0.0,0.0,0.0,529,0.002504180326204776,
10,random_matched,998.0,10217,48,0.4698052265831457,6.89186429599735e-05,0.8758568164508759,28920,0.5204464597100236,
10,random,999.0,10217,0,0.0,0.0,0.0,71,0.0005202298783231827,
10,random_matched,999.0,10217,46,0.450230008808848,0.00027418241244715476,0.8377760853008378,34313,0.380607203516962,
50,descendants,,10217,106,1.0374865420377801,0.0032900183056953146,1.7897943640517897,258558,3.9939076172485017,
50,descendant_authors,,10217,214,2.094548301849858,0.003389804832297191,2.322924600152323,196459,11.770602735116467,
50,downloads,,10217,94,0.9200352353919937,0.00027508398910389647,0.32368621477532367,17420,42.59804344156569,
50,outdegree,,10217,255,2.4958402662229617,0.0038482443337137023,2.1325209444021325,253214,12.71603876883393,
50,random,0.0,10217,0,0.0,0.0,0.0,278,0.02042504381148571,
50,random_matched,0.0,10217,93,0.9102476265048449,1.2869978982859248e-05,0.2284843869002285,41826,1.4130148123166422,
50,random,1.0,10217,0,0.0,0.0,0.0,1192,0.038120536511185334,
50,random_matched,1.0,10217,83,0.8123715376333561,1.392191105615376e-05,0.20944402132520945,45900,1.5065736481523204,
50,random,2.0,10217,1,0.00978760888714887,8.148652150328952e-07,0.0,556,0.007520495559056251,
50,random_matched,2.0,10217,23,0.225115004404424,4.586785137237858e-05,0.2284843869002285,42556,7.220603807053318,
50,random,3.0,10217,0,0.0,0.0,0.0,1099,0.012645843457865364,
50,random_matched,3.0,10217,95,0.9298228442791426,1.9632915593572233e-05,0.19040365575019041,45516,1.1220663798683361,
50,random,4.0,10217,0,0.0,0.0,0.0,1296,0.0037530002552687396,
50,random_matched,4.0,10217,27,0.2642654399530195,0.00023843923357943115,0.20944402132520945,43323,1.524980563166001,
50,random,5.0,10217,0,0.0,0.0,0.0,431,0.005476262024796851,
50,random_matched,5.0,10217,92,0.900460017617696,1.3435548802979282e-05,0.17136329017517135,38910,1.050488785966214,
50,random,6.0,10217,0,0.0,0.0,0.0,453,0.008124678638025165,
50,random_matched,6.0,10217,31,0.303415875501615,1.4707872457283713e-05,0.24752475247524752,41976,1.4635482081476816,
50,random,7.0,10217,0,0.0,0.0,0.0,410,0.005330076770338619,
50,random_matched,7.0,10217,95,0.9298228442791426,3.6432701582081255e-05,0.24752475247524752,43152,1.0065102850149399,
50,random,8.0,10217,0,0.0,0.0,0.0,2060,0.1698009690455459,
50,random_matched,8.0,10217,76,0.7438582754233141,1.342304234504051e-05,0.13328255902513328,39656,1.03973086980661,
50,random,9.0,10217,1,0.00978760888714887,1.5174502299043683e-07,0.0,659,0.0203272954765221,
50,random_matched,9.0,10217,95,0.9298228442791426,1.2965861827056501e-05,0.2284843869002285,45850,1.745381469091989,
50,random,10.0,10217,0,0.0,0.0,0.0,212,0.006221056438329339,
50,random_matched,10.0,10217,75,0.7340706665361653,1.3253232438360736e-05,0.13328255902513328,40527,1.1463176228984908,
50,random,11.0,10217,0,0.0,0.0,0.0,496,0.01422754480282506,
50,random_matched,11.0,10217,143,1.3996280708622884,2.4879513659530963e-05,1.2185833968012185,44893,7.9653419687512885,
50,random,12.0,10217,0,0.0,0.0,0.0,510,0.0057801977826519215,
50,random_matched,12.0,10217,31,0.303415875501615,4.3561660528468976e-05,0.32368621477532367,43224,1.530829774710811,
50,random,13.0,10217,1,0.00978760888714887,6.784058628565134e-07,0.01904036557501904,375,0.0021994192726933204,
50,random_matched,13.0,10217,104,1.0179113242634825,2.1764849790201613e-05,0.4188880426504189,39969,1.5146816859731203,
50,random,14.0,10217,0,0.0,0.0,0.0,227,0.015575443062545036,
50,random_matched,14.0,10217,26,0.25447783106587063,2.537866029193174e-05,0.17136329017517135,48973,1.2764645910319004,
50,random,15.0,10217,0,0.0,0.0,0.0,906,0.023734947590162606,
50,random_matched,15.0,10217,84,0.822159146520505,5.115975060820442e-06,0.24752475247524752,43512,1.5341035479979157,
50,random,16.0,10217,2,0.01957521777429774,1.1450357046164831e-07,0.03808073115003808,4758,0.13021983380433313,
50,random_matched,16.0,10217,20,0.1957521777429774,1.1718829009917143e-05,0.3617669459253618,38534,7.721392390813212,
50,random,17.0,10217,4,0.03915043554859548,1.0171919123534778e-07,0.01904036557501904,549,0.043642989699027225,
50,random_matched,17.0,10217,145,1.4192032886365862,2.3036617601930986e-05,1.4470677837014472,46487,1.8401522198569276,
50,random,18.0,10217,0,0.0,0.0,0.0,1266,0.0067804672279393845,
50,random_matched,18.0,10217,91,0.8906724087305471,0.00024193742882554952,1.2376237623762376,43997,7.6945410300110115,
50,random,19.0,10217,0,0.0,0.0,0.0,318,0.02742028153714296,
50,random_matched,19.0,10217,104,1.0179113242634825,2.387149314966592e-05,0.4188880426504189,47545,7.5009772009239395,
50,random,20.0,10217,4,0.03915043554859548,4.878352359983769e-06,0.07616146230007616,1233,0.013104250755990176,
50,random_matched,20.0,10217,40,0.3915043554859548,4.0522591249347315e-05,0.3427265803503427,41502,1.341892697500172,
50,random,21.0,10217,0,0.0,0.0,0.0,2095,0.24009744697761984,
50,random_matched,21.0,10217,205,2.0064598218655183,0.00031182240410225883,1.3328255902513328,42630,2.4356961689661962,
50,random,22.0,10217,0,0.0,0.0,0.0,2347,0.010081083256267888,
50,random_matched,22.0,10217,145,1.4192032886365862,0.0003088517034598691,0.32368621477532367,48863,2.654847631230057,
50,random,23.0,10217,2,0.01957521777429774,1.9621242899496045e-07,0.03808073115003808,758,0.01624965089085116,
50,random_matched,23.0,10217,95,0.9298228442791426,2.1397437848089235e-05,0.2284843869002285,40096,7.751292062064727,
50,random,24.0,10217,0,0.0,0.0,0.0,967,0.023194221811634514,
50,random_matched,24.0,10217,97,0.9493980620534404,0.00023926882862270303,0.17136329017517135,39391,1.2586255794175554,
50,random,25.0,10217,0,0.0,0.0,0.0,692,0.027778969313371028,
50,random_matched,25.0,10217,78,0.7634334931976118,1.6472394711800717e-05,1.2757044935262758,41380,7.693470924682123,
50,random,26.0,10217,2,0.01957521777429774,2.4179152014959717e-08,0.0,374,0.010186789345887483,
50,random_matched,26.0,10217,28,0.27405304884016835,1.401501468747573e-05,0.43792840822543794,48525,1.9265738671140504,
50,random,27.0,10217,4,0.03915043554859548,3.034900459808737e-06,0.0,360,0.016946846377401664,
50,random_matched,27.0,10217,153,1.497504159733777,3.9899769643996455e-05,1.2757044935262758,48662,1.5646314438257134,
50,random,28.0,10217,0,0.0,0.0,0.0,692,0.007329215832511753,
50,random_matched,28.0,10217,84,0.822159146520505,3.23075159112991e-05,0.24752475247524752,43322,1.3314352667277363,
50,random,29.0,10217,1,0.00978760888714887,2.201136597223919e-07,0.01904036557501904,1466,0.04051724112343038,
50,random_matched,29.0,10217,22,0.21532739551727512,2.163367094248827e-05,0.13328255902513328,43041,0.91577253668909,
50,random,30.0,10217,1,0.00978760888714887,4.919206789250425e-08,0.01904036557501904,522,0.004399443233165645,
50,random_matched,30.0,10217,85,0.831946755407654,1.3579789951206456e-05,0.24752475247524752,41100,1.4775825321920626,
50,random,31.0,10217,0,0.0,0.0,0.0,438,0.01426284047609879,
50,random_matched,31.0,10217,76,0.7438582754233141,1.0678569630698818e-05,0.15232292460015232,46859,7.820002378881083,
50,random,32.0,10217,3,0.029362826661446607,2.1149809980901546e-07,0.05712109672505712,3790,0.09730125484836784,
50,random_matched,32.0,10217,98,0.9591856709405893,0.00023670166968980437,0.19040365575019041,38159,7.632767815189749,
50,random,33.0,10217,0,0.0,0.0,0.0,1280,0.009734321002274579,
50,random_matched,33.0,10217,21,0.20553978663012626,2.5118525966805278e-05,0.26656511805026656,45672,1.4292453830067606,
50,random,34.0,10217,0,0.0,0.0,0.0,524,0.002395425403977652,
50,random_matched,34.0,10217,83,0.8123715376333561,1.2618460217646161e-05,0.09520182787509521,40332,7.0548110498350285,
50,random,35.0,10217,1,0.00978760888714887,2.5846679740129352e-08,0.01904036557501904,743,0.03416719573532921,
50,random_matched,35.0,10217,117,1.1451502397964177,4.96231238094606e-05,0.6092916984006093,44421,7.968999517215468,
50,random,36.0,10217,0,0.0,0.0,0.0,1393,0.008578984851580559,
50,random_matched,36.0,10217,80,0.7830087109719096,5.425301453839409e-06,0.15232292460015232,41579,7.566075868411467,
50,random,37.0,10217,0,0.0,0.0,0.0,558,0.006998653179989055,
50,random_matched,37.0,10217,146,1.4289908975237349,0.00029156222016273525,0.24752475247524752,45970,8.831450899811353,
50,random,38.0,10217,0,0.0,0.0,0.0,3067,0.02204081399598378,
50,random_matched,38.0,10217,96,0.9396104531662914,3.997675384064179e-05,0.2856054836252856,40901,7.793123129434125,
50,random,39.0,10217,0,0.0,0.0,0.0,6718,0.008888767511739708,
50,random_matched,39.0,10217,19,0.18596456885582852,1.1059321794612552e-05,0.15232292460015232,46325,1.4156959693608235,
50,random,40.0,10217,0,0.0,0.0,0.0,2205,0.11771260827459976,
50,random_matched,40.0,10217,82,0.8025839287462073,1.102096865693365e-05,0.20944402132520945,45849,7.86880871340836,
50,random,41.0,10217,0,0.0,0.0,0.0,216,0.00114784817971936,
50,random_matched,41.0,10217,100,0.978760888714887,3.111134268977742e-05,0.4188880426504189,45264,7.438206724225214,
50,random,42.0,10217,1,0.00978760888714887,9.365947389702786e-08,0.0,1122,0.01886462239760449,
50,random_matched,42.0,10217,81,0.7927963198590584,1.3604802867084e-05,0.17136329017517135,41945,1.513637701251757,
50,random,43.0,10217,0,0.0,0.0,0.0,3012,0.07385594476881345,
50,random_matched,43.0,10217,109,1.0668493686992269,4.327234446815204e-05,0.49504950495049505,43969,1.589606244190212,
50,random,44.0,10217,0,0.0,0.0,0.0,330,0.0017983192352622357,
50,random_matched,44.0,10217,84,0.822159146520505,1.2431141269852106e-05,0.11424219345011424,37374,1.1295239640917702,
50,random,45.0,10217,0,0.0,0.0,0.0,483,0.009431248630644649,
50,random_matched,45.0,10217,91,0.8906724087305471,0.00023166073337661656,0.15232292460015232,39652,0.8614516543540943,
50,random,46.0,10217,0,0.0,0.0,0.0,1014,0.0049393310191810985,
50,random_matched,46.0,10217,91,0.8906724087305471,3.444612021882916e-05,0.2284843869002285,43432,0.9294126550889849,
50,random,47.0,10217,0,0.0,0.0,0.0,478,0.009507286928524246,
50,random_matched,47.0,10217,28,0.27405304884016835,2.006258190409094e-05,0.24752475247524752,44216,1.4154848460350642,
50,random,48.0,10217,0,0.0,0.0,0.0,1343,0.05528378175811919,
50,random_matched,48.0,10217,139,1.360477635313693,0.00029921478281482627,1.3709063214013708,46416,2.6833622405236026,
50,random,49.0,10217,1,0.00978760888714887,8.337638625848179e-09,0.0,254,0.29594727204563376,
50,random_matched,49.0,10217,84,0.822159146520505,5.856913213370817e-06,0.2284843869002285,44317,1.2225970928012746,
50,random,50.0,10217,1,0.00978760888714887,4.510662496583864e-07,0.01904036557501904,626,0.006401608908447868,
50,random_matched,50.0,10217,80,0.7830087109719096,1.3436660488129396e-05,0.15232292460015232,43833,7.577169844962351,
50,random,51.0,10217,0,0.0,0.0,0.0,180,0.027747560465217463,
50,random_matched,51.0,10217,133,1.3017519819907997,6.3810727616491385e-06,1.1614623000761615,41710,7.404299768016949,
50,random,52.0,10217,0,0.0,0.0,0.0,2800,0.19762901488254525,
50,random_matched,52.0,10217,93,0.9102476265048449,1.8636289856495847e-05,0.2284843869002285,42181,7.740573696612349,
50,random,53.0,10217,1,0.00978760888714887,4.2521956991825707e-08,0.0,2163,0.4003743724186028,
50,random_matched,53.0,10217,28,0.27405304884016835,2.008564937095579e-05,0.2284843869002285,45034,1.4874731562561212,
50,random,54.0,10217,1,0.00978760888714887,6.72208218144633e-06,0.01904036557501904,853,0.053612537421548784,
50,random_matched,54.0,10217,143,1.3996280708622884,3.5204845333781344e-05,1.2376237623762376,41449,7.513744013679747,
50,random,55.0,10217,0,0.0,0.0,0.0,2103,0.03796686963418057,
50,random_matched,55.0,10217,98,0.9591856709405893,6.692900446255861e-06,0.49504950495049505,47929,2.0404906724438487,
50,random,56.0,10217,0,0.0,0.0,0.0,909,0.028921494336106707,
50,random_matched,56.0,10217,175,1.7128315552510522,0.00026631140366306655,1.6374714394516374,53191,2.2271340990760127,
50,random,57.0,10217,0,0.0,0.0,0.0,1563,0.07281188862763369,
50,random_matched,57.0,10217,95,0.9298228442791426,2.1323510785606715e-05,0.24752475247524752,44358,1.4136619742540244,
50,random,58.0,10217,0,0.0,0.0,0.0,1883,0.0126763190870844,
50,random_matched,58.0,10217,96,0.9396104531662914,3.374770402327061e-05,0.2856054836252856,47502,1.5199125955348092,
50,random,59.0,10217,4,0.03915043554859548,1.5486885826225462e-05,0.07616146230007616,186,0.0910385923992075,
50,random_matched,59.0,10217,93,0.9102476265048449,2.1099228306571398e-05,0.20944402132520945,41452,1.3483150292651302,
50,random,60.0,10217,0,0.0,0.0,0.0,1066,0.010489245919989188,
50,random_matched,60.0,10217,110,1.0766369775863756,0.00024111700518476603,0.43792840822543794,40365,1.669444000122104,
50,random,61.0,10217,2,0.01957521777429774,8.593326210374189e-07,0.0,557,0.019117513619112167,
50,random_matched,61.0,10217,48,0.4698052265831457,0.0002558351607296883,0.5140898705255141,47064,1.5511504154475502,
50,random,62.0,10217,0,0.0,0.0,0.0,337,0.0017504711324763018,
50,random_matched,62.0,10217,91,0.8906724087305471,3.156518815231109e-05,0.24752475247524752,41935,1.3897435523296984,
50,random,63.0,10217,0,0.0,0.0,0.0,429,0.0035941848030537583,
50,random_matched,63.0,10217,31,0.303415875501615,1.2701558682617114e-05,0.4188880426504189,44668,8.139738579201236,
50,random,64.0,10217,0,0.0,0.0,0.0,405,0.11104526686165227,
50,random_matched,64.0,10217,19,0.18596456885582852,2.6623469738770873e-05,0.2284843869002285,40776,1.26898161944439,
50,random,65.0,10217,0,0.0,0.0,0.0,2106,0.004796013667128803,
50,random_matched,65.0,10217,150,1.4681413330723305,0.0002875740496867046,0.49504950495049505,49147,9.376182788836989,
50,random,66.0,10217,0,0.0,0.0,0.0,538,0.002295820153787178,
50,random_matched,66.0,10217,30,0.29362826661446606,4.1206555537954396e-05,0.2856054836252856,46757,1.3186034873327015,
50,random,67.0,10217,1,0.00978760888714887,6.784058628565134e-07,0.01904036557501904,1049,0.015184548123326555,
50,random_matched,67.0,10217,106,1.0374865420377801,0.00023279020548913146,0.43792840822543794,43969,1.7126386416073722,
50,random,68.0,10217,0,0.0,0.0,0.0,560,0.02832941612246711,
50,random_matched,68.0,10217,106,1.0374865420377801,4.384736361204804e-05,0.38080731150038083,43530,1.4731223884633697,
50,random,69.0,10217,0,0.0,0.0,0.0,2510,0.9509710091797813,
50,random_matched,69.0,10217,33,0.3229910932759127,0.0002512011011814419,0.2284843869002285,44946,1.4797040387934721,
50,random,70.0,10217,0,0.0,0.0,0.0,1820,0.025113338937278965,
50,random_matched,70.0,10217,111,1.0864245864735245,2.958277560837192e-05,0.5712109672505712,39038,1.5691664371091192,
50,random,71.0,10217,0,0.0,0.0,0.0,669,0.0015091467470142615,
50,random_matched,71.0,10217,84,0.822159146520505,1.8055712286849287e-05,1.4851485148514851,39621,0.787801981124845,
50,random,72.0,10217,0,0.0,0.0,0.0,197,0.0017279992840171657,
50,random_matched,72.0,10217,83,0.8123715376333561,3.020226215827244e-05,0.20944402132520945,43714,1.4689667153476018,
50,random,73.0,10217,0,0.0,0.0,0.0,2822,0.021955599045247996,
50,random_matched,73.0,10217,156,1.5268669863952236,0.0005206435660698019,0.30464584920030463,43579,2.89530104726956,
50,random,74.0,10217,0,0.0,0.0,0.0,502,0.003867603666906974,
50,random_matched,74.0,10217,83,0.8123715376333561,0.0002928701177418433,0.2284843869002285,48162,2.2790319228865052,
50,random,75.0,10217,1,0.00978760888714887,1.6675277251696356e-07,0.01904036557501904,1097,0.01968153178043468,
50,random_matched,75.0,10217,71,0.6949202309875697,0.0002265867244302129,1.1233815689261233,46008,1.3451874967812298,
50,random,76.0,10217,0,0.0,0.0,0.0,205,0.0050681295161091496,
50,random_matched,76.0,10217,102,0.9983361064891847,0.00026075269999121354,0.26656511805026656,40960,1.550896394205836,
50,random,77.0,10217,0,0.0,0.0,0.0,859,0.00495622418642448,
50,random_matched,77.0,10217,12,0.11745130664578643,3.262934876225684e-05,0.20944402132520945,48267,1.4083048420701196,
50,random,78.0,10217,0,0.0,0.0,0.0,3949,0.08547724556645145,
50,random_matched,78.0,10217,78,0.7634334931976118,4.5855622835727336e-05,1.2566641279512567,43162,1.2545546974949457,
50,random,79.0,10217,0,0.0,0.0,0.0,527,0.0038506930414862455,
50,random_matched,79.0,10217,155,1.5170793775080749,0.00030809742508551737,0.32368621477532367,42897,2.339069139404312,
50,random,80.0,10217,0,0.0,0.0,0.0,2024,0.19580334820602308,
50,random_matched,80.0,10217,78,0.7634334931976118,1.3606748316096698e-05,0.19040365575019041,44149,1.4203659254648677,
50,random,81.0,10217,0,0.0,0.0,0.0,1353,0.008412987740047999,
50,random_matched,81.0,10217,102,0.9983361064891847,1.6005486948753218e-05,0.26656511805026656,42664,1.6142059889436666,
50,random,82.0,10217,0,0.0,0.0,0.0,1010,0.004588448635333991,
50,random_matched,82.0,10217,40,0.3915043554859548,1.7151634338519814e-05,0.49504950495049505,42061,1.8013417123703992,
50,random,83.0,10217,0,0.0,0.0,0.0,1956,0.057888332320103625,
50,random_matched,83.0,10217,103,1.0081237153763336,2.2782041702555088e-05,0.32368621477532367,49420,8.179775747428453,
50,random,84.0,10217,0,0.0,0.0,0.0,422,0.00661071025984918,
50,random_matched,84.0,10217,87,0.8515219731819517,2.7224891404982054e-05,0.26656511805026656,42315,1.270589881025522,
50,random,85.0,10217,0,0.0,0.0,0.0,1134,0.014853060187404487,
50,random_matched,85.0,10217,88,0.8613095820691005,2.5921440566474458e-05,1.2947448591012947,46844,1.831855760689347,
50,random,86.0,10217,0,0.0,0.0,0.0,441,0.04404488170286703,
50,random_matched,86.0,10217,119,1.1647254575707155,3.2071004895612546e-05,0.7044935262757045,44542,7.921481327955281,
50,random,87.0,10217,1,0.00978760888714887,2.898719028919883e-07,0.01904036557501904,1004,0.7805235352591643,
50,random_matched,87.0,10217,21,0.20553978663012626,4.019797918551429e-05,0.19040365575019041,33855,0.7886001150314925,
50,random,88.0,10217,0,0.0,0.0,0.0,212,0.0028143502404796143,
50,random_matched,88.0,10217,90,0.8808847998433983,1.8529290160797463e-05,0.17136329017517135,37612,1.1720456325180029,
50,random,89.0,10217,0,0.0,0.0,0.0,1233,0.00891267410495533,
50,random_matched,89.0,10217,148,1.4485661152980327,1.6999889315529378e-05,1.3709063214013708,46018,1.8518493510414242,
50,random,90.0,10217,0,0.0,0.0,0.0,425,0.020405687454129427,
50,random_matched,90.0,10217,31,0.303415875501615,0.00023486711127083024,0.20944402132520945,38973,1.0351757075670478,
50,random,91.0,10217,1,0.00978760888714887,7.086992831970952e-08,0.0,1118,0.13536800271514832,
50,random_matched,91.0,10217,76,0.7438582754233141,1.0977890857366768e-05,0.15232292460015232,38615,7.5171815002313656,
50,random,92.0,10217,1,0.00978760888714887,4.724661887980634e-08,0.0,425,0.028046857109219434,
50,random_matched,92.0,10217,20,0.1957521777429774,2.1004457147524257e-05,0.17136329017517135,43267,1.216219211142948,
50,random,93.0,10217,0,0.0,0.0,0.0,670,0.002149917404380554,
50,random_matched,93.0,10217,27,0.2642654399530195,1.903038224221094e-05,0.2284843869002285,46207,7.955034321204951,
50,random,94.0,10217,0,0.0,0.0,0.0,603,0.004764279462033781,
50,random_matched,94.0,10217,103,1.0081237153763336,0.0002483751975298544,0.20944402132520945,37800,1.3849579548460174,
50,random,95.0,10217,0,0.0,0.0,0.0,2207,0.34825592803387445,
50,random_matched,95.0,10217,69,0.675345013213272,1.5024980646353474e-05,1.1995430312261997,42135,1.216468198081158,
50,random,96.0,10217,0,0.0,0.0,0.0,1047,0.006350724669910657,
50,random_matched,96.0,10217,82,0.8025839287462073,1.3998617331511562e-05,0.11424219345011424,38317,1.1847606976490475,
50,random,97.0,10217,10,0.0978760888714887,1.1969514011267645e-05,0.19040365575019041,920,0.032941492020179174,
50,random_matched,97.0,10217,105,1.0276989331506312,2.1858787185386167e-05,0.43792840822543794,46597,8.02852010817502,
50,random,98.0,10217,0,0.0,0.0,0.0,3740,0.034227004276704595,
50,random_matched,98.0,10217,230,2.25115004404424,0.00032844376462417467,1.7517136329017517,51595,2.9741325313173714,
50,random,99.0,10217,0,0.0,0.0,0.0,694,0.004065015975021223,
50,random_matched,99.0,10217,27,0.2642654399530195,3.779006915036934e-05,0.24752475247524752,42892,1.2874614318711348,
50,random,100.0,10217,1,0.00978760888714887,1.6675277251696356e-07,0.01904036557501904,4366,0.06278627634922407,
50,random_matched,100.0,10217,87,0.8515219731819517,3.248788682690496e-05,0.30464584920030463,45951,1.6201790218177539,
50,random,101.0,10217,0,0.0,0.0,0.0,1849,0.008444233116177317,
50,random_matched,101.0,10217,96,0.9396104531662914,2.5062107945437038e-05,1.5232292460015233,46864,7.613678863148776,
50,random,102.0,10217,0,0.0,0.0,0.0,842,0.01617594087898679,
50,random_matched,102.0,10217,83,0.8123715376333561,1.3629537861674017e-05,0.20944402132520945,40411,1.179298703716464,
50,random,103.0,10217,0,0.0,0.0,0.0,791,0.030978680250850252,
50,random_matched,103.0,10217,151,1.4779289419594792,0.00023596184322240412,1.1995430312261997,41820,7.689388660027884,
50,random,104.0,10217,1,0.00978760888714887,8.315404922845917e-07,0.0,6226,0.26074788538129234,
50,random_matched,104.0,10217,23,0.225115004404424,3.237588454803106e-05,0.2284843869002285,39810,1.158809685207645,
50,random,105.0,10217,0,0.0,0.0,0.0,702,0.0017711352660265492,
50,random_matched,105.0,10217,141,1.3800528530879905,2.793025563272881e-05,1.3137852246763138,41583,7.873290379895508,
50,random,106.0,10217,1,0.00978760888714887,1.4729828238998447e-08,0.01904036557501904,1207,0.012449472291963784,
50,random_matched,106.0,10217,143,1.3996280708622884,2.216922526355525e-05,1.2185833968012185,42013,7.521725209906588,
50,random,107.0,10217,1,0.00978760888714887,3.416486387585055e-06,0.0,730,0.01339134095981281,
50,random_matched,107.0,10217,148,1.4485661152980327,2.4286151710658102e-05,1.2376237623762376,45480,1.4998793465522287,
50,random,108.0,10217,0,0.0,0.0,0.0,312,0.05438778841901593,
50,random_matched,108.0,10217,32,0.31320348438876383,0.0002475061376637535,0.20944402132520945,49611,1.3867468450784053,
50,random,109.0,10217,3,0.029362826661446607,1.5415460055330695e-05,0.05712109672505712,719,0.0035569242912750214,
50,random_matched,109.0,10217,19,0.18596456885582852,1.0664117723747347e-05,0.13328255902513328,39172,1.2547310996801768,
50,random,110.0,10217,0,0.0,0.0,0.0,273,0.00437026268328432,
50,random_matched,110.0,10217,113,1.1059998042478223,4.3781774188191365e-05,0.5902513328255903,51696,2.2412073024813446,
50,random,111.0,10217,0,0.0,0.0,0.0,279,0.00367556054188032,
50,random_matched,111.0,10217,101,0.9885484976020358,3.1205280084961975e-05,0.43792840822543794,39572,1.073161451078047,
50,random,112.0,10217,0,0.0,0.0,0.0,633,0.003915410504910089,
50,random_matched,112.0,10217,148,1.4485661152980327,2.763260193378603e-05,1.2376237623762376,43270,1.2789876230154253,
50,random,113.0,10217,1,0.00978760888714887,6.784058628565134e-07,0.01904036557501904,617,0.0034383705702353607,
50,random_matched,113.0,10217,86,0.8417343642948028,4.249416486307288e-06,0.20944402132520945,43083,7.726648405233925,
50,random,114.0,10217,0,0.0,0.0,0.0,2043,0.006503509115405904,
50,random_matched,114.0,10217,39,0.3817167465988059,2.991461362568068e-05,0.43792840822543794,45872,7.289961265174664,
50,random,115.0,10217,0,0.0,0.0,0.0,415,0.011904474021306873,
50,random_matched,115.0,10217,20,0.1957521777429774,1.7480137300378232e-05,0.2856054836252856,43117,1.5861491949573228,
50,random,116.0,10217,1,0.00978760888714887,8.315404922845917e-07,0.0,744,1.2073554088248137,
50,random_matched,116.0,10217,86,0.8417343642948028,1.8399222998234232e-05,0.17136329017517135,43342,1.2183276368082037,
50,random,117.0,10217,0,0.0,0.0,0.0,211,0.05965452057351296,
50,random_matched,117.0,10217,124,1.21366350200646,0.00026217676866850843,0.6283320639756284,42838,1.8428276744255447,
50,random,118.0,10217,0,0.0,0.0,0.0,787,0.005430594607072211,
50,random_matched,118.0,10217,92,0.900460017617696,1.2932511272553109e-05,0.19040365575019041,41629,1.2994134080058948,
50,random,119.0,10217,0,0.0,0.0,0.0,1297,0.062172854720224734,
50,random_matched,119.0,10217,33,0.3229910932759127,4.861760459118331e-05,0.5331302361005331,42331,7.289902134327992,
50,random,120.0,10217,0,0.0,0.0,0.0,474,0.007178383528665262,
50,random_matched,120.0,10217,96,0.9396104531662914,1.2938903462166259e-05,0.26656511805026656,40325,1.4626975886115021,
50,random,121.0,10217,0,0.0,0.0,0.0,513,0.030103266928624573,
50,random_matched,121.0,10217,86,0.8417343642948028,0.0003037168297514967,0.38080731150038083,43494,2.5182345732037237,
50,random,122.0,10217,0,0.0,0.0,0.0,562,0.034610079539578835,
50,random_matched,122.0,10217,97,0.9493980620534404,3.444195139951624e-05,0.26656511805026656,40837,1.5324513902105061,
50,random,123.0,10217,0,0.0,0.0,0.0,705,0.005534972288106433,
50,random_matched,123.0,10217,89,0.8710971909562494,1.1100732066454264e-05,0.4188880426504189,37402,1.6010786743482945,
50,random,124.0,10217,0,0.0,0.0,0.0,1530,0.04299674987083035,
50,random_matched,124.0,10217,87,0.8515219731819517,6.3213196848305605e-06,0.19040365575019041,44050,1.3724932748944776,
50,random,125.0,10217,0,0.0,0.0,0.0,359,0.005188824244534316,
50,random_matched,125.0,10217,45,0.44044239992169915,1.474566975238756e-05,0.476009139375476,49333,1.6670438133970318,
50,random,126.0,10217,0,0.0,0.0,0.0,1797,0.03775939665459358,
50,random_matched,126.0,10217,83,0.8123715376333561,2.680106144150144e-05,0.20944402132520945,44587,0.918344323013516,
50,random,127.0,10217,0,0.0,0.0,0.0,1976,0.09208293421965294,
50,random_matched,127.0,10217,99,0.9689732798277381,2.6695173430953166e-05,0.5140898705255141,40300,1.4069308295513032,
50,random,128.0,10217,0,0.0,0.0,0.0,382,0.0023994058684126767,
50,random_matched,128.0,10217,90,0.8808847998433983,1.347445778323324e-05,0.15232292460015232,41568,0.9288379715684105,
50,random,129.0,10217,0,0.0,0.0,0.0,296,0.0026324058774944525,
50,random_matched,129.0,10217,23,0.225115004404424,8.840398234986823e-06,0.17136329017517135,36906,0.9571036336014219,
50,random,130.0,10217,50,0.4893804443574435,0.003605889745035573,0.0,461,0.10075645668867236,
50,random_matched,130.0,10217,108,1.057061759812078,0.00025041263848872417,0.456968773800457,46573,1.0742575230650775,
50,random,131.0,10217,4,0.03915043554859548,6.986190780984447e-05,0.0,212,0.04241275003198113,
50,random_matched,131.0,10217,85,0.831946755407654,1.2590946010180863e-05,0.13328255902513328,39648,7.169563206731363,
50,random,132.0,10217,2,0.01957521777429774,3.612976737867544e-08,0.0,2839,0.04818399494386832,
50,random_matched,132.0,10217,81,0.7927963198590584,1.335717499989631e-05,0.15232292460015232,42220,7.629643999710517,
50,random,133.0,10217,0,0.0,0.0,0.0,608,0.00417168067728785,
50,random_matched,133.0,10217,93,0.9102476265048449,3.4344678948881344e-05,0.20944402132520945,39921,1.1494070568780996,
50,random,134.0,10217,1,0.00978760888714887,1.2756587097547713e-07,0.01904036557501904,1479,0.006663019720500686,
50,random_matched,134.0,10217,152,1.4877165508466281,0.00030791038405901083,0.32368621477532367,45920,2.6489940107019136,
50,random,135.0,10217,2,0.01957521777429774,8.282054368342523e-08,0.01904036557501904,1870,0.43737042137846555,
50,random_matched,135.0,10217,92,0.900460017617696,1.8931998106425928e-05,0.20944402132520945,45056,1.1710331915488907,
50,random,136.0,10217,1,0.00978760888714887,4.4467406004523613e-08,0.0,1555,0.024419995359493938,
50,random_matched,136.0,10217,40,0.3915043554859548,2.1149532059614015e-05,0.456968773800457,42695,7.508324541518752,
50,random,137.0,10217,0,0.0,0.0,0.0,591,0.00856779574700842,
50,random_matched,137.0,10217,81,0.7927963198590584,1.499024048541244e-05,1.2376237623762376,41151,1.0572268076037026,
50,random,138.0,10217,0,0.0,0.0,0.0,3399,0.017703880560361148,
50,random_matched,138.0,10217,26,0.25447783106587063,1.3034786306363514e-05,0.20944402132520945,46179,1.1909980013020585,
50,random,139.0,10217,0,0.0,0.0,0.0,1777,0.15577045247093346,
50,random_matched,139.0,10217,94,0.9200352353919937,2.7997234663023123e-05,0.30464584920030463,50334,1.6267828107038387,
50,random,140.0,10217,0,0.0,0.0,0.0,817,0.014709923765553785,
50,random_matched,140.0,10217,101,0.9885484976020358,4.530811789929664e-05,0.5521706016755522,48301,1.4565144449859415,
50,random,141.0,10217,0,0.0,0.0,0.0,693,0.011798271167186415,
50,random_matched,141.0,10217,131,1.2821767642165018,1.4331289112682905e-05,1.1805026656511806,44835,1.3863966419763678,
50,random,142.0,10217,0,0.0,0.0,0.0,303,0.05648170951311078,
50,random_matched,142.0,10217,87,0.8515219731819517,2.4813924235674292e-05,0.30464584920030463,37861,1.1888553782415947,
50,random,143.0,10217,0,0.0,0.0,0.0,623,0.013458654930340203,
50,random_matched,143.0,10217,147,1.4387785064108838,3.0080532634335058e-05,1.2185833968012185,39574,1.0352986734456349,
50,random,144.0,10217,0,0.0,0.0,0.0,194,0.03868294693308493,
50,random_matched,144.0,10217,96,0.9396104531662914,4.247971295612141e-05,0.24752475247524752,41436,7.482157793618556,
50,random,145.0,10217,0,0.0,0.0,0.0,761,0.1283997712027392,
50,random_matched,145.0,10217,97,0.9493980620534404,2.4962612124501917e-05,0.49504950495049505,45712,8.204138045098924,
50,random,146.0,10217,0,0.0,0.0,0.0,932,0.010635353406202877,
50,random_matched,146.0,10217,85,0.831946755407654,1.1274432871159435e-05,0.24752475247524752,38722,1.129809897294567,
50,random,147.0,10217,1,0.00978760888714887,4.0298586691599526e-08,0.01904036557501904,356,0.005426415754258247,
50,random_matched,147.0,10217,82,0.8025839287462073,1.094704159445113e-05,0.19040365575019041,40383,1.529214663175731,
50,random,148.0,10217,0,0.0,0.0,0.0,1918,0.024747836123457597,
50,random_matched,148.0,10217,87,0.8515219731819517,2.104753494709114e-05,0.15232292460015232,39121,1.107906387102093,
50,random,149.0,10217,0,0.0,0.0,0.0,227,0.008036937012895222,
50,random_matched,149.0,10217,150,1.4681413330723305,0.00026470640822759075,1.2566641279512567,41480,1.449984713688161,
50,random,150.0,10217,0,0.0,0.0,0.0,2621,0.12477083034280244,
50,random_matched,150.0,10217,102,0.9983361064891847,0.0002449934513032104,0.2856054836252856,41171,1.7709274708642349,
50,random,151.0,10217,0,0.0,0.0,0.0,654,0.011613492231042978,
50,random_matched,151.0,10217,81,0.7927963198590584,0.0002896264983951009,0.26656511805026656,42510,2.2746005962601834,
50,random,152.0,10217,0,0.0,0.0,0.0,403,0.02232830097656429,
50,random_matched,152.0,10217,88,0.8613095820691005,5.713505829006228e-06,0.24752475247524752,45953,7.983257497969836,
50,random,153.0,10217,0,0.0,0.0,0.0,315,0.004701858542484531,
50,random_matched,153.0,10217,141,1.3800528530879905,2.182932752890817e-05,1.1805026656511806,42380,1.245158312844462,
50,random,154.0,10217,0,0.0,0.0,0.0,603,0.012013644765576252,
50,random_matched,154.0,10217,89,0.8710971909562494,3.443277999702781e-05,0.20944402132520945,42729,1.1626304961979421,
50,random,155.0,10217,0,0.0,0.0,0.0,572,0.0012246482889740813,
50,random_matched,155.0,10217,103,1.0081237153763336,0.0002622354100601769,0.30464584920030463,48710,7.88024591137745,
50,random,156.0,10217,0,0.0,0.0,0.0,497,0.04297443990728843,
50,random_matched,156.0,10217,24,0.23490261329157286,3.381107007682706e-05,0.2856054836252856,49548,1.6380341457426826,
50,random,157.0,10217,0,0.0,0.0,0.0,1992,0.015060423656606299,
50,random_matched,157.0,10217,92,0.900460017617696,2.161088139691095e-05,0.17136329017517135,47531,1.4959193653205527,
50,random,158.0,10217,1,0.00978760888714887,8.143093724578387e-08,0.01904036557501904,595,0.014538081338824177,
50,random_matched,158.0,10217,28,0.27405304884016835,1.8971185007967417e-05,0.2284843869002285,45882,7.840181759156482,
50,random,159.0,10217,0,0.0,0.0,0.0,2105,0.09671078913547226,
50,random_matched,159.0,10217,89,0.8710971909562494,1.3008939626623384e-05,0.20944402132520945,38824,1.2256644469478613,
50,random,160.0,10217,0,0.0,0.0,0.0,644,0.09391170686463576,
50,random_matched,160.0,10217,85,0.831946755407654,0.00024071818813716298,1.1995430312261997,41113,1.27274969086803,
50,random,161.0,10217,0,0.0,0.0,0.0,1633,0.04764983502712958,
50,random_matched,161.0,10217,30,0.29362826661446606,3.2726899134179266e-05,0.2856054836252856,36603,1.2414827015151568,
50,random,162.0,10217,0,0.0,0.0,0.0,459,0.0018863481267648832,
50,random_matched,162.0,10217,94,0.9200352353919937,1.84942720785689e-05,0.24752475247524752,39994,7.695037192998309,
50,random,163.0,10217,1,0.00978760888714887,9.72724506348954e-09,0.01904036557501904,232,0.005498395819458275,
50,random_matched,163.0,10217,138,1.350690026426544,0.0002995474545959976,0.24752475247524752,41693,2.6350106216834948,
50,random,164.0,10217,0,0.0,0.0,0.0,712,0.036745214629067914,
50,random_matched,164.0,10217,88,0.8613095820691005,2.124874995926161e-05,0.11424219345011424,39095,7.485522820798651,
50,random,165.0,10217,0,0.0,0.0,0.0,2982,0.11744651708391102,
50,random_matched,165.0,10217,18,0.17617695996867966,1.3135393812448748e-05,0.15232292460015232,40900,7.321410790881446,
50,random,166.0,10217,0,0.0,0.0,0.0,590,0.00859934743479482,
50,random_matched,166.0,10217,102,0.9983361064891847,1.5949902691247566e-05,0.6473724295506473,39600,7.7540650094440755,
50,random,167.0,10217,0,0.0,0.0,0.0,307,0.0020148418991428846,
50,random_matched,167.0,10217,92,0.900460017617696,0.00023193365208096933,0.15232292460015232,42954,1.3896309693053113,
50,random,168.0,10217,0,0.0,0.0,0.0,1096,0.03408652308491761,
50,random_matched,168.0,10217,140,1.3702652442008418,0.0002767326181815142,0.24752475247524752,36700,2.514247782560071,
50,random,169.0,10217,0,0.0,0.0,0.0,278,0.027235188353807283,
50,random_matched,169.0,10217,90,0.8808847998433983,3.9956743507939754e-05,0.2284843869002285,36400,1.0016265995553904,
50,random,170.0,10217,1,0.00978760888714887,1.6953198539224628e-07,0.01904036557501904,442,0.004573242562865103,
50,random_matched,170.0,10217,84,0.822159146520505,1.7027403522994676e-05,0.24752475247524752,41974,1.1303949969985891,
50,random,171.0,10217,1,0.00978760888714887,1.9148776710697981e-07,0.01904036557501904,4231,0.0455631003536734,
50,random_matched,171.0,10217,211,2.0651854751884113,0.00029731074407397004,1.5232292460015233,41614,2.3788047969732196,
50,random,172.0,10217,0,0.0,0.0,0.0,517,0.01328948836606572,
50,random_matched,172.0,10217,30,0.29362826661446606,0.00025852432710781186,0.24752475247524752,41134,1.2755479351463537,
50,random,173.0,10217,0,0.0,0.0,0.0,736,0.002675130798782675,
50,random_matched,173.0,10217,27,0.2642654399530195,1.1247196584981664e-05,0.20944402132520945,40806,1.2572915175569361,
50,random,174.0,10217,0,0.0,0.0,0.0,899,0.016894302024909495,
50,random_matched,174.0,10217,78,0.7634334931976118,1.3798791925778735e-05,0.11424219345011424,40341,1.048665850700893,
50,random,175.0,10217,0,0.0,0.0,0.0,627,0.01336225881056744,
50,random_matched,175.0,10217,84,0.822159146520505,5.303571929902026e-06,0.2284843869002285,42336,1.4581431072408564,
50,random,176.0,10217,0,0.0,0.0,0.0,2119,0.017771694469603465,
50,random_matched,176.0,10217,89,0.8710971909562494,1.880665560575068e-05,0.20944402132520945,40889,1.3413069216885545,
50,random,177.0,10217,0,0.0,0.0,0.0,425,0.015993594977922656,
50,random_matched,177.0,10217,149,1.4583537241851816,1.750348268853061e-05,1.2566641279512567,39340,1.2256264373215635,
50,random,178.0,10217,1,0.00978760888714887,2.0010332702035626e-08,0.01904036557501904,276,0.006754546595900779,
50,random_matched,178.0,10217,99,0.9689732798277381,2.3926243643308986e-05,0.49504950495049505,46935,7.927181467297943,
50,random,179.0,10217,2,0.01957521777429774,2.4734994590016262e-08,0.03808073115003808,1926,0.03779610802733942,
50,random_matched,179.0,10217,101,0.9885484976020358,2.335316994842569e-05,0.4188880426504189,37936,0.9130906749693867,
50,random,180.0,10217,0,0.0,0.0,0.0,603,0.011027260919707462,
50,random_matched,180.0,10217,93,0.9102476265048449,1.373181289548442e-05,0.26656511805026656,45982,1.5554222092492784,
50,random,181.0,10217,12,0.11745130664578643,2.324533648886472e-06,0.20944402132520945,1565,0.02225543530564068,
50,random_matched,181.0,10217,87,0.8515219731819517,1.1695761543052296e-05,0.20944402132520945,41864,1.3879815318193538,
50,random,182.0,10217,0,0.0,0.0,0.0,495,0.09952562979202462,
50,random_matched,182.0,10217,134,1.3115395908779486,0.00030991364069951464,0.26656511805026656,48313,2.2838315503963447,
50,random,183.0,10217,0,0.0,0.0,0.0,780,0.0792454698072313,
50,random_matched,183.0,10217,86,0.8417343642948028,2.0782953881364225e-05,0.15232292460015232,41665,1.2473541087518025,
50,random,184.0,10217,1,0.00978760888714887,2.898719028919883e-07,0.01904036557501904,511,0.004042826631613696,
50,random_matched,184.0,10217,154,1.507291768620926,0.00028529120423094733,0.5140898705255141,46556,3.4962874720691386,
50,random,185.0,10217,1,0.00978760888714887,1.0005166351017813e-08,0.01904036557501904,799,0.009097570487019098,
50,random_matched,185.0,10217,96,0.9396104531662914,1.89464500133774e-05,0.2856054836252856,46521,1.6060184132539828,
50,random,186.0,10217,0,0.0,0.0,0.0,644,0.002153434433562378,
50,random_matched,186.0,10217,93,0.9102476265048449,2.11670411007283e-05,0.20944402132520945,40926,7.592388314324262,
50,random,187.0,10217,0,0.0,0.0,0.0,474,0.07099456695988318,
50,random_matched,187.0,10217,96,0.9396104531662914,2.1426897504567232e-05,0.24752475247524752,45659,1.4650824359471146,
50,random,188.0,10217,0,0.0,0.0,0.0,507,0.010686248754489308,
50,random_matched,188.0,10217,12,0.11745130664578643,3.243341425454941e-06,0.11424219345011424,38914,0.7257474531693545,
50,random,189.0,10217,0,0.0,0.0,0.0,2608,0.015055573457518007,
50,random_matched,189.0,10217,99,0.9689732798277381,3.5496384764398504e-05,0.49504950495049505,48651,2.0471036252859336,
50,random,190.0,10217,17,0.16638935108153077,7.838214072159872e-06,0.32368621477532367,875,0.015699075526085526,
50,random_matched,190.0,10217,81,0.7927963198590584,1.0854215884416687e-05,0.19040365575019041,45769,1.6304829380754597,
50,random,191.0,10217,3,0.029362826661446607,6.119826751372563e-07,0.0,866,0.0340274287417064,
50,random_matched,191.0,10217,146,1.4289908975237349,0.00029180984802992295,0.24752475247524752,44215,8.915721520276279,
50,random,192.0,10217,0,0.0,0.0,0.0,437,0.010630574626931004,
50,random_matched,192.0,10217,96,0.9396104531662914,4.247443245165837e-05,0.26656511805026656,46674,1.564011570606631,
50,random,193.0,10217,0,0.0,0.0,0.0,2016,0.005479993313427928,
50,random_matched,193.0,10217,93,0.9102476265048449,2.4377031971679848e-05,0.20944402132520945,41422,1.0856629122350419,
50,random,194.0,10217,0,0.0,0.0,0.0,840,0.011292303032648372,
50,random_matched,194.0,10217,94,0.9200352353919937,0.00022947821750565704,0.2284843869002285,42234,1.346705245648355,
50,random,195.0,10217,0,0.0,0.0,0.0,437,0.0447590401893703,
50,random_matched,195.0,10217,57,0.5578937065674856,0.00026855172716183195,0.6092916984006093,45781,8.492111258138037,
50,random,196.0,10217,1,0.00978760888714887,7.806808966669177e-07,0.01904036557501904,658,0.07252069733924163,
50,random_matched,196.0,10217,92,0.900460017617696,2.1062820617905194e-05,0.19040365575019041,42407,7.609461551557225,
50,random,197.0,10217,1,0.00978760888714887,3.054354949935716e-07,0.01904036557501904,619,0.0945677518400733,
50,random_matched,197.0,10217,21,0.20553978663012626,3.294395565973885e-05,0.2856054836252856,49841,1.7254125630155732,
50,random,198.0,10217,1,0.00978760888714887,2.0566175277092172e-07,0.0,403,0.00957922096762036,
50,random_matched,198.0,10217,36,0.3523539199373593,4.0903621334548575e-05,0.456968773800457,39680,1.472650589156113,
50,random,199.0,10217,1,0.00978760888714887,6.72208218144633e-06,0.01904036557501904,211,0.006503632909754362,
50,random_matched,199.0,10217,97,0.9493980620534404,3.4368302258321244e-05,0.2856054836252856,47738,1.4016545922127945,
50,random,200.0,10217,0,0.0,0.0,0.0,497,0.0111602747729112,
50,random_matched,200.0,10217,95,0.9298228442791426,0.0002981692429311449,0.5140898705255141,44834,2.919460142865465,
50,random,201.0,10217,0,0.0,0.0,0.0,679,0.007801508730055237,
50,random_matched,201.0,10217,91,0.8906724087305471,2.0833257634406842e-05,0.43792840822543794,41753,1.02987469390067,
50,random,202.0,10217,0,0.0,0.0,0.0,1312,0.13241333634201297,
50,random_matched,202.0,10217,147,1.4387785064108838,0.00029345180699664,0.24752475247524752,45228,2.2354915634636705,
50,random,203.0,10217,2,0.01957521777429774,0.00020548249354046598,0.0,1113,0.03766192765046752,
50,random_matched,203.0,10217,154,1.507291768620926,0.00030868300523833946,0.2856054836252856,50074,2.730665372019699,
50,random,204.0,10217,0,0.0,0.0,0.0,1832,0.0313283961110292,
50,random_matched,204.0,10217,81,0.7927963198590584,0.00028479094591339643,0.43792840822543794,40392,2.6008990302430144,
50,random,205.0,10217,0,0.0,0.0,0.0,560,0.020736324700682606,
50,random_matched,205.0,10217,20,0.1957521777429774,1.1850285778918015e-05,0.2284843869002285,45269,1.3582132762042611,
50,random,206.0,10217,0,0.0,0.0,0.0,784,0.10855233595008683,
50,random_matched,206.0,10217,105,1.0276989331506312,4.7199094339639006e-05,0.38080731150038083,40591,1.70380360242997,
50,random,207.0,10217,0,0.0,0.0,0.0,282,0.004112619663324305,
50,random_matched,207.0,10217,118,1.1549378486835666,0.00024039830073521794,0.49504950495049505,46129,2.0040692673268845,
50,random,208.0,10217,0,0.0,0.0,0.0,973,0.013655805365794253,
50,random_matched,208.0,10217,104,1.0179113242634825,1.9817177407203477e-05,0.3617669459253618,48241,1.7326250391903824,
50,random,209.0,10217,0,0.0,0.0,0.0,492,0.010082548156057972,
50,random_matched,209.0,10217,26,0.25447783106587063,1.9100418406668064e-05,0.20944402132520945,38901,1.3687334992792914,
50,random,210.0,10217,0,0.0,0.0,0.0,250,0.002825529822409564,
50,random_matched,210.0,10217,12,0.11745130664578643,0.00022735323134121587,0.13328255902513328,44198,1.6660203388598367,
50,random,211.0,10217,0,0.0,0.0,0.0,190,0.010084917706856015,
50,random_matched,211.0,10217,112,1.0962121953606734,3.286141303734295e-05,0.476009139375476,40520,1.1226330119949395,
50,random,212.0,10217,1,0.00978760888714887,4.6412855017221527e-08,0.0,383,0.002512455502267064,
50,random_matched,212.0,10217,101,0.9885484976020358,1.9809673532440215e-05,0.30464584920030463,40171,1.6739535441442595,
50,random,213.0,10217,0,0.0,0.0,0.0,1001,0.004706708741572823,
50,random_matched,213.0,10217,30,0.29362826661446606,1.983774358248057e-05,0.20944402132520945,40988,1.3446120863656352,
50,random,214.0,10217,0,0.0,0.0,0.0,912,0.03701956988606972,
50,random_matched,214.0,10217,32,0.31320348438876383,3.2520403617545765e-05,0.30464584920030463,43842,1.353035195087223,
50,random,215.0,10217,1,0.00978760888714887,6.3921896131502695e-09,0.0,424,0.06850804319940394,
50,random_matched,215.0,10217,86,0.8417343642948028,1.3436660488129396e-05,0.19040365575019041,41760,1.3238592224225771,
50,random,216.0,10217,0,0.0,0.0,0.0,517,0.02730214839946665,
50,random_matched,216.0,10217,22,0.21532739551727512,3.8072437178498065e-05,0.20944402132520945,44283,1.159593592286862,
50,random,217.0,10217,0,0.0,0.0,0.0,692,0.010752494601984495,
50,random_matched,217.0,10217,19,0.18596456885582852,1.2092911062930197e-05,0.19040365575019041,40657,1.3180151356463718,
50,random,218.0,10217,0,0.0,0.0,0.0,834,0.0020825431237859646,
50,random_matched,218.0,10217,74,0.7242830576490163,4.977014417056306e-06,0.11424219345011424,43713,1.3560235620910654,
50,random,219.0,10217,0,0.0,0.0,0.0,498,0.011156367315399625,
50,random_matched,219.0,10217,15,0.14681413330723303,1.8452861806727187e-05,0.07616146230007616,42099,7.059396595651602,
50,random,220.0,10217,0,0.0,0.0,0.0,370,0.04128225845475836,
50,random_matched,220.0,10217,25,0.24469022217872174,0.00023780557304386668,0.24752475247524752,47720,1.843784261924004,
50,random,221.0,10217,0,0.0,0.0,0.0,717,0.032172586276624004,
50,random_matched,221.0,10217,145,1.4192032886365862,0.00029407157146782805,0.20944402132520945,40493,2.3787537302173734,
50,random,222.0,10217,0,0.0,0.0,0.0,1300,0.030541005331878042,
50,random_matched,222.0,10217,106,1.0374865420377801,4.388543882843941e-05,0.5331302361005331,46397,1.6647637738484589,
50,random,223.0,10217,0,0.0,0.0,0.0,1004,0.014000044119607463,
50,random_matched,223.0,10217,154,1.507291768620926,2.8255145617849362e-05,1.5422696115765422,50003,1.54492961612056,
50,random,224.0,10217,0,0.0,0.0,0.0,408,0.0012198171351701678,
50,random_matched,224.0,10217,29,0.2838406577273172,0.00023906844737439515,0.13328255902513328,39265,0.9969847146134125,
50,random,225.0,10217,1,0.00978760888714887,7.503874763263361e-09,0.01904036557501904,687,0.004319660949798718,
50,random_matched,225.0,10217,21,0.20553978663012626,1.963208182970965e-05,0.17136329017517135,46019,1.4144064496590436,
50,random,226.0,10217,0,0.0,0.0,0.0,1021,0.013502503523406734,
50,random_matched,226.0,10217,29,0.2838406577273172,1.699961139424185e-05,0.26656511805026656,46925,1.4319846456264724,
50,random,227.0,10217,0,0.0,0.0,0.0,741,0.005269844471385819,
50,random_matched,227.0,10217,28,0.27405304884016835,4.063459352822121e-05,0.24752475247524752,45568,7.573205635677543,
50,random,228.0,10217,0,0.0,0.0,0.0,779,0.009216527333244762,
50,random_matched,228.0,10217,79,0.7732211020847607,3.2986477616730676e-06,0.13328255902513328,43448,1.5376693140624633,
50,random,229.0,10217,0,0.0,0.0,0.0,1919,0.03161562756737764,
50,random_matched,229.0,10217,40,0.3915043554859548,3.299453733406899e-05,0.456968773800457,42808,1.460754210967774,
50,random,230.0,10217,0,0.0,0.0,0.0,1536,0.0031035608192963447,
50,random_matched,230.0,10217,97,0.9493980620534404,2.489424348776996e-05,0.2284843869002285,45032,7.748779687504919,
50,random,231.0,10217,0,0.0,0.0,0.0,490,0.04911871210743336,
50,random_matched,231.0,10217,141,1.3800528530879905,0.00029407963118516635,0.20944402132520945,39060,2.3262297291986695,
50,random,232.0,10217,0,0.0,0.0,0.0,427,0.004343659595222166,
50,random_matched,232.0,10217,98,0.9591856709405893,0.0002451949442366684,0.20944402132520945,42693,7.783798916888792,
50,random,233.0,10217,0,0.0,0.0,0.0,942,0.01667681916127478,
50,random_matched,233.0,10217,42,0.4110795732602525,3.2377274154468704e-05,0.5331302361005331,42259,1.4168974427129235,
50,random,234.0,10217,0,0.0,0.0,0.0,1403,0.2943832732925035,
50,random_matched,234.0,10217,75,0.7340706665361653,0.0002915702798800736,0.24752475247524752,37938,2.2882948270743175,
50,random,235.0,10217,0,0.0,0.0,0.0,544,0.012691122034367284,
50,random_matched,235.0,10217,91,0.8906724087305471,1.039842497287032e-05,0.19040365575019041,41225,1.4009743755972672,
50,random,236.0,10217,2,0.01957521777429774,1.9426697998226256e-06,0.03808073115003808,1154,0.04411992329753084,
50,random_matched,236.0,10217,81,0.7927963198590584,2.9858473525599968e-05,1.2376237623762376,46889,1.3201710951672214,
50,random,237.0,10217,0,0.0,0.0,0.0,430,0.015824441110504423,
50,random_matched,237.0,10217,98,0.9591856709405893,4.305028535941695e-05,0.2856054836252856,50282,1.3791716133720464,
50,random,238.0,10217,0,0.0,0.0,0.0,595,0.056822355056604656,
50,random_matched,238.0,10217,107,1.047274150924929,1.4181489538705166e-05,0.476009139375476,50246,8.527054606347626,
50,random,239.0,10217,0,0.0,0.0,0.0,1496,0.012321043590974076,
50,random_matched,239.0,10217,110,1.0766369775863756,2.8993026636236926e-05,0.5521706016755522,44092,1.37667248639463,
50,random,240.0,10217,3,0.029362826661446607,1.6589121652562591e-06,0.01904036557501904,23009,0.2708673734535087,
50,random_matched,240.0,10217,95,0.9298228442791426,2.6510911617321922e-05,0.2284843869002285,41984,7.5302902091710076,
50,random,241.0,10217,1,0.00978760888714887,6.08647619686917e-08,0.01904036557501904,670,0.2653561300026303,
50,random_matched,241.0,10217,28,0.27405304884016835,4.0324155450052125e-05,0.24752475247524752,46372,1.2722715923329653,
50,random,242.0,10217,0,0.0,0.0,0.0,1639,0.02748201047802647,
50,random_matched,242.0,10217,152,1.4877165508466281,1.7400651812145148e-05,1.2947448591012947,44262,1.4715606941896493,
50,random,243.0,10217,3,0.029362826661446607,1.055267128744851e-06,0.05712109672505712,2871,0.04208100022339887,
50,random_matched,243.0,10217,79,0.7732211020847607,5.331364058654853e-06,0.13328255902513328,39682,7.3160776256008235,
50,random,244.0,10217,0,0.0,0.0,0.0,264,0.004803785730262103,
50,random_matched,244.0,10217,80,0.7830087109719096,1.1427567500587512e-05,0.15232292460015232,45615,7.569919384554956,
50,random,245.0,10217,0,0.0,0.0,0.0,1115,0.0032234334262791894,
50,random_matched,245.0,10217,91,0.8906724087305471,2.0754327988748813e-05,0.15232292460015232,46204,1.3127356494997697,
50,random,246.0,10217,0,0.0,0.0,0.0,4469,0.030272416034721708,
50,random_matched,246.0,10217,103,1.0081237153763336,5.759668554864674e-05,0.3427265803503427,48224,1.8224975602469347,
50,random,247.0,10217,0,0.0,0.0,0.0,1001,0.016138935891440123,
50,random_matched,247.0,10217,103,1.0081237153763336,0.00032639437304994123,0.6664127951256664,46759,2.6708480745748204,
50,random,248.0,10217,0,0.0,0.0,0.0,325,0.01505004397662023,
50,random_matched,248.0,10217,87,0.8515219731819517,2.1058095956017214e-05,0.17136329017517135,40972,7.6417150660084925,
50,random,249.0,10217,0,0.0,0.0,0.0,2397,0.04251435186281725,
50,random_matched,249.0,10217,87,0.8515219731819517,1.8761632357171098e-05,0.19040365575019041,39696,1.2436100137540875,
50,random,250.0,10217,1,0.00978760888714887,1.0005166351017813e-08,0.01904036557501904,332,0.027328127754465418,
50,random_matched,250.0,10217,97,0.9493980620534404,2.3757823343066854e-05,0.19040365575019041,48506,7.470119551868206,
50,random,251.0,10217,1,0.00978760888714887,5.558425750565452e-10,0.01904036557501904,2019,0.00887849258081772,
50,random_matched,251.0,10217,89,0.8710971909562494,2.409605354998876e-05,0.20944402132520945,35909,1.032686649196639,
50,random,252.0,10217,0,0.0,0.0,0.0,1532,0.07699379027420444,
50,random_matched,252.0,10217,112,1.0962121953606734,4.538065535534152e-05,0.5712109672505712,48156,2.2461867539791753,
50,random,253.0,10217,1,0.00978760888714887,8.862909859276613e-07,0.01904036557501904,226,0.0030243721139592023,
50,random_matched,253.0,10217,15,0.14681413330723303,3.3711852177179465e-06,0.19040365575019041,38546,1.0816664497611397,
50,random,254.0,10217,0,0.0,0.0,0.0,469,0.009345813072031486,
50,random_matched,254.0,10217,55,0.5383184887931878,3.0481850973525883e-05,0.7616146230007617,45702,1.6312367107534693,
50,random,255.0,10217,0,0.0,0.0,0.0,811,0.05636074497649026,
50,random_matched,255.0,10217,92,0.900460017617696,1.8346695874891388e-05,0.19040365575019041,31978,1.2496328341757534,
50,random,256.0,10217,0,0.0,0.0,0.0,1112,0.007784896480756432,
50,random_matched,256.0,10217,28,0.27405304884016835,1.6999055551666793e-05,0.26656511805026656,44046,1.405946385150227,
50,random,257.0,10217,0,0.0,0.0,0.0,812,0.002901960135725944,
50,random_matched,257.0,10217,24,0.23490261329157286,4.312143320902419e-05,0.24752475247524752,38280,0.9680066176921341,
50,random,258.0,10217,0,0.0,0.0,0.0,591,0.008775292533200878,
50,random_matched,258.0,10217,91,0.8906724087305471,1.232247404642855e-05,0.19040365575019041,38256,7.466537500498408,
50,random,259.0,10217,0,0.0,0.0,0.0,381,0.0741030573336194,
50,random_matched,259.0,10217,85,0.831946755407654,2.0711806031756987e-05,0.13328255902513328,43944,7.526002531602107,
50,random,260.0,10217,1,0.00978760888714887,1.0005166351017813e-08,0.01904036557501904,1274,0.060940115359604016,
50,random_matched,260.0,10217,97,0.9493980620534404,1.2114588923357402e-05,0.49504950495049505,40145,1.8297042831587547,
50,random,261.0,10217,0,0.0,0.0,0.0,1985,0.03703234609767336,
50,random_matched,261.0,10217,148,1.4485661152980327,0.0002924462877783627,0.2856054836252856,42275,2.544126548437768,
50,random,262.0,10217,1,0.00978760888714887,2.0566175277092172e-07,0.0,238,0.015318961804932085,
50,random_matched,262.0,10217,30,0.29362826661446606,2.0028675507012494e-05,0.19040365575019041,44193,1.2666956599865895,
50,random,263.0,10217,0,0.0,0.0,0.0,734,0.009995352495746866,
50,random_matched,263.0,10217,47,0.46001761769599686,3.0190311542908723e-05,0.5331302361005331,43099,1.217758071707806,
50,random,264.0,10217,0,0.0,0.0,0.0,1817,6.328846196331605,
50,random_matched,264.0,10217,119,1.1647254575707155,2.5947565167502113e-05,0.5521706016755522,53911,2.2128580110175218,
50,random,265.0,10217,0,0.0,0.0,0.0,990,0.04404147577117741,
50,random_matched,265.0,10217,92,0.900460017617696,1.3612306741847264e-05,0.17136329017517135,44774,1.1525354638579743,
50,random,266.0,10217,0,0.0,0.0,0.0,314,0.5568305170243224,
50,random_matched,266.0,10217,102,0.9983361064891847,4.332459367020736e-05,0.30464584920030463,44936,1.430406126431111,
50,random,267.0,10217,15,0.14681413330723303,2.9662539017892533e-06,0.03808073115003808,1054,0.018410578056709294,
50,random_matched,267.0,10217,165,1.6149554663795636,0.00031010512846662164,0.6092916984006093,46726,8.831576697088883,
50,random,268.0,10217,0,0.0,0.0,0.0,547,0.013189652985355677,
50,random_matched,268.0,10217,106,1.0374865420377801,0.0002498868114127207,0.43792840822543794,43448,7.601921675834207,
50,random,269.0,10217,0,0.0,0.0,0.0,429,0.007058683916348852,
50,random_matched,269.0,10217,103,1.0081237153763336,1.9230763490518824e-05,0.4188880426504189,44363,1.6651445382834953,
50,random,270.0,10217,0,0.0,0.0,0.0,1615,0.03824412929705003,
50,random_matched,270.0,10217,47,0.46001761769599686,2.132295494303166e-05,0.456968773800457,49361,1.8568807802945366,
50,random,271.0,10217,0,0.0,0.0,0.0,633,0.004370668982684387,
50,random_matched,271.0,10217,148,1.4485661152980327,0.0002945509856888143,0.19040365575019041,40065,2.3277492222964224,
50,random,272.0,10217,0,0.0,0.0,0.0,627,0.04357628993892102,
50,random_matched,272.0,10217,44,0.43065479103455023,0.00026130326206180704,0.5331302361005331,43535,1.3584504026916249,
50,random,273.0,10217,0,0.0,0.0,0.0,253,0.00583381343239036,
50,random_matched,273.0,10217,42,0.4110795732602525,2.042999384620332e-05,0.5140898705255141,43290,1.7015208917802631,
50,random,274.0,10217,0,0.0,0.0,0.0,380,0.018428850419963057,
50,random_matched,274.0,10217,90,0.8808847998433983,2.0850488754233597e-05,0.15232292460015232,35888,7.26438178814091,
50,random,275.0,10217,1,0.00978760888714887,8.559975655870796e-08,0.01904036557501904,470,0.021247516004461346,
50,random_matched,275.0,10217,88,0.8613095820691005,1.9423640864063443e-05,0.2856054836252856,43510,1.4035161179855866,
50,random,276.0,10217,0,0.0,0.0,0.0,1169,0.017024078179768955,
50,random_matched,276.0,10217,96,0.9396104531662914,2.610320108851795e-05,0.5140898705255141,47354,1.38765026925263,
50,random,277.0,10217,1,0.00978760888714887,8.862909859276613e-07,0.01904036557501904,845,0.0937810943043707,
50,random_matched,277.0,10217,93,0.9102476265048449,1.3071471916317245e-05,0.19040365575019041,48964,1.5633228407489865,
50,random,278.0,10217,1,0.00978760888714887,8.862909859276613e-07,0.01904036557501904,1351,0.014239846469426286,
50,random_matched,278.0,10217,82,0.8025839287462073,0.00022444033832663205,0.17136329017517135,46772,1.435110675120014,
50,random,279.0,10217,1,0.00978760888714887,7.587251149521841e-08,0.01904036557501904,445,0.007196463851968213,
50,random_matched,279.0,10217,76,0.7438582754233141,1.3038955125676437e-05,0.17136329017517135,42883,7.798689126490483,
50,random,280.0,10217,1,0.00978760888714887,7.503874763263361e-09,0.0,354,0.02454329611766484,
50,random_matched,280.0,10217,93,0.9102476265048449,2.1003623383661672e-05,0.20944402132520945,35662,1.3721355965183215,
50,random,281.0,10217,0,0.0,0.0,0.0,1172,0.024952957010423885,
50,random_matched,281.0,10217,87,0.8515219731819517,2.059091027168219e-05,0.15232292460015232,40810,1.1362524011898958,
50,random,282.0,10217,1,0.00978760888714887,8.315404922845917e-07,0.0,488,0.0023615708238885333,
50,random_matched,282.0,10217,71,0.6949202309875697,0.00028367453610139535,0.15232292460015232,44239,2.2198064417826058,
50,random,283.0,10217,14,0.13702652442008417,8.989919887677033e-05,0.0,420,0.0030275018890253383,
50,random_matched,283.0,10217,81,0.7927963198590584,0.00029795746691004834,0.26656511805026656,39453,2.0544201141071596,
50,random,284.0,10217,0,0.0,0.0,0.0,849,0.00275879197173461,
50,random_matched,284.0,10217,101,0.9885484976020358,1.9446430409640762e-05,0.30464584920030463,45254,1.568223097193052,
50,random,285.0,10217,4,0.03915043554859548,9.25755808756676e-07,0.07616146230007616,2718,0.10651878523325652,
50,random_matched,285.0,10217,134,1.3115395908779486,0.00027885927187368053,0.17136329017517135,41657,2.2356374868454685,
50,random,286.0,10217,0,0.0,0.0,0.0,461,0.015133625794220588,
50,random_matched,286.0,10217,91,0.8906724087305471,2.1216789011195858e-05,0.17136329017517135,42355,1.0186170929632656,
50,random,287.0,10217,0,0.0,0.0,0.0,1690,0.0071320384162381675,
50,random_matched,287.0,10217,90,0.8808847998433983,3.933586735160159e-05,0.30464584920030463,44883,1.3402873530217638,
50,random,288.0,10217,0,0.0,0.0,0.0,527,0.00508509410316895,
50,random_matched,288.0,10217,87,0.8515219731819517,2.1209563057720125e-05,0.17136329017517135,45365,7.698394137042293,
50,random,289.0,10217,0,0.0,0.0,0.0,3244,0.08557380198403439,
50,random_matched,289.0,10217,93,0.9102476265048449,1.068162676486163e-05,0.2284843869002285,45281,1.2967974858220295,
50,random,290.0,10217,0,0.0,0.0,0.0,802,0.010191442743703868,
50,random_matched,290.0,10217,143,1.3996280708622884,0.0003046175726443759,0.24752475247524752,46971,8.711082561534322,
50,random,291.0,10217,2,0.01957521777429774,3.6574441438720673e-07,0.03808073115003808,705,0.023521894342252835,
50,random_matched,291.0,10217,123,1.203875893119311,2.445207071931248e-05,0.7806549885757806,46092,2.076595356068712,
50,random,292.0,10217,0,0.0,0.0,0.0,299,0.010846541803350623,
50,random_matched,292.0,10217,144,1.4094156797494373,0.0003061933863446612,0.32368621477532367,43455,2.6043318887905293,
50,random,293.0,10217,0,0.0,0.0,0.0,523,0.03469313602475176,
50,random_matched,293.0,10217,83,0.8123715376333561,1.3706799979606876e-05,0.19040365575019041,43990,7.820347733371139,
50,random,294.0,10217,1,0.00978760888714887,6.784058628565134e-07,0.01904036557501904,489,0.01677646726335511,
50,random_matched,294.0,10217,89,0.8710971909562494,6.3407741749575395e-06,0.24752475247524752,45515,1.4632073880224141,
50,random,295.0,10217,0,0.0,0.0,0.0,1087,0.004538502377052402,
50,random_matched,295.0,10217,89,0.8710971909562494,1.849288247213126e-05,0.15232292460015232,40466,1.1109430799279378,
50,random,296.0,10217,0,0.0,0.0,0.0,404,0.006896819631526342,
50,random_matched,296.0,10217,88,0.8613095820691005,2.2003862097475925e-05,1.3137852246763138,44902,1.3599187655492504,
50,random,297.0,10217,0,0.0,0.0,0.0,641,0.012322275186030527,
50,random_matched,297.0,10217,145,1.4192032886365862,0.0005100450377699113,0.20944402132520945,44424,2.5623542520867715,
50,random,298.0,10217,0,0.0,0.0,0.0,1098,0.02052471730727854,
50,random_matched,298.0,10217,139,1.360477635313693,1.4996076832450533e-05,1.2566641279512567,42854,1.3297830565657949,
50,random,299.0,10217,0,0.0,0.0,0.0,496,0.002301473429033413,
50,random_matched,299.0,10217,92,0.900460017617696,4.3172848647216925e-05,0.19040365575019041,41832,0.9885892691673839,
50,random,300.0,10217,0,0.0,0.0,0.0,606,0.004287149062258256,
50,random_matched,300.0,10217,50,0.4893804443574435,2.8867406214274145e-05,0.7806549885757806,42146,7.961502287058386,
50,random,301.0,10217,0,0.0,0.0,0.0,627,0.004917944751931515,
50,random_matched,301.0,10217,93,0.9102476265048449,1.0965384399427995e-05,0.20944402132520945,41648,1.156204296653148,
50,random,302.0,10217,1,0.00978760888714887,5.836347038093724e-09,0.01904036557501904,1128,0.02436674791858681,
50,random_matched,302.0,10217,142,1.3898404619751394,1.822552219352906e-05,1.2376237623762376,44107,1.0949829887794504,
50,random,303.0,10217,1,0.00978760888714887,7.754003922038806e-08,0.01904036557501904,1025,0.1334579146414061,
50,random_matched,303.0,10217,34,0.33277870216306155,4.1220729523618335e-05,0.2856054836252856,41307,0.9764392125524494,
50,random,304.0,10217,0,0.0,0.0,0.0,2348,0.031380737313821336,
50,random_matched,304.0,10217,76,0.7438582754233141,2.93073556124314e-05,1.3328255902513328,42642,1.3489284334359521,
50,random,305.0,10217,0,0.0,0.0,0.0,699,0.12602478456311333,
50,random_matched,305.0,10217,87,0.8515219731819517,2.1209007215145066e-05,0.17136329017517135,41088,1.1160658440164997,
50,random,306.0,10217,0,0.0,0.0,0.0,1812,0.02044325903888634,
50,random_matched,306.0,10217,96,0.9396104531662914,0.00025292310147896705,0.24752475247524752,43912,1.2544483740206909,
50,random,307.0,10217,0,0.0,0.0,0.0,382,0.0031830685331468204,
50,random_matched,307.0,10217,107,1.047274150924929,5.82342369822366e-05,0.5521706016755522,44839,1.0006964580213973,
50,random,308.0,10217,0,0.0,0.0,0.0,1261,0.020868308521422897,
50,random_matched,308.0,10217,149,1.4583537241851816,0.0004975466395484773,0.456968773800457,41472,2.86523247132643,
50,random,309.0,10217,0,0.0,0.0,0.0,570,0.07051576692351051,
50,random_matched,309.0,10217,98,0.9591856709405893,3.0984332661377e-05,0.24752475247524752,49301,1.6918361742211514,
50,random,310.0,10217,1,0.00978760888714887,2.5012915877544532e-09,0.0,1137,1.13417535421776,
50,random_matched,310.0,10217,21,0.20553978663012626,1.2625964092409425e-05,0.2284843869002285,48980,1.5880710498425965,
50,random,311.0,10217,0,0.0,0.0,0.0,798,0.07647680920397476,
50,random_matched,311.0,10217,100,0.978760888714887,4.303416592474031e-05,0.3427265803503427,43236,1.5601566225311934,
50,random,312.0,10217,39,0.3817167465988059,1.045956765612654e-05,0.0,566,0.04105737649814275,
50,random_matched,312.0,10217,105,1.0276989331506312,2.1858787185386167e-05,0.43792840822543794,45304,1.7755251723335626,
50,random,313.0,10217,0,0.0,0.0,0.0,956,0.0422669679027089,
50,random_matched,313.0,10217,12,0.11745130664578643,9.718073661001107e-06,0.15232292460015232,41061,1.4595594669494876,
50,random,314.0,10217,0,0.0,0.0,0.0,714,0.010570847028014224,
50,random_matched,314.0,10217,162,1.5855926397181168,0.0002736524165518383,1.2947448591012947,46968,1.405151198501337,
50,random,315.0,10217,0,0.0,0.0,0.0,815,0.011874041243977687,
50,random_matched,315.0,10217,116,1.1353626309092688,0.0002557909712449713,0.5521706016755522,45912,1.7674133889401684,
50,random,316.0,10217,0,0.0,0.0,0.0,1353,0.012006128226675026,
50,random_matched,316.0,10217,30,0.29362826661446606,2.0642603631162446e-05,0.19040365575019041,44455,1.3276672635496987,
50,random,317.0,10217,0,0.0,0.0,0.0,703,0.0044234387043750305,
50,random_matched,317.0,10217,76,0.7438582754233141,1.3214323458106778e-05,0.15232292460015232,42158,1.213769376535716,
50,random,318.0,10217,0,0.0,0.0,0.0,1023,0.011956256562423917,
50,random_matched,318.0,10217,108,1.057061759812078,5.313215798579257e-05,0.49504950495049505,45101,1.3904763513882867,
50,random,319.0,10217,0,0.0,0.0,0.0,1980,0.12382135308384436,
50,random_matched,319.0,10217,158,1.5464422041695214,0.0003078731426064821,0.5331302361005331,47668,2.848221336004503,
50,random,320.0,10217,0,0.0,0.0,0.0,354,0.00612826146441107,
50,random_matched,320.0,10217,204,1.9966722129783694,0.00029805279391167055,1.3137852246763138,45509,2.808511246729873,
50,random,321.0,10217,0,0.0,0.0,0.0,668,0.0028782471695681672,
50,random_matched,321.0,10217,89,0.8710971909562494,0.00023234497558651118,0.20944402132520945,41726,7.774948098693283,
50,random,322.0,10217,3,0.029362826661446607,6.253228969386133e-08,0.0,2404,0.010428616844278513,
50,random_matched,322.0,10217,70,0.6851326221004209,1.033700436832657e-05,0.05712109672505712,34510,0.7989495130154003,
50,random,323.0,10217,0,0.0,0.0,0.0,298,0.0023143766091995813,
50,random_matched,323.0,10217,95,0.9298228442791426,2.4203609088262203e-05,0.26656511805026656,45647,1.3362671902785601,
50,random,324.0,10217,0,0.0,0.0,0.0,551,0.002442248235621231,
50,random_matched,324.0,10217,75,0.7340706665361653,1.3110102975283675e-05,0.13328255902513328,34506,0.9966768555269756,
50,random,325.0,10217,0,0.0,0.0,0.0,710,0.004066699895581654,
50,random_matched,325.0,10217,157,1.5366545952823725,0.00031633112114982996,0.4188880426504189,47618,2.8944848774786065,
50,random,326.0,10217,1,0.00978760888714887,4.519833899072297e-06,0.01904036557501904,399,0.004969265444902391,
50,random_matched,326.0,10217,120,1.1745130664578642,0.00024095581083799963,0.7996953541507997,50178,2.3272641658841313,
50,random,327.0,10217,0,0.0,0.0,0.0,576,0.1678416996991113,
50,random_matched,327.0,10217,81,0.7927963198590584,2.0531713037438667e-05,1.2566641279512567,40756,1.2515442633549372,
50,random,328.0,10217,4,0.03915043554859548,3.034900459808737e-06,0.0,609,0.0029973357456774463,
50,random_matched,328.0,10217,89,0.8710971909562494,2.9178400135018283e-05,0.19040365575019041,46567,7.789425654118354,
50,random,329.0,10217,3,0.029362826661446607,1.2506457938772266e-07,0.01904036557501904,12526,0.6681320350130681,
50,random_matched,329.0,10217,93,0.9102476265048449,5.8455184405821574e-06,0.39984767707539987,43698,1.7681873781875455,
50,random,330.0,10217,13,0.12723891553293531,7.0147332972136e-07,0.24752475247524752,3117,0.4315396948692515,
50,random_matched,330.0,10217,79,0.7732211020847607,1.0939259798400337e-05,0.20944402132520945,40790,7.8363227718936495,
50,random,331.0,10217,0,0.0,0.0,0.0,32956,0.03688278824077318,
50,random_matched,331.0,10217,89,0.8710971909562494,2.1825436630882775e-05,0.11424219345011424,43609,1.1257339318681354,
50,random,332.0,10217,0,0.0,0.0,0.0,382,0.007401565693650123,
50,random_matched,332.0,10217,39,0.3817167465988059,0.0002674000213463148,0.26656511805026656,45070,1.645560645327639,
50,random,333.0,10217,0,0.0,0.0,0.0,758,0.005530618853519003,
50,random_matched,333.0,10217,137,1.340902417539395,0.0002868156024930399,0.24752475247524752,42705,2.4709127836773646,
50,random,334.0,10217,0,0.0,0.0,0.0,267,0.05768297812840371,
50,random_matched,334.0,10217,79,0.7732211020847607,3.308375006736557e-06,0.15232292460015232,40427,7.374730015052501,
50,random,335.0,10217,4,0.03915043554859548,5.669594265576761e-07,0.07616146230007616,1565,0.16466971552147253,
50,random_matched,335.0,10217,93,0.9102476265048449,4.7039845441885304e-05,1.6374714394516374,43745,7.779019899550864,
50,random,336.0,10217,1,0.00978760888714887,1.4729828238998447e-08,0.01904036557501904,623,0.007793366870983596,
50,random_matched,336.0,10217,24,0.23490261329157286,1.0856161333429384e-05,0.17136329017517135,43627,1.336896765482926,
50,random,337.0,10217,0,0.0,0.0,0.0,386,0.04260793721603721,
50,random_matched,337.0,10217,96,0.9396104531662914,1.3169578130814725e-05,0.20944402132520945,44525,1.3432700778601092,
50,random,338.0,10217,2,0.01957521777429774,1.481320462525693e-07,0.01904036557501904,1131,0.009595087276614355,
50,random_matched,338.0,10217,93,0.9102476265048449,2.0937200195942417e-05,0.20944402132520945,45859,1.4214870975496015,
50,random,339.0,10217,0,0.0,0.0,0.0,449,0.046824745694658984,
50,random_matched,339.0,10217,82,0.8025839287462073,1.8910598167286252e-05,0.26656511805026656,46613,1.4309233566771447,
50,random,340.0,10217,0,0.0,0.0,0.0,290,0.0022715612228105626,
50,random_matched,340.0,10217,146,1.4289908975237349,0.0003207517371492547,0.30464584920030463,45887,2.411417592778745,
50,random,341.0,10217,0,0.0,0.0,0.0,1139,0.00180015393099066,
50,random_matched,341.0,10217,83,0.8123715376333561,3.5958289944270494e-05,1.2376237623762376,42725,1.0813692512726334,
50,random,342.0,10217,0,0.0,0.0,0.0,516,0.026870294989086014,
50,random_matched,342.0,10217,101,0.9885484976020358,2.2595556518623617e-05,0.2856054836252856,46493,1.7064530205077353,
50,random,343.0,10217,0,0.0,0.0,0.0,2159,0.010798836540197526,
50,random_matched,343.0,10217,18,0.17617695996867966,1.865046384215979e-05,0.13328255902513328,42035,1.3038121719572509,
50,random,344.0,10217,0,0.0,0.0,0.0,1720,0.10736944762132582,
50,random_matched,344.0,10217,98,0.9591856709405893,1.092591957659898e-05,0.39984767707539987,39382,7.946724119277585,
50,random,345.0,10217,16,0.15660174219438192,0.00072678584474686,0.01904036557501904,696,0.03440408891795928,
50,random_matched,345.0,10217,90,0.8808847998433983,1.1046259494098722e-05,0.17136329017517135,39953,1.1322641662788449,
50,random,346.0,10217,0,0.0,0.0,0.0,648,0.0032817913518277757,
50,random_matched,346.0,10217,97,0.9493980620534404,0.0002449589890635569,0.19040365575019041,42278,1.3391747354439298,
50,random,347.0,10217,1,0.00978760888714887,8.862909859276613e-07,0.01904036557501904,478,0.007800891345419981,
50,random_matched,347.0,10217,151,1.4779289419594792,0.00031376201676791863,0.3427265803503427,44555,2.766710080456949,
50,random,348.0,10217,0,0.0,0.0,0.0,500,0.010201966850429805,
50,random_matched,348.0,10217,87,0.8515219731819517,1.2752974120809845e-05,0.15232292460015232,45330,1.354005317434447,
50,random,349.0,10217,1,0.00978760888714887,2.6402522315185898e-08,0.01904036557501904,691,0.01064917710844732,
50,random_matched,349.0,10217,93,0.9102476265048449,2.04091497496387e-05,0.20944402132520945,37239,1.1434283421608396,
50,random,350.0,10217,0,0.0,0.0,0.0,2083,0.0268192091879558,
50,random_matched,350.0,10217,111,1.0864245864735245,3.473793757073385e-05,0.5521706016755522,46687,8.02281046206124,
50,random,351.0,10217,2,0.01957521777429774,2.069513075450529e-05,0.01904036557501904,2437,0.15202946661589323,
50,random_matched,351.0,10217,84,0.822159146520505,2.7052302285426997e-05,0.2284843869002285,41266,1.1747927005300958,
50,random,352.0,10217,0,0.0,0.0,0.0,236,0.0613163676493498,
50,random_matched,352.0,10217,23,0.225115004404424,1.0657725534134197e-05,0.13328255902513328,37411,1.091931856453833,
50,random,353.0,10217,1,0.00978760888714887,2.5846679740129352e-08,0.01904036557501904,567,0.12491819481778509,
50,random_matched,353.0,10217,99,0.9689732798277381,1.9533419772637112e-05,0.24752475247524752,43729,1.2977406257626107,
50,random,354.0,10217,0,0.0,0.0,0.0,690,0.01899955188899526,
50,random_matched,354.0,10217,91,0.8906724087305471,2.09124652013524e-05,0.17136329017517135,41807,1.1643669150847613,
50,random,355.0,10217,1,0.00978760888714887,3.9909496889059943e-07,0.01904036557501904,229,0.014167277587517568,
50,random_matched,355.0,10217,109,1.0668493686992269,3.327662744091019e-05,0.5140898705255141,42781,1.6249567440763444,
50,random,356.0,10217,1,0.00978760888714887,1.2506457938772266e-08,0.0,991,0.003537310822579633,
50,random_matched,356.0,10217,29,0.2838406577273172,3.775755235972853e-05,0.26656511805026656,42855,7.47789945054892,
50,random,357.0,10217,0,0.0,0.0,0.0,366,0.012694047072626356,
50,random_matched,357.0,10217,81,0.7927963198590584,4.83471871784183e-06,0.19040365575019041,46036,1.3749541605279698,
50,random,358.0,10217,0,0.0,0.0,0.0,1248,0.0037224532062332854,
50,random_matched,358.0,10217,119,1.1647254575707155,5.341869483323422e-05,0.7806549885757806,50643,8.202277558881237,
50,random,359.0,10217,0,0.0,0.0,0.0,1168,0.009375634813153542,
50,random_matched,359.0,10217,98,0.9591856709405893,1.951396528251013e-05,0.24752475247524752,41407,1.5721639029975731,
50,random,360.0,10217,0,0.0,0.0,0.0,330,0.0024919405567777786,
50,random_matched,360.0,10217,100,0.978760888714887,0.0002607668739768775,0.2284843869002285,41726,1.0697071586500715,
50,random,361.0,10217,0,0.0,0.0,0.0,536,0.0050148344619910775,
50,random_matched,361.0,10217,88,0.8613095820691005,3.533769170921986e-05,0.30464584920030463,43391,1.235147692379072,
50,random,362.0,10217,0,0.0,0.0,0.0,1337,0.014777980502171922,
50,random_matched,362.0,10217,36,0.3523539199373593,0.0002513873084440858,0.2856054836252856,51126,1.895341154511737,
50,random,363.0,10217,0,0.0,0.0,0.0,829,0.10008956224956743,
50,random_matched,363.0,10217,207,2.026035039639816,0.0005388351818662525,1.3709063214013708,49193,2.7511531906756024,
50,random,364.0,10217,0,0.0,0.0,0.0,280,0.007711872099129671,
50,random_matched,364.0,10217,98,0.9591856709405893,4.59456693328865e-05,0.30464584920030463,45288,1.4035793895945048,
50,random,365.0,10217,0,0.0,0.0,0.0,305,0.019959435808758943,
50,random_matched,365.0,10217,87,0.8515219731819517,1.4325452765644811e-05,0.20944402132520945,41077,1.5346100208324898,
50,random,366.0,10217,0,0.0,0.0,0.0,762,0.042921892380582194,
50,random_matched,366.0,10217,81,0.7927963198590584,0.00028185192829778495,0.2856054836252856,46717,2.316702895459945,
50,random,367.0,10217,0,0.0,0.0,0.0,326,0.011214979178073254,
50,random_matched,367.0,10217,136,1.3311148086522462,0.0002864745930732427,0.20944402132520945,40781,2.2855112302067875,
50,random,368.0,10217,0,0.0,0.0,0.0,1720,0.014344641559609796,
50,random_matched,368.0,10217,33,0.3229910932759127,2.7226558932707226e-05,0.5140898705255141,41025,1.3435242784449177,
50,random,369.0,10217,0,0.0,0.0,0.0,214,0.01001059665878451,
50,random_matched,369.0,10217,74,0.7242830576490163,0.00030252927208988844,0.20944402132520945,39168,2.0385310888502217,
50,random,370.0,10217,0,0.0,0.0,0.0,1261,0.0243458488931959,
50,random_matched,370.0,10217,36,0.3523539199373593,0.00023806014894324257,0.38080731150038083,36363,1.5366978490226906,
50,random,371.0,10217,0,0.0,0.0,0.0,541,0.004093244260683642,
50,random_matched,371.0,10217,26,0.25447783106587063,1.9077628861090745e-05,0.20944402132520945,39715,7.583031429593579,
50,random,372.0,10217,0,0.0,0.0,0.0,909,0.013673784114247186,
50,random_matched,372.0,10217,102,0.9983361064891847,0.00024739580291260476,0.24752475247524752,44950,1.6957232374073716,
50,random,373.0,10217,0,0.0,0.0,0.0,3299,0.2216524033046143,
50,random_matched,373.0,10217,27,0.2642654399530195,1.939195783728522e-05,0.20944402132520945,39544,1.2890368847757114,
50,random,374.0,10217,0,0.0,0.0,0.0,2544,0.021898485411612115,
50,random_matched,374.0,10217,14,0.13702652442008417,7.710370279896867e-06,0.07616146230007616,37305,7.222485725564358,
50,random,375.0,10217,0,0.0,0.0,0.0,362,0.022568873073293395,
50,random_matched,375.0,10217,99,0.9689732798277381,2.3865656802627825e-05,0.2284843869002285,49459,1.6417827386017247,
50,random,376.0,10217,0,0.0,0.0,0.0,945,0.05190503086352246,
50,random_matched,376.0,10217,167,1.6345306841538612,4.461609389335124e-05,1.6184310738766183,46394,2.0423146567869175,
50,random,377.0,10217,0,0.0,0.0,0.0,870,0.004364630040429495,
50,random_matched,377.0,10217,95,0.9298228442791426,2.4007118737979717e-05,0.24752475247524752,39757,1.1396601675752425,
50,random,378.0,10217,0,0.0,0.0,0.0,409,0.0095085740723268,
50,random_matched,378.0,10217,85,0.831946755407654,1.4546678110517316e-05,0.13328255902513328,39870,1.1837809129942156,
50,random,379.0,10217,0,0.0,0.0,0.0,1027,0.04229413441376725,
50,random_matched,379.0,10217,135,1.3213271997650975,0.0002785438312123359,0.20944402132520945,38863,2.0638633739638186,
50,random,380.0,10217,0,0.0,0.0,0.0,785,0.027939949579576986,
50,random_matched,380.0,10217,88,0.8613095820691005,1.5599721868961942e-05,1.4851485148514851,42613,7.6357676744356064,
50,random,381.0,10217,0,0.0,0.0,0.0,295,0.06189829790062993,
50,random_matched,381.0,10217,143,1.3996280708622884,0.00024131655266921133,1.2376237623762376,40578,1.5973561465480306,
50,random,382.0,10217,1,0.00978760888714887,6.72208218144633e-06,0.01904036557501904,967,0.09530374574511608,
50,random_matched,382.0,10217,25,0.24469022217872174,1.092925463204932e-05,0.19040365575019041,40638,1.3239908554926636,
50,random,383.0,10217,0,0.0,0.0,0.0,3042,0.05264602256860745,
50,random_matched,383.0,10217,94,0.9200352353919937,1.8517061624146218e-05,0.24752475247524752,43162,7.8808361183919,
50,random,384.0,10217,2,0.01957521777429774,8.911268163306532e-06,0.03808073115003808,802,0.022423046505024285,
50,random_matched,384.0,10217,79,0.7732211020847607,0.0002839502340186234,0.2284843869002285,41552,2.1808040768625734,
50,random,385.0,10217,0,0.0,0.0,0.0,218,0.013711285866294713,
50,random_matched,385.0,10217,97,0.9493980620534404,1.867269754516205e-05,0.2856054836252856,48151,7.735978742425292,
50,random,386.0,10217,0,0.0,0.0,0.0,789,0.02235750850726515,
50,random_matched,386.0,10217,151,1.4779289419594792,0.00029231427516678677,0.26656511805026656,38346,2.5726012673831837,
50,random,387.0,10217,0,0.0,0.0,0.0,5358,0.26206283847325224,
50,random_matched,387.0,10217,92,0.900460017617696,3.500279655774829e-05,0.26656511805026656,41933,1.0769927338005378,
50,random,388.0,10217,0,0.0,0.0,0.0,412,0.0014651426174586426,
50,random_matched,388.0,10217,16,0.15660174219438192,1.1888083074021861e-05,0.19040365575019041,47743,1.5525257262199184,
50,random,389.0,10217,0,0.0,0.0,0.0,703,0.0027739758247050566,
50,random_matched,389.0,10217,82,0.8025839287462073,0.0005100903389397784,0.17136329017517135,41520,2.319584402547356,
50,random,390.0,10217,0,0.0,0.0,0.0,564,0.0035425482757836125,
50,random_matched,390.0,10217,197,1.9281589507683272,0.00028972655005861104,1.2376237623762376,45695,8.624448476826819,
50,random,391.0,10217,0,0.0,0.0,0.0,825,0.00847680848799904,
50,random_matched,391.0,10217,104,1.0179113242634825,3.1155532174494416e-05,0.456968773800457,45340,7.732449033845393,
50,random,392.0,10217,2,0.01957521777429774,4.02707945628467e-07,0.03808073115003808,2433,0.08218739171090361,
50,random_matched,392.0,10217,98,0.9591856709405893,2.4203609088262203e-05,0.30464584920030463,44787,1.6424520454435176,
50,random,393.0,10217,0,0.0,0.0,0.0,579,0.009471718272841097,
50,random_matched,393.0,10217,149,1.4583537241851816,0.0005129696034785713,0.2284843869002285,50042,9.062044860981787,
50,random,394.0,10217,0,0.0,0.0,0.0,362,0.08946457741360139,
50,random_matched,394.0,10217,88,0.8613095820691005,1.1343635271753975e-05,0.38080731150038083,44279,1.7534981296652912,
50,random,395.0,10217,0,0.0,0.0,0.0,1413,0.01575412750768748,
50,random_matched,395.0,10217,23,0.225115004404424,2.4895355172920074e-05,0.13328255902513328,44144,7.237220887505927,
50,random,396.0,10217,0,0.0,0.0,0.0,1016,0.1273578687658012,
50,random_matched,396.0,10217,96,0.9396104531662914,2.360913545423923e-05,0.26656511805026656,46459,7.960877650931103,
50,random,397.0,10217,0,0.0,0.0,0.0,520,0.008093723702482614,
50,random_matched,397.0,10217,25,0.24469022217872174,3.329719361618728e-05,0.456968773800457,46533,1.705538389770761,
50,random,398.0,10217,0,0.0,0.0,0.0,764,0.003679663213556771,
50,random_matched,398.0,10217,12,0.11745130664578643,8.892369515754611e-06,0.15232292460015232,42185,1.0910310986194212,
50,random,399.0,10217,0,0.0,0.0,0.0,813,0.06641071934783355,
50,random_matched,399.0,10217,88,0.8613095820691005,1.8626006768857302e-05,0.19040365575019041,46545,1.1960570224109137,
50,random,400.0,10217,0,0.0,0.0,0.0,1845,0.04837185286765288,
50,random_matched,400.0,10217,203,1.9868846040912205,0.00030061050352079324,1.3137852246763138,43722,2.7874614636291466,
50,random,401.0,10217,0,0.0,0.0,0.0,1803,0.02235011417560535,
50,random_matched,401.0,10217,28,0.27405304884016835,4.045450053390289e-05,0.24752475247524752,36376,1.0571535213494156,
50,random,402.0,10217,0,0.0,0.0,0.0,1054,0.01515685945405485,
50,random_matched,402.0,10217,96,0.9396104531662914,4.4382084169252436e-05,0.26656511805026656,48648,7.679200426414598,
50,random,403.0,10217,0,0.0,0.0,0.0,3381,0.05310858173872669,
50,random_matched,403.0,10217,101,0.9885484976020358,0.00023946392936654787,0.24752475247524752,49273,1.9360082137776207,
50,random,404.0,10217,1,0.00978760888714887,7.114784960723779e-08,0.01904036557501904,3781,0.1771522758208292,
50,random_matched,404.0,10217,154,1.507291768620926,2.3026890356867497e-05,1.2757044935262758,48379,1.559988473302526,
50,random,405.0,10217,0,0.0,0.0,0.0,577,0.04716462149124258,
50,random_matched,405.0,10217,76,0.7438582754233141,1.3314375121616956e-05,0.13328255902513328,37389,1.0085142155532412,
50,random,406.0,10217,0,0.0,0.0,0.0,1259,0.066378656611583,
50,random_matched,406.0,10217,209,2.045610257414114,0.0005240222551622832,1.2947448591012947,44254,2.7225498779700654,
50,random,407.0,10217,0,0.0,0.0,0.0,1246,0.003733128088127215,
50,random_matched,407.0,10217,76,0.7438582754233141,1.3524761536275857e-05,0.15232292460015232,40392,1.1875085798470475,
50,random,408.0,10217,0,0.0,0.0,0.0,1359,0.02203094695156889,
50,random_matched,408.0,10217,112,1.0962121953606734,2.4186933811010507e-05,0.49504950495049505,39938,7.341008594830433,
50,random,409.0,10217,1,0.00978760888714887,2.5012915877544533e-08,0.01904036557501904,4606,0.025428324134287403,
50,random_matched,409.0,10217,102,0.9983361064891847,1.4093110569271175e-05,0.38080731150038083,40069,1.4464238343261633,
50,random,410.0,10217,0,0.0,0.0,0.0,183,0.005778107562691425,
50,random_matched,410.0,10217,30,0.29362826661446606,2.1675637056905036e-05,0.2856054836252856,44400,1.4489597774253897,
50,random,411.0,10217,0,0.0,0.0,0.0,291,0.007647394288867586,
50,random_matched,411.0,10217,43,0.4208671821474014,4.102618462234855e-05,0.5521706016755522,42277,1.6628710582482837,
50,random,412.0,10217,0,0.0,0.0,0.0,296,0.025087951573202948,
50,random_matched,412.0,10217,90,0.8808847998433983,2.095415339448164e-05,0.15232292460015232,39422,1.085789850642529,
50,random,413.0,10217,1,0.00978760888714887,5.558425750565452e-08,0.0,1073,0.017546199889673694,
50,random_matched,413.0,10217,151,1.4779289419594792,0.0002871663391579006,0.24752475247524752,44685,2.2838089769730354,
50,random,414.0,10217,0,0.0,0.0,0.0,1329,0.006203071341448279,
50,random_matched,414.0,10217,95,0.9298228442791426,2.1573917865669688e-05,0.24752475247524752,45493,7.963133268076675,
50,random,415.0,10217,17,0.16638935108153077,1.3465286380744807e-06,0.32368621477532367,810,0.054636699176088585,
50,random_matched,415.0,10217,87,0.8515219731819517,1.3982497896834922e-05,0.2856054836252856,52942,8.10244956456732,
50,random,416.0,10217,0,0.0,0.0,0.0,2947,0.06167401587047223,
50,random_matched,416.0,10217,37,0.3621415288245082,1.1546517811649613e-05,0.4188880426504189,40207,1.3648903545188469,
50,random,417.0,10217,0,0.0,0.0,0.0,1952,0.070928673450149,
50,random_matched,417.0,10217,84,0.822159146520505,2.0561450615204193e-05,0.11424219345011424,45159,1.2687375604735127,
50,random,418.0,10217,1,0.00978760888714887,6.784058628565134e-07,0.01904036557501904,650,0.06575445535162566,
50,random_matched,418.0,10217,90,0.8808847998433983,2.669656303739081e-05,0.2284843869002285,39013,1.1420142059891596,
50,random,419.0,10217,3,0.029362826661446607,8.059717338319905e-08,0.0,840,0.002488828239888989,
50,random_matched,419.0,10217,18,0.17617695996867966,1.7339509128888928e-05,0.24752475247524752,45089,1.4601084075940107,
50,random,420.0,10217,1,0.00978760888714887,5.725178523082416e-08,0.01904036557501904,416,0.0065284949414029505,
50,random_matched,420.0,10217,22,0.21532739551727512,1.9016764099122054e-05,0.2284843869002285,43401,1.44202183426357,
50,random,421.0,10217,0,0.0,0.0,0.0,559,0.004582260505018137,
50,random_matched,421.0,10217,26,0.25447783106587063,1.9437814849727387e-05,0.20944402132520945,42904,7.541341313199649,
50,random,422.0,10217,0,0.0,0.0,0.0,432,0.002913114323943389,
50,random_matched,422.0,10217,88,0.8613095820691005,2.1218734460208555e-05,0.19040365575019041,43468,7.558160711708206,
50,random,423.0,10217,0,0.0,0.0,0.0,1420,0.019478217021270252,
50,random_matched,423.0,10217,87,0.8515219731819517,3.4891628042736986e-05,0.26656511805026656,45159,1.5601959875468958,
50,random,424.0,10217,0,0.0,0.0,0.0,290,0.006363350106346311,
50,random_matched,424.0,10217,27,0.2642654399530195,1.2485613842207646e-05,0.4188880426504189,43677,7.8628950891246765,
50,random,425.0,10217,0,0.0,0.0,0.0,442,0.03050860771604385,
50,random_matched,425.0,10217,93,0.9102476265048449,1.9026491344185543e-05,0.2284843869002285,45295,7.8803935075700595,
50,random,426.0,10217,1,0.00978760888714887,8.337638625848179e-09,0.0,1142,0.3027547248544299,
50,random_matched,426.0,10217,40,0.3915043554859548,2.277870664710475e-05,0.49504950495049505,37944,1.7499255771310769,
50,random,427.0,10217,1,0.00978760888714887,4.519833899072297e-06,0.01904036557501904,685,0.046248868669597036,
50,random_matched,427.0,10217,145,1.4192032886365862,0.00028414394515603064,0.30464584920030463,39329,2.4993527481530045,
50,random,428.0,10217,1,0.00978760888714887,5.0025831755089064e-09,0.01904036557501904,480,0.026999293461500033,
50,random_matched,428.0,10217,31,0.303415875501615,1.2056225452976466e-05,0.2284843869002285,41353,1.3064594887053063,
50,random,429.0,10217,0,0.0,0.0,0.0,366,0.01842380341960286,
50,random_matched,429.0,10217,17,0.16638935108153077,1.3429156613366132e-05,0.13328255902513328,40306,0.9667143380112263,
50,random,430.0,10217,0,0.0,0.0,0.0,604,0.5420172471973048,
50,random_matched,430.0,10217,100,0.978760888714887,0.00025669810632746357,0.26656511805026656,49764,1.8662102906031406,
50,random,431.0,10217,0,0.0,0.0,0.0,1154,0.009368916589089163,
50,random_matched,431.0,10217,82,0.8025839287462073,6.263789978312208e-06,0.19040365575019041,44892,7.695691925436232,
50,random,432.0,10217,0,0.0,0.0,0.0,1139,0.12125372021851985,
50,random_matched,432.0,10217,112,1.0962121953606734,4.8317727521940307e-05,0.5712109672505712,47313,1.4696011264670927,
50,random,433.0,10217,0,0.0,0.0,0.0,257,0.0029921538412195693,
50,random_matched,433.0,10217,96,0.9396104531662914,1.3959152508682547e-05,0.24752475247524752,42667,1.218964488898309,
50,random,434.0,10217,0,0.0,0.0,0.0,578,0.027923742042571215,
50,random_matched,434.0,10217,28,0.27405304884016835,1.9236599837556917e-05,0.2284843869002285,43861,1.4375938072327668,
50,random,435.0,10217,1,0.00978760888714887,4.30222153093766e-07,0.01904036557501904,198,0.0014633523607271003,
50,random_matched,435.0,10217,32,0.31320348438876383,1.259122393146839e-05,0.5140898705255141,48881,2.0762464845494737,
50,random,436.0,10217,0,0.0,0.0,0.0,266,0.003352747732992481,
50,random_matched,436.0,10217,101,0.9885484976020358,3.572094516472135e-05,0.2856054836252856,44106,1.1878996192130058,
50,random,437.0,10217,0,0.0,0.0,0.0,1037,0.011079776704273063,
50,random_matched,437.0,10217,104,1.0179113242634825,0.0002688071368250704,0.2856054836252856,40311,1.3592152946414973,
50,random,438.0,10217,0,0.0,0.0,0.0,1656,0.016016827050649884,
50,random_matched,438.0,10217,94,0.9200352353919937,2.1172321605191334e-05,0.24752475247524752,42781,1.4562028704819436,
50,random,439.0,10217,0,0.0,0.0,0.0,459,0.004227926163377497,
50,random_matched,439.0,10217,88,0.8613095820691005,1.8174662597911386e-05,0.19040365575019041,39192,1.3397482762474415,
50,random,440.0,10217,0,0.0,0.0,0.0,1206,0.057519955255448195,
50,random_matched,440.0,10217,141,1.3800528530879905,2.4246686887829088e-05,1.1614623000761615,40121,1.3348173108694235,
50,random,441.0,10217,0,0.0,0.0,0.0,608,0.014028546974786334,
50,random_matched,441.0,10217,106,1.0374865420377801,0.0002595720903617935,0.5521706016755522,41373,1.906327493463744,
50,random,442.0,10217,0,0.0,0.0,0.0,252,0.004614778740986726,
50,random_matched,442.0,10217,92,0.900460017617696,4.009375870269119e-05,0.2856054836252856,37828,1.0984124731374163,
50,random,443.0,10217,0,0.0,0.0,0.0,861,0.10172748527401129,
50,random_matched,443.0,10217,91,0.8906724087305471,1.2912500939851074e-05,0.17136329017517135,42555,1.233455707727814,
50,random,444.0,10217,0,0.0,0.0,0.0,894,0.04215794793360752,
50,random_matched,444.0,10217,33,0.3229910932759127,1.9995602873796628e-05,0.4188880426504189,42530,7.754440518967731,
50,random,445.0,10217,0,0.0,0.0,0.0,1555,0.016158908046324635,
50,random_matched,445.0,10217,94,0.9200352353919937,2.062898548807356e-05,0.2284843869002285,48505,1.6077028829534465,
50,random,446.0,10217,0,0.0,0.0,0.0,577,0.016355923577681005,
50,random_matched,446.0,10217,79,0.7732211020847607,0.0002893549692971857,0.24752475247524752,40269,2.352833037868701,
50,random,447.0,10217,0,0.0,0.0,0.0,826,0.020971759331950716,
50,random_matched,447.0,10217,98,0.9591856709405893,1.3647324824075826e-05,0.476009139375476,44106,1.9796562584125432,
50,random,448.0,10217,1,0.00978760888714887,1.78425466593151e-07,0.01904036557501904,667,0.12753871485072057,
50,random_matched,448.0,10217,97,0.9493980620534404,0.00029388008370072105,0.49504950495049505,41034,2.879229507878213,
50,random,449.0,10217,1,0.00978760888714887,9.421531647208441e-08,0.01904036557501904,540,0.0038543449747657477,
50,random_matched,449.0,10217,26,0.25447783106587063,1.3329382871143481e-05,0.20944402132520945,44088,1.366808689200725,
50,random,450.0,10217,0,0.0,0.0,0.0,1248,0.0049929561915617255,
50,random_matched,450.0,10217,162,1.5855926397181168,5.45164839189709e-05,1.6374714394516374,41900,7.9432602994460995,
50,random,451.0,10217,0,0.0,0.0,0.0,925,0.0371911694854235,
50,random_matched,451.0,10217,36,0.3523539199373593,4.112984926259659e-05,0.32368621477532367,47805,1.6338152676764917,
50,random,452.0,10217,5,0.04893804443574435,1.6606630693676873e-05,0.0,1462,0.03489320832425082,
50,random_matched,452.0,10217,103,1.0081237153763336,0.0002479452532980482,0.2856054836252856,49143,1.9522867468422311,
50,random,453.0,10217,0,0.0,0.0,0.0,375,0.017457271108484183,
50,random_matched,453.0,10217,99,0.9689732798277381,4.259699573945834e-05,0.2856054836252856,44531,1.4102853675410274,
50,random,454.0,10217,0,0.0,0.0,0.0,385,0.00433020092759497,
50,random_matched,454.0,10217,105,1.0276989331506312,1.363398460227447e-05,0.43792840822543794,38390,1.7474345475737352,
50,random,455.0,10217,0,0.0,0.0,0.0,398,0.0020537942670172103,
50,random_matched,455.0,10217,106,1.0374865420377801,4.596762511460123e-05,0.38080731150038083,49151,1.829957463233742,
50,random,456.0,10217,0,0.0,0.0,0.0,515,0.018916052600960537,
50,random_matched,456.0,10217,88,0.8613095820691005,3.24726011560909e-05,0.2856054836252856,44981,1.6942251385124039,
50,random,457.0,10217,1,0.00978760888714887,1.2601229097819408e-05,0.0,284,0.04931612600265464,
50,random_matched,457.0,10217,105,1.0276989331506312,1.2031768379673977e-05,0.456968773800457,43443,1.7778331640111744,
50,random,458.0,10217,0,0.0,0.0,0.0,647,0.010390388197210556,
50,random_matched,458.0,10217,86,0.8417343642948028,1.4441345942544101e-05,0.13328255902513328,45789,1.5701429745429645,
50,random,459.0,10217,0,0.0,0.0,0.0,1365,0.00864474028300301,
50,random_matched,459.0,10217,104,1.0179113242634825,2.432172563546172e-05,0.49504950495049505,47000,8.081652234646558,
50,random,460.0,10217,0,0.0,0.0,0.0,339,0.010178377678620487,
50,random_matched,460.0,10217,104,1.0179113242634825,0.00024031686979797214,0.39984767707539987,40656,1.5366591950309383,
50,random,461.0,10217,0,0.0,0.0,0.0,265,0.002311818192664789,
50,random_matched,461.0,10217,87,0.8515219731819517,0.0005200068484000746,0.24752475247524752,42832,2.446256110981797,
50,random,462.0,10217,1,0.00978760888714887,5.836347038093724e-09,0.01904036557501904,640,0.03890605926536041,
50,random_matched,462.0,10217,112,1.0962121953606734,2.7945541303542867e-05,0.5712109672505712,48546,2.164966123122803,
50,random,463.0,10217,0,0.0,0.0,0.0,1028,0.03706414378704965,
50,random_matched,463.0,10217,16,0.15660174219438192,9.371227894165824e-06,0.15232292460015232,36560,1.327858429004537,
50,random,464.0,10217,0,0.0,0.0,0.0,298,0.0929155575492021,
50,random_matched,464.0,10217,90,0.8808847998433983,3.7348730145774444e-05,1.3328255902513328,47546,1.2738619830889224,
50,random,465.0,10217,1,0.00978760888714887,1.4729828238998447e-08,0.01904036557501904,1293,0.11857568977519062,
50,random_matched,465.0,10217,141,1.3800528530879905,1.4274593170027137e-05,1.1995430312261997,44197,1.461656992363651,
50,random,466.0,10217,0,0.0,0.0,0.0,502,0.005659218962068116,
50,random_matched,466.0,10217,79,0.7732211020847607,1.4498319806487396e-05,1.1805026656511806,47253,1.10070473975856,
50,random,467.0,10217,1,0.00978760888714887,1.4729828238998447e-08,0.01904036557501904,1974,0.12479116435809014,
50,random_matched,467.0,10217,146,1.4289908975237349,0.0002869681812798929,0.4188880426504189,42751,2.7839553632663416,
50,random,468.0,10217,19,0.18596456885582852,4.152977799534977e-05,0.3617669459253618,1919,0.14544353268391294,
50,random_matched,468.0,10217,27,0.2642654399530195,2.6009819535908447e-05,0.49504950495049505,40915,1.503293997807878,
50,random,469.0,10217,0,0.0,0.0,0.0,539,0.004026847638020463,
50,random_matched,469.0,10217,25,0.24469022217872174,1.6599960582776195e-05,0.20944402132520945,39448,1.223851267629463,
50,random,470.0,10217,1,0.00978760888714887,7.806808966669177e-07,0.01904036557501904,1716,0.05384871164469358,
50,random_matched,470.0,10217,89,0.8710971909562494,4.0803847592325924e-05,0.32368621477532367,46898,7.962460925099131,
50,random,471.0,10217,0,0.0,0.0,0.0,1357,0.03948095387116985,
50,random_matched,471.0,10217,111,1.0864245864735245,0.0002593378027164071,0.38080731150038083,40683,1.639404274610593,
50,random,472.0,10217,1,0.00978760888714887,5.558425750565452e-08,0.0,426,0.05343907455854001,
50,random_matched,472.0,10217,98,0.9591856709405893,0.0002617479361218523,0.2856054836252856,47545,1.5228290776998734,
50,random,473.0,10217,0,0.0,0.0,0.0,283,0.003222674789118128,
50,random_matched,473.0,10217,79,0.7732211020847607,1.050431298341859e-05,0.19040365575019041,47048,1.4727567872489125,
50,random,474.0,10217,0,0.0,0.0,0.0,667,0.011081300327023312,
50,random_matched,474.0,10217,92,0.900460017617696,4.314700196747679e-05,0.26656511805026656,50002,1.2331963284127616,
50,random,475.0,10217,0,0.0,0.0,0.0,756,0.0024364806886687275,
50,random_matched,475.0,10217,99,0.9689732798277381,3.788761952229176e-05,0.3427265803503427,47654,1.631825070375334,
50,random,476.0,10217,0,0.0,0.0,0.0,937,0.07838634813868406,
50,random_matched,476.0,10217,85,0.831946755407654,2.1059763483742383e-05,0.13328255902513328,42987,7.354138867793312,
50,random,477.0,10217,0,0.0,0.0,0.0,2228,0.07047592418859151,
50,random_matched,477.0,10217,81,0.7927963198590584,1.1070160724826154e-05,0.19040365575019041,43493,1.5355507039313863,
50,random,478.0,10217,0,0.0,0.0,0.0,1540,0.031771694150214046,
50,random_matched,478.0,10217,146,1.4289908975237349,0.0002860135216572333,0.2284843869002285,43587,2.589291730903608,
50,random,479.0,10217,0,0.0,0.0,0.0,411,0.006790588209479318,
50,random_matched,479.0,10217,25,0.24469022217872174,1.1310840559825638e-05,0.19040365575019041,36721,1.0109871917680993,
50,random,480.0,10217,0,0.0,0.0,0.0,920,0.008442780913243486,
50,random_matched,480.0,10217,102,0.9983361064891847,0.0002586896902738912,0.2856054836252856,47345,1.5056819130213828,
50,random,481.0,10217,0,0.0,0.0,0.0,305,0.007261773306314809,
50,random_matched,481.0,10217,134,1.3115395908779486,0.00028042257911602706,0.8758568164508759,51002,2.0386076239126023,
50,random,482.0,10217,0,0.0,0.0,0.0,984,0.09939409194836017,
50,random_matched,482.0,10217,96,0.9396104531662914,2.1629502123175344e-05,0.26656511805026656,43904,1.4269671003856716,
50,random,483.0,10217,0,0.0,0.0,0.0,650,0.037996712007694035,
50,random_matched,483.0,10217,148,1.4485661152980327,2.2758418393115185e-05,1.2376237623762376,47561,7.84799525371884,
50,random,484.0,10217,1,0.00978760888714887,3.0821470786885433e-06,0.0,1518,0.02508487417266885,
50,random_matched,484.0,10217,23,0.225115004404424,1.119300193391365e-05,0.20944402132520945,47792,1.3044533600237664,
50,random,485.0,10217,0,0.0,0.0,0.0,310,0.0022516477908862188,
50,random_matched,485.0,10217,81,0.7927963198590584,2.927067000247767e-06,0.19040365575019041,41196,1.4523988717164316,
50,random,486.0,10217,0,0.0,0.0,0.0,565,0.005347355604590657,
50,random_matched,486.0,10217,137,1.340902417539395,2.416581179315836e-05,1.1043412033511044,39503,0.7622631610119169,
50,random,487.0,10217,0,0.0,0.0,0.0,312,0.014042375438351871,
50,random_matched,487.0,10217,115,1.12557502202212,0.00024881264563642394,0.5140898705255141,41899,1.916749134972619,
50,random,488.0,10217,0,0.0,0.0,0.0,775,0.05570643470903817,
50,random_matched,488.0,10217,149,1.4583537241851816,3.782925605191083e-05,1.2566641279512567,44023,1.2442183423566229,
50,random,489.0,10217,3,0.029362826661446607,6.92615978287834e-05,0.0,1321,0.072979233193036,
50,random_matched,489.0,10217,23,0.225115004404424,4.019631165778912e-05,0.2284843869002285,39399,1.0813288546373603,
50,random,490.0,10217,0,0.0,0.0,0.0,402,0.014828852043852881,
50,random_matched,490.0,10217,40,0.3915043554859548,3.7522153029192085e-05,0.49504950495049505,47640,8.296505555544861,
50,random,491.0,10217,0,0.0,0.0,0.0,307,0.004877654452829627,
50,random_matched,491.0,10217,89,0.8710971909562494,0.0002939245511067256,0.456968773800457,45772,2.276140117061567,
50,random,492.0,10217,0,0.0,0.0,0.0,1035,0.003060329610865071,
50,random_matched,492.0,10217,100,0.978760888714887,4.765599693633549e-05,0.3617669459253618,49711,8.017383744756646,
50,random,493.0,10217,0,0.0,0.0,0.0,1620,0.03357229881960166,
50,random_matched,493.0,10217,146,1.4289908975237349,1.430155153491738e-05,1.2185833968012185,40105,7.477910453961969,
50,random,494.0,10217,0,0.0,0.0,0.0,2184,0.009481402799947365,
50,random_matched,494.0,10217,40,0.3915043554859548,2.0706247606006422e-05,0.49504950495049505,40441,1.2241110675278788,
50,random,495.0,10217,0,0.0,0.0,0.0,333,0.007476308912192009,
50,random_matched,495.0,10217,157,1.5366545952823725,5.2570201142410406e-05,1.3328255902513328,43767,1.138437620615978,
50,random,496.0,10217,0,0.0,0.0,0.0,692,0.02970919777534307,
50,random_matched,496.0,10217,32,0.31320348438876383,1.968794400850283e-05,0.39984767707539987,41480,7.900884646453873,
50,random,497.0,10217,0,0.0,0.0,0.0,244,0.007147179417318763,
50,random_matched,497.0,10217,82,0.8025839287462073,1.6524643913856032e-05,0.20944402132520945,38339,7.549674042524221,
50,random,498.0,10217,0,0.0,0.0,0.0,938,1.0704169875085927,
50,random_matched,498.0,10217,134,1.3115395908779486,1.697265302935161e-05,1.1614623000761615,38329,1.1033883314249275,
50,random,499.0,10217,0,0.0,0.0,0.0,1200,0.014599730924356114,
50,random_matched,499.0,10217,72,0.7047078398747186,1.537599523250168e-05,1.2376237623762376,43293,1.361861813074716,
50,random,500.0,10217,0,0.0,0.0,0.0,1137,0.0022369543539885084,
50,random_matched,500.0,10217,11,0.10766369775863756,9.388459013992577e-06,0.19040365575019041,42966,1.2041538457334289,
50,random,501.0,10217,2,0.01957521777429774,3.4710423363268547e-05,0.01904036557501904,322,0.0061019710364341225,
50,random_matched,501.0,10217,95,0.9298228442791426,3.292922583149985e-05,0.26656511805026656,40559,7.7211763696751525,
50,random,502.0,10217,0,0.0,0.0,0.0,230,0.0010107253064110442,
50,random_matched,502.0,10217,95,0.9298228442791426,4.4326221990459254e-05,0.24752475247524752,42462,1.2749779843789475,
50,random,503.0,10217,1,0.00978760888714887,3.4462239653505805e-08,0.01904036557501904,312,0.04174960433968463,
50,random_matched,503.0,10217,72,0.7047078398747186,0.00028397302356420075,0.17136329017517135,41020,1.9019762078192353,
50,random,504.0,10217,0,0.0,0.0,0.0,890,0.005881164770675431,
50,random_matched,504.0,10217,96,0.9396104531662914,2.1566413990906426e-05,0.26656511805026656,41864,1.5953676839548585,
50,random,505.0,10217,4,0.03915043554859548,6.91190242082814e-07,0.07616146230007616,933,0.002950844619403453,
50,random_matched,505.0,10217,16,0.15660174219438192,1.1543738598774331e-05,0.20944402132520945,47111,7.976521733198546,
50,random,506.0,10217,5,0.04893804443574435,5.583438666442997e-06,0.09520182787509521,176,0.01350724262500282,
50,random_matched,506.0,10217,38,0.37192913771165703,3.0181973904282877e-05,0.43792840822543794,40468,0.9714154156970514,
50,random,507.0,10217,0,0.0,0.0,0.0,1183,0.024987865429581927,
50,random_matched,507.0,10217,101,0.9885484976020358,4.295217914491947e-05,0.3427265803503427,50093,8.2519431817233,
50,random,508.0,10217,0,0.0,0.0,0.0,2058,0.29407322399836305,
50,random_matched,508.0,10217,18,0.17617695996867966,1.653603868664469e-05,0.15232292460015232,39591,1.0679977507378213,
50,random,509.0,10217,0,0.0,0.0,0.0,2057,0.05401784646682743,
50,random_matched,509.0,10217,144,1.4094156797494373,1.0099937510064954e-05,1.3137852246763138,42338,1.4521665509891593,
50,random,510.0,10217,0,0.0,0.0,0.0,734,0.0088462346304023,
50,random_matched,510.0,10217,114,1.1157874131349712,5.5261312969546666e-05,0.5902513328255903,47954,1.3410143940560417,
50,random,511.0,10217,0,0.0,0.0,0.0,447,0.007754520839280381,
50,random_matched,511.0,10217,83,0.8123715376333561,0.0003057856758158572,0.30464584920030463,48098,8.808477547749758,
50,random,512.0,10217,0,0.0,0.0,0.0,760,0.009153677894797005,
50,random_matched,512.0,10217,85,0.831946755407654,1.3940809703705682e-05,0.2284843869002285,45892,7.7118973865060045,
50,random,513.0,10217,0,0.0,0.0,0.0,975,0.043133099823014324,
50,random_matched,513.0,10217,119,1.1647254575707155,0.00025060023535780575,0.49504950495049505,42980,1.1814625702045443,
50,random,514.0,10217,0,0.0,0.0,0.0,310,0.0024746236319569837,
50,random_matched,514.0,10217,196,1.9183713418811785,0.00029183708431610074,1.2185833968012185,45066,2.4302673598545343,
50,random,515.0,10217,16,0.15660174219438192,1.0398980815445376e-05,0.30464584920030463,2611,0.021655135877577867,
50,random_matched,515.0,10217,76,0.7438582754233141,1.3295198552777505e-05,0.15232292460015232,39365,7.547622295625274,
50,random,516.0,10217,1,0.00978760888714887,5.085959561767389e-08,0.0,567,0.039280313387353515,
50,random_matched,516.0,10217,106,1.0374865420377801,0.00026654041080398984,0.3617669459253618,48885,1.8402390377857654,
50,random,517.0,10217,0,0.0,0.0,0.0,1228,0.025113654771578234,
50,random_matched,517.0,10217,85,0.831946755407654,1.1054597132724572e-05,0.24752475247524752,51937,1.705676553786282,
50,random,518.0,10217,0,0.0,0.0,0.0,596,0.016813226249311888,
50,random_matched,518.0,10217,114,1.1157874131349712,0.00024955330586768677,0.49504950495049505,42088,1.5180360239873583,
50,random,519.0,10217,0,0.0,0.0,0.0,869,0.023769603659302637,
50,random_matched,519.0,10217,38,0.37192913771165703,4.67674825801076e-05,0.3617669459253618,42173,1.2496673061404777,
50,random,520.0,10217,0,0.0,0.0,0.0,943,0.013562918339668155,
50,random_matched,520.0,10217,93,0.9102476265048449,3.175222917881762e-05,0.30464584920030463,40961,1.303570804719899,
50,random,521.0,10217,0,0.0,0.0,0.0,698,0.007836452065567972,
50,random_matched,521.0,10217,37,0.3621415288245082,1.7541279983634452e-05,0.43792840822543794,40340,1.4917706945210076,
50,random,522.0,10217,0,0.0,0.0,0.0,1793,0.05001186452495022,
50,random_matched,522.0,10217,30,0.29362826661446606,2.143551306448061e-05,0.2856054836252856,48631,1.511658320085019,
50,random,523.0,10217,0,0.0,0.0,0.0,759,0.027004857858752503,
50,random_matched,523.0,10217,31,0.303415875501615,0.00024580414769893036,0.19040365575019041,41389,1.1319487335176535,
50,random,524.0,10217,108,1.057061759812078,0.00027125395584046933,2.0373191165270375,383,0.0026144271290415183,
50,random_matched,524.0,10217,87,0.8515219731819517,1.0594081559290223e-05,0.19040365575019041,45672,1.263723059303998,
50,random,525.0,10217,0,0.0,0.0,0.0,1425,0.08179044989389507,
50,random_matched,525.0,10217,28,0.27405304884016835,1.8585708182165703e-05,0.26656511805026656,41822,7.576792675324741,
50,random,526.0,10217,1,0.00978760888714887,7.587251149521841e-08,0.01904036557501904,314,0.02096405551441977,
50,random_matched,526.0,10217,94,0.9200352353919937,0.0002563570969076664,1.3137852246763138,44480,1.6947206761795308,
50,random,527.0,10217,0,0.0,0.0,0.0,1549,0.008040460390505173,
50,random_matched,527.0,10217,85,0.831946755407654,0.00025357843987495874,0.2284843869002285,43238,1.404276064509949,
50,random,528.0,10217,3,0.029362826661446607,6.92615978287834e-05,0.0,861,0.06387337483309835,
50,random_matched,528.0,10217,24,0.23490261329157286,2.4314777603273514e-05,0.17136329017517135,43279,0.9099357664762999,
50,random,529.0,10217,3,0.029362826661446607,6.92615978287834e-05,0.0,1077,0.04390434496233394,
50,random_matched,529.0,10217,81,0.7927963198590584,1.1832776737803735e-05,0.19040365575019041,40519,1.4584193495681188,
50,random,530.0,10217,4,0.03915043554859548,8.337638625848178e-08,0.01904036557501904,542,0.015709801195404466,
50,random_matched,530.0,10217,82,0.8025839287462073,1.1031251744572196e-05,0.20944402132520945,38928,1.4237283386796822,
50,random,531.0,10217,0,0.0,0.0,0.0,548,0.0032195259687676143,
50,random_matched,531.0,10217,41,0.40129196437310366,1.2018984000447676e-05,0.456968773800457,43579,7.693427512543491,
50,random,532.0,10217,1,0.00978760888714887,1.7028237286857262e-06,0.0,2753,0.013879144654375232,
50,random_matched,532.0,10217,101,0.9885484976020358,2.1526115404214827e-05,0.43792840822543794,41276,1.6723533276086702,
50,random,533.0,10217,0,0.0,0.0,0.0,1290,0.2691682039687189,
50,random_matched,533.0,10217,24,0.23490261329157286,1.869409748430173e-05,0.15232292460015232,44743,7.520183968681183,
50,random,534.0,10217,0,0.0,0.0,0.0,252,0.11607991318071768,
50,random_matched,534.0,10217,81,0.7927963198590584,1.281328304020348e-05,0.15232292460015232,42234,1.305154278863413,
50,random,535.0,10217,1,0.00978760888714887,7.503874763263361e-09,0.01904036557501904,1344,0.10392069102267626,
50,random_matched,535.0,10217,77,0.753645884310463,1.3046736921727228e-05,0.15232292460015232,42020,1.3730307661488754,
50,random,536.0,10217,1,0.00978760888714887,2.2770091087191373e-06,0.01904036557501904,697,0.0021113268969094124,
50,random_matched,536.0,10217,43,0.4208671821474014,2.338846595194178e-05,0.476009139375476,44897,8.19684179665367,
50,random,537.0,10217,0,0.0,0.0,0.0,222,0.00474344392092413,
50,random_matched,537.0,10217,97,0.9493980620534404,2.189408318890226e-05,0.2856054836252856,43543,1.3984555478602685,
50,random,538.0,10217,1,0.00978760888714887,8.248703813839131e-07,0.01904036557501904,444,0.0038907468616404387,
50,random_matched,538.0,10217,91,0.8906724087305471,0.00022937093988867113,0.17136329017517135,39888,1.4517492069112605,
50,random,539.0,10217,0,0.0,0.0,0.0,1560,0.06413219707358278,
50,random_matched,539.0,10217,25,0.24469022217872174,1.6576615194623818e-05,0.20944402132520945,41132,7.678149905986479,
50,random,540.0,10217,0,0.0,0.0,0.0,4263,0.06510394303129996,
50,random_matched,540.0,10217,19,0.18596456885582852,3.331359097215145e-05,0.26656511805026656,48384,1.4476375442734764,
50,random,541.0,10217,0,0.0,0.0,0.0,197,0.002178774184427451,
50,random_matched,541.0,10217,21,0.20553978663012626,2.5446195164801112e-05,0.2284843869002285,45695,1.374325056694392,
50,random,542.0,10217,0,0.0,0.0,0.0,221,0.019996090045651643,
50,random_matched,542.0,10217,99,0.9689732798277381,4.0546214558787215e-05,0.3427265803503427,45221,1.693146281875344,
50,random,543.0,10217,0,0.0,0.0,0.0,618,0.14052659733205347,
50,random_matched,543.0,10217,105,1.0276989331506312,3.168413846337319e-05,0.43792840822543794,43330,1.475267855619634,
50,random,544.0,10217,1,0.00978760888714887,1.5785929131605884e-07,0.01904036557501904,854,0.04545112677838637,
50,random_matched,544.0,10217,93,0.9102476265048449,0.00023403668246369577,0.19040365575019041,42152,1.211385660807417,
50,random,545.0,10217,1,0.00978760888714887,1.389606437641363e-08,0.0,304,0.011100769368978834,
50,random_matched,545.0,10217,18,0.17617695996867966,2.544147050291313e-05,0.2284843869002285,42933,0.9676964096872905,
50,random,546.0,10217,17,0.16638935108153077,1.3465286380744807e-06,0.32368621477532367,984,0.04608932790946865,
50,random_matched,546.0,10217,26,0.25447783106587063,1.693846871098563e-05,0.20944402132520945,45241,1.4817951411854788,
50,random,547.0,10217,2,0.01957521777429774,1.9621242899496045e-07,0.03808073115003808,2851,0.4298293204088192,
50,random_matched,547.0,10217,76,0.7438582754233141,7.100610975059837e-06,0.15232292460015232,43163,1.099645299788924,
50,random,548.0,10217,0,0.0,0.0,0.0,1639,0.00641896551094445,
50,random_matched,548.0,10217,104,1.0179113242634825,3.154990248149703e-05,0.49504950495049505,47330,7.6488158098482835,
50,random,549.0,10217,0,0.0,0.0,0.0,527,0.1824871758094366,
50,random_matched,549.0,10217,87,0.8515219731819517,5.1953215884097635e-05,1.3328255902513328,44380,1.3554431141977528,
50,random,550.0,10217,0,0.0,0.0,0.0,1744,0.034032772531081494,
50,random_matched,550.0,10217,106,1.0374865420377801,4.1024239173335846e-05,0.5521706016755522,46383,1.9860718878245074,
50,random,551.0,10217,19,0.18596456885582852,4.152977799534977e-05,0.3617669459253618,979,0.020882306805440804,
50,random_matched,551.0,10217,78,0.7634334931976118,0.00029215947300963353,0.2856054836252856,48688,8.858007676090327,
50,random,552.0,10217,0,0.0,0.0,0.0,312,0.026599599600898867,
50,random_matched,552.0,10217,89,0.8710971909562494,2.0406370536763416e-05,0.2284843869002285,43165,1.4960637095308544,
50,random,553.0,10217,0,0.0,0.0,0.0,292,0.006500485676510879,
50,random_matched,553.0,10217,144,1.4094156797494373,1.734701300365219e-05,1.1614623000761615,36509,0.8778691656201331,
50,random,554.0,10217,0,0.0,0.0,0.0,446,0.006495640238743682,
50,random_matched,554.0,10217,101,0.9885484976020358,3.560310653880936e-05,0.5521706016755522,49380,2.1997998292173353,
50,random,555.0,10217,0,0.0,0.0,0.0,370,0.005385927066777421,
50,random_matched,555.0,10217,156,1.5268669863952236,0.0003162752589710368,0.3427265803503427,42313,2.510766550577343,
50,random,556.0,10217,39,0.3817167465988059,1.045956765612654e-05,0.0,870,0.014860321202073642,
50,random_matched,556.0,10217,16,0.15660174219438192,1.14392401946637e-05,0.17136329017517135,49627,7.909174479449597,
50,random,557.0,10217,2,0.01957521777429774,2.1483315525935472e-07,0.03808073115003808,176,0.008650593533735214,
50,random_matched,557.0,10217,92,0.900460017617696,0.000239160439320567,0.19040365575019041,39940,1.3844036212118012,
50,random,558.0,10217,0,0.0,0.0,0.0,748,0.0043291153463854174,
50,random_matched,558.0,10217,99,0.9689732798277381,1.982273583295404e-05,0.26656511805026656,36814,7.6293892198316415,
50,random,559.0,10217,0,0.0,0.0,0.0,501,0.006179048889419358,
50,random_matched,559.0,10217,21,0.20553978663012626,1.878386606017336e-05,0.11424219345011424,46122,7.173943576112224,
50,random,560.0,10217,0,0.0,0.0,0.0,566,0.0028188496889139424,
50,random_matched,560.0,10217,90,0.8808847998433983,0.00022899018772475738,0.15232292460015232,39451,1.317485454545676,
50,random,561.0,10217,0,0.0,0.0,0.0,777,0.043800756073494373,
50,random_matched,561.0,10217,111,1.0864245864735245,3.3565943501227126e-05,0.5331302361005331,49913,1.6779780476251944,
50,random,562.0,10217,0,0.0,0.0,0.0,562,0.0021558373136080825,
50,random_matched,562.0,10217,106,1.0374865420377801,0.00024341041164944934,0.456968773800457,42675,1.874237271693627,
50,random,563.0,10217,0,0.0,0.0,0.0,2452,0.10246005896340117,
50,random_matched,563.0,10217,41,0.40129196437310366,1.8886419015271294e-05,0.49504950495049505,46094,7.652432983896689,
50,random,564.0,10217,0,0.0,0.0,0.0,834,0.07973415117198214,
50,random_matched,564.0,10217,147,1.4387785064108838,2.741554540822645e-05,1.2376237623762376,40412,1.2223289526554082,
50,random,565.0,10217,0,0.0,0.0,0.0,632,0.00809249845585429,
50,random_matched,565.0,10217,33,0.3229910932759127,0.0002456885324433186,0.2284843869002285,42972,1.498557760939984,
50,random,566.0,10217,0,0.0,0.0,0.0,729,0.01610704297564195,
50,random_matched,566.0,10217,90,0.8808847998433983,1.837198671205646e-05,0.20944402132520945,43661,1.2808415005194325,
50,random,567.0,10217,0,0.0,0.0,0.0,744,0.00317466480141498,
50,random_matched,567.0,10217,21,0.20553978663012626,3.2443141499612904e-05,0.32368621477532367,45857,7.887885981167368,
50,random,568.0,10217,1,0.00978760888714887,3.359679276414276e-05,0.01904036557501904,478,0.015447138155903786,
50,random_matched,568.0,10217,94,0.9200352353919937,1.8863351548406446e-05,0.2284843869002285,43957,1.6331412344299592,
50,random,569.0,10217,0,0.0,0.0,0.0,394,0.0074357345209314805,
50,random_matched,569.0,10217,92,0.900460017617696,2.0932475534054434e-05,0.19040365575019041,42226,1.3781926397289077,
50,random,570.0,10217,1,0.00978760888714887,1.5785929131605884e-07,0.01904036557501904,1556,0.008380575840250523,
50,random_matched,570.0,10217,82,0.8025839287462073,1.6336491202199393e-05,0.17136329017517135,45396,7.347896218763819,
50,random,571.0,10217,0,0.0,0.0,0.0,178,0.004161389875295545,
50,random_matched,571.0,10217,99,0.9689732798277381,2.5025422335483306e-05,0.26656511805026656,40156,1.214666418952567,
50,random,572.0,10217,0,0.0,0.0,0.0,248,0.009389721975165214,
50,random_matched,572.0,10217,144,1.4094156797494373,0.0002859354257754379,0.32368621477532367,48555,2.948883289992091,
50,random,573.0,10217,0,0.0,0.0,0.0,229,0.021214702566584896,
50,random_matched,573.0,10217,86,0.8417343642948028,1.9229095962793652e-05,0.24752475247524752,40861,1.3766937044285341,
50,random,574.0,10217,0,0.0,0.0,0.0,682,0.02620210388353634,
50,random_matched,574.0,10217,141,1.3800528530879905,0.0003071480459673208,0.32368621477532367,45754,2.4543886394512,
50,random,575.0,10217,0,0.0,0.0,0.0,929,0.5271768013365868,
50,random_matched,575.0,10217,94,0.9200352353919937,1.05899127399773e-05,0.24752475247524752,43024,7.834109574944816,
50,random,576.0,10217,0,0.0,0.0,0.0,271,0.017406120235965678,
50,random_matched,576.0,10217,102,0.9983361064891847,0.0002609200086063056,0.26656511805026656,46969,1.465646896911299,
50,random,577.0,10217,0,0.0,0.0,0.0,972,1.612374362680241,
50,random_matched,577.0,10217,90,0.8808847998433983,1.3288806363164355e-05,0.15232292460015232,39597,7.311134409343629,
50,random,578.0,10217,0,0.0,0.0,0.0,701,0.016991548834051146,
50,random_matched,578.0,10217,33,0.3229910932759127,0.00024359939812496856,0.4188880426504189,45172,8.007171058585325,
50,random,579.0,10217,0,0.0,0.0,0.0,2098,0.09716744426743429,
50,random_matched,579.0,10217,25,0.24469022217872174,1.9640697389623025e-05,0.19040365575019041,40992,1.2716558392437365,
50,random,580.0,10217,3,0.029362826661446607,0.000801572239850418,0.0,2262,0.019099907840811635,
50,random_matched,580.0,10217,101,0.9885484976020358,2.2015256870264586e-05,0.2856054836252856,40610,1.3730335070827189,
50,random,581.0,10217,0,0.0,0.0,0.0,1684,0.17716331415023337,
50,random_matched,581.0,10217,38,0.37192913771165703,3.231891068408776e-05,0.5521706016755522,42195,8.158960818077821,
50,random,582.0,10217,0,0.0,0.0,0.0,283,0.008666213841139326,
50,random_matched,582.0,10217,78,0.7634334931976118,5.6959967878919465e-06,0.17136329017517135,46597,1.3120889525847477,
50,random,583.0,10217,68,0.6655574043261231,2.092747295087893e-06,0.01904036557501904,2281,0.18995962963864907,
50,random_matched,583.0,10217,32,0.31320348438876383,2.2801774113969596e-05,0.26656511805026656,46720,1.499104573273978,
50,random,584.0,10217,2,0.01957521777429774,1.7817533743437557e-06,0.01904036557501904,953,0.6035793926544472,
50,random_matched,584.0,10217,22,0.21532739551727512,1.235137786033149e-05,0.2284843869002285,39174,1.214841806976405,
50,random,585.0,10217,0,0.0,0.0,0.0,814,0.043392420415106644,
50,random_matched,585.0,10217,96,0.9396104531662914,1.112546706104428e-05,0.2856054836252856,45285,7.800502800986275,
50,random,586.0,10217,0,0.0,0.0,0.0,756,0.0019330662093443825,
50,random_matched,586.0,10217,82,0.8025839287462073,0.00029740384770529204,0.26656511805026656,42476,2.5386385148401183,
50,random,587.0,10217,1,0.00978760888714887,2.201136597223919e-07,0.01904036557501904,514,0.04538802816413467,
50,random_matched,587.0,10217,145,1.4192032886365862,1.0818919880900595e-05,1.2185833968012185,43103,1.353935499009024,
50,random,588.0,10217,0,0.0,0.0,0.0,1168,0.007615066505742779,
50,random_matched,588.0,10217,98,0.9591856709405893,2.202581787919066e-05,0.2284843869002285,41679,1.3549944041235906,
50,random,589.0,10217,0,0.0,0.0,0.0,1316,0.025999230340126668,
50,random_matched,589.0,10217,35,0.34256631105021046,2.914838463596523e-05,0.456968773800457,43835,1.1618774916797356,
50,random,590.0,10217,1,0.00978760888714887,1.5785929131605884e-07,0.01904036557501904,4001,0.10807679107023578,
50,random_matched,590.0,10217,29,0.2838406577273172,3.8118572112227754e-05,0.2856054836252856,44610,1.5062076152447506,
50,random,591.0,10217,0,0.0,0.0,0.0,9368,0.011056884272450577,
50,random_matched,591.0,10217,26,0.25447783106587063,1.93966824991732e-05,0.20944402132520945,46761,1.333753972964918,
50,random,592.0,10217,0,0.0,0.0,0.0,786,0.026462824304030453,
50,random_matched,592.0,10217,87,0.8515219731819517,2.1068379043655762e-05,0.17136329017517135,39977,1.0934390510591985,
50,random,593.0,10217,0,0.0,0.0,0.0,246,0.0054336878786766215,
50,random_matched,593.0,10217,150,1.4681413330723305,3.805353853094614e-05,1.2757044935262758,41585,7.601604297279795,
50,random,594.0,10217,0,0.0,0.0,0.0,308,0.007391341550153142,
50,random_matched,594.0,10217,99,0.9689732798277381,3.100211962377881e-05,0.39984767707539987,35502,0.9442190749620544,
50,random,595.0,10217,0,0.0,0.0,0.0,1308,0.018239546641672787,
50,random_matched,595.0,10217,95,0.9298228442791426,2.2053887929231017e-05,0.17136329017517135,38646,7.515243999644976,
50,random,596.0,10217,0,0.0,0.0,0.0,727,0.0026795572402935537,
50,random_matched,596.0,10217,84,0.822159146520505,3.490969292642632e-05,0.2284843869002285,46075,7.442109120452466,
50,random,597.0,10217,3,0.029362826661446607,1.3679285772141577e-05,0.03808073115003808,1157,0.01884487402481142,
50,random_matched,597.0,10217,26,0.25447783106587063,4.03347164589782e-06,0.39984767707539987,43080,1.636437333551676,
50,random,598.0,10217,0,0.0,0.0,0.0,370,0.03415413543156692,
50,random_matched,598.0,10217,95,0.9298228442791426,4.195888846329343e-05,0.26656511805026656,41854,7.520380344608405,
50,random,599.0,10217,0,0.0,0.0,0.0,653,0.01082335734383434,
50,random_matched,599.0,10217,44,0.43065479103455023,4.271622397180797e-05,0.5521706016755522,40709,1.047178975826852,
50,random,600.0,10217,1,0.00978760888714887,1.6953198539224628e-07,0.01904036557501904,294,0.008596606500951403,
50,random_matched,600.0,10217,18,0.17617695996867966,2.0490302765596955e-05,0.13328255902513328,43200,7.424072377521494,
50,random,601.0,10217,0,0.0,0.0,0.0,191,0.014102825170967987,
50,random_matched,601.0,10217,27,0.2642654399530195,1.729059498228395e-05,0.17136329017517135,39284,1.1412158832167754,
50,random,602.0,10217,0,0.0,0.0,0.0,792,0.007911631738543522,
50,random_matched,602.0,10217,98,0.9591856709405893,0.00025369739018602086,0.20944402132520945,36943,1.0457950978507276,
50,random,603.0,10217,0,0.0,0.0,0.0,808,0.011586243190419,
50,random_matched,603.0,10217,101,0.9885484976020358,0.00023772191873632067,0.26656511805026656,45379,1.7632873836161405,
50,random,604.0,10217,0,0.0,0.0,0.0,238,0.003063018170176447,
50,random_matched,604.0,10217,97,0.9493980620534404,0.0002446202030140599,0.19040365575019041,37368,1.4132297907253812,
50,random,605.0,10217,1,0.00978760888714887,6.784058628565134e-07,0.01904036557501904,285,0.015398164794232512,
50,random_matched,605.0,10217,30,0.29362826661446606,1.1900311610673105e-05,0.476009139375476,43649,1.9410470294268578,
50,random,606.0,10217,0,0.0,0.0,0.0,1710,0.0432760283338439,
50,random_matched,606.0,10217,70,0.6851326221004209,0.0002843551653345521,0.2284843869002285,46840,2.6872086817053518,
50,random,607.0,10217,0,0.0,0.0,0.0,354,0.014128452188205763,
50,random_matched,607.0,10217,168,1.64431829304101,2.654398425053779e-05,1.5422696115765422,47717,1.8661281022655138,
50,random,608.0,10217,0,0.0,0.0,0.0,348,0.001303167235143927,
50,random_matched,608.0,10217,97,0.9493980620534404,0.0002472535072133903,0.15232292460015232,39021,1.106657557650387,
50,random,609.0,10217,0,0.0,0.0,0.0,1201,0.010304871696138786,
50,random_matched,609.0,10217,201,1.9673093863169229,0.00029509960231039514,1.2757044935262758,42032,2.6259273256371167,
50,random,610.0,10217,0,0.0,0.0,0.0,1056,0.07456335646332576,
50,random_matched,610.0,10217,109,1.0668493686992269,3.3269679408721986e-05,0.5140898705255141,42154,1.24437223777704,
50,random,611.0,10217,0,0.0,0.0,0.0,1018,0.09945689377359698,
50,random_matched,611.0,10217,81,0.7927963198590584,8.256485609889923e-06,0.17136329017517135,39438,1.0546719223820553,
50,random,612.0,10217,0,0.0,0.0,0.0,367,0.003739347960583699,
50,random_matched,612.0,10217,141,1.3800528530879905,1.8605996436155266e-05,1.2757044935262758,47521,1.347489055914043,
50,random,613.0,10217,0,0.0,0.0,0.0,194,0.0013688369627866755,
50,random_matched,613.0,10217,81,0.7927963198590584,0.00028957952969750855,0.2856054836252856,43802,2.53666718030603,
50,random,614.0,10217,3,0.029362826661446607,9.755037192242368e-08,0.05712109672505712,2105,0.03908852102523784,
50,random_matched,614.0,10217,148,1.4485661152980327,2.7408041533463188e-05,1.2566641279512567,40547,1.220337655489078,
50,random,615.0,10217,0,0.0,0.0,0.0,289,0.010802478950834839,
50,random_matched,615.0,10217,82,0.8025839287462073,1.3404699540063645e-05,0.19040365575019041,36291,1.337492481345882,
50,random,616.0,10217,0,0.0,0.0,0.0,335,0.007026671967523315,
50,random_matched,616.0,10217,11,0.10766369775863756,1.2025098268773299e-05,0.19040365575019041,42456,7.642380151145582,
50,random,617.0,10217,0,0.0,0.0,0.0,4323,0.03235424178612943,
50,random_matched,617.0,10217,90,0.8808847998433983,2.069012817132978e-05,1.408987052551409,40619,1.377489897303282,
50,random,618.0,10217,0,0.0,0.0,0.0,893,0.017526019823768058,
50,random_matched,618.0,10217,86,0.8417343642948028,2.352186816995535e-05,1.2376237623762376,45492,1.4240321093784059,
50,random,619.0,10217,0,0.0,0.0,0.0,2213,0.03535672451991006,
50,random_matched,619.0,10217,156,1.5268669863952236,4.715323732719684e-05,1.3137852246763138,48121,1.60106238586883,
50,random,620.0,10217,0,0.0,0.0,0.0,734,0.004845455225374372,
50,random_matched,620.0,10217,94,0.9200352353919937,2.104753494709114e-05,0.20944402132520945,41896,1.512195960527478,
50,random,621.0,10217,0,0.0,0.0,0.0,960,0.03195569699101908,
50,random_matched,621.0,10217,44,0.43065479103455023,2.0899124979551042e-05,0.456968773800457,43321,1.5550684224595637,
50,random,622.0,10217,0,0.0,0.0,0.0,1116,0.0028509806707668426,
50,random_matched,622.0,10217,20,0.1957521777429774,1.8728003881380176e-05,0.19040365575019041,44524,1.351174067678296,
50,random,623.0,10217,0,0.0,0.0,0.0,1366,0.07550625357653121,
50,random_matched,623.0,10217,110,1.0766369775863756,2.0977498782634016e-05,0.5140898705255141,47110,1.697064550760018,
50,random,624.0,10217,0,0.0,0.0,0.0,312,0.0019220262928332059,
50,random_matched,624.0,10217,107,1.047274150924929,0.00023300920746370375,0.456968773800457,46274,2.1937350329889003,
50,random,625.0,10217,1,0.00978760888714887,6.003099810610688e-07,0.0,987,0.09232668529176614,
50,random_matched,625.0,10217,98,0.9591856709405893,0.00024036300473170185,0.19040365575019041,47576,1.827215727901275,
50,random,626.0,10217,0,0.0,0.0,0.0,843,0.010475200022760334,
50,random_matched,626.0,10217,92,0.900460017617696,1.8403113896259628e-05,0.19040365575019041,40785,7.617785812078677,
50,random,627.0,10217,0,0.0,0.0,0.0,1533,0.01389315246103533,
50,random_matched,627.0,10217,87,0.8515219731819517,1.986692531767104e-05,0.2856054836252856,45403,1.7239682575263313,
50,random,628.0,10217,1,0.00978760888714887,2.0010332702035626e-08,0.0,663,0.01400750828397665,
50,random_matched,628.0,10217,35,0.34256631105021046,2.0933031376629492e-05,0.456968773800457,42516,7.4189060886097,
50,random,629.0,10217,0,0.0,0.0,0.0,1368,0.008355256721776859,
50,random_matched,629.0,10217,105,1.0276989331506312,0.00026681388535091765,0.3427265803503427,44367,1.4634486901883779,
50,random,630.0,10217,1,0.00978760888714887,6.784058628565134e-07,0.01904036557501904,528,0.01157735539104255,
50,random_matched,630.0,10217,148,1.4485661152980327,0.00028902674425661484,0.2856054836252856,39646,8.767397910488391,
50,random,631.0,10217,0,0.0,0.0,0.0,675,0.006628038294419196,
50,random_matched,631.0,10217,31,0.303415875501615,4.3595289004259894e-05,0.32368621477532367,41793,7.696899996392261,
50,random,632.0,10217,0,0.0,0.0,0.0,318,0.011120293959680456,
50,random_matched,632.0,10217,146,1.4289908975237349,0.00029144299193038564,0.24752475247524752,38188,2.553094931586636,
50,random,633.0,10217,2,0.01957521777429774,2.1483315525935472e-07,0.03808073115003808,758,0.009488260689430515,
50,random_matched,633.0,10217,27,0.2642654399530195,1.9254942642533782e-05,0.43792840822543794,40801,1.0272119901499441,
50,random,634.0,10217,0,0.0,0.0,0.0,403,0.0029075197716573195,
50,random_matched,634.0,10217,90,0.8808847998433983,4.267147864451592e-05,0.2284843869002285,41512,1.1789921412964717,
50,random,635.0,10217,0,0.0,0.0,0.0,1454,0.008084877167888983,
50,random_matched,635.0,10217,29,0.2838406577273172,2.994518496730879e-05,0.2856054836252856,43287,1.2751499410773834,
50,random,636.0,10217,0,0.0,0.0,0.0,359,0.0036846943428466544,
50,random_matched,636.0,10217,89,0.8710971909562494,1.0492918210629931e-05,0.15232292460015232,44917,1.2482858421541483,
50,random,637.0,10217,0,0.0,0.0,0.0,1855,0.020949049417436853,
50,random_matched,637.0,10217,109,1.0668493686992269,2.9026377190740318e-05,0.5140898705255141,40817,1.3214510319167452,
50,random,638.0,10217,0,0.0,0.0,0.0,802,0.027692438650906124,
50,random_matched,638.0,10217,101,0.9885484976020358,0.00025980776761361745,0.43792840822543794,49138,1.9377086577093567,
50,random,639.0,10217,0,0.0,0.0,0.0,393,0.011803635588952916,
50,random_matched,639.0,10217,17,0.16638935108153077,1.8551523863799724e-05,0.09520182787509521,43037,0.9685263968320603,
50,random,640.0,10217,0,0.0,0.0,0.0,414,0.003340466698782664,
50,random_matched,640.0,10217,29,0.2838406577273172,1.9582889761817145e-05,0.26656511805026656,38821,1.306166418282189,
50,random,641.0,10217,0,0.0,0.0,0.0,180,0.0051075611903069916,
50,random_matched,641.0,10217,91,0.8906724087305471,3.4727098640520246e-05,0.24752475247524752,43566,7.2957002029358184,
50,random,642.0,10217,0,0.0,0.0,0.0,727,0.015776305741345788,
50,random_matched,642.0,10217,28,0.27405304884016835,1.7106333168652706e-05,0.26656511805026656,44730,1.5587024436491084,
50,random,643.0,10217,0,0.0,0.0,0.0,391,0.07370194936065316,
50,random_matched,643.0,10217,86,0.8417343642948028,3.500307447903582e-05,0.26656511805026656,46174,1.5376890640223633,
50,random,644.0,10217,0,0.0,0.0,0.0,235,0.01117939465131979,
50,random_matched,644.0,10217,82,0.8025839287462073,1.814186788598305e-05,0.09520182787509521,40997,7.167405577573916,
50,random,645.0,10217,0,0.0,0.0,0.0,1379,0.01822853529308818,
50,random_matched,645.0,10217,146,1.4289908975237349,1.648823622518983e-05,1.1995430312261997,44481,7.467747809275352,
50,random,646.0,10217,0,0.0,0.0,0.0,1379,0.006996805787404379,
50,random_matched,646.0,10217,86,0.8417343642948028,2.0675398343090783e-05,0.15232292460015232,41589,7.572805448226656,
50,random,647.0,10217,0,0.0,0.0,0.0,306,0.08209657109813254,
50,random_matched,647.0,10217,81,0.7927963198590584,3.440832292372532e-05,0.26656511805026656,44214,1.420722400813894,
50,random,648.0,10217,2,0.01957521777429774,3.0237836083076056e-07,0.01904036557501904,677,0.6441110510581517,
50,random_matched,648.0,10217,88,0.8613095820691005,2.1530006302240223e-05,0.11424219345011424,43158,1.0695151345703293,
50,random,649.0,10217,0,0.0,0.0,0.0,2610,0.06884625570781852,
50,random_matched,649.0,10217,87,0.8515219731819517,2.0768224053125227e-05,0.15232292460015232,41628,1.4129042115889374,
50,random,650.0,10217,0,0.0,0.0,0.0,172,0.0030058664459718075,
50,random_matched,650.0,10217,159,1.5562298130566703,0.0005141527143995791,0.476009139375476,40659,3.132242395423819,
50,random,651.0,10217,0,0.0,0.0,0.0,638,0.004034524474731872,
50,random_matched,651.0,10217,98,0.9591856709405893,3.509784563808296e-05,0.2856054836252856,43738,1.3167812868979363,
50,random,652.0,10217,1,0.00978760888714887,4.0298586691599526e-08,0.01904036557501904,292,0.03618775439399959,
50,random_matched,652.0,10217,28,0.27405304884016835,1.911375862846942e-05,0.20944402132520945,40143,1.3724281717640452,
50,random,653.0,10217,1,0.00978760888714887,2.0015891127786193e-06,0.01904036557501904,1746,0.07810427795440208,
50,random_matched,653.0,10217,101,0.9885484976020358,4.708653621819006e-05,0.5521706016755522,42335,7.834587789338694,
50,random,654.0,10217,0,0.0,0.0,0.0,385,0.002887903128747868,
50,random_matched,654.0,10217,90,0.8808847998433983,4.280627046896713e-05,1.351865955826352,44504,1.3782916672721388,
50,random,655.0,10217,0,0.0,0.0,0.0,1802,0.04184169146386685,
50,random_matched,655.0,10217,26,0.25447783106587063,1.880804521218832e-05,0.20944402132520945,42416,1.4131939094096129,
50,random,656.0,10217,0,0.0,0.0,0.0,178,0.015315409859395569,
50,random_matched,656.0,10217,105,1.0276989331506312,0.00025067193904998805,0.30464584920030463,45480,1.5385809578640042,
50,random,657.0,10217,0,0.0,0.0,0.0,1228,0.004038301789466864,
50,random_matched,657.0,10217,105,1.0276989331506312,0.00025007023946248936,0.5140898705255141,46816,1.5770937351811707,
50,random,658.0,10217,0,0.0,0.0,0.0,590,0.03658882903771817,
50,random_matched,658.0,10217,87,0.8515219731819517,4.291855066912855e-05,1.2757044935262758,40904,1.2422930259909133,
50,random,659.0,10217,0,0.0,0.0,0.0,362,0.025050002256972535,
50,random_matched,659.0,10217,102,0.9983361064891847,2.3220323572987175e-05,0.43792840822543794,39063,0.9248740400273332,
50,random,660.0,10217,0,0.0,0.0,0.0,1626,0.04397227949171065,
50,random_matched,660.0,10217,95,0.9298228442791426,2.13902118946135e-05,0.2284843869002285,48888,1.6414910886394007,
50,random,661.0,10217,0,0.0,0.0,0.0,368,0.0031667594212910336,
50,random_matched,661.0,10217,85,0.831946755407654,1.0214163159239075e-05,0.15232292460015232,38099,1.1838898599563936,
50,random,662.0,10217,0,0.0,0.0,0.0,3192,0.024556924605744407,
50,random_matched,662.0,10217,115,1.12557502202212,2.447319273716463e-05,0.6283320639756284,49778,1.723040225257583,
50,random,663.0,10217,0,0.0,0.0,0.0,1046,0.04383171418325099,
50,random_matched,663.0,10217,142,1.3898404619751394,2.9974088781211727e-05,1.1805026656511806,38379,0.9475997922822631,
50,random,664.0,10217,0,0.0,0.0,0.0,858,0.07416765893822994,
50,random_matched,664.0,10217,106,1.0374865420377801,4.757206470750195e-05,0.5521706016755522,41688,1.1818904114083493,
50,random,665.0,10217,0,0.0,0.0,0.0,549,0.006860747862914205,
50,random_matched,665.0,10217,78,0.7634334931976118,3.205349585449826e-05,0.20944402132520945,45142,1.285422019968037,
50,random,666.0,10217,0,0.0,0.0,0.0,805,0.0120156619786133,
50,random_matched,666.0,10217,109,1.0668493686992269,0.0002478288042785738,0.5140898705255141,42699,7.754941575006006,
50,random,667.0,10217,0,0.0,0.0,0.0,447,0.02971693650922871,
50,random_matched,667.0,10217,98,0.9591856709405893,4.281961069076849e-05,0.30464584920030463,46987,7.823917356105773,
50,random,668.0,10217,0,0.0,0.0,0.0,611,0.009966048151517084,
50,random_matched,668.0,10217,27,0.2642654399530195,3.7869276717314894e-05,0.2284843869002285,44256,7.5405498292714634,
50,random,669.0,10217,0,0.0,0.0,0.0,943,0.005594812571622448,
50,random_matched,669.0,10217,115,1.12557502202212,1.5429078198419583e-05,0.5521706016755522,44946,1.9319705404825382,
50,random,670.0,10217,1,0.00978760888714887,9.699452934736714e-08,0.0,1661,0.038562515664427,
50,random_matched,670.0,10217,82,0.8025839287462073,1.1707156315840954e-05,0.20944402132520945,44455,7.787388979974885,
50,random,671.0,10217,1,0.00978760888714887,1.6972653029351608e-06,0.01904036557501904,835,1.0412956287840083,
50,random_matched,671.0,10217,22,0.21532739551727512,4.372535616682313e-06,0.2284843869002285,48339,7.776962440653711,
50,random,672.0,10217,0,0.0,0.0,0.0,431,0.04641045679779606,
50,random_matched,672.0,10217,103,1.0081237153763336,0.00024171370218908924,0.26656511805026656,46642,1.785454113922683,
50,random,673.0,10217,0,0.0,0.0,0.0,379,0.023919836036691216,
50,random_matched,673.0,10217,148,1.4485661152980327,2.5123250628693258e-05,1.2376237623762376,47803,1.2984286477705191,
50,random,674.0,10217,0,0.0,0.0,0.0,2128,0.03617195315639389,
50,random_matched,674.0,10217,95,0.9298228442791426,2.1434957221905552e-05,0.2284843869002285,42299,1.4102001319579,
50,random,675.0,10217,0,0.0,0.0,0.0,406,0.017565088050455684,
50,random_matched,675.0,10217,146,1.4289908975237349,1.8543464146461403e-05,1.1805026656511806,44293,1.2118833442432504,
50,random,676.0,10217,1,0.00978760888714887,2.779212875282726e-10,0.01904036557501904,6353,0.01909843183127233,
50,random_matched,676.0,10217,86,0.8417343642948028,1.2606509602282445e-05,0.13328255902513328,38707,1.3350198971464604,
50,random,677.0,10217,1,0.00978760888714887,3.2016532323257e-07,0.01904036557501904,574,0.02018148795353737,
50,random_matched,677.0,10217,89,0.8710971909562494,1.4435231674218478e-05,0.24752475247524752,50421,8.091689039203755,
50,random,678.0,10217,0,0.0,0.0,0.0,198,0.008523307549808191,
50,random_matched,678.0,10217,94,0.9200352353919937,2.1014740235162804e-05,0.2284843869002285,42825,1.6756971526259317,
50,random,679.0,10217,0,0.0,0.0,0.0,623,0.04579600196211922,
50,random_matched,679.0,10217,77,0.753645884310463,0.0002836817620548711,0.19040365575019041,39940,8.402105735925137,
50,random,680.0,10217,0,0.0,0.0,0.0,264,0.00692586686441702,
50,random_matched,680.0,10217,89,0.8710971909562494,1.382686197581909e-05,1.3137852246763138,47710,1.6175137517149578,
50,random,681.0,10217,1,0.00978760888714887,5.0025831755089064e-09,0.01904036557501904,620,0.01816139431722722,
50,random_matched,681.0,10217,33,0.3229910932759127,2.029964876235256e-05,0.24752475247524752,40872,1.4544999427277032,
50,random,682.0,10217,0,0.0,0.0,0.0,879,0.1037687826602624,
50,random_matched,682.0,10217,13,0.12723891553293531,1.0893958628533229e-05,0.17136329017517135,41509,7.49070862160429,
50,random,683.0,10217,1,0.00978760888714887,2.668044360271417e-08,0.0,1470,0.013109612003542614,
50,random_matched,683.0,10217,78,0.7634334931976118,5.116808824683027e-06,0.17136329017517135,39981,1.1577056507046375,
50,random,684.0,10217,0,0.0,0.0,0.0,1793,0.008455419046535392,
50,random_matched,684.0,10217,32,0.31320348438876383,1.9895273288998922e-05,0.2284843869002285,48148,7.431019646524231,
50,random,685.0,10217,1,0.00978760888714887,1.9454490126979084e-09,0.01904036557501904,1113,0.07059763625262387,
50,random_matched,685.0,10217,94,0.9200352353919937,3.522040892588293e-05,0.476009139375476,45431,1.6539521563353368,
50,random,686.0,10217,0,0.0,0.0,0.0,277,0.007453903722228196,
50,random_matched,686.0,10217,94,0.9200352353919937,2.103113759112697e-05,0.20944402132520945,42452,1.5074734235674798,
50,random,687.0,10217,0,0.0,0.0,0.0,401,0.03978802733962622,
50,random_matched,687.0,10217,30,0.29362826661446606,1.9698505017428904e-05,0.19040365575019041,47047,8.029277189971191,
50,random,688.0,10217,1,0.00978760888714887,6.7281964497719515e-06,0.0,2326,0.048658322512626195,
50,random_matched,688.0,10217,25,0.24469022217872174,1.9373337111020826e-05,0.19040365575019041,43781,1.031434491581488,
50,random,689.0,10217,1,0.00978760888714887,7.781796050791633e-09,0.01904036557501904,910,0.010428237525697982,
50,random_matched,689.0,10217,90,0.8808847998433983,3.355843962646386e-05,0.2284843869002285,41471,1.320473897730656,
50,random,690.0,10217,13,0.12723891553293531,7.0147332972136e-07,0.24752475247524752,1769,0.4362888952273789,
50,random_matched,690.0,10217,87,0.8515219731819517,2.735273519724506e-05,0.26656511805026656,43035,7.66435561759665,
50,random,691.0,10217,0,0.0,0.0,0.0,2635,0.00825353109659229,
50,random_matched,691.0,10217,88,0.8613095820691005,1.0880340485444344e-05,0.13328255902513328,41807,7.40234628050143,
50,random,692.0,10217,0,0.0,0.0,0.0,333,0.0037225881103309637,
50,random_matched,692.0,10217,162,1.5855926397181168,0.0005169894569813802,0.5140898705255141,42734,2.5196995364780874,
50,random,693.0,10217,0,0.0,0.0,0.0,937,0.010432019601754067,
50,random_matched,693.0,10217,84,0.822159146520505,2.6863593731195302e-05,0.2284843869002285,40660,1.2193092498103357,
50,random,694.0,10217,0,0.0,0.0,0.0,633,0.004133217138379229,
50,random_matched,694.0,10217,8,0.07830087109719096,3.005718724618268e-06,0.13328255902513328,39075,1.0791405768560283,
50,random,695.0,10217,0,0.0,0.0,0.0,2305,0.0518302939934087,
50,random_matched,695.0,10217,78,0.7634334931976118,4.57569607786548e-06,0.13328255902513328,36792,1.0293924180998983,
50,random,696.0,10217,0,0.0,0.0,0.0,246,0.014150765325961748,
50,random_matched,696.0,10217,29,0.2838406577273172,1.1039867304485572e-05,0.3427265803503427,37472,1.4411137773239202,
50,random,697.0,10217,3,0.029362826661446607,1.055267128744851e-06,0.05712109672505712,1205,0.11460213242996713,
50,random_matched,697.0,10217,23,0.225115004404424,0.0002358084306716885,0.24752475247524752,43551,1.5710672104516934,
50,random,698.0,10217,0,0.0,0.0,0.0,2184,0.04943225938547125,
50,random_matched,698.0,10217,20,0.1957521777429774,1.7129678556805083e-05,0.19040365575019041,40907,1.0932025133885435,
50,random,699.0,10217,0,0.0,0.0,0.0,615,0.02762504849924122,
50,random_matched,699.0,10217,31,0.303415875501615,4.258643473053227e-05,0.30464584920030463,43086,1.3991122054590202,
50,random,700.0,10217,0,0.0,0.0,0.0,2303,0.04421384511744148,
50,random_matched,700.0,10217,155,1.5170793775080749,1.7909803610896944e-05,1.2947448591012947,41574,1.4180935675143274,
50,random,701.0,10217,0,0.0,0.0,0.0,490,0.08134118115805769,
50,random_matched,701.0,10217,88,0.8613095820691005,2.3188084703633897e-05,0.19040365575019041,41269,1.403146921973703,
50,random,702.0,10217,0,0.0,0.0,0.0,873,0.008712098692527283,
50,random_matched,702.0,10217,81,0.7927963198590584,1.4040583445928331e-05,0.15232292460015232,43214,1.6342532124036593,
50,random,703.0,10217,0,0.0,0.0,0.0,940,0.012076981445882682,
50,random_matched,703.0,10217,93,0.9102476265048449,0.0002392360339107747,0.20944402132520945,44818,7.875700533652737,
50,random,704.0,10217,0,0.0,0.0,0.0,391,0.03360619625158062,
50,random_matched,704.0,10217,102,0.9983361064891847,2.4286707553233157e-05,0.5712109672505712,44248,1.6538131717854805,
50,random,705.0,10217,0,0.0,0.0,0.0,358,0.026458705761283684,
50,random_matched,705.0,10217,91,0.8906724087305471,3.468624421125359e-05,0.24752475247524752,40776,1.2779825001968355,
50,random,706.0,10217,2,0.01957521777429774,1.3673727346391012e-07,0.0,1005,0.07182423509613968,
50,random_matched,706.0,10217,85,0.831946755407654,1.2419468575775917e-05,0.13328255902513328,37571,1.240640528562599,
50,random,707.0,10217,0,0.0,0.0,0.0,8438,0.02196169036203493,
50,random_matched,707.0,10217,90,0.8808847998433983,1.8305563524337205e-05,0.17136329017517135,43777,7.722760089820257,
50,random,708.0,10217,0,0.0,0.0,0.0,713,0.006464320268583883,
50,random_matched,708.0,10217,98,0.9591856709405893,2.1840166459121773e-05,0.2284843869002285,46429,7.8161811774624566,
50,random,709.0,10217,0,0.0,0.0,0.0,1649,0.01219895062125415,
50,random_matched,709.0,10217,30,0.29362826661446606,2.4919812246222562e-05,0.26656511805026656,45536,1.4854915658363954,
50,random,710.0,10217,54,0.528530879906039,0.00027295066530082945,0.03808073115003808,1813,1.1487225090474833,
50,random_matched,710.0,10217,87,0.8515219731819517,2.727269386643692e-05,0.2856054836252856,42218,1.3220676785472325,
50,random,711.0,10217,0,0.0,0.0,0.0,265,0.0028243617116343735,
50,random_matched,711.0,10217,95,0.9298228442791426,1.9067623694739727e-05,0.24752475247524752,46370,1.6815678155093794,
50,random,712.0,10217,0,0.0,0.0,0.0,689,0.006318904761035932,
50,random_matched,712.0,10217,144,1.4094156797494373,0.00030852181089157304,0.456968773800457,45765,8.865115958688516,
50,random,713.0,10217,0,0.0,0.0,0.0,1410,0.021036413311093297,
50,random_matched,713.0,10217,113,1.1059998042478223,4.1325227927728966e-05,0.5331302361005331,39808,1.8071943980925014,
50,random,714.0,10217,0,0.0,0.0,0.0,345,0.021920574767276657,
50,random_matched,714.0,10217,91,0.8906724087305471,2.107477123326891e-05,0.17136329017517135,41149,7.590781523991348,
50,random,715.0,10217,1,0.00978760888714887,4.9469989180032524e-08,0.0,387,0.015896622738297454,
50,random_matched,715.0,10217,20,0.1957521777429774,1.2317193541965514e-05,0.20944402132520945,41497,1.3826184162419402,
50,random,716.0,10217,0,0.0,0.0,0.0,556,0.01332837248833769,
50,random_matched,716.0,10217,21,0.20553978663012626,4.004706792638644e-05,0.19040365575019041,40822,0.9618301415032129,
50,random,717.0,10217,0,0.0,0.0,0.0,893,0.00893935813547609,
50,random_matched,717.0,10217,102,0.9983361064891847,4.3000537448949394e-05,0.32368621477532367,49112,1.5998001279045304,
50,random,718.0,10217,0,0.0,0.0,0.0,1180,0.0025467766918234463,
50,random_matched,718.0,10217,26,0.25447783106587063,8.875138395927856e-06,0.2284843869002285,42845,1.3486284956007095,
50,random,719.0,10217,1,0.00978760888714887,1.4729828238998447e-08,0.01904036557501904,897,0.032796455831211754,
50,random_matched,719.0,10217,87,0.8515219731819517,2.330286619538307e-05,0.17136329017517135,43273,1.1624810859419958,
50,random,720.0,10217,0,0.0,0.0,0.0,185,0.009991932280093964,
50,random_matched,720.0,10217,134,1.3115395908779486,3.8704152265049826e-05,1.2376237623762376,41578,7.491523878808701,
50,random,721.0,10217,1,0.00978760888714887,1.5035541655279548e-07,0.01904036557501904,2729,0.3198565982595623,
50,random_matched,721.0,10217,33,0.3229910932759127,0.0002457852490513784,0.15232292460015232,39425,1.276343391603439,
50,random,722.0,10217,0,0.0,0.0,0.0,891,0.0018293328937649532,
50,random_matched,722.0,10217,92,0.900460017617696,2.124847203797408e-05,0.19040365575019041,42895,1.1940113017573657,
50,random,723.0,10217,0,0.0,0.0,0.0,748,0.03280897651858333,
50,random_matched,723.0,10217,41,0.40129196437310366,2.0342448640631914e-05,0.49504950495049505,46546,1.8405525644314118,
50,random,724.0,10217,1,0.00978760888714887,5.002583175508906e-07,0.01904036557501904,1325,0.017964515277075557,
50,random_matched,724.0,10217,158,1.5464422041695214,4.734667054331652e-05,1.351865955826352,39922,1.5371786440526019,
50,random,725.0,10217,0,0.0,0.0,0.0,408,0.008345997539355035,
50,random_matched,725.0,10217,77,0.753645884310463,1.1366424817331292e-05,0.09520182787509521,42463,7.6655884537708,
50,random,726.0,10217,1,0.00978760888714887,9.72724506348954e-09,0.01904036557501904,1157,0.011103895969830906,
50,random_matched,726.0,10217,22,0.21532739551727512,3.4827428225317955e-05,0.30464584920030463,44611,1.4841729719209054,
50,random,727.0,10217,0,0.0,0.0,0.0,1058,0.05446638513343032,
50,random_matched,727.0,10217,80,0.7830087109719096,1.3201539078880477e-05,0.15232292460015232,43236,1.3750009849467204,
50,random,728.0,10217,0,0.0,0.0,0.0,1689,0.033162330028078495,
50,random_matched,728.0,10217,29,0.2838406577273172,1.7270862570869443e-05,0.20944402132520945,33191,1.125170169231045,
50,random,729.0,10217,0,0.0,0.0,0.0,466,0.012640534584844966,
50,random_matched,729.0,10217,150,1.4681413330723305,4.6671321814622816e-05,1.2757044935262758,41918,1.3430418264752657,
50,random,730.0,10217,0,0.0,0.0,0.0,976,0.01210815381508855,
50,random_matched,730.0,10217,85,0.831946755407654,2.240101161735383e-05,0.11424219345011424,41178,1.0713911474561049,
50,random,731.0,10217,0,0.0,0.0,0.0,572,0.004109535914362083,
50,random_matched,731.0,10217,81,0.7927963198590584,1.532624732203412e-05,0.15232292460015232,45112,1.333663017448049,
50,random,732.0,10217,0,0.0,0.0,0.0,190,0.01117539831581445,
50,random_matched,732.0,10217,103,1.0081237153763336,0.0002501060913085805,0.2856054836252856,46422,1.7760335576321096,
50,random,733.0,10217,0,0.0,0.0,0.0,736,0.048742363004158656,
50,random_matched,733.0,10217,94,0.9200352353919937,2.342848661734585e-05,0.2284843869002285,50462,1.4162588575019397,
50,random,734.0,10217,5,0.04893804443574435,2.6402522315185898e-08,0.0,488,0.04692097199397938,
50,random_matched,734.0,10217,83,0.8123715376333561,1.5406288652842264e-05,0.20944402132520945,43600,7.812300524601536,
50,random,735.0,10217,0,0.0,0.0,0.0,202,0.002254042735396766,
50,random_matched,735.0,10217,82,0.8025839287462073,1.649601802124062e-05,0.20944402132520945,43180,1.345307029747308,
50,random,736.0,10217,0,0.0,0.0,0.0,254,0.010490504495865175,
50,random_matched,736.0,10217,89,0.8710971909562494,0.0002398446815304616,0.20944402132520945,42432,1.647796907702962,
50,random,737.0,10217,0,0.0,0.0,0.0,1188,0.016792382772667078,
50,random_matched,737.0,10217,85,0.831946755407654,0.00028427595776760656,0.39984767707539987,38032,2.468947926127072,
50,random,738.0,10217,0,0.0,0.0,0.0,784,0.007035435972551308,
50,random_matched,738.0,10217,133,1.3017519819907997,0.00028375763456636635,0.17136329017517135,39445,2.3492356344125875,
50,random,739.0,10217,0,0.0,0.0,0.0,1472,0.016058742547352036,
50,random_matched,739.0,10217,147,1.4387785064108838,1.4120346855448946e-05,1.2376237623762376,47076,1.4206367414731893,
50,random,740.0,10217,0,0.0,0.0,0.0,446,0.005820399203760046,
50,random_matched,740.0,10217,152,1.4877165508466281,4.6183847876298225e-05,1.3137852246763138,45506,7.848564010981758,
50,random,741.0,10217,0,0.0,0.0,0.0,1230,0.05381775988336509,
50,random_matched,741.0,10217,95,0.9298228442791426,1.314150808077437e-05,0.24752475247524752,38701,1.2050548955955345,
50,random,742.0,10217,0,0.0,0.0,0.0,789,0.03471020218666158,
50,random_matched,742.0,10217,94,0.9200352353919937,0.00023976630772737863,0.19040365575019041,44537,1.3044743304689739,
50,random,743.0,10217,0,0.0,0.0,0.0,638,0.03305310214795598,
50,random_matched,743.0,10217,82,0.8025839287462073,1.5520792223303913e-05,0.19040365575019041,41154,1.2920905040980473,
50,random,744.0,10217,0,0.0,0.0,0.0,860,0.014646501381467652,
50,random_matched,744.0,10217,99,0.9689732798277381,4.2986363463285454e-05,0.32368621477532367,43899,1.376979186892934,
50,random,745.0,10217,22,0.21532739551727512,2.479057884752192e-07,0.0,686,1.0055547100907667,
50,random_matched,745.0,10217,11,0.10766369775863756,3.0054685954594928e-05,0.20944402132520945,38441,1.0417262585348674,
50,random,746.0,10217,0,0.0,0.0,0.0,271,0.0034855743075665017,
50,random_matched,746.0,10217,23,0.225115004404424,1.6435987023134514e-05,0.17136329017517135,37871,7.314394600168758,
50,random,747.0,10217,0,0.0,0.0,0.0,501,0.021074607041806564,
50,random_matched,747.0,10217,72,0.7047078398747186,9.429313443259233e-06,1.2566641279512567,45943,7.794465591852262,
50,random,748.0,10217,0,0.0,0.0,0.0,1148,0.042326046374849796,
50,random_matched,748.0,10217,151,1.4779289419594792,0.0002936785907672631,0.32368621477532367,46814,2.653211627018014,
50,random,749.0,10217,1,0.00978760888714887,3.9186901541486435e-08,0.0,1672,0.022227167342302474,
50,random_matched,749.0,10217,43,0.4208671821474014,2.532529940472631e-05,0.5521706016755522,43574,1.3622894384319646,
50,random,750.0,10217,0,0.0,0.0,0.0,497,0.007054744716696646,
50,random_matched,750.0,10217,91,0.8906724087305471,1.4914645895204749e-05,0.17136329017517135,42450,1.1699849311611845,
50,random,751.0,10217,0,0.0,0.0,0.0,1212,0.29227184323363703,
50,random_matched,751.0,10217,97,0.9493980620534404,1.4145915613901547e-05,0.26656511805026656,45980,1.3661884160306705,
50,random,752.0,10217,0,0.0,0.0,0.0,363,0.03832580976042665,
50,random_matched,752.0,10217,86,0.8417343642948028,3.257848916663917e-05,0.26656511805026656,46767,1.3749535526659769,
50,random,753.0,10217,1,0.00978760888714887,6.308813226891788e-08,0.01904036557501904,486,0.007287495549974475,
50,random_matched,753.0,10217,79,0.7732211020847607,2.320337037444795e-05,1.1995430312261997,40161,7.280586893698708,
50,random,754.0,10217,0,0.0,0.0,0.0,917,0.12444849049180999,
50,random_matched,754.0,10217,106,1.0374865420377801,0.00024131738643307392,0.456968773800457,38964,8.069840782555476,
50,random,755.0,10217,0,0.0,0.0,0.0,763,0.014235229575071626,
50,random_matched,755.0,10217,89,0.8710971909562494,1.3453335765381092e-05,0.13328255902513328,39944,1.0806872586843377,
50,random,756.0,10217,0,0.0,0.0,0.0,1853,0.010863496867768234,
50,random_matched,756.0,10217,23,0.225115004404424,4.064404285199717e-05,0.2284843869002285,40445,0.9073815557751409,
50,random,757.0,10217,1,0.00978760888714887,3.863105896642989e-08,0.0,345,0.013490016165282821,
50,random_matched,757.0,10217,81,0.7927963198590584,1.3873274830836312e-05,0.2284843869002285,44576,1.4251966872533444,
50,random,758.0,10217,0,0.0,0.0,0.0,404,0.004097073949950673,
50,random_matched,758.0,10217,111,1.0864245864735245,0.00025123611926367045,0.456968773800457,45140,1.6933222364963922,
50,random,759.0,10217,0,0.0,0.0,0.0,1177,0.02170240627340433,
50,random_matched,759.0,10217,28,0.27405304884016835,3.257070737058838e-05,0.24752475247524752,44129,1.1326563547102941,
50,random,760.0,10217,0,0.0,0.0,0.0,225,0.0009051144432133397,
50,random_matched,760.0,10217,92,0.900460017617696,2.139048981590103e-05,0.19040365575019041,46050,1.0717064246808072,
50,random,761.0,10217,0,0.0,0.0,0.0,405,0.002041906835351208,
50,random_matched,761.0,10217,93,0.9102476265048449,2.1733444684710916e-05,0.20944402132520945,43907,1.4505486763007374,
50,random,762.0,10217,0,0.0,0.0,0.0,961,0.03706523571668733,
50,random_matched,762.0,10217,31,0.303415875501615,1.935693975505666e-05,0.38080731150038083,39769,1.3956196113770534,
50,random,763.0,10217,0,0.0,0.0,0.0,620,0.005844715270589795,
50,random_matched,763.0,10217,33,0.3229910932759127,4.125074502267139e-05,0.26656511805026656,40783,1.1206514977563513,
50,random,764.0,10217,0,0.0,0.0,0.0,618,0.0441608722460508,
50,random_matched,764.0,10217,82,0.8025839287462073,1.1150479976921825e-05,0.19040365575019041,40750,7.403519693801213,
50,random,765.0,10217,0,0.0,0.0,0.0,730,0.11867579813831007,
50,random_matched,765.0,10217,82,0.8025839287462073,1.1276100398884603e-05,0.19040365575019041,44525,1.5422379175114753,
50,random,766.0,10217,0,0.0,0.0,0.0,275,0.01793015599695042,
50,random_matched,766.0,10217,105,1.0276989331506312,4.638367328203106e-05,0.3617669459253618,44355,1.6747261954604091,
50,random,767.0,10217,1,0.00978760888714887,4.880297808996467e-07,0.0,524,0.022346489223145385,
50,random_matched,767.0,10217,97,0.9493980620534404,2.0311877299003804e-05,0.2856054836252856,46746,1.6399786565808312,
50,random,768.0,10217,0,0.0,0.0,0.0,434,0.006232496305812456,
50,random_matched,768.0,10217,153,1.497504159733777,0.00029181457269181096,0.43792840822543794,43571,2.9316035510890446,
50,random,769.0,10217,0,0.0,0.0,0.0,395,0.0020374343677364154,
50,random_matched,769.0,10217,93,0.9102476265048449,2.6293021327899757e-05,0.20944402132520945,43686,1.28887749002943,
50,random,770.0,10217,0,0.0,0.0,0.0,368,0.009135327763298697,
50,random_matched,770.0,10217,23,0.225115004404424,3.76933525423095e-05,0.2284843869002285,45907,1.0745137487984582,
50,random,771.0,10217,1,0.00978760888714887,4.510662496583864e-07,0.01904036557501904,490,0.01771891046394954,
50,random_matched,771.0,10217,16,0.15660174219438192,1.594712347837228e-06,0.2284843869002285,42131,1.2811527956925928,
50,random,772.0,10217,0,0.0,0.0,0.0,407,0.00923153343022768,
50,random_matched,772.0,10217,94,0.9200352353919937,1.913488064632157e-05,0.2284843869002285,40233,1.215592103890016,
50,random,773.0,10217,1,0.00978760888714887,3.362847579092098e-08,0.0,624,0.022954446442635227,
50,random_matched,773.0,10217,153,1.497504159733777,0.0002951082178703085,0.26656511805026656,44530,2.8055822676840427,
50,random,774.0,10217,1,0.00978760888714887,3.2238869353279624e-08,0.0,328,0.010562529000062085,
50,random_matched,774.0,10217,21,0.20553978663012626,8.278441391604655e-06,0.19040365575019041,49798,1.3494012072269261,
50,random,775.0,10217,0,0.0,0.0,0.0,1815,0.02416972445169528,
50,random_matched,775.0,10217,84,0.822159146520505,4.0496466648319656e-05,0.30464584920030463,42259,1.1853841862979477,
50,random,776.0,10217,0,0.0,0.0,0.0,1814,0.040832761175508436,
50,random_matched,776.0,10217,35,0.34256631105021046,2.0182921821590683e-05,0.24752475247524752,45638,1.5556539189403435,
50,random,777.0,10217,0,0.0,0.0,0.0,653,0.006728671989966088,
50,random_matched,777.0,10217,83,0.8123715376333561,5.3733301730716225e-06,0.20944402132520945,41474,1.3287577584426205,
50,random,778.0,10217,0,0.0,0.0,0.0,394,0.008407148773279078,
50,random_matched,778.0,10217,106,1.0374865420377801,0.0002531899059149942,0.32368621477532367,50898,1.4759715614192277,
50,random,779.0,10217,0,0.0,0.0,0.0,292,0.07613693816871227,
50,random_matched,779.0,10217,95,0.9298228442791426,2.1356305497535052e-05,0.2284843869002285,44591,1.4363517753604766,
50,random,780.0,10217,15,0.14681413330723303,0.0007186919430901741,0.0,5750,0.12525375209613593,
50,random_matched,780.0,10217,89,0.8710971909562494,2.6241605889707026e-05,1.5041888804265042,46764,7.666201445293794,
50,random,781.0,10217,9,0.08808847998433983,1.450749120897583e-07,0.17136329017517135,378,0.03236812103711997,
50,random_matched,781.0,10217,31,0.303415875501615,1.750959695685623e-05,0.24752475247524752,41845,7.599965318829176,
50,random,782.0,10217,0,0.0,0.0,0.0,693,0.04122101199441242,
50,random_matched,782.0,10217,26,0.25447783106587063,2.4434839599485727e-05,0.20944402132520945,37377,7.354092897238144,
50,random,783.0,10217,0,0.0,0.0,0.0,1154,0.09401448156756816,
50,random_matched,783.0,10217,18,0.17617695996867966,1.2290791019650327e-05,0.17136329017517135,41999,1.1354609315456736,
50,random,784.0,10217,0,0.0,0.0,0.0,472,0.011552617153742418,
50,random_matched,784.0,10217,97,0.9493980620534404,1.449776396391234e-05,0.476009139375476,44434,1.7324574819526377,
50,random,785.0,10217,1,0.00978760888714887,6.784058628565134e-07,0.01904036557501904,1023,0.007401103845503954,
50,random_matched,785.0,10217,115,1.12557502202212,5.292538454787154e-05,0.6092916984006093,50708,7.9547368449727145,
50,random,786.0,10217,0,0.0,0.0,0.0,1069,0.005245052272446617,
50,random_matched,786.0,10217,99,0.9689732798277381,3.4824371091155144e-05,0.30464584920030463,42695,1.3728782038983647,
50,random,787.0,10217,0,0.0,0.0,0.0,772,0.08884358528406178,
50,random_matched,787.0,10217,138,1.350690026426544,3.255764507007455e-05,1.2566641279512567,47169,7.858982018015531,
50,random,788.0,10217,0,0.0,0.0,0.0,580,0.0035600381952708418,
50,random_matched,788.0,10217,147,1.4387785064108838,0.0002863222922076772,0.24752475247524752,44519,2.3434371023695073,
50,random,789.0,10217,0,0.0,0.0,0.0,1333,0.003683318321050336,
50,random_matched,789.0,10217,99,0.9689732798277381,4.6021263923094187e-05,0.3427265803503427,40284,1.3410333060234292,
50,random,790.0,10217,0,0.0,0.0,0.0,496,0.003439802140777782,
50,random_matched,790.0,10217,17,0.16638935108153077,1.1487042656118563e-05,0.2284843869002285,41913,1.351430761608251,
50,random,791.0,10217,0,0.0,0.0,0.0,1285,0.012775189506719286,
50,random_matched,791.0,10217,21,0.20553978663012626,1.6354000243313673e-05,0.13328255902513328,36383,0.7707100128546963,
50,random,792.0,10217,0,0.0,0.0,0.0,835,0.004234699936187978,
50,random_matched,792.0,10217,157,1.5366545952823725,4.486399968182646e-05,1.351865955826352,45361,1.685853820267468,
50,random,793.0,10217,1,0.00978760888714887,1.0005166351017813e-08,0.0,3078,0.03404676446667128,
50,random_matched,793.0,10217,143,1.3996280708622884,0.0002858715038793064,0.19040365575019041,39894,2.201735877600792,
50,random,794.0,10217,0,0.0,0.0,0.0,378,0.01031849701000429,
50,random_matched,794.0,10217,107,1.047274150924929,1.6777552285506762e-05,0.49504950495049505,39266,1.772040097964711,
50,random,795.0,10217,0,0.0,0.0,0.0,255,0.03813960084084782,
50,random_matched,795.0,10217,30,0.29362826661446606,3.3329432485540563e-05,0.2856054836252856,46585,7.4459914508855185,
50,random,796.0,10217,0,0.0,0.0,0.0,700,0.004480798339600797,
50,random_matched,796.0,10217,96,0.9396104531662914,1.099678950491869e-05,0.2856054836252856,47636,1.6300410224064992,
50,random,797.0,10217,0,0.0,0.0,0.0,1333,0.00934091684683928,
50,random_matched,797.0,10217,139,1.360477635313693,0.0002867300027364812,0.2856054836252856,43337,2.744956353490574,
50,random,798.0,10217,0,0.0,0.0,0.0,944,0.008958520865774531,
50,random_matched,798.0,10217,95,0.9298228442791426,1.5217302177323039e-05,0.24752475247524752,42203,1.3334437633729672,
50,random,799.0,10217,0,0.0,0.0,0.0,349,0.005730603862131328,
50,random_matched,799.0,10217,45,0.44044239992169915,3.9022927981844755e-05,0.5712109672505712,47768,1.9492253983086518,
50,random,800.0,10217,0,0.0,0.0,0.0,333,0.02111583373405704,
50,random_matched,800.0,10217,114,1.1157874131349712,3.460425743143275e-05,0.5331302361005331,48234,1.5538646049503781,
50,random,801.0,10217,15,0.14681413330723303,0.0007186919430901741,0.0,1088,0.021187417022499194,
50,random_matched,801.0,10217,84,0.822159146520505,2.3309258384996223e-05,1.2757044935262758,43202,1.499245555991587,
50,random,802.0,10217,0,0.0,0.0,0.0,281,0.003394317240361765,
50,random_matched,802.0,10217,21,0.20553978663012626,2.6161008716323828e-05,0.19040365575019041,42863,1.0770570084611,
50,random,803.0,10217,0,0.0,0.0,0.0,2800,0.0063128848640654186,
50,random_matched,803.0,10217,71,0.6949202309875697,0.0002342512376976676,1.1424219345011424,44198,1.5586623152349237,
50,random,804.0,10217,0,0.0,0.0,0.0,352,0.008300395193018686,
50,random_matched,804.0,10217,108,1.057061759812078,0.0002594047817467014,0.32368621477532367,46073,1.4151067844433025,
50,random,805.0,10217,0,0.0,0.0,0.0,524,0.03556564335400275,
50,random_matched,805.0,10217,83,0.8123715376333561,7.230956058910596e-06,0.20944402132520945,36405,1.2061348378138037,
50,random,806.0,10217,0,0.0,0.0,0.0,184,0.02615197828216019,
50,random_matched,806.0,10217,24,0.23490261329157286,1.0975389565779013e-05,0.15232292460015232,41380,1.1125154046445556,
50,random,807.0,10217,0,0.0,0.0,0.0,539,0.004046654733773695,
50,random_matched,807.0,10217,11,0.10766369775863756,2.486923057189242e-05,0.19040365575019041,48572,1.082461253917235,
50,random,808.0,10217,0,0.0,0.0,0.0,2774,0.17827062285504688,
50,random_matched,808.0,10217,114,1.1157874131349712,2.951162775876468e-05,0.5902513328255903,48274,1.5550456982610865,
50,random,809.0,10217,0,0.0,0.0,0.0,326,0.01281060580012741,
50,random_matched,809.0,10217,140,1.3702652442008418,3.843540238000999e-05,1.2757044935262758,36772,1.4410116882512254,
50,random,810.0,10217,43,0.4208671821474014,6.870436564728922e-05,0.8187357197258187,7929,0.14786204890809201,
50,random_matched,810.0,10217,146,1.4289908975237349,1.9546482073150942e-05,1.2185833968012185,43932,1.4143705207300643,
50,random,811.0,10217,0,0.0,0.0,0.0,269,0.008634585972215414,
50,random_matched,811.0,10217,28,0.27405304884016835,1.7290039139708895e-05,0.19040365575019041,48332,1.5236470044183108,
50,random,812.0,10217,3,0.029362826661446607,8.337638625848178e-08,0.0,187,0.020268191610668704,
50,random_matched,812.0,10217,91,0.8906724087305471,1.8556248525687704e-05,0.17136329017517135,47718,1.4328406851331645,
50,random,813.0,10217,0,0.0,0.0,0.0,544,0.004157574469991797,
50,random_matched,813.0,10217,158,1.5464422041695214,0.0002979007709673926,0.5712109672505712,49214,9.14146926282286,
50,random,814.0,10217,0,0.0,0.0,0.0,1656,0.007620897536976543,
50,random_matched,814.0,10217,92,0.900460017617696,1.3230442892783417e-05,0.17136329017517135,41860,7.488505672605559,
50,random,815.0,10217,0,0.0,0.0,0.0,180,0.051890940527296724,
50,random_matched,815.0,10217,148,1.4485661152980327,0.00029453097535611227,0.24752475247524752,42229,2.4528686860924083,
50,random,816.0,10217,2,0.01957521777429774,5.705724032955436e-07,0.01904036557501904,2381,0.11881073397812897,
50,random_matched,816.0,10217,38,0.37192913771165703,2.0414430254101737e-05,0.476009139375476,52173,8.451048710845185,
50,random,817.0,10217,0,0.0,0.0,0.0,351,0.005362487083029064,
50,random_matched,817.0,10217,101,0.9885484976020358,0.000247436935263159,0.2284843869002285,43110,1.4984522484774223,
50,random,818.0,10217,0,0.0,0.0,0.0,2849,0.0346618731904451,
50,random_matched,818.0,10217,89,0.8710971909562494,1.3170133973389781e-05,0.20944402132520945,43778,1.398215512205716,
50,random,819.0,10217,0,0.0,0.0,0.0,212,1.851387804445591,
50,random_matched,819.0,10217,90,0.8808847998433983,3.326634435327164e-05,0.2856054836252856,43186,1.3020265813203813,
50,random,820.0,10217,0,0.0,0.0,0.0,1162,0.006759768178034444,
50,random_matched,820.0,10217,102,0.9983361064891847,2.6453381910803572e-05,1.5613099771515613,42623,7.7229805151803275,
50,random,821.0,10217,0,0.0,0.0,0.0,436,0.16730618598007468,
50,random_matched,821.0,10217,161,1.575805030830968,0.00027094157231328755,1.3137852246763138,45339,1.5713623742689853,
50,random,822.0,10217,1,0.00978760888714887,8.862909859276613e-07,0.01904036557501904,251,0.004082626514642847,
50,random_matched,822.0,10217,152,1.4877165508466281,0.0005177212237314422,0.24752475247524752,43753,2.6660601900699072,
50,random,823.0,10217,0,0.0,0.0,0.0,2622,0.11827098903174635,
50,random_matched,823.0,10217,141,1.3800528530879905,0.0002590209724486249,1.2566641279512567,46518,1.6805913510824577,
50,random,824.0,10217,0,0.0,0.0,0.0,335,0.055124831401806525,
50,random_matched,824.0,10217,110,1.0766369775863756,2.1971067385547592e-05,0.7425742574257426,38656,1.8043426603716803,
50,random,825.0,10217,0,0.0,0.0,0.0,446,0.007563318880980427,
50,random_matched,825.0,10217,149,1.4583537241851816,2.5366987597855553e-05,1.2566641279512567,45019,1.3712552599900842,
50,random,826.0,10217,0,0.0,0.0,0.0,1695,0.010255250794798656,
50,random_matched,826.0,10217,26,0.25447783106587063,1.905428347293837e-05,0.20944402132520945,39473,1.3219558176565447,
50,random,827.0,10217,0,0.0,0.0,0.0,674,0.005823794025700443,
50,random_matched,827.0,10217,29,0.2838406577273172,3.692406641843124e-05,0.2284843869002285,44392,7.591173514034418,
50,random,828.0,10217,5,0.04893804443574435,4.863622531744771e-08,0.09520182787509521,4328,0.11743064125227483,
50,random_matched,828.0,10217,92,0.900460017617696,8.624731315864883e-06,0.2856054836252856,50191,1.6898160075779178,
50,random,829.0,10217,0,0.0,0.0,0.0,1067,0.0590012800162001,
50,random_matched,829.0,10217,92,0.900460017617696,2.289765695816685e-05,0.19040365575019041,44369,7.674933385998429,
50,random,830.0,10217,0,0.0,0.0,0.0,776,0.021008756383962223,
50,random_matched,830.0,10217,107,1.047274150924929,2.3462393014424302e-05,0.476009139375476,43124,1.1271540308009327,
50,random,831.0,10217,0,0.0,0.0,0.0,154,0.0021140313272911037,
50,random_matched,831.0,10217,157,1.5366545952823725,3.2958963409265374e-05,1.5041888804265042,38520,1.0418337263132922,
50,random,832.0,10217,0,0.0,0.0,0.0,404,0.008422461181919076,
50,random_matched,832.0,10217,31,0.303415875501615,1.9365555314970035e-05,0.24752475247524752,43232,1.3230992076526127,
50,random,833.0,10217,0,0.0,0.0,0.0,896,0.28298664019203185,
50,random_matched,833.0,10217,17,0.16638935108153077,9.2864619014697e-06,0.2284843869002285,45037,1.414078001033087,
50,random,834.0,10217,0,0.0,0.0,0.0,667,0.014450404785082525,
50,random_matched,834.0,10217,31,0.303415875501615,1.3871607303111142e-05,0.49504950495049505,45693,1.508940308828459,
50,random,835.0,10217,1,0.00978760888714887,8.315404922845917e-07,0.0,187,0.013214976865150434,
50,random_matched,835.0,10217,152,1.4877165508466281,5.177284496849179e-05,1.3137852246763138,46148,1.257036136164496,
50,random,836.0,10217,0,0.0,0.0,0.0,388,0.0035408580067950554,
50,random_matched,836.0,10217,21,0.20553978663012626,0.0002397854842962181,0.19040365575019041,48387,1.3637735390429147,
50,random,837.0,10217,0,0.0,0.0,0.0,2349,0.017413049545265246,
50,random_matched,837.0,10217,165,1.6149554663795636,3.524875689721081e-05,1.5613099771515613,42138,1.5467428002002792,
50,random,838.0,10217,0,0.0,0.0,0.0,1492,0.048060973516534954,
50,random_matched,838.0,10217,24,0.23490261329157286,0.00025911574360767205,0.24752475247524752,42701,1.5163039617093406,
50,random,839.0,10217,0,0.0,0.0,0.0,314,0.02530053186321733,
50,random_matched,839.0,10217,93,0.9102476265048449,3.408454462375488e-05,0.26656511805026656,43052,1.4512152406215797,
50,random,840.0,10217,2,0.01957521777429774,1.6789224979582949e-06,0.03808073115003808,4224,0.0999753064143691,
50,random_matched,840.0,10217,151,1.4779289419594792,0.0002940410001261999,0.5140898705255141,42501,2.3214084678328835,
50,random,841.0,10217,0,0.0,0.0,0.0,1326,0.004722013214677663,
50,random_matched,841.0,10217,87,0.8515219731819517,1.8345862111028804e-05,0.17136329017517135,44025,1.2491627902088736,
50,random,842.0,10217,0,0.0,0.0,0.0,689,0.022147653280023872,
50,random_matched,842.0,10217,86,0.8417343642948028,1.265903672562529e-05,0.13328255902513328,43851,1.2169556875285283,
50,random,843.0,10217,0,0.0,0.0,0.0,349,0.015556513636980228,
50,random_matched,843.0,10217,101,0.9885484976020358,3.2768031484733456e-05,0.456968773800457,39569,1.3865196332486676,
50,random,844.0,10217,4,0.03915043554859548,7.601147213898256e-07,0.0,1681,0.0966415373072594,
50,random_matched,844.0,10217,149,1.4583537241851816,0.0002943895134207604,0.26656511805026656,44877,2.7630787383040736,
50,random,845.0,10217,0,0.0,0.0,0.0,754,0.004784089732001076,
50,random_matched,845.0,10217,114,1.1157874131349712,5.351207638584372e-05,0.5902513328255903,47945,1.5556772018004958,
50,random,846.0,10217,0,0.0,0.0,0.0,837,0.007120790588705863,
50,random_matched,846.0,10217,108,1.057061759812078,0.00025263656463152544,0.5712109672505712,46039,1.631248118878812,
50,random,847.0,10217,0,0.0,0.0,0.0,1684,0.016690307983935577,
50,random_matched,847.0,10217,91,0.8906724087305471,2.1024189558938764e-05,0.17136329017517135,41121,0.9749045641696529,
50,random,848.0,10217,0,0.0,0.0,0.0,363,0.012899325083188763,
50,random_matched,848.0,10217,111,1.0864245864735245,3.4096495239118595e-05,0.5521706016755522,43796,1.5596912462460932,
50,random,849.0,10217,0,0.0,0.0,0.0,593,0.0018118572582410076,
50,random_matched,849.0,10217,84,0.822159146520505,2.0769891580850395e-05,0.11424219345011424,43226,0.987179218209203,
50,random,850.0,10217,0,0.0,0.0,0.0,213,0.0027000896439601857,
50,random_matched,850.0,10217,28,0.27405304884016835,1.1998695746458112e-05,0.456968773800457,44575,8.166198299123911,
50,random,851.0,10217,19,0.18596456885582852,4.152977799534977e-05,0.3617669459253618,1044,0.013232046201274314,
50,random_matched,851.0,10217,78,0.7634334931976118,0.00029163253424847993,0.20944402132520945,39464,2.2462002158210166,
50,random,852.0,10217,0,0.0,0.0,0.0,1715,0.36797863095781347,
50,random_matched,852.0,10217,35,0.34256631105021046,4.6891991316920264e-05,0.30464584920030463,42772,1.0945659922779918,
50,random,853.0,10217,0,0.0,0.0,0.0,731,0.016485150593507563,
50,random_matched,853.0,10217,100,0.978760888714887,1.7452345171625404e-05,0.5331302361005331,45972,1.8709076798522244,
50,random,854.0,10217,0,0.0,0.0,0.0,792,0.010398025356246177,
50,random_matched,854.0,10217,80,0.7830087109719096,1.3283525858701317e-05,0.13328255902513328,38448,1.1599841951983867,
50,random,855.0,10217,0,0.0,0.0,0.0,704,0.018736266703538226,
50,random_matched,855.0,10217,91,0.8906724087305471,1.2921672342339506e-05,0.15232292460015232,41300,1.334227256217249,
50,random,856.0,10217,2,0.01957521777429774,8.982416012913771e-07,0.0,998,0.01862447881977389,
50,random_matched,856.0,10217,15,0.14681413330723303,8.92599799154553e-06,0.19040365575019041,43629,1.113793614621629,
50,random,857.0,10217,2,0.01957521777429774,9.755037192242368e-08,0.03808073115003808,1243,0.10777025721817013,
50,random_matched,857.0,10217,99,0.9689732798277381,0.0002448981243015882,0.2284843869002285,39850,1.424899890302917,
50,random,858.0,10217,0,0.0,0.0,0.0,981,0.009298490301672983,
50,random_matched,858.0,10217,11,0.10766369775863756,3.0022447085241646e-05,0.20944402132520945,42956,1.2621654550050978,
50,random,859.0,10217,0,0.0,0.0,0.0,639,0.03508663699371598,
50,random_matched,859.0,10217,85,0.831946755407654,3.525320363781127e-05,0.32368621477532367,36942,7.68956154677104,
50,random,860.0,10217,1,0.00978760888714887,6.784058628565134e-07,0.01904036557501904,339,0.010337337557575335,
50,random_matched,860.0,10217,146,1.4289908975237349,0.0002941182622441328,0.2284843869002285,42656,2.3095554002083274,
50,random,861.0,10217,0,0.0,0.0,0.0,141,0.0008839281514497258,
50,random_matched,861.0,10217,95,0.9298228442791426,3.5804043629692305e-05,0.3617669459253618,48099,2.146574855397346,
50,random,862.0,10217,0,0.0,0.0,0.0,492,0.006460363610754331,
50,random_matched,862.0,10217,106,1.0374865420377801,0.0002453983826191391,0.3427265803503427,47379,7.9302067758050505,
50,random,863.0,10217,0,0.0,0.0,0.0,905,0.1013038292714484,
50,random_matched,863.0,10217,6,0.058725653322893215,1.0542944042385021e-05,0.11424219345011424,42392,7.344734917403609,
50,random,864.0,10217,0,0.0,0.0,0.0,257,0.003519938349012735,
50,random_matched,864.0,10217,30,0.29362826661446606,3.0506863889403426e-05,0.2284843869002285,44233,1.1667296921099939,
50,random,865.0,10217,0,0.0,0.0,0.0,362,0.0022880115871921534,
50,random_matched,865.0,10217,91,0.8906724087305471,1.823719488760525e-05,0.24752475247524752,45411,1.2448090064578974,
50,random,866.0,10217,2,0.01957521777429774,8.568313294496644e-07,0.03808073115003808,889,0.012926796318797153,
50,random_matched,866.0,10217,90,0.8808847998433983,3.468652213254112e-05,0.3427265803503427,44710,1.6669462888441597,
50,random,867.0,10217,0,0.0,0.0,0.0,399,0.008854978003038883,
50,random_matched,867.0,10217,45,0.44044239992169915,2.97467491680136e-05,0.5140898705255141,41920,7.381604193015116,
50,random,868.0,10217,1,0.00978760888714887,6.784058628565134e-07,0.01904036557501904,696,0.015907661067701598,
50,random_matched,868.0,10217,27,0.2642654399530195,2.1915205206754407e-05,0.2284843869002285,40934,1.361569318771451,
50,random,869.0,10217,0,0.0,0.0,0.0,415,0.007836401278142963,
50,random_matched,869.0,10217,25,0.24469022217872174,1.895589933715336e-05,0.17136329017517135,42446,1.1476236485133984,
50,random,870.0,10217,0,0.0,0.0,0.0,1072,0.022978697438076685,
50,random_matched,870.0,10217,26,0.25447783106587063,2.15366764131409e-05,0.20944402132520945,40587,1.002678302378248,
50,random,871.0,10217,0,0.0,0.0,0.0,1431,0.008897456922737221,
50,random_matched,871.0,10217,78,0.7634334931976118,2.6412527481536915e-05,0.17136329017517135,41945,1.1332721998517306,
50,random,872.0,10217,0,0.0,0.0,0.0,1242,0.004198818620419622,
50,random_matched,872.0,10217,25,0.24469022217872174,1.8860850256818693e-05,0.17136329017517135,45058,1.3753482852299974,
50,random,873.0,10217,0,0.0,0.0,0.0,811,0.05267779645137827,
50,random_matched,873.0,10217,86,0.8417343642948028,1.1876410379945672e-05,0.20944402132520945,41312,1.23657375248588,
50,random,874.0,10217,1,0.00978760888714887,4.724661887980634e-08,0.0,950,0.010024499716380529,
50,random_matched,874.0,10217,24,0.23490261329157286,3.8238078265864915e-05,0.19040365575019041,36903,0.9094461534797216,
50,random,875.0,10217,0,0.0,0.0,0.0,874,0.031038956988799934,
50,random_matched,875.0,10217,148,1.4485661152980327,2.4792524296534613e-05,1.2566641279512567,43607,7.7348462003057845,
50,random,876.0,10217,0,0.0,0.0,0.0,473,0.015275951204378191,
50,random_matched,876.0,10217,98,0.9591856709405893,2.1986908898936703e-05,0.2284843869002285,45013,1.3324416005089912,
50,random,877.0,10217,0,0.0,0.0,0.0,318,0.00811222937047001,
50,random_matched,877.0,10217,21,0.20553978663012626,3.622120348227224e-05,0.32368621477532367,39907,1.0814005934622917,
50,random,878.0,10217,0,0.0,0.0,0.0,3593,0.025201574152695708,
50,random_matched,878.0,10217,33,0.3229910932759127,0.00023641263155077497,0.2284843869002285,43052,1.4359651687844572,
50,random,879.0,10217,0,0.0,0.0,0.0,307,0.015082065448087956,
50,random_matched,879.0,10217,18,0.17617695996867966,1.9110701494306608e-05,0.13328255902513328,43757,1.118204619929519,
50,random,880.0,10217,34,0.33277870216306155,0.0007312831670216426,0.6473724295506473,326,0.007049251739260594,
50,random_matched,880.0,10217,22,0.21532739551727512,3.777478347955528e-05,0.2284843869002285,39754,7.437919418174835,
50,random,881.0,10217,0,0.0,0.0,0.0,378,0.01127558762139252,
50,random_matched,881.0,10217,106,1.0374865420377801,1.9777712584374463e-05,0.476009139375476,45767,1.9783137594909443,
50,random,882.0,10217,0,0.0,0.0,0.0,1126,0.006482333933391511,
50,random_matched,882.0,10217,142,1.3898404619751394,2.98401307206231e-05,1.1995430312261997,36650,0.9764126078772802,
50,random,883.0,10217,0,0.0,0.0,0.0,822,0.02960267273849522,
50,random_matched,883.0,10217,95,0.9298228442791426,1.8945338328227287e-05,0.2284843869002285,45395,1.2162616551462915,
50,random,884.0,10217,0,0.0,0.0,0.0,1572,0.03005671390517635,
50,random_matched,884.0,10217,71,0.6949202309875697,1.968516479562755e-05,1.1424219345011424,40516,1.100302733483014,
50,random,885.0,10217,4,0.03915043554859548,1.6596625527325855e-05,0.0,1167,0.04959343645294911,
50,random_matched,885.0,10217,102,0.9983361064891847,2.7455010231055465e-05,0.456968773800457,45857,7.7308897313419696,
50,random,886.0,10217,1,0.00978760888714887,7.920756694555769e-08,0.01904036557501904,920,0.08764649552158281,
50,random_matched,886.0,10217,16,0.15660174219438192,1.1467032323416527e-05,0.19040365575019041,47148,1.5772101415463968,
50,random,887.0,10217,0,0.0,0.0,0.0,607,0.019226297109265857,
50,random_matched,887.0,10217,76,0.7438582754233141,1.0774174553608544e-05,0.17136329017517135,39444,1.4095884720177057,
50,random,888.0,10217,0,0.0,0.0,0.0,422,0.042319407506137,
50,random_matched,888.0,10217,30,0.29362826661446606,1.015996850817106e-05,0.49504950495049505,40871,1.893451179845405,
50,random,889.0,10217,0,0.0,0.0,0.0,205,0.002056439974438736,
50,random_matched,889.0,10217,181,1.7715572085739453,0.00028945835601614623,1.1424219345011424,42717,8.463162960738382,
50,random,890.0,10217,0,0.0,0.0,0.0,247,0.007923741365193936,
50,random_matched,890.0,10217,93,0.9102476265048449,1.3053129111340378e-05,0.20944402132520945,39145,1.3449314488038366,
50,random,891.0,10217,0,0.0,0.0,0.0,287,0.002598362431668584,
50,random_matched,891.0,10217,147,1.4387785064108838,0.00029451179878727283,0.24752475247524752,44594,8.702653248811348,
50,random,892.0,10217,47,0.46001761769599686,5.603726920432561e-06,0.0,1660,0.1810913596142213,
50,random_matched,892.0,10217,26,0.25447783106587063,0.00023840866223780302,0.20944402132520945,45136,1.5912003900414058,
50,random,893.0,10217,0,0.0,0.0,0.0,176,0.00684055986147341,
50,random_matched,893.0,10217,97,0.9493980620534404,4.051230816170877e-05,0.2856054836252856,48053,7.555844805127829,
50,random,894.0,10217,0,0.0,0.0,0.0,313,0.004411419542825412,
50,random_matched,894.0,10217,109,1.0668493686992269,3.4108445854482314e-05,0.3617669459253618,45549,7.963272960476267,
50,random,895.0,10217,0,0.0,0.0,0.0,433,0.02948393332593287,
50,random_matched,895.0,10217,106,1.0374865420377801,1.3879667020449462e-05,0.4188880426504189,47274,1.5249489099033646,
50,random,896.0,10217,1,0.00978760888714887,2.5340862996827894e-06,0.0,1132,0.015676700491155313,
50,random_matched,896.0,10217,147,1.4387785064108838,0.0002860779993959399,0.5331302361005331,46989,8.603606785677421,
50,random,897.0,10217,0,0.0,0.0,0.0,2001,0.014043737176184906,
50,random_matched,897.0,10217,153,1.497504159733777,0.00024309219177522947,1.2185833968012185,38506,1.1580343548548264,
50,random,898.0,10217,0,0.0,0.0,0.0,373,0.0032636650024209114,
50,random_matched,898.0,10217,112,1.0962121953606734,0.00024007896917584793,0.456968773800457,45218,8.186940634198923,
50,random,899.0,10217,4,0.03915043554859548,7.601147213898256e-07,0.0,2718,0.09940281944992645,
50,random_matched,899.0,10217,76,0.7438582754233141,5.129037361334271e-06,0.13328255902513328,46283,1.362085499939737,
50,random,900.0,10217,1,0.00978760888714887,7.420498377004878e-08,0.01904036557501904,882,0.005180823637988479,
50,random_matched,900.0,10217,98,0.9591856709405893,3.4579800358130264e-05,0.2856054836252856,46027,1.5858559753461445,
50,random,901.0,10217,0,0.0,0.0,0.0,344,0.01522603351402317,
50,random_matched,901.0,10217,91,0.8906724087305471,4.163205302916018e-05,0.26656511805026656,42063,7.558360403102018,
50,random,902.0,10217,0,0.0,0.0,0.0,519,0.05956089554261721,
50,random_matched,902.0,10217,31,0.303415875501615,4.045922519579087e-05,0.30464584920030463,50891,7.950015276148005,
50,random,903.0,10217,0,0.0,0.0,0.0,1287,0.010460173293386006,
50,random_matched,903.0,10217,146,1.4289908975237349,1.6552713963896386e-05,1.1995430312261997,34947,1.2561009000169316,
50,random,904.0,10217,0,0.0,0.0,0.0,526,0.004179344817143007,
50,random_matched,904.0,10217,80,0.7830087109719096,1.0985116810842502e-05,0.17136329017517135,44483,1.5670735270022034,
50,random,905.0,10217,0,0.0,0.0,0.0,1311,0.020562928496169152,
50,random_matched,905.0,10217,101,0.9885484976020358,2.1940773965207008e-05,0.43792840822543794,45038,2.0331041366537868,
50,random,906.0,10217,0,0.0,0.0,0.0,659,0.005219218931294746,
50,random_matched,906.0,10217,93,0.9102476265048449,3.418098331052719e-05,0.24752475247524752,51375,1.3753049540338231,
50,random,907.0,10217,0,0.0,0.0,0.0,378,0.027433222807877883,
50,random_matched,907.0,10217,92,0.900460017617696,1.2932511272553109e-05,0.19040365575019041,44111,1.693266205269752,
50,random,908.0,10217,0,0.0,0.0,0.0,974,0.009489276437930681,
50,random_matched,908.0,10217,159,1.5562298130566703,0.0002937850346203864,0.49504950495049505,39786,8.543938609635008,
50,random,909.0,10217,0,0.0,0.0,0.0,553,0.007089000834864737,
50,random_matched,909.0,10217,99,0.9689732798277381,2.3293138950319582e-05,0.5140898705255141,47544,7.832325207967467,
50,random,910.0,10217,1,0.00978760888714887,8.615559913376451e-09,0.0,1018,0.025591619989652332,
50,random_matched,910.0,10217,150,1.4681413330723305,1.76685679333224e-05,1.4470677837014472,41312,1.9272840578329749,
50,random,911.0,10217,0,0.0,0.0,0.0,1190,0.0036778840665744493,
50,random_matched,911.0,10217,47,0.46001761769599686,0.0002652880974823874,0.5140898705255141,44020,1.768864023812252,
50,random,912.0,10217,0,0.0,0.0,0.0,427,0.004897306012093772,
50,random_matched,912.0,10217,108,1.057061759812078,3.5805989078705e-05,0.6283320639756284,48726,7.886113550822003,
50,random,913.0,10217,0,0.0,0.0,0.0,1229,0.01948943945509005,
50,random_matched,913.0,10217,91,0.8906724087305471,2.554596890702376e-05,0.43792840822543794,40197,0.9887125746868759,
50,random,914.0,10217,0,0.0,0.0,0.0,837,0.003151815221482345,
50,random_matched,914.0,10217,137,1.340902417539395,9.071628746210346e-06,1.2185833968012185,42146,1.548684147934114,
50,random,915.0,10217,0,0.0,0.0,0.0,423,0.0020286068784271622,
50,random_matched,915.0,10217,89,0.8710971909562494,1.0154132161132967e-05,0.15232292460015232,42681,1.3489972646808017,
50,random,916.0,10217,2,0.01957521777429774,3.109383364866314e-06,0.0,744,0.011260403768422073,
50,random_matched,916.0,10217,87,0.8515219731819517,8.3968358600917e-06,0.2856054836252856,48976,1.7218525851303697,
50,random,917.0,10217,15,0.14681413330723303,0.0007186919430901741,0.0,526,0.02208622906369041,
50,random_matched,917.0,10217,99,0.9689732798277381,2.400433952510443e-05,0.49504950495049505,43814,1.3416249303244578,
50,random,918.0,10217,0,0.0,0.0,0.0,529,0.017149950051330902,
50,random_matched,918.0,10217,44,0.43065479103455023,3.031482027972139e-05,0.476009139375476,41316,1.0120541752574563,
50,random,919.0,10217,0,0.0,0.0,0.0,234,0.009163922670685396,
50,random_matched,919.0,10217,108,1.057061759812078,2.2348206572723455e-05,0.49504950495049505,49908,8.444731782032404,
50,random,920.0,10217,0,0.0,0.0,0.0,735,0.012604867528525864,
50,random_matched,920.0,10217,113,1.1059998042478223,3.146263519721316e-05,0.5140898705255141,45483,1.0754975329630094,
50,random,921.0,10217,39,0.3817167465988059,1.045956765612654e-05,0.0,350,0.006495919569581228,
50,random_matched,921.0,10217,88,0.8613095820691005,1.8647684629284508e-05,0.19040365575019041,51398,7.313657001698506,
50,random,922.0,10217,0,0.0,0.0,0.0,1426,0.01142450587415901,
50,random_matched,922.0,10217,173,1.6932563374767544,0.0003152430593091568,0.6664127951256664,46580,3.48205606900912,
50,random,923.0,10217,0,0.0,0.0,0.0,569,0.027544175873343648,
50,random_matched,923.0,10217,96,0.9396104531662914,0.0002405886768171748,0.15232292460015232,43388,1.2509918183780884,
50,random,924.0,10217,0,0.0,0.0,0.0,904,0.09688796900314883,
50,random_matched,924.0,10217,36,0.3523539199373593,2.5830560305452712e-05,0.32368621477532367,47387,7.985233804910254,
50,random,925.0,10217,0,0.0,0.0,0.0,3052,0.09113183811152271,
50,random_matched,925.0,10217,91,0.8906724087305471,1.0387308121369188e-05,0.19040365575019041,40750,7.492779428071579,
50,random,926.0,10217,1,0.00978760888714887,9.171402488432995e-09,0.01904036557501904,424,0.025011535543849852,
50,random_matched,926.0,10217,84,0.822159146520505,1.804042661603523e-05,0.13328255902513328,34481,0.9200766043123041,
50,random,927.0,10217,0,0.0,0.0,0.0,1238,0.09915560213605641,
50,random_matched,927.0,10217,95,0.9298228442791426,1.3128167858973012e-05,0.24752475247524752,48760,1.5039790884290993,
50,random,928.0,10217,34,0.33277870216306155,0.0007312831670216426,0.6473724295506473,1219,0.00922294083275909,
50,random_matched,928.0,10217,17,0.16638935108153077,3.062914925591587e-05,0.24752475247524752,37388,1.1541248102975048,
50,random,929.0,10217,0,0.0,0.0,0.0,1718,0.0238898952625418,
50,random_matched,929.0,10217,89,0.8710971909562494,1.3029505801900475e-05,0.20944402132520945,37592,1.1904211926451689,
50,random,930.0,10217,0,0.0,0.0,0.0,1212,0.008928770544468894,
50,random_matched,930.0,10217,142,1.3898404619751394,2.5382829111244665e-05,1.1995430312261997,41197,7.0497359497448375,
50,random,931.0,10217,1,0.00978760888714887,7.587251149521841e-08,0.01904036557501904,911,0.0035304053198855372,
50,random_matched,931.0,10217,98,0.9591856709405893,2.1291271916253436e-05,0.24752475247524752,43094,1.4442320363414354,
50,random,932.0,10217,0,0.0,0.0,0.0,1363,0.009763285705599619,
50,random_matched,932.0,10217,35,0.34256631105021046,0.0002480889386037003,0.456968773800457,45762,1.1276505953263092,
50,random,933.0,10217,0,0.0,0.0,0.0,11410,0.16087908019716562,
50,random_matched,933.0,10217,23,0.225115004404424,1.6310922443746792e-05,0.17136329017517135,38083,0.9441794433123706,
50,random,934.0,10217,1,0.00978760888714887,1.278437922630054e-06,0.01904036557501904,214,0.027323842565480344,
50,random_matched,934.0,10217,76,0.7438582754233141,1.0922306599861114e-05,0.17136329017517135,39618,1.3554344390707187,
50,random,935.0,10217,1,0.00978760888714887,3.640768866620371e-08,0.01904036557501904,2887,0.0951847031951107,
50,random_matched,935.0,10217,94,0.9200352353919937,2.1180937165104713e-05,0.19040365575019041,44633,1.2411777373119453,
50,random,936.0,10217,0,0.0,0.0,0.0,1063,0.01235770258918787,
50,random_matched,936.0,10217,144,1.4094156797494373,2.5128531133156296e-05,1.1614623000761615,41388,1.1812218298744699,
50,random,937.0,10217,0,0.0,0.0,0.0,688,0.06734744102757938,
50,random_matched,937.0,10217,88,0.8613095820691005,1.4942993866532633e-05,0.17136329017517135,41747,7.311332158118434,
50,random,938.0,10217,0,0.0,0.0,0.0,665,0.008662182589279293,
50,random_matched,938.0,10217,92,0.900460017617696,1.8781086847298076e-05,0.20944402132520945,46599,1.4173728733210684,
50,random,939.0,10217,3,0.029362826661446607,1.055267128744851e-06,0.05712109672505712,1755,0.03734324766828973,
50,random_matched,939.0,10217,24,0.23490261329157286,8.449640904722072e-06,0.19040365575019041,39127,1.1826325077399282,
50,random,940.0,10217,0,0.0,0.0,0.0,3935,0.03168742987659014,
50,random_matched,940.0,10217,140,1.3702652442008418,0.00028709908220631876,0.2284843869002285,40504,2.603486295622319,
50,random,941.0,10217,0,0.0,0.0,0.0,1203,0.004606509913352564,
50,random_matched,941.0,10217,75,0.7340706665361653,1.0669954070785441e-05,0.15232292460015232,36162,1.1962840199812024,
50,random,942.0,10217,1,0.00978760888714887,8.559975655870796e-08,0.0,877,0.0028902631569037223,
50,random_matched,942.0,10217,190,1.8596456885582853,0.00029012647879136423,1.2376237623762376,41192,2.458982674703285,
50,random,943.0,10217,0,0.0,0.0,0.0,1330,0.008534355401854526,
50,random_matched,943.0,10217,25,0.24469022217872174,1.2572881126491524e-05,0.38080731150038083,42007,1.749978572221966,
50,random,944.0,10217,0,0.0,0.0,0.0,596,0.019020460437028357,
50,random_matched,944.0,10217,92,0.900460017617696,5.012671718246183e-05,0.30464584920030463,44948,7.898574197934576,
50,random,945.0,10217,1,0.00978760888714887,2.5340862996827894e-06,0.0,319,0.001999499335469287,
50,random_matched,945.0,10217,122,1.194088284232162,0.00027218332462596387,0.8377760853008378,44248,2.079957394726267,
50,random,946.0,10217,1,0.00978760888714887,1.5285670814054993e-08,0.0,899,0.04571260266182749,
50,random_matched,946.0,10217,105,1.0276989331506312,0.00023885611551072354,0.456968773800457,45295,1.8074924425090555,
50,random,947.0,10217,0,0.0,0.0,0.0,289,0.001674778823929574,
50,random_matched,947.0,10217,89,0.8710971909562494,0.0002398908164641913,0.20944402132520945,40983,1.4954653717670825,
50,random,948.0,10217,0,0.0,0.0,0.0,1298,0.006553574406714856,
50,random_matched,948.0,10217,91,0.8906724087305471,2.1006958439112013e-05,0.17136329017517135,40450,7.426654841902027,
50,random,949.0,10217,0,0.0,0.0,0.0,2595,6.3890202913082375,
50,random_matched,949.0,10217,15,0.14681413330723303,0.00022253435413676316,0.09520182787509521,36069,0.9960314536912914,
50,random,950.0,10217,0,0.0,0.0,0.0,305,0.02556006512765187,
50,random_matched,950.0,10217,87,0.8515219731819517,1.4749838571700483e-05,0.17136329017517135,41484,1.4033152489583578,
50,random,951.0,10217,13,0.12723891553293531,1.7962052812952258e-06,0.03808073115003808,1717,0.22559230763234167,
50,random_matched,951.0,10217,96,0.9396104531662914,4.236048472377178e-05,0.26656511805026656,47488,1.7559241275120168,
50,random,952.0,10217,0,0.0,0.0,0.0,1156,0.01469829661944095,
50,random_matched,952.0,10217,135,1.3213271997650975,1.4484701663398511e-05,1.1995430312261997,41974,1.4287046604024467,
50,random,953.0,10217,2,0.01957521777429774,9.707790573362562e-07,0.03808073115003808,443,0.12495823911529709,
50,random_matched,953.0,10217,71,0.6949202309875697,1.0373412056992775e-05,0.07616146230007616,37614,1.022449300969156,
50,random,954.0,10217,0,0.0,0.0,0.0,1111,0.0024139199622158266,
50,random_matched,954.0,10217,24,0.23490261329157286,1.6440711685022494e-05,0.17136329017517135,39880,1.2158788846079673,
50,random,955.0,10217,1,0.00978760888714887,1.834280497686599e-08,0.01904036557501904,300,0.0029308819871611325,
50,random_matched,955.0,10217,91,0.8906724087305471,1.3833532086719768e-05,0.17136329017517135,46699,1.5158098508514348,
50,random,956.0,10217,0,0.0,0.0,0.0,1387,0.008000247859647827,
50,random_matched,956.0,10217,92,0.900460017617696,0.00028463586583495564,0.476009139375476,38788,2.8824142730287763,
50,random,957.0,10217,2,0.01957521777429774,1.6119434676639812e-08,0.03808073115003808,706,0.08963208068970686,
50,random_matched,957.0,10217,87,0.8515219731819517,2.1506938835375375e-05,0.26656511805026656,45607,1.3907566932130113,
50,random,958.0,10217,0,0.0,0.0,0.0,468,0.028762993131083964,
50,random_matched,958.0,10217,92,0.900460017617696,1.2900828245774885e-05,0.17136329017517135,40728,1.2914826214725879,
50,random,959.0,10217,10,0.0978760888714887,1.2862197186808455e-06,0.19040365575019041,409,0.011256818493637894,
50,random_matched,959.0,10217,108,1.057061759812078,1.931163858518955e-05,0.49504950495049505,45342,1.963006569258865,
50,random,960.0,10217,0,0.0,0.0,0.0,457,0.006376273918903889,
50,random_matched,960.0,10217,92,0.900460017617696,1.2915002231438828e-05,0.17136329017517135,39212,1.3129649801173946,
50,random,961.0,10217,21,0.20553978663012626,4.485649580706319e-06,0.05712109672505712,2526,0.020312668698119714,
50,random_matched,961.0,10217,37,0.3621415288245082,0.0002411156155783284,0.24752475247524752,45807,1.624208727835538,
50,random,962.0,10217,1,0.00978760888714887,6.784058628565134e-07,0.01904036557501904,821,0.00427308094553096,
50,random_matched,962.0,10217,21,0.20553978663012626,1.703990998093345e-05,0.19040365575019041,46076,7.712124638013417,
50,random,963.0,10217,0,0.0,0.0,0.0,1319,0.03672296973691428,
50,random_matched,963.0,10217,80,0.7830087109719096,1.250590209619721e-05,0.20944402132520945,46075,7.7062628042063865,
50,random,964.0,10217,0,0.0,0.0,0.0,1555,0.020397631298837485,
50,random_matched,964.0,10217,90,0.8808847998433983,2.1112568528372757e-05,0.15232292460015232,43258,7.581310538961955,
50,random,965.0,10217,1,0.00978760888714887,1.2156277116486643e-06,0.01904036557501904,398,0.04150335039978272,
50,random_matched,965.0,10217,139,1.360477635313693,2.0029787192162608e-05,1.2376237623762376,46881,1.5432311179820444,
50,random,966.0,10217,0,0.0,0.0,0.0,1921,0.027100884182586927,
50,random_matched,966.0,10217,15,0.14681413330723303,1.200731130637149e-05,0.17136329017517135,40513,7.546315847839896,
50,random,967.0,10217,0,0.0,0.0,0.0,1619,0.4093609628593366,
50,random_matched,967.0,10217,153,1.497504159733777,0.00025684457084599097,1.3137852246763138,41770,7.759148060940495,
50,random,968.0,10217,1,0.00978760888714887,7.806808966669177e-07,0.01904036557501904,949,0.09481873694603614,
50,random_matched,968.0,10217,147,1.4387785064108838,2.467218437903487e-05,1.1995430312261997,43516,1.3345571110200356,
50,random,969.0,10217,0,0.0,0.0,0.0,1198,0.019039980266408886,
50,random_matched,969.0,10217,27,0.2642654399530195,2.02076568161807e-05,0.20944402132520945,46184,1.110604343674203,
50,random,970.0,10217,1,0.00978760888714887,3.6129767378675437e-09,0.01904036557501904,1058,0.015542877213365504,
50,random_matched,970.0,10217,78,0.7634334931976118,0.0002828735669507389,0.476009139375476,41939,2.8045294300796577,
50,random,971.0,10217,0,0.0,0.0,0.0,348,0.03439636129382286,
50,random_matched,971.0,10217,91,0.8906724087305471,1.8623227555982017e-05,0.19040365575019041,39684,1.2741756049609907,
50,random,972.0,10217,0,0.0,0.0,0.0,478,0.07525749359462655,
50,random_matched,972.0,10217,139,1.360477635313693,1.671335246808773e-05,1.1424219345011424,38133,0.8797970388152704,
50,random,973.0,10217,0,0.0,0.0,0.0,1670,0.007317060179757425,
50,random_matched,973.0,10217,139,1.360477635313693,1.9516466574097887e-05,1.2566641279512567,40481,1.4703028848863589,
50,random,974.0,10217,0,0.0,0.0,0.0,1126,0.007367063573892148,
50,random_matched,974.0,10217,77,0.753645884310463,1.3139006789186615e-05,0.17136329017517135,43265,1.1952914972053357,
50,random,975.0,10217,0,0.0,0.0,0.0,232,0.018726842461985128,
50,random_matched,975.0,10217,87,0.8515219731819517,3.282000276550124e-05,0.2856054836252856,41374,7.5821149990772305,
50,random,976.0,10217,24,0.23490261329157286,0.0038528895101134497,0.456968773800457,831,0.003942783339882525,
50,random_matched,976.0,10217,90,0.8808847998433983,1.3148178191675049e-05,0.20944402132520945,47424,1.585512525384526,
50,random,977.0,10217,2,0.01957521777429774,8.254262239589696e-08,0.0,820,0.007052038699207924,
50,random_matched,977.0,10217,92,0.900460017617696,1.2908054199250621e-05,0.17136329017517135,39504,1.0752347191483407,
50,random,978.0,10217,0,0.0,0.0,0.0,206,0.004270700284983697,
50,random_matched,978.0,10217,154,1.507291768620926,2.5890869224846348e-05,1.2566641279512567,45253,1.5909080163582752,
50,random,979.0,10217,0,0.0,0.0,0.0,1032,0.0178097405993628,
50,random_matched,979.0,10217,152,1.4877165508466281,2.6111260805856266e-05,1.2376237623762376,46218,1.4229819127201213,
50,random,980.0,10217,0,0.0,0.0,0.0,1678,0.007800726286288704,
50,random_matched,980.0,10217,101,0.9885484976020358,0.0002663130711907917,0.26656511805026656,41885,1.403145365021705,
50,random,981.0,10217,0,0.0,0.0,0.0,1299,0.03131352967946505,
50,random_matched,981.0,10217,86,0.8417343642948028,2.29571321136979e-05,1.408987052551409,41138,1.5378742968711179,
50,random,982.0,10217,0,0.0,0.0,0.0,207,0.0022065390348366696,
50,random_matched,982.0,10217,104,1.0179113242634825,0.00023772358626404584,0.24752475247524752,41106,1.2248269464384043,
50,random,983.0,10217,0,0.0,0.0,0.0,2692,0.009461598878408195,
50,random_matched,983.0,10217,85,0.831946755407654,2.0717086536220025e-05,0.11424219345011424,45028,0.9563500561375771,
50,random,984.0,10217,0,0.0,0.0,0.0,377,0.028404379948886376,
50,random_matched,984.0,10217,78,0.7634334931976118,0.0002837904292782947,0.20944402132520945,36716,2.3147129870122676,
50,random,985.0,10217,0,0.0,0.0,0.0,1782,0.07624544391513545,
50,random_matched,985.0,10217,17,0.16638935108153077,1.8715497423441405e-05,0.09520182787509521,41095,0.6990723247319331,
50,random,986.0,10217,0,0.0,0.0,0.0,269,0.004063689153542881,
50,random_matched,986.0,10217,162,1.5855926397181168,0.0005148825357006284,0.49504950495049505,44570,8.82390263781478,
50,random,987.0,10217,4,0.03915043554859548,1.7653560183795876e-06,0.0,924,0.00401031156985917,
50,random_matched,987.0,10217,199,1.947734168542625,0.0002951365658416364,1.2376237623762376,46645,8.611815154056325,
50,random,988.0,10217,0,0.0,0.0,0.0,843,0.02727179656459607,
50,random_matched,988.0,10217,133,1.3017519819907997,0.00027807386631512564,0.15232292460015232,39806,8.285568015372752,
50,random,989.0,10217,0,0.0,0.0,0.0,937,0.027081646858258007,
50,random_matched,989.0,10217,102,0.9983361064891847,0.0005324213143926751,0.5521706016755522,44054,2.9007078305098384,
50,random,990.0,10217,0,0.0,0.0,0.0,443,0.007651628690427652,
50,random_matched,990.0,10217,25,0.24469022217872174,8.481046010212766e-06,0.19040365575019041,39943,1.2684681871454828,
50,random,991.0,10217,0,0.0,0.0,0.0,1054,0.028503055154356385,
50,random_matched,991.0,10217,21,0.20553978663012626,1.8784421902748416e-05,0.19040365575019041,41740,1.2067901352618293,
50,random,992.0,10217,0,0.0,0.0,0.0,1089,0.022649226715191664,
50,random_matched,992.0,10217,91,0.8906724087305471,4.095309132372861e-05,0.3617669459253618,49024,1.7882187972357186,
50,random,993.0,10217,0,0.0,0.0,0.0,740,0.008585993516231703,
50,random_matched,993.0,10217,21,0.20553978663012626,1.2211861373992298e-05,0.20944402132520945,47143,8.134668218212639,
50,random,994.0,10217,0,0.0,0.0,0.0,1208,0.044758095860686554,
50,random_matched,994.0,10217,98,0.9591856709405893,2.415469494165723e-05,0.49504950495049505,45237,7.844556926000494,
50,random,995.0,10217,0,0.0,0.0,0.0,1093,0.008177516605318165,
50,random_matched,995.0,10217,102,0.9983361064891847,4.8228514788643726e-05,0.5902513328255903,47254,7.871818192109936,
50,random,996.0,10217,0,0.0,0.0,0.0,586,0.041886639922106214,
50,random_matched,996.0,10217,93,0.9102476265048449,1.3594797700732982e-05,0.20944402132520945,48087,1.3600740973015313,
50,random,997.0,10217,0,0.0,0.0,0.0,899,0.03844377307765059,
50,random_matched,997.0,10217,83,0.8123715376333561,1.9855808466169908e-05,0.20944402132520945,42878,1.740082802756911,
50,random,998.0,10217,0,0.0,0.0,0.0,974,0.006212695558487349,
50,random_matched,998.0,10217,44,0.43065479103455023,0.00024591337076492896,0.43792840822543794,44205,1.791871144750156,
50,random,999.0,10217,1,0.00978760888714887,3.4087045915342634e-06,0.0,585,0.03512568934933329,
50,random_matched,999.0,10217,22,0.21532739551727512,8.34208536644863e-06,0.15232292460015232,39349,1.0683245233787528,
100,descendants,,10217,272,2.6622296173044924,0.005828147804269065,3.217821782178218,301512,6.065611579278812,
100,descendant_authors,,10217,393,3.8465302926495055,0.005708212262242677,5.198019801980198,302390,14.008629137052871,
100,downloads,,10217,216,2.114123519624156,0.0022727041079753244,0.456968773800457,32204,51.351779337925585,
100,outdegree,,10217,361,3.533326808260742,0.003923659664690936,3.674790555978675,320652,15.687366688399566,
100,random,0.0,10217,7,0.06851326221004209,1.8759131065583345e-05,0.13328255902513328,888,0.02647340395950249,
100,random_matched,0.0,10217,87,0.8515219731819517,0.0002859646075106283,0.49504950495049505,34065,7.979258562783179,
100,random,1.0,10217,0,0.0,0.0,0.0,1859,0.03279397835713557,
100,random_matched,1.0,10217,8,0.07830087109719096,2.8461919055770396e-06,0.11424219345011424,33261,0.683150887575198,
100,random,2.0,10217,0,0.0,0.0,0.0,1512,0.012217708639259554,
100,random_matched,2.0,10217,79,0.7732211020847607,2.880709729488051e-05,1.4851485148514851,38544,1.1993915168259368,
100,random,3.0,10217,0,0.0,0.0,0.0,1173,0.10941496353806668,
100,random_matched,3.0,10217,58,0.5676813154546344,6.070634683480058e-06,1.0662604722010662,30984,6.781983638875282,
100,random,4.0,10217,0,0.0,0.0,0.0,1368,0.020424145508905877,
100,random_matched,4.0,10217,29,0.2838406577273172,1.733283901798825e-05,0.476009139375476,38016,7.111723330376039,
100,random,5.0,10217,0,0.0,0.0,0.0,1826,0.22394447947291415,
100,random_matched,5.0,10217,31,0.303415875501615,8.803434703745563e-06,0.43792840822543794,37654,7.586884633438389,
100,random,6.0,10217,0,0.0,0.0,0.0,1652,0.05243827978082512,
100,random_matched,6.0,10217,13,0.12723891553293531,2.478001783859584e-05,0.17136329017517135,32410,0.7166606686617215,
100,random,7.0,10217,0,0.0,0.0,0.0,1830,0.07078147403429763,
100,random_matched,7.0,10217,6,0.058725653322893215,2.542979780883694e-06,0.09520182787509521,30089,0.5560655631772756,
100,random,8.0,10217,3,0.029362826661446607,6.92615978287834e-05,0.0,1898,0.06823914282926943,
100,random_matched,8.0,10217,20,0.1957521777429774,3.0178360927545007e-05,0.2856054836252856,36755,7.071629107238144,
100,random,9.0,10217,0,0.0,0.0,0.0,1764,0.04852050924775917,
100,random_matched,9.0,10217,26,0.25447783106587063,3.756939964807189e-06,0.39984767707539987,34439,7.617485166393697,
100,random,10.0,10217,0,0.0,0.0,0.0,1042,0.02872236953950546,
100,random_matched,10.0,10217,85,0.831946755407654,2.1397437848089235e-05,1.5232292460015233,29621,6.8703674662331355,
100,random,11.0,10217,13,0.12723891553293531,7.682300229856511e-06,0.05712109672505712,2645,0.03436435569342545,
100,random_matched,11.0,10217,28,0.27405304884016835,3.100323130892892e-05,0.4188880426504189,36634,7.366833579863784,
100,random,12.0,10217,0,0.0,0.0,0.0,1545,0.00923568847643617,
100,random_matched,12.0,10217,76,0.7438582754233141,0.00029557846068880634,0.4188880426504189,31284,2.023860752295355,
100,random,13.0,10217,0,0.0,0.0,0.0,2768,1.2830356093319983,
100,random_matched,13.0,10217,27,0.2642654399530195,1.7317831268461723e-05,0.4188880426504189,32879,6.899674173665288,
100,random,14.0,10217,0,0.0,0.0,0.0,887,0.0323716380663018,
100,random_matched,14.0,10217,38,0.37192913771165703,1.2421414024788615e-05,0.6283320639756284,32873,7.210905713356144,
100,random,15.0,10217,1,0.00978760888714887,7.781796050791633e-09,0.01904036557501904,1713,0.18343289956026515,
100,random_matched,15.0,10217,69,0.675345013213272,7.485254036998966e-06,1.1995430312261997,34224,7.115235172892084,
100,random,16.0,10217,0,0.0,0.0,0.0,549,0.03197427566592992,
100,random_matched,16.0,10217,95,0.9298228442791426,4.23174069242049e-05,1.7707539984767708,36565,1.0534116371917956,
100,random,17.0,10217,0,0.0,0.0,0.0,2980,0.03385848119820226,
100,random_matched,17.0,10217,88,0.8613095820691005,3.3807457100089194e-05,1.4851485148514851,35862,7.523458541870231,
100,random,18.0,10217,0,0.0,0.0,0.0,910,0.013180939767752692,
100,random_matched,18.0,10217,88,0.8613095820691005,2.841800749234093e-05,1.466108149276466,42449,7.676771855867374,
100,random,19.0,10217,0,0.0,0.0,0.0,2115,0.2718710758113053,
100,random_matched,19.0,10217,76,0.7438582754233141,1.4495818514899642e-05,1.408987052551409,31670,0.6843198918916474,
100,random,20.0,10217,0,0.0,0.0,0.0,812,0.029686457705795612,
100,random_matched,20.0,10217,83,0.8123715376333561,1.6262564139716872e-05,1.4470677837014472,34393,6.9739000143601855,
100,random,21.0,10217,0,0.0,0.0,0.0,1919,0.2542542131552677,
100,random_matched,21.0,10217,142,1.3898404619751394,0.000317687377032968,1.5803503427265804,45106,8.407853183754193,
100,random,22.0,10217,0,0.0,0.0,0.0,1094,0.07729132205518738,
100,random_matched,22.0,10217,135,1.3213271997650975,0.0002813886335114753,1.4470677837014472,40351,2.3538091055188652,
100,random,23.0,10217,0,0.0,0.0,0.0,1377,0.01111457561304593,
100,random_matched,23.0,10217,83,0.8123715376333561,1.2093188984217726e-05,1.466108149276466,36028,7.447812197530243,
100,random,24.0,10217,2,0.01957521777429774,7.278758520365459e-07,0.01904036557501904,2232,0.04852737665988451,
100,random_matched,24.0,10217,74,0.7242830576490163,2.9609178130687105e-05,1.2185833968012185,32392,6.920469273700668,
100,random,25.0,10217,0,0.0,0.0,0.0,1896,0.034208103419066355,
100,random_matched,25.0,10217,135,1.3213271997650975,0.00030510171152725016,1.466108149276466,36082,2.257729202538167,
100,random,26.0,10217,0,0.0,0.0,0.0,1123,0.039720905409049635,
100,random_matched,26.0,10217,128,1.2528139375550553,0.00028363924009787927,1.428027418126428,30981,8.16178919199603,
100,random,27.0,10217,1,0.00978760888714887,1.278437922630054e-06,0.01904036557501904,3424,0.10819903005380262,
100,random_matched,27.0,10217,68,0.6655574043261231,0.00030284860364925844,0.19040365575019041,32605,8.010717384175843,
100,random,28.0,10217,0,0.0,0.0,0.0,1792,0.02541683665359334,
100,random_matched,28.0,10217,76,0.7438582754233141,3.1462357275925626e-05,1.408987052551409,33935,7.340699220056781,
100,random,29.0,10217,0,0.0,0.0,0.0,1187,0.039131498296544075,
100,random_matched,29.0,10217,21,0.20553978663012626,2.2728402894062133e-06,0.30464584920030463,26895,0.9058752150333583,
100,random,30.0,10217,1,0.00978760888714887,1.1283604273647867e-07,0.01904036557501904,5804,0.03287206243597878,
100,random_matched,30.0,10217,72,0.7047078398747186,3.406036547173992e-05,1.2566641279512567,40963,7.220364668114239,
100,random,31.0,10217,1,0.00978760888714887,7.781796050791632e-08,0.01904036557501904,1020,0.012167054531241913,
100,random_matched,31.0,10217,134,1.3115395908779486,0.00029979341493546014,1.4470677837014472,36772,2.1947799255354856,
100,random,32.0,10217,0,0.0,0.0,0.0,2084,0.006097025610923941,
100,random_matched,32.0,10217,20,0.1957521777429774,1.043705603183675e-05,0.3427265803503427,32964,6.868511822279002,
100,random,33.0,10217,0,0.0,0.0,0.0,2247,0.04047237043343556,
100,random_matched,33.0,10217,65,0.6361945776646766,3.081313314825958e-05,1.1995430312261997,33583,6.943638308123712,
100,random,34.0,10217,0,0.0,0.0,0.0,581,0.005347952356834504,
100,random_matched,34.0,10217,39,0.3817167465988059,3.3476174925355494e-05,0.6664127951256664,31540,7.234439826835433,
100,random,35.0,10217,0,0.0,0.0,0.0,1333,1.7993581475895264,
100,random_matched,35.0,10217,28,0.27405304884016835,3.2481772558579334e-05,0.49504950495049505,37838,0.7239616038340388,
100,random,36.0,10217,1,0.00978760888714887,9.365947389702786e-08,0.0,2813,0.02749099191671778,
100,random_matched,36.0,10217,43,0.4208671821474014,1.4553904063993052e-05,0.7425742574257426,34990,7.515424315636146,
100,random,37.0,10217,6,0.058725653322893215,2.315362246398039e-06,0.09520182787509521,5006,0.06758354541801478,
100,random_matched,37.0,10217,35,0.34256631105021046,1.1889472680459502e-05,0.5902513328255903,31018,1.065555145403118,
100,random,38.0,10217,2,0.01957521777429774,5.23047863128209e-07,0.03808073115003808,5623,0.1562359588988102,
100,random_matched,38.0,10217,85,0.831946755407654,0.00031154142568056776,0.5331302361005331,39424,8.231489206537738,
100,random,39.0,10217,0,0.0,0.0,0.0,1598,0.08584413392471132,
100,random_matched,39.0,10217,25,0.24469022217872174,9.142776595817584e-06,0.38080731150038083,30923,0.9318354168244731,
100,random,40.0,10217,0,0.0,0.0,0.0,1416,0.11315755395831575,
100,random_matched,40.0,10217,89,0.8710971909562494,1.756129031633649e-05,1.6565118050266565,34856,7.314145337073924,
100,random,41.0,10217,3,0.029362826661446607,1.055267128744851e-06,0.05712109672505712,1325,0.061418002809433575,
100,random_matched,41.0,10217,22,0.21532739551727512,1.0861163916604894e-05,0.39984767707539987,30721,6.832629674866562,
100,random,42.0,10217,0,0.0,0.0,0.0,492,0.020164107544435313,
100,random_matched,42.0,10217,122,1.194088284232162,0.0003015304229825118,1.2947448591012947,36270,1.9663359484279255,
100,random,43.0,10217,1,0.00978760888714887,1.7870338788067928e-07,0.01904036557501904,6112,6.339053249860071,
100,random_matched,43.0,10217,132,1.2919643731036508,0.0002882202166802078,1.466108149276466,38368,8.155627118803421,
100,random,44.0,10217,0,0.0,0.0,0.0,2068,0.007221882958184861,
100,random_matched,44.0,10217,79,0.7732211020847607,0.0003069693425794401,0.49504950495049505,27143,1.5112816361021606,
100,random,45.0,10217,0,0.0,0.0,0.0,806,0.07223067416162476,
100,random_matched,45.0,10217,37,0.3621415288245082,3.340002449257274e-05,0.6854531607006854,34552,7.41907024785129,
100,random,46.0,10217,2,0.01957521777429774,2.5012915877544533e-08,0.0,4309,0.0429388268126084,
100,random_matched,46.0,10217,14,0.13702652442008417,1.8253870164856945e-06,0.11424219345011424,33207,0.6551953049913607,
100,random,47.0,10217,1,0.00978760888714887,5.0025831755089064e-09,0.01904036557501904,1159,0.050029767092265635,
100,random_matched,47.0,10217,16,0.15660174219438192,2.092191452512836e-06,0.11424219345011424,41398,7.3216424973982965,
100,random,48.0,10217,0,0.0,0.0,0.0,557,0.05170027501117342,
100,random_matched,48.0,10217,100,0.978760888714887,3.809578256665044e-05,1.8088347296268088,37088,7.3229659748421225,
100,random,49.0,10217,0,0.0,0.0,0.0,1037,0.0346286947179514,
100,random_matched,49.0,10217,84,0.822159146520505,2.9301797186680837e-05,1.466108149276466,36662,7.566456385257807,
100,random,50.0,10217,0,0.0,0.0,0.0,1141,0.15588670171256336,
100,random_matched,50.0,10217,83,0.8123715376333561,3.6839856268310174e-05,1.466108149276466,32278,0.4816638821330357,
100,random,51.0,10217,18,0.17617695996867966,4.252890502401391e-05,0.03808073115003808,5165,0.2779498893690427,
100,random_matched,51.0,10217,26,0.25447783106587063,1.7214722470788732e-05,0.38080731150038083,32545,0.5475261306200273,
100,random,52.0,10217,1,0.00978760888714887,5.221029307506129e-06,0.01904036557501904,521,0.01229920341111348,
100,random_matched,52.0,10217,91,0.8906724087305471,1.6024107675017612e-05,1.6374714394516374,39562,7.5065149681075285,
100,random,53.0,10217,0,0.0,0.0,0.0,1907,0.07888698994202435,
100,random_matched,53.0,10217,83,0.8123715376333561,0.0003115125218666648,0.49504950495049505,32328,1.6173301345411615,
100,random,54.0,10217,1,0.00978760888714887,6.3921896131502695e-09,0.0,1599,0.007653955389335844,
100,random_matched,54.0,10217,83,0.8123715376333561,2.0889397734487553e-05,1.4851485148514851,33777,6.8843629744008465,
100,random,55.0,10217,0,0.0,0.0,0.0,1097,0.04880853425762337,
100,random_matched,55.0,10217,5,0.04893804443574435,4.321676021064639e-07,0.07616146230007616,31430,0.5167868622906662,
100,random,56.0,10217,0,0.0,0.0,0.0,2419,0.08280678721076953,
100,random_matched,56.0,10217,12,0.11745130664578643,1.4551958614980352e-06,0.13328255902513328,31103,6.944969811567797,
100,random,57.0,10217,0,0.0,0.0,0.0,2094,0.1036825233930999,
100,random_matched,57.0,10217,5,0.04893804443574435,6.017829638849686e-06,0.09520182787509521,28822,0.6619393417644988,
100,random,58.0,10217,0,0.0,0.0,0.0,1475,0.008376581091852214,
100,random_matched,58.0,10217,106,1.0374865420377801,4.449325268426375e-05,1.884996191926885,37152,1.1168728085866706,
100,random,59.0,10217,0,0.0,0.0,0.0,797,0.01821374980398264,
100,random_matched,59.0,10217,128,1.2528139375550553,0.0002781778088766612,1.3328255902513328,33478,2.0638156401327388,
100,random,60.0,10217,0,0.0,0.0,0.0,1224,1.6240794500322864,
100,random_matched,60.0,10217,17,0.16638935108153077,2.3165295158056578e-05,0.15232292460015232,34183,7.061875434639835,
100,random,61.0,10217,0,0.0,0.0,0.0,1899,0.124561924205566,
100,random_matched,61.0,10217,23,0.225115004404424,2.283373506203535e-05,0.39984767707539987,37035,7.373570842864112,
100,random,62.0,10217,0,0.0,0.0,0.0,1657,0.014340432551762233,
100,random_matched,62.0,10217,79,0.7732211020847607,2.68380249727427e-05,1.408987052551409,34551,0.9886491967417866,
100,random,63.0,10217,16,0.15660174219438192,4.200835845247346e-05,0.0,2337,0.24230746495106958,
100,random_matched,63.0,10217,81,0.7927963198590584,1.1206342155715008e-05,1.408987052551409,35667,7.380469557501434,
100,random,64.0,10217,0,0.0,0.0,0.0,3312,0.07458656472944752,
100,random_matched,64.0,10217,71,0.6949202309875697,0.00027688658657480485,0.19040365575019041,34799,8.188555320389318,
100,random,65.0,10217,0,0.0,0.0,0.0,35213,0.1734908087893887,
100,random_matched,65.0,10217,75,0.7340706665361653,0.0002763176816992345,0.4188880426504189,37328,8.532217751200392,
100,random,66.0,10217,1,0.00978760888714887,6.72208218144633e-06,0.01904036557501904,1305,0.022115665137803806,
100,random_matched,66.0,10217,87,0.8515219731819517,2.2092241066909918e-05,1.5422696115765422,45595,7.227762402531514,
100,random,67.0,10217,0,0.0,0.0,0.0,34219,0.03639142783935314,
100,random_matched,67.0,10217,88,0.8613095820691005,0.0003122793066989553,0.5902513328255903,37914,1.806831264829478,
100,random,68.0,10217,2,0.01957521777429774,1.2770761083211654e-05,0.01904036557501904,1760,0.026751249264866585,
100,random_matched,68.0,10217,86,0.8417343642948028,8.946842088110151e-06,1.4470677837014472,38017,7.546517029527211,
100,random,69.0,10217,0,0.0,0.0,0.0,826,0.12108297606985605,
100,random_matched,69.0,10217,93,0.9102476265048449,3.681039661183218e-05,1.7326732673267327,41390,7.432238722480417,
100,random,70.0,10217,3,0.029362826661446607,8.615198615702664e-05,0.01904036557501904,1646,0.04747308050413745,
100,random_matched,70.0,10217,95,0.9298228442791426,0.0003120894864595735,0.7996953541507997,35191,2.1343840148930227,
100,random,71.0,10217,0,0.0,0.0,0.0,1708,0.061879112950833044,
100,random_matched,71.0,10217,84,0.822159146520505,2.1387988524313275e-05,1.4851485148514851,30714,0.5232296121875848,
100,random,72.0,10217,0,0.0,0.0,0.0,2441,0.06487798977743808,
100,random_matched,72.0,10217,27,0.2642654399530195,2.511630259650505e-05,0.4188880426504189,34920,7.621233784646453,
100,random,73.0,10217,1,0.00978760888714887,3.416486387585055e-06,0.0,5155,6.379939856815837,
100,random_matched,73.0,10217,28,0.27405304884016835,2.9372389193713017e-05,0.43792840822543794,31564,0.964862372971192,
100,random,74.0,10217,0,0.0,0.0,0.0,5150,0.03388511602840505,
100,random_matched,74.0,10217,65,0.6361945776646766,1.0188316479498945e-05,1.1424219345011424,38217,6.972735817390935,
100,random,75.0,10217,0,0.0,0.0,0.0,875,0.011866148560709992,
100,random_matched,75.0,10217,71,0.6949202309875697,0.00027378998758916483,0.3427265803503427,29083,8.316627292092877,
100,random,76.0,10217,54,0.528530879906039,2.3748374019290894e-05,1.0091393754760092,2431,0.16652118855832704,
100,random_matched,76.0,10217,67,0.6557697954389743,3.3480343744668415e-05,1.2566641279512567,37793,6.957175743872883,
100,random,77.0,10217,2,0.01957521777429774,8.14114827556569e-06,0.01904036557501904,715,0.02617759736386281,
100,random_matched,77.0,10217,80,0.7830087109719096,2.073403973475925e-05,1.408987052551409,35754,6.831687869682994,
100,random,78.0,10217,0,0.0,0.0,0.0,1730,0.057097005515514325,
100,random_matched,78.0,10217,26,0.25447783106587063,3.4453902014879954e-05,0.476009139375476,36976,0.6489752595402104,
100,random,79.0,10217,1,0.00978760888714887,1.389606437641363e-08,0.0,845,0.019824288883704855,
100,random_matched,79.0,10217,98,0.9591856709405893,2.3985162956264983e-05,1.7517136329017517,32616,7.228860528235043,
100,random,80.0,10217,0,0.0,0.0,0.0,2872,0.07233098567444426,
100,random_matched,80.0,10217,83,0.8123715376333561,2.153195175125292e-05,1.466108149276466,30856,6.775498681453968,
100,random,81.0,10217,2,0.01957521777429774,2.5012915877544533e-08,0.0,724,0.06109074610085751,
100,random_matched,81.0,10217,80,0.7830087109719096,0.0002859484880759517,0.49504950495049505,37570,8.085951550471322,
100,random,82.0,10217,0,0.0,0.0,0.0,1843,0.03757489546218066,
100,random_matched,82.0,10217,9,0.08808847998433983,2.2399899932203715e-05,0.15232292460015232,29872,6.746636749657647,
100,random,83.0,10217,1,0.00978760888714887,3.640768866620371e-08,0.01904036557501904,2735,0.11154416126015088,
100,random_matched,83.0,10217,85,0.831946755407654,4.197611958312018e-05,1.5041888804265042,33364,0.6434436820740443,
100,random,84.0,10217,0,0.0,0.0,0.0,2089,0.019787561639888703,
100,random_matched,84.0,10217,67,0.6557697954389743,0.0002975597615475954,0.20944402132520945,30025,7.971072456754606,
100,random,85.0,10217,0,0.0,0.0,0.0,1152,0.03641869433815447,
100,random_matched,85.0,10217,6,0.058725653322893215,2.1896862401777542e-05,0.09520182787509521,29023,0.4649001656875717,
100,random,86.0,10217,0,0.0,0.0,0.0,3015,0.031593381088116976,
100,random_matched,86.0,10217,135,1.3213271997650975,0.00029342179149758696,1.4470677837014472,32099,1.710000550712491,
100,random,87.0,10217,0,0.0,0.0,0.0,1651,0.026686352458348182,
100,random_matched,87.0,10217,81,0.7927963198590584,6.585344907982419e-06,1.428027418126428,32770,7.260000525218791,
100,random,88.0,10217,0,0.0,0.0,0.0,1096,0.0032811263539815733,
100,random_matched,88.0,10217,97,0.9493980620534404,1.915211176614832e-05,1.7517136329017517,37904,7.41213357754931,
100,random,89.0,10217,1,0.00978760888714887,8.315404922845917e-07,0.0,2796,0.03826057490011053,
100,random_matched,89.0,10217,97,0.9493980620534404,3.914771463994495e-05,1.7136329017517136,40207,7.581517100942107,
100,random,90.0,10217,4,0.03915043554859548,1.2028433324223639e-06,0.05712109672505712,5174,0.11358593795272551,
100,random_matched,90.0,10217,11,0.10766369775863756,2.444901358514967e-05,0.20944402132520945,34750,0.6858541546074353,
100,random,91.0,10217,16,0.15660174219438192,0.0007186966677520622,0.0,3462,0.06447806102499626,
100,random_matched,91.0,10217,67,0.6557697954389743,0.00029603063862361484,0.20944402132520945,33590,8.119981442403141,
100,random,92.0,10217,6,0.058725653322893215,8.912935691031702e-07,0.03808073115003808,4791,0.15555862129543793,
100,random_matched,92.0,10217,70,0.6851326221004209,0.0002807533054481857,0.17136329017517135,39806,1.9444005834102223,
100,random,93.0,10217,3,0.029362826661446607,1.5415460055330695e-05,0.05712109672505712,2809,0.014931950516619706,
100,random_matched,93.0,10217,20,0.1957521777429774,1.5974915607125108e-06,0.2856054836252856,33824,7.269601259422223,
100,random,94.0,10217,13,0.12723891553293531,9.14805710028062e-06,0.0,1709,0.033789941981046547,
100,random_matched,94.0,10217,45,0.44044239992169915,3.4435003367328035e-05,0.7806549885757806,37518,1.0110897918892583,
100,random,95.0,10217,0,0.0,0.0,0.0,1525,0.03025422461392655,
100,random_matched,95.0,10217,9,0.08808847998433983,2.7045910095813848e-05,0.17136329017517135,32713,6.959520351696819,
100,random,96.0,10217,0,0.0,0.0,0.0,1998,0.01246885086881851,
100,random_matched,96.0,10217,28,0.27405304884016835,4.408109541485932e-06,0.38080731150038083,39163,7.4868256626768535,
100,random,97.0,10217,2,0.01957521777429774,1.0764447308545055e-05,0.03808073115003808,2223,0.03961223460349519,
100,random_matched,97.0,10217,66,0.6459821865518254,0.0002958344261946199,0.19040365575019041,32702,7.998208417589696,
100,random,98.0,10217,9,0.08808847998433983,8.139202826552992e-06,0.17136329017517135,1222,0.05313136466016401,
100,random_matched,98.0,10217,88,0.8613095820691005,0.00030691876090510996,0.5140898705255141,40304,8.164320281721956,
100,random,99.0,10217,0,0.0,0.0,0.0,1271,0.02187866720610966,
100,random_matched,99.0,10217,79,0.7732211020847607,0.0002801919044473786,0.4188880426504189,34729,2.23434130446837,
100,random,100.0,10217,1,0.00978760888714887,7.837380308297287e-08,0.01904036557501904,1690,0.03663849279094815,
100,random_matched,100.0,10217,40,0.3915043554859548,1.7919808777247962e-05,0.6473724295506473,34731,7.38185474960218,
100,random,101.0,10217,2,0.01957521777429774,8.059717338319905e-08,0.01904036557501904,12353,0.15382519410537301,
100,random_matched,101.0,10217,81,0.7927963198590584,3.6844858851485686e-05,1.5232292460015233,39485,0.795651022123387,
100,random,102.0,10217,5,0.04893804443574435,1.3048404449452398e-06,0.0,445,0.0518518119905419,
100,random_matched,102.0,10217,60,0.5872565332289321,0.0002965642474956691,0.15232292460015232,35749,8.109032160813213,
100,random,103.0,10217,0,0.0,0.0,0.0,1925,0.04109959354518089,
100,random_matched,103.0,10217,22,0.21532739551727512,3.079479034328272e-05,0.2284843869002285,40792,7.340600083003165,
100,random,104.0,10217,0,0.0,0.0,0.0,1226,0.08896129307705364,
100,random_matched,104.0,10217,11,0.10766369775863756,2.427503485915697e-05,0.13328255902513328,33686,6.939606351588158,
100,random,105.0,10217,0,0.0,0.0,0.0,2599,0.01636590806801623,
100,random_matched,105.0,10217,116,1.1353626309092688,0.0002827573958525521,1.1805026656511806,36588,7.923010448444287,
100,random,106.0,10217,2,0.01957521777429774,2.4179152014959717e-08,0.0,1981,0.01739508825498966,
100,random_matched,106.0,10217,16,0.15660174219438192,2.759091374065679e-05,0.26656511805026656,33600,6.934121233506125,
100,random,107.0,10217,0,0.0,0.0,0.0,12783,0.1847444292623581,
100,random_matched,107.0,10217,78,0.7634334931976118,1.1486764734831034e-05,1.428027418126428,34744,7.401640386081239,
100,random,108.0,10217,0,0.0,0.0,0.0,3232,0.0940489567065066,
100,random_matched,108.0,10217,19,0.18596456885582852,7.830154354821552e-06,0.19040365575019041,30985,7.084924796431382,
100,random,109.0,10217,0,0.0,0.0,0.0,2485,0.039615329462206625,
100,random_matched,109.0,10217,123,1.203875893119311,0.00027743631488153577,1.3328255902513328,34472,2.1632176438096513,
100,random,110.0,10217,0,0.0,0.0,0.0,2293,0.17552862406281267,
100,random_matched,110.0,10217,76,0.7438582754233141,0.0002796241112569583,0.43792840822543794,32669,2.1357713432398335,
100,random,111.0,10217,0,0.0,0.0,0.0,922,0.00872393851098234,
100,random_matched,111.0,10217,67,0.6557697954389743,7.378810183875638e-06,1.1424219345011424,31451,0.6216731412957773,
100,random,112.0,10217,0,0.0,0.0,0.0,1175,0.020429625789485678,
100,random_matched,112.0,10217,131,1.2821767642165018,0.00027840626017500944,1.466108149276466,41474,8.65686955962558,
100,random,113.0,10217,0,0.0,0.0,0.0,1789,0.05537876059131281,
100,random_matched,113.0,10217,34,0.33277870216306155,1.1749400351545253e-05,0.6092916984006093,30309,7.164413580856293,
100,random,114.0,10217,2,0.01957521777429774,4.02707945628467e-07,0.03808073115003808,2681,0.3191040508281809,
100,random_matched,114.0,10217,27,0.2642654399530195,2.561878428435617e-05,0.4188880426504189,37738,7.3492063819667575,
100,random,115.0,10217,1,0.00978760888714887,1.278437922630054e-06,0.01904036557501904,2252,0.015723251927496504,
100,random_matched,115.0,10217,10,0.0978760888714887,2.9030268088765714e-05,0.17136329017517135,26295,0.39957316111142127,
100,random,116.0,10217,1,0.00978760888714887,6.784058628565134e-07,0.01904036557501904,2158,0.07019658224129671,
100,random_matched,116.0,10217,23,0.225115004404424,2.2850966181862103e-05,0.4188880426504189,36759,1.085773228870588,
100,random,117.0,10217,0,0.0,0.0,0.0,705,0.11484410911641912,
100,random_matched,117.0,10217,123,1.203875893119311,0.0002993990446284575,1.2185833968012185,29006,7.919176099431011,
100,random,118.0,10217,0,0.0,0.0,0.0,406,0.013529024081903249,
100,random_matched,118.0,10217,81,0.7927963198590584,1.1529008770535333e-05,1.351865955826352,31578,7.342451586195053,
100,random,119.0,10217,0,0.0,0.0,0.0,1606,0.06175442188690254,
100,random_matched,119.0,10217,6,0.058725653322893215,2.459047552050156e-06,0.11424219345011424,33310,0.6285362602965966,
100,random,120.0,10217,0,0.0,0.0,0.0,2392,0.024626347841516676,
100,random_matched,120.0,10217,11,0.10766369775863756,2.9153943061715796e-05,0.19040365575019041,35087,6.858554485757981,
100,random,121.0,10217,1,0.00978760888714887,1.9148776710697981e-07,0.01904036557501904,5428,0.08231088450902532,
100,random_matched,121.0,10217,47,0.46001761769599686,3.972078833482825e-05,0.7996953541507997,37155,7.404033214978114,
100,random,122.0,10217,6,0.058725653322893215,4.7524540167334616e-07,0.11424219345011424,3360,6.4130739649066815,
100,random_matched,122.0,10217,64,0.6264069687775277,0.00027905020379821244,0.20944402132520945,36051,8.024846295037982,
100,random,123.0,10217,0,0.0,0.0,0.0,2090,0.013746492661574678,
100,random_matched,123.0,10217,96,0.9396104531662914,0.00028610996034400565,0.6664127951256664,36968,8.471090477831204,
100,random,124.0,10217,2,0.01957521777429774,0.0008015455594068152,0.0,1142,0.07030124718870363,
100,random_matched,124.0,10217,31,0.303415875501615,2.3875384047691314e-05,0.39984767707539987,38567,1.402985889332965,
100,random,125.0,10217,1,0.00978760888714887,6.784058628565134e-07,0.01904036557501904,3247,0.3391178736206956,
100,random_matched,125.0,10217,18,0.17617695996867966,1.2405294590111976e-05,0.32368621477532367,31290,0.6300736226324171,
100,random,126.0,10217,19,0.18596456885582852,4.152977799534977e-05,0.3617669459253618,2253,0.014291594094188637,
100,random_matched,126.0,10217,8,0.07830087109719096,2.212864875557612e-05,0.13328255902513328,27797,0.4829283906151061,
100,random,127.0,10217,0,0.0,0.0,0.0,923,0.008281356257068705,
100,random_matched,127.0,10217,27,0.2642654399530195,2.514075966980754e-06,0.3427265803503427,30581,1.0320326214342386,
100,random,128.0,10217,54,0.528530879906039,0.00027295066530082945,0.03808073115003808,2987,1.175763089511301,
100,random_matched,128.0,10217,117,1.1451502397964177,0.0002851494643743079,1.2185833968012185,32625,7.918338976653027,
100,random,129.0,10217,1,0.00978760888714887,2.0010332702035626e-08,0.0,2239,0.05981712762442622,
100,random_matched,129.0,10217,135,1.3213271997650975,0.00028910039339780986,1.466108149276466,32290,8.01642688268867,
100,random,130.0,10217,52,0.5089556621317413,0.0036088145886655205,0.03808073115003808,1174,0.00792162099019984,
100,random_matched,130.0,10217,62,0.60683175100323,0.00027900351302190767,0.15232292460015232,40703,8.251005220512964,
100,random,131.0,10217,0,0.0,0.0,0.0,3073,0.15212664676653956,
100,random_matched,131.0,10217,11,0.10766369775863756,2.404964069497154e-05,0.19040365575019041,35116,0.7572233677047484,
100,random,132.0,10217,19,0.18596456885582852,4.152977799534977e-05,0.3617669459253618,967,0.02576777458618655,
100,random_matched,132.0,10217,8,0.07830087109719096,2.550761576934486e-06,0.11424219345011424,37094,0.8640129848173967,
100,random,133.0,10217,0,0.0,0.0,0.0,1278,0.03867318622484115,
100,random_matched,133.0,10217,78,0.7634334931976118,0.00029771178449187335,0.456968773800457,36224,8.61097907400766,
100,random,134.0,10217,1,0.00978760888714887,1.7786962401809448e-08,0.0,1339,0.02610235579371303,
100,random_matched,134.0,10217,68,0.6655574043261231,0.000280515682747349,0.15232292460015232,37438,1.9201846852536593,
100,random,135.0,10217,1,0.00978760888714887,3.9909496889059943e-07,0.01904036557501904,1379,0.01982541890391129,
100,random_matched,135.0,10217,130,1.2723891553293531,0.00028020635635433007,1.3709063214013708,32616,8.318493436347131,
100,random,136.0,10217,0,0.0,0.0,0.0,1074,0.06712345737354361,
100,random_matched,136.0,10217,93,0.9102476265048449,0.00028509721517225257,0.7044935262757045,26878,2.120110144023055,
100,random,137.0,10217,0,0.0,0.0,0.0,753,0.05128270397696934,
100,random_matched,137.0,10217,4,0.03915043554859548,6.0189413239998e-06,0.07616146230007616,32555,6.766836765498669,
100,random,138.0,10217,0,0.0,0.0,0.0,692,0.006669391955232195,
100,random_matched,138.0,10217,119,1.1647254575707155,0.0002850913788252145,1.2376237623762376,37846,2.00689344652121,
100,random,139.0,10217,40,0.3915043554859548,4.8544511292563375e-06,0.01904036557501904,1119,0.19765738759494753,
100,random_matched,139.0,10217,85,0.831946755407654,2.3788672605982493e-05,1.5232292460015233,37367,6.958434543530961,
100,random,140.0,10217,0,0.0,0.0,0.0,875,0.01634194116473341,
100,random_matched,140.0,10217,69,0.675345013213272,0.00027453620624617826,0.20944402132520945,41575,8.421738254666224,
100,random,141.0,10217,0,0.0,0.0,0.0,2786,0.02461097353570245,
100,random_matched,141.0,10217,72,0.7047078398747186,0.0002738219485372306,0.3427265803503427,37177,8.455262784738391,
100,random,142.0,10217,0,0.0,0.0,0.0,1903,0.04066951769467555,
100,random_matched,142.0,10217,65,0.6361945776646766,0.00027431748219289347,0.17136329017517135,31855,7.944028308474182,
100,random,143.0,10217,0,0.0,0.0,0.0,690,0.036328464129199114,
100,random_matched,143.0,10217,33,0.3229910932759127,1.151650231259656e-05,0.5902513328255903,25233,7.230098582817113,
100,random,144.0,10217,1,0.00978760888714887,6.08647619686917e-08,0.01904036557501904,2393,0.06385362487319825,
100,random_matched,144.0,10217,37,0.3621415288245082,1.714774344049442e-05,0.6854531607006854,33703,0.9617912192903721,
100,random,145.0,10217,0,0.0,0.0,0.0,860,0.11071012540534367,
100,random_matched,145.0,10217,3,0.029362826661446607,4.1132350554184344e-07,0.03808073115003808,32264,6.917877054960319,
100,random,146.0,10217,0,0.0,0.0,0.0,1091,0.13559339095890696,
100,random_matched,146.0,10217,65,0.6361945776646766,0.0002763552010730508,0.15232292460015232,30193,1.7629820797720241,
100,random,147.0,10217,0,0.0,0.0,0.0,914,0.033621215045419796,
100,random_matched,147.0,10217,63,0.6166193598903787,0.00027353763506008917,0.19040365575019041,37391,8.11448457179354,
100,random,148.0,10217,0,0.0,0.0,0.0,629,0.010608945532305599,
100,random_matched,148.0,10217,40,0.3915043554859548,4.0538710684023956e-05,0.7425742574257426,34643,7.289587680811839,
100,random,149.0,10217,5,0.04893804443574435,4.460636664828775e-07,0.09520182787509521,3081,0.08733165475131424,
100,random_matched,149.0,10217,24,0.23490261329157286,7.292932506029401e-06,0.4188880426504189,33434,7.402286305313816,
100,random,150.0,10217,1,0.00978760888714887,9.365947389702786e-08,0.0,5338,0.04503111001224673,
100,random_matched,150.0,10217,135,1.3213271997650975,0.0003096535063743882,1.4851485148514851,33589,8.08069372198727,
100,random,151.0,10217,5,0.04893804443574435,0.0002538052236455818,0.0,1267,0.013762560533161675,
100,random_matched,151.0,10217,30,0.29362826661446606,1.9690445300090587e-05,0.4188880426504189,31268,6.783689039342278,
100,random,152.0,10217,0,0.0,0.0,0.0,3458,0.0915225013331146,
100,random_matched,152.0,10217,75,0.7340706665361653,3.273495885151759e-05,1.2566641279512567,37789,0.8084242801208489,
100,random,153.0,10217,0,0.0,0.0,0.0,1351,0.026325080871872814,
100,random_matched,153.0,10217,68,0.6655574043261231,1.2635135494897857e-05,1.2566641279512567,38947,6.9982226692712235,
100,random,154.0,10217,4,0.03915043554859548,5.570654287216696e-06,0.07616146230007616,689,0.07022380906242225,
100,random_matched,154.0,10217,60,0.5872565332289321,6.193197971280026e-06,1.1043412033511044,32770,0.6206496286680134,
100,random,155.0,10217,1,0.00978760888714887,6.784058628565134e-07,0.01904036557501904,1959,0.010203346046440185,
100,random_matched,155.0,10217,12,0.11745130664578643,2.4504875763942852e-05,0.15232292460015232,35570,7.047854426423448,
100,random,156.0,10217,0,0.0,0.0,0.0,1413,0.022823932283006117,
100,random_matched,156.0,10217,8,0.07830087109719096,9.160285636931865e-07,0.07616146230007616,30806,6.774811060984138,
100,random,157.0,10217,6,0.058725653322893215,1.0460123498701596e-05,0.09520182787509521,1643,0.017193958942207616,
100,random_matched,157.0,10217,135,1.3213271997650975,0.00030938308896162316,1.466108149276466,29688,7.794422978028466,
100,random,158.0,10217,0,0.0,0.0,0.0,1975,0.03585183208103149,
100,random_matched,158.0,10217,95,0.9298228442791426,4.577113476431874e-05,1.6374714394516374,39337,7.120275989883288,
100,random,159.0,10217,0,0.0,0.0,0.0,1513,0.04680695263772874,
100,random_matched,159.0,10217,64,0.6264069687775277,3.088844981717975e-05,1.1805026656511806,42421,7.103661878907935,
100,random,160.0,10217,2,0.01957521777429774,1.3030617487050589e-05,0.03808073115003808,2177,0.07208110995629645,
100,random_matched,160.0,10217,34,0.33277870216306155,1.70187879630813e-05,0.6283320639756284,38112,7.345651830400494,
100,random,161.0,10217,1,0.00978760888714887,1.2784379226300539e-08,0.01904036557501904,8453,0.037920072196249495,
100,random_matched,161.0,10217,95,0.9298228442791426,1.6752539369629216e-05,1.6945925361766947,36541,1.0220445267789469,
100,random,162.0,10217,0,0.0,0.0,0.0,762,0.009263526333768838,
100,random_matched,162.0,10217,117,1.1451502397964177,0.0002830094704603402,1.1424219345011424,30511,7.853980896158292,
100,random,163.0,10217,0,0.0,0.0,0.0,1316,0.011772998074816665,
100,random_matched,163.0,10217,66,0.6459821865518254,3.28147222610382e-05,1.2185833968012185,32492,0.5054424085080694,
100,random,164.0,10217,1,0.00978760888714887,4.724661887980634e-08,0.0,760,0.05526468409920904,
100,random_matched,164.0,10217,89,0.8710971909562494,0.00030533877838551175,0.5521706016755522,39427,2.3748307333408527,
100,random,165.0,10217,0,0.0,0.0,0.0,1568,0.18158213119893263,
100,random_matched,165.0,10217,82,0.8025839287462073,0.00029695972948782183,0.49504950495049505,34661,2.1784668490863344,
100,random,166.0,10217,0,0.0,0.0,0.0,1082,0.04003026113741731,
100,random_matched,166.0,10217,95,0.9298228442791426,0.0002910936448719626,0.7235338918507236,28988,1.9414340613475616,
100,random,167.0,10217,0,0.0,0.0,0.0,4054,0.02495618201191191,
100,random_matched,167.0,10217,75,0.7340706665361653,0.0002892891019520415,0.43792840822543794,35253,1.7313690741054626,
100,random,168.0,10217,3,0.029362826661446607,6.642318771925715e-07,0.01904036557501904,974,0.6502387506866737,
100,random_matched,168.0,10217,57,0.5578937065674856,0.00027846629117311557,0.07616146230007616,38380,7.944153534393182,
100,random,169.0,10217,1,0.00978760888714887,1.1216903164641082e-06,0.0,526,0.02978542493895942,
100,random_matched,169.0,10217,75,0.7340706665361653,0.00028929327077135443,0.43792840822543794,31262,7.871378982458465,
100,random,170.0,10217,0,0.0,0.0,0.0,1290,0.012883920622340938,
100,random_matched,170.0,10217,62,0.60683175100323,4.596262253142572e-06,1.1424219345011424,31964,7.092379390545169,
100,random,171.0,10217,2,0.01957521777429774,1.6789224979582949e-06,0.03808073115003808,5756,0.12886571725926368,
100,random_matched,171.0,10217,85,0.831946755407654,1.4761789187064199e-05,1.5803503427265804,32864,7.168245115928802,
100,random,172.0,10217,1,0.00978760888714887,2.0015891127786193e-06,0.01904036557501904,3046,0.14155980400956583,
100,random_matched,172.0,10217,59,0.5774689243417833,4.0726585474393065e-06,1.0662604722010662,31162,0.4956753851654106,
100,random,173.0,10217,2,0.01957521777429774,1.664748512294353e-07,0.01904036557501904,3194,0.08331785313309278,
100,random_matched,173.0,10217,21,0.20553978663012626,3.1641338585093837e-06,0.38080731150038083,35699,7.420556987821233,
100,random,174.0,10217,2,0.01957521777429774,7.781796050791633e-09,0.0,1960,0.015066491166787757,
100,random_matched,174.0,10217,41,0.40129196437310366,1.256537725172826e-05,0.6664127951256664,38880,1.167137346899465,
100,random,175.0,10217,0,0.0,0.0,0.0,685,0.04383311718586685,
100,random_matched,175.0,10217,13,0.12723891553293531,1.8037091560584893e-06,0.09520182787509521,32451,0.6689298435627741,
100,random,176.0,10217,0,0.0,0.0,0.0,1159,0.024593669307737907,
100,random_matched,176.0,10217,138,1.350690026426544,0.0003114366493551696,1.5803503427265804,36483,8.274292899122148,
100,random,177.0,10217,0,0.0,0.0,0.0,1500,0.2156418051941982,
100,random_matched,177.0,10217,134,1.3115395908779486,0.00031463719090234514,1.5422696115765422,37316,1.6606615751299036,
100,random,178.0,10217,0,0.0,0.0,0.0,481,0.1681724797852973,
100,random_matched,178.0,10217,10,0.0978760888714887,8.785369820056224e-06,0.09520182787509521,35156,0.6477365843992918,
100,random,179.0,10217,0,0.0,0.0,0.0,767,0.014316454538730195,
100,random_matched,179.0,10217,21,0.20553978663012626,8.395168332366531e-06,0.39984767707539987,25206,0.8729274412435485,
100,random,180.0,10217,0,0.0,0.0,0.0,1608,0.04859367646901877,
100,random_matched,180.0,10217,30,0.29362826661446606,1.1483151758093168e-05,0.456968773800457,33905,0.717541259127084,
100,random,181.0,10217,0,0.0,0.0,0.0,1650,0.050620986681001186,
100,random_matched,181.0,10217,80,0.7830087109719096,1.5098073944973408e-05,1.428027418126428,30613,6.8056074350116,
100,random,182.0,10217,7,0.06851326221004209,3.510145861482083e-07,0.05712109672505712,3919,0.4744320099231945,
100,random_matched,182.0,10217,150,1.4681413330723305,0.00029151247225226774,1.7326732673267327,40190,8.611894672879924,
100,random,183.0,10217,0,0.0,0.0,0.0,2738,0.021393102919568696,
100,random_matched,183.0,10217,57,0.5578937065674856,0.00027496559463540944,0.05712109672505712,32118,8.033834258326298,
100,random,184.0,10217,1,0.00978760888714887,6.478345212284034e-07,0.01904036557501904,1092,0.1186377551827648,
100,random_matched,184.0,10217,89,0.8710971909562494,0.00028611496292718115,0.6854531607006854,35927,8.508430505259327,
100,random,185.0,10217,19,0.18596456885582852,4.152977799534977e-05,0.3617669459253618,1223,0.037042213142088255,
100,random_matched,185.0,10217,27,0.2642654399530195,3.480908542034109e-05,0.476009139375476,39145,0.8467067428140309,
100,random,186.0,10217,0,0.0,0.0,0.0,2728,0.05273388322676476,
100,random_matched,186.0,10217,118,1.1549378486835666,0.00030613557871685533,1.2376237623762376,30226,1.6019477693974278,
100,random,187.0,10217,2,0.01957521777429774,0.0008015455594068152,0.0,2367,0.019064989899011404,
100,random_matched,187.0,10217,91,0.8906724087305471,0.0002853509573077659,0.6473724295506473,34476,2.0383422294619002,
100,random,188.0,10217,0,0.0,0.0,0.0,435,0.030658919448784003,
100,random_matched,188.0,10217,87,0.8515219731819517,0.00029294515648947597,0.5140898705255141,35911,8.213081174200706,
100,random,189.0,10217,3,0.029362826661446607,6.253228969386133e-08,0.0,644,0.10157608161163346,
100,random_matched,189.0,10217,87,0.8515219731819517,1.4874625229800677e-05,1.5993907083015995,33056,0.9613348498376758,
100,random,190.0,10217,0,0.0,0.0,0.0,1362,0.18088842576074443,
100,random_matched,190.0,10217,18,0.17617695996867966,2.366861060977028e-05,0.19040365575019041,31911,6.8688769045094595,
100,random,191.0,10217,0,0.0,0.0,0.0,2030,0.01965021022316785,
100,random_matched,191.0,10217,115,1.12557502202212,0.0002771725675796714,1.1424219345011424,35777,1.7190477987968618,
100,random,192.0,10217,3,0.029362826661446607,9.755037192242368e-08,0.05712109672505712,2326,0.24861582338588112,
100,random_matched,192.0,10217,18,0.17617695996867966,2.1210952664157766e-06,0.15232292460015232,41166,7.087027892591227,
100,random,193.0,10217,3,0.029362826661446607,2.141105599117812e-06,0.05712109672505712,1864,0.11197088831481974,
100,random_matched,193.0,10217,74,0.7242830576490163,2.936877621697515e-05,1.2947448591012947,42339,7.187472622413626,
100,random,194.0,10217,1,0.00978760888714887,2.0010332702035626e-08,0.01904036557501904,1107,0.042805484428249135,
100,random_matched,194.0,10217,91,0.8906724087305471,0.00031105978808928126,0.7044935262757045,36643,8.451114301217476,
100,random,195.0,10217,3,0.029362826661446607,5.523685589624418e-06,0.05712109672505712,2176,0.4226976755951249,
100,random_matched,195.0,10217,84,0.822159146520505,0.0003019962190604092,0.5331302361005331,36587,2.114075087006176,
100,random,196.0,10217,0,0.0,0.0,0.0,3974,0.11819028940051522,
100,random_matched,196.0,10217,78,0.7634334931976118,0.0002751098357836366,0.38080731150038083,32476,8.35601076108885,
100,random,197.0,10217,4,0.03915043554859548,7.081434406220386e-07,0.07616146230007616,12308,0.15901595779469985,
100,random_matched,197.0,10217,24,0.23490261329157286,3.033288516341073e-05,0.456968773800457,33273,7.490181597320765,
100,random,198.0,10217,0,0.0,0.0,0.0,2365,0.017112067393595814,
100,random_matched,198.0,10217,89,0.8710971909562494,3.824308084904042e-05,1.6755521706016756,33988,7.2457809334093,
100,random,199.0,10217,5,0.04893804443574435,2.3318707708772183e-05,0.01904036557501904,1068,0.04033034181229285,
100,random_matched,199.0,10217,67,0.6557697954389743,0.0002747037927825578,0.19040365575019041,32942,7.952055375268448,
100,random,200.0,10217,0,0.0,0.0,0.0,1272,0.056291926428497,
100,random_matched,200.0,10217,9,0.08808847998433983,2.950412388400142e-06,0.13328255902513328,37469,7.08948031418292,
100,random,201.0,10217,6,0.058725653322893215,1.9074293805640404e-05,0.03808073115003808,1561,0.8590658404702995,
100,random_matched,201.0,10217,87,0.8515219731819517,4.275346542433676e-05,1.5422696115765422,40551,7.105865599240683,
100,random,202.0,10217,0,0.0,0.0,0.0,1145,0.03197940360874873,
100,random_matched,202.0,10217,79,0.7732211020847607,0.00028974961752547586,0.43792840822543794,32008,8.089574398427363,
100,random,203.0,10217,0,0.0,0.0,0.0,1915,0.09240930849671948,
100,random_matched,203.0,10217,82,0.8025839287462073,0.0003108952586870645,0.5331302361005331,32357,1.7702045102821349,
100,random,204.0,10217,0,0.0,0.0,0.0,1066,0.03183624655450661,
100,random_matched,204.0,10217,19,0.18596456885582852,6.7240276304590275e-06,0.3427265803503427,35113,7.374995998319911,
100,random,205.0,10217,2,0.01957521777429774,5.47504936430697e-07,0.03808073115003808,3330,0.2239902230717763,
100,random_matched,205.0,10217,11,0.10766369775863756,2.2065838544594733e-05,0.19040365575019041,33043,6.895972079868055,
100,random,206.0,10217,0,0.0,0.0,0.0,1517,0.040388117269560875,
100,random_matched,206.0,10217,67,0.6557697954389743,0.0002750133970968643,0.11424219345011424,39389,8.228132862420212,
100,random,207.0,10217,0,0.0,0.0,0.0,4531,0.1332772177445477,
100,random_matched,207.0,10217,69,0.675345013213272,2.6510911617321922e-05,1.2566641279512567,38705,6.976907137794926,
100,random,208.0,10217,0,0.0,0.0,0.0,1389,0.03288886513812137,
100,random_matched,208.0,10217,93,0.9102476265048449,1.8195784615763536e-05,1.7326732673267327,39101,7.511768665351976,
100,random,209.0,10217,2,0.01957521777429774,8.059717338319905e-08,0.01904036557501904,13721,0.4517390361897863,
100,random_matched,209.0,10217,119,1.1647254575707155,0.00027801994958534515,1.1424219345011424,34455,1.861921306845154,
100,random,210.0,10217,0,0.0,0.0,0.0,1467,0.025548514162676547,
100,random_matched,210.0,10217,11,0.10766369775863756,2.4322003556749247e-05,0.19040365575019041,36163,7.006991397529742,
100,random,211.0,10217,52,0.5089556621317413,2.1035306410439896e-05,0.09520182787509521,2685,0.25891441489949624,
100,random_matched,211.0,10217,24,0.23490261329157286,1.132001196231407e-05,0.3617669459253618,32925,0.6304622813378281,
100,random,212.0,10217,0,0.0,0.0,0.0,1758,0.025490624433702258,
100,random_matched,212.0,10217,71,0.6949202309875697,2.6477283141531e-05,1.2185833968012185,32902,0.7663873665565712,
100,random,213.0,10217,3,0.029362826661446607,1.026641236129439e-06,0.05712109672505712,4324,6.550761257914399,
100,random_matched,213.0,10217,81,0.7927963198590584,1.1881412963121182e-05,1.4470677837014472,34682,7.395218630436134,
100,random,214.0,10217,1,0.00978760888714887,1.801485785758263e-06,0.0,3536,0.13306532308477095,
100,random_matched,214.0,10217,119,1.1647254575707155,0.00028330990337215825,1.1805026656511806,33205,8.02509535815733,
100,random,215.0,10217,1,0.00978760888714887,1.0561008926074358e-08,0.0,9215,0.09304749693094551,
100,random_matched,215.0,10217,133,1.3017519819907997,0.0002880298405982509,1.428027418126428,30538,7.809187504624332,
100,random,216.0,10217,0,0.0,0.0,0.0,1323,0.09679653100574251,
100,random_matched,216.0,10217,14,0.13702652442008417,3.741654293993134e-06,0.15232292460015232,37278,7.198436437142642,
100,random,217.0,10217,0,0.0,0.0,0.0,11271,0.1664941839321859,
100,random_matched,217.0,10217,71,0.6949202309875697,3.2244983621605246e-05,1.2185833968012185,36295,0.6533556955795667,
100,random,218.0,10217,0,0.0,0.0,0.0,1551,0.02020879413001448,
100,random_matched,218.0,10217,94,0.9200352353919937,0.0003111048113378608,0.7806549885757806,39165,8.607823219598783,
100,random,219.0,10217,3,0.029362826661446607,2.141105599117812e-06,0.05712109672505712,1652,0.07221192090494045,
100,random_matched,219.0,10217,74,0.7242830576490163,5.2891200229505555e-06,1.38994668697639,33350,7.385010761134654,
100,random,220.0,10217,0,0.0,0.0,0.0,1008,0.015184360844696838,
100,random_matched,220.0,10217,12,0.11745130664578643,8.833450202798616e-06,0.13328255902513328,34046,0.7215522769595721,
100,random,221.0,10217,4,0.03915043554859548,2.1484427211085585e-05,0.07616146230007616,2365,0.11166191031792556,
100,random_matched,221.0,10217,58,0.5676813154546344,0.00027308434544013054,0.09520182787509521,33252,1.7748632629976435,
100,random,222.0,10217,0,0.0,0.0,0.0,2054,1.8960840142417978,
100,random_matched,222.0,10217,58,0.5676813154546344,0.000294435092511915,0.11424219345011424,30186,1.5780542920343157,
100,random,223.0,10217,2,0.01957521777429774,7.476082634510533e-08,0.01904036557501904,2177,0.3303752945376282,
100,random_matched,223.0,10217,139,1.360477635313693,0.0003057603849786921,1.5422696115765422,40825,8.585763361905528,
100,random,224.0,10217,0,0.0,0.0,0.0,1278,0.008677352158286456,
100,random_matched,224.0,10217,22,0.21532739551727512,8.777865945292962e-06,0.39984767707539987,36310,0.9835397643522894,
100,random,225.0,10217,0,0.0,0.0,0.0,2536,0.03453750589634902,
100,random_matched,225.0,10217,16,0.15660174219438192,7.364914119499224e-07,0.26656511805026656,26449,0.7908334793493758,
100,random,226.0,10217,1,0.00978760888714887,5.221029307506129e-06,0.01904036557501904,1037,0.01648243505337665,
100,random_matched,226.0,10217,63,0.6166193598903787,1.1689369353439146e-05,1.1424219345011424,31907,6.953737309818366,
100,random,227.0,10217,0,0.0,0.0,0.0,1056,0.03904354717328597,
100,random_matched,227.0,10217,11,0.10766369775863756,3.0499082093352635e-06,0.11424219345011424,36582,6.9879972878307575,
100,random,228.0,10217,0,0.0,0.0,0.0,2013,0.019124379444130472,
100,random_matched,228.0,10217,95,0.9298228442791426,1.778779616567203e-05,1.6945925361766947,41401,7.738886471695078,
100,random,229.0,10217,0,0.0,0.0,0.0,840,0.021563112237676912,
100,random_matched,229.0,10217,7,0.06851326221004209,2.899691753426232e-05,0.13328255902513328,25418,0.3347020768366773,
100,random,230.0,10217,0,0.0,0.0,0.0,678,0.01959936566230643,
100,random_matched,230.0,10217,13,0.12723891553293531,3.7288699147668337e-06,0.15232292460015232,33449,0.7286251956388866,
100,random,231.0,10217,0,0.0,0.0,0.0,34794,0.05247400079878329,
100,random_matched,231.0,10217,37,0.3621415288245082,3.579042548660342e-05,0.6092916984006093,39059,7.029616908104561,
100,random,232.0,10217,0,0.0,0.0,0.0,1885,0.020787334320675307,
100,random_matched,232.0,10217,81,0.7927963198590584,1.538433287112753e-05,1.428027418126428,35080,6.9769372674348125,
100,random,233.0,10217,0,0.0,0.0,0.0,1189,0.050311534139104594,
100,random_matched,233.0,10217,28,0.27405304884016835,2.538838753699523e-05,0.4188880426504189,35740,7.394715195324419,
100,random,234.0,10217,11,0.10766369775863756,9.265895726192608e-07,0.19040365575019041,2483,0.1887341163763428,
100,random_matched,234.0,10217,86,0.8417343642948028,4.269037729206784e-05,1.5803503427265804,35503,0.6149318898954795,
100,random,235.0,10217,2,0.01957521777429774,1.3030617487050589e-05,0.03808073115003808,1101,1.2760384575552612,
100,random_matched,235.0,10217,6,0.058725653322893215,2.161032555433589e-05,0.11424219345011424,31589,6.88659259632035,
100,random,236.0,10217,2,0.01957521777429774,1.9990878211908647e-06,0.03808073115003808,1859,0.05794087825970282,
100,random_matched,236.0,10217,131,1.2821767642165018,0.00030582180558323587,1.3137852246763138,35361,8.2248760838752,
100,random,237.0,10217,0,0.0,0.0,0.0,1052,0.008965091488884977,
100,random_matched,237.0,10217,73,0.7144954487618674,2.8831554368183e-05,1.1995430312261997,38301,7.109906656247957,
100,random,238.0,10217,1,0.00978760888714887,1.4118401406436249e-07,0.01904036557501904,1689,0.23598676358487397,
100,random_matched,238.0,10217,92,0.900460017617696,0.00029213140295959316,0.7425742574257426,35069,8.660557110761083,
100,random,239.0,10217,8,0.07830087109719096,1.20506670272259e-06,0.15232292460015232,925,0.027183204250097237,
100,random_matched,239.0,10217,31,0.303415875501615,3.2838623491765636e-05,0.476009139375476,32153,0.7164063173017449,
100,random,240.0,10217,0,0.0,0.0,0.0,504,0.016105459042824503,
100,random_matched,240.0,10217,154,1.507291768620926,0.0002899230404088935,1.7517136329017517,34784,8.47630562742007,
100,random,241.0,10217,0,0.0,0.0,0.0,1666,0.36592989797511977,
100,random_matched,241.0,10217,84,0.822159146520505,0.00031164481239952826,0.5140898705255141,33544,1.5927861718385434,
100,random,242.0,10217,0,0.0,0.0,0.0,4514,0.028211835298037766,
100,random_matched,242.0,10217,67,0.6557697954389743,0.00027463542414582584,0.11424219345011424,31547,8.107977774192364,
100,random,243.0,10217,0,0.0,0.0,0.0,24846,0.050715981385265126,
100,random_matched,243.0,10217,28,0.27405304884016835,3.307263321586444e-05,0.43792840822543794,29384,6.854307733330995,
100,random,244.0,10217,0,0.0,0.0,0.0,3566,0.07174863483980078,
100,random_matched,244.0,10217,124,1.21366350200646,0.00029941933288244707,1.2566641279512567,30990,8.03809749603402,
100,random,245.0,10217,39,0.3817167465988059,1.045956765612654e-05,0.0,486,0.0055520194047318705,
100,random_matched,245.0,10217,41,0.40129196437310366,1.2537863044262961e-05,0.6664127951256664,38772,7.34232283848555,
100,random,246.0,10217,0,0.0,0.0,0.0,981,0.025935511167025645,
100,random_matched,246.0,10217,31,0.303415875501615,3.319269521207665e-05,0.476009139375476,37236,7.181619039976051,
100,random,247.0,10217,0,0.0,0.0,0.0,1420,0.10083008099675703,
100,random_matched,247.0,10217,47,0.46001761769599686,2.0596190776145224e-05,0.8187357197258187,41646,1.234090320409898,
100,random,248.0,10217,24,0.23490261329157286,2.186684690272449e-06,0.07616146230007616,2504,0.11927104263047754,
100,random_matched,248.0,10217,30,0.29362826661446606,8.424627988844528e-06,0.39984767707539987,36999,1.007882470773563,
100,random,249.0,10217,0,0.0,0.0,0.0,1499,0.045818123059924394,
100,random_matched,249.0,10217,7,0.06851326221004209,2.1642286502401644e-05,0.11424219345011424,30023,6.762790128223073,
100,random,250.0,10217,0,0.0,0.0,0.0,1560,0.024530345324287727,
100,random_matched,250.0,10217,68,0.6655574043261231,0.00030074835247940725,0.19040365575019041,34012,8.093652985754611,
100,random,251.0,10217,0,0.0,0.0,0.0,2080,0.02976678912819544,
100,random_matched,251.0,10217,20,0.1957521777429774,2.56829841017752e-05,0.20944402132520945,40435,7.338010306820537,
100,random,252.0,10217,0,0.0,0.0,0.0,1108,0.0740577501891909,
100,random_matched,252.0,10217,38,0.37192913771165703,1.2109308418894365e-05,0.6092916984006093,32444,1.0304400071413302,
100,random,253.0,10217,2,0.01957521777429774,1.1058488030749967e-06,0.01904036557501904,2651,0.039210790163838265,
100,random_matched,253.0,10217,100,0.978760888714887,3.823585489556469e-05,1.7897943640517897,31152,7.29284640038875,
100,random,254.0,10217,0,0.0,0.0,0.0,687,0.07498906300817337,
100,random_matched,254.0,10217,77,0.753645884310463,0.0002963052248556928,0.38080731150038083,33198,8.357788751070146,
100,random,255.0,10217,0,0.0,0.0,0.0,2101,0.08694384197395096,
100,random_matched,255.0,10217,9,0.08808847998433983,3.2772478225333904e-06,0.07616146230007616,31687,7.109902253613051,
100,random,256.0,10217,0,0.0,0.0,0.0,2571,0.26830470664608574,
100,random_matched,256.0,10217,76,0.7438582754233141,0.00028927659549410275,0.4188880426504189,32038,7.8405783724423355,
100,random,257.0,10217,0,0.0,0.0,0.0,1159,0.010270066438937794,
100,random_matched,257.0,10217,84,0.822159146520505,0.0002972051339847093,0.4188880426504189,34900,2.1763617611071657,
100,random,258.0,10217,2,0.01957521777429774,2.4179152014959717e-08,0.0,1446,0.025726571700541545,
100,random_matched,258.0,10217,61,0.597044142116081,0.0002949478572874047,0.15232292460015232,32639,7.972006394648619,
100,random,259.0,10217,1,0.00978760888714887,9.340934473825242e-07,0.01904036557501904,1343,0.024091249944522317,
100,random_matched,259.0,10217,88,0.8613095820691005,0.00029296266553059024,0.5331302361005331,35843,1.8541549414260974,
100,random,260.0,10217,5,0.04893804443574435,2.1497211590311886e-05,0.09520182787509521,3846,0.08486898520951859,
100,random_matched,260.0,10217,67,0.6557697954389743,0.0002818699931814743,0.19040365575019041,36188,8.32550003934624,
100,random,261.0,10217,2,0.01957521777429774,0.002878922695609244,0.03808073115003808,4470,0.04764872246510049,
100,random_matched,261.0,10217,21,0.20553978663012626,8.360428171425496e-06,0.3617669459253618,29199,1.0821384220630628,
100,random,262.0,10217,0,0.0,0.0,0.0,714,0.023607272765012864,
100,random_matched,262.0,10217,62,0.60683175100323,0.0002758454934317239,0.11424219345011424,33550,1.8606839823323191,
100,random,263.0,10217,0,0.0,0.0,0.0,1348,0.12721247389064466,
100,random_matched,263.0,10217,132,1.2919643731036508,0.00030829864009768783,1.3328255902513328,40834,8.303799337625788,
100,random,264.0,10217,0,0.0,0.0,0.0,947,1.9067164902229528,
100,random_matched,264.0,10217,152,1.4877165508466281,0.00031589228343682286,1.7897943640517897,32670,8.35475692907578,
100,random,265.0,10217,0,0.0,0.0,0.0,2193,0.16179168895978174,
100,random_matched,265.0,10217,15,0.14681413330723303,9.339266946100072e-06,0.20944402132520945,37364,6.949758376941627,
100,random,266.0,10217,0,0.0,0.0,0.0,710,0.0032322672640165686,
100,random_matched,266.0,10217,87,0.8515219731819517,1.3229053286345776e-05,1.4851485148514851,36855,7.360530862007363,
100,random,267.0,10217,0,0.0,0.0,0.0,1796,0.07388809003462962,
100,random_matched,267.0,10217,21,0.20553978663012626,2.5407286184547152e-05,0.20944402132520945,32060,0.6594884469697699,
100,random,268.0,10217,0,0.0,0.0,0.0,3282,0.03271557844399309,
100,random_matched,268.0,10217,10,0.0978760888714887,2.2270944454790598e-05,0.09520182787509521,32341,0.6011925376284396,
100,random,269.0,10217,0,0.0,0.0,0.0,771,0.013391423489378449,
100,random_matched,269.0,10217,76,0.7438582754233141,0.00030216686273095155,0.26656511805026656,36261,1.875512180488075,
100,random,270.0,10217,1,0.00978760888714887,6.784058628565134e-07,0.01904036557501904,3474,0.0283239453645295,
100,random_matched,270.0,10217,81,0.7927963198590584,0.0002967368366152242,0.456968773800457,33024,8.361704432970358,
100,random,271.0,10217,0,0.0,0.0,0.0,947,0.16659686340869642,
100,random_matched,271.0,10217,81,0.7927963198590584,2.2464099749622747e-05,1.428027418126428,31107,6.787745473829579,
100,random,272.0,10217,0,0.0,0.0,0.0,606,0.02027047863190111,
100,random_matched,272.0,10217,67,0.6557697954389743,1.2764646814886032e-05,1.1805026656511806,35823,0.6817237879132847,
100,random,273.0,10217,0,0.0,0.0,0.0,3365,0.1320222906276265,
100,random_matched,273.0,10217,130,1.2723891553293531,0.00030859490419019297,1.466108149276466,27654,7.801602053535797,
100,random,274.0,10217,5,0.04893804443574435,1.2567600622028487e-06,0.0,1583,0.08824320015221926,
100,random_matched,274.0,10217,34,0.33277870216306155,2.9907387672204942e-05,0.49504950495049505,41264,7.587594262321424,
100,random,275.0,10217,0,0.0,0.0,0.0,1372,0.03829706883919305,
100,random_matched,275.0,10217,22,0.21532739551727512,1.8937556532176495e-06,0.32368621477532367,34054,7.447439511469997,
100,random,276.0,10217,0,0.0,0.0,0.0,2828,0.03022382675295206,
100,random_matched,276.0,10217,30,0.29362826661446606,1.7236678252503466e-05,0.456968773800457,34602,6.939280643896044,
100,random,277.0,10217,0,0.0,0.0,0.0,2268,0.025662919185935846,
100,random_matched,277.0,10217,83,0.8123715376333561,0.00028707851603104165,0.49504950495049505,36120,1.8720361685003732,
100,random,278.0,10217,4,0.03915043554859548,6.207649878231497e-06,0.05712109672505712,2188,0.05458044892867784,
100,random_matched,278.0,10217,65,0.6361945776646766,1.0785291405109675e-05,1.1805026656511806,33641,6.8824949621216165,
100,random,279.0,10217,0,0.0,0.0,0.0,1166,0.015988195639801462,
100,random_matched,279.0,10217,15,0.14681413330723303,2.4810033337648896e-05,0.19040365575019041,35328,7.072053261592315,
100,random,280.0,10217,0,0.0,0.0,0.0,2042,0.04749203849762883,
100,random_matched,280.0,10217,127,1.2430263286679064,0.00028187332823692465,1.2376237623762376,39358,8.367599889639852,
100,random,281.0,10217,4,0.03915043554859548,2.157225033794452e-06,0.05712109672505712,1701,0.03475918983229614,
100,random_matched,281.0,10217,82,0.8025839287462073,2.761203575850894e-05,1.5232292460015233,40934,7.4255930022265595,
100,random,282.0,10217,3,0.029362826661446607,8.44019158094611e-06,0.05712109672505712,1722,0.0876413421850515,
100,random_matched,282.0,10217,81,0.7927963198590584,0.0003111804059280685,0.5521706016755522,37575,1.777236059429566,
100,random,283.0,10217,1,0.00978760888714887,1.389606437641363e-08,0.0,3399,0.12318244410302603,
100,random_matched,283.0,10217,7,0.06851326221004209,6.15401106973854e-06,0.11424219345011424,24981,0.515946184392932,
100,random,284.0,10217,0,0.0,0.0,0.0,712,0.018267447983286715,
100,random_matched,284.0,10217,68,0.6655574043261231,0.00028180940634079315,0.20944402132520945,36711,7.997820058847514,
100,random,285.0,10217,0,0.0,0.0,0.0,1990,0.015266914216940779,
100,random_matched,285.0,10217,100,0.978760888714887,0.0002917570429852926,0.7235338918507236,33861,2.2097896141416156,
100,random,286.0,10217,0,0.0,0.0,0.0,1816,0.30100314909545967,
100,random_matched,286.0,10217,22,0.21532739551727512,1.981856701364112e-06,0.30464584920030463,36325,7.498742235215062,
100,random,287.0,10217,0,0.0,0.0,0.0,3096,0.015519253125201492,
100,random_matched,287.0,10217,63,0.6166193598903787,1.0382583459481208e-05,1.1424219345011424,27820,0.40078815978964377,
100,random,288.0,10217,0,0.0,0.0,0.0,1157,0.015478661275763618,
100,random_matched,288.0,10217,13,0.12723891553293531,2.2805387090707465e-05,0.15232292460015232,35418,6.933935967328123,
100,random,289.0,10217,0,0.0,0.0,0.0,3209,0.02093944424568216,
100,random_matched,289.0,10217,20,0.1957521777429774,2.9281231011403745e-05,0.2284843869002285,33903,0.869424840451748,
100,random,290.0,10217,2,0.01957521777429774,6.011437449236537e-07,0.0,1078,0.03837354676572038,
100,random_matched,290.0,10217,64,0.6264069687775277,0.0002810081592688491,0.19040365575019041,31949,1.8030878110230038,
100,random,291.0,10217,0,0.0,0.0,0.0,1757,0.046447379255777084,
100,random_matched,291.0,10217,60,0.5872565332289321,4.586812929366611e-06,1.1043412033511044,32076,6.69034530412258,
100,random,292.0,10217,0,0.0,0.0,0.0,2952,0.16762585314282608,
100,random_matched,292.0,10217,71,0.6949202309875697,1.3227941601195663e-05,1.1614623000761615,32841,0.690236525330263,
100,random,293.0,10217,0,0.0,0.0,0.0,3248,0.06298708347927871,
100,random_matched,293.0,10217,88,0.8613095820691005,0.00028619055751738883,0.6664127951256664,31010,8.373290938033437,
100,random,294.0,10217,1,0.00978760888714887,1.834280497686599e-08,0.01904036557501904,1171,0.059281385361977065,
100,random_matched,294.0,10217,11,0.10766369775863756,2.9056114768505844e-05,0.19040365575019041,37297,0.5706757626596116,
100,random,295.0,10217,0,0.0,0.0,0.0,759,0.03873422477416596,
100,random_matched,295.0,10217,130,1.2723891553293531,0.00030121192518700444,1.428027418126428,32835,8.519192239998448,
100,random,296.0,10217,0,0.0,0.0,0.0,768,0.005446421238390418,
100,random_matched,296.0,10217,65,0.6361945776646766,1.2877760778910039e-05,1.2185833968012185,35601,6.866873496129372,
100,random,297.0,10217,1,0.00978760888714887,4.880297808996467e-07,0.0,3044,0.04850519525201214,
100,random_matched,297.0,10217,82,0.8025839287462073,0.0003111184294809497,0.456968773800457,35423,8.065077041122725,
100,random,298.0,10217,47,0.46001761769599686,5.603726920432561e-06,0.0,1993,0.19653352536379537,
100,random_matched,298.0,10217,157,1.5366545952823725,0.0003181695704668295,1.8659558263518659,41294,8.62413583419979,
100,random,299.0,10217,0,0.0,0.0,0.0,1902,0.028018335208756184,
100,random_matched,299.0,10217,120,1.1745130664578642,0.00028020441090531736,1.1805026656511806,29422,8.042170176148895,
100,random,300.0,10217,1,0.00978760888714887,3.362847579092098e-08,0.0,2092,0.029154762566276807,
100,random_matched,300.0,10217,36,0.3523539199373593,1.157125280623963e-05,0.6473724295506473,39084,7.295455612284085,
100,random,301.0,10217,0,0.0,0.0,0.0,524,0.030012303476220664,
100,random_matched,301.0,10217,100,0.978760888714887,2.2722010704448982e-05,1.7136329017517136,35171,7.3996318037322295,
100,random,302.0,10217,0,0.0,0.0,0.0,3459,0.10093917555988889,
100,random_matched,302.0,10217,99,0.9689732798277381,0.00031209893578334943,0.7996953541507997,38918,8.474382050523667,
100,random,303.0,10217,2,0.01957521777429774,1.9621242899496045e-07,0.03808073115003808,2129,0.160103956168261,
100,random_matched,303.0,10217,7,0.06851326221004209,5.692105889866551e-06,0.13328255902513328,32859,6.9085971496819845,
100,random,304.0,10217,0,0.0,0.0,0.0,1694,0.017389001699523822,
100,random_matched,304.0,10217,127,1.2430263286679064,0.00028670526774189116,1.2376237623762376,35164,1.9279750207502127,
100,random,305.0,10217,0,0.0,0.0,0.0,934,0.036986237464193966,
100,random_matched,305.0,10217,87,0.8515219731819517,2.820095096678135e-05,1.5422696115765422,35323,7.472539591715135,
100,random,306.0,10217,0,0.0,0.0,0.0,1454,0.08150984937072428,
100,random_matched,306.0,10217,12,0.11745130664578643,2.2049719109918092e-05,0.20944402132520945,37066,7.050314391534862,
100,random,307.0,10217,2,0.01957521777429774,6.011437449236537e-07,0.0,995,0.01210084518720845,
100,random_matched,307.0,10217,73,0.7144954487618674,0.000301738308105583,0.20944402132520945,34666,8.065400682401485,
100,random,308.0,10217,4,0.03915043554859548,6.528371044039124e-07,0.07616146230007616,1365,0.038669769183402314,
100,random_matched,308.0,10217,64,0.6264069687775277,7.015289139788657e-06,1.1995430312261997,28078,6.724326010020386,
100,random,309.0,10217,1,0.00978760888714887,6.784058628565134e-07,0.01904036557501904,2959,0.09506648594076172,
100,random_matched,309.0,10217,26,0.25447783106587063,2.8656463957040186e-06,0.32368621477532367,36749,1.123826706935478,
100,random,310.0,10217,0,0.0,0.0,0.0,3120,0.4594956583587764,
100,random_matched,310.0,10217,4,0.03915043554859548,1.611943467663981e-07,0.05712109672505712,23980,6.61314821019896,
100,random,311.0,10217,0,0.0,0.0,0.0,1239,0.06384806365015985,
100,random_matched,311.0,10217,36,0.3523539199373593,3.4718761001894396e-05,0.6664127951256664,34444,0.981087987126051,
100,random,312.0,10217,1,0.00978760888714887,7.587251149521841e-08,0.01904036557501904,3737,0.13310132660778073,
100,random_matched,312.0,10217,78,0.7634334931976118,0.00029643167904151816,0.4188880426504189,32554,8.369199610998049,
100,random,313.0,10217,1,0.00978760888714887,6.784058628565134e-07,0.01904036557501904,1758,0.01167223582360022,
100,random_matched,313.0,10217,75,0.7340706665361653,0.0002836150609458643,0.4188880426504189,36255,8.022462087306502,
100,random,314.0,10217,2,0.01957521777429774,2.295351913696003e-06,0.01904036557501904,2618,0.032624868928714225,
100,random_matched,314.0,10217,45,0.44044239992169915,3.4265193460648256e-05,0.7044935262757045,33078,0.9999648524672966,
100,random,315.0,10217,1,0.00978760888714887,7.968003313435576e-07,0.01904036557501904,1169,0.01563819251324981,
100,random_matched,315.0,10217,9,0.08808847998433983,2.922898180934843e-06,0.07616146230007616,34831,0.7649568038271152,
100,random,316.0,10217,1,0.00978760888714887,2.5846679740129352e-08,0.01904036557501904,2377,0.030633555891313457,
100,random_matched,316.0,10217,83,0.8123715376333561,2.153195175125292e-05,1.466108149276466,32306,0.4780021960808248,
100,random,317.0,10217,2,0.01957521777429774,1.309009264258164e-06,0.03808073115003808,2896,0.23004139081213182,
100,random_matched,317.0,10217,92,0.900460017617696,0.0003057167513365502,0.7616146230007617,33865,8.333635219871493,
100,random,318.0,10217,0,0.0,0.0,0.0,950,0.07221293982765468,
100,random_matched,318.0,10217,138,1.350690026426544,0.0003027688402397378,1.5041888804265042,35491,8.437475749292222,
100,random,319.0,10217,0,0.0,0.0,0.0,4659,0.18344307926476525,
100,random_matched,319.0,10217,96,0.9396104531662914,3.758301779116077e-05,1.7707539984767708,39951,1.204645117256855,
100,random,320.0,10217,1,0.00978760888714887,7.503874763263361e-09,0.0,1292,0.08105203882484331,
100,random_matched,320.0,10217,138,1.350690026426544,0.0002907851522428062,1.466108149276466,34778,8.265578927643324,
100,random,321.0,10217,0,0.0,0.0,0.0,1795,0.05278736238529849,
100,random_matched,321.0,10217,26,0.25447783106587063,9.52130538943109e-06,0.38080731150038083,34232,7.4516073497611615,
100,random,322.0,10217,0,0.0,0.0,0.0,870,0.008196260339360285,
100,random_matched,322.0,10217,18,0.17617695996867966,1.5327359007184234e-06,0.3427265803503427,30468,0.7731905151310979,
100,random,323.0,10217,0,0.0,0.0,0.0,1018,0.024110865000324735,
100,random_matched,323.0,10217,117,1.1451502397964177,0.00027750913025886815,1.1233815689261233,33191,1.848197368561604,
100,random,324.0,10217,0,0.0,0.0,0.0,3539,0.080496492640855,
100,random_matched,324.0,10217,64,0.6264069687775277,0.00027600001766758965,0.15232292460015232,33728,8.061143155104862,
100,random,325.0,10217,1,0.00978760888714887,2.2770091087191373e-06,0.01904036557501904,1483,0.045156973948273525,
100,random_matched,325.0,10217,137,1.340902417539395,0.0003091674220425012,1.5613099771515613,41433,8.307851109192631,
100,random,326.0,10217,1,0.00978760888714887,1.1300279550899564e-06,0.01904036557501904,1527,0.010286408880041242,
100,random_matched,326.0,10217,63,0.6166193598903787,0.00029695806196009667,0.17136329017517135,30359,8.061461339909647,
100,random,327.0,10217,0,0.0,0.0,0.0,1957,1.7127229328618157,
100,random_matched,327.0,10217,118,1.1549378486835666,0.0003060127375077678,1.2185833968012185,32008,1.4965015225281384,
100,random,328.0,10217,1,0.00978760888714887,3.4462239653505805e-08,0.01904036557501904,1228,0.016097939329709213,
100,random_matched,328.0,10217,82,0.8025839287462073,0.0002961868303872057,0.476009139375476,39470,2.169301120287847,
100,random,329.0,10217,0,0.0,0.0,0.0,912,0.09819138382698968,
100,random_matched,329.0,10217,68,0.6655574043261231,0.00029584776641642123,0.19040365575019041,32723,8.135336399795547,
100,random,330.0,10217,13,0.12723891553293531,7.0147332972136e-07,0.24752475247524752,2759,1.3583225485233805,
100,random_matched,330.0,10217,36,0.3523539199373593,1.7550173464835357e-05,0.6664127951256664,34085,7.291824120943149,
100,random,331.0,10217,0,0.0,0.0,0.0,1990,0.05674141735931879,
100,random_matched,331.0,10217,83,0.8123715376333561,1.8254426007432e-05,1.4851485148514851,34141,7.02158700515003,
100,random,332.0,10217,0,0.0,0.0,0.0,424,0.004361992268543127,
100,random_matched,332.0,10217,8,0.07830087109719096,2.391623847695797e-05,0.13328255902513328,33612,6.877533008478808,
100,random,333.0,10217,0,0.0,0.0,0.0,811,0.01455945649632454,
100,random_matched,333.0,10217,20,0.1957521777429774,2.3580787482911346e-05,0.19040365575019041,37546,7.17069916589231,
100,random,334.0,10217,0,0.0,0.0,0.0,1300,0.07897060508887238,
100,random_matched,334.0,10217,5,0.04893804443574435,5.918333817914565e-06,0.07616146230007616,30389,0.4319063689680621,
100,random,335.0,10217,0,0.0,0.0,0.0,4258,0.018154182502876044,
100,random_matched,335.0,10217,19,0.18596456885582852,1.8740232418031421e-06,0.26656511805026656,31336,7.28706795001094,
100,random,336.0,10217,0,0.0,0.0,0.0,2917,0.07075558355729263,
100,random_matched,336.0,10217,28,0.27405304884016835,3.3176297856112484e-05,0.456968773800457,34964,0.6284373263926805,
100,random,337.0,10217,0,0.0,0.0,0.0,1477,0.05393749123782213,
100,random_matched,337.0,10217,68,0.6655574043261231,0.00029773929869933864,0.20944402132520945,37195,8.256395186767136,
100,random,338.0,10217,0,0.0,0.0,0.0,1941,0.10775944901928555,
100,random_matched,338.0,10217,61,0.597044142116081,1.1685756376701278e-05,1.1233815689261233,36240,7.026425623118312,
100,random,339.0,10217,0,0.0,0.0,0.0,1082,0.0393340274377279,
100,random_matched,339.0,10217,20,0.1957521777429774,1.0920361150848416e-05,0.3427265803503427,29629,6.898069178350426,
100,random,340.0,10217,0,0.0,0.0,0.0,1326,0.08948583671228846,
100,random_matched,340.0,10217,23,0.225115004404424,2.8134249857774565e-05,0.4188880426504189,34559,7.320441005000912,
100,random,341.0,10217,1,0.00978760888714887,7.995517520900875e-06,0.01904036557501904,1104,0.03285822921109215,
100,random_matched,341.0,10217,78,0.7634334931976118,0.00028475398238215517,0.39984767707539987,40374,8.317141589365116,
100,random,342.0,10217,0,0.0,0.0,0.0,1489,0.13631248534827822,
100,random_matched,342.0,10217,103,1.0081237153763336,2.3146396510504655e-05,1.7707539984767708,33769,1.0761825124867384,
100,random,343.0,10217,2,0.01957521777429774,2.0232669732058246e-07,0.01904036557501904,3428,1.1448993935777765,
100,random_matched,343.0,10217,57,0.5578937065674856,0.00027336782515340936,0.05712109672505712,28621,1.4439807496851365,
100,random,344.0,10217,0,0.0,0.0,0.0,1585,0.24212207180450496,
100,random_matched,344.0,10217,136,1.3311148086522462,0.00031616436837731305,1.5613099771515613,40092,8.094815966999876,
100,random,345.0,10217,0,0.0,0.0,0.0,2169,0.01591249063439848,
100,random_matched,345.0,10217,77,0.753645884310463,1.4600038997722744e-05,1.428027418126428,33273,6.99292672165049,
100,random,346.0,10217,2,0.01957521777429774,1.3729311603896667e-07,0.0,1682,0.05253666454570836,
100,random_matched,346.0,10217,68,0.6655574043261231,0.00028178661679521583,0.20944402132520945,32410,8.112634344635705,
100,random,347.0,10217,1,0.00978760888714887,2.1733444684710916e-07,0.01904036557501904,3591,0.07374010817501173,
100,random_matched,347.0,10217,138,1.350690026426544,0.00028154982785824173,1.5041888804265042,35458,8.473001903836174,
100,random,348.0,10217,2,0.01957521777429774,4.839999222304868e-06,0.01904036557501904,1780,0.08385870429307636,
100,random_matched,348.0,10217,79,0.7732211020847607,0.00028443020408218476,0.476009139375476,33641,8.106836402996441,
100,random,349.0,10217,0,0.0,0.0,0.0,2454,0.12817060088292448,
100,random_matched,349.0,10217,16,0.15660174219438192,3.057690005386055e-05,0.19040365575019041,41126,7.051025912249479,
100,random,350.0,10217,0,0.0,0.0,0.0,1775,0.011476953413122257,
100,random_matched,350.0,10217,86,0.8417343642948028,3.6968255903148236e-05,1.5232292460015233,38567,6.998516257091233,
100,random,351.0,10217,3,0.029362826661446607,5.607895739745485e-06,0.03808073115003808,3362,0.023937367220961264,
100,random_matched,351.0,10217,28,0.27405304884016835,2.8599212171809363e-05,0.4188880426504189,36058,1.1974387276375118,
100,random,352.0,10217,0,0.0,0.0,0.0,1331,0.03697477220299834,
100,random_matched,352.0,10217,80,0.7830087109719096,0.0002846922838563239,0.43792840822543794,33376,7.970579994900906,
100,random,353.0,10217,0,0.0,0.0,0.0,1685,0.06974397581937206,
100,random_matched,353.0,10217,83,0.8123715376333561,1.611943467663981e-05,1.38994668697639,30979,6.963944084015995,
100,random,354.0,10217,0,0.0,0.0,0.0,2730,1.080674990346984,
100,random_matched,354.0,10217,99,0.9689732798277381,4.477756616140517e-05,1.7707539984767708,37143,1.0068078739317758,
100,random,355.0,10217,1,0.00978760888714887,1.834280497686599e-08,0.01904036557501904,2297,0.07513063454249101,
100,random_matched,355.0,10217,119,1.1647254575707155,0.00027805885856559907,1.1805026656511806,36734,8.042746465821786,
100,random,356.0,10217,0,0.0,0.0,0.0,1851,0.009916898620965313,
100,random_matched,356.0,10217,10,0.0978760888714887,2.2375720780188754e-05,0.11424219345011424,29362,6.799472199798893,
100,random,357.0,10217,0,0.0,0.0,0.0,1099,0.026362114427346046,
100,random_matched,357.0,10217,88,0.8613095820691005,0.0002863133987264763,0.6854531607006854,29910,8.335290201122312,
100,random,358.0,10217,0,0.0,0.0,0.0,1961,0.03847748005678577,
100,random_matched,358.0,10217,80,0.7830087109719096,0.0003012372160241695,0.5140898705255141,37306,2.26608339748534,
100,random,359.0,10217,0,0.0,0.0,0.0,1193,0.006936503655742193,
100,random_matched,359.0,10217,25,0.24469022217872174,9.912896483558426e-06,0.38080731150038083,35704,1.1084829227765731,
100,random,360.0,10217,3,0.029362826661446607,3.8269761292643135e-07,0.05712109672505712,716,0.013632671693702976,
100,random_matched,360.0,10217,22,0.21532739551727512,3.673007735973651e-06,0.39984767707539987,35629,7.454491651744055,
100,random,361.0,10217,1,0.00978760888714887,9.72724506348954e-09,0.01904036557501904,4476,0.025662917598828813,
100,random_matched,361.0,10217,28,0.27405304884016835,1.187529869479556e-05,0.456968773800457,34348,6.8309716368476,
100,random,362.0,10217,0,0.0,0.0,0.0,2917,1.9446462421849873,
100,random_matched,362.0,10217,9,0.08808847998433983,1.5799825195982296e-06,0.05712109672505712,29771,6.78645698574737,
100,random,363.0,10217,0,0.0,0.0,0.0,3027,0.10524683480631535,
100,random_matched,363.0,10217,25,0.24469022217872174,2.858809532030823e-05,0.39984767707539987,31516,0.8319770341722224,
100,random,364.0,10217,0,0.0,0.0,0.0,3439,0.062417864368213935,
100,random_matched,364.0,10217,61,0.597044142116081,4.329735738402959e-06,1.1233815689261233,28645,0.5898804735261419,
100,random,365.0,10217,0,0.0,0.0,0.0,750,0.05664453399768735,
100,random_matched,365.0,10217,106,1.0374865420377801,0.00031005343510714136,0.8568164508758568,43729,8.742405204382363,
100,random,366.0,10217,1,0.00978760888714887,1.5035541655279548e-07,0.01904036557501904,5911,0.1432362445345574,
100,random_matched,366.0,10217,112,1.0962121953606734,0.000282122901553125,1.1043412033511044,27811,1.5480721404174798,
100,random,367.0,10217,1,0.00978760888714887,1.2601229097819408e-05,0.0,823,0.02400107845852713,
100,random_matched,367.0,10217,20,0.1957521777429774,1.1159095536835202e-05,0.30464584920030463,34651,6.897842017308114,
100,random,368.0,10217,0,0.0,0.0,0.0,1411,0.011000130912110846,
100,random_matched,368.0,10217,145,1.4192032886365862,0.00031616464629860054,1.5803503427265804,34197,8.128600020813836,
100,random,369.0,10217,0,0.0,0.0,0.0,510,0.12966978059778086,
100,random_matched,369.0,10217,73,0.7144954487618674,7.016956667513827e-06,1.3709063214013708,33147,1.016125622190169,
100,random,370.0,10217,4,0.03915043554859548,2.0510591019586517e-07,0.07616146230007616,9547,0.22748994485142165,
100,random_matched,370.0,10217,17,0.16638935108153077,1.345694874211896e-06,0.30464584920030463,33808,7.222193985136933,
100,random,371.0,10217,0,0.0,0.0,0.0,525,0.016959993972050683,
100,random_matched,371.0,10217,121,1.1843006753450132,0.00030113633059679676,1.2566641279512567,34752,1.796323141858456,
100,random,372.0,10217,0,0.0,0.0,0.0,1422,0.027540928652357178,
100,random_matched,372.0,10217,101,0.9885484976020358,2.47235998172276e-05,1.7326732673267327,33112,0.9189549751407453,
100,random,373.0,10217,0,0.0,0.0,0.0,754,0.27463860956856945,
100,random_matched,373.0,10217,24,0.23490261329157286,1.2958635873580766e-05,0.43792840822543794,38318,6.920075269618775,
100,random,374.0,10217,0,0.0,0.0,0.0,2027,0.10058580935353748,
100,random_matched,374.0,10217,23,0.225115004404424,1.917934805232609e-06,0.3617669459253618,30883,7.253351305393929,
100,random,375.0,10217,0,0.0,0.0,0.0,3281,0.15313342017644216,
100,random_matched,375.0,10217,10,0.0978760888714887,8.412399452193284e-06,0.09520182787509521,25946,6.7830995084354235,
100,random,376.0,10217,0,0.0,0.0,0.0,809,0.09348821115988305,
100,random_matched,376.0,10217,76,0.7438582754233141,1.0912023512222568e-05,1.408987052551409,37647,1.0784507122168563,
100,random,377.0,10217,1,0.00978760888714887,5.836347038093724e-09,0.01904036557501904,1121,0.022946501384835494,
100,random_matched,377.0,10217,7,0.06851326221004209,2.1521946584901902e-05,0.11424219345011424,31884,6.965232380058253,
100,random,378.0,10217,19,0.18596456885582852,4.152977799534977e-05,0.3617669459253618,1206,0.028394546233719144,
100,random_matched,378.0,10217,86,0.8417343642948028,0.0002915636097691729,0.6473724295506473,31160,2.0729022595812405,
100,random,379.0,10217,0,0.0,0.0,0.0,1829,0.09545223389187703,
100,random_matched,379.0,10217,26,0.25447783106587063,2.8386046544275177e-05,0.49504950495049505,41032,7.543494822227242,
100,random,380.0,10217,0,0.0,0.0,0.0,990,0.2702371872129355,
100,random_matched,380.0,10217,140,1.3702652442008418,0.00028988107429447674,1.5041888804265042,33365,8.05499166950326,
100,random,381.0,10217,0,0.0,0.0,0.0,1666,0.4826042017844219,
100,random_matched,381.0,10217,62,0.60683175100323,1.0055192182772903e-05,1.0853008377760853,24472,6.592102824971818,
100,random,382.0,10217,1,0.00978760888714887,8.148652150328952e-07,0.0,3344,0.11104081185221483,
100,random_matched,382.0,10217,121,1.1843006753450132,0.00027910412052799293,1.1995430312261997,33526,8.025120756631154,
100,random,383.0,10217,0,0.0,0.0,0.0,1428,0.0980879504746392,
100,random_matched,383.0,10217,9,0.08808847998433983,2.1930490877568463e-05,0.13328255902513328,32136,6.991202206066407,
100,random,384.0,10217,0,0.0,0.0,0.0,944,0.004422118231324814,
100,random_matched,384.0,10217,10,0.0978760888714887,1.4515828847601678e-06,0.11424219345011424,30715,0.6037504875537649,
100,random,385.0,10217,2,0.01957521777429774,7.781796050791633e-09,0.0,1037,0.023215470000572357,
100,random_matched,385.0,10217,89,0.8710971909562494,1.854874465092444e-05,1.4851485148514851,38338,0.8565545499045936,
100,random,386.0,10217,2,0.01957521777429774,6.864655801948334e-08,0.01904036557501904,1915,0.034992708825377215,
100,random_matched,386.0,10217,21,0.20553978663012626,1.2438645144615368e-05,0.3617669459253618,32641,6.802590103304433,
100,random,387.0,10217,0,0.0,0.0,0.0,681,0.017332483231024754,
100,random_matched,387.0,10217,64,0.6264069687775277,2.530445530816169e-05,1.1805026656511806,31493,6.962458089986356,
100,random,388.0,10217,0,0.0,0.0,0.0,3277,0.026291089800578985,
100,random_matched,388.0,10217,97,0.9493980620534404,0.00030663222405766835,0.8377760853008378,36378,2.138818144350362,
100,random,389.0,10217,0,0.0,0.0,0.0,1919,0.10281142700199991,
100,random_matched,389.0,10217,72,0.7047078398747186,0.0002835814324700734,0.38080731150038083,33417,8.038813679669094,
100,random,390.0,10217,1,0.00978760888714887,1.003295847977064e-07,0.01904036557501904,2999,0.03495509121451639,
100,random_matched,390.0,10217,77,0.753645884310463,2.7868279185610006e-05,1.2757044935262758,39445,0.9198252763912225,
100,random,391.0,10217,0,0.0,0.0,0.0,1142,0.009720143375162109,
100,random_matched,391.0,10217,7,0.06851326221004209,8.487716121113446e-07,0.09520182787509521,34168,6.898367546536815,
100,random,392.0,10217,0,0.0,0.0,0.0,3008,0.01650662573875091,
100,random_matched,392.0,10217,83,0.8123715376333561,4.199835328612244e-05,1.5232292460015233,38383,6.9232133055770095,
100,random,393.0,10217,1,0.00978760888714887,4.880297808996467e-07,0.0,2705,0.07276855267013832,
100,random_matched,393.0,10217,72,0.7047078398747186,2.9248992142050463e-05,1.2376237623762376,37896,7.149742631678112,
100,random,394.0,10217,0,0.0,0.0,0.0,1031,0.015103259675386727,
100,random_matched,394.0,10217,116,1.1353626309092688,0.00027792656803273566,1.1614623000761615,30806,7.9647247031490584,
100,random,395.0,10217,0,0.0,0.0,0.0,4024,0.03391747555367049,
100,random_matched,395.0,10217,11,0.10766369775863756,2.2428803746106657e-05,0.19040365575019041,33846,0.6449885212710902,
100,random,396.0,10217,0,0.0,0.0,0.0,1833,0.062273886779636536,
100,random_matched,396.0,10217,25,0.24469022217872174,2.6132104902420887e-05,0.30464584920030463,34577,7.325674293636041,
100,random,397.0,10217,0,0.0,0.0,0.0,863,0.11412195161047704,
100,random_matched,397.0,10217,38,0.37192913771165703,3.509812355937049e-05,0.7044935262757045,28546,7.283914468327074,
100,random,398.0,10217,0,0.0,0.0,0.0,1741,0.019776874061138525,
100,random_matched,398.0,10217,67,0.6557697954389743,0.00027953406475979915,0.20944402132520945,31607,7.946601099437359,
100,random,399.0,10217,0,0.0,0.0,0.0,1147,0.21956094698773937,
100,random_matched,399.0,10217,133,1.3017519819907997,0.00029356853393740185,1.5232292460015233,34589,7.99347970995756,
100,random,400.0,10217,0,0.0,0.0,0.0,642,0.05544300985816236,
100,random_matched,400.0,10217,3,0.029362826661446607,5.302738166039441e-07,0.05712109672505712,27447,0.49974074078133657,
100,random,401.0,10217,0,0.0,0.0,0.0,3330,0.03012227888375502,
100,random_matched,401.0,10217,26,0.25447783106587063,1.6479064822701395e-05,0.476009139375476,34011,7.06202882853443,
100,random,402.0,10217,0,0.0,0.0,0.0,593,0.011533997214048755,
100,random_matched,402.0,10217,23,0.225115004404424,3.108910898677516e-05,0.24752475247524752,33070,7.061507386106335,
100,random,403.0,10217,0,0.0,0.0,0.0,873,0.00751869577968252,
100,random_matched,403.0,10217,74,0.7242830576490163,0.00027482941320452055,0.30464584920030463,33622,8.518534141306512,
100,random,404.0,10217,4,0.03915043554859548,9.118597443802624e-06,0.07616146230007616,1752,0.07762545887274504,
100,random_matched,404.0,10217,10,0.0978760888714887,8.8087152082086e-06,0.09520182787509521,33951,0.6210283933481902,
100,random,405.0,10217,6,0.058725653322893215,2.315362246398039e-06,0.09520182787509521,4666,0.3259977597299255,
100,random_matched,405.0,10217,128,1.2528139375550553,0.0003023194415178046,1.3328255902513328,38784,1.9695533349764147,
100,random,406.0,10217,0,0.0,0.0,0.0,3545,0.02878062906441809,
100,random_matched,406.0,10217,30,0.29362826661446606,1.7071037165136616e-05,0.456968773800457,34608,6.947687287969288,
100,random,407.0,10217,0,0.0,0.0,0.0,1610,0.023283156941252155,
100,random_matched,407.0,10217,36,0.3523539199373593,1.1684366770263637e-05,0.6854531607006854,29444,0.808344147086828,
100,random,408.0,10217,0,0.0,0.0,0.0,1324,0.16860651864206033,
100,random_matched,408.0,10217,76,0.7438582754233141,0.00030203818517482596,0.26656511805026656,31001,8.108638612231037,
100,random,409.0,10217,2,0.01957521777429774,1.7509041114281174e-07,0.03808073115003808,1320,1.0190836770368168,
100,random_matched,409.0,10217,11,0.10766369775863756,2.452905491595781e-05,0.19040365575019041,35234,0.6727813126995987,
100,random,410.0,10217,15,0.14681413330723303,0.0007186919430901741,0.0,1152,0.08070994742684373,
100,random_matched,410.0,10217,17,0.16638935108153077,1.6122213889515092e-06,0.32368621477532367,29526,7.223817740056907,
100,random,411.0,10217,0,0.0,0.0,0.0,34624,0.03930755925376343,
100,random_matched,411.0,10217,128,1.2528139375550553,0.00028512528522229295,1.2566641279512567,32761,7.980832582530106,
100,random,412.0,10217,2,0.01957521777429774,1.32735206923503e-06,0.0,5173,0.16347332567319448,
100,random_matched,412.0,10217,115,1.12557502202212,0.0002774763355469398,1.0853008377760853,29713,1.7632225725134016,
100,random,413.0,10217,0,0.0,0.0,0.0,875,0.011086880595346097,
100,random_matched,413.0,10217,113,1.1059998042478223,0.00028222712203594815,1.1233815689261233,30870,1.669333645395989,
100,random,414.0,10217,0,0.0,0.0,0.0,797,0.017288574327891028,
100,random_matched,414.0,10217,66,0.6459821865518254,0.00029573493037368475,0.17136329017517135,34692,7.978009377819498,
100,random,415.0,10217,1,0.00978760888714887,8.862909859276613e-07,0.01904036557501904,3827,0.09226201068023215,
100,random_matched,415.0,10217,30,0.29362826661446606,3.869414709869881e-05,0.476009139375476,34091,6.870191711587573,
100,random,416.0,10217,0,0.0,0.0,0.0,1482,0.013531463465410678,
100,random_matched,416.0,10217,11,0.10766369775863756,2.9428529293793727e-05,0.20944402132520945,33859,0.6439373120385194,
100,random,417.0,10217,0,0.0,0.0,0.0,25402,0.054493386585357385,
100,random_matched,417.0,10217,87,0.8515219731819517,3.4796578962402316e-05,1.5232292460015233,37666,1.2778472628066806,
100,random,418.0,10217,0,0.0,0.0,0.0,892,0.027277022908050827,
100,random_matched,418.0,10217,149,1.4583537241851816,0.00029169173148272347,1.7517136329017517,36315,8.544512148851414,
100,random,419.0,10217,0,0.0,0.0,0.0,1501,0.03988335216215271,
100,random_matched,419.0,10217,25,0.24469022217872174,1.8369485420468707e-05,0.456968773800457,34388,0.6561715948365091,
100,random,420.0,10217,50,0.4893804443574435,9.469334108663304e-06,0.0,5191,0.129855299125801,
100,random_matched,420.0,10217,98,0.9591856709405893,1.852762263307229e-05,1.6565118050266565,36210,1.1700336299533394,
100,random,421.0,10217,0,0.0,0.0,0.0,945,0.02355158911481237,
100,random_matched,421.0,10217,8,0.07830087109719096,6.939694549580966e-07,0.13328255902513328,30036,0.6227044196382464,
100,random,422.0,10217,0,0.0,0.0,0.0,2251,0.01705821685201671,
100,random_matched,422.0,10217,100,0.978760888714887,4.043560188635096e-05,1.8088347296268088,38254,7.608253263167532,
100,random,423.0,10217,1,0.00978760888714887,7.806808966669177e-07,0.01904036557501904,4193,0.14005284747025507,
100,random_matched,423.0,10217,71,0.6949202309875697,1.1340300216303635e-05,1.1424219345011424,33052,0.7671881620417106,
100,random,424.0,10217,0,0.0,0.0,0.0,3378,0.05181099318479852,
100,random_matched,424.0,10217,23,0.225115004404424,4.12518567078215e-06,0.3427265803503427,32654,7.336022352101614,
100,random,425.0,10217,0,0.0,0.0,0.0,697,0.034135723402894384,
100,random_matched,425.0,10217,85,0.831946755407654,2.792414136440319e-05,1.428027418126428,36139,1.046931761687196,
100,random,426.0,10217,0,0.0,0.0,0.0,2741,0.057353167764613945,
100,random_matched,426.0,10217,11,0.10766369775863756,6.919962138166459e-06,0.09520182787509521,33471,0.6357072590162443,
100,random,427.0,10217,4,0.03915043554859548,3.034900459808737e-06,0.0,1016,0.006167136064040852,
100,random_matched,427.0,10217,26,0.25447783106587063,3.434245557858112e-05,0.49504950495049505,34179,6.9669705034980245,
100,random,428.0,10217,1,0.00978760888714887,2.6402522315185898e-08,0.01904036557501904,1503,0.05943447929334346,
100,random_matched,428.0,10217,65,0.6361945776646766,4.957282005641798e-06,1.1233815689261233,37131,7.1935004819001165,
100,random,429.0,10217,0,0.0,0.0,0.0,1110,0.1232963491875704,
100,random_matched,429.0,10217,95,0.9298228442791426,3.8957060636700556e-05,1.6184310738766183,40061,7.087799147253188,
100,random,430.0,10217,0,0.0,0.0,0.0,1090,0.012458034734398776,
100,random_matched,430.0,10217,133,1.3017519819907997,0.0003086532676605739,1.4851485148514851,37889,8.109147703792212,
100,random,431.0,10217,2,0.01957521777429774,8.593326210374189e-07,0.0,2405,0.03784258486965013,
100,random_matched,431.0,10217,119,1.1647254575707155,0.00027803356772843405,1.1614623000761615,37183,8.074917857006815,
100,random,432.0,10217,1,0.00978760888714887,4.446740600452362e-09,0.0,731,0.1145263798113532,
100,random_matched,432.0,10217,93,0.9102476265048449,2.1604767128585327e-05,1.7326732673267327,30175,0.8781037194069987,
100,random,433.0,10217,1,0.00978760888714887,1.1216903164641082e-06,0.0,2144,6.338402648661751,
100,random_matched,433.0,10217,62,0.60683175100323,0.0002742446668155611,0.11424219345011424,26205,1.7259849896699486,
100,random,434.0,10217,0,0.0,0.0,0.0,850,0.26739578155888977,
100,random_matched,434.0,10217,82,0.8025839287462073,2.2962690539448466e-05,1.466108149276466,33284,0.7853200076002251,
100,random,435.0,10217,4,0.03915043554859548,7.601147213898256e-07,0.0,3526,0.16743262762306094,
100,random_matched,435.0,10217,117,1.1451502397964177,0.00027817864264052377,1.1233815689261233,33150,7.915448200860553,
100,random,436.0,10217,0,0.0,0.0,0.0,1675,0.014781656242056898,
100,random_matched,436.0,10217,4,0.03915043554859548,5.647082641286971e-06,0.05712109672505712,33178,6.699699743121328,
100,random,437.0,10217,0,0.0,0.0,0.0,2160,0.0567241861382777,
100,random_matched,437.0,10217,128,1.2528139375550553,0.00028741368910380075,1.408987052551409,27751,1.587338996724313,
100,random,438.0,10217,0,0.0,0.0,0.0,1446,0.02159893165627104,
100,random_matched,438.0,10217,124,1.21366350200646,0.00027732208923236166,1.3137852246763138,31091,8.222835164220422,
100,random,439.0,10217,0,0.0,0.0,0.0,3126,0.02451916891657184,
100,random_matched,439.0,10217,84,0.822159146520505,3.30289995737225e-05,1.466108149276466,32938,1.1647066004285012,
100,random,440.0,10217,0,0.0,0.0,0.0,2198,0.02703626988112013,
100,random_matched,440.0,10217,79,0.7732211020847607,0.00029002809465557923,0.4188880426504189,36696,7.98357827610751,
100,random,441.0,10217,0,0.0,0.0,0.0,1268,0.01900712715085665,
100,random_matched,441.0,10217,17,0.16638935108153077,2.619130213666441e-06,0.15232292460015232,33977,0.7368413170356393,
100,random,442.0,10217,0,0.0,0.0,0.0,579,0.013069693087486099,
100,random_matched,442.0,10217,82,0.8025839287462073,0.00029648281655842335,0.476009139375476,35932,2.065007857476631,
100,random,443.0,10217,0,0.0,0.0,0.0,444,0.009649069548077071,
100,random_matched,443.0,10217,23,0.225115004404424,1.636734046511503e-05,0.43792840822543794,27854,0.5024823237515286,
100,random,444.0,10217,1,0.00978760888714887,9.171402488432995e-09,0.01904036557501904,4411,0.06500591536549881,
100,random_matched,444.0,10217,74,0.7242830576490163,0.0002952888667072019,0.4188880426504189,35698,8.306598204050069,
100,random,445.0,10217,0,0.0,0.0,0.0,2021,0.014451826832982757,
100,random_matched,445.0,10217,130,1.2723891553293531,0.0002783806914165568,1.4470677837014472,37988,8.555218188830585,
100,random,446.0,10217,108,1.057061759812078,0.00027188511508444607,2.0563594821020565,1095,0.025144120878155082,
100,random_matched,446.0,10217,80,0.7830087109719096,0.0002842970797854587,0.4188880426504189,34089,1.691548950700338,
100,random,447.0,10217,0,0.0,0.0,0.0,1689,0.013192092368863106,
100,random_matched,447.0,10217,11,0.10766369775863756,1.3373572355860478e-06,0.09520182787509521,29890,0.6112224335087273,
100,random,448.0,10217,0,0.0,0.0,0.0,1662,0.04272454514385624,
100,random_matched,448.0,10217,61,0.597044142116081,4.819433047027775e-06,1.0662604722010662,29663,6.791781517165741,
100,random,449.0,10217,0,0.0,0.0,0.0,1149,0.147724034080632,
100,random_matched,449.0,10217,71,0.6949202309875697,0.00027389726520615077,0.32368621477532367,33088,2.1042864472657485,
100,random,450.0,10217,0,0.0,0.0,0.0,800,0.20302130783562605,
100,random_matched,450.0,10217,7,0.06851326221004209,7.773180490878257e-06,0.13328255902513328,35255,7.091991012757703,
100,random,451.0,10217,2,0.01957521777429774,3.612976737867544e-08,0.0,2834,0.034546796820911475,
100,random_matched,451.0,10217,76,0.7438582754233141,0.0002845183051303312,0.3617669459253618,35213,8.0482742167729,
100,random,452.0,10217,0,0.0,0.0,0.0,3538,0.06116848419036785,
100,random_matched,452.0,10217,77,0.753645884310463,3.59524535972324e-05,1.428027418126428,29411,6.8151684264678565,
100,random,453.0,10217,5,0.04893804443574435,8.457144779485335e-07,0.01904036557501904,3595,0.10117648139034716,
100,random_matched,453.0,10217,40,0.3915043554859548,1.9534531457787226e-05,0.6664127951256664,37190,7.505939552930613,
100,random,454.0,10217,0,0.0,0.0,0.0,2426,0.13008472179563374,
100,random_matched,454.0,10217,79,0.7732211020847607,0.00029625964576453814,0.43792840822543794,33527,8.47185834084544,
100,random,455.0,10217,1,0.00978760888714887,1.7870338788067928e-07,0.01904036557501904,1357,0.03341144234774415,
100,random_matched,455.0,10217,115,1.12557502202212,0.0003036026041023226,1.1805026656511806,34812,7.959052084242323,
100,random,456.0,10217,0,0.0,0.0,0.0,4075,0.02135682958836356,
100,random_matched,456.0,10217,71,0.6949202309875697,2.680578610338942e-05,1.1424219345011424,33349,0.6730651652050771,
100,random,457.0,10217,0,0.0,0.0,0.0,909,0.01927624812886854,
100,random_matched,457.0,10217,61,0.597044142116081,0.0002945696064150787,0.15232292460015232,30508,7.925283771355902,
100,random,458.0,10217,1,0.00978760888714887,4.724661887980634e-09,0.0,2574,0.08175174511471767,
100,random_matched,458.0,10217,63,0.6166193598903787,0.00027435472364542227,0.11424219345011424,26113,1.5620266694816376,
100,random,459.0,10217,3,0.029362826661446607,8.337638625848178e-08,0.0,1670,0.009082950057044837,
100,random_matched,459.0,10217,88,0.8613095820691005,0.0002919760449598649,0.6664127951256664,36702,8.360491313426861,
100,random,460.0,10217,0,0.0,0.0,0.0,1015,0.013115673165295947,
100,random_matched,460.0,10217,74,0.7242830576490163,0.0002858640000045431,0.39984767707539987,38142,8.031108506748744,
100,random,461.0,10217,0,0.0,0.0,0.0,961,0.11580051092335568,
100,random_matched,461.0,10217,157,1.5366545952823725,0.0003135024382853672,1.827875095201828,39354,2.404220140159096,
100,random,462.0,10217,1,0.00978760888714887,4.0298586691599526e-08,0.01904036557501904,938,0.07831765655925331,
100,random_matched,462.0,10217,142,1.3898404619751394,0.00028813934158553706,1.6945925361766947,39291,2.2733850278105368,
100,random,463.0,10217,0,0.0,0.0,0.0,1706,0.05315186214747594,
100,random_matched,463.0,10217,73,0.7144954487618674,0.00027381472258375487,0.38080731150038083,41115,8.561830330660976,
100,random,464.0,10217,0,0.0,0.0,0.0,1361,0.08323063049196214,
100,random_matched,464.0,10217,122,1.194088284232162,0.0002792072293256659,1.2376237623762376,40824,8.253908044034914,
100,random,465.0,10217,0,0.0,0.0,0.0,1939,0.24120693636749466,
100,random_matched,465.0,10217,34,0.33277870216306155,1.804042661603523e-05,0.49504950495049505,37287,7.020818143845472,
100,random,466.0,10217,0,0.0,0.0,0.0,879,0.00853879771443572,
100,random_matched,466.0,10217,74,0.7242830576490163,0.00028387102645167786,0.38080731150038083,38238,8.054173199994217,
100,random,467.0,10217,1,0.00978760888714887,1.5174502299043683e-07,0.0,3152,6.3444942416053065,
100,random_matched,467.0,10217,83,0.8123715376333561,6.9869411684607734e-06,1.4851485148514851,30788,7.423236257795154,
100,random,468.0,10217,2,0.01957521777429774,0.002878922695609244,0.03808073115003808,34139,0.023000969311049852,
100,random_matched,468.0,10217,62,0.60683175100323,6.87327136186171e-06,1.1233815689261233,32229,0.6216227316022426,
100,random,469.0,10217,0,0.0,0.0,0.0,1042,0.006973900658725641,
100,random_matched,469.0,10217,7,0.06851326221004209,7.953829327771633e-06,0.11424219345011424,28765,6.844343153253482,
100,random,470.0,10217,1,0.00978760888714887,1.813075103448192e-05,0.0,2242,0.031620717419627686,
100,random_matched,470.0,10217,18,0.17617695996867966,1.2470328171393592e-06,0.32368621477532367,31293,7.261191977577093,
100,random,471.0,10217,54,0.528530879906039,2.3748374019290894e-05,1.0091393754760092,2786,0.09350433616732319,
100,random_matched,471.0,10217,92,0.900460017617696,2.1159259304677508e-05,1.6565118050266565,33034,7.268798388001087,
100,random,472.0,10217,0,0.0,0.0,0.0,1290,0.09758240292346451,
100,random_matched,472.0,10217,92,0.900460017617696,1.5661698316080747e-05,1.6184310738766183,28857,7.205696469392543,
100,random,473.0,10217,0,0.0,0.0,0.0,2789,0.09429511224577256,
100,random_matched,473.0,10217,33,0.3229910932759127,1.862156002825685e-05,0.6092916984006093,30613,0.8633236169427256,
100,random,474.0,10217,43,0.4208671821474014,6.870436564728922e-05,0.8187357197258187,7912,0.21292332574106393,
100,random_matched,474.0,10217,22,0.21532739551727512,1.2458933398604932e-05,0.39984767707539987,40998,7.165162641413526,
100,random,475.0,10217,0,0.0,0.0,0.0,1540,0.01437365387614578,
100,random_matched,475.0,10217,64,0.6264069687775277,1.2065396855464898e-05,1.1043412033511044,36910,0.7129550959258754,
100,random,476.0,10217,0,0.0,0.0,0.0,2001,0.14130296247865673,
100,random_matched,476.0,10217,7,0.06851326221004209,2.775044055969802e-06,0.01904036557501904,33186,0.626218003210705,
100,random,477.0,10217,1,0.00978760888714887,6.784058628565134e-07,0.01904036557501904,1257,0.014497157784016718,
100,random_matched,477.0,10217,28,0.27405304884016835,3.945426182008863e-05,0.5140898705255141,36503,6.9826296331272335,
100,random,478.0,10217,1,0.00978760888714887,9.393739518455614e-08,0.01904036557501904,3296,0.2127504294752654,
100,random_matched,478.0,10217,1,0.00978760888714887,8.615559913376451e-09,0.0,30180,0.5653624822429875,
100,random,479.0,10217,32,0.31320348438876383,6.518921720263162e-05,0.6092916984006093,6178,0.09910238167596883,
100,random_matched,479.0,10217,93,0.9102476265048449,0.00030652744773227016,0.7044935262757045,38226,2.1356035066712518,
100,random,480.0,10217,0,0.0,0.0,0.0,2096,0.1258534944496307,
100,random_matched,480.0,10217,62,0.60683175100323,1.0097714139764729e-05,1.1424219345011424,34166,6.945500316377042,
100,random,481.0,10217,1,0.00978760888714887,1.7786962401809448e-08,0.0,1678,0.03152168511507559,
100,random_matched,481.0,10217,13,0.12723891553293531,3.3269957330009514e-06,0.15232292460015232,36604,7.194826781220245,
100,random,482.0,10217,0,0.0,0.0,0.0,1417,0.12396471963621464,
100,random_matched,482.0,10217,86,0.8417343642948028,0.0003121470161660918,0.5712109672505712,36502,8.081564996134357,
100,random,483.0,10217,0,0.0,0.0,0.0,3192,1.0123364850949,
100,random_matched,483.0,10217,43,0.4208671821474014,1.289360229229915e-05,0.6473724295506473,32810,7.509582115930201,
100,random,484.0,10217,1,0.00978760888714887,1.4118401406436249e-07,0.01904036557501904,771,0.031144250430591335,
100,random_matched,484.0,10217,36,0.3523539199373593,1.913432480374651e-05,0.6473724295506473,36242,1.0863506977640025,
100,random,485.0,10217,0,0.0,0.0,0.0,1204,0.009497713498910184,
100,random_matched,485.0,10217,13,0.12723891553293531,2.29059945967927e-05,0.17136329017517135,28378,0.49095743018341254,
100,random,486.0,10217,0,0.0,0.0,0.0,830,0.07143007230354333,
100,random_matched,486.0,10217,65,0.6361945776646766,7.062257837380935e-06,1.1233815689261233,33815,0.7337987074747809,
100,random,487.0,10217,0,0.0,0.0,0.0,2064,0.10712603777722438,
100,random_matched,487.0,10217,97,0.9493980620534404,0.0003139387747067866,0.7616146230007617,39345,2.2347023046595433,
100,random,488.0,10217,0,0.0,0.0,0.0,1927,0.049643739810312795,
100,random_matched,488.0,10217,75,0.7340706665361653,0.00028611134995044327,0.3617669459253618,31248,7.87646615249763,
100,random,489.0,10217,0,0.0,0.0,0.0,1125,0.05056562203931403,
100,random_matched,489.0,10217,90,0.8808847998433983,1.7578521436163243e-05,1.6565118050266565,38161,7.448230371665119,
100,random,490.0,10217,0,0.0,0.0,0.0,2281,0.01861447845836835,
100,random_matched,490.0,10217,7,0.06851326221004209,5.683490329953175e-07,0.09520182787509521,32819,6.875434368915509,
100,random,491.0,10217,16,0.15660174219438192,4.200835845247346e-05,0.0,2142,0.25483014890328987,
100,random_matched,491.0,10217,66,0.6459821865518254,0.0002751101137049241,0.11424219345011424,32917,8.118797052671127,
100,random,492.0,10217,0,0.0,0.0,0.0,1037,0.017723322621497135,
100,random_matched,492.0,10217,63,0.6166193598903787,0.00029725182476101405,0.19040365575019041,33690,8.058507987661132,
100,random,493.0,10217,0,0.0,0.0,0.0,2452,0.06260394473212322,
100,random_matched,493.0,10217,80,0.7830087109719096,3.598608207302332e-05,1.466108149276466,35411,6.931331689748548,
100,random,494.0,10217,4,0.03915043554859548,3.668560995373198e-07,0.0,1036,0.19359838675557572,
100,random_matched,494.0,10217,119,1.1647254575707155,0.0003060116258226177,1.2376237623762376,38327,8.169359422728133,
100,random,495.0,10217,0,0.0,0.0,0.0,1096,0.021717101297409076,
100,random_matched,495.0,10217,73,0.7144954487618674,3.274857699460647e-05,1.2757044935262758,38995,7.039714409983071,
100,random,496.0,10217,0,0.0,0.0,0.0,879,0.06534438974657358,
100,random_matched,496.0,10217,59,0.5774689243417833,0.00027371939558213266,0.03808073115003808,37525,8.137995518271488,
100,random,497.0,10217,0,0.0,0.0,0.0,1829,0.28920884728295904,
100,random_matched,497.0,10217,95,0.9298228442791426,0.00028750317975838487,0.7425742574257426,37645,2.216399818114322,
100,random,498.0,10217,0,0.0,0.0,0.0,1501,1.1615927361103562,
100,random_matched,498.0,10217,65,0.6361945776646766,1.1129357959069676e-05,1.1424219345011424,32653,0.4319490923022433,
100,random,499.0,10217,19,0.18596456885582852,4.48398205298115e-06,0.0,1667,0.03984892304931819,
100,random_matched,499.0,10217,149,1.4583537241851816,0.000317019810100325,1.6565118050266565,41137,8.276710615444383,
100,random,500.0,10217,0,0.0,0.0,0.0,992,0.021028628551103747,
100,random_matched,500.0,10217,3,0.029362826661446607,8.065275764070471e-07,0.05712109672505712,30744,6.886888959990557,
100,random,501.0,10217,0,0.0,0.0,0.0,776,0.010410152441073937,
100,random_matched,501.0,10217,39,0.3817167465988059,1.9171010413700243e-05,0.7235338918507236,32445,0.9842418624124603,
100,random,502.0,10217,0,0.0,0.0,0.0,972,0.013155682546453258,
100,random_matched,502.0,10217,66,0.6459821865518254,7.084491540383197e-06,1.1424219345011424,29813,6.780032555826916,
100,random,503.0,10217,3,0.029362826661446607,5.122089329146064e-07,0.03808073115003808,3679,0.33033291243145874,
100,random_matched,503.0,10217,14,0.13702652442008417,3.0164464863168593e-05,0.17136329017517135,31575,0.5951228594587756,
100,random,504.0,10217,1,0.00978760888714887,7.920756694555769e-08,0.01904036557501904,2059,0.258658119333406,
100,random_matched,504.0,10217,16,0.15660174219438192,3.861994211492876e-06,0.20944402132520945,36522,0.8097831468772636,
100,random,505.0,10217,0,0.0,0.0,0.0,1260,0.011521805057832702,
100,random_matched,505.0,10217,131,1.2821767642165018,0.00027874004364133087,1.38994668697639,36656,8.42344336627974,
100,random,506.0,10217,0,0.0,0.0,0.0,868,0.006686991385104598,
100,random_matched,506.0,10217,6,0.058725653322893215,5.6445813496992165e-06,0.09520182787509521,32158,0.6379716179473459,
100,random,507.0,10217,1,0.00978760888714887,1.4974398972023327e-06,0.0,980,0.018333789057203793,
100,random_matched,507.0,10217,72,0.7047078398747186,0.00027958019969352883,0.3427265803503427,36376,2.1393159801484707,
100,random,508.0,10217,14,0.13702652442008417,9.347882506013449e-06,0.01904036557501904,1672,0.12417920604177386,
100,random_matched,508.0,10217,17,0.16638935108153077,9.320924141123207e-06,0.15232292460015232,35754,0.7155548137469488,
100,random,509.0,10217,0,0.0,0.0,0.0,2530,0.02744429446652969,
100,random_matched,509.0,10217,124,1.21366350200646,0.0002807160639956569,1.2376237623762376,43017,2.1594928226397268,
100,random,510.0,10217,0,0.0,0.0,0.0,1221,0.019144919783332263,
100,random_matched,510.0,10217,9,0.08808847998433983,7.953273485196578e-06,0.13328255902513328,32582,6.960825123497171,
100,random,511.0,10217,0,0.0,0.0,0.0,1212,0.07185403303065627,
100,random_matched,511.0,10217,76,0.7438582754233141,0.0002803403144149187,0.3427265803503427,37271,8.48129216852501,
100,random,512.0,10217,0,0.0,0.0,0.0,2715,0.0513313091298093,
100,random_matched,512.0,10217,65,0.6361945776646766,3.1296160345983724e-05,1.1995430312261997,35324,0.667926723673258,
100,random,513.0,10217,1,0.00978760888714887,5.697386394329588e-07,0.01904036557501904,3547,0.06248371343895125,
100,random_matched,513.0,10217,23,0.225115004404424,2.5436189998450094e-05,0.24752475247524752,33615,7.216611947189807,
100,random,514.0,10217,0,0.0,0.0,0.0,690,0.02690281005084054,
100,random_matched,514.0,10217,79,0.7732211020847607,0.00030537713152319063,0.476009139375476,34211,1.6489467746828252,
100,random,515.0,10217,0,0.0,0.0,0.0,1673,0.026741615525185326,
100,random_matched,515.0,10217,89,0.8710971909562494,0.0002872166429109432,0.6283320639756284,30334,8.25431822549878,
100,random,516.0,10217,0,0.0,0.0,0.0,1705,0.09517302050025177,
100,random_matched,516.0,10217,24,0.23490261329157286,2.8137029070649847e-05,0.43792840822543794,31964,0.9780060141365973,
100,random,517.0,10217,0,0.0,0.0,0.0,1071,0.01442213840885135,
100,random_matched,517.0,10217,69,0.675345013213272,2.6491735048482473e-05,1.1995430312261997,34730,7.017622729206726,
100,random,518.0,10217,0,0.0,0.0,0.0,1218,0.015764158024126618,
100,random_matched,518.0,10217,62,0.60683175100323,0.0002741268281896491,0.07616146230007616,34457,8.112147213874524,
100,random,519.0,10217,0,0.0,0.0,0.0,2405,0.10079317917116741,
100,random_matched,519.0,10217,71,0.6949202309875697,0.00027568735621912033,0.3427265803503427,35556,8.515914749706676,
100,random,520.0,10217,0,0.0,0.0,0.0,1697,0.018831204271949033,
100,random_matched,520.0,10217,29,0.2838406577273172,2.536115125081746e-05,0.476009139375476,36043,7.441320471097439,
100,random,521.0,10217,2,0.01957521777429774,8.751741344265304e-07,0.03808073115003808,2228,0.14257589691195743,
100,random_matched,521.0,10217,129,1.2626015464422042,0.00030190811801226276,1.2757044935262758,34177,8.328736723529126,
100,random,522.0,10217,2,0.01957521777429774,2.890381390294035e-08,0.03808073115003808,2319,0.1437665446069955,
100,random_matched,522.0,10217,129,1.2626015464422042,0.0002801588318141627,1.4470677837014472,39597,8.681557293592862,
100,random,523.0,10217,0,0.0,0.0,0.0,1177,0.07716955602951595,
100,random_matched,523.0,10217,95,0.9298228442791426,0.00031220927053449816,0.7425742574257426,35980,8.483639220493775,
100,random,524.0,10217,1,0.00978760888714887,1.518784252084504e-05,0.01904036557501904,3175,0.03347629154105161,
100,random_matched,524.0,10217,90,0.8808847998433983,0.000311150668350303,0.7235338918507236,31071,8.40904775636492,
100,random,525.0,10217,9,0.08808847998433983,6.078138558243321e-07,0.17136329017517135,978,0.02068595309771657,
100,random_matched,525.0,10217,71,0.6949202309875697,0.00029651505542777664,0.20944402132520945,37125,1.8659991323610263,
100,random,526.0,10217,6,0.058725653322893215,1.9074293805640404e-05,0.03808073115003808,1945,0.15060477935666777,
100,random_matched,526.0,10217,69,0.675345013213272,2.883294397462064e-05,1.1995430312261997,33561,6.830823737517548,
100,random,527.0,10217,3,0.029362826661446607,8.276495942591958e-07,0.05712109672505712,1819,0.05287814173328674,
100,random_matched,527.0,10217,65,0.6361945776646766,5.364158770583189e-06,1.1043412033511044,36103,0.6329087846074009,
100,random,528.0,10217,0,0.0,0.0,0.0,771,0.024768833549484462,
100,random_matched,528.0,10217,19,0.18596456885582852,1.0952044177626637e-05,0.3617669459253618,31598,0.5039503199874299,
100,random,529.0,10217,0,0.0,0.0,0.0,2219,0.08171783974720354,
100,random_matched,529.0,10217,75,0.7340706665361653,1.0633824303406767e-05,1.3137852246763138,35653,7.339747163748896,
100,random,530.0,10217,0,0.0,0.0,0.0,960,0.11266704583337163,
100,random_matched,530.0,10217,42,0.4110795732602525,1.4155920780252566e-05,0.7044935262757045,36857,1.2155428654814704,
100,random,531.0,10217,0,0.0,0.0,0.0,1654,0.017423362566755994,
100,random_matched,531.0,10217,31,0.303415875501615,2.409799899900146e-05,0.43792840822543794,33232,1.0681188390687903,
100,random,532.0,10217,1,0.00978760888714887,6.72208218144633e-06,0.01904036557501904,4144,0.08692162723683092,
100,random_matched,532.0,10217,19,0.18596456885582852,3.2719673180703533e-06,0.3427265803503427,37541,7.3136333569779515,
100,random,533.0,10217,0,0.0,0.0,0.0,2778,0.29611443409372745,
100,random_matched,533.0,10217,22,0.21532739551727512,1.814798215430867e-05,0.39984767707539987,28221,6.683268600192995,
100,random,534.0,10217,0,0.0,0.0,0.0,4449,0.10007188822566454,
100,random_matched,534.0,10217,27,0.2642654399530195,1.1726610805967934e-05,0.4188880426504189,30655,6.975715309292257,
100,random,535.0,10217,0,0.0,0.0,0.0,1967,0.08771543468971046,
100,random_matched,535.0,10217,77,0.753645884310463,1.4895747247652827e-05,1.428027418126428,35308,0.5262052886836033,
100,random,536.0,10217,1,0.00978760888714887,1.7509041114281174e-08,0.0,816,0.06996502015118548,
100,random_matched,536.0,10217,61,0.597044142116081,9.712237313963014e-06,1.1043412033511044,32906,0.5353269244745411,
100,random,537.0,10217,27,0.2642654399530195,0.0038883553235362204,0.456968773800457,1221,0.4231119581435597,
100,random_matched,537.0,10217,80,0.7830087109719096,0.00030527485648938025,0.49504950495049505,34768,7.958701704971405,
100,random,538.0,10217,0,0.0,0.0,0.0,1037,0.015401389795720538,
100,random_matched,538.0,10217,62,0.60683175100323,0.0002757457196895013,0.09520182787509521,33982,8.140244123578196,
100,random,539.0,10217,2,0.01957521777429774,6.945252975331532e-07,0.01904036557501904,1013,0.20422424450040907,
100,random_matched,539.0,10217,83,0.8123715376333561,2.3267014349291926e-05,1.466108149276466,41720,0.7545820581568071,
100,random,540.0,10217,0,0.0,0.0,0.0,1244,0.0060890234172710726,
100,random_matched,540.0,10217,12,0.11745130664578643,2.414997027976925e-05,0.20944402132520945,33989,6.860730134928663,
100,random,541.0,10217,0,0.0,0.0,0.0,985,0.012441108237907733,
100,random_matched,541.0,10217,72,0.7047078398747186,0.0003020059463054727,0.20944402132520945,34311,1.7444271225886585,
100,random,542.0,10217,0,0.0,0.0,0.0,584,0.027771711472915937,
100,random_matched,542.0,10217,13,0.12723891553293531,7.222062577709692e-06,0.13328255902513328,36255,6.954874348212094,
100,random,543.0,10217,0,0.0,0.0,0.0,1770,0.06633970265660163,
100,random_matched,543.0,10217,73,0.7144954487618674,3.2482884243729444e-05,1.2947448591012947,36145,7.114502907101458,
100,random,544.0,10217,0,0.0,0.0,0.0,1500,0.028203350623847316,
100,random_matched,544.0,10217,35,0.34256631105021046,2.988876694594055e-05,0.49504950495049505,38176,7.4272223501117125,
100,random,545.0,10217,0,0.0,0.0,0.0,1104,0.08872279532921472,
100,random_matched,545.0,10217,144,1.4094156797494373,0.0003109533442361579,1.5422696115765422,36349,1.7998992415768857,
100,random,546.0,10217,1,0.00978760888714887,8.559975655870796e-08,0.0,1237,0.20935738509474291,
100,random_matched,546.0,10217,73,0.7144954487618674,2.7231283594595206e-05,1.1805026656511806,39545,7.158560412653654,
100,random,547.0,10217,0,0.0,0.0,0.0,1533,0.015856308632590094,
100,random_matched,547.0,10217,35,0.34256631105021046,3.557864946550687e-05,0.476009139375476,35806,7.107849984555892,
100,random,548.0,10217,1,0.00978760888714887,2.779212875282726e-09,0.01904036557501904,1803,0.012005464815935854,
100,random_matched,548.0,10217,33,0.3229910932759127,3.556280795211776e-05,0.456968773800457,33681,6.868193518441191,
100,random,549.0,10217,0,0.0,0.0,0.0,946,0.08056978206935601,
100,random_matched,549.0,10217,82,0.8025839287462073,1.7262247010956067e-05,1.428027418126428,36951,7.111796810257383,
100,random,550.0,10217,0,0.0,0.0,0.0,1100,0.026957501759146338,
100,random_matched,550.0,10217,20,0.1957521777429774,1.890142676479782e-06,0.30464584920030463,33200,7.292350305647054,
100,random,551.0,10217,0,0.0,0.0,0.0,1091,0.015806029081831888,
100,random_matched,551.0,10217,145,1.4192032886365862,0.00028927437212380254,1.6755521706016756,43086,8.717389009092269,
100,random,552.0,10217,0,0.0,0.0,0.0,2005,0.10263667699518858,
100,random_matched,552.0,10217,21,0.20553978663012626,2.4620213098267085e-05,0.39984767707539987,35130,1.0479115177741012,
100,random,553.0,10217,0,0.0,0.0,0.0,1222,0.010526300107853829,
100,random_matched,553.0,10217,128,1.2528139375550553,0.0003023027662405529,1.3137852246763138,42125,2.165041234550176,
100,random,554.0,10217,19,0.18596456885582852,4.152977799534977e-05,0.3617669459253618,1843,0.013609414227263243,
100,random_matched,554.0,10217,66,0.6459821865518254,7.451625561208045e-06,1.1614623000761615,27092,6.8255418246842945,
100,random,555.0,10217,0,0.0,0.0,0.0,1091,0.10358042162354886,
100,random_matched,555.0,10217,4,0.03915043554859548,2.514353888268282e-06,0.05712109672505712,33293,6.833139245734062,
100,random,556.0,10217,0,0.0,0.0,0.0,1364,0.016569259330642384,
100,random_matched,556.0,10217,33,0.3229910932759127,3.568564916120526e-05,0.476009139375476,32803,6.840846078768366,
100,random,557.0,10217,0,0.0,0.0,0.0,1148,0.03196003614164322,
100,random_matched,557.0,10217,137,1.340902417539395,0.0002906639785614439,1.428027418126428,37588,1.7857936024651508,
100,random,558.0,10217,0,0.0,0.0,0.0,573,0.009050027108783214,
100,random_matched,558.0,10217,65,0.6361945776646766,7.6247705233381586e-06,1.1233815689261233,34908,0.6291644071046343,
100,random,559.0,10217,0,0.0,0.0,0.0,3043,0.06662845773570032,
100,random_matched,559.0,10217,13,0.12723891553293531,7.132849844413116e-06,0.15232292460015232,38596,6.994322188682158,
100,random,560.0,10217,0,0.0,0.0,0.0,999,0.0388628867798893,
100,random_matched,560.0,10217,25,0.24469022217872174,7.743998755687788e-06,0.38080731150038083,36757,1.2064568824628883,
100,random,561.0,10217,0,0.0,0.0,0.0,1358,0.016986035224223685,
100,random_matched,561.0,10217,90,0.8808847998433983,0.00030605220233059685,0.7044935262757045,37348,2.2406397339615927,
100,random,562.0,10217,0,0.0,0.0,0.0,2961,0.042549993525423845,
100,random_matched,562.0,10217,80,0.7830087109719096,0.0002845636063001983,0.43792840822543794,35950,1.7881249500098384,
100,random,563.0,10217,0,0.0,0.0,0.0,1396,0.08461908092344421,
100,random_matched,563.0,10217,79,0.7732211020847607,2.8735393602698217e-05,1.408987052551409,33909,7.311110972534095,
100,random,564.0,10217,0,0.0,0.0,0.0,1528,0.04495223872831589,
100,random_matched,564.0,10217,102,0.9983361064891847,3.869553670513645e-05,1.7517136329017517,33881,1.0546657310775254,
100,random,565.0,10217,2,0.01957521777429774,1.0764447308545055e-05,0.03808073115003808,1120,0.06642826005474578,
100,random_matched,565.0,10217,93,0.9102476265048449,0.0002871446612974734,0.7806549885757806,41559,8.762083731769186,
100,random,566.0,10217,1,0.00978760888714887,9.699452934736714e-08,0.0,1236,0.05916644072232705,
100,random_matched,566.0,10217,63,0.6166193598903787,0.0002965937071521471,0.19040365575019041,30821,1.6457491111134166,
100,random,567.0,10217,0,0.0,0.0,0.0,685,0.10175225366634504,
100,random_matched,567.0,10217,44,0.43065479103455023,3.380995839167695e-05,0.7425742574257426,35616,1.1848265705263903,
100,random,568.0,10217,0,0.0,0.0,0.0,926,0.03994395108282979,
100,random_matched,568.0,10217,74,0.7242830576490163,3.275052244361917e-05,1.2947448591012947,40634,0.9277682328612469,
100,random,569.0,10217,18,0.17617695996867966,1.1254700459744927e-05,0.32368621477532367,1317,0.029425842034365577,
100,random_matched,569.0,10217,37,0.3621415288245082,3.462009894482186e-05,0.6854531607006854,35490,7.297978007837691,
100,random,570.0,10217,0,0.0,0.0,0.0,950,0.05441743399125749,
100,random_matched,570.0,10217,139,1.360477635313693,0.00028661049658284404,1.466108149276466,43009,8.677029745428541,
100,random,571.0,10217,3,0.029362826661446607,8.337638625848178e-08,0.0,1977,0.009839089111638551,
100,random_matched,571.0,10217,100,0.978760888714887,0.000307233367802592,0.7616146230007617,37806,8.524703140634209,
100,random,572.0,10217,0,0.0,0.0,0.0,803,0.024985395891040898,
100,random_matched,572.0,10217,19,0.18596456885582852,2.2598335731498903e-05,0.3427265803503427,30691,7.201031249215881,
100,random,573.0,10217,0,0.0,0.0,0.0,1656,0.0174553126184073,
100,random_matched,573.0,10217,28,0.27405304884016835,3.127364872169393e-05,0.43792840822543794,35685,1.0965964497232177,
100,random,574.0,10217,2,0.01957521777429774,1.0752774614468867e-06,0.03808073115003808,7367,0.10086566552351049,
100,random_matched,574.0,10217,58,0.5676813154546344,9.271732073230702e-06,1.0853008377760853,36362,6.988183285665101,
100,random,575.0,10217,39,0.3817167465988059,1.045956765612654e-05,0.0,2126,0.031866790429328,
100,random_matched,575.0,10217,25,0.24469022217872174,1.367233773995337e-05,0.38080731150038083,36913,7.108902247627531,
100,random,576.0,10217,0,0.0,0.0,0.0,779,0.038126859545598864,
100,random_matched,576.0,10217,28,0.27405304884016835,2.5216632181302757e-05,0.43792840822543794,35659,1.1570321412034252,
100,random,577.0,10217,0,0.0,0.0,0.0,2354,0.06404416342075904,
100,random_matched,577.0,10217,90,0.8808847998433983,1.529762142941871e-05,1.6755521706016756,39566,1.2343808340035876,
100,random,578.0,10217,0,0.0,0.0,0.0,2070,0.31164874727755093,
100,random_matched,578.0,10217,43,0.4208671821474014,3.901597994965655e-05,0.7425742574257426,33218,7.227883881290813,
100,random,579.0,10217,0,0.0,0.0,0.0,901,0.05292974016998813,
100,random_matched,579.0,10217,146,1.4289908975237349,0.0003101176349245604,1.7707539984767708,31406,1.9909062126682697,
100,random,580.0,10217,68,0.6655574043261231,2.092747295087893e-06,0.01904036557501904,4475,0.2524159877008052,
100,random_matched,580.0,10217,21,0.20553978663012626,1.634010417893726e-05,0.38080731150038083,34776,0.5129542702048743,
100,random,581.0,10217,1,0.00978760888714887,4.510662496583864e-07,0.01904036557501904,3384,0.03964285783366815,
100,random_matched,581.0,10217,62,0.60683175100323,0.0002758482726445992,0.09520182787509521,30244,1.600256154542108,
100,random,582.0,10217,2,0.01957521777429774,1.156152556117614e-07,0.01904036557501904,1972,0.06113236956986586,
100,random_matched,582.0,10217,15,0.14681413330723303,2.7813806613254464e-05,0.19040365575019041,32713,0.5984966966700028,
100,random,583.0,10217,0,0.0,0.0,0.0,1763,0.05608433282877562,
100,random_matched,583.0,10217,25,0.24469022217872174,3.0153348011667465e-05,0.456968773800457,36256,7.125950233987623,
100,random,584.0,10217,2,0.01957521777429774,0.0008015455594068152,0.0,435,0.009592468550012365,
100,random_matched,584.0,10217,30,0.29362826661446606,1.4858505795124038e-05,0.4188880426504189,38475,0.8341888011376208,
100,random,585.0,10217,1,0.00978760888714887,6.784058628565134e-07,0.01904036557501904,1303,0.058255961857347216,
100,random_matched,585.0,10217,126,1.2332387197807575,0.00029966084648130913,1.2757044935262758,37254,8.19313202443262,
100,random,586.0,10217,4,0.03915043554859548,8.50466931965267e-06,0.07616146230007616,2142,0.09696263921476728,
100,random_matched,586.0,10217,11,0.10766369775863756,2.253608136309257e-05,0.17136329017517135,30054,6.952551223468936,
100,random,587.0,10217,0,0.0,0.0,0.0,1399,0.04532933535900244,
100,random_matched,587.0,10217,83,0.8123715376333561,1.6053845252783138e-05,1.466108149276466,31907,6.852387278274124,
100,random,588.0,10217,0,0.0,0.0,0.0,935,0.20615058772436798,
100,random_matched,588.0,10217,66,0.6459821865518254,3.082174870817296e-05,1.1995430312261997,30032,6.713300925024418,
100,random,589.0,10217,0,0.0,0.0,0.0,641,0.004087081524080293,
100,random_matched,589.0,10217,78,0.7634334931976118,0.0002863478609661298,0.39984767707539987,34283,8.145913382579344,
100,random,590.0,10217,2,0.01957521777429774,1.7536833243034001e-06,0.01904036557501904,1246,0.08446300957928671,
100,random_matched,590.0,10217,28,0.27405304884016835,2.9020818764989754e-05,0.456968773800457,34756,7.462826760142066,
100,random,591.0,10217,0,0.0,0.0,0.0,2326,0.06827222607534124,
100,random_matched,591.0,10217,71,0.6949202309875697,0.00029816785332470723,0.26656511805026656,36625,8.228910924184232,
100,random,592.0,10217,1,0.00978760888714887,8.143093724578387e-08,0.01904036557501904,1127,0.11253551116392126,
100,random_matched,592.0,10217,77,0.753645884310463,0.0002862425287981566,0.39984767707539987,36037,1.8091503392754908,
100,random,593.0,10217,0,0.0,0.0,0.0,1416,0.12761574509049486,
100,random_matched,593.0,10217,79,0.7732211020847607,0.00028246335513034716,0.4188880426504189,40843,8.769683362071941,
100,random,594.0,10217,5,0.04893804443574435,5.6117866377708804e-05,0.09520182787509521,1980,0.07686602815816797,
100,random_matched,594.0,10217,78,0.7634334931976118,1.093231176621213e-05,1.4470677837014472,37801,1.1111341422208192,
100,random,595.0,10217,0,0.0,0.0,0.0,862,0.005920550418769359,
100,random_matched,595.0,10217,45,0.44044239992169915,3.562422855666151e-05,0.7425742574257426,36705,7.5198659108449615,
100,random,596.0,10217,0,0.0,0.0,0.0,938,0.04802918376269383,
100,random_matched,596.0,10217,77,0.753645884310463,5.683212408665646e-06,1.351865955826352,40749,7.4504422576635445,
100,random,597.0,10217,0,0.0,0.0,0.0,619,0.0369542239282614,
100,random_matched,597.0,10217,84,0.822159146520505,3.332276237463988e-05,1.4851485148514851,39568,7.529556207085289,
100,random,598.0,10217,0,0.0,0.0,0.0,1505,0.01291771489236286,
100,random_matched,598.0,10217,73,0.7144954487618674,0.00028070272377385554,0.2284843869002285,36215,1.879938137931309,
100,random,599.0,10217,0,0.0,0.0,0.0,3426,0.07793772376830146,
100,random_matched,599.0,10217,114,1.1157874131349712,0.00027737600596214215,1.0662604722010662,31151,8.099628823046823,
100,random,600.0,10217,0,0.0,0.0,0.0,2662,0.04221225397490466,
100,random_matched,600.0,10217,99,0.9689732798277381,1.6567999634710443e-05,1.6945925361766947,41039,7.458134728966321,
100,random,601.0,10217,0,0.0,0.0,0.0,1542,0.01952816169244481,
100,random_matched,601.0,10217,23,0.225115004404424,2.0254903435060507e-06,0.3427265803503427,33054,1.0232073096358327,
100,random,602.0,10217,0,0.0,0.0,0.0,2185,0.051049919814443845,
100,random_matched,602.0,10217,81,0.7927963198590584,0.00031040333800813944,0.5331302361005331,32041,8.027743285941591,
100,random,603.0,10217,0,0.0,0.0,0.0,1678,0.02252133763059267,
100,random_matched,603.0,10217,24,0.23490261329157286,3.2299456193960785e-05,0.4188880426504189,38368,6.996300382692837,
100,random,604.0,10217,17,0.16638935108153077,7.838214072159872e-06,0.32368621477532367,826,0.013672698533037634,
100,random_matched,604.0,10217,91,0.8906724087305471,2.873678320913586e-05,1.5232292460015233,36755,7.437661830703622,
100,random,605.0,10217,0,0.0,0.0,0.0,1650,0.017038390710979102,
100,random_matched,605.0,10217,139,1.360477635313693,0.00029457711028984195,1.466108149276466,33573,1.6357358576374614,
100,random,606.0,10217,1,0.00978760888714887,3.640768866620371e-08,0.01904036557501904,3809,0.10133676015524519,
100,random_matched,606.0,10217,73,0.7144954487618674,6.546158006440933e-06,1.1995430312261997,33371,0.696744921148219,
100,random,607.0,10217,0,0.0,0.0,0.0,2089,0.06281393327635514,
100,random_matched,607.0,10217,18,0.17617695996867966,9.72891259121471e-06,0.17136329017517135,32975,0.6799214485359116,
100,random,608.0,10217,0,0.0,0.0,0.0,8788,0.05531690944318787,
100,random_matched,608.0,10217,75,0.7340706665361653,0.00030224634821918465,0.24752475247524752,39519,8.20523240301036,
100,random,609.0,10217,13,0.12723891553293531,7.0147332972136e-07,0.24752475247524752,4465,0.4649833078765243,
100,random_matched,609.0,10217,26,0.25447783106587063,1.3798791925778735e-05,0.4188880426504189,35209,0.7991399420525759,
100,random,610.0,10217,1,0.00978760888714887,7.086992831970952e-08,0.0,2632,6.322475120188229,
100,random_matched,610.0,10217,80,0.7830087109719096,1.7024902231406924e-05,1.466108149276466,30903,6.958090085756377,
100,random,611.0,10217,1,0.00978760888714887,2.1733444684710916e-07,0.01904036557501904,912,0.013899859575350488,
100,random_matched,611.0,10217,29,0.2838406577273172,3.193037672412324e-06,0.38080731150038083,32319,7.300178752344755,
100,random,612.0,10217,0,0.0,0.0,0.0,859,0.012150988246761947,
100,random_matched,612.0,10217,25,0.24469022217872174,9.61802199749093e-06,0.38080731150038083,34704,7.355180195697504,
100,random,613.0,10217,0,0.0,0.0,0.0,933,0.20580329855084023,
100,random_matched,613.0,10217,73,0.7144954487618674,0.00027929671998025,0.38080731150038083,33100,8.390907595952667,
100,random,614.0,10217,14,0.13702652442008417,1.3798791925778734e-06,0.26656511805026656,3289,0.49951145936402963,
100,random_matched,614.0,10217,91,0.8906724087305471,0.0002850747035479628,0.6473724295506473,30645,8.287499121504913,
100,random,615.0,10217,3,0.029362826661446607,1.3340221801357086e-07,0.01904036557501904,2420,0.03682989472473407,
100,random_matched,615.0,10217,80,0.7830087109719096,3.3524811150672936e-05,1.466108149276466,39017,7.424640671349159,
100,random,616.0,10217,0,0.0,0.0,0.0,1672,0.07613249426902403,
100,random_matched,616.0,10217,23,0.225115004404424,2.1249861644411722e-06,0.3617669459253618,39396,7.607763064528458,
100,random,617.0,10217,0,0.0,0.0,0.0,546,0.05400128183073957,
100,random_matched,617.0,10217,64,0.6264069687775277,0.00028143476844520504,0.20944402132520945,33443,1.859055120101918,
100,random,618.0,10217,11,0.10766369775863756,2.2689493913808177e-06,0.20944402132520945,2028,0.01859547285166603,
100,random_matched,618.0,10217,68,0.6655574043261231,0.0002736568632924388,0.2856054836252856,29375,8.253967479606137,
100,random,619.0,10217,10,0.0978760888714887,1.53329174329348e-05,0.19040365575019041,1505,0.06131803252462585,
100,random_matched,619.0,10217,75,0.7340706665361653,1.4957723694771631e-05,1.408987052551409,31469,6.803626403253549,
100,random,620.0,10217,0,0.0,0.0,0.0,1433,0.02541697473190508,
100,random_matched,620.0,10217,26,0.25447783106587063,1.1123243690744054e-05,0.456968773800457,41825,7.179514843951035,
100,random,621.0,10217,0,0.0,0.0,0.0,2032,0.09637372886676257,
100,random_matched,621.0,10217,87,0.8515219731819517,0.0003066199955210171,0.49504950495049505,36282,8.030874240228252,
100,random,622.0,10217,0,0.0,0.0,0.0,3065,0.05162345109531323,
100,random_matched,622.0,10217,30,0.29362826661446606,3.140093667138188e-05,0.476009139375476,33192,7.258508793797233,
100,random,623.0,10217,0,0.0,0.0,0.0,1214,0.10220064473199399,
100,random_matched,623.0,10217,79,0.7732211020847607,0.0002800965774457564,0.39984767707539987,38585,2.309901518096866,
100,random,624.0,10217,0,0.0,0.0,0.0,617,0.022094362987226893,
100,random_matched,624.0,10217,83,0.8123715376333561,0.0002921683664908344,0.476009139375476,45261,8.27549641984232,
100,random,625.0,10217,0,0.0,0.0,0.0,1482,0.03179765287282141,
100,random_matched,625.0,10217,45,0.44044239992169915,3.366210426671191e-05,0.7616146230007617,39065,7.40568969445797,
100,random,626.0,10217,0,0.0,0.0,0.0,1987,0.01597096918008146,
100,random_matched,626.0,10217,14,0.13702652442008417,9.324259196573546e-06,0.15232292460015232,35677,0.7270966195275926,
100,random,627.0,10217,1,0.00978760888714887,5.4194651068013154e-08,0.01904036557501904,552,0.14103317174147756,
100,random_matched,627.0,10217,69,0.675345013213272,7.905193102454186e-06,1.1995430312261997,33417,6.8361353451233615,
100,random,628.0,10217,3,0.029362826661446607,2.373447795491448e-07,0.03808073115003808,1432,0.06086691004777567,
100,random_matched,628.0,10217,28,0.27405304884016835,3.4762672565323865e-05,0.4188880426504189,33299,7.104598676768818,
100,random,629.0,10217,1,0.00978760888714887,1.968794400850283e-06,0.01904036557501904,1911,0.017299576153833447,
100,random_matched,629.0,10217,67,0.6557697954389743,3.093903149150989e-05,1.2376237623762376,34355,6.837227316025822,
100,random,630.0,10217,0,0.0,0.0,0.0,1231,0.06622113306449166,
100,random_matched,630.0,10217,30,0.29362826661446606,3.322020941954195e-05,0.49504950495049505,34314,6.910937786564127,
100,random,631.0,10217,0,0.0,0.0,0.0,2219,0.04615353115021429,
100,random_matched,631.0,10217,12,0.11745130664578643,2.2502730808589177e-05,0.13328255902513328,35159,6.926346691311642,
100,random,632.0,10217,0,0.0,0.0,0.0,795,0.03995078833992153,
100,random_matched,632.0,10217,69,0.675345013213272,2.674964600330871e-05,1.2185833968012185,29912,0.60534233368687,
100,random,633.0,10217,0,0.0,0.0,0.0,1170,0.04985208569876711,
100,random_matched,633.0,10217,30,0.29362826661446606,1.215516543133653e-05,0.476009139375476,33731,6.91081228131429,
100,random,634.0,10217,0,0.0,0.0,0.0,2096,0.019640990718421816,
100,random_matched,634.0,10217,64,0.6264069687775277,0.00028136306475302274,0.13328255902513328,32580,1.8010518907553754,
100,random,635.0,10217,0,0.0,0.0,0.0,5343,0.22944572414949396,
100,random_matched,635.0,10217,120,1.1745130664578642,0.0002783098214882371,1.1614623000761615,33651,8.162597880164439,
100,random,636.0,10217,1,0.00978760888714887,4.4467406004523613e-08,0.01904036557501904,1480,0.03384125473848227,
100,random_matched,636.0,10217,7,0.06851326221004209,6.736812009685328e-07,0.09520182787509521,34076,7.038910268876308,
100,random,637.0,10217,0,0.0,0.0,0.0,1247,0.2255176564660076,
100,random_matched,637.0,10217,28,0.27405304884016835,2.3636371740417e-05,0.456968773800457,31107,0.9334455384950461,
100,random,638.0,10217,20,0.1957521777429774,4.168013341190257e-05,0.38080731150038083,4141,0.118721832177759,
100,random_matched,638.0,10217,77,0.753645884310463,0.00027495281025618313,0.38080731150038083,35400,8.530961021129883,
100,random,639.0,10217,1,0.00978760888714887,1.6675277251696356e-07,0.01904036557501904,3909,0.16994896518912708,
100,random_matched,639.0,10217,9,0.08808847998433983,2.903443690807864e-06,0.07616146230007616,35047,0.8586573905402055,
100,random,640.0,10217,9,0.08808847998433983,8.139202826552992e-06,0.17136329017517135,1241,0.11625979113034782,
100,random_matched,640.0,10217,131,1.2821767642165018,0.0002807107834911939,1.38994668697639,34203,8.520076710940502,
100,random,641.0,10217,0,0.0,0.0,0.0,2288,0.053042702512955786,
100,random_matched,641.0,10217,64,0.6264069687775277,0.00030245451126354334,0.2284843869002285,29139,1.6660606720108284,
100,random,642.0,10217,0,0.0,0.0,0.0,438,0.04596114203585477,
100,random_matched,642.0,10217,21,0.20553978663012626,1.0835317236864764e-05,0.38080731150038083,27408,6.717768028217444,
100,random,643.0,10217,0,0.0,0.0,0.0,1927,0.1496738791855135,
100,random_matched,643.0,10217,130,1.2723891553293531,0.0002837120554752117,1.3709063214013708,34911,8.325590098147636,
100,random,644.0,10217,0,0.0,0.0,0.0,1793,0.024432162121997485,
100,random_matched,644.0,10217,66,0.6459821865518254,0.000274008433721162,0.17136329017517135,32818,8.131404196111136,
100,random,645.0,10217,0,0.0,0.0,0.0,1171,0.042291409350994145,
100,random_matched,645.0,10217,65,0.6361945776646766,3.108938690806268e-05,1.1995430312261997,34124,6.93365644762484,
100,random,646.0,10217,3,0.029362826661446607,1.6911510346095387e-06,0.05712109672505712,5018,0.17360254112440693,
100,random_matched,646.0,10217,158,1.5464422041695214,0.00031149139984881265,1.8088347296268088,40179,8.793331293344886,
100,random,647.0,10217,40,0.3915043554859548,4.8544511292563375e-06,0.01904036557501904,1571,0.20102076577083705,
100,random_matched,647.0,10217,72,0.7047078398747186,0.00030129947039257585,0.2856054836252856,33975,8.1913193371174,
100,random,648.0,10217,0,0.0,0.0,0.0,1626,0.0529914818077279,
100,random_matched,648.0,10217,19,0.18596456885582852,1.0816140668025313e-05,0.32368621477532367,30027,6.768298287924989,
100,random,649.0,10217,0,0.0,0.0,0.0,3825,0.16669062493079687,
100,random_matched,649.0,10217,128,1.2528139375550553,0.0002836309024592534,1.408987052551409,39220,8.565711519964074,
100,random,650.0,10217,2,0.01957521777429774,1.9621242899496045e-07,0.03808073115003808,1308,0.028276917796078854,
100,random_matched,650.0,10217,88,0.8613095820691005,1.5318743447270856e-05,1.6374714394516374,33451,0.8782257711119358,
100,random,651.0,10217,0,0.0,0.0,0.0,2571,6.329252827437041,
100,random_matched,651.0,10217,24,0.23490261329157286,1.206984359606535e-05,0.38080731150038083,35214,6.944311585907299,
100,random,652.0,10217,1,0.00978760888714887,6.784058628565134e-07,0.01904036557501904,1106,0.06521362641114052,
100,random_matched,652.0,10217,94,0.9200352353919937,0.00029255273163148604,0.7806549885757806,41972,8.525675148464586,
100,random,653.0,10217,0,0.0,0.0,0.0,2289,0.36646447847522184,
100,random_matched,653.0,10217,23,0.225115004404424,1.677421723005642e-05,0.3617669459253618,31530,6.911129250395088,
100,random,654.0,10217,1,0.00978760888714887,1.7620209629292483e-07,0.01904036557501904,1420,0.015169153185120918,
100,random_matched,654.0,10217,5,0.04893804443574435,5.316634230415855e-07,0.09520182787509521,28829,6.775883929466368,
100,random,655.0,10217,0,0.0,0.0,0.0,2307,0.07565907135127412,
100,random_matched,655.0,10217,111,1.0864245864735245,0.00027663617949474185,1.1043412033511044,32061,7.90213710561936,
100,random,656.0,10217,0,0.0,0.0,0.0,7151,0.12791418787091388,
100,random_matched,656.0,10217,66,0.6459821865518254,1.2236318447294787e-05,1.2185833968012185,41193,7.169085068518623,
100,random,657.0,10217,0,0.0,0.0,0.0,3794,0.03034020455025152,
100,random_matched,657.0,10217,120,1.1745130664578642,0.00030493190162057034,1.2757044935262758,37769,7.853080562081458,
100,random,658.0,10217,10,0.0978760888714887,7.43467236266882e-06,0.03808073115003808,624,0.09525676578987637,
100,random_matched,658.0,10217,60,0.5872565332289321,6.464727069195149e-06,1.1043412033511044,29816,6.837967141207239,
100,random,659.0,10217,1,0.00978760888714887,2.779212875282726e-10,0.01904036557501904,7567,0.1877745181358448,
100,random_matched,659.0,10217,82,0.8025839287462073,1.7440672477549218e-05,1.5232292460015233,34849,0.531256172694708,
100,random,660.0,10217,0,0.0,0.0,0.0,746,0.015965541274033702,
100,random_matched,660.0,10217,15,0.14681413330723303,2.4519049749606795e-05,0.19040365575019041,35244,7.193195298676135,
100,random,661.0,10217,0,0.0,0.0,0.0,871,0.011732680794895242,
100,random_matched,661.0,10217,143,1.3996280708622884,0.00028989191322469033,1.5422696115765422,44673,8.37297194221696,
100,random,662.0,10217,3,0.029362826661446607,1.5415460055330695e-05,0.05712109672505712,1343,0.010468937298414,
100,random_matched,662.0,10217,65,0.6361945776646766,2.6056510312213198e-05,1.1805026656511806,37910,6.960615649175618,
100,random,663.0,10217,0,0.0,0.0,0.0,3183,0.1682963392051433,
100,random_matched,663.0,10217,67,0.6557697954389743,0.00029563154365472424,0.19040365575019041,35546,8.237542240715962,
100,random,664.0,10217,1,0.00978760888714887,9.393739518455614e-08,0.01904036557501904,5269,0.2171536135197043,
100,random_matched,664.0,10217,86,0.8417343642948028,3.7370130084914116e-05,1.5232292460015233,34545,6.81613502067615,
100,random,665.0,10217,0,0.0,0.0,0.0,1457,0.07589299981796933,
100,random_matched,665.0,10217,76,0.7438582754233141,0.0002857931300762234,0.4188880426504189,37936,8.166257053826218,
100,random,666.0,10217,4,0.03915043554859548,6.295584173605442e-05,0.07616146230007616,865,0.030365776018743195,
100,random_matched,666.0,10217,139,1.360477635313693,0.0002959469843160688,1.5422696115765422,44194,8.198057414303635,
100,random,667.0,10217,1,0.00978760888714887,4.503992385683186e-06,0.01904036557501904,1438,0.03752502538503658,
100,random_matched,667.0,10217,143,1.3996280708622884,0.00031271953401840007,1.6184310738766183,42556,8.33832385463819,
100,random,668.0,10217,0,0.0,0.0,0.0,549,0.02424289167295488,
100,random_matched,668.0,10217,84,0.822159146520505,3.4261580483910386e-05,1.466108149276466,37506,7.55392616096008,
100,random,669.0,10217,4,0.03915043554859548,3.034900459808737e-06,0.0,928,0.17466677733149233,
100,random_matched,669.0,10217,86,0.8417343642948028,0.00028766715331802654,0.49504950495049505,34855,2.011514678439387,
100,random,670.0,10217,0,0.0,0.0,0.0,966,0.017844318900258286,
100,random_matched,670.0,10217,83,0.8123715376333561,4.192387038106487e-05,1.466108149276466,32911,6.830423638944654,
100,random,671.0,10217,4,0.03915043554859548,7.485809879574023e-06,0.03808073115003808,842,0.30035281135690745,
100,random_matched,671.0,10217,36,0.3523539199373593,1.3993336827048525e-05,0.6092916984006093,31184,7.297086767884147,
100,random,672.0,10217,0,0.0,0.0,0.0,724,0.2230452944615705,
100,random_matched,672.0,10217,66,0.6459821865518254,2.5690210055250933e-05,1.1995430312261997,35294,7.039769269924721,
100,random,673.0,10217,0,0.0,0.0,0.0,868,0.025523828299908458,
100,random_matched,673.0,10217,88,0.8613095820691005,0.0002864940475633697,0.6664127951256664,31210,2.032987173213993,
100,random,674.0,10217,0,0.0,0.0,0.0,1247,0.04757806604716474,
100,random_matched,674.0,10217,63,0.6166193598903787,0.00027426995765272616,0.13328255902513328,33742,7.998704777378266,
100,random,675.0,10217,0,0.0,0.0,0.0,2486,0.0559108477462684,
100,random_matched,675.0,10217,71,0.6949202309875697,0.00027676763626374273,0.17136329017517135,36964,1.9505443112326553,
100,random,676.0,10217,39,0.3817167465988059,1.045956765612654e-05,0.0,1362,0.02156426606448882,
100,random_matched,676.0,10217,76,0.7438582754233141,1.0700525412413551e-05,1.408987052551409,32667,7.290213721528845,
100,random,677.0,10217,0,0.0,0.0,0.0,1231,0.030585266572772767,
100,random_matched,677.0,10217,64,0.6264069687775277,3.1188048965135224e-05,1.1805026656511806,35946,0.6657770522704674,
100,random,678.0,10217,0,0.0,0.0,0.0,1865,0.025316791774755137,
100,random_matched,678.0,10217,87,0.8515219731819517,4.3026106207401995e-05,1.5232292460015233,38038,6.927028512492378,
100,random,679.0,10217,2,0.01957521777429774,0.0004250889469131188,0.0,1808,0.07988697846936724,
100,random_matched,679.0,10217,77,0.753645884310463,0.0002856210967992434,0.43792840822543794,33639,8.032030035052879,
100,random,680.0,10217,0,0.0,0.0,0.0,1481,0.08781099122986356,
100,random_matched,680.0,10217,56,0.5481060976803367,0.0002730829558336929,0.05712109672505712,34170,7.989884303082092,
100,random,681.0,10217,7,0.06851326221004209,3.290310123047219e-06,0.03808073115003808,479,0.051360772184742234,
100,random_matched,681.0,10217,24,0.23490261329157286,1.855069009993714e-05,0.43792840822543794,37724,6.932275359782878,
100,random,682.0,10217,0,0.0,0.0,0.0,2841,0.04090652197479782,
100,random_matched,682.0,10217,5,0.04893804443574435,2.1611993082061063e-05,0.09520182787509521,34649,0.6766208610755097,
100,random,683.0,10217,1,0.00978760888714887,9.699452934736714e-08,0.0,1668,0.01426515447815073,
100,random_matched,683.0,10217,73,0.7144954487618674,5.022593508210942e-06,1.3709063214013708,33803,7.214905692859229,
100,random,684.0,10217,0,0.0,0.0,0.0,1947,0.010167705970940619,
100,random_matched,684.0,10217,36,0.3523539199373593,1.7168031694483984e-05,0.6664127951256664,34132,0.9280745175375086,
100,random,685.0,10217,1,0.00978760888714887,3.946482282901471e-08,0.01904036557501904,1660,0.09088714905915388,
100,random_matched,685.0,10217,79,0.7732211020847607,0.0003050038832340402,0.476009139375476,38698,8.20762150220571,
100,random,686.0,10217,0,0.0,0.0,0.0,1217,0.015545035678928357,
100,random_matched,686.0,10217,64,0.6264069687775277,0.0002759611086873357,0.11424219345011424,33905,8.14351399416911,
100,random,687.0,10217,3,0.029362826661446607,1.0441502772437202e-06,0.05712109672505712,1259,0.09851015268716123,
100,random_matched,687.0,10217,33,0.3229910932759127,1.1274432871159435e-05,0.6283320639756284,34333,7.101965396395349,
100,random,688.0,10217,0,0.0,0.0,0.0,2774,0.04236690485826897,
100,random_matched,688.0,10217,62,0.60683175100323,0.0002949870441889462,0.19040365575019041,34419,1.713257924422639,
100,random,689.0,10217,5,0.04893804443574435,0.0001667166427495849,0.0,8291,0.09962382886538516,
100,random_matched,689.0,10217,7,0.06851326221004209,6.375236414611045e-06,0.05712109672505712,28880,0.6028546910159336,
100,random,690.0,10217,17,0.16638935108153077,1.5174502299043685e-06,0.2856054836252856,2434,0.44238926645992527,
100,random_matched,690.0,10217,24,0.23490261329157286,4.106009101942699e-06,0.3617669459253618,38868,7.488386099961805,
100,random,691.0,10217,1,0.00978760888714887,3.6129767378675437e-09,0.01904036557501904,1082,0.009800598591910395,
100,random_matched,691.0,10217,127,1.2430263286679064,0.00028610857073756797,1.3137852246763138,40874,2.147878335292575,
100,random,692.0,10217,0,0.0,0.0,0.0,1966,0.0699974542704814,
100,random_matched,692.0,10217,25,0.24469022217872174,1.1327793758364863e-05,0.38080731150038083,32084,7.033359973069813,
100,random,693.0,10217,1,0.00978760888714887,1.2601229097819408e-05,0.0,1186,0.11676545295322878,
100,random_matched,693.0,10217,142,1.3898404619751394,0.00031044919502058163,1.6184310738766183,37046,1.9152681339817015,
100,random,694.0,10217,0,0.0,0.0,0.0,604,0.04528463607656701,
100,random_matched,694.0,10217,34,0.33277870216306155,3.33730661276825e-05,0.5331302361005331,38720,7.037782307147694,
100,random,695.0,10217,19,0.18596456885582852,4.152977799534977e-05,0.3617669459253618,1430,0.019002843548978608,
100,random_matched,695.0,10217,20,0.1957521777429774,2.8954395577270495e-05,0.2856054836252856,40421,7.1138660200949975,
100,random,696.0,10217,0,0.0,0.0,0.0,1437,0.009963946821807367,
100,random_matched,696.0,10217,65,0.6361945776646766,0.0002760886745583112,0.13328255902513328,35959,8.183298321962246,
100,random,697.0,10217,0,0.0,0.0,0.0,2754,0.027249946862093286,
100,random_matched,697.0,10217,94,0.9200352353919937,3.900792023231823e-05,1.6755521706016756,32011,1.006337169728371,
100,random,698.0,10217,0,0.0,0.0,0.0,1788,0.015321755113307542,
100,random_matched,698.0,10217,23,0.225115004404424,1.8427015126987057e-05,0.4188880426504189,29942,0.731629779702377,
100,random,699.0,10217,9,0.08808847998433983,1.450749120897583e-07,0.17136329017517135,807,0.30659799023500867,
100,random_matched,699.0,10217,33,0.3229910932759127,3.371880020936767e-05,0.5331302361005331,37956,7.00233352883285,
100,random,700.0,10217,5,0.04893804443574435,1.0187482715636361e-05,0.09520182787509521,1533,0.043570611269962284,
100,random_matched,700.0,10217,10,0.0978760888714887,2.953302769790436e-05,0.17136329017517135,39260,6.818601007271641,
100,random,701.0,10217,0,0.0,0.0,0.0,5435,0.12564256792514314,
100,random_matched,701.0,10217,16,0.15660174219438192,2.819622630489337e-05,0.19040365575019041,34886,6.990493496118343,
100,random,702.0,10217,0,0.0,0.0,0.0,2897,0.14742498661243397,
100,random_matched,702.0,10217,43,0.4208671821474014,2.0335500608443707e-05,0.7425742574257426,41678,1.2405113507470904,
100,random,703.0,10217,0,0.0,0.0,0.0,2540,0.05562616518381257,
100,random_matched,703.0,10217,20,0.1957521777429774,6.778778124102097e-06,0.3427265803503427,32027,7.1522792096201515,
100,random,704.0,10217,0,0.0,0.0,0.0,1028,0.037277831877772026,
100,random_matched,704.0,10217,29,0.2838406577273172,1.7015174986343434e-05,0.5140898705255141,34674,0.6799078390931165,
100,random,705.0,10217,0,0.0,0.0,0.0,1721,0.0894146152842495,
100,random_matched,705.0,10217,91,0.8906724087305471,3.6665877542317474e-05,1.7136329017517136,31472,7.267459152171544,
100,random,706.0,10217,0,0.0,0.0,0.0,1993,0.7256277710152154,
100,random_matched,706.0,10217,82,0.8025839287462073,0.0002849746518844526,0.476009139375476,36135,1.8457865847228823,
100,random,707.0,10217,0,0.0,0.0,0.0,1262,0.04873810320888609,
100,random_matched,707.0,10217,13,0.12723891553293531,2.7958881525344222e-05,0.2284843869002285,36044,6.87153234565841,
100,random,708.0,10217,0,0.0,0.0,0.0,2821,0.6633877165961696,
100,random_matched,708.0,10217,25,0.24469022217872174,3.2802771645674484e-05,0.456968773800457,30085,0.5523734364122005,
100,random,709.0,10217,6,0.058725653322893215,0.00021892637998207113,0.01904036557501904,4809,0.208767911323742,
100,random_matched,709.0,10217,90,0.8808847998433983,0.00030706216828947457,0.5712109672505712,35418,1.8131675182574754,
100,random,710.0,10217,54,0.528530879906039,0.00027295066530082945,0.03808073115003808,2219,1.1584236547514781,
100,random_matched,710.0,10217,80,0.7830087109719096,0.000275285759958642,0.4188880426504189,35908,8.642739947262134,
100,random,711.0,10217,1,0.00978760888714887,6.784058628565134e-07,0.01904036557501904,1935,0.00875876122636068,
100,random_matched,711.0,10217,58,0.5676813154546344,0.00027498560496811146,0.09520182787509521,32126,8.05173778742858,
100,random,712.0,10217,2,0.01957521777429774,2.1483315525935472e-07,0.03808073115003808,1350,0.10315213444266802,
100,random_matched,712.0,10217,18,0.17617695996867966,3.136063808469028e-06,0.32368621477532367,33152,7.376108358786406,
100,random,713.0,10217,1,0.00978760888714887,5.31107580466529e-07,0.0,1258,0.016390463788007736,
100,random_matched,713.0,10217,80,0.7830087109719096,0.00030750017223861914,0.5331302361005331,30784,1.5917799031286768,
100,random,714.0,10217,0,0.0,0.0,0.0,2352,1.214743069873761,
100,random_matched,714.0,10217,78,0.7634334931976118,1.535070439533661e-05,1.38994668697639,26687,6.734454427156761,
100,random,715.0,10217,1,0.00978760888714887,3.8492098322665755e-07,0.0,2372,0.03111346214128709,
100,random_matched,715.0,10217,24,0.23490261329157286,2.1302666689042093e-06,0.3617669459253618,27411,0.9202565838367843,
100,random,716.0,10217,0,0.0,0.0,0.0,979,0.037117734043075584,
100,random_matched,716.0,10217,78,0.7634334931976118,0.00028431403298399794,0.49504950495049505,41978,8.22902680521703,
100,random,717.0,10217,0,0.0,0.0,0.0,2360,0.010160590970118365,
100,random_matched,717.0,10217,65,0.6361945776646766,0.00027440669492619004,0.15232292460015232,28703,1.6514214141858525,
100,random,718.0,10217,0,0.0,0.0,0.0,1832,0.030058058184832037,
100,random_matched,718.0,10217,21,0.20553978663012626,3.979832837404864e-06,0.30464584920030463,31797,1.0983931596319498,
100,random,719.0,10217,0,0.0,0.0,0.0,3320,0.014731316381231494,
100,random_matched,719.0,10217,14,0.13702652442008417,2.841800749234093e-05,0.19040365575019041,31856,0.45039680548927585,
100,random,720.0,10217,0,0.0,0.0,0.0,1115,0.005126192239749876,
100,random_matched,720.0,10217,76,0.7438582754233141,0.00028912123749437447,0.456968773800457,31777,1.6598357097020946,
100,random,721.0,10217,0,0.0,0.0,0.0,1441,0.01995382855961662,
100,random_matched,721.0,10217,76,0.7438582754233141,3.1462357275925626e-05,1.408987052551409,39231,7.360056958196182,
100,random,722.0,10217,0,0.0,0.0,0.0,1194,0.0863273969060566,
100,random_matched,722.0,10217,79,0.7732211020847607,0.00028625058851549496,0.39984767707539987,37759,8.27626649369665,
100,random,723.0,10217,1,0.00978760888714887,1.7870338788067928e-07,0.01904036557501904,570,0.013462724272768992,
100,random_matched,723.0,10217,23,0.225115004404424,1.32735206923503e-05,0.3427265803503427,33278,7.047918762981184,
100,random,724.0,10217,0,0.0,0.0,0.0,2428,0.06099236768440239,
100,random_matched,724.0,10217,141,1.3800528530879905,0.00031194274401975857,1.5993907083015995,39567,1.9997064751563973,
100,random,725.0,10217,0,0.0,0.0,0.0,3502,0.12330332452297388,
100,random_matched,725.0,10217,94,0.9200352353919937,0.00028539570263505797,0.7235338918507236,35147,8.524313620129679,
100,random,726.0,10217,0,0.0,0.0,0.0,1139,0.019798001629941973,
100,random_matched,726.0,10217,16,0.15660174219438192,7.319335028344587e-06,0.13328255902513328,38163,6.903358679142397,
100,random,727.0,10217,3,0.029362826661446607,1.699488673235387e-06,0.03808073115003808,6439,0.14746584509585314,
100,random_matched,727.0,10217,90,0.8808847998433983,1.5320410974996028e-05,1.6755521706016756,34292,7.311861712250567,
100,random,728.0,10217,1,0.00978760888714887,1.99825405732828e-07,0.01904036557501904,2490,0.043583876310531636,
100,random_matched,728.0,10217,59,0.5774689243417833,0.00027499449844931235,0.09520182787509521,33634,1.8452363045600246,
100,random,729.0,10217,0,0.0,0.0,0.0,1199,0.007899939521042395,
100,random_matched,729.0,10217,86,0.8417343642948028,3.320770296160318e-05,1.5422696115765422,33947,0.977646912125434,
100,random,730.0,10217,0,0.0,0.0,0.0,771,0.014035868299522684,
100,random_matched,730.0,10217,19,0.18596456885582852,3.2677984987574293e-06,0.3427265803503427,33553,0.9724719290413215,
100,random,731.0,10217,0,0.0,0.0,0.0,1416,0.030926204143960436,
100,random_matched,731.0,10217,134,1.3115395908779486,0.00030169578614859115,1.428027418126428,36498,8.557154957760634,
100,random,732.0,10217,0,0.0,0.0,0.0,1804,0.08026496546709846,
100,random_matched,732.0,10217,77,0.753645884310463,6.328545638306295e-06,1.351865955826352,31108,1.0033170113835803,
100,random,733.0,10217,0,0.0,0.0,0.0,668,0.31754844787124736,
100,random_matched,733.0,10217,92,0.900460017617696,0.0003076708159091615,0.7425742574257426,36108,8.5377540328518,
100,random,734.0,10217,0,0.0,0.0,0.0,806,0.2995784856428396,
100,random_matched,734.0,10217,97,0.9493980620534404,1.6197530558435257e-05,1.7136329017517136,32775,7.38043312863374,
100,random,735.0,10217,0,0.0,0.0,0.0,1281,0.020243999338187414,
100,random_matched,735.0,10217,66,0.6459821865518254,0.0002973143570507079,0.15232292460015232,32912,1.7358992346479574,
100,random,736.0,10217,0,0.0,0.0,0.0,5113,0.11414725644498742,
100,random_matched,736.0,10217,66,0.6459821865518254,2.6100143954355137e-05,1.2185833968012185,34365,0.5824241288332993,
100,random,737.0,10217,0,0.0,0.0,0.0,2239,0.138228747268373,
100,random_matched,737.0,10217,79,0.7732211020847607,6.45972448601964e-06,1.38994668697639,35984,7.355522220437009,
100,random,738.0,10217,0,0.0,0.0,0.0,810,0.07295196828134169,
100,random_matched,738.0,10217,81,0.7927963198590584,1.7746385893830317e-05,1.4470677837014472,32476,0.685641175953556,
100,random,739.0,10217,2,0.01957521777429774,1.0116334866029123e-07,0.0,1461,0.08295971449589762,
100,random_matched,739.0,10217,124,1.21366350200646,0.0002993184474550743,1.2376237623762376,36226,1.795504981835285,
100,random,740.0,10217,0,0.0,0.0,0.0,1461,0.06768514248752981,
100,random_matched,740.0,10217,145,1.4192032886365862,0.00030962488048177277,1.7517136329017517,36657,2.1435928844348404,
100,random,741.0,10217,0,0.0,0.0,0.0,1552,0.08614139272328483,
100,random_matched,741.0,10217,20,0.1957521777429774,2.421389217590075e-05,0.3617669459253618,27266,7.206928183482021,
100,random,742.0,10217,0,0.0,0.0,0.0,2248,0.041733160323731165,
100,random_matched,742.0,10217,79,0.7732211020847607,3.794904012683551e-05,1.466108149276466,34285,6.801918046006154,
100,random,743.0,10217,0,0.0,0.0,0.0,2241,0.052742291719817695,
100,random_matched,743.0,10217,95,0.9298228442791426,3.7300093920456995e-05,1.7897943640517897,36121,7.270261554670291,
100,random,744.0,10217,3,0.029362826661446607,2.973757776552517e-08,0.05712109672505712,11804,0.2108407937270272,
100,random_matched,744.0,10217,68,0.6655574043261231,0.0002766881507755097,0.19040365575019041,34852,1.8552304572028555,
100,random,745.0,10217,10,0.0978760888714887,1.14392401946637e-06,0.11424219345011424,9338,0.4069434560352296,
100,random_matched,745.0,10217,74,0.7242830576490163,0.00027922529420935525,0.39984767707539987,35426,2.2342213191767883,
100,random,746.0,10217,1,0.00978760888714887,1.834280497686599e-08,0.01904036557501904,759,0.009243727173550764,
100,random_matched,746.0,10217,87,0.8515219731819517,0.00028534623264587795,0.5521706016755522,45779,8.455259721621822,
100,random,747.0,10217,0,0.0,0.0,0.0,1296,0.0357856116272488,
100,random_matched,747.0,10217,72,0.7047078398747186,4.902809433286257e-06,1.3137852246763138,33285,7.196324951535029,
100,random,748.0,10217,1,0.00978760888714887,2.0010332702035626e-08,0.0,3377,0.06590361960598204,
100,random_matched,748.0,10217,3,0.029362826661446607,2.0279916350938052e-06,0.03808073115003808,25277,6.610451256678494,
100,random,749.0,10217,0,0.0,0.0,0.0,1037,0.01286784164100472,
100,random_matched,749.0,10217,14,0.13702652442008417,8.947397930685208e-06,0.15232292460015232,34907,0.6565899070496969,
100,random,750.0,10217,0,0.0,0.0,0.0,798,0.033026914881936084,
100,random_matched,750.0,10217,61,0.597044142116081,1.1286661407810678e-05,1.1043412033511044,32776,0.6747979480296872,
100,random,751.0,10217,0,0.0,0.0,0.0,1553,0.09800223875940256,
100,random_matched,751.0,10217,75,0.7340706665361653,1.4220676440246652e-05,1.38994668697639,35206,6.825590455230847,
100,random,752.0,10217,0,0.0,0.0,0.0,1032,0.01824900579958058,
100,random_matched,752.0,10217,116,1.1353626309092688,0.00029823260898470137,1.1614623000761615,38113,8.129217975220516,
100,random,753.0,10217,2,0.01957521777429774,2.0593967405845e-07,0.01904036557501904,3786,0.07524082579658165,
100,random_matched,753.0,10217,11,0.10766369775863756,1.2211861373992298e-06,0.11424219345011424,36261,0.6460842917077847,
100,random,754.0,10217,2,0.01957521777429774,4.02707945628467e-07,0.03808073115003808,4813,0.11614694940751455,
100,random_matched,754.0,10217,123,1.203875893119311,0.0002802939015599015,1.1614623000761615,38369,8.169608384272632,
100,random,755.0,10217,0,0.0,0.0,0.0,920,0.022543347630905635,
100,random_matched,755.0,10217,127,1.2430263286679064,0.00027745521352908766,1.3709063214013708,31920,8.450329208569308,
100,random,756.0,10217,0,0.0,0.0,0.0,1327,0.054181142322192365,
100,random_matched,756.0,10217,78,0.7634334931976118,0.0002980305602086683,0.39984767707539987,31655,8.522618688220662,
100,random,757.0,10217,0,0.0,0.0,0.0,2108,0.016712398926707152,
100,random_matched,757.0,10217,27,0.2642654399530195,2.3509917554591637e-05,0.4188880426504189,32878,7.313230655549526,
100,random,758.0,10217,0,0.0,0.0,0.0,694,0.01159404699569293,
100,random_matched,758.0,10217,96,0.9396104531662914,0.00028551076204809465,0.7235338918507236,34351,8.478195371955882,
100,random,759.0,10217,1,0.00978760888714887,3.4462239653505805e-08,0.01904036557501904,1759,0.01577786586755776,
100,random_matched,759.0,10217,133,1.3017519819907997,0.0003110050375956382,1.5041888804265042,38805,8.088082206744767,
100,random,760.0,10217,0,0.0,0.0,0.0,2380,0.04177803577504708,
100,random_matched,760.0,10217,81,0.7927963198590584,0.00029846328365334984,0.456968773800457,36393,8.54135083320724,
100,random,761.0,10217,0,0.0,0.0,0.0,2183,0.009423855886091879,
100,random_matched,761.0,10217,68,0.6655574043261231,0.0002798934169845732,0.20944402132520945,35132,1.94436349589311,
100,random,762.0,10217,0,0.0,0.0,0.0,1944,0.029162102936297535,
100,random_matched,762.0,10217,67,0.6557697954389743,1.0595749087015393e-05,1.1805026656511806,33902,6.920783736739463,
100,random,763.0,10217,0,0.0,0.0,0.0,1823,0.022799459092580247,
100,random_matched,763.0,10217,23,0.225115004404424,3.0835644772549376e-05,0.24752475247524752,36968,0.8870114464993368,
100,random,764.0,10217,0,0.0,0.0,0.0,1210,0.022088811286830674,
100,random_matched,764.0,10217,140,1.3702652442008418,0.0003103605381298601,1.6374714394516374,40324,1.9198844363454384,
100,random,765.0,10217,0,0.0,0.0,0.0,27082,0.06271613415396653,
100,random_matched,765.0,10217,72,0.7047078398747186,4.91837302538784e-06,1.351865955826352,37782,1.0854831088794423,
100,random,766.0,10217,1,0.00978760888714887,6.784058628565134e-07,0.01904036557501904,2214,0.04046316203843874,
100,random_matched,766.0,10217,27,0.2642654399530195,2.870093136304471e-05,0.4188880426504189,35283,7.341448052070602,
100,random,767.0,10217,0,0.0,0.0,0.0,2493,0.011716281217938659,
100,random_matched,767.0,10217,71,0.6949202309875697,1.179942618330034e-05,1.2376237623762376,35363,6.816202982186345,
100,random,768.0,10217,0,0.0,0.0,0.0,2887,0.026608746098721454,
100,random_matched,768.0,10217,23,0.225115004404424,1.8072665485388512e-05,0.4188880426504189,33015,6.793241857197322,
100,random,769.0,10217,0,0.0,0.0,0.0,1186,0.06874765350927196,
100,random_matched,769.0,10217,149,1.4583537241851816,0.00029614180713862615,1.7326732673267327,34332,8.528738776083863,
100,random,770.0,10217,3,0.029362826661446607,9.64053362178072e-06,0.05712109672505712,3678,0.1433891575357222,
100,random_matched,770.0,10217,102,0.9983361064891847,0.0003077072235978277,0.7616146230007617,33128,2.32010407058979,
100,random,771.0,10217,1,0.00978760888714887,7.698419664533151e-08,0.0,648,0.008218297320492788,
100,random_matched,771.0,10217,74,0.7242830576490163,3.253985810767274e-05,1.2185833968012185,34362,6.90837552288189,
100,random,772.0,10217,1,0.00978760888714887,3.25640372596877e-06,0.01904036557501904,3191,0.0182868900444227,
100,random_matched,772.0,10217,98,0.9591856709405893,0.00031174319653531327,0.8568164508758568,40653,8.647086830271737,
100,random,773.0,10217,0,0.0,0.0,0.0,1053,0.01447935520444428,
100,random_matched,773.0,10217,33,0.3229910932759127,3.345255161591559e-05,0.5140898705255141,39961,7.092188182238441,
100,random,774.0,10217,0,0.0,0.0,0.0,2781,0.028782881169295803,
100,random_matched,774.0,10217,45,0.44044239992169915,2.0314934433166616e-05,0.7044935262757045,35112,1.0751079331031288,
100,random,775.0,10217,0,0.0,0.0,0.0,1422,0.060134899781381985,
100,random_matched,775.0,10217,20,0.1957521777429774,9.348160427300976e-06,0.20944402132520945,38738,7.221161713265462,
100,random,776.0,10217,1,0.00978760888714887,5.947515553105034e-08,0.0,757,0.06989466845779978,
100,random_matched,776.0,10217,73,0.7144954487618674,2.8827663470157605e-05,1.1995430312261997,33217,0.6957353147522651,
100,random,777.0,10217,0,0.0,0.0,0.0,2973,0.04470998747234745,
100,random_matched,777.0,10217,24,0.23490261329157286,1.2690719752403511e-05,0.43792840822543794,37450,6.981420030612918,
100,random,778.0,10217,0,0.0,0.0,0.0,4745,0.11181130787701557,
100,random_matched,778.0,10217,78,0.7634334931976118,1.087311453196861e-05,1.3709063214013708,30244,0.9778607525784314,
100,random,779.0,10217,0,0.0,0.0,0.0,933,0.006879136084981269,
100,random_matched,779.0,10217,20,0.1957521777429774,1.2951131998817503e-06,0.3617669459253618,36849,7.314130050058997,
100,random,780.0,10217,15,0.14681413330723303,1.4012791317175504e-06,0.03808073115003808,3010,0.05966786179521982,
100,random_matched,780.0,10217,91,0.8906724087305471,2.2781207938692504e-05,1.6945925361766947,35622,7.392476550701441,
100,random,781.0,10217,0,0.0,0.0,0.0,1477,0.04586609178284472,
100,random_matched,781.0,10217,9,0.08808847998433983,2.74238830468523e-05,0.17136329017517135,35783,6.860582318128176,
100,random,782.0,10217,0,0.0,0.0,0.0,1533,0.07477208484457468,
100,random_matched,782.0,10217,135,1.3213271997650975,0.00030038622104175796,1.466108149276466,36372,2.174613080231421,
100,random,783.0,10217,1,0.00978760888714887,1.5035541655279548e-07,0.01904036557501904,5807,0.19022069128715496,
100,random_matched,783.0,10217,33,0.3229910932759127,1.1612107235506285e-05,0.6092916984006093,36028,1.1328610454912549,
100,random,784.0,10217,0,0.0,0.0,0.0,2663,0.02289889293521132,
100,random_matched,784.0,10217,12,0.11745130664578643,2.7932479003029037e-05,0.20944402132520945,37575,6.988670748131652,
100,random,785.0,10217,1,0.00978760888714887,1.389606437641363e-08,0.0,1403,0.6574112158932184,
100,random_matched,785.0,10217,76,0.7438582754233141,0.00027983116261616687,0.43792840822543794,37516,2.2037699473016215,
100,random,786.0,10217,17,0.16638935108153077,2.4634942926506083e-05,0.07616146230007616,2744,0.046158219464385364,
100,random_matched,786.0,10217,37,0.3621415288245082,1.2495063165983608e-05,0.6283320639756284,35008,7.353792499141862,
100,random,787.0,10217,0,0.0,0.0,0.0,1622,0.04061229613776152,
100,random_matched,787.0,10217,70,0.6851326221004209,3.3552881200713296e-05,1.1995430312261997,34965,0.8916646554499845,
100,random,788.0,10217,0,0.0,0.0,0.0,1398,0.0050021979158062025,
100,random_matched,788.0,10217,35,0.34256631105021046,4.118348807108955e-05,0.49504950495049505,34788,0.6517304598887327,
100,random,789.0,10217,0,0.0,0.0,0.0,1372,0.016060226492426496,
100,random_matched,789.0,10217,122,1.194088284232162,0.00030417512195463086,1.2757044935262758,35155,8.101870684735752,
100,random,790.0,10217,1,0.00978760888714887,6.784058628565134e-07,0.01904036557501904,2212,0.06956384234550984,
100,random_matched,790.0,10217,18,0.17617695996867966,6.241834196597474e-06,0.32368621477532367,31872,7.128115708215127,
100,random,791.0,10217,1,0.00978760888714887,2.5012915877544533e-08,0.01904036557501904,2241,0.07805070356944646,
100,random_matched,791.0,10217,132,1.2919643731036508,0.0002837423488955523,1.38994668697639,39290,2.2959967384897175,
100,random,792.0,10217,1,0.00978760888714887,2.0010332702035626e-08,0.01904036557501904,820,0.05068873234464115,
100,random_matched,792.0,10217,11,0.10766369775863756,7.10644732209793e-06,0.13328255902513328,41025,7.223679163393557,
100,random,793.0,10217,0,0.0,0.0,0.0,670,0.09925152371082675,
100,random_matched,793.0,10217,61,0.597044142116081,0.0002948653146650088,0.15232292460015232,32645,7.957399856622205,
100,random,794.0,10217,0,0.0,0.0,0.0,2570,0.08101848262087612,
100,random_matched,794.0,10217,12,0.11745130664578643,8.532739369693026e-06,0.15232292460015232,28440,6.893803977391307,
100,random,795.0,10217,1,0.00978760888714887,1.5285670814054993e-08,0.01904036557501904,2273,0.033082573138424075,
100,random_matched,795.0,10217,97,0.9493980620534404,0.0002858362078757903,0.6854531607006854,33479,2.1256919978657653,
100,random,796.0,10217,0,0.0,0.0,0.0,2969,0.03578241836790141,
100,random_matched,796.0,10217,22,0.21532739551727512,1.2932233351265581e-05,0.4188880426504189,33344,0.601133267116348,
100,random,797.0,10217,1,0.00978760888714887,8.862909859276613e-07,0.01904036557501904,1124,0.0552403886647707,
100,random_matched,797.0,10217,74,0.7242830576490163,3.2883090897770156e-05,1.2947448591012947,38627,0.8708279192487394,
100,random,798.0,10217,0,0.0,0.0,0.0,1655,0.03780669085702552,
100,random_matched,798.0,10217,69,0.675345013213272,3.194594031622482e-05,1.2185833968012185,34590,6.971488925796914,
100,random,799.0,10217,2,0.01957521777429774,7.175927643979998e-07,0.01904036557501904,1430,0.1807308180969804,
100,random_matched,799.0,10217,78,0.7634334931976118,8.449085062147015e-06,1.38994668697639,36859,0.9264053380271862,
100,random,800.0,10217,3,0.029362826661446607,8.059717338319905e-08,0.0,2022,0.07603234464112175,
100,random_matched,800.0,10217,38,0.37192913771165703,3.611976221232442e-05,0.5712109672505712,35584,7.133072211732388,
100,random,801.0,10217,1,0.00978760888714887,2.4512657559993643e-06,0.01904036557501904,3738,0.026547098100296547,
100,random_matched,801.0,10217,60,0.5872565332289321,0.00027314048554021123,0.13328255902513328,31004,7.993094636526933,
100,random,802.0,10217,0,0.0,0.0,0.0,1536,0.17389451644367254,
100,random_matched,802.0,10217,82,0.8025839287462073,0.0002851099995514789,0.39984767707539987,32573,1.7397984661837882,
100,random,803.0,10217,1,0.00978760888714887,6.784058628565134e-07,0.01904036557501904,1154,0.011795763538076631,
100,random_matched,803.0,10217,74,0.7242830576490163,0.0003021535225091502,0.26656511805026656,32009,8.012926797461514,
100,random,804.0,10217,0,0.0,0.0,0.0,2356,0.058720211296455015,
100,random_matched,804.0,10217,5,0.04893804443574435,4.5495714768378224e-07,0.07616146230007616,32068,6.62124760304776,
100,random,805.0,10217,1,0.00978760888714887,6.308813226891788e-08,0.01904036557501904,1940,0.027142953628671137,
100,random_matched,805.0,10217,72,0.7047078398747186,0.0002962985547447921,0.26656511805026656,38531,1.918607994405598,
100,random,806.0,10217,0,0.0,0.0,0.0,1909,0.0722164013080904,
100,random_matched,806.0,10217,25,0.24469022217872174,3.271467059752803e-05,0.476009139375476,32692,0.5307842718126013,
100,random,807.0,10217,0,0.0,0.0,0.0,1202,0.01166546205078974,
100,random_matched,807.0,10217,79,0.7732211020847607,5.786321206338635e-06,1.38994668697639,38118,7.666942506831588,
100,random,808.0,10217,2,0.01957521777429774,5.23047863128209e-07,0.03808073115003808,1444,0.08945385967981762,
100,random_matched,808.0,10217,9,0.08808847998433983,1.3026170746450136e-06,0.07616146230007616,32021,7.001299450833577,
100,random,809.0,10217,0,0.0,0.0,0.0,2378,0.03229899141614854,
100,random_matched,809.0,10217,8,0.07830087109719096,9.529920949344468e-07,0.11424219345011424,38469,7.016223129348348,
100,random,810.0,10217,0,0.0,0.0,0.0,1787,0.012424567408425345,
100,random_matched,810.0,10217,82,0.8025839287462073,3.425491037300971e-05,1.4470677837014472,38035,7.42508785303925,
100,random,811.0,10217,0,0.0,0.0,0.0,1655,0.05195545960234163,
100,random_matched,811.0,10217,73,0.7144954487618674,1.2006755463796433e-05,1.351865955826352,29505,0.9468467830027355,
100,random,812.0,10217,1,0.00978760888714887,2.2770091087191373e-06,0.01904036557501904,3477,0.022497124725719967,
100,random_matched,812.0,10217,72,0.7047078398747186,1.1088225608515491e-05,1.1805026656511806,35721,7.130878869492519,
100,random,813.0,10217,0,0.0,0.0,0.0,3563,0.0715945997539647,
100,random_matched,813.0,10217,25,0.24469022217872174,2.0377188801572947e-06,0.3617669459253618,32946,0.9977525427112933,
100,random,814.0,10217,0,0.0,0.0,0.0,1528,0.026557558722741223,
100,random_matched,814.0,10217,28,0.27405304884016835,2.424112846207852e-05,0.38080731150038083,29951,0.8182106296658304,
100,random,815.0,10217,1,0.00978760888714887,8.862909859276613e-07,0.01904036557501904,4748,0.1891453913569529,
100,random_matched,815.0,10217,16,0.15660174219438192,7.20455353659541e-06,0.11424219345011424,39644,0.8088474726881586,
100,random,816.0,10217,0,0.0,0.0,0.0,1593,0.023293777861507013,
100,random_matched,816.0,10217,27,0.2642654399530195,3.205460753964838e-05,0.476009139375476,36946,0.7849518432079119,
100,random,817.0,10217,1,0.00978760888714887,1.78425466593151e-07,0.01904036557501904,1558,0.09322733679000689,
100,random_matched,817.0,10217,70,0.6851326221004209,2.8550575946491917e-05,1.1995430312261997,38276,7.094675540817219,
100,random,818.0,10217,19,0.18596456885582852,4.152977799534977e-05,0.3617669459253618,1244,0.08267604926904898,
100,random_matched,818.0,10217,76,0.7438582754233141,0.0002889141861351659,0.456968773800457,31444,1.684413744418465,
100,random,819.0,10217,0,0.0,0.0,0.0,1386,0.24061906874880964,
100,random_matched,819.0,10217,97,0.9493980620534404,0.00028586372208325557,0.6854531607006854,38501,8.651909734293302,
100,random,820.0,10217,1,0.00978760888714887,1.389606437641363e-08,0.0,2355,0.06901477314531712,
100,random_matched,820.0,10217,127,1.2430263286679064,0.00028494713767698735,1.408987052551409,33052,8.358588186404559,
100,random,821.0,10217,1,0.00978760888714887,7.587251149521841e-08,0.01904036557501904,974,0.03820242329847604,
100,random_matched,821.0,10217,29,0.2838406577273172,3.868942243681083e-05,0.476009139375476,36922,0.6509037882105517,
100,random,822.0,10217,0,0.0,0.0,0.0,980,0.035881863320281704,
100,random_matched,822.0,10217,102,0.9983361064891847,2.4798916486147765e-05,1.827875095201828,37236,7.489009025187709,
100,random,823.0,10217,0,0.0,0.0,0.0,2320,0.017055861585181954,
100,random_matched,823.0,10217,92,0.900460017617696,0.000285455177790589,0.6664127951256664,34846,2.199652921829178,
100,random,824.0,10217,0,0.0,0.0,0.0,5369,0.08169984354057326,
100,random_matched,824.0,10217,90,0.8808847998433983,4.0127109257194584e-05,1.5422696115765422,32662,0.6595059575216485,
100,random,825.0,10217,0,0.0,0.0,0.0,2319,0.05690671455665046,
100,random_matched,825.0,10217,67,0.6557697954389743,0.00029744192292168343,0.17136329017517135,30072,8.03776520978326,
100,random,826.0,10217,1,0.00978760888714887,7.086992831970952e-08,0.0,4955,0.1792185653815055,
100,random_matched,826.0,10217,38,0.37192913771165703,1.716052781972072e-05,0.6854531607006854,37811,1.142283711047073,
100,random,827.0,10217,1,0.00978760888714887,5.7529706518352425e-08,0.0,2391,0.18739674063624173,
100,random_matched,827.0,10217,93,0.9102476265048449,0.00028565139021958396,0.6854531607006854,41038,8.673778961386788,
100,random,828.0,10217,0,0.0,0.0,0.0,2588,0.1282876976397092,
100,random_matched,828.0,10217,26,0.25447783106587063,2.338235168361616e-05,0.39984767707539987,35753,7.3401890270433245,
100,random,829.0,10217,4,0.03915043554859548,0.004348921756566186,0.03808073115003808,2249,0.05670435682302603,
100,random_matched,829.0,10217,10,0.0978760888714887,1.5961019542748695e-06,0.09520182787509521,32685,6.749354387944054,
100,random,830.0,10217,0,0.0,0.0,0.0,1655,0.02964300906370102,
100,random_matched,830.0,10217,74,0.7242830576490163,0.0003011360526755092,0.30464584920030463,34075,8.128827767498644,
100,random,831.0,10217,2,0.01957521777429774,1.5255099472426883e-06,0.0,1457,0.03195216885208803,
100,random_matched,831.0,10217,43,0.4208671821474014,1.328463754385143e-05,0.6664127951256664,37410,7.459102897584789,
100,random,832.0,10217,0,0.0,0.0,0.0,4553,0.9722864184488365,
100,random_matched,832.0,10217,28,0.27405304884016835,7.564739525232052e-06,0.43792840822543794,37047,7.369434375330532,
100,random,833.0,10217,1,0.00978760888714887,5.697386394329588e-07,0.01904036557501904,1079,1.5474240341514138,
100,random_matched,833.0,10217,99,0.9689732798277381,1.701406330119332e-05,1.7707539984767708,38586,7.523716378517249,
100,random,834.0,10217,0,0.0,0.0,0.0,1215,0.20004819610457053,
100,random_matched,834.0,10217,131,1.2821767642165018,0.00028785030344650764,1.466108149276466,37096,8.112362908068533,
100,random,835.0,10217,1,0.00978760888714887,8.862909859276613e-07,0.01904036557501904,842,0.02305051879257356,
100,random_matched,835.0,10217,86,0.8417343642948028,0.00028456388422148585,0.6283320639756284,37342,8.510142550943463,
100,random,836.0,10217,0,0.0,0.0,0.0,2373,0.06140822940433354,
100,random_matched,836.0,10217,79,0.7732211020847607,1.7407044001758296e-05,1.4851485148514851,36603,6.92381450965608,
100,random,837.0,10217,0,0.0,0.0,0.0,1268,0.0210893925309121,
100,random_matched,837.0,10217,57,0.5578937065674856,0.0002730837895975555,0.09520182787509521,28095,7.941930276772875,
100,random,838.0,10217,1,0.00978760888714887,6.784058628565134e-07,0.01904036557501904,1268,0.03949878501866886,
100,random_matched,838.0,10217,74,0.7242830576490163,0.0003048340733273604,0.4188880426504189,38532,8.044063161557267,
100,random,839.0,10217,13,0.12723891553293531,1.7962052812952258e-06,0.03808073115003808,3740,0.2320530489745695,
100,random_matched,839.0,10217,70,0.6851326221004209,1.2505346253622154e-05,1.1995430312261997,37661,0.8915677847852094,
100,random,840.0,10217,0,0.0,0.0,0.0,1084,0.10692404349111016,
100,random_matched,840.0,10217,23,0.225115004404424,8.882086428116063e-06,0.4188880426504189,34968,7.349356561969614,
100,random,841.0,10217,2,0.01957521777429774,4.992022166582832e-06,0.01904036557501904,1566,0.02813787293615538,
100,random_matched,841.0,10217,27,0.2642654399530195,1.7505428137543307e-05,0.43792840822543794,41121,0.6409957932600332,
100,random,842.0,10217,0,0.0,0.0,0.0,848,0.012259460663937462,
100,random_matched,842.0,10217,77,0.753645884310463,1.278604675402571e-05,1.408987052551409,40780,1.259340064848107,
100,random,843.0,10217,0,0.0,0.0,0.0,2414,0.021222017542893122,
100,random_matched,843.0,10217,128,1.2528139375550553,0.000289116790753774,1.408987052551409,35303,7.967100469058237,
100,random,844.0,10217,0,0.0,0.0,0.0,643,0.003473675766151279,
100,random_matched,844.0,10217,85,0.831946755407654,0.0003113885689724272,0.5521706016755522,35688,8.038278935696969,
100,random,845.0,10217,0,0.0,0.0,0.0,1064,0.024795058906073114,
100,random_matched,845.0,10217,123,1.203875893119311,0.0002996847477120366,1.2185833968012185,36468,1.809509182588208,
100,random,846.0,10217,0,0.0,0.0,0.0,33004,0.016453187845000005,
100,random_matched,846.0,10217,141,1.3800528530879905,0.0003153486693984175,1.6374714394516374,36304,1.9213516723570716,
100,random,847.0,10217,4,0.03915043554859548,2.1484427211085585e-05,0.07616146230007616,2931,0.0612008087992786,
100,random_matched,847.0,10217,31,0.303415875501615,3.521457257884484e-05,0.476009139375476,35450,0.7305821065442724,
100,random,848.0,10217,1,0.00978760888714887,2.779212875282726e-09,0.01904036557501904,497,0.0579225725672014,
100,random_matched,848.0,10217,79,0.7732211020847607,0.000296140695453476,0.4188880426504189,30539,8.500239572838272,
100,random,849.0,10217,0,0.0,0.0,0.0,1056,0.015460596823530981,
100,random_matched,849.0,10217,80,0.7830087109719096,0.00028427901490176935,0.4188880426504189,33287,1.713342506117669,
100,random,850.0,10217,0,0.0,0.0,0.0,2198,0.1654900689265611,
100,random_matched,850.0,10217,77,0.753645884310463,3.3467837286729644e-05,1.428027418126428,34118,0.9369545908769297,
100,random,851.0,10217,0,0.0,0.0,0.0,1122,0.03254087446328567,
100,random_matched,851.0,10217,61,0.597044142116081,0.0002805968357633073,0.15232292460015232,35242,1.7655501919436722,
100,random,852.0,10217,1,0.00978760888714887,1.7509041114281174e-08,0.0,753,0.05345392511903384,
100,random_matched,852.0,10217,10,0.0978760888714887,2.7152353948937176e-05,0.17136329017517135,29110,6.791299036628161,
100,random,853.0,10217,0,0.0,0.0,0.0,919,0.03675135038485173,
100,random_matched,853.0,10217,6,0.058725653322893215,2.940407222049124e-06,0.09520182787509521,31659,6.844225678765224,
100,random,854.0,10217,0,0.0,0.0,0.0,1866,0.016341001597370758,
100,random_matched,854.0,10217,21,0.20553978663012626,1.6061071206258874e-06,0.2856054836252856,29290,7.288163845829089,
100,random,855.0,10217,1,0.00978760888714887,5.221029307506129e-06,0.01904036557501904,3098,0.7988006995116979,
100,random_matched,855.0,10217,133,1.3017519819907997,0.0003016677160985508,1.428027418126428,35247,2.2677813575945716,
100,random,856.0,10217,23,0.225115004404424,3.834480004027577e-06,0.01904036557501904,3468,1.0490942585019083,
100,random_matched,856.0,10217,126,1.2332387197807575,0.00029989958086729595,1.2376237623762376,36177,1.8015147435402954,
100,random,857.0,10217,1,0.00978760888714887,6.784058628565134e-07,0.01904036557501904,1297,0.10787079727440217,
100,random_matched,857.0,10217,112,1.0962121953606734,0.000278721700836354,1.1043412033511044,32615,8.073751423803756,
100,random,858.0,10217,0,0.0,0.0,0.0,2395,0.011431013012988198,
100,random_matched,858.0,10217,121,1.1843006753450132,0.00027964662288124814,1.1805026656511806,38348,8.251279285329378,
100,random,859.0,10217,0,0.0,0.0,0.0,876,0.07819223542608832,
100,random_matched,859.0,10217,11,0.10766369775863756,1.8067662902213002e-06,0.11424219345011424,27847,0.5427290250232608,
100,random,860.0,10217,0,0.0,0.0,0.0,2533,0.08636072615371829,
100,random_matched,860.0,10217,14,0.13702652442008417,2.99098889637927e-05,0.19040365575019041,33062,0.7154933482658326,
100,random,861.0,10217,0,0.0,0.0,0.0,33786,0.13873246012381926,
100,random_matched,861.0,10217,66,0.6459821865518254,0.00028176577269865117,0.17136329017517135,32525,8.029841206545406,
100,random,862.0,10217,0,0.0,0.0,0.0,4005,0.055225857112790204,
100,random_matched,862.0,10217,75,0.7340706665361653,3.24411960506002e-05,1.2376237623762376,37538,7.068283404673265,
100,random,863.0,10217,0,0.0,0.0,0.0,1023,0.012630454868087853,
100,random_matched,863.0,10217,28,0.27405304884016835,7.964946179272765e-06,0.43792840822543794,40203,1.0742457737117233,
100,random,864.0,10217,0,0.0,0.0,0.0,1640,0.017545139702176648,
100,random_matched,864.0,10217,6,0.058725653322893215,4.621831011595173e-07,0.09520182787509521,35560,0.6251423366587787,
100,random,865.0,10217,0,0.0,0.0,0.0,989,0.007415111652164052,
100,random_matched,865.0,10217,13,0.12723891553293531,1.3523649851125744e-06,0.15232292460015232,38718,0.7298150878709777,
100,random,866.0,10217,0,0.0,0.0,0.0,2266,0.04956724442560812,
100,random_matched,866.0,10217,141,1.3800528530879905,0.00031022213332867105,1.5803503427265804,39590,1.922347761362438,
100,random,867.0,10217,2,0.01957521777429774,3.447057729213165e-06,0.01904036557501904,2444,0.042216301097835016,
100,random_matched,867.0,10217,11,0.10766369775863756,2.7657336928376047e-05,0.19040365575019041,28515,6.641653058784263,
100,random,868.0,10217,26,0.25447783106587063,0.003852973164420996,0.476009139375476,669,0.015344953856787108,
100,random_matched,868.0,10217,72,0.7047078398747186,3.210241000110324e-05,1.2757044935262758,32227,6.925031831858997,
100,random,869.0,10217,0,0.0,0.0,0.0,1405,0.014827085593726811,
100,random_matched,869.0,10217,75,0.7340706665361653,0.0002838813095393164,0.43792840822543794,36136,1.8369839003094246,
100,random,870.0,10217,0,0.0,0.0,0.0,1224,0.021241708779833054,
100,random_matched,870.0,10217,128,1.2528139375550553,0.0003074195750652359,1.3137852246763138,39078,1.913043078169128,
100,random,871.0,10217,1,0.00978760888714887,1.945449012697908e-08,0.0,896,0.033809722095980245,
100,random_matched,871.0,10217,66,0.6459821865518254,0.00027590191145309215,0.17136329017517135,25840,1.639086438969356,
100,random,872.0,10217,2,0.01957521777429774,8.593326210374189e-07,0.0,1257,0.09674719578366804,
100,random_matched,872.0,10217,61,0.597044142116081,4.865845902044997e-06,1.1233815689261233,36951,7.015875532276056,
100,random,873.0,10217,3,0.029362826661446607,6.21987841488274e-07,0.03808073115003808,1750,0.09642686362307046,
100,random_matched,873.0,10217,100,0.978760888714887,1.7413992033946503e-05,1.7897943640517897,33508,7.231327417894436,
100,random,874.0,10217,3,0.029362826661446607,2.2483832161037254e-07,0.03808073115003808,2157,0.08887920472716992,
100,random_matched,874.0,10217,26,0.25447783106587063,2.5507893690632387e-05,0.4188880426504189,42152,7.524034947401935,
100,random,875.0,10217,0,0.0,0.0,0.0,1864,0.01179152437519547,
100,random_matched,875.0,10217,7,0.06851326221004209,5.670428029439346e-06,0.11424219345011424,39621,7.032288504415985,
100,random,876.0,10217,2,0.01957521777429774,0.0008015455594068152,0.0,991,0.018231196871580018,
100,random_matched,876.0,10217,79,0.7732211020847607,2.0435552271953883e-05,1.38994668697639,34976,6.869932317988558,
100,random,877.0,10217,0,0.0,0.0,0.0,1200,0.021507107991856053,
100,random_matched,877.0,10217,10,0.0978760888714887,2.9223423383597866e-06,0.09520182787509521,28873,0.4941896323760408,
100,random,878.0,10217,0,0.0,0.0,0.0,1183,0.09989928398755982,
100,random_matched,878.0,10217,21,0.20553978663012626,1.6778108128081818e-06,0.3617669459253618,35664,7.29383782488655,
100,random,879.0,10217,0,0.0,0.0,0.0,1305,0.0649100556879027,
100,random_matched,879.0,10217,82,0.8025839287462073,1.549049880296333e-05,1.428027418126428,37919,7.044179134102656,
100,random,880.0,10217,0,0.0,0.0,0.0,2210,0.05590070613233706,
100,random_matched,880.0,10217,86,0.8417343642948028,1.792481136042347e-05,1.5041888804265042,44781,7.2479326156767,
100,random,881.0,10217,19,0.18596456885582852,4.152977799534977e-05,0.3617669459253618,1732,0.04799004570329682,
100,random_matched,881.0,10217,137,1.340902417539395,0.0002891126219344611,1.4851485148514851,33296,8.023524020621284,
100,random,882.0,10217,1,0.00978760888714887,8.093901656685882e-06,0.01904036557501904,5225,0.15903714726067752,
100,random_matched,882.0,10217,72,0.7047078398747186,0.0002962476951491744,0.20944402132520945,40693,8.332408487710987,
100,random,883.0,10217,0,0.0,0.0,0.0,3397,0.051397066148338784,
100,random_matched,883.0,10217,81,0.7927963198590584,2.3134723816428468e-05,1.4470677837014472,35375,6.934011999277574,
100,random,884.0,10217,2,0.01957521777429774,1.6119434676639812e-08,0.03808073115003808,2341,0.1329598566483131,
100,random_matched,884.0,10217,130,1.2723891553293531,0.0003055194272224051,1.2947448591012947,36054,8.229587046063617,
100,random,885.0,10217,0,0.0,0.0,0.0,1393,0.008415087482650687,
100,random_matched,885.0,10217,122,1.194088284232162,0.0002832748852899297,1.2185833968012185,36715,8.18772312399156,
100,random,886.0,10217,0,0.0,0.0,0.0,2580,0.09618798338243693,
100,random_matched,886.0,10217,81,0.7927963198590584,1.7322833851637232e-05,1.4851485148514851,36666,6.9859012273163845,
100,random,887.0,10217,0,0.0,0.0,0.0,1838,0.027638538909009046,
100,random_matched,887.0,10217,19,0.18596456885582852,3.042876800760798e-05,0.26656511805026656,35991,7.137317069153578,
100,random,888.0,10217,0,0.0,0.0,0.0,1622,0.08585237101020486,
100,random_matched,888.0,10217,95,0.9298228442791426,2.146441687838355e-05,1.6945925361766947,34213,1.0751656831666843,
100,random,889.0,10217,0,0.0,0.0,0.0,939,0.00833984908671497,
100,random_matched,889.0,10217,65,0.6361945776646766,1.222770288738141e-05,1.2185833968012185,33658,0.6294477120581868,
100,random,890.0,10217,0,0.0,0.0,0.0,386,0.013738749166367945,
100,random_matched,890.0,10217,13,0.12723891553293531,2.7792962516689846e-05,0.15232292460015232,29881,0.7308217819255287,
100,random,891.0,10217,11,0.10766369775863756,9.265895726192608e-07,0.19040365575019041,1962,0.008833780601526047,
100,random_matched,891.0,10217,29,0.2838406577273172,4.619607641294947e-06,0.38080731150038083,31264,1.1323190071752116,
100,random,892.0,10217,0,0.0,0.0,0.0,2442,0.0324417278870273,
100,random_matched,892.0,10217,70,0.6851326221004209,2.657399974959084e-05,1.2185833968012185,35514,7.07682559244832,
100,random,893.0,10217,0,0.0,0.0,0.0,332,0.01825687308913577,
100,random_matched,893.0,10217,103,1.0081237153763336,1.9354438463468903e-05,1.7517136329017517,37512,1.3488659934711185,
100,random,894.0,10217,0,0.0,0.0,0.0,2798,0.020007890186430913,
100,random_matched,894.0,10217,65,0.6361945776646766,0.0003005949399286917,0.20944402132520945,38058,8.047955925631943,
100,random,895.0,10217,0,0.0,0.0,0.0,502,0.01514276594361505,
100,random_matched,895.0,10217,82,0.8025839287462073,2.7936647822341962e-05,1.4470677837014472,29508,7.187134625751767,
100,random,896.0,10217,1,0.00978760888714887,3.463343916662322e-05,0.01904036557501904,3807,0.032649432584240884,
100,random_matched,896.0,10217,125,1.2234511108936086,0.0002858598311852302,1.2566641279512567,38348,1.8789928665059845,
100,random,897.0,10217,0,0.0,0.0,0.0,1443,0.015028545024771408,
100,random_matched,897.0,10217,80,0.7830087109719096,1.537488354735157e-05,1.428027418126428,36391,0.7508567386352749,
100,random,898.0,10217,0,0.0,0.0,0.0,1017,0.1353670663219997,
100,random_matched,898.0,10217,89,0.8710971909562494,3.771280703243648e-05,1.4851485148514851,37539,7.067941443418042,
100,random,899.0,10217,0,0.0,0.0,0.0,1196,0.006842751656283924,
100,random_matched,899.0,10217,5,0.04893804443574435,1.8287220719360336e-07,0.07616146230007616,35788,6.897772682950335,
100,random,900.0,10217,0,0.0,0.0,0.0,725,0.07762095466298961,
100,random_matched,900.0,10217,137,1.340902417539395,0.00031664239299186166,1.5803503427265804,41274,8.228940933203983,
100,random,901.0,10217,1,0.00978760888714887,8.862909859276613e-07,0.01904036557501904,1238,0.018218931708440515,
100,random_matched,901.0,10217,90,0.8808847998433983,4.315339415708994e-05,1.5993907083015995,38057,0.9763959369050212,
100,random,902.0,10217,2,0.01957521777429774,4.919206789250425e-08,0.01904036557501904,1021,0.050487098331823084,
100,random_matched,902.0,10217,86,0.8417343642948028,0.00028138085171542455,0.476009139375476,38928,8.75926238714802,
100,random,903.0,10217,0,0.0,0.0,0.0,2434,0.03629376203395517,
100,random_matched,903.0,10217,66,0.6459821865518254,0.00028186248930671105,0.17136329017517135,33375,8.265013289045722,
100,random,904.0,10217,0,0.0,0.0,0.0,5120,0.04265731529000152,
100,random_matched,904.0,10217,123,1.203875893119311,0.0003049205068477817,1.2376237623762376,37891,1.66508674536805,
100,random,905.0,10217,0,0.0,0.0,0.0,1809,0.024965434845905608,
100,random_matched,905.0,10217,74,0.7242830576490163,0.0002762215209337497,0.39984767707539987,35413,8.576737106485863,
100,random,906.0,10217,1,0.00978760888714887,4.764126710809649e-06,0.0,4023,0.16322906672683116,
100,random_matched,906.0,10217,91,0.8906724087305471,4.027385169700951e-05,1.6184310738766183,44171,0.8716902643316676,
100,random,907.0,10217,0,0.0,0.0,0.0,1276,0.017597734842093826,
100,random_matched,907.0,10217,25,0.24469022217872174,9.410136874419782e-06,0.38080731150038083,37293,1.255961801195369,
100,random,908.0,10217,5,0.04893804443574435,1.2567600622028487e-06,0.0,3103,0.08455120829124173,
100,random_matched,908.0,10217,79,0.7732211020847607,0.0002846580995379579,0.39984767707539987,34550,8.102990825200916,
100,random,909.0,10217,1,0.00978760888714887,2.5012915877544532e-09,0.0,2313,1.1163779105236773,
100,random_matched,909.0,10217,97,0.9493980620534404,0.00030845788899544154,0.7616146230007617,33547,8.39073823417423,
100,random,910.0,10217,4,0.03915043554859548,6.295584173605442e-05,0.07616146230007616,3306,0.9667756241492481,
100,random_matched,910.0,10217,79,0.7732211020847607,0.00028086558564834713,0.4188880426504189,40571,8.630883518144884,
100,random,911.0,10217,6,0.058725653322893215,1.4551958614980352e-06,0.01904036557501904,1558,0.023856413652605084,
100,random_matched,911.0,10217,27,0.2642654399530195,3.255153080174893e-05,0.49504950495049505,39447,7.131551191837671,
100,random,912.0,10217,1,0.00978760888714887,1.7028237286857262e-06,0.0,2824,0.7866050580086044,
100,random_matched,912.0,10217,63,0.6166193598903787,0.00027353763506008917,0.19040365575019041,33847,8.143239586537575,
100,random,913.0,10217,0,0.0,0.0,0.0,2245,0.01940757964861888,
100,random_matched,913.0,10217,72,0.7047078398747186,4.879464045133882e-06,1.3137852246763138,32912,7.3234546816005865,
100,random,914.0,10217,0,0.0,0.0,0.0,3119,0.020393220728396923,
100,random_matched,914.0,10217,84,0.822159146520505,0.00029021402399693563,0.5140898705255141,37688,8.226767285375267,
100,random,915.0,10217,9,0.08808847998433983,6.078138558243321e-07,0.17136329017517135,2193,0.025842497172337026,
100,random_matched,915.0,10217,26,0.25447783106587063,3.990866312519736e-05,0.476009139375476,39568,7.026583176820438,
100,random,916.0,10217,0,0.0,0.0,0.0,2416,0.06451773235235586,
100,random_matched,916.0,10217,21,0.20553978663012626,7.381033554175864e-06,0.30464584920030463,25501,0.7846159367660142,
100,random,917.0,10217,0,0.0,0.0,0.0,1892,0.08579577953478233,
100,random_matched,917.0,10217,117,1.1451502397964177,0.0002985330418965194,1.1995430312261997,34263,1.7018115418651576,
100,random,918.0,10217,0,0.0,0.0,0.0,561,0.03672592334309992,
100,random_matched,918.0,10217,140,1.3702652442008418,0.00029446705345998077,1.5803503427265804,30578,1.7541188265929228,
100,random,919.0,10217,1,0.00978760888714887,3.359679276414276e-05,0.01904036557501904,2351,0.05988889184306996,
100,random_matched,919.0,10217,74,0.7242830576490163,2.9269558317327558e-05,1.2757044935262758,35789,0.7462219734554404,
100,random,920.0,10217,0,0.0,0.0,0.0,584,0.05362318214840912,
100,random_matched,920.0,10217,32,0.31320348438876383,3.533129951960671e-05,0.5331302361005331,30216,6.824226425615259,
100,random,921.0,10217,4,0.03915043554859548,7.081434406220386e-07,0.07616146230007616,12357,0.3354714793447333,
100,random_matched,921.0,10217,145,1.4192032886365862,0.00030900845106603505,1.5993907083015995,44609,8.84641439090601,
100,random,922.0,10217,1,0.00978760888714887,8.512729036990989e-07,0.01904036557501904,1251,0.015229658466483137,
100,random_matched,922.0,10217,63,0.6166193598903787,1.0099937510064954e-05,1.1614623000761615,30221,0.5580335489155274,
100,random,923.0,10217,0,0.0,0.0,0.0,548,0.03272499475001103,
100,random_matched,923.0,10217,115,1.12557502202212,0.0002846558761676577,1.1614623000761615,38520,1.7142419276079603,
100,random,924.0,10217,0,0.0,0.0,0.0,1282,0.044582036490574226,
100,random_matched,924.0,10217,72,0.7047078398747186,4.787194177674496e-06,1.3328255902513328,28248,7.0832291773050216,
100,random,925.0,10217,0,0.0,0.0,0.0,2126,0.025908963627709593,
100,random_matched,925.0,10217,39,0.3817167465988059,1.214877324172338e-05,0.6473724295506473,35236,7.237827081449504,
100,random,926.0,10217,3,0.029362826661446607,8.951566749998131e-06,0.05712109672505712,1136,0.05780873731536642,
100,random_matched,926.0,10217,76,0.7438582754233141,1.090340795230919e-05,1.408987052551409,33725,7.355260660436895,
100,random,927.0,10217,0,0.0,0.0,0.0,1678,0.03248109607694388,
100,random_matched,927.0,10217,90,0.8808847998433983,4.287797416114942e-05,1.5993907083015995,36801,0.7711307787353547,
100,random,928.0,10217,0,0.0,0.0,0.0,4859,0.04457936380233316,
100,random_matched,928.0,10217,13,0.12723891553293531,2.7990842473409975e-05,0.17136329017517135,29568,0.6352918020086061,
100,random,929.0,10217,0,0.0,0.0,0.0,1260,0.03974248530335707,
100,random_matched,929.0,10217,137,1.340902417539395,0.0002886710050085787,1.408987052551409,33600,1.7353381002601111,
100,random,930.0,10217,0,0.0,0.0,0.0,850,0.016548571390486665,
100,random_matched,930.0,10217,26,0.25447783106587063,1.1722997829230066e-05,0.39984767707539987,33434,6.902768849859422,
100,random,931.0,10217,0,0.0,0.0,0.0,794,0.04300252376621098,
100,random_matched,931.0,10217,37,0.3621415288245082,1.718498489302321e-05,0.6664127951256664,41208,1.2480677403187714,
100,random,932.0,10217,2,0.01957521777429774,2.473499459001626e-07,0.01904036557501904,4829,0.08799890152818017,
100,random_matched,932.0,10217,80,0.7830087109719096,0.0002916558796366323,0.43792840822543794,36453,8.151682327773143,
100,random,933.0,10217,0,0.0,0.0,0.0,2043,0.05128168188004104,
100,random_matched,933.0,10217,44,0.43065479103455023,2.0344394089644612e-05,0.7425742574257426,35348,7.429623727167058,
100,random,934.0,10217,0,0.0,0.0,0.0,885,0.015485104930311544,
100,random_matched,934.0,10217,16,0.15660174219438192,2.2649751169691633e-05,0.19040365575019041,32038,0.7441500417292671,
100,random,935.0,10217,0,0.0,0.0,0.0,539,0.026163710177337103,
100,random_matched,935.0,10217,121,1.1843006753450132,0.000300986531022819,1.2185833968012185,36289,8.189785415629624,
100,random,936.0,10217,2,0.01957521777429774,2.1066433594643063e-07,0.03808073115003808,2569,0.0794300662260661,
100,random_matched,936.0,10217,32,0.31320348438876383,1.2335814268229908e-05,0.456968773800457,36406,7.057800424651836,
100,random,937.0,10217,0,0.0,0.0,0.0,3139,0.040910577033263326,
100,random_matched,937.0,10217,81,0.7927963198590584,0.00029606593462713093,0.43792840822543794,35441,8.625497400625264,
100,random,938.0,10217,1,0.00978760888714887,5.0581674330145614e-08,0.01904036557501904,889,0.2059496583870719,
100,random_matched,938.0,10217,71,0.6949202309875697,5.918333817914565e-06,1.2185833968012185,36583,0.8033793541095404,
100,random,939.0,10217,0,0.0,0.0,0.0,2301,0.07833796359372147,
100,random_matched,939.0,10217,63,0.6166193598903787,0.00029660176686948546,0.19040365575019041,31281,1.8245058680264288,
100,random,940.0,10217,0,0.0,0.0,0.0,2240,0.013768204285765721,
100,random_matched,940.0,10217,105,1.0276989331506312,4.431927395827105e-05,1.8088347296268088,42665,7.603446468282338,
100,random,941.0,10217,1,0.00978760888714887,2.2770091087191373e-06,0.01904036557501904,2186,0.012826483218870626,
100,random_matched,941.0,10217,8,0.07830087109719096,6.471397180095827e-06,0.13328255902513328,36742,6.8925572000689925,
100,random,942.0,10217,0,0.0,0.0,0.0,3152,0.11537193330188807,
100,random_matched,942.0,10217,99,0.9689732798277381,2.360580039878889e-05,1.7517136329017517,39540,7.659389043885273,
100,random,943.0,10217,1,0.00978760888714887,7.837380308297287e-08,0.01904036557501904,2064,0.21949303150364705,
100,random_matched,943.0,10217,76,0.7438582754233141,0.00028135055829508397,0.43792840822543794,37816,2.174809064143207,
100,random,944.0,10217,14,0.13702652442008417,8.989919887677033e-05,0.0,750,0.035042799510398674,
100,random_matched,944.0,10217,13,0.12723891553293531,2.3064409730683814e-05,0.13328255902513328,34906,0.6763058060457918,
100,random,945.0,10217,0,0.0,0.0,0.0,3299,0.05444180401972631,
100,random_matched,945.0,10217,117,1.1451502397964177,0.00028240526958125375,1.1995430312261997,31744,7.860840233083056,
100,random,946.0,10217,5,0.04893804443574435,0.007226958161189502,0.05712109672505712,1517,0.05752467372465287,
100,random_matched,946.0,10217,114,1.1157874131349712,0.0002826348325647521,1.1424219345011424,36610,8.18353241707518,
100,random,947.0,10217,0,0.0,0.0,0.0,7551,0.033264490520589704,
100,random_matched,947.0,10217,29,0.2838406577273172,3.3081248775777814e-05,0.43792840822543794,35261,7.0448252231556845,
100,random,948.0,10217,0,0.0,0.0,0.0,1682,0.06785565491856702,
100,random_matched,948.0,10217,7,0.06851326221004209,4.6496231403480006e-07,0.11424219345011424,32446,6.970056269673283,
100,random,949.0,10217,0,0.0,0.0,0.0,2154,0.45642305406212963,
100,random_matched,949.0,10217,24,0.23490261329157286,1.6469059656350377e-05,0.43792840822543794,31089,0.4716791473833296,
100,random,950.0,10217,2,0.01957521777429774,1.6789224979582949e-06,0.03808073115003808,6240,0.12368136548234417,
100,random_matched,950.0,10217,3,0.029362826661446607,5.166556735150588e-07,0.03808073115003808,26449,6.707459901364784,
100,random,951.0,10217,0,0.0,0.0,0.0,1569,0.0531592136272459,
100,random_matched,951.0,10217,91,0.8906724087305471,0.0003124327192496709,0.5712109672505712,41100,8.199035183332537,
100,random,952.0,10217,0,0.0,0.0,0.0,609,0.005282309610011291,
100,random_matched,952.0,10217,35,0.34256631105021046,3.397115273844334e-05,0.49504950495049505,38253,7.104713995965727,
100,random,953.0,10217,0,0.0,0.0,0.0,737,0.015731225553222806,
100,random_matched,953.0,10217,9,0.08808847998433983,3.1908143021120976e-06,0.07616146230007616,32433,0.664583720777439,
100,random,954.0,10217,1,0.00978760888714887,1.0005166351017813e-08,0.0,1795,0.04052250714456093,
100,random_matched,954.0,10217,83,0.8123715376333561,0.0003077697558875215,0.5140898705255141,32981,1.6901952309320265,
100,random,955.0,10217,2,0.01957521777429774,7.787354476542199e-07,0.03808073115003808,1895,0.026009662394644778,
100,random_matched,955.0,10217,88,0.8613095820691005,0.000284815958829274,0.5902513328255903,38567,8.419651239074824,
100,random,956.0,10217,0,0.0,0.0,0.0,1039,0.036170742193728844,
100,random_matched,956.0,10217,4,0.03915043554859548,6.442215444905359e-07,0.05712109672505712,28354,6.764577547207243,
100,random,957.0,10217,0,0.0,0.0,0.0,5312,0.054391862522765816,
100,random_matched,957.0,10217,70,0.6851326221004209,7.867673728637869e-06,1.1995430312261997,36682,0.8722386225079103,
100,random,958.0,10217,0,0.0,0.0,0.0,1710,0.0047067277868572,
100,random_matched,958.0,10217,78,0.7634334931976118,2.649034544204483e-05,1.428027418126428,33624,1.0794064585485887,
100,random,959.0,10217,0,0.0,0.0,0.0,3723,0.01591898190215735,
100,random_matched,959.0,10217,129,1.2626015464422042,0.0002946463126904365,1.4470677837014472,32916,7.997404205063118,
100,random,960.0,10217,0,0.0,0.0,0.0,577,0.029175786973123206,
100,random_matched,960.0,10217,74,0.7242830576490163,0.00028585816365750503,0.4188880426504189,37110,8.117685182620706,
100,random,961.0,10217,1,0.00978760888714887,4.30222153093766e-07,0.01904036557501904,568,0.03598705201300902,
100,random_matched,961.0,10217,79,0.7732211020847607,0.00027571209121371036,0.3427265803503427,35979,2.215810380846783,
100,random,962.0,10217,4,0.03915043554859548,5.570654287216696e-06,0.07616146230007616,1172,0.20338196997300131,
100,random_matched,962.0,10217,81,0.7927963198590584,0.00030311151718726015,0.5140898705255141,33262,8.46627839470538,
100,random,963.0,10217,2,0.01957521777429774,0.00020551667785883196,0.0,2130,0.11512372404612335,
100,random_matched,963.0,10217,84,0.822159146520505,2.9839574878048045e-05,1.4851485148514851,37869,1.1744080572054743,
100,random,964.0,10217,0,0.0,0.0,0.0,1075,0.0057700466460783905,
100,random_matched,964.0,10217,120,1.1745130664578642,0.00028058405138408097,1.1614623000761615,32730,8.073934568019657,
100,random,965.0,10217,3,0.029362826661446607,2.973757776552517e-08,0.05712109672505712,12570,0.15030568268815175,
100,random_matched,965.0,10217,76,0.7438582754233141,3.296535559887852e-05,1.2566641279512567,36927,6.913170325586354,
100,random,966.0,10217,1,0.00978760888714887,8.615559913376451e-09,0.0,2048,0.09076831283306261,
100,random_matched,966.0,10217,6,0.058725653322893215,7.865172437050114e-07,0.01904036557501904,30858,0.5809475526967857,
100,random,967.0,10217,2,0.01957521777429774,2.1483315525935472e-07,0.03808073115003808,1407,0.0699919136798344,
100,random_matched,967.0,10217,6,0.058725653322893215,6.421649269628267e-06,0.11424219345011424,35662,6.915756730753648,
100,random,968.0,10217,2,0.01957521777429774,3.109383364866314e-06,0.0,1311,0.04174278612787727,
100,random_matched,968.0,10217,70,0.6851326221004209,2.911781329433712e-05,1.1995430312261997,35498,6.936375942826475,
100,random,969.0,10217,0,0.0,0.0,0.0,2016,0.01912600464173074,
100,random_matched,969.0,10217,71,0.6949202309875697,2.7237675784208354e-05,1.2376237623762376,34858,6.803992580587859,
100,random,970.0,10217,2,0.01957521777429774,1.4932710778894087e-06,0.01904036557501904,2021,0.20996067463245308,
100,random_matched,970.0,10217,71,0.6949202309875697,2.8602825148547233e-05,1.2376237623762376,37931,0.7751077864512648,
100,random,971.0,10217,1,0.00978760888714887,5.0581674330145614e-08,0.01904036557501904,1206,0.005265716405996865,
100,random_matched,971.0,10217,22,0.21532739551727512,1.6348719738850635e-05,0.38080731150038083,35463,6.804100543543678,
100,random,972.0,10217,0,0.0,0.0,0.0,4496,0.10639751597208595,
100,random_matched,972.0,10217,47,0.46001761769599686,1.3724031099433629e-05,0.7044935262757045,38845,7.370209327951877,
100,random,973.0,10217,0,0.0,0.0,0.0,3244,0.03068972995758669,
100,random_matched,973.0,10217,13,0.12723891553293531,1.459086759523431e-06,0.13328255902513328,34285,7.059495946964668,
100,random,974.0,10217,0,0.0,0.0,0.0,3014,0.01922087396453919,
100,random_matched,974.0,10217,69,0.675345013213272,0.0002978435191821618,0.2284843869002285,34019,2.0282893141812277,
100,random,975.0,10217,0,0.0,0.0,0.0,769,0.009161449957930305,
100,random_matched,975.0,10217,7,0.06851326221004209,2.1513886867563582e-05,0.11424219345011424,29120,6.679190141421417,
100,random,976.0,10217,0,0.0,0.0,0.0,5652,0.07636293268735696,
100,random_matched,976.0,10217,26,0.25447783106587063,2.3488517615451958e-05,0.39984767707539987,32894,7.43302644337783,
100,random,977.0,10217,1,0.00978760888714887,3.6129767378675437e-09,0.01904036557501904,7809,0.22492269765310582,
100,random_matched,977.0,10217,71,0.6949202309875697,0.00027917638006275027,0.32368621477532367,28019,8.205651937295963,
100,random,978.0,10217,0,0.0,0.0,0.0,1293,0.011770779299186617,
100,random_matched,978.0,10217,27,0.2642654399530195,1.3453057844093564e-05,0.4188880426504189,35199,0.7421329413768184,
100,random,979.0,10217,0,0.0,0.0,0.0,1286,0.019971024864303022,
100,random_matched,979.0,10217,140,1.3702652442008418,0.00030838507361810916,1.5422696115765422,38600,8.590007513064089,
100,random,980.0,10217,0,0.0,0.0,0.0,1004,0.10862481436689475,
100,random_matched,980.0,10217,76,0.7438582754233141,3.2572652819601077e-05,1.2566641279512567,37344,7.163697365479077,
100,random,981.0,10217,1,0.00978760888714887,5.0025831755089064e-09,0.01904036557501904,1593,0.037842884832879085,
100,random_matched,981.0,10217,79,0.7732211020847607,1.1194113619063764e-05,1.38994668697639,35614,7.233773787847018,
100,random,982.0,10217,0,0.0,0.0,0.0,1564,0.1332296569081345,
100,random_matched,982.0,10217,93,0.9102476265048449,3.7197263044071533e-05,1.7517136329017517,35275,7.102213362823738,
100,random,983.0,10217,0,0.0,0.0,0.0,2386,0.016561287292023115,
100,random_matched,983.0,10217,20,0.1957521777429774,6.9772139233972835e-06,0.2856054836252856,26720,0.8983847126229836,
100,random,984.0,10217,1,0.00978760888714887,4.6412855017221527e-08,0.0,790,0.018884469171033508,
100,random_matched,984.0,10217,31,0.303415875501615,2.4648561069594968e-05,0.4188880426504189,29140,7.2328249470179795,
100,random,985.0,10217,0,0.0,0.0,0.0,704,0.029455233669482092,
100,random_matched,985.0,10217,86,0.8417343642948028,9.225041296925952e-06,1.428027418126428,38731,7.548666212101035,
100,random,986.0,10217,1,0.00978760888714887,6.784058628565134e-07,0.01904036557501904,678,0.07506237941749393,
100,random_matched,986.0,10217,84,0.822159146520505,0.0003061580903411451,0.5140898705255141,37639,1.8472721676917998,
100,random,987.0,10217,2,0.01957521777429774,1.2200744522491167e-07,0.01904036557501904,554,0.03432086737365507,
100,random_matched,987.0,10217,69,0.675345013213272,0.00030127501331927336,0.2284843869002285,34661,1.7056960529832712,
100,random,988.0,10217,2,0.01957521777429774,4.02707945628467e-07,0.03808073115003808,2820,0.1332318026768411,
100,random_matched,988.0,10217,127,1.2430263286679064,0.00028435627701970225,1.2376237623762376,37775,8.184878318754253,
100,random,989.0,10217,0,0.0,0.0,0.0,1012,0.01330530706184877,
100,random_matched,989.0,10217,67,0.6557697954389743,0.00029744192292168343,0.17136329017517135,38449,8.163206019901237,
100,random,990.0,10217,5,0.04893804443574435,0.002160242147291859,0.09520182787509521,849,0.1070320540601395,
100,random_matched,990.0,10217,156,1.5268669863952236,0.00031312807831106664,1.846915460776847,40020,8.613846116201586,
100,random,991.0,10217,0,0.0,0.0,0.0,498,0.02603614962389363,
100,random_matched,991.0,10217,96,0.9396104531662914,0.0003068342728337014,0.7425742574257426,37380,2.247860183762128,
100,random,992.0,10217,0,0.0,0.0,0.0,3445,0.979370569084613,
100,random_matched,992.0,10217,97,0.9493980620534404,0.0002865176708728096,0.6854531607006854,35587,8.540013990735101,
100,random,993.0,10217,0,0.0,0.0,0.0,1683,0.007458087336363254,
100,random_matched,993.0,10217,92,0.900460017617696,0.00030769833011662676,0.7425742574257426,37304,2.1411660660537795,
100,random,994.0,10217,5,0.04893804443574435,3.471903892318193e-05,0.09520182787509521,1741,0.04601105655199572,
100,random_matched,994.0,10217,27,0.2642654399530195,7.87712305241383e-06,0.32368621477532367,30936,0.9521977730824284,
100,random,995.0,10217,3,0.029362826661446607,3.8269761292643135e-07,0.05712109672505712,5188,0.1290139562302207,
100,random_matched,995.0,10217,77,0.753645884310463,0.0003031618209403028,0.456968773800457,31378,8.410933345854524,
100,random,996.0,10217,2,0.01957521777429774,1.8070442115088284e-06,0.01904036557501904,3345,0.11214337193279007,
100,random_matched,996.0,10217,137,1.340902417539395,0.0003152166567868416,1.5613099771515613,32843,8.010170382976114,
100,random,997.0,10217,0,0.0,0.0,0.0,1727,0.03867832369030214,
100,random_matched,997.0,10217,66,0.6459821865518254,0.00027462680858591246,0.11424219345011424,29892,8.100665251551609,
100,random,998.0,10217,0,0.0,0.0,0.0,1928,0.01931460691871308,
100,random_matched,998.0,10217,87,0.8515219731819517,4.475144156037751e-05,1.5422696115765422,40978,7.011124986051167,
100,random,999.0,10217,13,0.12723891553293531,7.0147332972136e-07,0.24752475247524752,3699,0.4372496615786521,
100,random_matched,999.0,10217,61,0.597044142116081,9.80784223687274e-06,1.1233815689261233,34035,6.870320437077577,
27087,license:noncommercial,,10217,1685,16.492120974845847,8.293943522247266,0.07616146230007616,122053,3.0386676615370067,2.256326786289943
124,license:no_derivatives,,10217,17,0.16638935108153077,6.840587818448385e-05,0.32368621477532367,276,0.0005718838637706752,0.010329107007049615
47917,license:vendor_custom,,10217,637,6.23470686111383,1.3645455053029723,11.671744097486672,166200,3.145987370811072,3.991450164974165
36278,license:responsible_ai,,10217,501,4.903592052461583,1.4573063518439615,9.158415841584159,42342,1.2512323825392824,3.021930193562467
7857,license:copyleft,,10217,1181,11.559166095722816,0.2065252644943597,22.44859101294745,15407,0.9433577011886294,0.6544822076966841
