option,n_root_lineages,n_root_lineages_known,n_root_lineages_arch,n_providers
fill-mask|en|permissive,2880,393,359,2002
fill-mask|unk|unknown,7144,431,797,6687
fill-mask|zh|permissive,2113,260,234,652
fill-mask|de|permissive,2054,257,230,570
fill-mask|af|permissive,1998,239,226,472
fill-mask|an|permissive,1962,222,212,23
fill-mask|ar|permissive,2061,265,238,565
fill-mask|az|permissive,1982,236,221,456
fill-mask|ba|permissive,1963,221,211,24
fill-mask|be|permissive,1985,236,226,457
fill-mask|bg|permissive,2005,243,223,486
fill-mask|bn|permissive,2009,243,229,488
fill-mask|br|permissive,1971,227,216,54
fill-mask|bs|permissive,1980,232,220,63
fill-mask|ca|permissive,1997,242,226,475
fill-mask|ce|permissive,1961,221,211,22
fill-mask|cs|permissive,1992,239,228,472
fill-mask|cv|permissive,1961,221,211,22
fill-mask|cy|permissive,1989,237,226,467
fill-mask|da|permissive,2009,245,226,495
fill-mask|el|permissive,2002,242,226,490
fill-mask|es|permissive,2057,255,229,569
fill-mask|et|permissive,1994,237,226,472
fill-mask|eu|permissive,1998,237,228,475
fill-mask|fa|permissive,2010,244,227,490
fill-mask|fi|permissive,2032,246,234,509
fill-mask|fr|permissive,2084,259,246,610
fill-mask|ga|permissive,1987,235,225,464
fill-mask|gl|permissive,1988,237,226,468
fill-mask|gu|permissive,1995,240,225,470
fill-mask|he|permissive,1993,237,221,84
fill-mask|hi|permissive,2039,248,236,516
fill-mask|hr|permissive,1997,237,227,85
fill-mask|ht|permissive,1969,228,215,419
fill-mask|hu|permissive,1999,239,228,482
fill-mask|hy|permissive,1992,237,228,464
fill-mask|id|permissive,2010,241,234,100
fill-mask|io|permissive,1961,221,211,22
fill-mask|is|permissive,1999,239,226,475
fill-mask|it|permissive,2043,254,239,529
fill-mask|ja|permissive,2035,267,235,553
fill-mask|jv|permissive,1991,237,220,465
fill-mask|ka|permissive,1997,236,229,472
fill-mask|kk|permissive,1992,239,222,466
fill-mask|kn|permissive,1993,240,223,468
fill-mask|ko|permissive,2038,248,235,536
fill-mask|ky|permissive,1980,236,221,452
fill-mask|la|permissive,1986,233,222,460
fill-mask|lt|permissive,1995,238,228,472
fill-mask|lv|permissive,1997,240,226,476
fill-mask|mg|permissive,1983,235,219,457
fill-mask|mk|permissive,1985,235,226,459
fill-mask|ml|permissive,2001,241,227,476
fill-mask|mn|permissive,1988,232,225,451
fill-mask|mr|permissive,2017,241,223,494
fill-mask|ms|permissive,2000,237,228,474
fill-mask|my|permissive,1991,237,221,464
fill-mask|nb|permissive,1977,227,216,40
fill-mask|ne|permissive,1995,241,225,472
fill-mask|nl|permissive,2020,249,234,504
fill-mask|nn|permissive,1975,224,215,43
fill-mask|oc|permissive,1962,222,211,28
fill-mask|pa|permissive,1991,239,223,466
fill-mask|pl|permissive,2015,247,235,497
fill-mask|pt|permissive,2056,260,233,572
fill-mask|ro|permissive,2004,239,228,483
fill-mask|ru|permissive,2028,249,238,539
fill-mask|sk|permissive,1994,240,228,473
fill-mask|sl|permissive,1994,239,226,473
fill-mask|sq|permissive,1992,236,229,465
fill-mask|sr|permissive,1996,237,225,473
fill-mask|su|permissive,1978,233,219,452
fill-mask|sv|permissive,2029,246,232,509
fill-mask|sw|permissive,2017,244,233,497
fill-mask|ta|permissive,2004,241,228,480
fill-mask|te|permissive,2005,243,229,482
fill-mask|tg|permissive,1964,223,212,414
fill-mask|th|permissive,2013,246,232,480
fill-mask|tl|permissive,1991,232,226,74
fill-mask|tr|permissive,2040,256,235,519
fill-mask|tt|permissive,1963,221,213,24
fill-mask|uk|permissive,1997,247,222,474
fill-mask|uz|permissive,1980,234,218,454
fill-mask|vi|permissive,2028,251,237,513
fill-mask|vo|permissive,1961,221,211,22
fill-mask|yo|permissive,1984,232,215,438
question-answering|en|permissive,2481,355,221,1115
text-generation|en|permissive,44617,11119,10784,115689
text-classification|en|permissive,13481,1082,1206,7897
translation|de|permissive,5527,1628,1786,823
translation|en|permissive,6604,1865,2219,3322
translation|fr|permissive,5550,1632,1787,971
translation|ro|permissive,5394,1599,1745,424
text-generation|en|unknown,134706,16074,9254,22248
fill-mask|de|unknown,6434,331,753,17
fill-mask|en|unknown,6796,347,768,424
fill-mask|fr|unknown,6438,329,753,22
fill-mask|af|noncommercial,84,26,27,2
fill-mask|am|noncommercial,84,26,27,2
fill-mask|an|noncommercial,84,26,27,2
fill-mask|ar|noncommercial,90,31,30,11
fill-mask|az|noncommercial,85,27,27,5
fill-mask|be|noncommercial,84,26,27,2
fill-mask|bg|noncommercial,86,28,29,6
fill-mask|bn|noncommercial,84,26,27,2
fill-mask|br|noncommercial,84,26,27,2
fill-mask|bs|noncommercial,84,26,27,2
fill-mask|ca|noncommercial,84,26,27,2
fill-mask|cs|noncommercial,87,28,27,5
fill-mask|cy|noncommercial,84,26,27,2
fill-mask|da|noncommercial,88,26,27,6
fill-mask|de|noncommercial,93,32,33,15
fill-mask|el|noncommercial,86,28,29,6
fill-mask|en|noncommercial,132,40,37,65
fill-mask|eo|noncommercial,84,26,27,2
fill-mask|es|noncommercial,89,31,30,14
fill-mask|et|noncommercial,84,26,27,2
fill-mask|eu|noncommercial,88,27,27,6
fill-mask|fa|noncommercial,85,26,27,3
fill-mask|fi|noncommercial,84,26,27,2
fill-mask|fr|noncommercial,93,31,34,15
fill-mask|fy|noncommercial,84,26,27,2
fill-mask|ga|noncommercial,85,27,27,3
fill-mask|gl|noncommercial,84,26,27,2
fill-mask|gu|noncommercial,84,26,27,2
fill-mask|he|noncommercial,84,26,27,2
fill-mask|hi|noncommercial,87,29,30,8
fill-mask|hr|noncommercial,84,26,27,2
fill-mask|hu|noncommercial,85,26,28,3
fill-mask|hy|noncommercial,84,26,27,2
fill-mask|ia|noncommercial,84,26,27,2
fill-mask|id|noncommercial,84,26,27,2
fill-mask|is|noncommercial,84,26,27,2
fill-mask|it|noncommercial,88,28,30,7
fill-mask|ja|noncommercial,104,28,28,23
fill-mask|jv|noncommercial,84,26,27,2
fill-mask|ka|noncommercial,84,26,27,2
fill-mask|kk|noncommercial,84,26,27,2
fill-mask|kn|noncommercial,84,26,27,2
fill-mask|ko|noncommercial,85,27,28,4
fill-mask|ku|noncommercial,84,26,27,2
fill-mask|la|noncommercial,86,28,27,4
fill-mask|lb|noncommercial,84,26,27,2
fill-mask|lt|noncommercial,84,26,27,2
fill-mask|lv|noncommercial,84,26,27,2
fill-mask|mk|noncommercial,84,26,27,2
fill-mask|ml|noncommercial,84,26,27,2
fill-mask|mn|noncommercial,84,26,27,2
fill-mask|mr|noncommercial,84,26,27,2
fill-mask|ms|noncommercial,84,26,27,2
fill-mask|my|noncommercial,84,26,27,2
fill-mask|ne|noncommercial,84,26,27,2
fill-mask|nl|noncommercial,85,27,28,4
fill-mask|nn|noncommercial,84,26,27,2
fill-mask|no|noncommercial,84,26,27,2
fill-mask|oc|noncommercial,84,26,27,2
fill-mask|pl|noncommercial,85,27,28,4
fill-mask|pt|noncommercial,86,28,28,6
fill-mask|ro|noncommercial,85,27,28,4
fill-mask|ru|noncommercial,87,29,30,8
fill-mask|si|noncommercial,84,26,27,2
fill-mask|sk|noncommercial,86,26,27,4
fill-mask|sl|noncommercial,84,26,27,2
fill-mask|sq|noncommercial,84,26,27,2
fill-mask|sr|noncommercial,84,26,27,2
fill-mask|sv|noncommercial,85,27,28,4
fill-mask|sw|noncommercial,86,28,29,6
fill-mask|ta|noncommercial,84,26,27,2
fill-mask|te|noncommercial,84,26,27,2
fill-mask|th|noncommercial,86,28,29,6
fill-mask|tl|noncommercial,84,26,27,2
fill-mask|tr|noncommercial,110,30,30,31
fill-mask|tt|noncommercial,84,26,27,2
fill-mask|uk|noncommercial,84,26,27,2
fill-mask|ur|noncommercial,86,28,29,6
fill-mask|uz|noncommercial,84,26,27,2
fill-mask|vi|noncommercial,88,29,30,9
fill-mask|yi|noncommercial,84,26,27,2
fill-mask|zh|noncommercial,89,29,30,10
fill-mask|am|permissive,1995,239,224,456
fill-mask|as|permissive,1981,231,216,47
fill-mask|eo|permissive,1977,229,222,429
fill-mask|fy|permissive,1972,228,217,424
fill-mask|gd|permissive,1973,228,218,425
fill-mask|ha|permissive,1991,235,223,446
fill-mask|km|permissive,1983,231,218,439
fill-mask|ku|permissive,1976,229,221,430
fill-mask|lo|permissive,1977,230,218,429
fill-mask|no|permissive,2005,238,225,462
fill-mask|om|permissive,1976,228,216,45
fill-mask|or|permissive,1982,231,218,48
fill-mask|ps|permissive,1984,234,224,436
fill-mask|sa|permissive,1991,232,226,57
fill-mask|sd|permissive,1984,236,222,439
fill-mask|si|permissive,1996,236,227,452
fill-mask|so|permissive,1989,237,225,447
fill-mask|ug|permissive,1974,227,214,39
fill-mask|ur|permissive,2007,241,222,466
fill-mask|xh|permissive,1987,234,219,441
fill-mask|yi|permissive,1972,228,217,424
fill-mask|af|unknown,6427,330,751,9
fill-mask|am|unknown,6435,334,751,17
fill-mask|ar|unknown,6466,344,751,60
fill-mask|as|unknown,6424,328,751,6
fill-mask|az|unknown,6426,328,751,8
fill-mask|be|unknown,6424,328,751,6
fill-mask|bg|unknown,6427,328,751,9
fill-mask|bn|unknown,6430,329,751,12
fill-mask|br|unknown,6424,328,751,6
fill-mask|bs|unknown,6424,328,751,6
fill-mask|ca|unknown,6425,328,751,7
fill-mask|cs|unknown,6427,328,751,9
fill-mask|cy|unknown,6425,329,751,7
fill-mask|da|unknown,6426,328,751,8
fill-mask|el|unknown,6437,329,751,21
fill-mask|eo|unknown,6426,328,751,8
fill-mask|es|unknown,6437,329,751,28
fill-mask|et|unknown,6425,328,751,7
fill-mask|eu|unknown,6426,328,751,8
fill-mask|fa|unknown,6429,332,754,11
fill-mask|fi|unknown,6427,330,751,9
fill-mask|fy|unknown,6425,328,751,7
fill-mask|ga|unknown,6425,328,751,7
fill-mask|gd|unknown,6424,328,751,6
fill-mask|gl|unknown,6427,330,751,9
fill-mask|gu|unknown,6430,328,751,12
fill-mask|ha|unknown,6428,330,751,10
fill-mask|he|unknown,6430,330,751,13
fill-mask|hi|unknown,6428,328,751,11
fill-mask|hr|unknown,6425,328,751,7
fill-mask|hu|unknown,6427,328,751,9
fill-mask|hy|unknown,6424,328,751,6
fill-mask|id|unknown,6432,331,752,15
fill-mask|is|unknown,6426,328,751,8
fill-mask|it|unknown,6433,334,751,15
fill-mask|ja|unknown,6426,328,751,8
fill-mask|jv|unknown,6428,328,751,10
fill-mask|ka|unknown,6425,328,751,7
fill-mask|kk|unknown,6424,328,751,6
fill-mask|km|unknown,6424,328,751,6
fill-mask|kn|unknown,6426,328,751,8
fill-mask|ko|unknown,6453,333,751,37
fill-mask|ku|unknown,6425,328,751,7
fill-mask|ky|unknown,6424,328,751,6
fill-mask|la|unknown,6424,328,751,6
fill-mask|lo|unknown,6425,328,751,7
fill-mask|lt|unknown,6425,328,751,7
fill-mask|lv|unknown,6425,328,751,7
fill-mask|mg|unknown,6427,330,751,9
fill-mask|mk|unknown,6424,328,751,6
fill-mask|ml|unknown,6424,328,751,6
fill-mask|mn|unknown,6429,328,751,11
fill-mask|mr|unknown,6429,328,751,11
fill-mask|ms|unknown,6425,329,751,7
fill-mask|my|unknown,6426,328,751,8
fill-mask|ne|unknown,6427,329,751,10
fill-mask|nl|unknown,6430,329,752,14
fill-mask|no|unknown,6424,328,751,6
fill-mask|om|unknown,6427,330,751,9
fill-mask|or|unknown,6426,328,751,8
fill-mask|pa|unknown,6426,328,751,8
fill-mask|pl|unknown,6426,328,751,9
fill-mask|ps|unknown,6424,328,751,6
fill-mask|pt|unknown,6437,334,752,20
fill-mask|ro|unknown,6426,328,751,8
fill-mask|ru|unknown,6433,333,751,15
fill-mask|sa|unknown,6427,328,751,9
fill-mask|sd|unknown,6424,328,751,6
fill-mask|si|unknown,6430,328,751,12
fill-mask|sk|unknown,6425,328,751,7
fill-mask|sl|unknown,6427,328,751,9
fill-mask|so|unknown,6424,328,751,6
fill-mask|sq|unknown,6424,328,751,6
fill-mask|sr|unknown,6426,328,751,8
fill-mask|su|unknown,6424,328,751,6
fill-mask|sv|unknown,6433,332,756,15
fill-mask|sw|unknown,6429,330,751,11
fill-mask|ta|unknown,6425,328,751,7
fill-mask|te|unknown,6425,328,751,7
fill-mask|th|unknown,6430,329,751,18
fill-mask|tl|unknown,6427,328,752,9
fill-mask|tr|unknown,6431,333,751,13
fill-mask|ug|unknown,6424,328,751,6
fill-mask|uk|unknown,6424,328,751,6
fill-mask|ur|unknown,6426,328,751,8
fill-mask|uz|unknown,6428,328,751,10
fill-mask|vi|unknown,6428,329,751,10
fill-mask|xh|unknown,6427,330,751,9
fill-mask|yi|unknown,6425,328,751,7
fill-mask|zh|unknown,6512,341,768,99
token-classification|af|unknown,8341,197,1143,5
token-classification|am|unknown,8344,197,1143,8
token-classification|ar|unknown,8354,200,1147,20
token-classification|as|unknown,8340,197,1143,4
token-classification|az|unknown,8342,197,1143,6
token-classification|be|unknown,8341,197,1143,5
token-classification|bg|unknown,8346,198,1143,10
token-classification|bn|unknown,8345,197,1143,9
token-classification|br|unknown,8340,197,1143,4
token-classification|bs|unknown,8340,197,1143,4
token-classification|ca|unknown,8343,197,1143,7
token-classification|cs|unknown,8345,198,1145,9
token-classification|cy|unknown,8340,197,1143,4
token-classification|da|unknown,8350,198,1150,16
token-classification|de|unknown,8432,205,1207,108
token-classification|el|unknown,8343,198,1143,7
token-classification|en|unknown,8732,215,1346,446
token-classification|eo|unknown,8342,197,1143,6
token-classification|es|unknown,8416,201,1174,88
token-classification|et|unknown,8343,198,1143,7
token-classification|eu|unknown,8341,197,1143,5
token-classification|fa|unknown,8357,202,1150,22
token-classification|fi|unknown,8348,199,1145,13
token-classification|fr|unknown,8447,202,1181,118
token-classification|fy|unknown,8341,197,1143,5
token-classification|ga|unknown,8341,198,1143,5
token-classification|gd|unknown,8340,197,1143,4
token-classification|gl|unknown,8341,197,1143,5
token-classification|gu|unknown,8342,197,1143,6
token-classification|ha|unknown,8344,198,1143,8
token-classification|he|unknown,8347,198,1147,11
token-classification|hi|unknown,8347,197,1144,11
token-classification|hr|unknown,8343,199,1145,7
token-classification|hu|unknown,8344,198,1143,8
token-classification|hy|unknown,8341,197,1143,5
token-classification|id|unknown,8352,198,1145,16
token-classification|is|unknown,8345,197,1147,9
token-classification|it|unknown,8361,198,1156,26
token-classification|ja|unknown,8344,197,1144,8
token-classification|jv|unknown,8342,197,1143,6
token-classification|ka|unknown,8342,197,1143,6
token-classification|kk|unknown,8342,197,1143,7
token-classification|km|unknown,8340,197,1143,4
token-classification|kn|unknown,8341,197,1143,5
token-classification|ko|unknown,8346,199,1145,16
token-classification|ku|unknown,8340,197,1143,4
token-classification|ky|unknown,8341,197,1143,5
token-classification|la|unknown,8348,198,1143,12
token-classification|lo|unknown,8340,197,1143,4
token-classification|lt|unknown,8341,198,1143,5
token-classification|lv|unknown,8342,198,1143,6
token-classification|mg|unknown,8340,197,1143,4
token-classification|mk|unknown,8340,197,1143,4
token-classification|ml|unknown,8341,197,1143,6
token-classification|mn|unknown,8361,198,1143,43
token-classification|mr|unknown,8341,197,1143,5
token-classification|ms|unknown,8341,197,1143,5
token-classification|my|unknown,8341,197,1143,5
token-classification|ne|unknown,8341,197,1143,6
token-classification|nl|unknown,8367,200,1153,34
token-classification|no|unknown,8342,197,1145,6
token-classification|om|unknown,8340,197,1143,4
token-classification|or|unknown,8340,197,1143,4
token-classification|pa|unknown,8340,197,1143,4
token-classification|pl|unknown,8354,198,1150,18
token-classification|ps|unknown,8340,197,1143,4
token-classification|pt|unknown,8410,203,1147,111
token-classification|ro|unknown,8343,199,1143,7
token-classification|ru|unknown,8360,202,1155,32
token-classification|sa|unknown,8340,197,1143,4
token-classification|sd|unknown,8340,197,1143,4
token-classification|si|unknown,8341,197,1143,5
token-classification|sk|unknown,8344,199,1143,8
token-classification|sl|unknown,8344,198,1144,8
token-classification|so|unknown,8340,197,1143,4
token-classification|sq|unknown,8340,197,1143,4
token-classification|sr|unknown,8343,197,1145,7
token-classification|su|unknown,8340,197,1143,4
token-classification|sv|unknown,8350,198,1146,16
token-classification|sw|unknown,8352,197,1143,16
token-classification|ta|unknown,8343,197,1144,7
token-classification|te|unknown,8342,197,1143,6
token-classification|th|unknown,8346,197,1143,14
token-classification|tl|unknown,8368,197,1155,32
token-classification|tr|unknown,8356,199,1145,20
token-classification|ug|unknown,8340,197,1143,4
token-classification|uk|unknown,8343,197,1144,7
token-classification|ur|unknown,8344,197,1143,9
token-classification|uz|unknown,8341,197,1143,6
token-classification|vi|unknown,8352,199,1145,26
token-classification|xh|unknown,8340,197,1143,4
token-classification|yi|unknown,8340,197,1143,4
token-classification|zh|unknown,8363,201,1148,29
text-generation|unk|unknown,135441,16265,9345,184096
unk|ru|permissive,48693,4101,25359,1430
automatic-speech-recognition|unk|unknown,8693,184,623,8349
unk|unk|unknown,77296,7893,41757,100741
text-classification|unk|unknown,52973,1108,2790,58690
feature-extraction|unk|unknown,11008,371,2228,10835
token-classification|zh|permissive,2441,305,321,209
sentence-similarity|unk|unknown,4826,515,346,9102
token-classification|unk|permissive,4564,1108,862,5414
automatic-speech-recognition|unk|permissive,7544,662,1725,8916
summarization|it|unknown,522,43,68,10
text-classification|unk|permissive,14819,1280,1336,29001
fill-mask|unk|permissive,3864,650,535,4062
text-classification|ar|permissive,10196,818,600,393
token-classification|unk|unknown,9303,258,1554,8710
text-classification|en|unknown,52246,1053,2719,4229
unk|en|unknown,76770,7779,41633,12076
question-answering|en|unknown,4541,157,273,213
text-generation|unk|permissive,47162,11860,11185,54726
image-classification|unk|unknown,5622,141,792,9810
automatic-speech-recognition|ba|permissive,3209,239,555,1537
question-answering|unk|permissive,2683,437,247,3808
automatic-speech-recognition|gl|permissive,3218,241,558,1571
automatic-speech-recognition|ha|permissive,3225,242,560,1596
automatic-speech-recognition|sw|permissive,3253,243,575,1679
automatic-speech-recognition|hu|permissive,3266,254,601,1815
automatic-speech-recognition|ku|permissive,2956,235,399,14
automatic-speech-recognition|mt|permissive,3231,246,571,1683
image-classification|unk|permissive,5585,746,3696,11875
unk|unk|permissive,66491,5760,32004,76784
audio-classification|unk|permissive,835,141,403,1675
text-classification|ru|unknown,49526,910,2369,123
question-answering|ru|permissive,2015,227,110,62
automatic-speech-recognition|fr|permissive,3551,279,679,2465
automatic-speech-recognition|fr|unknown,8200,123,515,24
automatic-speech-recognition|pt|permissive,3446,276,663,2287
question-answering|unk|unknown,4682,184,284,4504
unk|da|permissive,48377,4062,25215,308
automatic-speech-recognition|ta|permissive,3256,248,576,1690
question-answering|ru|unknown,4372,128,257,11
automatic-speech-recognition|de|permissive,3521,278,678,2418
automatic-speech-recognition|ar|permissive,3414,263,637,2332
automatic-speech-recognition|ja|permissive,3441,274,674,2219
token-classification|hr|permissive,2347,283,274,57
token-classification|sr|permissive,2367,285,292,77
multiple-choice|unk|unknown,611,16,60,639
unk|hu|unknown,67993,4964,36079,10
unk|en|noncommercial,2712,536,1570,1511
token-classification|de|noncommercial,264,34,167,29
token-classification|en|noncommercial,292,43,172,92
token-classification|es|noncommercial,268,29,171,29
token-classification|fr|noncommercial,267,33,169,32
token-classification|it|noncommercial,266,28,174,28
token-classification|nl|noncommercial,258,29,166,19
token-classification|pl|noncommercial,258,29,168,14
token-classification|pt|noncommercial,256,30,165,12
token-classification|ru|noncommercial,251,29,162,7
automatic-speech-recognition|id|permissive,3328,251,606,1818
audio-classification|el|permissive,581,101,271,12
audio-classification|ja|unknown,926,35,167,3
automatic-speech-recognition|tr|unknown,8199,121,513,22
automatic-speech-recognition|tr|permissive,3323,247,592,1870
translation|unk|unknown,1324,93,136,711
text-classification|bg|permissive,10096,782,590,108
text-classification|cs|permissive,10102,782,595,98
text-classification|da|permissive,10110,784,592,121
text-classification|de|permissive,10212,806,607,434
text-classification|el|permissive,10109,785,593,134
text-classification|es|permissive,10421,808,617,665
text-classification|fi|permissive,10100,784,594,92
text-classification|fr|permissive,10259,810,621,483
text-classification|ga|permissive,10081,779,586,60
text-classification|he|permissive,10085,783,590,81
text-classification|hu|permissive,10115,780,589,115
text-classification|is|permissive,10079,782,589,64
text-classification|it|permissive,10250,793,602,367
text-classification|kw|permissive,10057,774,584,4
text-classification|la|permissive,10076,784,586,73
text-classification|lt|permissive,10094,780,594,77
text-classification|nl|permissive,10153,788,601,218
text-classification|nn|permissive,10069,776,589,33
text-classification|pl|permissive,10121,791,599,185
text-classification|pt|permissive,10205,800,612,387
text-classification|ro|permissive,10103,785,598,114
text-classification|ru|permissive,10210,802,613,395
text-classification|sa|permissive,10068,778,586,35
text-classification|sk|permissive,10096,783,590,94
text-classification|sl|permissive,10093,780,588,85
text-classification|sr|permissive,10078,780,586,72
text-classification|sv|permissive,10111,784,600,116
token-classification|ar|permissive,2426,301,306,179
translation|vi|permissive,5418,1615,1765,413
translation|id|permissive,5376,1601,1755,366
token-classification|nl|permissive,2419,309,306,374
summarization|en|permissive,655,150,111,625
text-generation|fr|permissive,19848,5265,3728,5149
unk|es|unknown,68085,4993,36098,143
unk|ko|noncommercial,2108,443,1166,466
unk|id|unknown,68024,4970,36086,55
unk|ja|permissive,48829,4136,25479,1907
zero-shot-classification|unk|unknown,60,16,19,24
text-classification|en|copyleft,259,61,32,107
feature-extraction|en|permissive,3051,657,1118,3107
token-classification|en|permissive,3585,873,614,3228
feature-extraction|unk|permissive,3425,753,1189,2297
token-classification|unk|copyleft,541,133,305,100
automatic-speech-recognition|vi|permissive,3311,254,612,1849
unk|ga|permissive,48323,4045,25198,208
text-classification|fr|unknown,49523,906,2368,106
text-classification|nl|unknown,49456,904,2356,28
token-classification|da|permissive,2389,290,310,105
sentence-similarity|unk|permissive,2270,500,310,1841
text-generation|es|permissive,19872,5255,3717,4932
feature-extraction|bg|unknown,10681,272,2133,3
feature-extraction|cs|unknown,10682,273,2133,9
feature-extraction|pl|unknown,10684,273,2133,7
feature-extraction|ru|unknown,10699,280,2133,26
feature-extraction|en|unknown,10848,330,2183,299
unk|ru|unknown,68088,4977,36134,182
automatic-speech-recognition|lt|permissive,3259,250,588,1758
automatic-speech-recognition|ab|permissive,2958,234,398,9
automatic-speech-recognition|as|permissive,3234,245,561,1581
automatic-speech-recognition|bg|permissive,3240,247,582,1720
automatic-speech-recognition|br|permissive,3221,241,554,1546
automatic-speech-recognition|gn|permissive,2962,236,400,25
automatic-speech-recognition|hi|permissive,3365,258,612,2260
automatic-speech-recognition|kk|permissive,3221,242,562,1578
automatic-speech-recognition|mr|permissive,3247,246,567,1637
automatic-speech-recognition|or|permissive,2983,240,407,55
automatic-speech-recognition|sl|permissive,3258,251,593,1753
automatic-speech-recognition|sr|permissive,3231,240,570,1608
summarization|ca|unknown,519,41,67,3
summarization|es|unknown,539,47,74,29
fill-mask|et|copyleft,100,17,52,1
fill-mask|en|copyleft,134,24,64,38
fill-mask|lt|copyleft,100,17,52,1
fill-mask|lv|copyleft,100,17,52,1
fill-mask|sl|copyleft,106,20,53,7
automatic-speech-recognition|ru|permissive,3385,275,659,2158
summarization|de|unknown,526,42,69,10
unk|fa|unknown,68001,4964,36075,23
text-generation|pt|unknown,128014,15539,8691,285
feature-extraction|fi|permissive,1755,340,684,285
unk|fi|permissive,48421,4064,25230,443
text-generation|fi|permissive,19027,5015,3547,965
automatic-speech-recognition|nl|unknown,8196,121,512,19
text-generation|id|unknown,127968,15522,8679,79
unk|en|permissive,63814,5330,31252,27053
automatic-speech-recognition|fi|unknown,8192,121,514,13
text-classification|it|unknown,49462,907,2360,37
text-generation|nl|unknown,127965,15517,8678,83
text-generation|it|unknown,128006,15536,8681,286
text-to-speech|en|permissive,1111,182,884,1844
automatic-speech-recognition|ur|permissive,3258,250,573,1664
automatic-speech-recognition|pa|permissive,3222,243,564,1582
unk|hi|permissive,48531,4064,25307,904
text-classification|kn|permissive,10075,780,586,70
text-classification|ml|permissive,10077,780,586,71
text-classification|ta|permissive,10089,783,588,92
translation|unk|permissive,7223,1936,2282,5715
translation|km|permissive,5350,1600,1751,280
translation|es|permissive,5567,1633,1780,896
translation|af|permissive,5360,1590,1742,238
translation|eo|permissive,5359,1589,1739,226
translation|fi|permissive,5372,1596,1744,442
translation|nl|permissive,5405,1602,1759,414
translation|ru|permissive,5464,1620,1768,541
translation|sv|permissive,5380,1592,1748,476
translation|am|permissive,5347,1597,1739,251
translation|ar|permissive,5429,1607,1761,458
translation|he|permissive,5381,1600,1755,366
translation|mt|permissive,5354,1588,1740,196
translation|so|permissive,5324,1587,1736,169
translation|ti|permissive,5329,1586,1737,150
translation|ee|permissive,5317,1586,1737,134
translation|ig|permissive,5328,1593,1739,168
translation|lg|permissive,5340,1593,1743,209
translation|ln|permissive,5325,1587,1738,161
translation|ny|permissive,5323,1587,1737,143
translation|rn|permissive,5328,1586,1737,145
translation|rw|permissive,5329,1586,1737,148
translation|sg|permissive,5317,1586,1737,133
translation|sn|permissive,5322,1586,1737,142
translation|ts|permissive,5321,1586,1737,140
translation|wo|permissive,5323,1587,1736,150
translation|xh|permissive,5327,1587,1740,184
translation|yo|permissive,5336,1593,1744,207
translation|zu|permissive,5334,1592,1739,203
translation|el|permissive,5351,1595,1746,254
translation|it|permissive,5441,1614,1766,494
translation|pl|permissive,5402,1601,1757,388
translation|tr|permissive,5373,1603,1756,352
translation|io|permissive,5282,1578,1722,18
translation|az|permissive,5325,1592,1739,184
translation|lt|permissive,5353,1593,1742,243
translation|lv|permissive,5348,1595,1746,233
translation|be|permissive,5349,1588,1737,216
translation|bg|permissive,5372,1595,1745,295
translation|uk|permissive,5430,1600,1758,479
translation|bi|permissive,5318,1586,1735,133
translation|bn|permissive,5385,1611,1772,385
translation|ca|permissive,5418,1613,1777,349
translation|pt|permissive,5462,1610,1765,518
translation|ab|permissive,5285,1579,1725,21
translation|ce|permissive,5311,1586,1735,113
translation|ka|permissive,5324,1592,1738,185
translation|br|permissive,5324,1587,1736,172
translation|cy|permissive,5332,1590,1741,190
translation|ga|permissive,5336,1589,1741,196
translation|gd|permissive,5323,1588,1736,166
translation|gv|permissive,5319,1586,1735,129
translation|kw|permissive,5319,1586,1735,127
translation|ht|permissive,5336,1588,1738,187
translation|cs|permissive,5400,1605,1759,389
translation|da|permissive,5374,1593,1748,299
translation|no|permissive,5369,1589,1744,250
translation|zh|permissive,5446,1636,1770,481
translation|et|permissive,5348,1593,1743,236
translation|eu|permissive,5344,1599,1744,190
translation|fj|permissive,5320,1586,1737,136
translation|ha|permissive,5338,1597,1742,224
translation|ho|permissive,5303,1586,1735,100
translation|hr|permissive,5352,1594,1741,255
translation|hu|permissive,5359,1593,1743,271
translation|is|permissive,5363,1596,1742,270
translation|kg|permissive,5310,1586,1735,118
translation|ms|permissive,5353,1600,1754,289
translation|tl|permissive,5319,1590,1740,183
translation|kn|permissive,5334,1598,1749,221
translation|ml|permissive,5336,1597,1750,228
translation|ta|permissive,5351,1606,1761,321
translation|te|permissive,5348,1604,1761,306
translation|se|permissive,5325,1586,1735,138
translation|fo|permissive,5330,1586,1735,151
translation|fy|permissive,5336,1588,1736,193
translation|lb|permissive,5336,1588,1736,177
translation|nb|permissive,5324,1582,1724,115
translation|nn|permissive,5317,1578,1726,81
translation|yi|permissive,5336,1587,1738,194
translation|gl|permissive,5372,1601,1754,264
translation|hi|permissive,5402,1613,1777,429
translation|hy|permissive,5332,1592,1738,198
translation|as|permissive,5341,1592,1744,212
translation|gu|permissive,5361,1603,1761,330
translation|mr|permissive,5368,1607,1763,363
translation|or|permissive,5345,1594,1745,236
translation|os|permissive,5323,1586,1735,135
translation|ps|permissive,5331,1592,1736,196
translation|si|permissive,5346,1596,1739,223
translation|ur|permissive,5370,1606,1764,365
translation|an|permissive,5303,1579,1726,65
translation|co|permissive,5331,1587,1737,150
translation|mk|permissive,5338,1590,1740,205
translation|oc|permissive,5342,1590,1742,193
translation|rm|permissive,5328,1586,1735,146
translation|sc|permissive,5294,1578,1722,42
translation|sl|permissive,5366,1591,1741,255
translation|sq|permissive,5324,1587,1736,173
translation|wa|permissive,5328,1586,1735,147
translation|kj|permissive,5310,1586,1735,109
translation|lu|permissive,5304,1586,1735,103
translation|mg|permissive,5326,1588,1738,173
translation|mh|permissive,5318,1586,1735,132
translation|ba|permissive,5317,1587,1736,139
translation|bo|permissive,5330,1597,1748,214
translation|ch|permissive,5319,1586,1735,127
translation|cv|permissive,5314,1586,1735,117
translation|gn|permissive,5310,1586,1735,110
translation|ja|permissive,5421,1631,1779,438
translation|jv|permissive,5330,1592,1738,190
translation|kl|permissive,5310,1586,1735,110
translation|lo|permissive,5331,1593,1738,191
translation|mi|permissive,5319,1587,1735,128
translation|mn|permissive,5332,1596,1749,232
translation|my|permissive,5335,1598,1749,257
translation|na|permissive,5289,1578,1722,32
translation|nv|permissive,5310,1586,1735,109
translation|sm|permissive,5322,1586,1739,140
translation|su|permissive,5324,1589,1737,168
translation|th|permissive,5353,1606,1756,303
translation|tk|permissive,5315,1586,1736,122
translation|to|permissive,5318,1586,1735,134
translation|tt|permissive,5314,1586,1735,118
translation|ty|permissive,5289,1578,1722,41
translation|ng|permissive,5280,1578,1722,14
translation|om|permissive,5312,1586,1735,129
translation|sk|permissive,5351,1594,1743,243
translation|ss|permissive,5315,1587,1738,131
translation|st|permissive,5313,1586,1737,124
translation|sw|permissive,5333,1592,1739,206
translation|tn|permissive,5316,1587,1738,140
translation|tw|permissive,5280,1578,1723,26
translation|ve|permissive,5310,1586,1735,113
translation|ko|permissive,5405,1643,1768,440
translation|pa|permissive,5336,1596,1747,224
text-classification|zh|permissive,10242,808,613,479
token-classification|fa|permissive,2378,287,293,93
text-classification|fa|permissive,10112,784,591,138
text-generation|fa|permissive,19031,4996,3563,613
token-classification|es|permissive,2546,311,338,498
text-classification|ko|unknown,49492,905,2359,70
unk|ko|unknown,68071,4983,36100,237
unk|zh|permissive,49773,4203,25907,3611
text-generation|zh|permissive,20662,5538,4185,10738
unk|bm|unknown,67993,4965,36077,8
unk|fr|unknown,68046,4974,36097,92
text-generation|ru|unknown,128063,15539,8701,483
summarization|ru|permissive,335,77,51,33
token-classification|ru|permissive,2414,295,313,164
text-generation|de|permissive,19731,5228,3682,4407
automatic-speech-recognition|nl|permissive,3362,262,632,2119
multiple-choice|unk|permissive,184,69,39,497
token-classification|fr|permissive,2483,321,342,863
unk|ko|permissive,48636,4108,25350,1581
zero-shot-classification|it|permissive,35,17,13,10
text-classification|es|unknown,49511,908,2364,117
text-classification|ca|permissive,10089,785,589,79
text-classification|ca|unknown,49443,903,2357,9
audio-to-audio|unk|copyleft,28,2,28,26
unk|unk|copyleft,1253,186,536,1013
text-generation|ro|permissive,19018,4998,3544,787
translation|en|noncommercial,194,40,36,408
translation|ja|noncommercial,116,15,23,163
translation|zh|noncommercial,147,30,29,254
unk|sv|unknown,68005,4967,36079,29
sentence-similarity|sv|permissive,1106,184,106,1282
token-classification|sv|permissive,2387,296,306,215
automatic-speech-recognition|unk|noncommercial,454,93,93,753
automatic-speech-recognition|sv|permissive,3311,253,612,1884
unk|ar|unknown,68030,4969,36089,87
fill-mask|unk|other,233,19,170,168
zero-shot-classification|ar|other,3,1,3,2
unk|ru|other,17662,691,16323,302
fill-mask|ja|copyleft,156,42,54,63
token-classification|ja|copyleft,135,55,37,63
token-classification|th|permissive,2373,295,295,97
token-classification|en|copyleft,147,48,51,92
unk|unk|noncommercial,2946,604,1658,2638
feature-extraction|fr|permissive,1816,372,692,382
automatic-speech-recognition|lb|permissive,3219,240,556,1545
feature-extraction|de|unknown,10684,273,2134,7
summarization|es|permissive,330,71,51,20
text-generation|zh|copyleft,516,212,136,188
fill-mask|qu|unknown,6419,326,751,1
feature-extraction|zh|permissive,1898,381,721,580
token-classification|pt|permissive,2442,310,325,305
text-generation|pt|permissive,19389,5159,3666,3652
automatic-speech-recognition|es|permissive,3518,274,677,2417
summarization|lt|permissive,316,67,47,3
feature-extraction|am|unknown,10680,271,2133,2
feature-extraction|ar|unknown,10687,272,2136,10
feature-extraction|az|unknown,10681,271,2134,3
feature-extraction|bn|unknown,10681,271,2133,4
feature-extraction|ca|unknown,10680,271,2133,2
feature-extraction|el|unknown,10682,272,2133,4
feature-extraction|es|unknown,10687,275,2133,17
feature-extraction|et|unknown,10682,272,2133,4
feature-extraction|fa|unknown,10687,274,2140,10
feature-extraction|fr|unknown,10689,277,2135,12
feature-extraction|hi|unknown,10683,271,2133,6
feature-extraction|hu|unknown,10681,272,2133,3
feature-extraction|id|unknown,10682,271,2134,7
feature-extraction|is|unknown,10681,271,2134,3
feature-extraction|it|unknown,10684,274,2135,12
feature-extraction|ja|unknown,10682,273,2133,11
feature-extraction|ka|unknown,10680,271,2133,2
feature-extraction|kk|unknown,10682,271,2133,4
feature-extraction|ko|unknown,10690,276,2134,17
feature-extraction|lv|unknown,10680,271,2133,2
feature-extraction|mk|unknown,10680,271,2133,2
feature-extraction|ms|unknown,10699,271,2133,21
feature-extraction|nl|unknown,10691,272,2134,13
feature-extraction|ps|unknown,10680,271,2133,2
feature-extraction|ro|unknown,10681,272,2133,8
feature-extraction|sl|unknown,10680,271,2133,2
feature-extraction|sq|unknown,10680,271,2133,2
feature-extraction|sv|unknown,10706,273,2154,36
feature-extraction|th|unknown,10682,273,2133,4
feature-extraction|tl|unknown,10680,271,2133,2
feature-extraction|tr|unknown,10683,272,2133,6
feature-extraction|ur|unknown,10681,272,2133,4
feature-extraction|zh|unknown,10715,281,2141,43
text-classification|eu|permissive,10073,779,586,52
question-answering|es|unknown,4392,129,257,38
text-generation|en|copyleft,854,355,263,1203
automatic-speech-recognition|ne|permissive,3241,244,576,1665
image-text-to-text|unk|unknown,8193,555,3379,9389
question-answering|eu|unknown,4366,126,257,3
text-generation|ru|permissive,19665,5212,3712,3607
text-classification|de|unknown,49495,911,2361,90
automatic-speech-recognition|cs|permissive,3267,254,602,1816
automatic-speech-recognition|ka|permissive,3223,241,557,1567
text-generation|sk|copyleft,438,180,107,50
summarization|unk|unknown,904,104,127,567
text-generation|ja|unknown,128067,15561,8709,673
zero-shot-classification|en|permissive,174,88,50,241
zero-shot-classification|en|unknown,46,11,17,35
zero-shot-classification|ar|permissive,55,32,18,37
zero-shot-classification|bg|permissive,49,26,17,25
zero-shot-classification|de|permissive,56,29,18,37
zero-shot-classification|el|permissive,51,27,18,27
zero-shot-classification|es|permissive,56,31,20,37
zero-shot-classification|fr|permissive,59,33,20,41
zero-shot-classification|hi|permissive,49,25,17,29
zero-shot-classification|ru|permissive,55,32,19,39
zero-shot-classification|sw|permissive,50,27,17,30
zero-shot-classification|th|permissive,51,28,18,28
zero-shot-classification|tr|permissive,65,32,21,46
zero-shot-classification|ur|permissive,50,27,17,30
zero-shot-classification|vi|permissive,50,27,17,30
zero-shot-classification|zh|permissive,53,28,19,36
fill-mask|tn|unknown,6423,329,751,5
fill-mask|zu|unknown,6422,328,751,4
text-classification|unk|copyleft,368,87,40,387
automatic-speech-recognition|ja|unknown,8209,125,517,43
summarization|hu|permissive,322,67,47,9
text-generation|hu|permissive,19013,4994,3545,722
translation|en|copyleft,53,15,17,85
translation|hu|copyleft,7,3,4,7
translation|en|unknown,988,70,119,421
translation|pt|unknown,702,33,59,95
image-segmentation|unk|permissive,1037,114,924,1041
zero-shot-classification|no|permissive,38,20,14,8
token-classification|no|permissive,2370,290,302,69
text-classification|no|permissive,10080,779,595,57
text-classification|se|permissive,10056,774,583,3
text-generation|nb|permissive,18894,4944,3528,60
text-generation|nn|permissive,18898,4949,3526,179
text-generation|no|permissive,18977,4980,3541,628
unk|no|permissive,48385,4066,25211,303
automatic-speech-recognition|nb|permissive,2968,243,403,87
automatic-speech-recognition|no|permissive,3251,251,569,1705
automatic-speech-recognition|nn|permissive,3218,246,557,1587
fill-mask|unk|copyleft,269,90,68,108
automatic-speech-recognition|unk|other,249,81,145,101
text-classification|da|unknown,49444,904,2358,18
unk|vi|permissive,48479,4076,25267,846
text-generation|vi|unknown,127981,15523,8679,120
text-generation|he|permissive,19004,4992,3554,612
text-generation|ja|permissive,19817,5304,3711,5096
text-generation|mn|unknown,127949,15512,8675,33
automatic-speech-recognition|en|permissive,4295,362,1132,4908
automatic-speech-recognition|ca|permissive,3256,247,590,1632
automatic-speech-recognition|el|permissive,3290,252,602,1827
text-classification|pt|unknown,49496,905,2366,95
automatic-speech-recognition|et|unknown,8181,121,504,2
automatic-speech-recognition|ru|unknown,8198,123,515,24
automatic-speech-recognition|fi|permissive,3303,261,599,1869
image-classification|en|permissive,5540,745,3675,887
audio-classification|unk|unknown,949,41,175,1072
unk|es|permissive,48909,4149,25472,2074
question-answering|id|permissive,2010,217,108,94
unk|hu|permissive,48375,4060,25216,287
question-answering|de|unknown,4372,126,257,8
sentence-similarity|de|unknown,4383,467,132,49
zero-shot-classification|de|unknown,25,5,8,3
sentence-similarity|fr|unknown,4389,468,136,54
automatic-speech-recognition|hi|unknown,8203,125,516,32
object-detection|en|permissive,944,116,740,345
zero-shot-image-classification|unk|unknown,357,10,21,527
token-classification|bn|permissive,2365,290,295,92
unk|cs|permissive,48404,4057,25227,454
summarization|de|permissive,326,72,50,21
question-answering|ja|copyleft,43,21,7,13
unk|en|responsible_ai,800,96,503,145
text-classification|en|noncommercial,449,99,164,321
text-classification|en|responsible_ai,154,40,37,80
unk|ru|responsible_ai,698,82,432,9
text-classification|ru|responsible_ai,93,18,22,18
unk|unk|responsible_ai,833,102,520,1154
text-classification|fr|responsible_ai,95,20,22,21
text-classification|it|responsible_ai,93,18,22,18
text-classification|pt|responsible_ai,87,11,18,6
text-classification|id|permissive,10156,787,598,285
unk|en|copyleft,1054,142,492,353
feature-extraction|de|permissive,1817,363,697,389
feature-extraction|es|permissive,1796,355,695,360
feature-extraction|it|permissive,1779,351,686,326
feature-extraction|nl|permissive,1766,345,684,304
feature-extraction|pl|permissive,1764,342,682,291
feature-extraction|pt|permissive,1797,349,688,352
feature-extraction|ru|permissive,1814,358,702,368
summarization|de|noncommercial,3,3,2,5
summarization|en|noncommercial,12,7,7,16
automatic-speech-recognition|bn|permissive,3261,244,575,1670
automatic-speech-recognition|et|permissive,3315,252,603,1820
text-generation|de|copyleft,457,188,120,77
translation|de|copyleft,14,4,7,14
text-generation|uk|unknown,127952,15515,8676,44
token-classification|unk|noncommercial,412,58,250,445
feature-extraction|da|permissive,1769,342,684,296
sentence-similarity|fi|unknown,4372,466,132,22
unk|cs|unknown,68002,4965,36078,25
unk|no|unknown,67995,4967,36076,12
sentence-similarity|vi|unknown,4375,467,131,44
question-answering|id|unknown,4375,132,259,16
text-classification|ar|unknown,49505,909,2368,92
summarization|unk|permissive,823,193,127,553
fill-mask|wo|unknown,6423,328,751,5
automatic-speech-recognition|wo|permissive,2970,236,402,37
text-generation|ta|unknown,127953,15515,8676,70
feature-extraction|pt|unknown,10682,274,2133,10
image-to-text|pt|permissive,284,93,199,40
image-feature-extraction|unk|unknown,214,16,115,221
automatic-speech-recognition|ky|permissive,2968,238,405,41
text-generation|unk|copyleft,1041,408,343,712
unk|tr|unknown,68021,4970,36084,71
unk|as|unknown,67992,4964,36075,7
unk|bn|unknown,68011,4969,36080,44
unk|gu|unknown,67997,4964,36076,18
unk|hi|unknown,68013,4966,36080,51
unk|kn|unknown,67993,4964,36076,8
unk|ml|unknown,68004,4966,36080,22
unk|mr|unknown,68001,4965,36079,22
unk|or|unknown,67993,4964,36076,8
unk|pa|unknown,67994,4964,36076,11
unk|ta|unknown,68025,4982,36082,73
unk|te|unknown,68004,4965,36079,24
unk|as|permissive,48261,4027,25167,79
unk|bn|permissive,48446,4055,25258,720
unk|gu|permissive,48330,4042,25202,335
unk|kn|permissive,48324,4039,25203,218
unk|ml|permissive,48336,4042,25205,337
unk|mr|permissive,48332,4047,25203,370
unk|or|permissive,48276,4032,25179,114
unk|pa|permissive,48317,4040,25202,214
unk|ta|permissive,48355,4047,25212,413
unk|te|permissive,48326,4042,25194,344
question-answering|ko|copyleft,36,11,7,8
summarization|ko|permissive,325,75,47,18
unk|fr|permissive,49211,4115,25523,2425
question-answering|th|unknown,4370,129,258,11
automatic-speech-recognition|th|copyleft,37,10,13,6
text-classification|id|unknown,49479,903,2358,58
feature-extraction|id|permissive,1776,347,691,309
token-classification|hu|permissive,2362,285,294,74
token-classification|tr|permissive,2418,307,305,271
text-classification|tr|unknown,49497,911,2360,74
token-classification|sq|permissive,2357,283,292,56
text-generation|ar|unknown,127984,15524,8680,168
unk|ar|permissive,48635,4097,25366,1367
summarization|ko|unknown,542,50,69,33
unk|bg|permissive,48363,4054,25214,282
unk|de|permissive,48979,4123,25458,2142
unk|el|permissive,48381,4062,25217,328
unk|sw|permissive,48378,4058,25207,427
unk|th|permissive,48500,4065,25250,902
unk|tr|permissive,48507,4080,25287,834
unk|ur|permissive,48352,4049,25221,397
text-classification|bn|unknown,49452,902,2357,21
automatic-speech-recognition|pl|permissive,3334,259,625,1938
fill-mask|dz|permissive,1961,221,211,2
unk|pl|unknown,68006,4969,36079,25
text-classification|af|permissive,10079,782,590,70
text-classification|an|permissive,10062,776,584,21
text-classification|az|permissive,10080,780,587,71
text-classification|ba|permissive,10067,776,587,28
text-classification|be|permissive,10070,779,586,48
text-classification|bn|permissive,10111,785,589,128
text-classification|br|permissive,10068,778,584,44
text-classification|bs|permissive,10071,779,584,52
text-classification|ce|permissive,10063,776,584,23
text-classification|cv|permissive,10064,776,584,23
text-classification|cy|permissive,10074,780,586,60
text-classification|et|permissive,10091,780,592,75
text-classification|gl|permissive,10079,779,586,62
text-classification|gu|permissive,10076,780,585,68
text-classification|hi|permissive,10141,789,604,231
text-classification|hr|permissive,10090,779,588,80
text-classification|ht|permissive,10067,778,585,28
text-classification|hy|permissive,10073,780,586,60
text-classification|io|permissive,10062,776,584,21
text-classification|ja|permissive,10148,795,608,263
text-classification|jv|permissive,10076,780,587,62
text-classification|ka|permissive,10075,780,586,65
text-classification|kk|permissive,10075,781,586,57
text-classification|ko|permissive,10163,796,593,319
text-classification|ky|permissive,10073,779,586,51
text-classification|lv|permissive,10096,783,595,87
text-classification|mg|permissive,10068,779,584,48
text-classification|mk|permissive,10074,779,587,54
text-classification|mr|permissive,10098,780,586,88
text-classification|ms|permissive,10084,783,589,89
text-classification|my|permissive,10077,781,587,74
text-classification|nb|permissive,10069,778,591,41
text-classification|ne|permissive,10084,781,586,74
text-classification|oc|permissive,10062,776,584,22
text-classification|pa|permissive,10078,781,586,64
text-classification|sq|permissive,10075,780,588,62
text-classification|su|permissive,10071,779,584,48
text-classification|sw|permissive,10085,783,589,107
text-classification|te|permissive,10076,781,587,74
text-classification|tg|permissive,10064,777,584,26
text-classification|tl|permissive,10088,781,588,78
text-classification|tr|permissive,10194,795,603,352
text-classification|tt|permissive,10065,776,585,26
text-classification|uk|permissive,10083,782,592,92
text-classification|uz|permissive,10076,780,588,55
text-classification|vi|permissive,10137,787,611,240
text-classification|vo|permissive,10062,776,584,21
text-classification|yo|permissive,10072,780,586,43
automatic-speech-recognition|kn|permissive,3230,249,567,1573
automatic-speech-recognition|ko|permissive,3331,261,643,2112
question-answering|vi|permissive,2035,227,117,86
audio-classification|en|permissive,788,134,386,337
automatic-speech-recognition|cv|permissive,2958,235,398,10
automatic-speech-recognition|lv|permissive,3250,250,589,1732
automatic-speech-recognition|mn|permissive,3248,245,574,1628
automatic-speech-recognition|ro|permissive,3264,253,601,1872
automatic-speech-recognition|tt|permissive,3219,241,558,1545
automatic-speech-recognition|uk|permissive,3309,254,606,1844
question-answering|it|unknown,4369,126,258,5
automatic-speech-recognition|dv|permissive,2965,235,399,58
automatic-speech-recognition|ia|permissive,2956,235,398,10
automatic-speech-recognition|te|permissive,3241,251,566,1637
automatic-speech-recognition|sk|permissive,3245,250,587,1742
translation|ru|unknown,739,39,58,134
text-to-image|en|unknown,7889,292,7603,195
automatic-speech-recognition|hy|permissive,3234,244,570,1597
text-classification|af|unknown,49437,902,2356,5
text-classification|pl|unknown,49444,902,2356,14
automatic-speech-recognition|bn|copyleft,38,10,13,7
sentence-similarity|en|permissive,1931,386,267,3728
sentence-similarity|dv|unknown,4366,464,130,2
text-generation|ar|other,3616,1269,867,1166
automatic-speech-recognition|tw|unknown,8183,121,505,6
text-to-speech|mn|unknown,126,20,94,11
text-generation|sw|permissive,18976,4975,3542,319
table-question-answering|unk|unknown,51,2,40,38
text-generation|ko|unknown,128140,15590,8728,530
question-answering|ko|noncommercial,13,5,3,2
text-classification|ko|noncommercial,283,65,150,20
sentence-similarity|unk|noncommercial,78,37,34,1226
feature-extraction|sv|permissive,1758,342,685,286
text-generation|sv|unknown,127954,15516,8677,22
automatic-speech-recognition|lg|permissive,2973,238,404,82
automatic-speech-recognition|en|unknown,8336,137,566,231
text-generation|id|permissive,19137,5022,3636,1088
fill-mask|en|responsible_ai,28,4,5,11
text-generation|ko|noncommercial,2439,1183,213,1512
feature-extraction|ko|permissive,1791,349,691,378
token-classification|id|permissive,2370,286,296,108
summarization|id|permissive,326,73,50,17
summarization|id|unknown,533,50,69,26
automatic-speech-recognition|eu|permissive,3222,244,562,1595
automatic-speech-recognition|jv|permissive,2970,238,414,66
automatic-speech-recognition|su|permissive,3207,239,555,1531
fill-mask|ig|permissive,1975,229,214,408
fill-mask|rn|permissive,1963,222,211,7
fill-mask|rw|permissive,1969,223,211,13
fill-mask|ti|permissive,1967,223,211,13
text-generation|fr|unknown,128038,15546,8691,377
text-classification|zh|unknown,49505,907,2365,93
automatic-speech-recognition|th|permissive,3313,249,598,1819
question-answering|sw|unknown,4368,129,257,10
token-classification|zh|copyleft,115,22,30,34
fill-mask|zh|copyleft,107,20,52,11
text-classification|hr|copyleft,196,38,23,7
unk|bs|permissive,48287,4039,25175,128
unk|hr|permissive,48326,4050,25194,282
unk|sr|permissive,48378,4053,25229,497
token-classification|bs|permissive,2333,281,268,31
text-classification|sl|copyleft,203,38,23,14
automatic-speech-recognition|hr|unknown,8183,121,504,5
unk|it|unknown,68030,4968,36084,63
feature-extraction|it|copyleft,76,4,66,2
sentence-similarity|cs|permissive,1106,182,105,1328
sentence-similarity|da|permissive,1102,182,106,1272
sentence-similarity|de|permissive,1182,198,118,1476
sentence-similarity|es|permissive,1170,198,117,1456
sentence-similarity|fi|permissive,1098,181,105,1265
sentence-similarity|fr|permissive,1208,216,128,1515
sentence-similarity|he|permissive,1097,181,104,1256
sentence-similarity|hr|permissive,1096,180,103,1254
sentence-similarity|hu|permissive,1098,180,104,1265
sentence-similarity|id|permissive,1149,188,115,1323
sentence-similarity|it|permissive,1180,196,116,1431
sentence-similarity|nl|permissive,1158,192,113,1420
sentence-similarity|no|permissive,1043,180,102,1123
sentence-similarity|pl|permissive,1162,188,111,1324
sentence-similarity|pt|permissive,1193,197,115,1461
sentence-similarity|ro|permissive,1101,184,105,1272
sentence-similarity|ru|permissive,1207,205,133,1441
sentence-similarity|tr|permissive,1167,195,112,1395
sentence-similarity|vi|permissive,1168,189,121,1399
unk|zh|unknown,68172,5006,36120,363
question-answering|fr|noncommercial,12,5,4,1
unk|ca|permissive,48412,4076,25232,364
zero-shot-classification|ru|unknown,27,6,8,6
text-generation|ja|other,3815,1337,948,2100
sentence-similarity|ja|copyleft,14,4,5,5
automatic-speech-recognition|eo|permissive,2960,237,400,18
token-classification|sk|noncommercial,248,25,161,1
token-classification|sk|permissive,2365,286,293,84
unk|mk|permissive,48330,4046,25200,336
unk|uk|permissive,48432,4061,25248,700
unk|pl|permissive,48483,4081,25276,807
unk|sl|permissive,48348,4051,25205,347
text-ranking|en|permissive,149,107,43,559
text-ranking|de|permissive,62,38,28,66
token-classification|de|permissive,2465,316,339,745
summarization|am|unknown,527,45,68,16
summarization|ar|unknown,546,47,77,36
summarization|az|unknown,527,45,68,16
summarization|bn|unknown,530,47,69,19
summarization|cy|unknown,527,45,68,16
summarization|en|unknown,760,67,99,305
summarization|fa|unknown,537,46,71,26
summarization|fr|unknown,538,52,74,29
summarization|gd|unknown,527,45,68,16
summarization|gu|unknown,527,45,68,16
summarization|ha|unknown,527,45,68,16
summarization|hi|unknown,528,45,68,17
summarization|ig|unknown,527,45,68,16
summarization|ja|unknown,528,45,69,17
summarization|ky|unknown,527,45,68,16
summarization|mr|unknown,528,45,68,17
summarization|my|unknown,527,45,68,16
summarization|ne|unknown,530,45,68,20
summarization|om|unknown,527,45,68,16
summarization|pa|unknown,527,45,68,16
summarization|ps|unknown,527,45,68,16
summarization|pt|unknown,529,45,68,18
summarization|rn|unknown,527,45,68,16
summarization|ru|unknown,532,47,68,22
summarization|si|unknown,532,50,69,25
summarization|so|unknown,527,45,68,16
summarization|sr|unknown,527,45,68,16
summarization|sw|unknown,527,45,68,16
summarization|ta|unknown,528,45,68,17
summarization|te|unknown,528,45,68,17
summarization|th|unknown,530,46,69,19
summarization|ti|unknown,527,45,68,16
summarization|tr|unknown,528,45,69,18
summarization|uk|unknown,528,46,68,17
summarization|ur|unknown,531,47,69,20
summarization|uz|unknown,527,45,68,16
summarization|vi|unknown,531,46,68,20
summarization|yo|unknown,527,45,68,16
summarization|zh|unknown,544,45,68,33
text-classification|el|copyleft,200,40,25,11
fill-mask|el|copyleft,102,18,52,3
sentence-similarity|ko|permissive,1179,192,121,1462
feature-extraction|af|permissive,1743,333,679,226
feature-extraction|am|permissive,1738,327,678,214
feature-extraction|ar|permissive,1779,352,691,336
feature-extraction|as|permissive,1733,324,677,176
feature-extraction|az|permissive,1746,334,678,259
feature-extraction|be|permissive,1742,333,678,225
feature-extraction|bg|permissive,1762,340,683,288
feature-extraction|bn|permissive,1756,338,684,272
feature-extraction|bo|permissive,1706,313,675,8
feature-extraction|bs|permissive,1738,329,678,214
feature-extraction|ca|permissive,1750,337,679,273
feature-extraction|co|permissive,1704,313,673,10
feature-extraction|cs|permissive,1768,339,683,302
feature-extraction|cy|permissive,1743,334,678,226
feature-extraction|el|permissive,1756,339,684,279
feature-extraction|eo|permissive,1732,324,675,193
feature-extraction|et|permissive,1750,337,680,269
feature-extraction|eu|permissive,1744,333,678,222
feature-extraction|fa|permissive,1761,339,684,292
feature-extraction|fy|permissive,1730,322,675,160
feature-extraction|ga|permissive,1743,331,678,220
feature-extraction|gd|permissive,1730,322,675,159
feature-extraction|gl|permissive,1745,335,679,246
feature-extraction|gu|permissive,1746,335,679,246
feature-extraction|ha|permissive,1731,323,676,173
feature-extraction|he|permissive,1762,336,681,284
feature-extraction|hi|permissive,1771,346,688,308
feature-extraction|hr|permissive,1750,337,680,268
feature-extraction|ht|permissive,1717,325,676,66
feature-extraction|hu|permissive,1756,338,683,279
feature-extraction|hy|permissive,1747,334,681,249
feature-extraction|ig|permissive,1706,315,674,25
feature-extraction|is|permissive,1752,334,682,252
feature-extraction|ja|permissive,1819,357,704,398
feature-extraction|jv|permissive,1742,333,678,224
feature-extraction|ka|permissive,1750,335,681,262
feature-extraction|kk|permissive,1746,334,678,246
feature-extraction|km|permissive,1745,331,679,251
feature-extraction|kn|permissive,1745,334,679,233
feature-extraction|ku|permissive,1731,322,676,174
feature-extraction|ky|permissive,1739,330,679,189
feature-extraction|la|permissive,1736,327,677,200
feature-extraction|lb|permissive,1708,317,673,51
feature-extraction|lo|permissive,1737,329,675,221
feature-extraction|lt|permissive,1750,337,680,268
feature-extraction|lv|permissive,1751,338,680,269
feature-extraction|mg|permissive,1738,329,678,203
feature-extraction|mi|permissive,1704,313,673,20
feature-extraction|mk|permissive,1746,334,679,241
feature-extraction|ml|permissive,1745,334,679,233
feature-extraction|mn|permissive,1743,333,678,237
feature-extraction|mr|permissive,1752,338,681,277
feature-extraction|ms|permissive,1751,337,682,271
feature-extraction|mt|permissive,1710,317,675,24
feature-extraction|my|permissive,1744,334,679,244
feature-extraction|ne|permissive,1749,335,684,240
feature-extraction|no|permissive,1746,332,680,243
feature-extraction|ny|permissive,1705,314,674,22
feature-extraction|or|permissive,1732,323,675,172
feature-extraction|pa|permissive,1744,334,678,232
feature-extraction|ro|permissive,1757,343,684,286
feature-extraction|rw|permissive,1705,314,673,8
feature-extraction|si|permissive,1739,330,676,214
feature-extraction|sk|permissive,1750,337,680,273
feature-extraction|sl|permissive,1750,337,680,268
feature-extraction|sm|permissive,1704,313,673,10
feature-extraction|sn|permissive,1705,314,674,22
feature-extraction|so|permissive,1735,327,676,182
feature-extraction|sq|permissive,1748,335,679,255
feature-extraction|sr|permissive,1749,336,679,260
feature-extraction|st|permissive,1704,313,673,10
feature-extraction|su|permissive,1735,326,678,168
feature-extraction|sw|permissive,1757,338,684,274
feature-extraction|ta|permissive,1749,336,683,240
feature-extraction|te|permissive,1756,337,685,270
feature-extraction|tg|permissive,1711,319,675,67
feature-extraction|th|permissive,1759,339,686,287
feature-extraction|tk|permissive,1704,313,673,5
feature-extraction|tl|permissive,1747,335,678,257
feature-extraction|tr|permissive,1771,344,690,304
feature-extraction|tt|permissive,1711,319,675,47
feature-extraction|ug|permissive,1729,321,675,159
feature-extraction|uk|permissive,1758,340,686,285
feature-extraction|ur|permissive,1754,335,682,276
feature-extraction|uz|permissive,1741,329,677,238
feature-extraction|vi|permissive,1766,341,689,300
feature-extraction|wo|permissive,1706,315,674,18
feature-extraction|xh|permissive,1735,327,676,209
feature-extraction|yi|permissive,1730,322,675,159
feature-extraction|yo|permissive,1719,325,678,80
feature-extraction|zu|permissive,1706,315,674,25
text-to-image|en|permissive,2069,321,1522,1875
visual-question-answering|unk|permissive,247,92,190,168
token-classification|hr|other,48,8,12,9
object-detection|unk|permissive,971,117,766,1813
automatic-speech-recognition|it|permissive,3415,271,661,2175
unk|it|permissive,48721,4100,25412,1765
sentence-similarity|ko|unknown,4397,467,132,59
unk|kr|permissive,48223,4018,25150,7
image-classification|en|unknown,5610,139,785,94
question-answering|de|permissive,2022,230,109,89
text-generation|pl|unknown,127973,15521,8681,96
unk|pt|unknown,68033,4972,36088,197
automatic-speech-recognition|vi|noncommercial,282,40,28,58
token-classification|ro|permissive,2368,288,299,91
sentence-similarity|es|unknown,4391,466,132,58
text-generation|ar|permissive,19368,5144,3687,2787
question-answering|tr|unknown,4375,131,258,13
audio-to-audio|en|permissive,373,46,365,185
automatic-speech-recognition|zh|permissive,3442,279,722,2367
audio-to-audio|unk|permissive,398,47,390,255
voice-activity-detection|unk|permissive,79,14,77,96
automatic-speech-recognition|kr|permissive,2958,235,404,11
voice-activity-detection|en|permissive,77,13,76,24
text-to-speech|zh|permissive,651,111,499,763
text-to-speech|ja|permissive,580,96,432,581
question-answering|fr|unknown,4365,126,257,2
token-classification|af|copyleft,90,17,31,3
token-classification|da|copyleft,95,17,36,8
token-classification|de|copyleft,104,21,37,18
token-classification|es|copyleft,103,20,39,18
token-classification|fi|copyleft,93,17,34,6
token-classification|fr|copyleft,105,18,42,18
token-classification|ga|copyleft,90,17,31,3
token-classification|hr|copyleft,93,17,34,6
token-classification|id|copyleft,91,17,32,4
token-classification|ko|copyleft,111,24,40,29
token-classification|lt|copyleft,94,18,34,9
token-classification|lv|copyleft,90,17,31,3
token-classification|nb|copyleft,90,17,31,3
token-classification|nl|copyleft,111,20,47,30
token-classification|pl|copyleft,94,19,33,8
token-classification|pt|copyleft,99,17,37,12
token-classification|ro|copyleft,100,19,40,15
token-classification|ru|copyleft,97,20,35,11
token-classification|sk|copyleft,91,18,31,4
token-classification|sr|copyleft,110,23,46,23
token-classification|sv|copyleft,97,20,35,46
token-classification|vi|copyleft,95,22,29,12
zero-shot-classification|unk|permissive,218,107,57,46
image-feature-extraction|unk|permissive,571,123,427,671
feature-extraction|en|noncommercial,244,77,137,168
text-to-speech|en|unknown,255,34,220,162
unk|af|permissive,48334,4043,25201,352
unk|am|permissive,48321,4049,25195,245
unk|az|permissive,48312,4039,25194,317
unk|ba|permissive,48239,4020,25157,48
unk|be|permissive,48304,4037,25195,191
unk|br|permissive,48254,4028,25161,77
unk|cy|permissive,48316,4041,25195,207
unk|et|permissive,48342,4050,25207,351
unk|fa|permissive,48435,4059,25252,702
unk|ff|permissive,48246,4022,25163,53
unk|fy|permissive,48278,4032,25180,147
unk|gd|permissive,48278,4033,25180,147
unk|gl|permissive,48350,4051,25207,377
unk|ha|permissive,48329,4048,25199,268
unk|he|permissive,48346,4054,25202,349
unk|ht|permissive,48269,4026,25174,137
unk|hy|permissive,48314,4041,25195,200
unk|id|permissive,48485,4072,25264,827
unk|ig|permissive,48304,4035,25189,251
unk|is|permissive,48361,4050,25203,264
unk|jv|permissive,48327,4048,25194,245
unk|ka|permissive,48326,4045,25195,323
unk|kk|permissive,48322,4048,25197,324
unk|km|permissive,48333,4048,25207,353
unk|lb|permissive,48275,4027,25181,130
unk|lg|permissive,48254,4027,25165,72
unk|ln|permissive,48251,4025,25164,70
unk|lo|permissive,48314,4045,25203,222
unk|lt|permissive,48339,4048,25207,340
unk|lv|permissive,48347,4051,25208,350
unk|mg|permissive,48290,4037,25181,171
unk|mn|permissive,48313,4043,25193,316
unk|ms|permissive,48382,4053,25233,541
unk|my|permissive,48336,4046,25206,338
unk|ne|permissive,48357,4044,25222,1396
unk|nl|permissive,48487,4077,25283,1040
unk|oc|permissive,48257,4022,25169,68
unk|ps|permissive,48298,4038,25194,279
unk|pt|permissive,48686,4107,25392,1702
unk|ro|permissive,48542,4062,25250,944
unk|sd|permissive,48292,4035,25190,173
unk|si|permissive,48299,4038,25185,312
unk|sk|permissive,48341,4048,25207,242
unk|so|permissive,48318,4043,25195,209
unk|sq|permissive,48313,4043,25188,201
unk|ss|permissive,48238,4019,25156,38
unk|su|permissive,48309,4042,25188,199
unk|sv|permissive,48430,4064,25237,694
unk|tl|permissive,48298,4042,25183,280
unk|tn|permissive,48238,4022,25159,46
unk|uz|permissive,48308,4040,25193,202
unk|wo|permissive,48253,4024,25165,67
unk|xh|permissive,48315,4041,25194,309
unk|yi|permissive,48283,4034,25183,156
unk|yo|permissive,48302,4037,25187,201
unk|zu|permissive,48300,4033,25189,175
image-segmentation|unk|other,287,64,82,736
translation|af|unknown,701,30,49,28
translation|ar|unknown,724,41,60,124
translation|az|unknown,685,28,50,10
translation|bn|unknown,697,33,58,91
translation|cs|unknown,709,35,58,103
translation|de|unknown,765,39,67,160
translation|es|unknown,779,35,64,175
translation|et|unknown,699,31,49,27
translation|fa|unknown,696,30,59,87
translation|fi|unknown,733,32,50,61
translation|fr|unknown,759,36,72,157
translation|gl|unknown,690,31,49,17
translation|gu|unknown,694,32,58,88
translation|he|unknown,713,32,58,106
translation|hi|unknown,708,34,60,103
translation|hr|unknown,687,31,49,14
translation|id|unknown,710,35,59,107
translation|it|unknown,724,33,60,118
translation|ja|unknown,722,40,74,121
translation|ka|unknown,685,30,49,12
translation|kk|unknown,695,32,58,89
translation|km|unknown,694,32,58,87
translation|ko|unknown,716,38,61,112
translation|lt|unknown,700,31,49,28
translation|lv|unknown,694,29,49,20
translation|mk|unknown,685,30,49,12
translation|ml|unknown,685,30,49,12
translation|mn|unknown,693,30,59,84
translation|mr|unknown,694,31,59,86
translation|my|unknown,695,32,59,89
translation|ne|unknown,684,28,50,10
translation|nl|unknown,721,34,64,116
translation|pl|unknown,698,34,58,91
translation|ps|unknown,683,28,49,8
translation|ro|unknown,688,32,49,16
translation|si|unknown,693,37,51,25
translation|sl|unknown,686,31,49,13
translation|sv|unknown,731,31,49,58
translation|sw|unknown,685,29,49,10
translation|ta|unknown,698,35,59,93
translation|te|unknown,692,30,58,85
translation|th|unknown,697,34,61,92
translation|tl|unknown,695,32,58,88
translation|tr|unknown,718,33,60,112
translation|uk|unknown,726,34,58,119
translation|ur|unknown,700,32,59,93
translation|vi|unknown,723,36,60,128
translation|xh|unknown,694,30,49,21
translation|zh|unknown,741,46,65,145
unk|af|unknown,67997,4964,36079,17
unk|az|unknown,67996,4964,36078,16
unk|de|unknown,68054,4972,36097,102
unk|et|unknown,67999,4964,36078,15
unk|fi|unknown,68003,4964,36081,21
unk|gl|unknown,67995,4966,36075,12
unk|he|unknown,68002,4964,36078,20
unk|hr|unknown,67997,4964,36078,13
unk|ja|unknown,68052,4985,36102,137
unk|ka|unknown,67996,4965,36076,12
unk|kk|unknown,67993,4964,36075,9
unk|km|unknown,67993,4964,36075,14
unk|lt|unknown,67993,4964,36075,9
unk|lv|unknown,67994,4964,36075,10
unk|mk|unknown,67996,4964,36078,12
unk|mn|unknown,67995,4964,36075,12
unk|my|unknown,67993,4964,36075,11
unk|ne|unknown,67994,4964,36075,14
unk|nl|unknown,68002,4967,36078,34
unk|ps|unknown,67992,4964,36075,8
unk|ro|unknown,67998,4964,36078,17
unk|si|unknown,67994,4964,36075,20
unk|sl|unknown,67998,4964,36078,15
unk|sw|unknown,68002,4964,36081,22
unk|th|unknown,68007,4965,36078,36
unk|tl|unknown,67997,4966,36078,21
unk|uk|unknown,68003,4965,36079,23
unk|ur|unknown,68006,4965,36080,30
unk|vi|unknown,68026,4974,36083,66
unk|xh|unknown,67996,4964,36078,12
automatic-speech-recognition|fa|permissive,3328,261,612,1811
text-to-speech|ar|unknown,135,23,102,18
text-to-speech|es|unknown,138,21,105,28
text-to-speech|fr|unknown,135,21,102,25
text-to-speech|ru|unknown,134,21,102,24
text-to-speech|tr|unknown,131,21,99,17
text-to-speech|vi|unknown,133,21,99,20
text-to-speech|zh|unknown,154,26,122,47
automatic-speech-recognition|cs|noncommercial,273,38,26,38
automatic-speech-recognition|de|noncommercial,287,44,34,66
automatic-speech-recognition|en|noncommercial,320,55,58,124
automatic-speech-recognition|es|noncommercial,283,42,31,51
automatic-speech-recognition|fi|noncommercial,274,38,26,39
automatic-speech-recognition|fr|noncommercial,290,42,34,60
automatic-speech-recognition|hr|noncommercial,271,37,26,24
automatic-speech-recognition|hu|noncommercial,273,38,26,38
automatic-speech-recognition|it|noncommercial,278,39,27,44
automatic-speech-recognition|nl|noncommercial,279,38,28,45
automatic-speech-recognition|pl|noncommercial,274,39,27,40
automatic-speech-recognition|ro|noncommercial,275,38,26,40
automatic-speech-recognition|sk|noncommercial,273,38,26,38
automatic-speech-recognition|sl|noncommercial,275,38,26,40
automatic-speech-recognition|bg|noncommercial,272,37,26,36
automatic-speech-recognition|da|noncommercial,277,39,28,46
automatic-speech-recognition|el|noncommercial,287,37,26,51
automatic-speech-recognition|et|noncommercial,274,37,26,38
automatic-speech-recognition|lt|noncommercial,272,37,26,36
automatic-speech-recognition|lv|noncommercial,270,37,26,34
automatic-speech-recognition|mt|noncommercial,277,38,27,42
automatic-speech-recognition|pt|noncommercial,277,39,29,43
automatic-speech-recognition|sv|noncommercial,276,37,26,40
automatic-speech-recognition|cy|permissive,3222,240,561,1566
unk|ab|permissive,48218,4017,25145,7
unk|bo|permissive,48226,4018,25152,21
unk|cv|permissive,48223,4017,25147,13
unk|dv|permissive,48221,4018,25148,33
unk|eo|permissive,48276,4034,25177,133
unk|eu|permissive,48343,4052,25201,239
unk|fo|permissive,48222,4017,25148,12
unk|gn|permissive,48234,4018,25156,27
unk|gv|permissive,48221,4018,25148,11
unk|ia|permissive,48218,4017,25145,6
unk|ku|permissive,48275,4036,25174,141
unk|ky|permissive,48288,4037,25186,170
unk|la|permissive,48296,4041,25184,162
unk|mi|permissive,48261,4025,25171,106
unk|mt|permissive,48284,4030,25183,132
unk|nn|permissive,48261,4029,25158,59
unk|rm|permissive,48220,4017,25147,8
unk|rw|permissive,48249,4023,25163,52
unk|sa|permissive,48247,4028,25161,60
unk|sn|permissive,48263,4031,25173,128
unk|tg|permissive,48267,4026,25176,114
unk|tk|permissive,48236,4017,25158,28
unk|tt|permissive,48226,4018,25149,19
text-generation|bg|permissive,18987,4996,3537,509
text-generation|bn|permissive,19051,5008,3592,790
text-generation|ca|permissive,18972,4995,3536,495
text-generation|el|permissive,18996,4994,3544,558
text-generation|et|permissive,18955,4980,3544,410
text-generation|eu|permissive,18923,4961,3533,231
text-generation|hi|permissive,19177,5065,3660,1462
text-generation|ht|permissive,18898,4949,3530,48
text-generation|it|permissive,19617,5211,3675,4052
text-generation|ko|permissive,19783,5364,3682,4885
text-generation|my|permissive,18944,4976,3545,311
text-generation|qu|permissive,18886,4940,3530,18
text-generation|ta|permissive,18995,4995,3579,471
text-generation|te|permissive,18988,4990,3573,413
text-generation|th|permissive,19126,5031,3588,1283
text-generation|tr|permissive,19242,5062,3607,1685
text-generation|ur|permissive,18967,4973,3568,346
text-generation|vi|permissive,19130,5051,3591,1329
audio-to-audio|unk|unknown,40,5,40,30
fill-mask|ti|unknown,6424,328,751,6
token-classification|ti|unknown,8340,195,1143,2
text-classification|ti|unknown,49436,900,2355,4
text-generation|si|unknown,127951,15512,8676,15
text-classification|sw|unknown,49441,902,2358,7
text-generation|da|unknown,127954,15516,8677,14
text-generation|fa|unknown,127964,15513,8681,56
text-generation|sw|unknown,127947,15513,8675,4
text-generation|no|unknown,127951,15514,8675,8
automatic-speech-recognition|dv|unknown,8182,122,505,8
automatic-speech-recognition|es|unknown,8191,121,513,14
sentence-similarity|en|unknown,4685,495,327,745
document-question-answering|unk|unknown,42,2,42,38
text-generation|tl|unknown,127950,15512,8675,37
image-text-to-text|unk|permissive,4709,1084,2391,11758
image-to-text|unk|unknown,201,51,152,148
automatic-speech-recognition|km|permissive,3228,241,556,1578
automatic-speech-recognition|gu|permissive,3223,244,564,1565
question-answering|ar|unknown,4377,127,257,22
automatic-speech-recognition|fa|unknown,8197,124,513,25
text-generation|bn|unknown,127959,15516,8678,66
question-answering|hi|unknown,4366,126,257,2
question-answering|ta|unknown,4367,127,257,4
unk|co|permissive,48242,4022,25162,79
unk|ny|permissive,48256,4025,25171,97
unk|sm|permissive,48242,4022,25162,78
unk|st|permissive,48245,4023,25163,81
feature-extraction|an|permissive,1706,315,675,7
feature-extraction|ba|permissive,1708,316,676,14
feature-extraction|br|permissive,1735,327,677,191
feature-extraction|ce|permissive,1706,315,675,12
feature-extraction|cv|permissive,1706,315,675,7
feature-extraction|io|permissive,1706,315,675,7
feature-extraction|nb|permissive,1715,321,679,71
feature-extraction|nn|permissive,1710,319,676,48
feature-extraction|oc|permissive,1710,319,675,53
feature-extraction|vo|permissive,1709,318,675,42
table-question-answering|en|permissive,50,11,31,51
automatic-speech-recognition|ml|permissive,3243,245,570,1630
question-answering|nl|unknown,4366,126,257,2
question-answering|pl|unknown,4366,126,257,2
feature-extraction|zh|noncommercial,185,55,101,45
fill-mask|bo|permissive,1967,223,212,10
sentence-similarity|hi|unknown,4370,465,131,20
token-classification|hu|copyleft,95,18,33,8
text-classification|as|permissive,10069,776,586,38
text-classification|bh|permissive,10058,773,582,5
text-classification|or|permissive,10066,776,584,39
text-classification|si|permissive,10074,782,587,46
fill-mask|bh|permissive,1963,220,211,4
automatic-speech-recognition|he|permissive,3229,243,569,1694
automatic-speech-recognition|he|unknown,8191,125,504,16
summarization|it|permissive,332,68,49,18
feature-extraction|eu|unknown,10681,273,2133,3
unk|eu|unknown,67992,4966,36077,8
unk|ja|copyleft,879,108,431,101
question-answering|da|permissive,2006,218,107,39
fill-mask|dv|permissive,1961,220,211,2
fill-mask|nr|permissive,1962,221,211,3
fill-mask|tn|permissive,1973,225,211,14
fill-mask|ts|permissive,1971,225,211,12
fill-mask|tl|copyleft,109,18,52,10
unk|tl|copyleft,820,90,414,17
text-generation|tl|copyleft,426,171,107,6
sentence-similarity|nl|unknown,4377,466,131,36
token-classification|ga|permissive,2392,285,293,117
automatic-speech-recognition|ga|permissive,2962,236,401,56
automatic-speech-recognition|ab|unknown,8182,121,504,3
token-classification|yo|unknown,8341,195,1143,4
tabular-classification|unk|unknown,46,0,46,45
text-generation|zh|unknown,128330,15601,8755,838
token-classification|ja|permissive,2447,333,313,235
tabular-classification|unk|permissive,80,6,79,57
image-to-image|unk|unknown,312,27,299,329
video-to-video|unk|permissive,61,18,61,51
image-to-image|unk|permissive,741,87,660,736
image-to-text|unk|permissive,795,227,590,383
time-series-forecasting|unk|permissive,633,46,360,658
video-classification|unk|unknown,422,13,422,426
image-to-text|ja|permissive,314,103,227,95
sentence-similarity|sk|permissive,1096,181,103,1256
fill-mask|ko|copyleft,107,18,53,14
feature-extraction|om|permissive,1727,320,675,160
feature-extraction|ps|permissive,1729,322,676,167
feature-extraction|sa|permissive,1731,320,677,157
feature-extraction|sd|permissive,1730,322,676,173
question-answering|ja|noncommercial,12,4,4,1
text-classification|ja|noncommercial,283,67,151,17
unk|ja|noncommercial,2034,439,1093,141
text-to-speech|ko|permissive,493,88,354,477
question-answering|zh|unknown,4385,131,260,24
sentence-similarity|el|permissive,1099,181,104,1260
summarization|fr|permissive,330,71,51,20
automatic-speech-recognition|la|copyleft,34,9,9,2
automatic-speech-recognition|unk|copyleft,78,27,31,42
automatic-speech-recognition|rw|permissive,2977,237,413,43
automatic-speech-recognition|ug|permissive,2952,235,399,14
automatic-speech-recognition|uz|permissive,3229,243,558,1629
question-answering|zh|permissive,2065,249,138,160
summarization|fa|permissive,324,69,49,13
token-classification|is|permissive,2360,283,292,57
automatic-speech-recognition|is|permissive,3228,243,567,1580
question-answering|fa|unknown,4367,126,257,4
question-answering|sv|unknown,4365,126,257,1
text-generation|mk|permissive,18912,4956,3525,133
text-generation|hr|permissive,18948,4977,3529,408
text-generation|sl|permissive,18965,4985,3528,439
text-generation|sr|permissive,18962,4979,3534,504
token-classification|af|permissive,2335,281,271,29
token-classification|am|permissive,2353,283,291,47
token-classification|as|permissive,2334,284,270,32
token-classification|az|permissive,2352,283,290,56
token-classification|be|permissive,2356,284,293,52
token-classification|bg|permissive,2369,286,293,85
token-classification|br|permissive,2331,280,268,25
token-classification|ca|permissive,2369,285,297,77
token-classification|cs|permissive,2371,288,300,106
token-classification|cy|permissive,2355,283,291,50
token-classification|el|permissive,2361,286,295,75
token-classification|eo|permissive,2352,283,290,44
token-classification|et|permissive,2364,286,297,75
token-classification|eu|permissive,2359,287,292,55
token-classification|fi|permissive,2378,294,302,181
token-classification|fy|permissive,2352,283,290,42
token-classification|gd|permissive,2354,283,291,46
token-classification|gl|permissive,2372,284,292,68
token-classification|gu|permissive,2359,290,293,60
token-classification|ha|permissive,2353,283,291,45
token-classification|he|permissive,2365,285,294,63
token-classification|hi|permissive,2391,302,303,229
token-classification|hy|permissive,2356,284,291,52
token-classification|it|permissive,2435,311,326,357
token-classification|jv|permissive,2352,283,290,48
token-classification|ka|permissive,2354,283,291,57
token-classification|kk|permissive,2358,286,292,61
token-classification|km|permissive,2353,283,290,45
token-classification|kn|permissive,2359,289,293,60
token-classification|ko|permissive,2387,296,300,122
token-classification|ku|permissive,2352,283,290,45
token-classification|ky|permissive,2355,284,291,55
token-classification|la|permissive,2362,284,297,60
token-classification|lo|permissive,2331,280,268,22
token-classification|lt|permissive,2364,285,298,71
token-classification|lv|permissive,2367,286,297,78
token-classification|mg|permissive,2352,283,290,47
token-classification|mk|permissive,2355,283,291,53
token-classification|ml|permissive,2360,290,294,64
token-classification|mn|permissive,2386,283,291,88
token-classification|mr|permissive,2369,290,294,74
token-classification|ms|permissive,2361,284,292,59
token-classification|my|permissive,2355,284,291,55
token-classification|ne|permissive,2360,288,292,62
token-classification|om|permissive,2330,280,268,22
token-classification|or|permissive,2337,284,271,33
token-classification|pa|permissive,2358,289,293,61
token-classification|pl|permissive,2386,291,307,128
token-classification|ps|permissive,2352,283,290,44
token-classification|sa|permissive,2337,285,271,30
token-classification|sd|permissive,2336,284,271,30
token-classification|si|permissive,2352,283,290,44
token-classification|sl|permissive,2369,286,299,81
token-classification|so|permissive,2330,280,268,21
token-classification|su|permissive,2330,280,268,26
token-classification|sw|permissive,2332,280,268,34
token-classification|ta|permissive,2365,289,295,69
token-classification|te|permissive,2371,297,294,187
token-classification|tl|permissive,2343,285,277,43
token-classification|ug|permissive,2333,280,269,24
token-classification|uk|permissive,2385,291,310,102
token-classification|ur|permissive,2363,289,294,69
token-classification|uz|permissive,2355,284,290,61
token-classification|vi|permissive,2385,291,305,145
token-classification|xh|permissive,2353,284,291,45
token-classification|yi|permissive,2352,283,290,44
fill-mask|gl|copyleft,101,17,52,2
fill-mask|pt|copyleft,101,17,52,2
token-classification|ig|unknown,8341,195,1143,3
token-classification|rw|unknown,8341,195,1143,3
token-classification|wo|unknown,8341,195,1143,3
object-detection|unk|unknown,1610,35,681,1587
text-classification|th|permissive,10097,780,591,128
text-classification|ur|permissive,10095,782,591,109
automatic-speech-recognition|ky|unknown,8184,121,507,5
automatic-speech-recognition|it|unknown,8189,121,513,13
text-generation|de|unknown,128072,15558,8688,387
summarization|nl|unknown,519,42,67,3
text-classification|unk|responsible_ai,166,47,40,86
unk|dv|unknown,67990,4965,36076,8
fill-mask|dv|unknown,6422,326,751,4
text-generation|es|unknown,128039,15548,8689,444
fill-mask|ks|permissive,1963,224,211,7
feature-extraction|ta|unknown,10680,271,2133,2
image-text-to-text|es|unknown,7939,493,3239,38
question-answering|pt|permissive,2014,222,109,52
question-answering|es|permissive,2023,228,110,69
fill-mask|tg|unknown,6420,326,751,2
text-generation|en|other,6468,2186,1779,13617
token-classification|en|other,84,28,31,71
question-answering|fa|permissive,2013,217,110,83
question-answering|en|noncommercial,28,16,9,36
question-answering|vi|noncommercial,15,4,4,6
depth-estimation|unk|permissive,160,53,143,197
text-generation|ja|copyleft,484,201,129,103
image-classification|unk|other,276,69,175,408
text-to-image|unk|unknown,7896,292,7610,17118
token-classification|el|noncommercial,255,27,167,8
sentence-similarity|unk|copyleft,48,22,17,11
unk|es|noncommercial,2002,433,1067,106
question-answering|tr|permissive,2020,225,108,61
summarization|tr|permissive,323,70,48,17
automatic-speech-recognition|sv|unknown,8190,121,512,11
summarization|no|unknown,517,41,68,1
text-classification|fa|noncommercial,286,63,150,10
multiple-choice|fa|noncommercial,13,0,4,6
unk|fa|noncommercial,1986,423,1048,44
question-answering|ca|permissive,2000,212,105,10
text-classification|ja|copyleft,216,41,26,31
question-answering|pt|unknown,4366,126,257,2
token-classification|nb|unknown,8342,195,1147,4
fill-mask|lu|permissive,1965,221,211,6
text-classification|unk|noncommercial,539,129,174,513
text-generation|tr|unknown,127978,15521,8688,125
text-classification|hi|unknown,49459,903,2360,43
automatic-speech-recognition|da|permissive,3262,251,594,1801
token-classification|fo|permissive,2334,281,269,5
token-classification|nb|permissive,2342,285,278,20
token-classification|nn|permissive,2336,283,273,14
text-classification|am|permissive,10073,780,587,58
text-classification|km|permissive,10070,779,587,49
text-classification|lo|permissive,10065,777,585,32
text-classification|ps|permissive,10066,778,585,33
text-classification|sd|permissive,10065,777,584,37
text-classification|ug|permissive,10062,776,584,28
image-to-text|en|permissive,704,205,513,781
question-answering|bn|permissive,2005,214,107,21
text-ranking|unk|permissive,208,147,45,311
text-classification|unk|other,272,103,65,206
automatic-speech-recognition|zh|copyleft,38,10,13,10
unk|pl|copyleft,846,91,413,43
text-classification|mn|permissive,10069,778,587,51
sentence-similarity|af|permissive,1045,174,101,1128
sentence-similarity|am|permissive,1037,177,99,1101
sentence-similarity|ar|permissive,1173,196,120,1457
sentence-similarity|as|permissive,1025,168,92,1073
sentence-similarity|az|permissive,1047,175,101,1135
sentence-similarity|be|permissive,1045,174,101,1128
sentence-similarity|bg|permissive,1100,181,104,1265
sentence-similarity|bn|permissive,1059,184,102,1161
sentence-similarity|bo|permissive,998,163,89,23
sentence-similarity|bs|permissive,1030,170,97,1088
sentence-similarity|ca|permissive,1096,182,103,1255
sentence-similarity|co|permissive,999,164,90,36
sentence-similarity|cy|permissive,1045,174,101,1128
sentence-similarity|eo|permissive,1026,170,93,1084
sentence-similarity|et|permissive,1095,180,103,1251
sentence-similarity|eu|permissive,1045,174,101,1128
sentence-similarity|fa|permissive,1100,184,106,1273
sentence-similarity|fy|permissive,1023,167,92,1078
sentence-similarity|ga|permissive,1031,171,98,1091
sentence-similarity|gd|permissive,1023,167,92,1078
sentence-similarity|gl|permissive,1092,178,103,1247
sentence-similarity|gu|permissive,1099,182,103,1255
sentence-similarity|ha|permissive,1031,170,98,1091
sentence-similarity|hi|permissive,1150,187,116,1324
sentence-similarity|ht|permissive,1020,170,98,83
sentence-similarity|hy|permissive,1092,178,103,1247
sentence-similarity|ig|permissive,1006,166,95,46
sentence-similarity|is|permissive,1046,174,100,1114
sentence-similarity|ja|permissive,1169,200,122,1489
sentence-similarity|jv|permissive,1044,173,100,1125
sentence-similarity|ka|permissive,1092,178,102,1233
sentence-similarity|kk|permissive,1045,174,100,1118
sentence-similarity|km|permissive,1041,174,96,1122
sentence-similarity|kn|permissive,1052,178,101,1136
sentence-similarity|ku|permissive,1071,172,95,1200
sentence-similarity|ky|permissive,1043,172,101,1125
sentence-similarity|la|permissive,1032,174,93,1102
sentence-similarity|lb|permissive,1000,165,89,23
sentence-similarity|lo|permissive,1040,173,96,1121
sentence-similarity|lt|permissive,1095,180,103,1251
sentence-similarity|lv|permissive,1095,180,103,1251
sentence-similarity|mg|permissive,1030,170,97,1088
sentence-similarity|mi|permissive,1000,165,90,40
sentence-similarity|mk|permissive,1092,178,103,1247
sentence-similarity|ml|permissive,1051,178,101,1135
sentence-similarity|mn|permissive,1087,177,98,1240
sentence-similarity|mr|permissive,1101,185,104,1265
sentence-similarity|ms|permissive,1095,180,104,1258
sentence-similarity|mt|permissive,1005,165,94,30
sentence-similarity|my|permissive,1093,178,104,1250
sentence-similarity|ne|permissive,1049,175,103,1127
sentence-similarity|ny|permissive,1004,165,95,43
sentence-similarity|or|permissive,1029,170,92,1072
sentence-similarity|pa|permissive,1051,177,101,1135
sentence-similarity|rw|permissive,998,163,89,20
sentence-similarity|si|permissive,1045,174,101,1128
sentence-similarity|sl|permissive,1096,181,103,1253
sentence-similarity|sm|permissive,999,164,90,36
sentence-similarity|sn|permissive,1004,165,95,43
sentence-similarity|so|permissive,1043,172,101,1125
sentence-similarity|sq|permissive,1093,179,103,1248
sentence-similarity|sr|permissive,1094,178,102,1238
sentence-similarity|st|permissive,999,164,90,36
sentence-similarity|su|permissive,1027,168,97,1084
sentence-similarity|sw|permissive,1048,177,103,1143
sentence-similarity|ta|permissive,1056,180,103,1149
sentence-similarity|te|permissive,1054,180,102,1148
sentence-similarity|tg|permissive,1001,166,90,39
sentence-similarity|th|permissive,1140,182,111,1341
sentence-similarity|tk|permissive,998,163,89,20
sentence-similarity|tl|permissive,1046,175,101,1129
sentence-similarity|tt|permissive,1000,165,89,23
sentence-similarity|ug|permissive,1023,167,92,1078
sentence-similarity|uk|permissive,1101,181,105,1272
sentence-similarity|ur|permissive,1099,181,107,1264
sentence-similarity|uz|permissive,1030,172,93,1091
sentence-similarity|wo|permissive,1003,164,94,27
sentence-similarity|xh|permissive,1030,170,97,1088
sentence-similarity|yi|permissive,1023,167,92,1078
sentence-similarity|yo|permissive,1022,171,98,86
sentence-similarity|zh|permissive,1161,205,123,1410
sentence-similarity|zu|permissive,1004,165,95,43
sentence-similarity|nb|permissive,1045,172,99,135
unk|unk|other,18714,876,17023,20854
feature-extraction|ja|copyleft,87,8,69,14
token-classification|ca|copyleft,92,17,33,5
token-classification|mk|copyleft,92,19,31,5
audio-classification|ar|permissive,584,103,273,19
audio-classification|br|permissive,580,101,271,10
audio-classification|ca|permissive,581,101,271,15
audio-classification|cs|permissive,581,101,271,13
audio-classification|cv|permissive,576,101,267,2
audio-classification|cy|permissive,580,101,271,10
audio-classification|de|permissive,591,107,275,42
audio-classification|dv|permissive,576,101,267,2
audio-classification|eo|permissive,580,101,271,11
audio-classification|es|permissive,596,108,278,47
audio-classification|et|permissive,581,101,272,12
audio-classification|eu|permissive,580,101,271,13
audio-classification|fa|permissive,581,102,271,14
audio-classification|fr|permissive,592,108,278,46
audio-classification|fy|permissive,576,101,267,2
audio-classification|ia|permissive,580,101,271,9
audio-classification|id|permissive,585,102,272,21
audio-classification|it|permissive,589,108,275,41
audio-classification|ja|permissive,584,103,275,27
audio-classification|ka|permissive,580,101,271,12
audio-classification|ky|permissive,576,101,267,2
audio-classification|lv|permissive,580,101,271,11
audio-classification|mn|permissive,580,101,271,10
audio-classification|mt|permissive,580,101,271,10
audio-classification|nl|permissive,581,102,272,14
audio-classification|pl|permissive,585,106,273,25
audio-classification|pt|permissive,586,102,273,24
audio-classification|rm|permissive,576,101,267,2
audio-classification|ro|permissive,580,101,271,11
audio-classification|ru|permissive,588,107,275,50
audio-classification|rw|permissive,576,101,267,4
audio-classification|sl|permissive,580,101,271,12
audio-classification|sv|permissive,580,101,271,11
audio-classification|ta|permissive,584,101,271,21
audio-classification|tr|permissive,584,102,272,17
audio-classification|tt|permissive,580,101,271,10
audio-classification|uk|permissive,581,102,272,13
audio-classification|ab|permissive,579,100,270,7
audio-classification|af|permissive,579,100,270,8
audio-classification|am|permissive,579,100,270,8
audio-classification|as|permissive,583,100,270,12
audio-classification|az|permissive,579,100,270,8
audio-classification|ba|permissive,579,100,270,10
audio-classification|be|permissive,579,100,270,10
audio-classification|bg|permissive,579,100,270,9
audio-classification|bi|permissive,579,100,270,7
audio-classification|bo|permissive,579,100,270,8
audio-classification|bs|permissive,579,100,270,8
audio-classification|da|permissive,580,101,271,11
audio-classification|fi|permissive,581,101,272,12
audio-classification|fo|permissive,579,100,270,8
audio-classification|gl|permissive,579,100,270,10
audio-classification|gn|permissive,579,100,270,7
audio-classification|gu|permissive,584,100,271,14
audio-classification|gv|permissive,579,100,270,7
audio-classification|ha|permissive,579,100,270,8
audio-classification|he|permissive,579,100,270,9
audio-classification|hi|permissive,588,102,275,21
audio-classification|hr|permissive,579,100,270,10
audio-classification|ht|permissive,579,100,270,8
audio-classification|hu|permissive,579,100,270,9
audio-classification|hy|permissive,579,100,270,8
audio-classification|is|permissive,579,100,270,8
audio-classification|jv|permissive,579,100,270,7
audio-classification|kk|permissive,579,100,270,8
audio-classification|km|permissive,579,100,270,8
audio-classification|kn|permissive,583,100,270,13
audio-classification|ko|permissive,584,102,274,24
audio-classification|la|permissive,579,100,270,8
audio-classification|ln|permissive,579,100,270,13
audio-classification|lo|permissive,579,100,270,8
audio-classification|lt|permissive,579,100,270,9
audio-classification|mg|permissive,579,100,270,8
audio-classification|mi|permissive,579,100,270,8
audio-classification|mk|permissive,579,100,270,8
audio-classification|ml|permissive,584,100,271,14
audio-classification|mr|permissive,588,102,275,19
audio-classification|ms|permissive,579,100,270,9
audio-classification|my|permissive,579,100,270,8
audio-classification|ne|permissive,579,100,270,8
audio-classification|nn|permissive,579,100,270,8
audio-classification|no|permissive,580,101,271,16
audio-classification|oc|permissive,579,100,270,9
audio-classification|pa|permissive,583,100,270,13
audio-classification|ps|permissive,579,100,270,8
audio-classification|sa|permissive,579,100,270,8
audio-classification|sd|permissive,579,100,270,8
audio-classification|si|permissive,579,100,270,8
audio-classification|sk|permissive,579,100,270,9
audio-classification|sn|permissive,579,100,270,13
audio-classification|so|permissive,579,100,270,8
audio-classification|sq|permissive,579,100,270,8
audio-classification|sr|permissive,581,100,270,13
audio-classification|su|permissive,579,100,270,8
audio-classification|sw|permissive,579,100,270,10
audio-classification|te|permissive,585,101,272,15
audio-classification|tg|permissive,579,100,270,8
audio-classification|th|permissive,579,100,270,11
audio-classification|tk|permissive,579,100,270,8
audio-classification|tl|permissive,579,100,270,8
audio-classification|uz|permissive,579,100,270,10
audio-classification|vi|permissive,586,103,273,19
audio-classification|yi|permissive,579,100,270,8
audio-classification|yo|permissive,579,100,270,8
audio-classification|zh|permissive,595,103,283,37
token-classification|cu|permissive,2332,280,269,2
token-classification|mt|permissive,2354,283,291,32
token-classification|wo|permissive,2333,281,270,5
feature-extraction|sa|unknown,10680,271,2133,2
question-answering|sv|permissive,2000,212,106,11
sentence-similarity|ar|unknown,4370,465,131,34
sentence-similarity|bg|unknown,4369,465,131,17
sentence-similarity|el|unknown,4371,465,131,20
sentence-similarity|ru|unknown,4376,466,131,45
sentence-similarity|th|unknown,4370,466,131,20
sentence-similarity|tr|unknown,4380,469,134,46
sentence-similarity|ur|unknown,4369,465,131,17
sentence-similarity|zh|unknown,4383,468,133,50
zero-shot-classification|ar|unknown,24,5,8,2
zero-shot-classification|bg|unknown,24,5,8,2
zero-shot-classification|el|unknown,24,5,8,2
zero-shot-classification|es|unknown,26,5,9,4
zero-shot-classification|fr|unknown,27,5,8,5
zero-shot-classification|th|unknown,24,5,8,2
zero-shot-classification|tr|unknown,24,5,8,2
zero-shot-classification|ur|unknown,24,5,8,2
zero-shot-classification|zh|unknown,25,6,8,7
document-question-answering|unk|copyleft,2,0,2,2
document-question-answering|unk|noncommercial,16,7,15,41
text-classification|ja|unknown,49464,905,2360,36
text-generation|th|unknown,127965,15521,8678,74
token-classification|en|responsible_ai,20,6,12,11
text-classification|en|other,221,76,58,190
sentence-similarity|unk|other,59,32,39,34
fill-mask|da|copyleft,101,18,52,2
fill-mask|fo|copyleft,102,18,52,3
fill-mask|is|copyleft,102,19,52,3
fill-mask|no|copyleft,101,18,52,2
fill-mask|sv|copyleft,102,19,52,3
text-classification|is|copyleft,194,37,22,6
token-classification|is|copyleft,95,19,34,9
question-answering|is|unknown,4366,126,257,2
translation|is|unknown,702,32,49,25
text-generation|jv|permissive,18930,4968,3531,227
text-generation|su|permissive,18910,4952,3529,171
question-answering|th|permissive,2011,220,107,47
fill-mask|unk|noncommercial,210,57,41,90
text-to-speech|it|unknown,133,21,101,22
unk|sg|permissive,48223,4017,25147,7
fill-mask|gn|permissive,1965,222,211,6
image-segmentation|unk|unknown,156,18,104,141
automatic-speech-recognition|da|other,90,25,42,66
depth-estimation|unk|unknown,38,7,38,38
audio-classification|unk|noncommercial,72,34,29,89
fill-mask|pl|copyleft,101,17,53,2
fill-mask|uk|copyleft,100,17,52,1
token-classification|uk|copyleft,92,20,30,6
token-classification|hi|copyleft,87,17,28,1
question-answering|he|unknown,4366,128,257,5
text-generation|mr|permissive,18975,4983,3569,337
reinforcement-learning|unk|unknown,154,43,124,208
text-classification|es|other,137,47,40,36
fill-mask|be|copyleft,101,18,52,2
token-classification|be|copyleft,91,21,28,6
text-generation|unk|other,6719,2297,1824,13139
automatic-speech-recognition|ml|unknown,8184,122,507,5
image-text-to-text|ar|unknown,7930,487,3235,17
visual-question-answering|unk|unknown,194,28,78,168
token-classification|bg|copyleft,89,19,28,2
unk|cs|noncommercial,1980,425,1049,38
feature-extraction|unk|noncommercial,271,86,151,227
text-generation|unk|noncommercial,3693,1758,507,4300
text-classification|eo|permissive,10064,777,584,29
text-classification|fy|permissive,10062,777,584,26
text-classification|gd|permissive,10063,777,584,28
text-classification|ha|permissive,10069,778,585,43
text-classification|ku|permissive,10062,776,583,28
text-classification|om|permissive,10063,776,584,31
text-classification|so|permissive,10068,777,586,42
text-classification|xh|permissive,10063,777,585,32
text-classification|yi|permissive,10062,777,584,27
question-answering|hu|unknown,4371,126,257,7
sentence-similarity|it|unknown,4378,466,132,42
text-generation|cs|noncommercial,2091,993,190,404
text-ranking|fr|permissive,85,61,29,97
automatic-speech-recognition|de|copyleft,39,10,15,14
translation|qu|permissive,5305,1586,1735,98
text-classification|cs|unknown,49444,902,2356,12
token-classification|unk|other,115,49,43,55
text-to-speech|unk|unknown,417,51,360,150
audio-classification|en|noncommercial,69,32,29,35
text-generation|uk|permissive,19053,5009,3554,935
text-generation|af|permissive,18907,4957,3525,150
text-generation|az|permissive,18913,4958,3525,149
text-generation|ba|permissive,18880,4935,3524,11
text-generation|be|permissive,18912,4955,3526,121
text-generation|cv|permissive,18878,4936,3523,10
text-generation|da|permissive,19015,5005,3539,862
text-generation|hy|permissive,18913,4955,3528,111
text-generation|ka|permissive,18911,4956,3526,135
text-generation|kk|permissive,18950,4975,3530,235
text-generation|ky|permissive,18910,4957,3526,114
text-generation|lt|permissive,18945,4972,3529,385
text-generation|lv|permissive,18937,4971,3529,376
text-generation|ml|permissive,18966,4976,3564,320
text-generation|mn|permissive,18917,4958,3530,107
text-generation|ms|permissive,18959,4976,3547,621
text-generation|os|permissive,18877,4935,3523,9
text-generation|pl|permissive,19144,5039,3585,1461
text-generation|sv|permissive,19040,5002,3553,1024
text-generation|tg|permissive,18895,4949,3523,64
text-generation|tk|permissive,18878,4935,3523,17
text-generation|tl|permissive,18921,4959,3541,247
text-generation|tt|permissive,18879,4936,3523,35
text-generation|uz|permissive,18913,4956,3527,137
text-generation|yo|permissive,18918,4958,3530,183
feature-extraction|tl|copyleft,76,4,66,2
automatic-speech-recognition|hi|other,90,26,41,71
unk|ko|copyleft,832,91,421,32
unconditional-image-generation|unk|unknown,28,1,28,25
fill-mask|ny|permissive,1974,229,214,406
fill-mask|sn|permissive,1972,229,214,404
fill-mask|st|permissive,1969,224,212,401
fill-mask|zu|permissive,1977,231,214,409
unconditional-image-generation|unk|permissive,652,6,651,636
automatic-speech-recognition|be|copyleft,37,9,12,5
translation|bs|permissive,5324,1587,1736,161
translation|sr|permissive,5325,1588,1736,183
fill-mask|mt|noncommercial,85,27,26,2
fill-mask|sr|copyleft,104,19,52,6
question-answering|bg|permissive,2006,218,107,38
translation|unk|noncommercial,228,52,39,68
zero-shot-image-classification|en|permissive,664,85,100,136
token-classification|et|copyleft,90,18,31,7
image-to-text|ar|unknown,117,29,91,2
image-classification|fr|permissive,4998,717,3298,5
question-answering|unk|copyleft,66,29,12,40
feature-extraction|unk|copyleft,232,26,200,75
text-classification|vi|unknown,49485,905,2361,108
text-generation|en|noncommercial,3352,1547,480,5510
image-to-text|en|unknown,148,42,107,45
image-to-text|fr|unknown,123,29,94,7
unk|sl|copyleft,824,92,413,21
image-classification|unk|copyleft,94,39,75,95
text-classification|ti|permissive,10058,774,583,8
text-classification|pl|copyleft,202,40,24,16
automatic-speech-recognition|vi|copyleft,39,10,13,9
text-generation|bo|permissive,18908,4944,3554,93
text-generation|mg|permissive,18893,4943,3524,78
text-generation|ug|permissive,18885,4939,3527,32
text-generation|gd|permissive,18894,4944,3524,43
image-classification|en|noncommercial,244,53,219,41
translation|es|copyleft,11,3,5,11
translation|fr|copyleft,10,3,5,10
translation|it|copyleft,7,3,4,7
translation|ja|copyleft,17,5,4,24
translation|ru|copyleft,10,3,6,10
translation|uk|copyleft,9,3,5,9
summarization|ar|permissive,337,73,51,26
summarization|ur|permissive,317,68,47,3
text-to-speech|en|noncommercial,1370,113,131,308
summarization|vi|permissive,332,71,47,37
text-classification|az|unknown,49439,902,2356,5
text-classification|be|unknown,49438,902,2356,4
text-classification|he|unknown,49449,903,2357,18
text-classification|hy|unknown,49438,902,2356,4
text-classification|ka|unknown,49439,902,2356,5
text-classification|kk|unknown,49439,903,2357,5
text-classification|uk|unknown,49446,902,2356,12
unk|da|unknown,67996,4966,36079,12
text-generation|ak|responsible_ai,518,101,83,179
text-generation|ar|responsible_ai,523,104,86,186
text-generation|as|responsible_ai,518,101,83,179
text-generation|bm|responsible_ai,518,101,83,179
text-generation|bn|responsible_ai,518,101,83,179
text-generation|ca|responsible_ai,518,101,83,179
text-generation|en|responsible_ai,946,281,248,991
text-generation|es|responsible_ai,542,115,92,252
text-generation|eu|responsible_ai,518,101,83,179
text-generation|fr|responsible_ai,550,126,88,282
text-generation|gu|responsible_ai,518,101,83,179
text-generation|hi|responsible_ai,531,111,85,232
text-generation|id|responsible_ai,523,103,84,186
text-generation|ig|responsible_ai,518,101,83,179
text-generation|ki|responsible_ai,518,101,83,179
text-generation|kn|responsible_ai,518,101,83,179
text-generation|lg|responsible_ai,518,101,83,179
text-generation|ln|responsible_ai,518,101,83,179
text-generation|ml|responsible_ai,518,101,83,179
text-generation|mr|responsible_ai,518,101,83,179
text-generation|ne|responsible_ai,518,101,83,180
text-generation|ny|responsible_ai,518,101,83,179
text-generation|or|responsible_ai,518,101,83,179
text-generation|pa|responsible_ai,518,101,83,179
text-generation|pt|responsible_ai,529,110,84,237
text-generation|rn|responsible_ai,518,101,83,179
text-generation|rw|responsible_ai,518,101,83,179
text-generation|sn|responsible_ai,518,101,83,179
text-generation|st|responsible_ai,518,101,83,179
text-generation|sw|responsible_ai,519,101,83,180
text-generation|ta|responsible_ai,518,101,83,179
text-generation|te|responsible_ai,518,101,83,179
text-generation|tn|responsible_ai,518,101,83,179
text-generation|ts|responsible_ai,518,101,83,179
text-generation|tw|responsible_ai,518,101,83,179
text-generation|ur|responsible_ai,518,101,83,179
text-generation|vi|responsible_ai,521,104,83,185
text-generation|wo|responsible_ai,518,101,83,179
text-generation|xh|responsible_ai,518,101,83,179
text-generation|yo|responsible_ai,518,101,83,179
text-generation|zh|responsible_ai,745,189,207,410
text-generation|zu|responsible_ai,518,101,83,179
unk|de|noncommercial,2004,432,1069,102
sentence-similarity|en|other,56,31,37,86
unk|en|other,18615,850,16960,1967
unk|is|other,17572,682,16282,16
unk|nn|other,17564,679,16283,7
unk|no|other,17574,682,16284,18
unk|sv|other,17574,683,16284,41
text-generation|cs|copyleft,443,183,108,54
automatic-speech-recognition|be|permissive,3213,241,560,1543
summarization|am|permissive,317,68,47,4
text-to-speech|unk|permissive,1514,228,1193,625
text-classification|et|unknown,49437,902,2356,3
question-answering|zh|copyleft,32,10,7,2
translation|no|noncommercial,42,12,17,7
image-segmentation|unk|noncommercial,53,16,53,38
unk|am|unknown,67992,4964,36078,7
unk|bg|unknown,67994,4964,36080,9
unk|bs|unknown,67991,4964,36078,5
unk|ca|unknown,67993,4965,36078,8
unk|el|unknown,67998,4965,36082,17
unk|is|unknown,67993,4966,36078,15
unk|sq|unknown,67992,4965,36078,6
unk|sr|unknown,67991,4964,36078,6
unk|tk|unknown,67989,4964,36078,3
unk|ug|unknown,67989,4964,36078,3
unk|uz|unknown,67993,4965,36080,7
summarization|da|unknown,518,41,67,2
text-ranking|ko|unknown,89,46,22,1
text-ranking|ar|permissive,61,39,26,66
text-ranking|es|permissive,59,37,28,63
text-ranking|hi|permissive,54,37,25,54
text-ranking|it|permissive,58,37,25,57
text-ranking|ja|permissive,71,45,28,105
text-ranking|nl|permissive,53,36,25,51
text-ranking|pt|permissive,57,40,25,56
text-ranking|ru|permissive,62,40,27,64
text-ranking|vi|permissive,53,35,25,53
text-ranking|zh|permissive,71,42,31,98
text-classification|hr|unknown,49441,902,2357,8
tabular-regression|unk|unknown,37,0,37,36
question-answering|uk|permissive,2007,219,108,41
unk|tw|permissive,48238,4018,25149,27
text-classification|tw|permissive,10059,774,583,7
unk|be|unknown,67989,4964,36076,3
unk|br|unknown,67987,4964,36075,1
unk|cy|unknown,67990,4966,36076,8
unk|eo|unknown,67987,4964,36075,1
unk|ff|unknown,67987,4964,36075,1
unk|fy|unknown,67987,4964,36075,1
unk|ga|unknown,67989,4964,36075,3
unk|gd|unknown,67987,4964,36075,1
unk|gn|unknown,67987,4964,36075,1
unk|ha|unknown,67989,4964,36075,3
unk|ht|unknown,67987,4964,36075,1
unk|hy|unknown,67989,4965,36076,3
unk|ig|unknown,67989,4964,36075,3
unk|jv|unknown,67987,4964,36075,6
unk|kg|unknown,67987,4964,36075,1
unk|ku|unknown,67991,4964,36075,5
unk|ky|unknown,67988,4964,36075,2
unk|la|unknown,67989,4964,36075,3
unk|lg|unknown,67987,4964,36075,1
unk|ln|unknown,67987,4964,36075,1
unk|lo|unknown,67989,4964,36075,3
unk|mg|unknown,67988,4964,36075,2
unk|ms|unknown,68037,4988,36085,97
unk|om|unknown,67988,4964,36075,3
unk|qu|unknown,67987,4964,36075,1
unk|sa|unknown,67987,4964,36075,2
unk|sd|unknown,67987,4964,36075,1
unk|sk|unknown,67989,4964,36075,4
unk|so|unknown,67989,4964,36075,3
unk|ss|unknown,67987,4964,36075,1
unk|su|unknown,67987,4964,36075,1
unk|ti|unknown,67988,4964,36075,2
unk|tn|unknown,67987,4964,36075,1
unk|wo|unknown,67987,4964,36075,1
unk|yo|unknown,67994,4965,36075,8
text-classification|it|copyleft,199,39,24,12
fill-mask|ar|copyleft,100,16,52,1
image-classification|es|permissive,5006,717,3301,29
time-series-forecasting|unk|unknown,22,4,18,22
automatic-speech-recognition|bm|other,78,20,34,1
image-text-to-text|pt|unknown,7937,491,3240,42
automatic-speech-recognition|kn|other,85,23,37,20
automatic-speech-recognition|fr|other,94,25,44,69
automatic-speech-recognition|my|other,83,22,35,10
automatic-speech-recognition|es|other,94,25,44,69
automatic-speech-recognition|en|other,169,47,96,267
automatic-speech-recognition|tl|other,84,22,36,11
unk|zh|noncommercial,2021,444,1078,131
unk|de|copyleft,841,103,414,33
text-classification|it|other,137,43,42,24
translation|ba|unknown,685,29,49,8
fill-mask|es|copyleft,102,17,52,3
text-generation|es|copyleft,456,190,115,83
token-classification|mt|noncommercial,252,26,165,6
text-classification|mt|noncommercial,278,63,151,7
fill-mask|ca|copyleft,100,16,52,1
unk|vi|copyleft,822,90,414,23
fill-mask|la|copyleft,100,17,52,1
unk|ak|responsible_ai,693,78,429,1
unk|ar|responsible_ai,693,78,429,1
unk|as|responsible_ai,693,78,429,1
unk|bm|responsible_ai,693,78,429,1
unk|bn|responsible_ai,693,78,429,1
unk|ca|responsible_ai,694,79,429,5
unk|es|responsible_ai,697,80,432,8
unk|eu|responsible_ai,693,78,429,1
unk|fr|responsible_ai,696,80,431,8
unk|gu|responsible_ai,693,78,429,1
unk|hi|responsible_ai,693,78,429,1
unk|id|responsible_ai,694,79,429,5
unk|ig|responsible_ai,693,78,429,1
unk|ki|responsible_ai,693,78,429,1
unk|kn|responsible_ai,693,78,429,1
unk|lg|responsible_ai,693,78,429,1
unk|ln|responsible_ai,693,78,429,1
unk|ml|responsible_ai,693,78,429,1
unk|mr|responsible_ai,693,78,429,1
unk|ne|responsible_ai,693,78,429,1
unk|ny|responsible_ai,693,78,429,1
unk|or|responsible_ai,693,78,429,1
unk|pa|responsible_ai,693,78,429,1
unk|pt|responsible_ai,695,80,429,6
unk|rn|responsible_ai,693,78,429,1
unk|rw|responsible_ai,693,78,429,1
unk|sn|responsible_ai,693,78,429,1
unk|st|responsible_ai,693,78,429,1
unk|sw|responsible_ai,693,78,429,1
unk|ta|responsible_ai,695,78,430,3
unk|te|responsible_ai,693,78,429,1
unk|tn|responsible_ai,693,78,429,1
unk|ts|responsible_ai,693,78,429,1
unk|tw|responsible_ai,693,78,429,1
unk|ur|responsible_ai,694,79,430,2
unk|vi|responsible_ai,694,78,430,3
unk|wo|responsible_ai,693,78,429,1
unk|xh|responsible_ai,693,78,429,1
unk|yo|responsible_ai,693,78,429,1
unk|zh|responsible_ai,712,80,443,23
unk|zu|responsible_ai,693,78,429,1
fill-mask|fr|copyleft,100,16,52,1
automatic-speech-recognition|id|unknown,8194,121,514,22
zero-shot-object-detection|unk|permissive,53,15,53,79
text-generation|unk|responsible_ai,1036,307,267,789
summarization|en|copyleft,8,4,5,7
text-generation|hi|unknown,127961,15516,8679,86
table-question-answering|unk|permissive,55,14,33,7
text-generation|fr|copyleft,454,192,121,82
image-segmentation|en|unknown,154,18,102,18
text-generation|is|copyleft,426,170,107,8
video-classification|unk|noncommercial,118,18,118,985
summarization|ml|permissive,316,67,47,2
translation|af|noncommercial,93,11,16,145
translation|ak|noncommercial,94,10,15,135
translation|am|noncommercial,95,12,17,145
translation|ar|noncommercial,107,14,21,163
translation|as|noncommercial,94,11,16,138
translation|ba|noncommercial,92,10,15,133
translation|be|noncommercial,94,11,16,137
translation|bg|noncommercial,97,12,18,140
translation|bm|noncommercial,92,10,15,133
translation|bn|noncommercial,97,12,18,141
translation|bo|noncommercial,92,10,15,133
translation|bs|noncommercial,93,11,16,135
translation|ca|noncommercial,101,13,19,144
translation|cs|noncommercial,101,16,20,146
translation|cy|noncommercial,93,11,16,136
translation|da|noncommercial,98,14,19,141
translation|de|noncommercial,136,25,25,238
translation|dz|noncommercial,92,10,15,134
translation|ee|noncommercial,94,10,16,138
translation|el|noncommercial,99,13,19,142
translation|eo|noncommercial,94,11,16,136
translation|es|noncommercial,129,24,24,253
translation|et|noncommercial,98,12,18,142
translation|eu|noncommercial,93,11,16,135
translation|fi|noncommercial,98,14,19,141
translation|fj|noncommercial,93,10,15,134
translation|fo|noncommercial,93,10,15,136
translation|fr|noncommercial,138,25,25,270
translation|ga|noncommercial,96,12,18,139
translation|gd|noncommercial,94,11,16,136
translation|gl|noncommercial,94,11,16,136
translation|gn|noncommercial,93,10,15,134
translation|gu|noncommercial,94,11,16,138
translation|ha|noncommercial,97,11,16,148
translation|he|noncommercial,99,13,20,146
translation|hi|noncommercial,102,15,20,158
translation|hr|noncommercial,97,12,18,140
translation|ht|noncommercial,93,10,15,134
translation|hu|noncommercial,101,14,21,145
translation|hy|noncommercial,94,11,16,136
translation|id|noncommercial,100,13,19,144
translation|ig|noncommercial,93,10,15,134
translation|is|noncommercial,98,14,19,141
translation|it|noncommercial,124,25,23,217
translation|jv|noncommercial,94,11,16,136
translation|ka|noncommercial,93,11,16,135
translation|kg|noncommercial,92,10,15,133
translation|ki|noncommercial,93,10,15,136
translation|kk|noncommercial,94,11,16,137
translation|km|noncommercial,94,11,16,139
translation|kn|noncommercial,95,11,16,137
translation|ko|noncommercial,126,25,22,222
translation|ks|noncommercial,93,10,15,138
translation|ky|noncommercial,95,12,16,137
translation|lb|noncommercial,93,10,15,134
translation|lg|noncommercial,93,10,15,134
translation|li|noncommercial,93,10,15,134
translation|ln|noncommercial,93,10,15,142
translation|lo|noncommercial,94,11,16,136
translation|lt|noncommercial,96,12,18,139
translation|mi|noncommercial,93,10,15,135
translation|mk|noncommercial,94,11,16,136
translation|ml|noncommercial,95,11,16,138
translation|mt|noncommercial,95,11,17,137
translation|my|noncommercial,94,11,16,138
translation|nb|noncommercial,93,10,15,134
translation|nl|noncommercial,122,23,22,214
translation|nn|noncommercial,92,10,15,133
translation|ny|noncommercial,93,10,15,134
translation|oc|noncommercial,93,10,15,135
translation|pa|noncommercial,96,12,18,139
translation|pl|noncommercial,104,16,22,149
translation|pt|noncommercial,124,23,23,226
translation|rn|noncommercial,93,10,15,135
translation|ro|noncommercial,110,14,21,153
translation|ru|noncommercial,132,26,23,242
translation|rw|noncommercial,93,10,15,134
translation|sa|noncommercial,94,11,16,136
translation|sc|noncommercial,94,11,15,136
translation|sd|noncommercial,94,11,16,137
translation|sg|noncommercial,93,10,15,138
translation|si|noncommercial,98,13,17,141
translation|sk|noncommercial,97,12,18,140
translation|sl|noncommercial,99,12,18,142
translation|sm|noncommercial,93,10,15,134
translation|sn|noncommercial,93,10,15,134
translation|so|noncommercial,94,11,16,144
translation|sr|noncommercial,97,12,18,140
translation|ss|noncommercial,93,10,15,134
translation|st|noncommercial,93,10,15,134
translation|su|noncommercial,94,11,16,136
translation|sv|noncommercial,103,15,20,146
translation|ta|noncommercial,100,12,18,143
translation|te|noncommercial,97,12,18,142
translation|tg|noncommercial,93,10,15,134
translation|th|noncommercial,96,12,18,140
translation|ti|noncommercial,94,11,16,135
translation|tk|noncommercial,93,10,15,134
translation|tl|noncommercial,94,11,16,136
translation|tn|noncommercial,93,10,15,134
translation|tr|noncommercial,100,12,19,144
translation|ts|noncommercial,93,10,15,134
translation|tt|noncommercial,93,10,15,134
translation|tw|noncommercial,95,11,16,138
translation|ug|noncommercial,94,11,16,136
translation|uk|noncommercial,100,14,19,145
translation|ur|noncommercial,96,12,18,139
translation|vi|noncommercial,103,17,21,157
translation|wo|noncommercial,93,10,15,143
translation|xh|noncommercial,94,11,16,136
translation|yo|noncommercial,93,10,15,143
translation|zu|noncommercial,92,10,15,141
unk|fr|noncommercial,2006,432,1070,94
unk|lb|noncommercial,1956,419,1034,12
unk|pt|noncommercial,2002,433,1068,90
text-generation|hr|unknown,127946,15513,8675,6
automatic-speech-recognition|ar|noncommercial,282,42,28,52
question-answering|fi|copyleft,32,10,7,2
text-classification|bg|unknown,49438,902,2357,4
text-classification|el|unknown,49446,903,2357,13
text-classification|th|unknown,49443,902,2357,15
text-classification|ur|unknown,49444,902,2357,10
text-generation|ca|copyleft,427,171,107,6
fill-mask|eu|copyleft,100,16,52,1
text-generation|eu|copyleft,427,171,107,9
text-to-image|unk|permissive,2094,324,1541,5764
document-question-answering|unk|permissive,42,14,42,15
text-generation|el|copyleft,438,181,108,46
translation|bo|unknown,691,29,58,81
summarization|unk|noncommercial,18,9,8,1
sentence-similarity|pt|unknown,4385,466,131,51
text-classification|de|copyleft,209,45,26,23
sentence-similarity|pl|copyleft,17,1,5,6
text-to-image|fr|permissive,1606,263,1206,16
automatic-speech-recognition|id|noncommercial,273,36,26,29
translation|fa|permissive,5347,1601,1753,284
automatic-speech-recognition|af|permissive,3221,241,567,1580
automatic-speech-recognition|am|permissive,3213,240,557,1559
automatic-speech-recognition|az|permissive,3212,239,555,1547
automatic-speech-recognition|bo|permissive,3204,238,554,1540
automatic-speech-recognition|bs|permissive,3206,238,554,1527
automatic-speech-recognition|fo|permissive,3218,243,558,1543
automatic-speech-recognition|gv|permissive,2951,234,398,3
automatic-speech-recognition|hr|permissive,3241,252,589,1727
automatic-speech-recognition|ht|permissive,3207,238,555,1537
automatic-speech-recognition|la|permissive,3205,239,554,1525
automatic-speech-recognition|ln|permissive,3213,239,557,1568
automatic-speech-recognition|lo|permissive,3204,238,554,1534
automatic-speech-recognition|mg|permissive,3211,238,557,1531
automatic-speech-recognition|mi|permissive,3205,239,555,1530
automatic-speech-recognition|mk|permissive,3219,240,566,1571
automatic-speech-recognition|ms|permissive,3241,247,585,1654
automatic-speech-recognition|my|permissive,3210,240,556,1551
automatic-speech-recognition|oc|permissive,3204,238,554,1526
automatic-speech-recognition|ps|permissive,3210,238,554,1557
automatic-speech-recognition|rm|permissive,2951,234,398,2
automatic-speech-recognition|sa|permissive,3216,242,561,1544
automatic-speech-recognition|sd|permissive,3209,241,559,1539
automatic-speech-recognition|si|permissive,3205,239,555,1543
automatic-speech-recognition|sn|permissive,3213,238,558,1569
automatic-speech-recognition|so|permissive,3214,239,559,1543
automatic-speech-recognition|sq|permissive,3204,238,554,1536
automatic-speech-recognition|tg|permissive,3206,239,555,1534
automatic-speech-recognition|tk|permissive,3204,238,554,1531
automatic-speech-recognition|tl|permissive,3223,242,573,1572
automatic-speech-recognition|yi|permissive,3216,240,566,1562
automatic-speech-recognition|yo|permissive,3220,240,557,1599
automatic-speech-recognition|zu|permissive,2960,236,401,27
image-text-to-text|unk|copyleft,57,28,35,52
image-classification|es|unknown,5536,133,743,5
document-question-answering|en|permissive,30,12,30,15
question-answering|cs|unknown,4365,126,257,1
automatic-speech-recognition|ga|unknown,8182,121,504,3
text-to-image|unk|responsible_ai,12058,490,4451,29324
automatic-speech-recognition|ja|noncommercial,282,40,33,48
question-answering|id|other,27,7,8,1
image-classification|en|other,274,69,174,24
image-classification|es|other,258,61,161,2
feature-extraction|unk|responsible_ai,38,10,9,22
automatic-speech-recognition|sr|unknown,8181,122,504,3
object-detection|en|unknown,1607,35,678,74
text-generation|ne|permissive,18959,4967,3559,410
text-generation|lb|permissive,18904,4952,3523,95
zero-shot-classification|bn|permissive,34,17,13,8
zero-shot-classification|fa|permissive,34,17,13,8
zero-shot-classification|he|permissive,33,16,11,7
zero-shot-classification|id|permissive,34,17,13,9
zero-shot-classification|ja|permissive,35,18,13,9
zero-shot-classification|ko|permissive,36,18,13,10
zero-shot-classification|mr|permissive,34,17,13,8
zero-shot-classification|nl|permissive,34,17,12,8
zero-shot-classification|pl|permissive,35,18,14,9
zero-shot-classification|ps|permissive,34,17,13,8
zero-shot-classification|pt|permissive,35,18,13,9
zero-shot-classification|sv|permissive,38,21,14,12
zero-shot-classification|ta|permissive,34,17,13,8
zero-shot-classification|uk|permissive,34,17,13,8
automatic-speech-recognition|de|unknown,8196,122,513,18
video-classification|en|permissive,122,21,116,58
summarization|sv|permissive,319,67,47,5
unk|it|noncommercial,1998,430,1065,88
summarization|pt|permissive,326,68,47,15
summarization|pt|noncommercial,3,2,3,3
text-to-image|en|responsible_ai,12027,489,4445,1813
fill-mask|id|other,160,10,135,2
text-to-image|ja|responsible_ai,10658,397,4174,42
document-question-answering|en|noncommercial,16,7,15,7
text-to-image|unk|other,4048,345,889,9257
image-to-image|unk|responsible_ai,141,21,50,227
summarization|el|permissive,322,68,48,9
fill-mask|unk|responsible_ai,28,4,5,18
audio-classification|nb|permissive,575,100,266,1
table-to-text|en|unknown,2,1,2,2
sentence-similarity|en|noncommercial,67,31,32,54
zero-shot-image-classification|unk|permissive,672,85,100,1256
feature-extraction|ru|copyleft,77,4,66,3
translation|ar|copyleft,8,3,5,8
translation|fi|copyleft,8,3,5,8
translation|hi|copyleft,11,4,8,31
translation|tr|copyleft,7,2,4,2
translation|zh|copyleft,25,6,7,27
zero-shot-image-classification|ko|permissive,559,72,64,7
text-classification|mr|noncommercial,278,63,151,2
image-classification|unk|responsible_ai,28,2,16,22
text-to-speech|lg|permissive,353,67,253,43
text-generation|pl|copyleft,498,187,157,114
robotics|unk|permissive,16417,166,16356,23592
summarization|unk|responsible_ai,9,6,6,4
text-to-speech|is|permissive,346,67,246,34
question-answering|sw|permissive,2005,217,105,39
audio-classification|hr|noncommercial,52,26,23,1
translation|en|responsible_ai,11,3,6,15
translation|vi|responsible_ai,3,1,1,4
sentence-similarity|ro|unknown,4369,466,131,17
audio-to-audio|unk|noncommercial,107,6,107,93
text-to-speech|unk|noncommercial,1446,130,171,1324
token-classification|la|copyleft,93,18,33,6
unk|da|other,17569,682,16283,12
text-generation|de|responsible_ai,493,100,77,67
image-to-image|en|permissive,739,87,659,651
question-answering|unk|responsible_ai,28,10,10,21
text-generation|am|permissive,18915,4956,3528,183
text-generation|co|permissive,18886,4942,3523,22
text-generation|cs|permissive,19038,5010,3547,1140
text-generation|cy|permissive,18914,4959,3526,157
text-generation|eo|permissive,18894,4945,3524,55
text-generation|fy|permissive,18892,4943,3524,37
text-generation|ga|permissive,18929,4969,3527,310
text-generation|gl|permissive,18926,4966,3527,321
text-generation|gu|permissive,18960,4978,3564,330
text-generation|ha|permissive,18918,4958,3530,177
text-generation|ig|permissive,18915,4956,3530,131
text-generation|is|permissive,18939,4971,3537,272
text-generation|km|permissive,18933,4964,3543,263
text-generation|kn|permissive,18965,4978,3562,344
text-generation|ku|permissive,18902,4953,3524,110
text-generation|la|permissive,18904,4951,3525,102
text-generation|lo|permissive,18928,4964,3538,308
text-generation|mi|permissive,18896,4952,3523,115
text-generation|mt|permissive,18917,4963,3525,283
text-generation|nl|permissive,19082,5017,3563,1464
text-generation|ny|permissive,18896,4950,3524,96
text-generation|pa|permissive,18952,4972,3560,304
text-generation|ps|permissive,18900,4951,3524,86
text-generation|sd|permissive,18929,4956,3551,153
text-generation|si|permissive,18904,4946,3527,91
text-generation|sk|permissive,18943,4971,3530,407
text-generation|sm|permissive,18884,4940,3523,20
text-generation|sn|permissive,18894,4949,3524,97
text-generation|so|permissive,18909,4953,3527,115
text-generation|sq|permissive,18913,4950,3532,122
text-generation|st|permissive,18885,4940,3523,55
text-generation|xh|permissive,18906,4951,3526,121
text-generation|yi|permissive,18911,4957,3527,151
text-generation|zu|permissive,18909,4953,3526,140
text-classification|de|other,139,46,40,26
multiple-choice|unk|noncommercial,21,0,7,7
multiple-choice|en|noncommercial,15,0,6,8
text-classification|fr|other,139,46,41,28
unk|cs|copyleft,821,91,413,18
unk|es|copyleft,834,93,415,32
unk|fr|copyleft,827,91,414,27
unk|ru|copyleft,832,94,415,31
unk|zh|copyleft,848,99,424,62
object-detection|unk|responsible_ai,17,2,15,16
table-question-answering|en|unknown,48,2,37,11
text-generation|fi|unknown,127955,15518,8679,38
voice-activity-detection|unk|responsible_ai,1,0,1,1
text-to-image|ja|other,1722,171,446,24
text-to-image|en|other,4043,345,889,27395
automatic-speech-recognition|zh|unknown,8203,127,517,32
text-to-image|zh|responsible_ai,10635,394,4169,19
text-to-speech|de|permissive,521,106,374,519
token-classification|tr|copyleft,99,17,38,12
translation|ff|permissive,5311,1587,1736,122
translation|kk|permissive,5334,1601,1749,250
translation|ne|permissive,5342,1598,1748,234
translation|sd|permissive,5329,1592,1744,198
translation|uz|permissive,5322,1593,1737,172
token-classification|unk|responsible_ai,27,8,13,17
image-to-text|ko|permissive,298,90,215,69
question-answering|unk|noncommercial,36,21,12,29
feature-extraction|en|responsible_ai,38,10,9,25
question-answering|unk|other,44,17,14,38
unk|vi|noncommercial,1976,429,1046,37
text-classification|zh|noncommercial,285,69,150,26
fill-mask|fo|permissive,1963,220,212,4
text-to-image|zh|other,1723,171,448,41
zero-shot-classification|ja|copyleft,4,0,2,4
automatic-speech-recognition|fi|responsible_ai,6,0,1,3
unk|zh|other,17727,703,16368,379
text-to-image|ko|responsible_ai,10626,394,4168,5
token-classification|unk|no_derivatives,2,1,2,1
text-classification|af|copyleft,195,37,22,6
text-classification|am|copyleft,194,37,22,5
text-classification|ar|copyleft,199,39,24,10
text-classification|as|copyleft,194,37,22,5
text-classification|az|copyleft,193,37,21,4
text-classification|be|copyleft,194,37,22,5
text-classification|bg|copyleft,195,38,23,6
text-classification|bn|copyleft,194,37,22,6
text-classification|br|copyleft,193,37,21,4
text-classification|bs|copyleft,194,37,22,5
text-classification|ca|copyleft,194,37,22,5
text-classification|cs|copyleft,200,40,24,12
text-classification|cy|copyleft,194,37,22,5
text-classification|da|copyleft,199,39,25,11
text-classification|eo|copyleft,194,37,22,5
text-classification|es|copyleft,202,42,24,14
text-classification|et|copyleft,194,38,22,5
text-classification|eu|copyleft,194,37,22,5
text-classification|fa|copyleft,194,37,22,5
text-classification|fi|copyleft,197,40,24,8
text-classification|fr|copyleft,201,42,25,12
text-classification|fy|copyleft,193,37,21,4
text-classification|ga|copyleft,195,38,23,6
text-classification|gd|copyleft,194,37,22,5
text-classification|gl|copyleft,194,37,22,5
text-classification|gu|copyleft,194,37,22,5
text-classification|ha|copyleft,194,37,22,5
text-classification|he|copyleft,195,38,22,7
text-classification|hi|copyleft,196,38,22,8
text-classification|hu|copyleft,198,39,24,9
text-classification|hy|copyleft,194,37,22,5
text-classification|id|copyleft,196,39,22,7
text-classification|jv|copyleft,194,37,22,5
text-classification|ka|copyleft,194,37,22,5
text-classification|kk|copyleft,194,37,22,5
text-classification|km|copyleft,194,37,22,5
text-classification|kn|copyleft,194,37,22,5
text-classification|ko|copyleft,199,37,22,15
text-classification|ku|copyleft,193,37,21,4
text-classification|ky|copyleft,194,37,22,5
text-classification|la|copyleft,194,37,22,5
text-classification|lo|copyleft,194,37,22,5
text-classification|lt|copyleft,195,38,23,6
text-classification|lv|copyleft,194,38,22,5
text-classification|mg|copyleft,193,37,21,4
text-classification|mk|copyleft,194,37,22,5
text-classification|ml|copyleft,194,37,22,6
text-classification|mn|copyleft,193,37,21,4
text-classification|mr|copyleft,194,37,22,6
text-classification|ms|copyleft,193,37,21,4
text-classification|my|copyleft,194,37,22,5
text-classification|ne|copyleft,193,37,21,4
text-classification|nl|copyleft,211,42,24,24
text-classification|no|copyleft,196,39,23,8
text-classification|om|copyleft,193,37,21,4
text-classification|or|copyleft,193,37,21,4
text-classification|pa|copyleft,194,37,22,5
text-classification|ps|copyleft,193,37,21,4
text-classification|pt|copyleft,197,39,24,8
text-classification|ro|copyleft,196,39,24,7
text-classification|ru|copyleft,198,40,23,9
text-classification|sa|copyleft,194,37,22,5
text-classification|sd|copyleft,194,37,22,5
text-classification|si|copyleft,202,37,22,13
text-classification|sk|copyleft,195,38,23,6
text-classification|so|copyleft,195,38,22,7
text-classification|sq|copyleft,193,37,21,4
text-classification|sr|copyleft,196,39,22,22
text-classification|su|copyleft,194,37,22,5
text-classification|sv|copyleft,201,39,24,13
text-classification|sw|copyleft,193,37,21,5
text-classification|ta|copyleft,194,37,22,6
text-classification|te|copyleft,194,37,22,6
text-classification|th|copyleft,194,37,22,5
text-classification|tl|copyleft,193,37,21,5
text-classification|tr|copyleft,197,40,24,9
text-classification|ug|copyleft,194,37,22,5
text-classification|uk|copyleft,196,38,23,7
text-classification|ur|copyleft,194,37,22,6
text-classification|uz|copyleft,193,37,21,4
text-classification|vi|copyleft,196,39,22,36
text-classification|xh|copyleft,195,37,22,6
text-classification|yi|copyleft,193,37,21,4
text-classification|zh|copyleft,198,40,23,9
unk|rw|unknown,67989,4964,36076,4
summarization|uk|permissive,318,68,48,4
zero-shot-image-classification|en|responsible_ai,2,1,2,1
zero-shot-image-classification|zh|responsible_ai,3,1,3,2
fill-mask|hi|copyleft,100,16,52,1
token-classification|it|responsible_ai,13,4,11,3
question-answering|vi|unknown,4371,131,258,15
text-to-image|en|noncommercial,165,67,105,110
token-classification|gl|copyleft,91,18,28,4
text-to-speech|vi|permissive,412,81,300,198
feature-extraction|id|copyleft,76,5,67,2
video-classification|unk|permissive,124,22,118,168
image-text-to-text|en|unknown,8170,549,3359,972
image-text-to-text|zh|unknown,7949,498,3249,85
summarization|ja|permissive,317,69,47,4
unconditional-image-generation|en|permissive,650,6,649,17
zero-shot-classification|da|permissive,37,20,14,7
zero-shot-classification|nb|permissive,34,19,12,4
fill-mask|mt|permissive,1969,227,216,406
question-answering|af|permissive,2000,213,107,11
question-answering|am|permissive,1998,211,105,6
question-answering|ar|permissive,2021,229,112,67
question-answering|as|permissive,1998,211,105,5
question-answering|az|permissive,2001,214,107,12
question-answering|be|permissive,2000,213,107,11
question-answering|br|permissive,1998,211,105,7
question-answering|bs|permissive,2005,218,107,36
question-answering|cs|permissive,2005,218,107,38
question-answering|cy|permissive,1998,211,105,8
question-answering|el|permissive,2000,213,107,14
question-answering|eo|permissive,2003,216,105,32
question-answering|et|permissive,1998,211,105,8
question-answering|eu|permissive,1998,211,105,8
question-answering|fi|permissive,2000,213,107,11
question-answering|fr|permissive,2047,231,109,104
question-answering|fy|permissive,1998,211,105,6
question-answering|ga|permissive,1999,212,106,10
question-answering|gd|permissive,2003,216,105,32
question-answering|gl|permissive,2003,216,105,34
question-answering|gu|permissive,2000,212,105,10
question-answering|ha|permissive,2003,216,105,32
question-answering|he|permissive,2006,216,105,36
question-answering|hi|permissive,2013,224,110,55
question-answering|hr|permissive,2003,216,105,33
question-answering|hu|permissive,2001,213,107,12
question-answering|hy|permissive,2000,213,107,11
question-answering|is|permissive,2000,213,107,11
question-answering|it|permissive,2013,220,109,47
question-answering|ja|permissive,2011,219,111,46
question-answering|jv|permissive,1998,211,105,8
question-answering|ka|permissive,2000,213,107,11
question-answering|kk|permissive,2005,218,108,37
question-answering|km|permissive,1999,212,106,9
question-answering|kn|permissive,2000,212,106,10
question-answering|ko|permissive,2014,225,109,58
question-answering|ku|permissive,2005,218,107,35
question-answering|ky|permissive,2000,213,107,11
question-answering|la|permissive,2005,218,107,37
question-answering|lo|permissive,2003,216,105,32
question-answering|lt|permissive,1998,211,105,8
question-answering|lv|permissive,1998,211,105,8
question-answering|mg|permissive,2003,216,105,34
question-answering|mk|permissive,1998,211,105,8
question-answering|ml|permissive,1999,211,105,9
question-answering|mn|permissive,2005,218,107,37
question-answering|mr|permissive,1999,211,105,9
question-answering|ms|permissive,2000,212,106,12
question-answering|my|permissive,1999,211,106,9
question-answering|ne|permissive,2001,214,108,13
question-answering|nl|permissive,2002,215,107,14
question-answering|no|permissive,2001,214,106,13
question-answering|om|permissive,1998,211,105,5
question-answering|or|permissive,1999,211,105,6
question-answering|pa|permissive,1999,211,105,9
question-answering|pl|permissive,2004,216,108,17
question-answering|ps|permissive,1999,211,105,7
question-answering|ro|permissive,2004,214,111,18
question-answering|sa|permissive,2004,216,105,32
question-answering|sd|permissive,1998,211,105,6
question-answering|si|permissive,2000,212,106,9
question-answering|sk|permissive,2007,220,107,40
question-answering|sl|permissive,2001,214,107,12
question-answering|so|permissive,1998,211,105,6
question-answering|sq|permissive,2004,216,106,35
question-answering|sr|permissive,2004,217,106,36
question-answering|su|permissive,1998,211,105,8
question-answering|ta|permissive,2001,213,106,15
question-answering|te|permissive,2002,214,107,17
question-answering|tl|permissive,1998,211,105,7
question-answering|ug|permissive,1999,212,106,7
question-answering|ur|permissive,2001,214,106,13
question-answering|uz|permissive,2001,214,107,29
question-answering|xh|permissive,1998,211,105,6
question-answering|yi|permissive,1998,211,105,6
image-to-image|unk|other,109,34,61,159
automatic-speech-recognition|el|responsible_ai,5,0,1,2
unk|ca|copyleft,821,90,414,18
visual-question-answering|en|permissive,238,86,185,258
image-text-to-text|de|permissive,2244,557,1399,665
automatic-speech-recognition|ps|unknown,8181,121,504,7
text-to-image|unk|copyleft,161,18,132,203
automatic-speech-recognition|id|other,85,23,36,29
automatic-speech-recognition|se|permissive,2952,234,398,9
text-classification|dz|unknown,49435,900,2355,1
text-to-speech|ko|other,82,22,82,117
automatic-speech-recognition|fy|permissive,2955,234,398,5
automatic-speech-recognition|ar|unknown,8200,123,514,27
text-to-audio|unk|responsible_ai,18,1,4,9
token-classification|an|permissive,2330,280,268,3
token-classification|ba|permissive,2331,280,269,6
token-classification|ce|permissive,2330,280,268,5
token-classification|cv|permissive,2331,280,268,4
token-classification|ht|permissive,2330,280,268,5
token-classification|io|permissive,2330,280,268,3
token-classification|oc|permissive,2330,280,268,5
token-classification|tg|permissive,2352,283,290,28
token-classification|tt|permissive,2336,280,269,11
token-classification|vo|permissive,2330,280,268,3
token-classification|yo|permissive,2355,285,291,34
object-detection|unk|copyleft,397,28,394,508
automatic-speech-recognition|fy|unknown,8197,122,504,18
fill-mask|vi|copyleft,101,18,52,4
text-generation|da|other,3522,1235,779,147
text-generation|is|other,3512,1230,771,93
text-generation|no|other,3509,1228,770,66
text-generation|sv|other,3522,1235,779,216
zero-shot-classification|sv|unknown,23,5,8,1
automatic-speech-recognition|pl|unknown,8189,121,512,13
token-classification|bm|permissive,2330,280,268,1
token-classification|ee|permissive,2330,280,268,2
token-classification|ig|permissive,2353,283,291,26
token-classification|lg|permissive,2330,280,268,5
token-classification|ny|permissive,2330,280,268,3
token-classification|rw|permissive,2330,280,268,2
token-classification|sn|permissive,2330,280,268,2
token-classification|tn|permissive,2333,281,269,4
token-classification|tw|permissive,2330,280,268,2
token-classification|zu|permissive,2353,284,291,28
text-to-speech|unk|responsible_ai,45,8,44,10
text-to-audio|en|responsible_ai,18,1,4,10
unk|pl|noncommercial,1978,428,1051,58
audio-to-audio|en|copyleft,28,2,28,2
audio-to-audio|ja|copyleft,27,2,27,1
audio-to-audio|zh|copyleft,27,2,27,1
audio-to-audio|ja|permissive,221,31,215,15
audio-to-audio|zh|permissive,232,34,225,30
text-classification|av|permissive,10056,774,584,3
text-classification|ay|permissive,10056,774,584,3
text-classification|bo|permissive,10058,775,584,7
text-classification|co|permissive,10057,775,584,4
text-classification|dv|permissive,10056,774,584,5
text-classification|fo|permissive,10056,774,584,3
text-classification|gn|permissive,10057,775,584,5
text-classification|gv|permissive,10056,774,584,3
text-classification|ia|permissive,10057,774,584,4
text-classification|ie|permissive,10056,774,584,3
text-classification|ig|permissive,10063,777,585,18
text-classification|kv|permissive,10056,774,584,3
text-classification|lb|permissive,10058,775,584,7
text-classification|lg|permissive,10057,775,584,5
text-classification|li|permissive,10057,775,584,4
text-classification|ln|permissive,10057,775,584,6
text-classification|mi|permissive,10058,775,584,6
text-classification|mt|permissive,10070,777,585,21
text-classification|nv|permissive,10056,774,584,3
text-classification|os|permissive,10056,774,584,3
text-classification|qu|permissive,10059,775,585,7
text-classification|rm|permissive,10059,776,584,8
text-classification|rw|permissive,10059,774,584,11
text-classification|sc|permissive,10057,775,584,4
text-classification|sn|permissive,10059,775,585,13
text-classification|tk|permissive,10056,774,584,4
text-classification|tn|permissive,10059,775,584,6
text-classification|to|permissive,10056,774,584,3
text-classification|wa|permissive,10056,774,584,3
text-classification|wo|permissive,10057,775,584,5
automatic-speech-recognition|el|unknown,8189,121,512,10
unk|bg|copyleft,818,91,413,15
unk|mk|copyleft,817,90,413,14
unk|mt|copyleft,814,91,413,11
unk|tr|copyleft,818,90,413,15
unk|bs|copyleft,817,90,413,14
unk|hr|copyleft,819,92,413,17
unk|sr|copyleft,821,92,415,19
text-generation|hu|noncommercial,2030,981,188,115
unk|sq|copyleft,817,90,413,14
unk|is|copyleft,839,90,413,36
text-generation|la|copyleft,431,172,109,10
text-to-image|my|noncommercial,122,59,90,1
token-classification|ko|noncommercial,252,27,164,5
automatic-speech-recognition|ja|other,109,30,57,105
feature-extraction|en|other,201,86,154,99
text-to-speech|fa|unknown,129,20,97,16
fill-mask|kg|permissive,1965,221,211,6
fill-mask|lg|permissive,1968,222,211,9
fill-mask|ln|permissive,1968,223,211,9
fill-mask|ss|permissive,1968,222,211,9
fill-mask|de|other,165,13,138,11
fill-mask|fr|other,165,13,138,11
fill-mask|it|other,165,13,138,11
automatic-speech-recognition|pt|unknown,8192,121,512,18
fill-mask|bg|other,160,10,136,3
fill-mask|cs|other,160,10,136,3
fill-mask|da|other,160,10,136,3
fill-mask|el|other,160,10,136,3
fill-mask|en|other,207,13,170,54
fill-mask|es|other,164,13,138,10
fill-mask|et|other,160,10,136,3
fill-mask|fi|other,160,10,136,3
fill-mask|ga|other,160,10,136,3
fill-mask|hr|other,161,10,136,4
fill-mask|hu|other,160,10,136,3
fill-mask|lt|other,160,10,136,3
fill-mask|lv|other,160,10,136,3
fill-mask|mt|other,160,10,136,3
fill-mask|nl|other,162,12,138,8
fill-mask|pl|other,164,12,140,10
fill-mask|pt|other,167,14,139,13
fill-mask|ro|other,160,10,136,3
fill-mask|sk|other,160,10,136,3
fill-mask|sl|other,160,10,136,3
fill-mask|sv|other,160,10,136,3
text-to-image|es|responsible_ai,10625,394,4168,3
image-text-to-text|en|permissive,4654,1062,2358,15122
other|unk|responsible_ai,3,1,2,2
image-text-to-text|en|other,698,240,371,1092
image-feature-extraction|unk|noncommercial,163,34,134,119
image-classification|unk|noncommercial,250,55,221,254
unk|ru|noncommercial,1987,431,1056,74
graph-ml|unk|permissive,62,5,61,38
summarization|hu|unknown,518,41,67,2
image-to-text|ru|permissive,293,92,207,71
fill-mask|aa|unknown,6421,328,751,3
fill-mask|ak|unknown,6421,328,751,3
fill-mask|bm|unknown,6421,328,751,4
fill-mask|ff|unknown,6421,328,751,3
fill-mask|ig|unknown,6422,328,751,4
fill-mask|ki|unknown,6421,328,751,3
fill-mask|lg|unknown,6421,328,751,3
fill-mask|ln|unknown,6421,328,751,3
fill-mask|nr|unknown,6421,328,751,3
fill-mask|rn|unknown,6421,328,751,3
fill-mask|sn|unknown,6421,328,751,3
fill-mask|ve|unknown,6421,328,751,3
fill-mask|yo|unknown,6423,328,751,5
text-generation|hu|unknown,127950,15515,8678,8
image-segmentation|en|permissive,1035,113,922,120
automatic-speech-recognition|hu|unknown,8190,121,512,18
text-to-speech|rw|other,44,13,44,16
automatic-speech-recognition|rw|other,77,20,34,3
unk|bh|permissive,48218,4016,25147,4
text-generation|sr|copyleft,429,173,107,13
text-to-speech|fa|responsible_ai,8,2,8,4
text-to-image|ja|unknown,7777,285,7548,3
text-to-image|en|copyleft,160,18,131,43
table-question-answering|ko|unknown,38,2,38,1
text-generation|ab|permissive,18873,4934,3523,2
text-generation|ru|responsible_ai,483,93,78,15
question-answering|aa|unknown,4365,126,257,1
other|unk|permissive,211,13,197,138
automatic-speech-recognition|ko|unknown,8257,124,516,88
fill-mask|ja|other,167,12,142,12
fill-mask|ko|other,165,10,140,7
fill-mask|zh|other,171,12,142,16
image-to-text|ru|unknown,118,30,92,5
audio-to-audio|en|responsible_ai,2,0,2,2
text-to-image|ru|copyleft,133,13,125,2
visual-question-answering|en|copyleft,3,0,2,3
sentence-similarity|id|unknown,4375,465,131,38
text-classification|az|responsible_ai,84,8,18,2
image-to-text|en|responsible_ai,12,4,11,2
text-classification|ta|unknown,49446,903,2358,15
text-classification|af|responsible_ai,83,8,18,1
text-classification|am|responsible_ai,92,17,22,17
text-classification|ar|responsible_ai,92,17,22,18
text-classification|as|responsible_ai,83,8,18,2
text-classification|be|responsible_ai,83,8,18,1
text-classification|bg|responsible_ai,83,8,18,1
text-classification|bn|responsible_ai,83,8,18,2
text-classification|br|responsible_ai,83,8,18,1
text-classification|bs|responsible_ai,83,8,18,1
text-classification|ca|responsible_ai,83,8,18,2
text-classification|cs|responsible_ai,83,8,18,1
text-classification|cy|responsible_ai,83,8,18,1
text-classification|da|responsible_ai,83,8,18,1
text-classification|de|responsible_ai,94,18,24,24
text-classification|el|responsible_ai,83,8,18,1
text-classification|eo|responsible_ai,83,8,18,1
text-classification|es|responsible_ai,93,18,22,19
text-classification|et|responsible_ai,83,8,18,1
text-classification|eu|responsible_ai,83,8,18,2
text-classification|fa|responsible_ai,84,9,18,2
text-classification|fi|responsible_ai,83,8,18,1
text-classification|fy|responsible_ai,83,8,18,1
text-classification|ga|responsible_ai,83,8,18,1
text-classification|gd|responsible_ai,83,8,18,1
text-classification|gl|responsible_ai,83,8,18,1
text-classification|gu|responsible_ai,83,8,18,2
text-classification|ha|responsible_ai,83,8,18,1
text-classification|he|responsible_ai,91,16,22,15
text-classification|hi|responsible_ai,92,17,22,18
text-classification|hr|responsible_ai,83,8,18,1
text-classification|hu|responsible_ai,83,8,18,1
text-classification|hy|responsible_ai,83,8,18,1
text-classification|id|responsible_ai,83,8,18,2
text-classification|is|responsible_ai,83,8,18,1
text-classification|ja|responsible_ai,91,16,22,15
text-classification|jv|responsible_ai,83,8,18,1
text-classification|ka|responsible_ai,83,8,18,1
text-classification|kk|responsible_ai,83,8,18,1
text-classification|km|responsible_ai,83,8,18,1
text-classification|kn|responsible_ai,83,8,18,2
text-classification|ko|responsible_ai,83,8,18,1
text-classification|ku|responsible_ai,83,8,18,1
text-classification|ky|responsible_ai,83,8,18,1
text-classification|la|responsible_ai,83,8,18,1
text-classification|lo|responsible_ai,83,8,18,1
text-classification|lt|responsible_ai,85,10,19,3
text-classification|lv|responsible_ai,83,8,18,1
text-classification|mg|responsible_ai,83,8,18,1
text-classification|mk|responsible_ai,83,8,18,1
text-classification|ml|responsible_ai,83,8,18,2
text-classification|mn|responsible_ai,83,8,18,1
text-classification|mr|responsible_ai,83,8,18,2
text-classification|ms|responsible_ai,83,8,18,1
text-classification|my|responsible_ai,83,8,18,1
text-classification|ne|responsible_ai,83,8,18,2
text-classification|nl|responsible_ai,83,8,18,1
text-classification|no|responsible_ai,83,8,18,1
text-classification|om|responsible_ai,83,8,18,1
text-classification|or|responsible_ai,83,8,18,2
text-classification|pa|responsible_ai,83,8,18,2
text-classification|pl|responsible_ai,83,8,18,1
text-classification|ps|responsible_ai,83,8,18,1
text-classification|ro|responsible_ai,83,8,18,1
text-classification|sa|responsible_ai,83,8,18,1
text-classification|sd|responsible_ai,83,8,18,1
text-classification|si|responsible_ai,83,8,18,1
text-classification|sk|responsible_ai,83,8,18,1
text-classification|sl|responsible_ai,83,8,18,1
text-classification|so|responsible_ai,83,8,18,1
text-classification|sq|responsible_ai,83,8,18,1
text-classification|sr|responsible_ai,83,8,18,1
text-classification|su|responsible_ai,83,8,18,1
text-classification|sv|responsible_ai,83,8,18,1
text-classification|sw|responsible_ai,83,8,18,2
text-classification|ta|responsible_ai,83,8,18,2
text-classification|te|responsible_ai,83,8,18,2
text-classification|th|responsible_ai,83,8,18,1
text-classification|tl|responsible_ai,83,8,18,1
text-classification|tr|responsible_ai,83,8,18,1
text-classification|ug|responsible_ai,83,8,18,1
text-classification|uk|responsible_ai,94,19,22,25
text-classification|ur|responsible_ai,83,8,18,2
text-classification|uz|responsible_ai,83,8,18,1
text-classification|vi|responsible_ai,96,21,28,3
text-classification|xh|responsible_ai,83,8,18,2
text-classification|yi|responsible_ai,83,8,18,1
summarization|is|unknown,517,41,67,1
zero-shot-image-classification|en|noncommercial,121,25,14,12
multiple-choice|en|unknown,610,16,60,1
multiple-choice|ja|permissive,170,59,36,7
question-answering|fi|unknown,4365,126,257,1
translation|et|copyleft,7,3,5,7
translation|ro|copyleft,7,3,5,7
summarization|az|responsible_ai,4,3,2,1
sentence-similarity|bn|unknown,4371,465,131,18
text-classification|fa|unknown,49445,904,2359,16
text-to-speech|rw|unknown,127,20,95,12
text-classification|nb|unknown,49439,901,2355,12
text-classification|nn|unknown,49435,900,2355,1
text-classification|no|unknown,49441,904,2358,14
text-to-video|unk|responsible_ai,418,13,404,784
text-to-image|sd|other,1711,167,440,1
automatic-speech-recognition|ur|unknown,8186,122,506,9
image-segmentation|en|responsible_ai,9,2,5,5
text-ranking|en|noncommercial,17,10,9,21
text-ranking|unk|noncommercial,17,10,9,40
translation|az|noncommercial,40,10,13,4
translation|br|noncommercial,38,10,13,2
translation|fa|noncommercial,46,11,15,12
translation|fy|noncommercial,38,10,13,2
translation|ku|noncommercial,38,10,13,2
translation|la|noncommercial,38,10,13,3
translation|lv|noncommercial,44,11,15,9
translation|mg|noncommercial,39,10,13,3
translation|mn|noncommercial,42,10,13,9
translation|mr|noncommercial,40,10,13,6
translation|ms|noncommercial,42,11,15,7
translation|ne|noncommercial,44,13,16,10
translation|om|noncommercial,40,11,14,4
translation|or|noncommercial,39,10,13,3
translation|ps|noncommercial,39,10,13,3
translation|sq|noncommercial,41,11,15,6
translation|sw|noncommercial,42,10,13,18
translation|uz|noncommercial,40,10,13,9
translation|yi|noncommercial,40,10,13,7
image-classification|en|responsible_ai,25,2,13,4
translation|ku|permissive,5319,1587,1737,138
translation|ky|permissive,5314,1591,1735,146
translation|la|permissive,5319,1589,1736,140
translation|sa|permissive,5331,1594,1746,189
translation|ug|permissive,5326,1596,1748,221
question-answering|bn|unknown,4365,126,257,1
image-to-text|zh|unknown,118,30,91,7
feature-extraction|unk|other,223,96,164,193
multiple-choice|en|permissive,172,65,36,20
reinforcement-learning|unk|permissive,1077,116,370,1084
unk|bo|unknown,67996,4964,36075,10
image-to-text|zh|permissive,446,135,352,278
question-answering|unk|no_derivatives,1,0,1,1
sentence-similarity|en|responsible_ai,4,2,4,2
sentence-similarity|ja|responsible_ai,3,2,3,1
text-to-image|unk|noncommercial,168,67,108,670
text-generation|eu|other,3484,1223,754,49
text-generation|ka|unknown,127946,15512,8675,3
sentence-similarity|en|copyleft,32,14,15,24
question-answering|en|copyleft,40,17,12,14
question-answering|ms|unknown,4368,127,257,7
text-classification|tr|noncommercial,284,65,151,18
text-to-image|zh|copyleft,134,12,123,3
zero-shot-image-classification|en|unknown,357,10,21,7
sentence-similarity|ml|unknown,4369,465,131,13
sentence-similarity|hu|unknown,4369,465,131,16
unk|ce|unknown,67987,4964,36075,1
unk|ch|unknown,67988,4964,36076,2
unk|cr|unknown,67988,4964,36075,2
unk|li|unknown,67987,4964,36075,1
token-classification|tr|noncommercial,253,25,165,6
text-generation|pl|other,3541,1238,774,333
image-to-text|de|permissive,302,95,217,91
image-to-text|fr|permissive,311,97,226,105
image-to-text|ro|permissive,275,86,192,6
image-segmentation|en|copyleft,65,8,61,29
text-classification|hu|noncommercial,284,63,153,8
image-text-to-text|zh|permissive,2530,635,1586,3911
unk|nb|permissive,48257,4031,25159,48
image-to-text|unk|noncommercial,43,13,42,16
unk|ro|noncommercial,2006,433,1073,141
summarization|af|permissive,316,68,47,2
summarization|az|permissive,315,67,47,1
summarization|be|permissive,315,67,47,1
summarization|bg|permissive,316,67,47,2
summarization|bn|permissive,317,69,47,5
summarization|ca|permissive,315,67,47,1
summarization|co|permissive,315,67,47,1
summarization|cs|permissive,316,67,47,2
summarization|cy|permissive,315,67,47,1
summarization|da|permissive,322,69,47,8
summarization|eo|permissive,315,67,47,1
summarization|et|permissive,317,67,48,3
summarization|eu|permissive,315,67,47,1
summarization|fi|permissive,316,67,47,2
summarization|fy|permissive,315,67,47,1
summarization|ga|permissive,315,67,47,1
summarization|gd|permissive,315,67,47,1
summarization|gl|permissive,315,67,47,1
summarization|gu|permissive,315,67,47,1
summarization|ha|permissive,315,67,47,1
summarization|hi|permissive,318,70,48,4
summarization|ht|permissive,315,67,47,1
summarization|hy|permissive,315,67,47,1
summarization|ig|permissive,315,67,47,1
summarization|is|permissive,315,67,47,1
summarization|jv|permissive,315,67,47,1
summarization|ka|permissive,315,67,47,1
summarization|kk|permissive,315,67,47,1
summarization|km|permissive,317,67,47,7
summarization|kn|permissive,315,67,47,2
summarization|ku|permissive,315,67,47,1
summarization|ky|permissive,315,67,47,1
summarization|la|permissive,315,67,47,1
summarization|lb|permissive,315,67,47,1
summarization|lo|permissive,315,67,47,1
summarization|lv|permissive,316,67,47,2
summarization|mg|permissive,315,67,47,1
summarization|mi|permissive,315,67,47,1
summarization|mk|permissive,315,67,47,1
summarization|mn|permissive,319,67,47,5
summarization|mr|permissive,315,67,47,1
summarization|ms|permissive,315,67,47,1
summarization|mt|permissive,315,67,47,1
summarization|my|permissive,315,67,47,1
summarization|ne|permissive,318,68,48,9
summarization|nl|permissive,317,67,47,3
summarization|no|permissive,315,67,47,1
summarization|ny|permissive,315,67,47,1
summarization|pa|permissive,315,67,47,1
summarization|pl|permissive,318,67,47,4
summarization|ps|permissive,315,67,47,1
summarization|ro|permissive,318,70,48,23
summarization|sd|permissive,315,67,47,1
summarization|si|permissive,316,68,47,2
summarization|sk|permissive,316,67,47,2
summarization|sl|permissive,315,67,47,1
summarization|sm|permissive,315,67,47,1
summarization|sn|permissive,315,67,47,1
summarization|so|permissive,316,67,47,2
summarization|sq|permissive,315,67,47,1
summarization|sr|permissive,315,67,47,1
summarization|st|permissive,315,67,47,1
summarization|su|permissive,315,67,47,1
summarization|sw|permissive,315,67,47,1
summarization|ta|permissive,315,67,47,1
summarization|te|permissive,315,67,47,1
summarization|tg|permissive,315,67,47,1
summarization|th|permissive,317,68,47,4
summarization|uz|permissive,315,67,47,1
summarization|xh|permissive,315,67,47,1
summarization|yi|permissive,315,67,47,1
summarization|yo|permissive,315,67,47,1
summarization|zh|permissive,323,72,48,17
summarization|zu|permissive,315,67,47,1
automatic-speech-recognition|et|copyleft,37,9,13,8
visual-question-answering|de|permissive,134,36,119,24
visual-question-answering|fr|permissive,136,38,121,27
visual-question-answering|ro|permissive,134,36,119,22
text-to-speech|ru|noncommercial,1277,82,64,64
audio-classification|en|unknown,937,37,170,19
translation|unk|copyleft,61,16,18,5
question-answering|co|permissive,2003,216,105,27
question-answering|ht|permissive,1998,211,105,3
question-answering|ig|permissive,2003,216,105,27
question-answering|lb|permissive,2005,218,107,30
question-answering|mi|permissive,1998,211,105,1
question-answering|mt|permissive,2003,216,105,27
question-answering|ny|permissive,1998,211,105,1
question-answering|sm|permissive,1998,211,105,1
question-answering|sn|permissive,1998,211,105,1
question-answering|st|permissive,1998,211,105,1
question-answering|tg|permissive,1998,211,105,3
question-answering|yo|permissive,1998,211,105,3
question-answering|zu|permissive,1999,212,106,3
text-classification|fr|noncommercial,287,69,151,34
text-generation|es|noncommercial,2187,1014,202,655
automatic-speech-recognition|da|unknown,8190,121,512,12
feature-extraction|en|copyleft,89,11,76,17
feature-extraction|ko|copyleft,75,4,66,2
image-text-to-text|unk|responsible_ai,31,9,9,95
feature-extraction|af|copyleft,75,4,66,1
feature-extraction|sq|copyleft,75,4,66,1
feature-extraction|am|copyleft,75,4,66,1
feature-extraction|ar|copyleft,76,5,66,4
text-to-speech|ja|responsible_ai,16,1,16,60
feature-extraction|an|copyleft,75,4,66,1
feature-extraction|hy|copyleft,75,4,66,1
sentence-similarity|ba|permissive,988,164,89,17
fill-mask|rm|noncommercial,85,26,28,2
feature-extraction|as|copyleft,75,4,66,1
feature-extraction|az|copyleft,75,4,66,1
feature-extraction|ba|copyleft,75,4,66,1
feature-extraction|eu|copyleft,75,4,66,1
feature-extraction|be|copyleft,75,4,66,1
feature-extraction|bn|copyleft,75,4,66,1
feature-extraction|bh|copyleft,75,4,66,1
feature-extraction|bs|copyleft,75,4,66,1
feature-extraction|br|copyleft,75,4,66,1
feature-extraction|bg|copyleft,75,4,66,1
feature-extraction|my|copyleft,75,4,66,1
feature-extraction|ca|copyleft,75,4,66,1
feature-extraction|ce|copyleft,75,4,66,1
feature-extraction|zh|copyleft,77,5,68,3
feature-extraction|cv|copyleft,75,4,66,1
feature-extraction|co|copyleft,75,4,66,1
feature-extraction|hr|copyleft,75,4,66,1
feature-extraction|cs|copyleft,75,4,66,1
feature-extraction|da|copyleft,76,5,66,2
feature-extraction|dv|copyleft,75,4,66,1
feature-extraction|nl|copyleft,79,8,66,7
feature-extraction|pa|copyleft,75,4,66,1
feature-extraction|eo|copyleft,75,4,66,1
feature-extraction|et|copyleft,75,4,66,1
feature-extraction|fi|copyleft,75,4,66,1
feature-extraction|fr|copyleft,76,6,67,2
feature-extraction|gl|copyleft,75,4,66,1
feature-extraction|ka|copyleft,75,4,66,1
feature-extraction|de|copyleft,75,4,66,1
feature-extraction|el|copyleft,75,4,66,1
feature-extraction|gu|copyleft,75,4,66,1
feature-extraction|ht|copyleft,75,4,66,1
feature-extraction|he|copyleft,75,4,66,1
feature-extraction|hi|copyleft,75,4,66,1
feature-extraction|hu|copyleft,75,5,66,1
feature-extraction|is|copyleft,75,4,66,1
feature-extraction|io|copyleft,75,4,66,1
feature-extraction|ia|copyleft,75,4,66,1
feature-extraction|ga|copyleft,75,4,66,1
text-to-video|unk|noncommercial,43,7,43,45
token-classification|rm|noncommercial,249,26,162,2
text-to-image|pt|responsible_ai,10625,394,4167,3
feature-extraction|jv|copyleft,75,4,66,1
feature-extraction|kn|copyleft,75,4,66,1
feature-extraction|kk|copyleft,75,4,66,1
feature-extraction|km|copyleft,75,5,66,1
feature-extraction|ky|copyleft,75,4,66,1
feature-extraction|ku|copyleft,75,4,66,1
feature-extraction|la|copyleft,75,4,66,1
feature-extraction|lv|copyleft,75,4,66,1
feature-extraction|li|copyleft,75,4,66,1
feature-extraction|lt|copyleft,75,4,66,1
feature-extraction|lb|copyleft,75,4,66,1
feature-extraction|mk|copyleft,75,4,66,1
feature-extraction|mg|copyleft,75,4,66,1
feature-extraction|ms|copyleft,75,4,66,1
feature-extraction|ml|copyleft,75,4,66,1
feature-extraction|mt|copyleft,75,4,66,1
feature-extraction|gv|copyleft,75,4,66,1
feature-extraction|mr|copyleft,75,4,66,1
feature-extraction|mn|copyleft,75,4,66,1
feature-extraction|ne|copyleft,75,4,66,1
feature-extraction|no|copyleft,75,4,66,1
feature-extraction|nn|copyleft,75,4,66,1
feature-extraction|oc|copyleft,75,4,66,1
feature-extraction|or|copyleft,75,4,66,1
feature-extraction|os|copyleft,75,4,66,1
feature-extraction|ps|copyleft,75,4,66,1
feature-extraction|fa|copyleft,78,4,69,4
feature-extraction|pl|copyleft,75,4,66,1
feature-extraction|pt|copyleft,75,4,66,1
feature-extraction|qu|copyleft,75,4,66,1
feature-extraction|ro|copyleft,75,4,66,1
feature-extraction|rm|copyleft,75,4,66,1
feature-extraction|sa|copyleft,75,4,66,1
feature-extraction|sc|copyleft,75,4,66,1
feature-extraction|gd|copyleft,75,4,66,1
feature-extraction|sr|copyleft,75,4,66,1
feature-extraction|sd|copyleft,75,4,66,1
feature-extraction|si|copyleft,75,4,66,1
feature-extraction|sk|copyleft,75,4,66,1
text-classification|zh|responsible_ai,94,18,23,20
image-feature-extraction|unk|other,95,25,90,101
text-to-image|aa|unknown,7776,285,7548,1
text-to-audio|unk|unknown,860,19,163,868
image-to-text|hu|permissive,273,85,190,4
text-classification|fi|unknown,49440,902,2356,8
feature-extraction|sl|copyleft,75,4,66,1
feature-extraction|so|copyleft,75,4,66,1
object-detection|zh|permissive,773,93,584,40
feature-extraction|es|copyleft,75,4,66,1
feature-extraction|su|copyleft,75,4,66,1
feature-extraction|sw|copyleft,75,4,66,1
feature-extraction|sv|copyleft,75,4,66,1
feature-extraction|tg|copyleft,75,4,66,1
feature-extraction|ta|copyleft,75,4,66,1
feature-extraction|tt|copyleft,75,4,66,1
feature-extraction|te|copyleft,75,4,66,1
feature-extraction|th|copyleft,75,4,66,1
feature-extraction|bo|copyleft,75,4,66,1
feature-extraction|tr|copyleft,75,4,66,1
feature-extraction|tk|copyleft,75,4,66,1
feature-extraction|uk|copyleft,75,4,66,1
feature-extraction|ur|copyleft,75,4,66,1
feature-extraction|ug|copyleft,75,4,66,1
feature-extraction|uz|copyleft,75,4,66,1
feature-extraction|vi|copyleft,76,5,66,3
feature-extraction|vo|copyleft,75,4,66,1
feature-extraction|wa|copyleft,75,4,66,1
feature-extraction|cy|copyleft,75,4,66,1
feature-extraction|fy|copyleft,75,4,66,1
feature-extraction|yi|copyleft,75,4,66,1
feature-extraction|yo|copyleft,75,4,66,1
automatic-speech-recognition|th|unknown,8196,122,513,19
text-classification|ms|unknown,49450,903,2356,16
translation|pl|copyleft,8,3,5,9
unk|fi|copyleft,821,94,413,22
text-generation|nb|responsible_ai,473,89,76,3
text-generation|no|responsible_ai,474,90,76,4
unk|da|copyleft,819,91,413,16
unk|el|copyleft,820,91,413,17
unk|et|copyleft,820,91,413,17
unk|ga|copyleft,818,91,413,15
unk|hu|copyleft,818,91,413,15
unk|lt|copyleft,818,91,413,15
unk|lv|copyleft,818,91,413,15
unk|nb|copyleft,813,90,413,10
unk|nl|copyleft,820,91,413,17
unk|pt|copyleft,824,92,413,21
unk|ro|copyleft,818,91,413,15
unk|sk|copyleft,819,92,413,16
unk|sv|copyleft,821,92,413,19
unk|eu|copyleft,820,90,413,17
unk|gl|copyleft,820,90,413,17
unk|nn|copyleft,813,90,413,10
image-classification|vi|permissive,5000,718,3298,7
unk|ja|responsible_ai,707,79,442,20
sentence-similarity|aa|unknown,4366,464,130,1
question-answering|en|responsible_ai,27,9,10,9
zero-shot-object-detection|unk|unknown,18,2,17,16
automatic-speech-recognition|unk|responsible_ai,19,7,4,3
audio-classification|am|unknown,926,35,167,2
image-classification|zh|unknown,5533,132,741,1
image-to-image|en|responsible_ai,139,21,49,77
fill-mask|de|copyleft,101,16,52,2
text-to-image|ar|unknown,7779,285,7551,4
sentence-similarity|pl|unknown,4563,465,322,224
image-text-to-text|ur|noncommercial,86,43,63,2
zero-shot-classification|pt|unknown,24,5,8,2
robotics|en|noncommercial,40,11,33,9
image-classification|vi|unknown,5533,132,741,1
image-text-to-text|ru|unknown,7940,491,3243,52
text-classification|ch|unknown,49435,900,2355,1
text-classification|nl|noncommercial,279,63,150,13
robotics|unk|noncommercial,40,11,33,81
sentence-similarity|he|unknown,4372,466,131,21
token-classification|de|other,61,20,21,30
token-classification|fr|other,59,18,21,28
token-classification|it|other,58,17,20,28
image-text-to-text|ru|permissive,2214,538,1368,724
text-generation|it|noncommercial,2198,1017,201,670
mask-generation|unk|permissive,100,22,77,142
text-generation|pt|other,3687,1274,869,1265
summarization|ro|unknown,519,41,67,3
text-generation|ru|copyleft,447,179,119,36
text-generation|sv|responsible_ai,472,89,76,2
text-generation|nl|copyleft,440,182,109,52
automatic-speech-recognition|ig|permissive,2961,235,401,43
text-generation|th|copyleft,435,175,114,33
text-generation|vi|copyleft,433,175,113,16
text-to-video|unk|unknown,57,15,56,89
automatic-speech-recognition|ka|unknown,8181,121,504,2
text-to-video|en|noncommercial,43,7,43,5
feature-extraction|da|unknown,10682,272,2134,4
feature-extraction|no|unknown,10681,271,2134,3
feature-extraction|ja|other,157,67,139,27
text-to-image|aa|responsible_ai,10625,394,4168,1
text-generation|zh|other,4004,1413,959,2719
video-text-to-text|en|unknown,37,22,17,23
audio-classification|ru|unknown,927,37,169,4
image-to-text|unk|responsible_ai,12,4,11,13
text-to-audio|en|noncommercial,109,23,39,39
text-to-audio|nl|permissive,211,35,113,26
token-classification|zh|noncommercial,253,27,164,7
text-generation|ja|responsible_ai,476,91,77,8
text-generation|zh|noncommercial,2226,1029,211,780
text-to-speech|es|permissive,512,96,363,501
text-to-speech|fr|permissive,509,95,365,488
text-to-speech|hi|permissive,420,83,293,291
text-to-speech|it|permissive,493,90,353,463
text-to-speech|pl|permissive,432,84,310,245
text-to-speech|pt|permissive,474,89,335,390
text-to-speech|ru|permissive,468,81,331,392
text-to-speech|tr|permissive,418,77,298,230
unconditional-image-generation|unk|noncommercial,8,0,8,8
text-to-audio|zh|permissive,285,42,136,146
text-generation|fo|unknown,127948,15513,8675,7
text-classification|is|unknown,49438,902,2356,4
summarization|en|responsible_ai,8,6,5,5
text-classification|ak|responsible_ai,82,8,18,1
text-classification|bm|responsible_ai,82,8,18,1
text-classification|ig|responsible_ai,82,8,18,1
text-classification|ki|responsible_ai,82,8,18,1
text-classification|lg|responsible_ai,82,8,18,1
text-classification|ln|responsible_ai,82,8,18,1
text-classification|ny|responsible_ai,82,8,18,1
text-classification|rn|responsible_ai,82,8,18,1
text-classification|rw|responsible_ai,82,8,18,1
text-classification|sn|responsible_ai,82,8,18,1
text-classification|st|responsible_ai,82,8,18,1
text-classification|tn|responsible_ai,82,8,18,1
text-classification|ts|responsible_ai,82,8,18,1
text-classification|tw|responsible_ai,82,8,18,1
text-classification|wo|responsible_ai,82,8,18,1
text-classification|yo|responsible_ai,82,8,18,1
text-classification|zu|responsible_ai,82,8,18,1
text-generation|pl|responsible_ai,479,92,76,16
text-to-video|en|copyleft,1,0,1,1
unk|pl|responsible_ai,696,79,431,7
text-to-audio|unk|permissive,338,61,174,1038
image-text-to-text|ja|permissive,2249,565,1391,1127
mask-generation|unk|unknown,54,1,5,55
token-classification|eu|noncommercial,252,26,163,6
tabular-classification|unk|noncommercial,5,1,5,4
unk|it|copyleft,825,93,415,24
unk|uk|copyleft,818,90,413,15
question-answering|an|permissive,1998,211,105,2
question-answering|ba|permissive,1998,211,105,2
question-answering|ce|permissive,1998,211,105,2
question-answering|cv|permissive,1998,211,105,2
question-answering|io|permissive,1998,211,105,2
question-answering|nb|permissive,1998,211,105,2
question-answering|nn|permissive,1998,211,105,2
question-answering|oc|permissive,1998,211,105,2
question-answering|tt|permissive,1999,212,106,4
question-answering|vo|permissive,1998,211,105,2
question-answering|sr|unknown,4366,126,257,2
text-classification|am|unknown,49440,902,2356,7
automatic-speech-recognition|fr|copyleft,38,10,13,14
feature-extraction|my|unknown,10680,271,2134,2
feature-extraction|hy|unknown,10682,272,2134,5
audio-to-audio|en|unknown,37,4,37,12
audio-to-audio|id|unknown,29,3,29,1
image-to-image|zh|responsible_ai,83,13,25,1
translation|ko|responsible_ai,2,1,2,1
token-classification|mn|noncommercial,248,25,161,1
text-to-speech|gl|permissive,356,71,256,49
text-generation|it|responsible_ai,497,104,85,76
image-classification|he|unknown,5533,132,741,1
text-classification|sl|unknown,49440,902,2357,6
zero-shot-classification|en|noncommercial,15,12,5,19
automatic-speech-recognition|te|unknown,8186,123,506,11
text-to-speech|hu|permissive,390,75,286,107
image-segmentation|unk|responsible_ai,9,2,5,5
question-answering|bn|responsible_ai,21,7,5,1
question-answering|ja|unknown,4365,126,257,1
unk|ae|responsible_ai,693,78,429,1
image-to-text|he|unknown,117,29,91,1
object-detection|en|copyleft,387,26,384,141
summarization|zh|noncommercial,3,3,3,4
image-to-text|de|unknown,119,29,93,3
image-to-text|it|unknown,118,29,92,2
image-to-text|hu|unknown,119,29,93,3
sentence-similarity|br|permissive,1012,168,90,1045
sentence-similarity|om|permissive,1010,166,90,1042
sentence-similarity|ps|permissive,1018,169,97,1069
sentence-similarity|sa|permissive,1012,167,91,1048
sentence-similarity|sd|permissive,1016,168,96,1065
zero-shot-classification|ca|permissive,33,16,13,4
text-to-image|lv|unknown,7776,285,7548,1
unk|nl|noncommercial,1979,426,1050,38
image-text-to-text|en|copyleft,54,28,33,56
text-generation|ss|permissive,18881,4934,3524,16
text-generation|nr|permissive,18876,4934,3524,6
automatic-speech-recognition|en|responsible_ai,7,1,1,4
automatic-speech-recognition|fa|responsible_ai,4,0,1,1
unk|ab|noncommercial,1950,419,1031,6
unk|af|noncommercial,1956,422,1034,16
unk|ak|noncommercial,1951,420,1031,7
unk|am|noncommercial,1954,422,1034,11
unk|ar|noncommercial,1993,430,1065,60
unk|as|noncommercial,1954,422,1034,11
unk|av|noncommercial,1950,419,1031,6
unk|ay|noncommercial,1950,419,1031,6
unk|az|noncommercial,1954,422,1034,11
unk|ba|noncommercial,1950,419,1031,6
unk|be|noncommercial,1955,422,1035,12
unk|bg|noncommercial,1958,424,1035,15
unk|bi|noncommercial,1950,419,1031,6
unk|bm|noncommercial,1950,419,1031,6
unk|bn|noncommercial,1960,424,1037,19
unk|bo|noncommercial,1951,420,1031,7
unk|br|noncommercial,1954,422,1034,11
unk|ca|noncommercial,1954,422,1034,11
unk|ce|noncommercial,1950,419,1031,6
unk|cv|noncommercial,1950,419,1031,6
unk|cy|noncommercial,1955,422,1034,12
unk|da|noncommercial,1959,422,1037,16
unk|dv|noncommercial,1950,419,1031,6
unk|dz|noncommercial,1950,419,1031,6
unk|ee|noncommercial,1950,419,1031,6
unk|el|noncommercial,1967,422,1046,24
unk|eo|noncommercial,1954,422,1034,11
unk|et|noncommercial,1956,422,1035,13
unk|eu|noncommercial,1955,422,1035,12
unk|ff|noncommercial,1950,419,1031,6
unk|fi|noncommercial,1958,422,1037,15
unk|fj|noncommercial,1950,419,1031,6
unk|fo|noncommercial,1950,419,1031,6
unk|fy|noncommercial,1955,422,1034,12
unk|ga|noncommercial,1954,422,1034,11
unk|gl|noncommercial,1954,422,1034,13
unk|gn|noncommercial,1951,419,1031,7
unk|gu|noncommercial,1954,422,1034,11
unk|ha|noncommercial,1954,422,1034,11
unk|he|noncommercial,1965,422,1045,22
unk|hi|noncommercial,1971,423,1049,32
unk|ht|noncommercial,1951,420,1031,7
unk|hu|noncommercial,1963,422,1038,32
unk|hy|noncommercial,1954,422,1034,11
unk|ia|noncommercial,1950,419,1031,6
unk|ig|noncommercial,1950,419,1031,6
unk|is|noncommercial,1956,422,1036,13
unk|jv|noncommercial,1954,422,1034,11
unk|ka|noncommercial,1955,422,1035,12
unk|ki|noncommercial,1950,419,1031,7
unk|kk|noncommercial,1957,423,1035,14
unk|km|noncommercial,1954,422,1034,11
unk|kn|noncommercial,1954,422,1034,11
unk|kr|noncommercial,1950,419,1031,6
unk|ku|noncommercial,1954,422,1034,11
unk|kv|noncommercial,1950,419,1031,6
unk|ky|noncommercial,1954,422,1034,11
unk|la|noncommercial,1955,422,1034,12
unk|lg|noncommercial,1951,420,1032,7
unk|ln|noncommercial,1950,419,1031,6
unk|lo|noncommercial,1954,422,1034,11
unk|lt|noncommercial,1957,422,1036,14
unk|lv|noncommercial,1957,422,1036,14
unk|mg|noncommercial,1954,422,1034,11
unk|mh|noncommercial,1950,419,1031,6
unk|mi|noncommercial,1950,419,1031,6
unk|mk|noncommercial,1955,423,1034,13
unk|ml|noncommercial,1954,422,1034,11
unk|mn|noncommercial,1954,422,1034,11
unk|mr|noncommercial,1955,422,1035,12
unk|ms|noncommercial,1955,423,1035,13
unk|mt|noncommercial,1953,420,1032,10
unk|my|noncommercial,1954,422,1034,12
unk|ne|noncommercial,1955,423,1035,14
unk|no|noncommercial,1957,422,1036,14
unk|ny|noncommercial,1950,419,1031,6
unk|oc|noncommercial,1950,419,1031,7
unk|om|noncommercial,1954,422,1034,11
unk|or|noncommercial,1955,422,1035,12
unk|os|noncommercial,1950,419,1031,6
unk|pa|noncommercial,1954,422,1034,11
unk|ps|noncommercial,1954,422,1034,11
unk|qu|noncommercial,1950,419,1031,6
unk|rn|noncommercial,1950,419,1031,6
unk|rw|noncommercial,1950,419,1031,6
unk|sd|noncommercial,1954,422,1034,11
unk|sg|noncommercial,1950,419,1031,6
unk|sk|noncommercial,1958,423,1036,15
unk|sl|noncommercial,1956,422,1035,13
unk|sm|noncommercial,1950,419,1031,6
unk|sn|noncommercial,1951,420,1032,7
unk|so|noncommercial,1954,422,1034,11
unk|sq|noncommercial,1954,422,1034,11
unk|su|noncommercial,1954,422,1034,11
unk|sv|noncommercial,1959,423,1038,17
unk|sw|noncommercial,1957,423,1036,14
unk|ta|noncommercial,1957,423,1036,15
unk|te|noncommercial,1955,422,1034,12
unk|tg|noncommercial,1950,419,1031,6
unk|th|noncommercial,1958,423,1034,16
unk|ti|noncommercial,1950,419,1031,6
unk|tl|noncommercial,1955,423,1034,13
unk|tr|noncommercial,1972,424,1048,30
unk|ts|noncommercial,1950,419,1031,6
unk|tt|noncommercial,1950,419,1031,6
unk|uk|noncommercial,1972,424,1050,30
unk|wo|noncommercial,1951,419,1031,7
unk|xh|noncommercial,1956,422,1034,13
unk|yo|noncommercial,1950,419,1031,6
unk|za|noncommercial,1950,419,1031,6
unk|zu|noncommercial,1952,419,1031,8
text-generation|ur|unknown,127947,15513,8676,35
automatic-speech-recognition|eo|unknown,8181,121,504,2
text-generation|fr|other,3857,1361,958,2553
text-to-image|id|responsible_ai,10626,394,4167,3
automatic-speech-recognition|ab|noncommercial,263,36,22,19
automatic-speech-recognition|af|noncommercial,271,37,26,38
automatic-speech-recognition|ak|noncommercial,270,36,26,22
automatic-speech-recognition|am|noncommercial,272,38,27,43
automatic-speech-recognition|as|noncommercial,272,37,27,36
automatic-speech-recognition|av|noncommercial,263,36,22,14
automatic-speech-recognition|ay|noncommercial,263,36,22,14
automatic-speech-recognition|az|noncommercial,267,37,25,31
automatic-speech-recognition|ba|noncommercial,268,37,23,31
automatic-speech-recognition|be|noncommercial,271,37,26,35
automatic-speech-recognition|bi|noncommercial,263,36,22,14
automatic-speech-recognition|bm|noncommercial,267,36,23,18
automatic-speech-recognition|bn|noncommercial,276,38,31,40
automatic-speech-recognition|bo|noncommercial,268,37,23,31
automatic-speech-recognition|br|noncommercial,264,37,22,27
automatic-speech-recognition|ca|noncommercial,274,38,27,39
automatic-speech-recognition|ce|noncommercial,263,36,22,14
automatic-speech-recognition|cv|noncommercial,263,36,22,21
automatic-speech-recognition|cy|noncommercial,271,37,26,35
automatic-speech-recognition|dv|noncommercial,264,37,22,21
automatic-speech-recognition|dz|noncommercial,267,36,23,18
automatic-speech-recognition|ee|noncommercial,271,38,27,24
automatic-speech-recognition|eo|noncommercial,267,36,23,23
automatic-speech-recognition|eu|noncommercial,268,37,23,32
automatic-speech-recognition|fa|noncommercial,270,38,27,35
automatic-speech-recognition|ff|noncommercial,263,36,22,15
automatic-speech-recognition|fj|noncommercial,267,36,23,18
automatic-speech-recognition|fo|noncommercial,268,37,23,31
automatic-speech-recognition|fy|noncommercial,263,36,22,14
automatic-speech-recognition|ga|noncommercial,270,36,26,28
automatic-speech-recognition|gl|noncommercial,274,37,26,38
automatic-speech-recognition|gn|noncommercial,267,36,23,23
automatic-speech-recognition|gu|noncommercial,272,37,27,36
automatic-speech-recognition|ha|noncommercial,273,39,28,37
automatic-speech-recognition|he|noncommercial,272,38,27,38
automatic-speech-recognition|hi|noncommercial,274,38,27,39
automatic-speech-recognition|ht|noncommercial,268,37,23,32
automatic-speech-recognition|hy|noncommercial,271,37,26,35
automatic-speech-recognition|ia|noncommercial,263,36,22,19
automatic-speech-recognition|ig|noncommercial,272,38,28,27
automatic-speech-recognition|is|noncommercial,271,37,26,35
automatic-speech-recognition|jv|noncommercial,270,36,26,27
automatic-speech-recognition|ka|noncommercial,271,37,26,35
automatic-speech-recognition|ki|noncommercial,267,36,23,18
automatic-speech-recognition|kk|noncommercial,276,38,31,41
automatic-speech-recognition|km|noncommercial,271,37,26,38
automatic-speech-recognition|kn|noncommercial,272,37,27,36
automatic-speech-recognition|ko|noncommercial,278,40,32,43
automatic-speech-recognition|kr|noncommercial,263,36,22,14
automatic-speech-recognition|ku|noncommercial,263,36,22,19
automatic-speech-recognition|kv|noncommercial,263,36,22,14
automatic-speech-recognition|ky|noncommercial,270,36,26,27
automatic-speech-recognition|la|noncommercial,264,37,22,27
automatic-speech-recognition|lb|noncommercial,271,37,26,30
automatic-speech-recognition|lg|noncommercial,270,36,26,28
automatic-speech-recognition|ln|noncommercial,272,38,26,41
automatic-speech-recognition|lo|noncommercial,271,37,26,35
automatic-speech-recognition|mg|noncommercial,264,37,22,28
automatic-speech-recognition|mh|noncommercial,263,36,22,14
automatic-speech-recognition|mi|noncommercial,271,37,26,35
automatic-speech-recognition|mk|noncommercial,271,37,26,35
automatic-speech-recognition|ml|noncommercial,272,37,27,37
automatic-speech-recognition|mn|noncommercial,270,38,27,34
automatic-speech-recognition|mr|noncommercial,268,37,26,32
automatic-speech-recognition|ms|noncommercial,267,37,25,34
automatic-speech-recognition|my|noncommercial,271,37,26,36
automatic-speech-recognition|ne|noncommercial,274,40,30,40
automatic-speech-recognition|no|noncommercial,264,37,22,27
automatic-speech-recognition|ny|noncommercial,270,36,26,22
automatic-speech-recognition|oc|noncommercial,271,37,26,35
automatic-speech-recognition|om|noncommercial,267,37,26,25
automatic-speech-recognition|or|noncommercial,266,36,25,23
automatic-speech-recognition|os|noncommercial,263,36,22,14
automatic-speech-recognition|pa|noncommercial,271,37,26,35
automatic-speech-recognition|ps|noncommercial,267,37,25,31
automatic-speech-recognition|qu|noncommercial,263,36,22,14
automatic-speech-recognition|rn|noncommercial,267,36,23,18
automatic-speech-recognition|ru|noncommercial,280,40,32,46
automatic-speech-recognition|rw|noncommercial,267,36,23,23
automatic-speech-recognition|sd|noncommercial,272,37,27,36
automatic-speech-recognition|sg|noncommercial,267,36,23,18
automatic-speech-recognition|sm|noncommercial,267,36,23,18
automatic-speech-recognition|sn|noncommercial,271,37,26,46
automatic-speech-recognition|so|noncommercial,271,37,26,36
automatic-speech-recognition|sq|noncommercial,264,37,22,27
automatic-speech-recognition|su|noncommercial,268,37,23,31
automatic-speech-recognition|sw|noncommercial,267,37,25,32
automatic-speech-recognition|ta|noncommercial,274,37,27,38
automatic-speech-recognition|te|noncommercial,272,37,27,36
automatic-speech-recognition|tg|noncommercial,271,37,26,35
automatic-speech-recognition|th|noncommercial,271,37,26,35
automatic-speech-recognition|ti|noncommercial,268,37,24,25
automatic-speech-recognition|tl|noncommercial,271,37,26,36
automatic-speech-recognition|tr|noncommercial,274,37,26,39
automatic-speech-recognition|ts|noncommercial,267,36,23,19
automatic-speech-recognition|tt|noncommercial,268,37,23,31
automatic-speech-recognition|uk|noncommercial,271,37,26,36
automatic-speech-recognition|wo|noncommercial,270,36,26,23
automatic-speech-recognition|xh|noncommercial,270,36,26,28
automatic-speech-recognition|yo|noncommercial,274,39,28,40
automatic-speech-recognition|za|noncommercial,263,36,22,14
automatic-speech-recognition|zh|noncommercial,284,44,34,55
automatic-speech-recognition|zu|noncommercial,270,36,26,28
unk|ar|copyleft,826,91,414,23
unk|he|copyleft,817,90,413,14
unk|hi|copyleft,819,90,413,17
unk|sw|copyleft,819,90,413,16
visual-question-answering|zh|copyleft,2,0,1,2
automatic-speech-recognition|or|no_derivatives,1,0,1,1
text-to-audio|en|permissive,264,56,166,210
text-generation|is|responsible_ai,471,89,75,1
text-classification|cr|permissive,10055,773,582,1
text-classification|fj|permissive,10056,774,583,4
text-classification|ks|permissive,10056,774,583,6
text-classification|sm|permissive,10057,775,583,5
text-to-audio|ca|permissive,204,34,108,1
text-to-3d|en|responsible_ai,5,1,2,4
audio-classification|en|responsible_ai,7,5,4,19
text-classification|tr|other,130,42,40,18
image-classification|de|permissive,4997,717,3297,3
sentence-similarity|ne|unknown,4369,465,131,19
token-classification|el|copyleft,89,17,28,2
image-to-image|es|permissive,528,56,496,7
text-to-audio|unk|noncommercial,121,35,39,334
text-generation|bn|noncommercial,2024,974,190,64
fill-mask|ee|permissive,1965,222,211,6
fill-mask|tw|permissive,1967,224,211,8
unconditional-image-generation|en|copyleft,1,0,1,1
token-classification|it|copyleft,96,20,34,11
audio-classification|ab|noncommercial,55,30,23,15
audio-classification|af|noncommercial,55,30,23,15
audio-classification|ak|noncommercial,55,30,23,15
audio-classification|am|noncommercial,55,30,23,15
audio-classification|ar|noncommercial,55,30,23,17
audio-classification|as|noncommercial,55,30,23,15
audio-classification|av|noncommercial,55,30,23,15
audio-classification|ay|noncommercial,55,30,23,15
audio-classification|az|noncommercial,55,30,23,15
audio-classification|ba|noncommercial,55,30,23,15
audio-classification|be|noncommercial,55,30,23,15
audio-classification|bg|noncommercial,55,30,23,15
audio-classification|bi|noncommercial,55,30,23,15
audio-classification|bm|noncommercial,55,30,23,15
audio-classification|bn|noncommercial,56,30,23,17
audio-classification|bo|noncommercial,55,30,23,16
audio-classification|br|noncommercial,55,30,23,15
audio-classification|ca|noncommercial,55,30,23,15
audio-classification|ce|noncommercial,55,30,23,15
audio-classification|cs|noncommercial,55,30,23,15
audio-classification|cv|noncommercial,55,30,23,15
audio-classification|cy|noncommercial,55,30,23,15
audio-classification|da|noncommercial,55,30,23,15
audio-classification|de|noncommercial,56,30,23,17
audio-classification|dv|noncommercial,55,30,23,15
audio-classification|dz|noncommercial,55,30,23,15
audio-classification|ee|noncommercial,55,30,23,15
audio-classification|el|noncommercial,56,30,23,16
audio-classification|eo|noncommercial,55,30,23,15
audio-classification|es|noncommercial,56,30,23,17
audio-classification|et|noncommercial,55,30,23,15
audio-classification|eu|noncommercial,55,30,23,15
audio-classification|fa|noncommercial,56,30,23,16
audio-classification|ff|noncommercial,55,30,23,15
audio-classification|fi|noncommercial,55,30,23,15
audio-classification|fj|noncommercial,55,30,23,15
audio-classification|fo|noncommercial,55,30,23,15
audio-classification|fr|noncommercial,56,30,23,17
audio-classification|fy|noncommercial,55,30,23,15
audio-classification|ga|noncommercial,55,30,23,15
audio-classification|gl|noncommercial,55,30,23,15
audio-classification|gn|noncommercial,55,30,23,15
audio-classification|gu|noncommercial,56,30,23,16
audio-classification|ha|noncommercial,55,30,23,15
audio-classification|he|noncommercial,56,30,23,16
audio-classification|hi|noncommercial,56,30,23,17
audio-classification|ht|noncommercial,55,30,23,15
audio-classification|hu|noncommercial,55,30,23,15
audio-classification|hy|noncommercial,55,30,23,15
audio-classification|ia|noncommercial,55,30,23,15
audio-classification|ig|noncommercial,55,30,23,15
audio-classification|is|noncommercial,55,30,23,15
audio-classification|it|noncommercial,56,30,23,16
audio-classification|ja|noncommercial,55,30,23,15
audio-classification|jv|noncommercial,55,30,23,15
audio-classification|ka|noncommercial,55,30,23,15
audio-classification|ki|noncommercial,55,30,23,15
audio-classification|kk|noncommercial,55,30,23,15
audio-classification|km|noncommercial,55,30,23,15
audio-classification|kn|noncommercial,56,30,23,17
audio-classification|ko|noncommercial,55,30,23,15
audio-classification|kr|noncommercial,55,30,23,15
audio-classification|ku|noncommercial,55,30,23,15
audio-classification|kv|noncommercial,55,30,23,15
audio-classification|ky|noncommercial,55,30,23,15
audio-classification|la|noncommercial,55,30,23,15
audio-classification|lb|noncommercial,55,30,23,15
audio-classification|lg|noncommercial,55,30,23,15
audio-classification|ln|noncommercial,55,30,23,15
audio-classification|lo|noncommercial,55,30,23,15
audio-classification|lt|noncommercial,55,30,23,15
audio-classification|lv|noncommercial,55,30,23,15
audio-classification|mg|noncommercial,55,30,23,15
audio-classification|mh|noncommercial,55,30,23,15
audio-classification|mi|noncommercial,55,30,23,15
audio-classification|mk|noncommercial,55,30,23,15
audio-classification|ml|noncommercial,56,30,23,17
audio-classification|mn|noncommercial,55,30,23,15
audio-classification|mr|noncommercial,56,30,23,17
audio-classification|ms|noncommercial,55,30,23,15
audio-classification|mt|noncommercial,55,30,23,15
audio-classification|my|noncommercial,56,30,23,16
audio-classification|ne|noncommercial,55,30,23,16
audio-classification|nl|noncommercial,56,30,23,16
audio-classification|no|noncommercial,55,30,23,15
audio-classification|ny|noncommercial,55,30,23,15
audio-classification|oc|noncommercial,55,30,23,15
audio-classification|om|noncommercial,55,30,23,15
audio-classification|or|noncommercial,56,30,23,16
audio-classification|os|noncommercial,55,30,23,15
audio-classification|pa|noncommercial,55,30,23,15
audio-classification|pl|noncommercial,55,30,23,15
audio-classification|ps|noncommercial,55,30,23,15
audio-classification|pt|noncommercial,55,30,23,15
audio-classification|qu|noncommercial,55,30,23,15
audio-classification|rn|noncommercial,55,30,23,15
audio-classification|ro|noncommercial,55,30,23,15
audio-classification|ru|noncommercial,55,30,23,15
audio-classification|rw|noncommercial,55,30,23,15
audio-classification|sd|noncommercial,55,30,23,15
audio-classification|sg|noncommercial,55,30,23,15
audio-classification|sk|noncommercial,55,30,23,15
audio-classification|sl|noncommercial,55,30,23,15
audio-classification|sm|noncommercial,55,30,23,15
audio-classification|sn|noncommercial,55,30,23,15
audio-classification|so|noncommercial,55,30,23,15
audio-classification|sq|noncommercial,55,30,23,15
audio-classification|su|noncommercial,55,30,23,15
audio-classification|sv|noncommercial,56,30,23,16
audio-classification|sw|noncommercial,55,30,23,15
audio-classification|ta|noncommercial,56,30,23,17
audio-classification|te|noncommercial,56,30,23,17
audio-classification|tg|noncommercial,55,30,23,15
audio-classification|th|noncommercial,55,30,23,16
audio-classification|ti|noncommercial,55,30,23,15
audio-classification|tl|noncommercial,55,30,23,15
audio-classification|tr|noncommercial,56,30,23,16
audio-classification|ts|noncommercial,55,30,23,15
audio-classification|tt|noncommercial,55,30,23,15
audio-classification|uk|noncommercial,55,30,23,15
audio-classification|vi|noncommercial,55,30,23,15
audio-classification|wo|noncommercial,55,30,23,15
audio-classification|xh|noncommercial,55,30,23,15
audio-classification|yo|noncommercial,55,30,23,15
audio-classification|za|noncommercial,55,30,23,15
audio-classification|zh|noncommercial,62,33,27,23
audio-classification|zu|noncommercial,55,30,23,15
text-generation|pl|noncommercial,2094,999,189,442
text-generation|pt|noncommercial,2180,1006,197,632
fill-mask|ff|permissive,1964,221,211,5
fill-mask|ki|permissive,1964,221,211,5
fill-mask|kj|permissive,1964,221,211,5
fill-mask|ve|permissive,1966,223,211,7
fill-mask|wo|permissive,1969,225,213,10
multiple-choice|unk|copyleft,5,3,3,8
sentence-similarity|af|unknown,4368,465,131,12
sentence-similarity|am|unknown,4368,465,131,8
sentence-similarity|as|unknown,4367,464,130,3
sentence-similarity|az|unknown,4368,465,131,12
sentence-similarity|be|unknown,4368,465,131,13
sentence-similarity|br|unknown,4367,464,130,3
sentence-similarity|bs|unknown,4367,464,130,3
sentence-similarity|ca|unknown,4369,466,131,16
sentence-similarity|cs|unknown,4368,465,131,16
sentence-similarity|cy|unknown,4368,465,131,12
sentence-similarity|da|unknown,4369,466,132,18
sentence-similarity|eo|unknown,4368,465,131,5
sentence-similarity|et|unknown,4368,465,131,16
sentence-similarity|eu|unknown,4368,465,131,12
sentence-similarity|fa|unknown,4369,466,131,20
sentence-similarity|fy|unknown,4367,464,130,3
sentence-similarity|ga|unknown,4368,465,131,5
sentence-similarity|gd|unknown,4367,464,130,3
sentence-similarity|gl|unknown,4368,465,131,15
sentence-similarity|gu|unknown,4368,465,131,16
sentence-similarity|ha|unknown,4368,465,131,6
sentence-similarity|hr|unknown,4368,465,131,15
sentence-similarity|hy|unknown,4368,465,131,15
sentence-similarity|is|unknown,4371,465,131,17
sentence-similarity|ja|unknown,4386,467,136,40
sentence-similarity|jv|unknown,4367,464,130,10
sentence-similarity|ka|unknown,4368,465,131,15
sentence-similarity|kk|unknown,4368,465,131,14
sentence-similarity|km|unknown,4368,465,131,13
sentence-similarity|kn|unknown,4369,465,131,13
sentence-similarity|ku|unknown,4368,465,131,8
sentence-similarity|ky|unknown,4368,465,131,12
sentence-similarity|la|unknown,4368,465,131,7
sentence-similarity|lo|unknown,4368,465,131,12
sentence-similarity|lt|unknown,4368,465,131,16
sentence-similarity|lv|unknown,4368,465,131,16
sentence-similarity|mg|unknown,4367,464,130,3
sentence-similarity|mk|unknown,4368,465,131,15
sentence-similarity|mn|unknown,4368,465,131,15
sentence-similarity|mr|unknown,4369,465,131,17
sentence-similarity|ms|unknown,4368,465,131,15
sentence-similarity|my|unknown,4368,465,131,15
sentence-similarity|no|unknown,4371,467,134,19
sentence-similarity|om|unknown,4367,464,130,3
sentence-similarity|or|unknown,4368,465,131,5
sentence-similarity|pa|unknown,4368,465,131,12
sentence-similarity|ps|unknown,4368,465,131,6
sentence-similarity|sa|unknown,4368,465,131,5
sentence-similarity|sd|unknown,4367,464,130,3
sentence-similarity|si|unknown,4368,465,131,14
sentence-similarity|sk|unknown,4368,465,131,15
sentence-similarity|sl|unknown,4368,465,131,15
sentence-similarity|so|unknown,4368,465,131,12
sentence-similarity|sq|unknown,4368,465,131,15
sentence-similarity|sr|unknown,4368,465,131,15
sentence-similarity|su|unknown,4367,464,130,3
sentence-similarity|sv|unknown,4370,466,132,18
sentence-similarity|sw|unknown,4368,465,131,14
sentence-similarity|ta|unknown,4368,465,131,13
sentence-similarity|te|unknown,4369,465,131,14
sentence-similarity|tl|unknown,4368,465,131,12
sentence-similarity|ug|unknown,4367,464,130,3
sentence-similarity|uk|unknown,4368,465,131,17
sentence-similarity|uz|unknown,4368,465,131,6
sentence-similarity|xh|unknown,4367,464,130,4
sentence-similarity|yi|unknown,4367,464,130,3
text-to-speech|de|noncommercial,1289,93,73,107
text-to-speech|es|noncommercial,1290,88,72,98
text-to-speech|fr|noncommercial,1285,90,71,100
text-to-speech|hi|noncommercial,1252,83,46,54
text-to-speech|it|noncommercial,1281,88,66,89
text-to-speech|ja|noncommercial,1291,90,73,109
text-to-speech|ko|noncommercial,1284,87,68,84
text-to-speech|pl|noncommercial,1275,84,62,62
text-to-speech|pt|noncommercial,1279,87,64,93
text-to-speech|tr|noncommercial,1247,79,42,22
text-to-speech|zh|noncommercial,1297,91,75,142
text-generation|be|copyleft,426,170,107,8
text-generation|da|copyleft,436,179,107,47
text-generation|it|copyleft,462,186,113,74
text-generation|pt|copyleft,445,185,112,58
text-generation|ro|copyleft,439,183,108,53
text-generation|sv|copyleft,435,179,107,46
text-generation|uk|copyleft,429,173,108,11
question-answering|ko|unknown,4371,132,258,9
token-classification|he|responsible_ai,12,3,9,1
text-generation|as|unknown,127948,15514,8676,7
text-generation|gu|unknown,127947,15514,8676,48
text-generation|kn|unknown,127948,15514,8676,24
text-generation|ml|unknown,127948,15514,8676,23
text-generation|mr|unknown,127947,15514,8676,52
text-generation|pa|unknown,127947,15514,8676,20
text-generation|te|unknown,127950,15514,8676,53
audio-to-audio|ja|responsible_ai,1,0,1,1
audio-to-audio|jv|responsible_ai,1,0,1,1
audio-to-audio|zh|responsible_ai,1,0,1,1
video-to-video|unk|noncommercial,5,2,5,3
text-to-speech|sv|permissive,396,74,295,177
reinforcement-learning|en|unknown,154,43,124,41
translation|be|responsible_ai,2,1,1,1
translation|ru|responsible_ai,2,1,1,1
token-classification|ig|noncommercial,248,25,161,1
question-answering|ru|responsible_ai,21,7,6,1
text-to-audio|ar|permissive,210,35,113,10
image-text-to-text|vi|unknown,7929,486,3235,24
audio-classification|en|copyleft,15,3,10,6
audio-classification|zh|copyleft,12,2,9,3
unk|ja|other,17707,702,16357,313
image-to-image|en|unknown,312,27,299,39
audio-to-audio|de|permissive,222,31,216,16
text-to-speech|el|responsible_ai,14,1,14,55
text-to-speech|en|responsible_ai,28,3,28,79
text-to-speech|es|responsible_ai,26,3,25,73
text-to-speech|fr|responsible_ai,23,2,23,70
text-to-speech|it|responsible_ai,14,1,14,55
text-to-speech|la|responsible_ai,7,1,7,2
text-to-speech|pt|responsible_ai,23,2,23,67
text-to-speech|ru|responsible_ai,18,2,18,60
text-to-speech|zh|responsible_ai,7,1,7,7
graph-ml|en|permissive,61,5,60,23
text-generation|nl|noncommercial,2102,1006,191,475
automatic-speech-recognition|ne|unknown,8185,121,506,8
graph-ml|zh|permissive,40,3,39,1
summarization|he|unknown,519,42,67,5
visual-question-answering|en|unknown,188,27,73,29
visual-question-answering|zh|unknown,174,16,64,15
text-to-speech|uk|permissive,350,67,249,41
text-generation|de|noncommercial,2199,1018,202,695
text-to-3d|unk|permissive,46,10,46,18
automatic-speech-recognition|vi|unknown,8203,122,517,28
text-generation|ca|unknown,127951,15517,8677,23
image-to-text|ar|permissive,288,89,198,32
text-to-speech|fi|permissive,370,69,266,149
text-to-speech|th|permissive,366,70,264,112
automatic-speech-recognition|tw|permissive,2962,235,403,31
zero-shot-image-classification|en|copyleft,3,1,2,3
token-classification|sl|copyleft,97,20,36,10
token-classification|es|responsible_ai,13,4,10,3
image-segmentation|pt|unknown,139,16,92,1
zero-shot-image-classification|unk|noncommercial,121,25,14,132
text-generation|en|vendor_custom,5213,2062,572,17275
mask-generation|en|permissive,100,22,77,4
text-classification|eu|unknown,49437,902,2356,4
text-to-speech|nl|permissive,386,76,281,199
text-generation|ru|noncommercial,2110,1006,194,514
image-segmentation|en|other,284,63,79,11
other|zh|permissive,140,6,134,8
text-generation|id|noncommercial,2103,1005,192,444
text-to-speech|cs|permissive,386,74,286,88
text-to-audio|ru|permissive,210,36,115,12
text-to-audio|es|permissive,227,39,131,33
text-classification|ko|other,130,43,39,14
text-classification|zh|other,141,48,44,33
text-to-audio|de|permissive,215,39,119,22
text-to-speech|be|permissive,344,66,244,33
fill-mask|ve|other,161,10,135,3
fill-mask|tn|other,159,10,135,1
summarization|en|other,8,4,6,6
unk|unk|vendor_custom,3663,595,1961,9094
unk|ca|other,17561,679,16284,3
text-classification|en|vendor_custom,66,45,19,293
automatic-speech-recognition|ca|unknown,8182,121,504,3
unk|de|vendor_custom,2642,459,1259,79
unk|en|vendor_custom,3610,577,1935,2361
text-generation|de|vendor_custom,3090,1152,311,3737
text-generation|unk|vendor_custom,5418,2169,598,12235
automatic-speech-recognition|bn|unknown,8187,122,506,8
text-generation|de|other,3815,1324,949,2125
zero-shot-classification|ar|noncommercial,8,8,4,8
zero-shot-classification|bg|noncommercial,6,6,3,6
zero-shot-classification|de|noncommercial,10,9,4,14
zero-shot-classification|el|noncommercial,6,6,3,6
zero-shot-classification|es|noncommercial,8,8,4,8
zero-shot-classification|fr|noncommercial,10,9,4,14
zero-shot-classification|hi|noncommercial,10,9,4,14
zero-shot-classification|ru|noncommercial,6,6,3,6
zero-shot-classification|sw|noncommercial,6,6,3,6
zero-shot-classification|th|noncommercial,8,8,4,8
zero-shot-classification|tr|noncommercial,6,6,3,6
zero-shot-classification|ur|noncommercial,6,6,3,6
zero-shot-classification|vi|noncommercial,6,6,3,6
zero-shot-classification|zh|noncommercial,10,9,4,14
text-to-speech|ml|permissive,367,74,262,84
text-generation|zh|vendor_custom,2655,1087,315,903
text-generation|ja|noncommercial,2216,1030,204,736
text-to-audio|ht|unknown,848,15,158,1
text-generation|bg|responsible_ai,471,89,75,1
text-generation|ce|responsible_ai,471,89,75,1
text-generation|cy|responsible_ai,471,89,75,1
text-generation|da|responsible_ai,471,89,75,1
text-generation|el|responsible_ai,471,89,75,1
text-generation|ga|responsible_ai,471,89,75,1
text-generation|gd|responsible_ai,471,89,75,1
text-generation|la|responsible_ai,471,89,75,1
text-generation|rm|responsible_ai,471,89,75,1
text-generation|ro|responsible_ai,471,89,75,1
text-generation|it|other,3733,1309,900,1424
token-classification|de|responsible_ai,13,4,10,3
audio-to-audio|zh|other,21,5,21,3
text-generation|ru|vendor_custom,2565,1025,304,227
feature-extraction|ab|noncommercial,169,50,93,7
feature-extraction|af|noncommercial,177,51,97,34
feature-extraction|ak|noncommercial,165,48,93,2
feature-extraction|am|noncommercial,177,51,97,34
feature-extraction|ar|noncommercial,182,55,101,41
feature-extraction|as|noncommercial,177,51,97,34
feature-extraction|av|noncommercial,165,48,93,2
feature-extraction|ay|noncommercial,165,48,93,2
feature-extraction|az|noncommercial,177,51,97,34
feature-extraction|ba|noncommercial,169,50,93,7
feature-extraction|be|noncommercial,177,51,97,34
feature-extraction|bg|noncommercial,177,51,97,34
feature-extraction|bi|noncommercial,165,48,93,2
feature-extraction|bm|noncommercial,165,48,93,2
feature-extraction|bn|noncommercial,178,52,98,36
feature-extraction|bo|noncommercial,169,50,93,7
feature-extraction|br|noncommercial,177,51,97,34
feature-extraction|ca|noncommercial,177,51,97,34
feature-extraction|ce|noncommercial,165,48,93,2
feature-extraction|cs|noncommercial,178,52,98,35
feature-extraction|cv|noncommercial,169,50,93,7
feature-extraction|cy|noncommercial,177,51,97,34
feature-extraction|da|noncommercial,177,51,97,34
feature-extraction|de|noncommercial,183,56,102,41
feature-extraction|dv|noncommercial,169,50,93,7
feature-extraction|dz|noncommercial,165,48,93,2
feature-extraction|ee|noncommercial,169,50,93,7
feature-extraction|el|noncommercial,177,51,97,34
feature-extraction|eo|noncommercial,177,51,97,34
feature-extraction|es|noncommercial,185,58,101,46
feature-extraction|et|noncommercial,177,51,97,34
feature-extraction|eu|noncommercial,177,51,97,34
feature-extraction|fa|noncommercial,179,52,99,37
feature-extraction|ff|noncommercial,165,48,93,2
feature-extraction|fi|noncommercial,177,51,97,34
feature-extraction|fj|noncommercial,165,48,93,2
feature-extraction|fo|noncommercial,169,50,93,7
feature-extraction|fr|noncommercial,192,55,111,52
feature-extraction|fy|noncommercial,177,51,97,34
feature-extraction|ga|noncommercial,177,51,97,34
feature-extraction|gl|noncommercial,177,51,97,34
feature-extraction|gn|noncommercial,169,50,93,7
feature-extraction|gu|noncommercial,177,51,97,34
feature-extraction|ha|noncommercial,177,51,97,34
feature-extraction|he|noncommercial,177,51,97,34
feature-extraction|hi|noncommercial,178,52,98,36
feature-extraction|ht|noncommercial,169,50,93,7
feature-extraction|hu|noncommercial,178,52,98,35
feature-extraction|hy|noncommercial,177,51,97,34
feature-extraction|ia|noncommercial,169,50,93,7
feature-extraction|ig|noncommercial,169,50,93,7
feature-extraction|is|noncommercial,177,51,97,34
feature-extraction|it|noncommercial,180,53,100,39
feature-extraction|ja|noncommercial,183,52,101,43
feature-extraction|jv|noncommercial,177,51,97,34
feature-extraction|ka|noncommercial,177,51,97,34
feature-extraction|ki|noncommercial,165,48,93,2
feature-extraction|kk|noncommercial,177,51,97,34
feature-extraction|km|noncommercial,177,51,97,34
feature-extraction|kn|noncommercial,177,51,97,34
feature-extraction|ko|noncommercial,179,52,99,39
feature-extraction|kr|noncommercial,165,48,93,2
feature-extraction|ku|noncommercial,177,51,97,34
feature-extraction|kv|noncommercial,165,48,93,2
feature-extraction|ky|noncommercial,177,51,97,34
feature-extraction|la|noncommercial,177,51,97,34
feature-extraction|lb|noncommercial,169,50,93,7
feature-extraction|lg|noncommercial,169,50,93,7
feature-extraction|ln|noncommercial,169,50,93,7
feature-extraction|lo|noncommercial,177,51,97,34
feature-extraction|lt|noncommercial,177,51,97,34
feature-extraction|lv|noncommercial,177,51,97,34
feature-extraction|mg|noncommercial,177,51,97,34
feature-extraction|mh|noncommercial,165,48,93,2
feature-extraction|mi|noncommercial,169,50,93,7
feature-extraction|mk|noncommercial,177,51,97,34
feature-extraction|ml|noncommercial,177,51,97,34
feature-extraction|mn|noncommercial,177,51,97,34
feature-extraction|mr|noncommercial,177,51,97,34
feature-extraction|ms|noncommercial,178,52,98,36
feature-extraction|mt|noncommercial,169,50,93,7
feature-extraction|my|noncommercial,177,51,97,34
feature-extraction|ne|noncommercial,178,52,98,36
feature-extraction|nl|noncommercial,178,52,98,35
feature-extraction|no|noncommercial,177,51,97,34
feature-extraction|ny|noncommercial,165,48,93,2
feature-extraction|oc|noncommercial,169,50,93,7
feature-extraction|om|noncommercial,173,49,97,29
feature-extraction|or|noncommercial,177,51,97,34
feature-extraction|os|noncommercial,165,48,93,2
feature-extraction|pa|noncommercial,177,51,97,34
feature-extraction|pl|noncommercial,179,52,99,37
feature-extraction|ps|noncommercial,177,51,97,34
feature-extraction|pt|noncommercial,180,53,100,38
feature-extraction|qu|noncommercial,165,48,93,2
feature-extraction|rn|noncommercial,165,48,93,2
feature-extraction|ro|noncommercial,178,52,98,36
feature-extraction|ru|noncommercial,184,56,100,43
feature-extraction|rw|noncommercial,169,50,93,7
feature-extraction|sd|noncommercial,177,51,97,34
feature-extraction|sg|noncommercial,165,48,93,2
feature-extraction|sk|noncommercial,177,51,97,34
feature-extraction|sl|noncommercial,177,51,97,34
feature-extraction|sm|noncommercial,165,48,93,2
feature-extraction|sn|noncommercial,169,50,93,7
feature-extraction|so|noncommercial,177,51,97,34
feature-extraction|sq|noncommercial,177,51,97,34
feature-extraction|su|noncommercial,177,51,97,34
feature-extraction|sv|noncommercial,179,53,99,37
feature-extraction|sw|noncommercial,177,51,97,34
feature-extraction|ta|noncommercial,177,51,97,34
feature-extraction|te|noncommercial,177,51,97,34
feature-extraction|tg|noncommercial,169,50,93,7
feature-extraction|th|noncommercial,177,51,97,34
feature-extraction|ti|noncommercial,165,48,93,2
feature-extraction|tl|noncommercial,177,51,97,34
feature-extraction|tr|noncommercial,178,52,98,36
feature-extraction|ts|noncommercial,165,48,93,2
feature-extraction|tt|noncommercial,169,50,93,7
feature-extraction|uk|noncommercial,178,52,98,36
feature-extraction|vi|noncommercial,179,52,98,37
feature-extraction|wo|noncommercial,165,48,93,2
feature-extraction|xh|noncommercial,177,51,97,34
feature-extraction|yo|noncommercial,169,50,93,7
feature-extraction|za|noncommercial,165,48,93,2
feature-extraction|zu|noncommercial,165,48,93,2
keypoint-detection|unk|unknown,10,1,10,12
text-to-speech|lt|permissive,348,66,248,41
text-generation|tr|other,3502,1231,766,125
text-to-speech|sl|permissive,346,68,245,38
text-generation|unk|no_derivatives,22,14,7,12
image-classification|zh|permissive,5004,717,3301,16
text-classification|bh|unknown,49436,900,2355,2
text-classification|gu|unknown,49443,902,2357,9
text-classification|ml|unknown,49443,902,2357,11
text-classification|mr|unknown,49443,902,2356,9
text-classification|si|unknown,49439,902,2357,6
text-to-speech|sk|permissive,347,67,247,39
text-generation|ko|vendor_custom,2642,1075,312,848
text-generation|fr|vendor_custom,3061,1142,308,3680
text-to-audio|ht|permissive,203,34,108,1
summarization|bn|noncommercial,3,2,3,2
automatic-speech-recognition|fr|responsible_ai,4,0,1,1
automatic-speech-recognition|ht|responsible_ai,4,0,1,1
unk|unk|no_derivatives,42,6,32,37
text-generation|ja|vendor_custom,2694,1134,312,1226
text-generation|kk|responsible_ai,471,89,75,1
text-generation|wo|unknown,127947,15513,8675,4
unk|es|vendor_custom,2647,465,1259,109
unk|fr|vendor_custom,2639,457,1260,60
audio-to-audio|es|permissive,218,30,215,10
audio-to-audio|fr|permissive,237,31,231,31
audio-to-audio|it|permissive,215,30,212,7
audio-to-audio|ru|permissive,215,29,212,5
translation|zh|responsible_ai,2,1,2,1
text-generation|id|vendor_custom,2560,1008,287,233
text-classification|ro|unknown,49440,903,2356,9
zero-shot-classification|my|permissive,34,16,13,4
graph-ml|en|unknown,7,4,7,8
text-to-audio|am|permissive,203,34,108,2
text-to-speech|ja|unknown,132,26,98,31
text-generation|es|vendor_custom,3099,1174,314,4007
text-to-audio|hr|permissive,203,34,108,5
text-generation|ta|copyleft,432,175,107,15
automatic-speech-recognition|bs|unknown,8181,121,504,2
translation|ta|responsible_ai,3,1,2,2
unk|ch|permissive,48220,4017,25147,7
zero-shot-classification|af|permissive,33,16,13,3
zero-shot-classification|am|permissive,33,16,13,3
zero-shot-classification|as|permissive,31,15,11,1
zero-shot-classification|az|permissive,33,16,13,3
zero-shot-classification|be|permissive,33,16,13,3
zero-shot-classification|br|permissive,31,15,11,1
zero-shot-classification|bs|permissive,32,16,12,2
zero-shot-classification|cs|permissive,33,16,13,3
zero-shot-classification|cy|permissive,33,16,13,3
zero-shot-classification|eo|permissive,33,16,13,3
zero-shot-classification|et|permissive,33,16,13,3
zero-shot-classification|eu|permissive,33,16,13,3
zero-shot-classification|fi|permissive,33,16,13,3
zero-shot-classification|fy|permissive,33,16,13,3
zero-shot-classification|ga|permissive,33,16,13,3
zero-shot-classification|gd|permissive,33,16,13,3
zero-shot-classification|gl|permissive,33,16,13,3
zero-shot-classification|gu|permissive,33,16,13,3
zero-shot-classification|ha|permissive,33,16,13,3
zero-shot-classification|hr|permissive,32,16,12,2
zero-shot-classification|hu|permissive,33,16,13,3
zero-shot-classification|hy|permissive,33,16,13,3
zero-shot-classification|is|permissive,33,16,13,3
zero-shot-classification|jv|permissive,32,15,12,2
zero-shot-classification|ka|permissive,33,16,13,3
zero-shot-classification|kk|permissive,33,16,13,3
zero-shot-classification|km|permissive,33,16,13,3
zero-shot-classification|kn|permissive,33,16,13,3
zero-shot-classification|ku|permissive,33,16,13,3
zero-shot-classification|ky|permissive,33,16,13,3
zero-shot-classification|la|permissive,33,16,13,3
zero-shot-classification|lo|permissive,33,16,13,3
zero-shot-classification|lt|permissive,33,16,13,3
zero-shot-classification|lv|permissive,33,16,13,3
zero-shot-classification|mg|permissive,33,16,13,3
zero-shot-classification|mk|permissive,33,16,13,3
zero-shot-classification|ml|permissive,33,16,13,3
zero-shot-classification|mn|permissive,33,16,13,3
zero-shot-classification|ms|permissive,33,16,13,3
zero-shot-classification|ne|permissive,33,16,13,3
zero-shot-classification|om|permissive,31,15,11,1
zero-shot-classification|or|permissive,31,15,11,1
zero-shot-classification|pa|permissive,33,16,13,3
zero-shot-classification|ro|permissive,33,16,13,3
zero-shot-classification|sa|permissive,31,15,11,1
zero-shot-classification|sd|permissive,33,16,13,3
zero-shot-classification|si|permissive,33,16,13,3
zero-shot-classification|sk|permissive,33,16,13,3
zero-shot-classification|sl|permissive,33,16,13,3
zero-shot-classification|so|permissive,33,16,13,3
zero-shot-classification|sq|permissive,33,16,13,3
zero-shot-classification|sr|permissive,33,16,13,3
zero-shot-classification|su|permissive,33,16,13,3
zero-shot-classification|te|permissive,33,16,13,3
zero-shot-classification|tl|permissive,32,16,12,2
zero-shot-classification|ug|permissive,31,15,11,1
zero-shot-classification|uz|permissive,33,16,13,3
zero-shot-classification|xh|permissive,33,16,13,3
zero-shot-classification|yi|permissive,33,16,13,3
text-classification|unk|no_derivatives,3,0,1,3
multiple-choice|id|permissive,163,59,34,1
image-to-text|ja|other,23,6,21,14
text-to-speech|ca|permissive,347,66,247,37
token-classification|gv|permissive,2331,280,269,1
text-generation|no|vendor_custom,2537,997,289,92
text-generation|it|vendor_custom,3041,1125,298,3542
text-to-image|fr|responsible_ai,10629,396,4170,14
question-answering|fr|copyleft,32,11,8,2
text-to-speech|ja|other,100,30,97,133
text-to-speech|zh|other,110,30,106,182
text-generation|ms|unknown,127991,15539,8681,155
unk|aa|responsible_ai,693,78,429,1
text-generation|pl|vendor_custom,2548,1017,287,140
automatic-speech-recognition|kk|unknown,8186,122,508,8
text-generation|ru|other,3629,1267,815,697
text-generation|ch|unknown,127946,15512,8675,1
fill-mask|kg|unknown,6419,326,751,1
question-answering|zh|responsible_ai,21,7,6,1
translation|en|other,45,36,34,115
translation|rw|other,9,5,7,1
text-classification|as|unknown,49437,901,2356,3
text-classification|pa|unknown,49440,902,2356,6
text-generation|es|other,3798,1312,958,2296
question-answering|bn|other,30,7,10,4
question-answering|en|other,38,13,12,15
question-answering|hi|other,32,7,10,6
question-answering|te|other,28,7,9,2
automatic-speech-recognition|sw|unknown,8187,122,505,17
image-text-to-text|unk|other,704,244,374,2160
text-generation|ar|vendor_custom,2556,1019,299,236
text-generation|bg|vendor_custom,2529,999,285,57
text-generation|bn|vendor_custom,2533,1001,285,107
text-generation|ca|vendor_custom,2523,994,285,32
text-generation|cs|vendor_custom,2527,997,285,43
text-generation|da|vendor_custom,2535,1000,290,90
text-generation|el|vendor_custom,2527,997,286,58
text-generation|eo|vendor_custom,2522,993,285,5
text-generation|eu|vendor_custom,2533,1000,285,56
text-generation|fa|vendor_custom,2527,996,285,59
text-generation|fi|vendor_custom,2542,1008,287,108
text-generation|gl|vendor_custom,2522,993,285,42
text-generation|he|vendor_custom,2526,996,286,18
text-generation|hu|vendor_custom,2543,1001,285,74
text-generation|nb|vendor_custom,2530,995,290,38
text-generation|nl|vendor_custom,2530,1000,285,70
text-generation|pt|vendor_custom,3021,1112,295,3490
text-generation|ro|vendor_custom,2529,996,289,47
text-generation|sk|vendor_custom,2525,996,285,25
text-generation|sv|vendor_custom,2533,997,290,67
text-generation|th|vendor_custom,3039,1118,298,3493
text-generation|tr|vendor_custom,2547,1010,288,287
text-generation|uk|vendor_custom,2525,996,285,49
text-generation|vi|vendor_custom,2551,1011,288,238
unk|ja|vendor_custom,2660,458,1292,140
unconditional-image-generation|en|responsible_ai,1,0,1,1
summarization|ms|unknown,517,41,67,1
unk|nb|other,17560,680,16283,5
text-to-speech|nb|permissive,345,66,245,32
text-to-speech|no|permissive,356,68,255,126
text-generation|he|unknown,127951,15514,8678,42
text-to-audio|it|unknown,849,15,158,1
image-text-to-text|de|copyleft,28,13,22,1
image-text-to-text|la|copyleft,28,13,22,1
tabular-classification|en|permissive,79,6,78,24
feature-extraction|he|unknown,10682,272,2133,4
unk|ro|responsible_ai,694,79,430,5
text-to-audio|ha|permissive,203,34,108,1
token-classification|th|copyleft,89,18,29,2
text-generation|si|vendor_custom,2523,993,286,46
image-to-text|ja|noncommercial,28,3,28,14
image-to-text|ja|vendor_custom,13,3,11,3
image-to-text|en|noncommercial,19,5,19,5
fill-mask|bm|permissive,1964,221,211,5
fill-mask|kr|permissive,1963,221,211,4
fill-mask|sg|permissive,1963,221,211,4
object-detection|unk|other,53,7,51,40
text-to-audio|vi|unknown,849,15,158,1
text-classification|ja|other,130,43,40,17
text-to-speech|yo|noncommercial,1244,81,41,20
translation|ks|permissive,5328,1592,1745,171
token-classification|ab|permissive,2333,282,271,3
text-to-image|es|other,1711,168,440,8
text-to-speech|id|copyleft,13,3,6,3
image-classification|en|copyleft,93,39,74,34
text-generation|sr|unknown,127947,15513,8675,5
image-to-text|fa|unknown,123,30,97,8
text-to-speech|unk|other,213,64,189,98
unk|tl|responsible_ai,693,78,429,1
text-to-image|lo|other,1710,167,439,1
text-to-image|ar|other,1710,167,439,2
feature-extraction|ch|permissive,1703,312,673,1
question-answering|en|vendor_custom,37,27,9,84
text-classification|es|noncommercial,289,68,151,25
text-to-speech|ar|noncommercial,1278,88,68,90
translation|aa|permissive,5311,1586,1735,109
translation|ak|permissive,5308,1586,1735,105
translation|av|permissive,5307,1586,1735,101
translation|ay|permissive,5303,1586,1735,93
translation|bm|permissive,5307,1586,1735,102
translation|dv|permissive,5323,1589,1735,138
translation|dz|permissive,5307,1586,1735,102
translation|iu|permissive,5307,1586,1735,101
translation|kv|permissive,5313,1586,1735,113
translation|nr|permissive,5310,1586,1735,107
translation|oj|permissive,5307,1586,1735,101
translation|tg|permissive,5318,1590,1735,138
translation|za|permissive,5308,1586,1735,103
image-classification|vi|responsible_ai,22,2,12,1
text-generation|vi|other,3548,1250,777,378
audio-classification|bn|unknown,924,35,167,1
feature-extraction|vi|unknown,10683,272,2134,6
video-text-to-text|unk|vendor_custom,18,8,16,6
text-to-audio|no|permissive,203,34,108,1
text-generation|sa|unknown,127949,15514,8678,9
multiple-choice|zh|unknown,610,16,60,1
tabular-regression|en|permissive,77,3,76,52
fill-mask|mt|unknown,6420,326,751,2
text-to-image|ru|responsible_ai,10629,396,4170,14
text-to-audio|en|unknown,856,17,163,9
image-classification|ar|permissive,4997,718,3299,9
question-answering|ko|other,27,7,8,1
summarization|ja|copyleft,3,3,2,1
text-generation|cs|unknown,127951,15516,8679,59
text-generation|is|unknown,127951,15513,8675,8
text-generation|ko|copyleft,458,186,117,85
image-text-to-text|en|responsible_ai,31,9,9,11
fill-mask|ch|noncommercial,84,25,26,1
image-to-text|sv|permissive,278,90,195,33
question-answering|unk|vendor_custom,44,32,10,18
text-generation|or|noncommercial,2018,972,188,1
text-generation|ko|other,3825,1344,904,2155
text-to-image|de|permissive,1598,261,1203,5
text-to-image|ru|permissive,1604,262,1206,16
text-generation|ro|unknown,127950,15513,8677,28
other|en|unknown,12,1,9,5
other|zh|unknown,10,0,7,3
text-to-image|unk|vendor_custom,17,15,13,19
image-text-to-text|th|permissive,2178,522,1355,208
text-generation|rw|unknown,127946,15512,8675,1
text-classification|de|noncommercial,293,66,150,29
video-classification|en|unknown,422,13,422,4
image-text-to-text|unk|noncommercial,154,77,105,168
unconditional-image-generation|en|unknown,28,1,28,3
text-generation|gl|other,3486,1220,759,33
text-generation|lg|unknown,127947,15513,8675,2
text-generation|ha|unknown,127947,15513,8675,2
text-classification|tl|unknown,49446,902,2356,14
text-generation|hi|noncommercial,2088,993,191,408
text-classification|ab|other,121,38,34,2
text-classification|af|other,122,38,35,3
text-classification|ak|other,121,38,34,2
text-classification|am|other,122,38,35,3
text-classification|an|other,121,38,34,2
text-classification|ar|other,132,45,41,17
text-classification|as|other,122,38,35,3
text-classification|av|other,121,38,34,2
text-classification|ay|other,121,38,34,2
text-classification|az|other,122,38,35,3
text-classification|ba|other,121,38,34,2
text-classification|be|other,122,38,35,3
text-classification|bg|other,125,40,37,6
text-classification|bi|other,121,38,34,2
text-classification|bm|other,121,38,34,2
text-classification|bn|other,124,40,36,6
text-classification|bo|other,122,38,35,3
text-classification|br|other,121,38,34,2
text-classification|bs|other,122,39,34,4
text-classification|ca|other,122,38,35,3
text-classification|ce|other,121,38,34,2
text-classification|ch|other,121,38,34,2
text-classification|co|other,121,38,34,2
text-classification|cs|other,125,39,38,6
text-classification|cu|other,121,38,34,2
text-classification|cv|other,121,38,34,2
text-classification|cy|other,122,38,35,3
text-classification|da|other,126,40,38,7
text-classification|dv|other,122,38,35,3
text-classification|dz|other,121,38,34,2
text-classification|ee|other,121,38,34,2
text-classification|el|other,125,40,37,6
text-classification|eo|other,122,38,35,3
text-classification|et|other,124,39,37,5
text-classification|eu|other,122,38,35,3
text-classification|fa|other,122,38,35,3
text-classification|fi|other,124,39,37,5
text-classification|fj|other,121,38,34,2
text-classification|fo|other,121,38,34,2
text-classification|fy|other,121,38,34,2
text-classification|ga|other,124,39,37,5
text-classification|gd|other,121,38,34,2
text-classification|gl|other,122,38,35,3
text-classification|gn|other,121,38,34,2
text-classification|gu|other,122,38,35,3
text-classification|gv|other,121,38,34,2
text-classification|ha|other,121,38,34,2
text-classification|he|other,122,38,35,3
text-classification|hi|other,132,43,38,20
text-classification|ho|other,121,38,34,2
text-classification|hr|other,127,42,37,9
text-classification|ht|other,121,38,34,2
text-classification|hu|other,125,39,37,6
text-classification|hy|other,122,38,35,3
text-classification|hz|other,121,38,34,2
text-classification|ia|other,121,38,34,2
text-classification|id|other,124,39,36,6
text-classification|ie|other,121,38,34,2
text-classification|ig|other,121,38,34,2
text-classification|ii|other,121,38,34,2
text-classification|io|other,121,38,34,2
text-classification|is|other,122,38,35,3
text-classification|jv|other,121,38,34,2
text-classification|ka|other,122,38,35,3
text-classification|kg|other,121,38,34,2
text-classification|ki|other,121,38,34,2
text-classification|kj|other,121,38,34,2
text-classification|kk|other,122,38,35,3
text-classification|kl|other,121,38,34,2
text-classification|km|other,122,38,35,3
text-classification|kn|other,122,38,35,3
text-classification|ks|other,121,38,34,2
text-classification|kv|other,121,38,34,2
text-classification|kw|other,121,38,34,2
text-classification|ky|other,124,40,36,11
text-classification|la|other,122,38,35,3
text-classification|lb|other,121,38,34,2
text-classification|lg|other,121,38,34,2
text-classification|li|other,121,38,34,2
text-classification|ln|other,121,38,34,2
text-classification|lo|other,122,38,35,3
text-classification|lt|other,124,39,37,5
text-classification|lu|other,121,38,34,2
text-classification|lv|other,124,39,37,5
text-classification|mg|other,121,38,34,2
text-classification|mh|other,121,38,34,2
text-classification|mi|other,121,38,34,2
text-classification|mk|other,122,38,35,3
text-classification|ml|other,122,38,35,3
text-classification|mn|other,122,38,35,3
text-classification|mr|other,123,39,35,4
text-classification|ms|other,125,38,38,6
text-classification|mt|other,122,39,35,3
text-classification|my|other,122,38,35,3
text-classification|nb|other,121,38,34,2
text-classification|nd|other,121,38,34,2
text-classification|ne|other,122,38,35,3
text-classification|ng|other,121,38,34,2
text-classification|nl|other,128,42,39,13
text-classification|nn|other,121,38,34,2
text-classification|no|other,124,40,36,5
text-classification|nr|other,121,38,34,2
text-classification|nv|other,121,38,34,2
text-classification|ny|other,121,38,34,2
text-classification|oc|other,121,38,34,2
text-classification|oj|other,121,38,34,2
text-classification|om|other,121,38,34,2
text-classification|or|other,122,38,35,3
text-classification|os|other,121,38,34,2
text-classification|pa|other,122,38,35,3
text-classification|pl|other,127,41,39,11
text-classification|ps|other,121,38,34,2
text-classification|pt|other,138,43,40,26
text-classification|qu|other,121,38,34,2
text-classification|rm|other,121,38,34,2
text-classification|rn|other,121,38,34,2
text-classification|ro|other,124,39,37,5
text-classification|ru|other,128,42,40,13
text-classification|rw|other,121,38,34,2
text-classification|sa|other,121,38,34,2
text-classification|sc|other,121,38,34,2
text-classification|sd|other,121,38,34,2
text-classification|se|other,121,38,34,2
text-classification|sg|other,121,38,34,2
text-classification|si|other,122,38,35,3
text-classification|sk|other,124,39,37,5
text-classification|sl|other,125,40,37,6
text-classification|sm|other,121,38,34,2
text-classification|sn|other,121,38,34,2
text-classification|so|other,121,38,34,2
text-classification|sq|other,122,38,35,3
text-classification|sr|other,123,39,35,5
text-classification|ss|other,121,38,34,2
text-classification|st|other,122,38,35,3
text-classification|su|other,121,38,34,2
text-classification|sv|other,125,39,38,6
text-classification|sw|other,122,38,35,3
text-classification|ta|other,125,38,38,6
text-classification|te|other,122,38,35,3
text-classification|tg|other,121,38,34,2
text-classification|th|other,130,42,37,13
text-classification|ti|other,121,38,34,2
text-classification|tk|other,121,38,34,2
text-classification|tl|other,122,38,35,3
text-classification|tn|other,121,38,34,2
text-classification|to|other,121,38,34,2
text-classification|ts|other,121,38,34,2
text-classification|tt|other,121,38,34,2
text-classification|tw|other,121,38,34,2
text-classification|ty|other,121,38,34,2
text-classification|ug|other,122,38,35,3
text-classification|uk|other,124,39,37,5
text-classification|ur|other,124,38,35,5
text-classification|uz|other,121,38,34,2
text-classification|ve|other,121,38,34,2
text-classification|vi|other,126,40,39,10
text-classification|vo|other,121,38,34,2
text-classification|wa|other,121,38,34,2
text-classification|wo|other,121,38,34,2
text-classification|xh|other,122,38,35,3
text-classification|yi|other,121,38,34,2
text-classification|yo|other,122,38,35,3
text-classification|zu|other,121,38,34,2
fill-mask|bn|other,159,10,135,1
fill-mask|hi|other,163,12,137,8
fill-mask|te|other,160,10,135,2
text-generation|is|vendor_custom,2523,995,285,30
text-classification|ts|permissive,10056,774,583,3
feature-extraction|ak|responsible_ai,22,2,5,5
feature-extraction|ar|responsible_ai,23,3,5,6
feature-extraction|as|responsible_ai,22,2,5,5
feature-extraction|bm|responsible_ai,22,2,5,5
feature-extraction|bn|responsible_ai,22,2,5,5
feature-extraction|ca|responsible_ai,22,2,5,5
feature-extraction|es|responsible_ai,22,2,5,5
feature-extraction|eu|responsible_ai,22,2,5,5
feature-extraction|fr|responsible_ai,26,5,5,9
feature-extraction|gu|responsible_ai,22,2,5,5
feature-extraction|hi|responsible_ai,22,2,5,5
feature-extraction|id|responsible_ai,22,2,5,5
feature-extraction|ig|responsible_ai,22,2,5,5
feature-extraction|ki|responsible_ai,22,2,5,5
feature-extraction|kn|responsible_ai,22,2,5,5
feature-extraction|lg|responsible_ai,22,2,5,5
feature-extraction|ln|responsible_ai,22,2,5,5
feature-extraction|ml|responsible_ai,22,2,5,5
feature-extraction|mr|responsible_ai,22,2,5,5
feature-extraction|ne|responsible_ai,22,2,5,5
feature-extraction|ny|responsible_ai,22,2,5,5
feature-extraction|or|responsible_ai,22,2,5,5
feature-extraction|pa|responsible_ai,22,2,5,5
feature-extraction|pt|responsible_ai,22,2,5,5
feature-extraction|rn|responsible_ai,22,2,5,5
feature-extraction|rw|responsible_ai,22,2,5,5
feature-extraction|sn|responsible_ai,22,2,5,5
feature-extraction|st|responsible_ai,22,2,5,5
feature-extraction|sw|responsible_ai,22,2,5,5
feature-extraction|ta|responsible_ai,22,2,5,5
feature-extraction|te|responsible_ai,22,2,5,5
feature-extraction|tn|responsible_ai,22,2,5,5
feature-extraction|ts|responsible_ai,22,2,5,5
feature-extraction|tw|responsible_ai,22,2,5,5
feature-extraction|ur|responsible_ai,22,2,5,5
feature-extraction|vi|responsible_ai,22,2,5,5
feature-extraction|wo|responsible_ai,22,2,5,5
feature-extraction|xh|responsible_ai,22,2,5,5
feature-extraction|yo|responsible_ai,22,2,5,5
feature-extraction|zh|responsible_ai,22,2,5,5
feature-extraction|zu|responsible_ai,22,2,5,5
token-classification|ar|other,53,15,15,14
sentence-similarity|af|noncommercial,32,18,13,4
sentence-similarity|ak|noncommercial,32,18,13,4
sentence-similarity|am|noncommercial,32,18,13,4
sentence-similarity|ar|noncommercial,43,21,21,15
sentence-similarity|as|noncommercial,32,18,13,4
sentence-similarity|ay|noncommercial,32,18,13,4
sentence-similarity|ba|noncommercial,32,18,13,4
sentence-similarity|be|noncommercial,32,18,13,4
sentence-similarity|bg|noncommercial,32,18,13,4
sentence-similarity|bm|noncommercial,32,18,13,4
sentence-similarity|bn|noncommercial,35,20,14,7
sentence-similarity|bo|noncommercial,32,18,13,4
sentence-similarity|bs|noncommercial,32,18,13,4
sentence-similarity|ca|noncommercial,32,18,13,4
sentence-similarity|cs|noncommercial,34,18,13,6
sentence-similarity|cy|noncommercial,32,18,13,4
sentence-similarity|da|noncommercial,32,18,13,4
sentence-similarity|de|noncommercial,44,23,22,16
sentence-similarity|dz|noncommercial,32,18,13,4
sentence-similarity|ee|noncommercial,32,18,13,4
sentence-similarity|el|noncommercial,32,18,13,4
sentence-similarity|eo|noncommercial,32,18,13,4
sentence-similarity|es|noncommercial,43,22,21,15
sentence-similarity|et|noncommercial,32,18,13,4
sentence-similarity|eu|noncommercial,32,18,13,4
sentence-similarity|fa|noncommercial,36,20,15,8
sentence-similarity|ff|noncommercial,32,18,13,4
sentence-similarity|fi|noncommercial,35,20,14,7
sentence-similarity|fj|noncommercial,32,18,13,4
sentence-similarity|fo|noncommercial,32,18,13,4
sentence-similarity|fr|noncommercial,44,22,21,16
sentence-similarity|ga|noncommercial,32,18,13,4
sentence-similarity|gd|noncommercial,32,18,13,4
sentence-similarity|gl|noncommercial,32,18,13,4
sentence-similarity|gn|noncommercial,32,18,13,4
sentence-similarity|gu|noncommercial,32,18,13,4
sentence-similarity|ha|noncommercial,32,18,13,4
sentence-similarity|he|noncommercial,32,18,13,4
sentence-similarity|hi|noncommercial,42,20,20,14
sentence-similarity|hr|noncommercial,32,18,13,4
sentence-similarity|ht|noncommercial,32,18,13,4
sentence-similarity|hu|noncommercial,32,18,13,4
sentence-similarity|hy|noncommercial,32,18,13,4
sentence-similarity|id|noncommercial,41,20,20,14
sentence-similarity|ig|noncommercial,32,18,13,4
sentence-similarity|is|noncommercial,32,18,13,4
sentence-similarity|it|noncommercial,42,21,21,15
sentence-similarity|ja|noncommercial,45,24,22,18
sentence-similarity|jv|noncommercial,32,18,13,4
sentence-similarity|ka|noncommercial,32,18,13,4
sentence-similarity|kg|noncommercial,32,18,13,4
sentence-similarity|ki|noncommercial,32,18,13,4
sentence-similarity|kk|noncommercial,32,18,13,4
sentence-similarity|km|noncommercial,32,18,13,4
sentence-similarity|kn|noncommercial,32,18,13,4
sentence-similarity|ko|noncommercial,44,22,22,17
sentence-similarity|kr|noncommercial,32,18,13,4
sentence-similarity|ks|noncommercial,32,18,13,4
sentence-similarity|ky|noncommercial,32,18,13,4
sentence-similarity|lb|noncommercial,33,19,13,5
sentence-similarity|lg|noncommercial,32,18,13,4
sentence-similarity|li|noncommercial,32,18,13,4
sentence-similarity|ln|noncommercial,32,18,13,4
sentence-similarity|lo|noncommercial,32,18,13,4
sentence-similarity|lt|noncommercial,32,18,13,4
sentence-similarity|lv|noncommercial,32,18,13,4
sentence-similarity|mi|noncommercial,32,18,13,4
sentence-similarity|mk|noncommercial,32,18,13,4
sentence-similarity|ml|noncommercial,32,18,13,4
sentence-similarity|mn|noncommercial,32,18,13,4
sentence-similarity|mr|noncommercial,32,18,13,4
sentence-similarity|ms|noncommercial,32,18,13,4
sentence-similarity|mt|noncommercial,32,18,13,4
sentence-similarity|my|noncommercial,32,18,13,4
sentence-similarity|nb|noncommercial,32,18,13,4
sentence-similarity|ne|noncommercial,33,19,14,5
sentence-similarity|nl|noncommercial,35,19,16,7
sentence-similarity|nn|noncommercial,32,18,13,4
sentence-similarity|ny|noncommercial,32,18,13,4
sentence-similarity|oc|noncommercial,32,18,13,4
sentence-similarity|pa|noncommercial,32,18,13,4
sentence-similarity|pl|noncommercial,38,18,19,10
sentence-similarity|pt|noncommercial,42,21,21,14
sentence-similarity|qu|noncommercial,32,18,13,4
sentence-similarity|rn|noncommercial,32,18,13,4
sentence-similarity|ro|noncommercial,32,18,13,4
sentence-similarity|ru|noncommercial,44,23,23,16
sentence-similarity|rw|noncommercial,32,18,13,4
sentence-similarity|sa|noncommercial,32,18,13,4
sentence-similarity|sc|noncommercial,32,18,13,4
sentence-similarity|sd|noncommercial,32,18,13,4
sentence-similarity|sg|noncommercial,32,18,13,4
sentence-similarity|si|noncommercial,32,18,13,4
sentence-similarity|sk|noncommercial,32,18,13,4
sentence-similarity|sl|noncommercial,32,18,13,4
sentence-similarity|sm|noncommercial,32,18,13,4
sentence-similarity|sn|noncommercial,32,18,13,4
sentence-similarity|so|noncommercial,32,18,13,4
sentence-similarity|sr|noncommercial,32,18,13,4
sentence-similarity|ss|noncommercial,32,18,13,4
sentence-similarity|st|noncommercial,32,18,13,4
sentence-similarity|su|noncommercial,32,18,13,4
sentence-similarity|sv|noncommercial,32,18,13,4
sentence-similarity|sw|noncommercial,35,20,14,7
sentence-similarity|ta|noncommercial,32,18,13,4
sentence-similarity|te|noncommercial,36,20,14,8
sentence-similarity|tg|noncommercial,32,18,13,4
sentence-similarity|th|noncommercial,41,20,20,13
sentence-similarity|ti|noncommercial,32,18,13,4
sentence-similarity|tk|noncommercial,32,18,13,4
sentence-similarity|tl|noncommercial,32,18,13,4
sentence-similarity|tn|noncommercial,32,18,13,4
sentence-similarity|tr|noncommercial,36,20,17,8
sentence-similarity|ts|noncommercial,32,18,13,4
sentence-similarity|tt|noncommercial,32,18,13,4
sentence-similarity|tw|noncommercial,32,18,13,4
sentence-similarity|ug|noncommercial,32,18,13,4
sentence-similarity|uk|noncommercial,32,18,13,4
sentence-similarity|ur|noncommercial,32,18,13,4
sentence-similarity|uz|noncommercial,32,18,13,4
sentence-similarity|vi|noncommercial,39,19,20,11
sentence-similarity|wo|noncommercial,33,18,13,5
sentence-similarity|xh|noncommercial,32,18,13,4
sentence-similarity|yi|noncommercial,32,18,13,4
sentence-similarity|yo|noncommercial,35,20,14,7
sentence-similarity|zh|noncommercial,43,21,21,15
sentence-similarity|zu|noncommercial,32,18,13,4
text-generation|nn|vendor_custom,2528,995,289,36
automatic-speech-recognition|ff|permissive,2954,234,398,7
translation|en|vendor_custom,39,32,15,174
translation|ja|vendor_custom,28,22,10,109
text-to-speech|sl|unknown,127,20,94,12
token-classification|bg|noncommercial,252,25,166,5
document-question-answering|id|permissive,14,3,14,1
text-generation|et|unknown,127948,15513,8676,7
image-to-text|fa|permissive,276,86,192,11
text-generation|yi|other,3514,1238,754,107
feature-extraction|dv|permissive,1704,314,674,9
image-to-image|ja|responsible_ai,83,13,26,1
image-text-to-text|id|permissive,2193,530,1365,334
text-generation|km|noncommercial,2023,975,190,65
text-generation|lo|noncommercial,2020,974,190,61
text-generation|ms|noncommercial,2024,975,190,66
text-generation|my|noncommercial,2020,974,190,61
text-generation|ta|noncommercial,2024,976,190,66
text-generation|th|noncommercial,2028,978,190,74
text-generation|tl|noncommercial,2019,974,189,60
text-generation|vi|noncommercial,2083,989,191,381
feature-extraction|zh|other,171,69,137,42
text-generation|ta|vendor_custom,2530,1000,285,144
tabular-regression|unk|permissive,78,3,77,25
fill-mask|bs|copyleft,102,17,52,3
fill-mask|hr|copyleft,102,17,52,3
text-generation|aa|permissive,18874,4934,3523,18
text-generation|ak|permissive,18877,4934,3524,14
text-generation|as|permissive,18922,4954,3550,199
text-generation|av|permissive,18874,4934,3523,3
text-generation|ay|permissive,18874,4934,3523,3
text-generation|bi|permissive,18875,4935,3523,15
text-generation|bm|permissive,18875,4934,3523,13
text-generation|br|permissive,18882,4936,3525,15
text-generation|bs|permissive,18912,4957,3526,162
text-generation|ce|permissive,18875,4934,3524,12
text-generation|ch|permissive,18875,4934,3523,16
text-generation|dv|permissive,18874,4934,3523,10
text-generation|dz|permissive,18875,4934,3523,4
text-generation|ee|permissive,18876,4934,3523,12
text-generation|ff|permissive,18889,4943,3525,44
text-generation|fj|permissive,18874,4934,3523,3
text-generation|fo|permissive,18884,4936,3531,50
text-generation|gn|permissive,18880,4935,3524,19
text-generation|gv|permissive,18874,4934,3523,3
text-generation|ho|permissive,18874,4934,3523,3
text-generation|iu|permissive,18874,4934,3523,3
text-generation|kg|permissive,18876,4935,3523,10
text-generation|kj|permissive,18874,4934,3523,3
text-generation|kl|permissive,18874,4934,3523,3
text-generation|ks|permissive,18902,4939,3550,79
text-generation|kv|permissive,18874,4934,3523,3
text-generation|kw|permissive,18875,4934,3523,4
text-generation|lg|permissive,18889,4942,3525,56
text-generation|ln|permissive,18888,4942,3525,54
text-generation|lu|permissive,18874,4934,3523,3
text-generation|mh|permissive,18874,4934,3523,3
text-generation|nv|permissive,18873,4933,3523,2
text-generation|oc|permissive,18889,4944,3523,124
text-generation|oj|permissive,18873,4933,3523,2
text-generation|om|permissive,18888,4942,3525,75
text-generation|or|permissive,18930,4959,3556,250
text-generation|rm|permissive,18882,4937,3524,28
text-generation|rn|permissive,18875,4934,3524,9
text-generation|rw|permissive,18875,4934,3524,56
text-generation|sa|permissive,18930,4950,3559,173
text-generation|se|permissive,18874,4934,3523,8
text-generation|sg|permissive,18873,4933,3523,6
text-generation|ti|permissive,18877,4933,3524,35
text-generation|tn|permissive,18881,4935,3525,42
text-generation|to|permissive,18873,4933,3523,2
text-generation|ts|permissive,18874,4933,3523,9
text-generation|ve|permissive,18874,4933,3523,4
text-generation|wa|permissive,18873,4933,3523,2
text-generation|wo|permissive,18892,4944,3525,79
text-generation|za|permissive,18874,4934,3523,3
image-text-to-text|fr|permissive,2240,555,1397,687
image-text-to-text|la|permissive,2164,518,1345,65
image-text-to-text|nl|permissive,2200,535,1373,308
text-generation|fr|noncommercial,2184,1010,200,662
text-generation|az|other,3486,1220,759,31
text-generation|bg|other,3493,1222,763,52
text-generation|bn|other,3498,1231,763,93
text-generation|ca|other,3488,1222,759,38
text-generation|cs|other,3498,1228,764,147
text-generation|el|other,3492,1222,761,56
text-generation|et|other,3490,1221,760,48
text-generation|fa|other,3494,1225,763,50
text-generation|fi|other,3522,1246,761,195
text-generation|he|other,3526,1232,792,133
text-generation|hi|other,3573,1258,823,585
text-generation|hr|other,3490,1221,760,48
text-generation|hu|other,3491,1222,760,51
text-generation|hy|other,3492,1223,761,52
text-generation|id|other,3521,1242,764,300
text-generation|ka|other,3486,1220,759,31
text-generation|kk|other,3488,1221,760,33
text-generation|kn|other,3493,1227,760,80
text-generation|lt|other,3490,1221,760,48
text-generation|lv|other,3490,1221,760,49
text-generation|mk|other,3486,1220,759,31
text-generation|ml|other,3493,1227,760,76
text-generation|mr|other,3494,1228,761,78
text-generation|ne|other,3490,1223,761,77
text-generation|nl|other,3515,1238,770,219
text-generation|ro|other,3494,1223,763,137
text-generation|sk|other,3490,1221,760,48
text-generation|sl|other,3490,1221,760,53
text-generation|sq|other,3486,1220,759,32
text-generation|sr|other,3488,1221,761,41
text-generation|ta|other,3500,1233,761,131
text-generation|te|other,3496,1229,763,82
text-generation|uk|other,3490,1223,762,57
text-generation|ur|other,3493,1226,761,155
image-to-text|unk|other,32,13,27,17
text-generation|yi|unknown,127950,15513,8675,6
feature-extraction|en|vendor_custom,41,28,17,24
token-classification|tl|copyleft,89,19,28,2
automatic-speech-recognition|ta|unknown,8191,124,507,16
text-generation|nb|copyleft,427,170,107,6
text-generation|no|copyleft,427,170,107,9
image-to-video|unk|other,172,41,172,169
text-generation|no|noncommercial,2029,981,188,111
image-to-video|unk|vendor_custom,6,6,6,2
translation|ff|noncommercial,40,9,12,3
translation|kr|noncommercial,38,9,12,1
translation|qu|noncommercial,38,9,12,2
automatic-speech-recognition|az|unknown,8182,121,505,3
automatic-speech-recognition|ba|unknown,8181,121,505,2
automatic-speech-recognition|tt|unknown,8181,121,505,2
automatic-speech-recognition|ug|unknown,8185,121,505,6
automatic-speech-recognition|uz|unknown,8185,123,507,7
fill-mask|unk|vendor_custom,3,2,3,5
sentence-similarity|da|other,28,15,25,17
sentence-similarity|de|other,33,17,30,50
sentence-similarity|es|other,33,17,30,47
sentence-similarity|fr|other,33,17,30,47
sentence-similarity|nl|other,33,17,29,23
sentence-similarity|sv|other,29,16,26,41
zero-shot-classification|en|responsible_ai,3,0,1,3
zero-shot-classification|fr|responsible_ai,3,0,1,3
text-to-speech|ta|noncommercial,1254,83,45,39
text-to-speech|gu|noncommercial,1244,82,43,22
text-to-speech|mr|noncommercial,1243,81,42,19
automatic-speech-recognition|bs|noncommercial,269,36,26,21
automatic-speech-recognition|nb|noncommercial,268,35,26,8
automatic-speech-recognition|sr|noncommercial,269,36,26,21
automatic-speech-recognition|ur|noncommercial,270,36,27,22
automatic-speech-recognition|uz|noncommercial,267,36,27,20
text-generation|et|vendor_custom,2523,995,284,38
feature-extraction|bs|noncommercial,175,49,96,32
feature-extraction|gv|noncommercial,167,48,92,5
feature-extraction|hr|noncommercial,175,49,96,32
feature-extraction|id|noncommercial,176,50,97,34
feature-extraction|nn|noncommercial,167,48,92,5
feature-extraction|sa|noncommercial,175,49,96,32
feature-extraction|sc|noncommercial,167,48,92,5
feature-extraction|si|noncommercial,176,49,97,33
feature-extraction|sr|noncommercial,176,50,97,34
feature-extraction|st|noncommercial,167,48,92,5
feature-extraction|tk|noncommercial,167,48,92,5
feature-extraction|tn|noncommercial,167,48,92,5
feature-extraction|tw|noncommercial,167,48,92,5
feature-extraction|ug|noncommercial,175,49,96,32
feature-extraction|ur|noncommercial,175,49,96,32
feature-extraction|uz|noncommercial,175,49,96,32
feature-extraction|yi|noncommercial,175,49,96,32
text-generation|yi|copyleft,426,170,107,5
text-generation|cy|unknown,127948,15513,8675,5
text-classification|ha|unknown,49438,903,2356,6
text-classification|ig|unknown,49435,900,2355,2
text-classification|yo|unknown,49436,900,2355,3
text-to-image|fr|other,1710,167,439,15
text-to-image|ru|other,1710,167,439,5
text-to-image|ar|permissive,1603,262,1206,11
text-to-speech|af|noncommercial,1239,78,39,12
text-to-speech|am|noncommercial,1239,78,39,12
text-to-speech|as|noncommercial,1244,81,43,20
text-to-speech|az|noncommercial,1239,78,39,12
text-to-speech|be|noncommercial,1249,79,41,29
text-to-speech|bg|noncommercial,1239,78,39,12
text-to-speech|bn|noncommercial,1252,82,44,37
text-to-speech|bs|noncommercial,1239,78,39,12
text-to-speech|ca|noncommercial,1240,78,39,13
text-to-speech|cs|noncommercial,1240,78,40,14
text-to-speech|cy|noncommercial,1239,78,39,12
text-to-speech|da|noncommercial,1239,78,39,12
text-to-speech|el|noncommercial,1239,78,39,12
text-to-speech|et|noncommercial,1239,78,39,12
text-to-speech|fa|noncommercial,1249,79,41,31
text-to-speech|fi|noncommercial,1239,78,39,12
text-to-speech|ga|noncommercial,1238,77,38,9
text-to-speech|gl|noncommercial,1239,78,39,12
text-to-speech|ha|noncommercial,1242,79,39,18
text-to-speech|he|noncommercial,1239,78,39,13
text-to-speech|hr|noncommercial,1239,78,39,12
text-to-speech|hu|noncommercial,1249,79,41,31
text-to-speech|hy|noncommercial,1239,78,39,12
text-to-speech|id|noncommercial,1239,78,39,13
text-to-speech|ig|noncommercial,1240,79,38,14
text-to-speech|is|noncommercial,1239,78,39,12
text-to-speech|jv|noncommercial,1238,77,38,9
text-to-speech|ka|noncommercial,1249,79,41,31
text-to-speech|kk|noncommercial,1240,79,40,14
text-to-speech|km|noncommercial,1240,78,39,14
text-to-speech|kn|noncommercial,1242,81,42,20
text-to-speech|ky|noncommercial,1240,77,38,11
text-to-speech|lb|noncommercial,1241,78,40,12
text-to-speech|lg|noncommercial,1238,77,38,9
text-to-speech|ln|noncommercial,1238,77,38,9
text-to-speech|lo|noncommercial,1238,77,38,9
text-to-speech|lt|noncommercial,1249,79,41,30
text-to-speech|lv|noncommercial,1249,79,41,29
text-to-speech|mi|noncommercial,1239,78,39,12
text-to-speech|mk|noncommercial,1238,77,38,9
text-to-speech|ml|noncommercial,1242,81,42,19
text-to-speech|mn|noncommercial,1239,78,39,13
text-to-speech|ms|noncommercial,1239,78,39,12
text-to-speech|mt|noncommercial,1238,77,38,9
text-to-speech|my|noncommercial,1240,78,40,13
text-to-speech|nb|noncommercial,1239,78,39,10
text-to-speech|ne|noncommercial,1241,80,41,10
text-to-speech|nl|noncommercial,1273,87,62,80
text-to-speech|ny|noncommercial,1238,77,38,9
text-to-speech|oc|noncommercial,1238,77,38,9
text-to-speech|om|noncommercial,1238,77,38,9
text-to-speech|or|noncommercial,1241,80,41,8
text-to-speech|pa|noncommercial,1242,81,42,19
text-to-speech|ps|noncommercial,1239,78,39,14
text-to-speech|ro|noncommercial,1242,78,40,16
text-to-speech|sd|noncommercial,1239,78,39,12
text-to-speech|sk|noncommercial,1239,78,39,12
text-to-speech|sl|noncommercial,1239,78,39,12
text-to-speech|sn|noncommercial,1239,78,39,12
text-to-speech|so|noncommercial,1238,77,38,9
text-to-speech|sr|noncommercial,1239,78,39,12
text-to-speech|sv|noncommercial,1239,78,39,12
text-to-speech|sw|noncommercial,1249,79,41,32
text-to-speech|te|noncommercial,1242,81,42,21
text-to-speech|tg|noncommercial,1238,77,38,9
text-to-speech|th|noncommercial,1241,78,40,16
text-to-speech|tl|noncommercial,1239,78,39,5
text-to-speech|uk|noncommercial,1250,79,42,31
text-to-speech|ur|noncommercial,1241,80,41,18
text-to-speech|uz|noncommercial,1238,77,38,9
text-to-speech|vi|noncommercial,1253,82,49,50
text-to-speech|wo|noncommercial,1239,77,38,10
text-to-speech|xh|noncommercial,1238,77,38,9
text-to-speech|zu|noncommercial,1238,77,38,9
text-ranking|pl|copyleft,2,1,2,1
image-text-to-text|fr|copyleft,29,14,23,5
image-text-to-text|hi|copyleft,28,13,22,2
image-text-to-text|pa|copyleft,28,13,22,1
image-text-to-text|ru|copyleft,28,13,22,3
image-classification|ru|unknown,5534,132,741,2
automatic-speech-recognition|ch|permissive,2952,234,399,6
robotics|en|permissive,16411,166,16350,372
unk|yi|other,17561,679,16284,3
text-generation|km|other,3496,1226,755,83
text-generation|lo|other,3495,1225,754,86
text-generation|ms|other,3503,1231,756,132
text-generation|my|other,3498,1228,755,86
text-generation|th|other,3543,1251,776,404
text-generation|tl|other,3504,1234,756,123
image-text-to-text|en|vendor_custom,623,159,262,1019
depth-estimation|en|permissive,160,53,143,32
text-to-image|bn|noncommercial,124,59,92,3
text-to-speech|hy|permissive,347,67,244,37
text-to-audio|cs|permissive,208,35,113,6
text-to-speech|ja|copyleft,20,5,14,13
text-to-video|unk|permissive,234,64,230,302
sentence-similarity|rm|unknown,4366,464,131,2
document-question-answering|en|unknown,42,2,42,4
audio-classification|bn|permissive,586,107,268,19
audio-classification|lb|permissive,575,100,266,1
audio-classification|ur|permissive,577,100,266,6
text-generation|hi|vendor_custom,3019,1111,289,3372
text-generation|my|responsible_ai,473,90,75,4
document-question-answering|cs|permissive,23,3,23,10
text-generation|fi|responsible_ai,471,90,75,2
unk|vi|vendor_custom,2606,454,1243,18
automatic-speech-recognition|cr|permissive,2951,234,398,2
text-to-audio|sk|permissive,203,34,108,3
text-generation|yi|noncommercial,2021,976,188,9
automatic-speech-recognition|ug|copyleft,36,9,12,4
sentence-similarity|vi|other,31,14,29,19
unk|no|copyleft,815,90,413,12
feature-extraction|lg|permissive,1703,313,673,11
feature-extraction|ln|permissive,1703,313,673,11
visual-question-answering|ko|permissive,117,30,101,6
text-to-image|ru|noncommercial,122,59,89,1
unk|aa|permissive,48218,4016,25146,3
text-to-audio|unk|no_derivatives,1,0,1,1
reinforcement-learning|ae|responsible_ai,1,1,1,1
text-to-audio|unk|other,49,14,46,45
automatic-speech-recognition|af|unknown,8181,121,505,3
summarization|es|other,4,3,3,1
text-ranking|unk|unknown,123,73,27,287
text-to-image|vi|permissive,1598,260,1203,1
unk|ak|permissive,48221,4016,25148,9
unk|av|permissive,48217,4016,25146,6
unk|ay|permissive,48217,4016,25146,2
unk|bi|permissive,48217,4016,25146,2
unk|bm|permissive,48235,4017,25151,21
unk|ce|permissive,48224,4018,25148,12
unk|dz|permissive,48218,4016,25147,3
unk|ee|permissive,48219,4017,25146,4
unk|fj|permissive,48217,4016,25146,2
unk|ho|permissive,48217,4016,25146,1
unk|iu|permissive,48218,4016,25147,2
unk|kg|permissive,48219,4017,25146,4
unk|kj|permissive,48219,4017,25146,3
unk|kl|permissive,48217,4016,25146,1
unk|ks|permissive,48224,4016,25152,9
unk|kv|permissive,48217,4016,25146,1
unk|kw|permissive,48217,4016,25146,1
unk|lu|permissive,48219,4017,25146,3
unk|mh|permissive,48217,4016,25146,1
unk|nr|permissive,48221,4018,25148,11
unk|nv|permissive,48218,4016,25147,2
unk|oj|permissive,48217,4016,25146,1
unk|om|permissive,48249,4030,25160,57
unk|os|permissive,48218,4016,25147,3
unk|qu|permissive,48226,4018,25148,16
unk|rn|permissive,48220,4017,25147,7
unk|se|permissive,48223,4020,25152,7
unk|ti|permissive,48233,4019,25156,21
unk|to|permissive,48219,4016,25147,3
unk|ts|permissive,48220,4017,25147,4
unk|ug|permissive,48244,4026,25163,53
unk|ve|permissive,48221,4017,25147,5
unk|wa|permissive,48217,4016,25146,1
unk|za|permissive,48218,4017,25147,3
audio-to-audio|id|permissive,213,29,210,1
image-text-to-text|vi|copyleft,28,13,22,1
automatic-speech-recognition|pt|other,91,25,42,66
automatic-speech-recognition|it|other,92,26,43,65
automatic-speech-recognition|ms|unknown,8195,126,513,16
other|en|noncommercial,20,1,19,9
text-to-speech|da|permissive,400,77,295,183
other|en|permissive,182,10,176,50
text-to-speech|hr|permissive,347,67,247,38
text-generation|aa|unknown,127946,15513,8675,1
text-generation|af|unknown,127946,15513,8675,3
text-generation|ak|unknown,127946,15513,8675,1
text-generation|am|unknown,127957,15515,8677,25
text-generation|bm|unknown,127946,15513,8675,4
text-generation|ff|unknown,127946,15513,8675,1
text-generation|ig|unknown,127946,15513,8675,1
text-generation|ki|unknown,127946,15513,8675,1
text-generation|ln|unknown,127946,15513,8675,1
text-generation|mg|unknown,127946,15513,8675,1
text-generation|nr|unknown,127946,15513,8675,1
text-generation|om|unknown,127946,15513,8675,1
text-generation|rn|unknown,127946,15513,8675,1
text-generation|sn|unknown,127946,15513,8675,1
text-generation|ti|unknown,127947,15513,8675,2
text-generation|tn|unknown,127946,15513,8675,4
text-generation|ve|unknown,127946,15513,8675,1
text-generation|xh|unknown,127946,15513,8675,3
text-generation|yo|unknown,127946,15513,8675,1
text-generation|zu|unknown,127946,15513,8675,1
text-generation|fa|noncommercial,2081,988,189,391
image-to-text|si|permissive,270,85,187,4
image-feature-extraction|en|noncommercial,163,34,134,64
image-text-to-text|unk|vendor_custom,626,161,264,1896
object-detection|es|permissive,756,90,567,16
text-generation|eo|unknown,127947,15513,8677,4
text-generation|eu|unknown,127948,15514,8677,25
text-generation|kn|noncommercial,2020,973,188,3
text-generation|kn|vendor_custom,2523,995,284,32
image-to-3d|unk|noncommercial,31,6,31,27
text-generation|my|unknown,127951,15513,8675,39
audio-classification|unk|copyleft,16,4,11,12
text-to-image|bn|unknown,7775,285,7547,1
text-generation|tw|permissive,18880,4938,3524,39
token-classification|cv|unknown,8340,195,1145,2
text-ranking|da|permissive,53,34,25,39
image-to-image|unk|noncommercial,87,18,29,85
text-generation|jv|noncommercial,2022,974,188,62
text-generation|su|noncommercial,2018,972,188,1
image-to-text|unk|copyleft,20,10,20,10
text-classification|sq|unknown,49437,902,2356,3
image-text-to-text|ro|permissive,2188,532,1363,228
feature-extraction|da|vendor_custom,30,18,13,1
visual-question-answering|vi|unknown,170,15,61,6
text-classification|he|noncommercial,279,64,150,3
question-answering|my|vendor_custom,12,9,3,1
text-generation|te|vendor_custom,2523,996,284,51
text-generation|ml|vendor_custom,2522,995,284,22
unk|ta|vendor_custom,2615,455,1241,22
unk|te|vendor_custom,2598,453,1240,64
text-to-image|as|permissive,1598,260,1203,1
text-to-audio|fr|permissive,215,39,120,23
unk|ml|vendor_custom,2612,453,1240,15
image-classification|es|noncommercial,219,41,197,4
visual-question-answering|unk|other,17,7,13,13
zero-shot-classification|co|permissive,32,16,13,2
zero-shot-classification|ht|permissive,32,16,13,2
zero-shot-classification|ig|permissive,32,16,13,2
zero-shot-classification|lb|permissive,32,16,13,2
zero-shot-classification|mi|permissive,32,16,13,2
zero-shot-classification|mt|permissive,32,16,13,2
zero-shot-classification|ny|permissive,32,16,13,2
zero-shot-classification|sm|permissive,32,16,13,2
zero-shot-classification|sn|permissive,32,16,13,2
zero-shot-classification|st|permissive,32,16,13,2
zero-shot-classification|tg|permissive,32,16,13,2
zero-shot-classification|yo|permissive,32,16,13,2
zero-shot-classification|zu|permissive,32,16,13,2
summarization|unk|other,13,9,8,3
image-classification|fr|unknown,5533,132,741,1
text-classification|unk|vendor_custom,69,46,20,78
unk|id|copyleft,820,90,419,17
unk|id|noncommercial,1966,423,1049,21
feature-extraction|be|unknown,10681,271,2133,3
feature-extraction|uk|unknown,10682,272,2133,4
voice-activity-detection|zh|permissive,70,12,68,11
text-ranking|pl|permissive,56,37,25,46
unk|or|copyleft,815,90,413,12
image-to-text|ko|unknown,119,30,92,4
text-to-audio|lt|permissive,203,34,108,1
text-generation|jv|vendor_custom,2524,996,284,76
text-generation|su|vendor_custom,2524,996,284,78
text-generation|ne|unknown,127953,15513,8676,14
time-series-forecasting|unk|noncommercial,18,5,18,17
unk|th|other,17593,689,16300,48
summarization|uk|noncommercial,3,2,3,3
text-generation|sl|vendor_custom,2523,996,284,76
text-generation|sr|vendor_custom,2522,995,284,52
image-to-text|ar|copyleft,10,6,10,3
image-to-text|en|copyleft,16,8,16,13
text-to-audio|hu|permissive,208,35,113,6
image-to-video|unk|unknown,43,11,43,64
unk|ha|copyleft,816,90,413,13
unk|ig|copyleft,816,90,413,13
unk|yo|copyleft,816,90,413,13
translation|ja|other,29,18,23,78
automatic-speech-recognition|af|other,82,21,35,8
automatic-speech-recognition|am|other,82,21,35,8
automatic-speech-recognition|ar|other,104,31,56,88
automatic-speech-recognition|as|other,84,23,37,17
automatic-speech-recognition|az|other,82,21,35,8
automatic-speech-recognition|ba|other,82,21,35,7
automatic-speech-recognition|be|other,82,21,35,7
automatic-speech-recognition|bg|other,87,23,40,50
automatic-speech-recognition|bn|other,83,22,36,16
automatic-speech-recognition|bo|other,81,21,34,6
automatic-speech-recognition|br|other,82,21,35,7
automatic-speech-recognition|bs|other,82,21,35,7
automatic-speech-recognition|ca|other,82,21,35,7
automatic-speech-recognition|cs|other,89,24,41,59
automatic-speech-recognition|cy|other,82,21,35,8
automatic-speech-recognition|de|other,99,28,44,83
automatic-speech-recognition|el|other,88,24,40,49
automatic-speech-recognition|et|other,88,23,40,50
automatic-speech-recognition|eu|other,82,21,35,7
automatic-speech-recognition|fa|other,83,22,36,11
automatic-speech-recognition|fi|other,89,24,41,59
automatic-speech-recognition|fo|other,82,21,35,7
automatic-speech-recognition|gl|other,82,21,35,7
automatic-speech-recognition|gu|other,85,24,37,18
automatic-speech-recognition|ha|other,83,21,36,11
automatic-speech-recognition|he|other,85,22,38,43
automatic-speech-recognition|hr|other,88,23,40,51
automatic-speech-recognition|ht|other,82,21,35,9
automatic-speech-recognition|hu|other,90,25,41,60
automatic-speech-recognition|hy|other,82,21,35,8
automatic-speech-recognition|is|other,82,21,35,7
automatic-speech-recognition|ka|other,82,21,35,8
automatic-speech-recognition|kk|other,82,21,35,9
automatic-speech-recognition|km|other,84,21,37,10
automatic-speech-recognition|ko|other,105,29,52,99
automatic-speech-recognition|la|other,82,21,35,7
automatic-speech-recognition|lb|other,81,21,34,5
automatic-speech-recognition|ln|other,82,21,35,9
automatic-speech-recognition|lo|other,82,21,35,12
automatic-speech-recognition|lt|other,88,23,40,47
automatic-speech-recognition|lv|other,87,23,40,45
automatic-speech-recognition|mg|other,82,21,35,7
automatic-speech-recognition|mi|other,82,21,35,8
automatic-speech-recognition|mk|other,83,22,36,10
automatic-speech-recognition|ml|other,83,22,36,16
automatic-speech-recognition|mn|other,82,21,35,7
automatic-speech-recognition|mr|other,86,24,39,21
automatic-speech-recognition|ms|other,83,22,36,26
automatic-speech-recognition|mt|other,87,23,40,44
automatic-speech-recognition|ne|other,85,22,38,19
automatic-speech-recognition|nl|other,90,25,41,60
automatic-speech-recognition|nn|other,82,21,35,7
automatic-speech-recognition|no|other,85,22,38,42
automatic-speech-recognition|oc|other,82,21,35,7
automatic-speech-recognition|pa|other,83,22,36,15
automatic-speech-recognition|pl|other,91,25,41,62
automatic-speech-recognition|ps|other,82,21,35,7
automatic-speech-recognition|ro|other,88,23,40,57
automatic-speech-recognition|ru|other,89,25,41,61
automatic-speech-recognition|sa|other,83,22,36,15
automatic-speech-recognition|sd|other,83,22,36,15
automatic-speech-recognition|si|other,82,21,35,9
automatic-speech-recognition|sk|other,88,23,40,50
automatic-speech-recognition|sl|other,88,23,40,46
automatic-speech-recognition|sn|other,82,21,35,10
automatic-speech-recognition|so|other,82,21,35,9
automatic-speech-recognition|sq|other,82,21,35,7
automatic-speech-recognition|sr|other,83,22,35,8
automatic-speech-recognition|su|other,82,21,35,7
automatic-speech-recognition|sv|other,88,24,41,59
automatic-speech-recognition|sw|other,82,21,35,13
automatic-speech-recognition|ta|other,84,23,36,30
automatic-speech-recognition|te|other,85,24,37,20
automatic-speech-recognition|tg|other,82,21,35,8
automatic-speech-recognition|th|other,87,23,40,62
automatic-speech-recognition|tk|other,82,21,35,7
automatic-speech-recognition|tr|other,87,23,40,55
automatic-speech-recognition|tt|other,82,21,35,7
automatic-speech-recognition|uk|other,91,24,44,57
automatic-speech-recognition|ur|other,83,22,36,16
automatic-speech-recognition|uz|other,82,21,35,8
automatic-speech-recognition|vi|other,94,26,46,74
automatic-speech-recognition|yi|other,82,21,35,7
automatic-speech-recognition|yo|other,85,21,38,12
automatic-speech-recognition|zh|other,106,30,55,119
text-generation|mr|vendor_custom,2525,998,284,41
text-retrieval|en|permissive,34,7,22,23
text-generation|ar|noncommercial,2171,1000,200,585
fill-mask|id|copyleft,100,17,52,1
image-to-text|es|permissive,298,94,214,91
image-to-text|si|unknown,118,30,92,2
unk|es|other,17690,696,16339,286
text-generation|tr|noncommercial,2107,996,190,422
image-segmentation|unk|copyleft,66,8,62,73
keypoint-detection|unk|permissive,198,7,198,186
feature-extraction|unk|vendor_custom,41,28,17,55
image-classification|ja|permissive,4997,717,3298,3
unk|sr|other,17561,680,16284,26
text-generation|ro|noncommercial,2100,995,198,438
text-generation|da|noncommercial,2022,977,188,82
image-to-3d|unk|permissive,204,17,203,133
text-classification|cy|unknown,49436,902,2356,2
text-classification|eo|unknown,49436,902,2356,2
text-classification|ga|unknown,49436,902,2356,2
text-classification|gl|unknown,49436,902,2356,2
text-classification|hu|unknown,49439,902,2356,5
text-classification|km|unknown,49436,902,2356,2
text-classification|kn|unknown,49442,902,2357,10
text-classification|ku|unknown,49436,902,2356,2
text-classification|ky|unknown,49436,902,2356,2
text-classification|la|unknown,49436,902,2356,2
text-classification|lo|unknown,49436,902,2356,2
text-classification|lt|unknown,49436,902,2356,2
text-classification|lv|unknown,49436,902,2356,2
text-classification|mk|unknown,49436,902,2356,2
text-classification|mn|unknown,49437,902,2356,3
text-classification|my|unknown,49437,902,2356,3
text-classification|ne|unknown,49438,903,2356,4
text-classification|or|unknown,49441,902,2357,7
text-classification|ps|unknown,49437,902,2356,3
text-classification|sa|unknown,49438,902,2357,5
text-classification|sk|unknown,49439,902,2356,5
text-classification|so|unknown,49436,902,2356,2
text-classification|sr|unknown,49439,903,2356,8
text-classification|sv|unknown,49441,904,2357,9
text-classification|te|unknown,49442,902,2357,8
text-classification|uz|unknown,49436,902,2356,2
text-generation|sw|other,3488,1225,755,35
text-to-speech|en|copyleft,25,12,19,30
text-to-speech|zh|copyleft,16,5,10,10
image-feature-extraction|unk|responsible_ai,15,0,5,15
image-text-to-text|unk|no_derivatives,1,0,1,1
other|unk|other,59,3,59,37
token-classification|cs|copyleft,95,20,33,11
token-classification|yi|copyleft,88,18,28,1
image-to-text|la|permissive,277,85,194,9
question-answering|fr|other,26,7,8,1
image-to-text|th|unknown,127,30,100,12
text-generation|gu|vendor_custom,2524,997,284,35
image-text-to-text|vi|permissive,2190,522,1368,265
unk|ko|other,17695,701,16330,324
summarization|no|noncommercial,2,1,2,1
unk|az|copyleft,817,90,413,14
unk|cy|copyleft,816,90,413,13
unk|gd|copyleft,816,90,413,13
text-to-audio|hi|permissive,212,37,115,13
text-to-audio|ne|permissive,206,35,109,3
object-detection|id|unknown,1543,29,648,1
keypoint-detection|unk|other,18,5,18,20
text-to-image|ja|permissive,1614,261,1217,26
translation|ko|copyleft,8,4,4,9
visual-question-answering|en|vendor_custom,8,5,6,5
automatic-speech-recognition|hr|copyleft,33,9,9,5
image-text-to-text|tr|permissive,2201,535,1370,324
text-ranking|en|responsible_ai,2,1,1,2
text-ranking|fr|responsible_ai,2,1,1,2
text-generation|bo|unknown,127946,15513,8675,30
image-classification|pa|unknown,5533,132,742,1
text-generation|as|other,3484,1223,754,64
text-generation|gu|other,3489,1228,756,73
text-generation|or|other,3488,1225,755,73
text-generation|pa|other,3489,1227,756,72
text-generation|sd|other,3481,1220,754,59
token-classification|fa|copyleft,104,19,39,17
token-classification|af|other,45,7,10,1
token-classification|am|other,45,7,10,1
token-classification|as|other,45,7,10,1
token-classification|az|other,45,7,10,1
token-classification|be|other,45,7,10,1
token-classification|bg|other,47,8,11,8
token-classification|bn|other,46,8,10,3
token-classification|br|other,45,7,10,1
token-classification|bs|other,45,7,10,1
token-classification|ca|other,45,7,10,1
token-classification|cs|other,47,8,11,8
token-classification|cy|other,45,7,10,1
token-classification|da|other,47,8,11,8
token-classification|el|other,47,8,11,8
token-classification|eo|other,45,7,10,1
token-classification|es|other,58,18,20,27
token-classification|et|other,47,8,11,8
token-classification|eu|other,45,7,10,1
token-classification|fa|other,46,7,11,2
token-classification|fi|other,47,8,11,8
token-classification|fy|other,45,7,10,1
token-classification|ga|other,46,7,10,3
token-classification|gd|other,45,7,10,1
token-classification|gl|other,45,7,10,1
token-classification|gu|other,45,7,10,1
token-classification|ha|other,45,7,10,1
token-classification|he|other,46,8,11,2
token-classification|hi|other,50,12,14,11
token-classification|hu|other,47,8,11,8
token-classification|hy|other,45,7,10,1
token-classification|id|other,47,9,12,5
token-classification|is|other,46,7,10,2
token-classification|ja|other,55,17,20,16
token-classification|jv|other,45,7,10,1
token-classification|ka|other,45,7,10,1
token-classification|kk|other,45,7,10,1
token-classification|km|other,45,7,10,1
token-classification|kn|other,45,7,10,1
token-classification|ko|other,56,14,18,15
token-classification|ku|other,45,7,10,1
token-classification|ky|other,49,10,12,5
token-classification|la|other,45,7,10,1
token-classification|lo|other,45,7,10,1
token-classification|lt|other,47,8,11,8
token-classification|lv|other,47,8,11,8
token-classification|mg|other,45,7,10,1
token-classification|mk|other,45,7,10,1
token-classification|ml|other,45,7,10,1
token-classification|mn|other,45,7,10,1
token-classification|mr|other,45,7,10,1
token-classification|ms|other,46,8,10,2
token-classification|my|other,45,7,10,1
token-classification|ne|other,46,8,10,2
token-classification|nl|other,54,15,16,18
token-classification|no|other,45,7,10,1
token-classification|om|other,45,7,10,1
token-classification|or|other,45,7,10,1
token-classification|pa|other,45,7,10,1
token-classification|pl|other,52,13,16,18
token-classification|ps|other,45,7,10,1
token-classification|pt|other,58,18,17,28
token-classification|ro|other,47,8,11,8
token-classification|ru|other,53,14,17,15
token-classification|sa|other,45,7,10,1
token-classification|sd|other,45,7,10,1
token-classification|si|other,45,7,10,1
token-classification|sk|other,47,8,11,8
token-classification|sl|other,46,7,10,3
token-classification|so|other,45,7,10,1
token-classification|sq|other,45,7,10,1
token-classification|sr|other,45,7,10,1
token-classification|su|other,45,7,10,1
token-classification|sv|other,46,7,10,3
token-classification|sw|other,46,8,11,2
token-classification|ta|other,45,7,10,1
token-classification|te|other,45,7,10,1
token-classification|th|other,47,9,12,5
token-classification|tl|other,45,7,10,1
token-classification|tr|other,47,9,12,5
token-classification|ug|other,45,7,10,1
token-classification|uk|other,46,8,11,3
token-classification|ur|other,45,7,10,1
token-classification|uz|other,45,7,10,1
token-classification|vi|other,49,11,13,9
token-classification|xh|other,45,7,10,1
token-classification|yi|other,45,7,10,1
token-classification|zh|other,56,18,16,25
image-to-image|unk|copyleft,10,2,10,129
image-feature-extraction|unk|copyleft,5,3,5,6
object-detection|hy|unknown,1543,29,648,1
sentence-similarity|sv|copyleft,12,1,6,1
text-to-speech|qu|unknown,125,19,93,1
automatic-speech-recognition|co|permissive,2951,234,398,3
automatic-speech-recognition|kn|unknown,8184,122,506,5
any-to-any|unk|other,60,21,60,66
zero-shot-image-classification|unk|other,24,2,8,49
unk|it|vendor_custom,2637,456,1259,60
token-classification|ja|vendor_custom,5,5,3,4
unk|de|other,17680,698,16333,279
unk|fr|other,17694,697,16347,284
unk|it|other,17658,692,16318,246
unk|nl|other,17583,680,16301,26
unk|pt|other,17676,698,16332,267
text-generation|la|vendor_custom,2522,994,285,13
text-generation|ms|vendor_custom,2522,994,285,85
text-to-speech|id|permissive,354,68,253,99
automatic-speech-recognition|ro|unknown,8192,121,512,14
text-to-speech|ca|copyleft,12,4,6,6
image-to-3d|unk|responsible_ai,65,0,65,64
text-generation|id|copyleft,429,174,108,13
text-generation|ga|noncommercial,2024,976,188,70
image-feature-extraction|am|permissive,533,110,399,1
image-feature-extraction|en|permissive,571,123,427,52
text-generation|or|vendor_custom,2522,995,284,16
unk|si|copyleft,817,92,413,16
feature-extraction|fi|unknown,10681,272,2134,3
feature-extraction|hr|unknown,10680,272,2133,2
text-to-speech|vi|other,77,18,76,103
sentence-similarity|ti|permissive,989,163,89,3
automatic-speech-recognition|hi|responsible_ai,5,1,1,2
sentence-similarity|nb|unknown,4366,464,131,6
sentence-similarity|nn|unknown,4366,464,131,4
image-to-text|tr|permissive,276,87,191,12
image-to-3d|unk|unknown,28,6,28,32
unk|bn|vendor_custom,2602,453,1243,27
image-to-text|en|other,28,12,23,21
unk|af|copyleft,814,90,413,11
unk|am|copyleft,814,90,413,11
unk|as|copyleft,816,90,415,14
unk|be|copyleft,814,90,413,11
unk|bm|copyleft,814,90,413,11
unk|bn|copyleft,815,90,413,13
unk|br|copyleft,814,90,413,11
unk|eo|copyleft,814,90,413,11
unk|fa|copyleft,816,91,413,13
unk|ff|copyleft,814,90,413,11
unk|fy|copyleft,814,90,413,11
unk|gn|copyleft,814,90,413,11
unk|gu|copyleft,815,91,414,13
unk|ht|copyleft,816,92,413,13
unk|hy|copyleft,814,90,413,11
unk|jv|copyleft,814,90,413,11
unk|ka|copyleft,814,90,413,12
unk|kg|copyleft,814,90,413,11
unk|kk|copyleft,814,90,413,11
unk|km|copyleft,814,90,413,11
unk|kn|copyleft,814,90,413,12
unk|ku|copyleft,814,90,413,11
unk|ky|copyleft,814,90,413,11
unk|la|copyleft,815,91,413,12
unk|lg|copyleft,814,90,413,11
unk|ln|copyleft,814,90,413,11
unk|lo|copyleft,814,90,413,11
unk|mg|copyleft,814,90,413,11
unk|ml|copyleft,814,90,413,12
unk|mn|copyleft,814,90,413,11
unk|mr|copyleft,815,91,414,13
unk|ms|copyleft,814,90,413,11
unk|my|copyleft,814,90,413,11
unk|ne|copyleft,814,90,413,11
unk|om|copyleft,814,90,413,11
unk|pa|copyleft,814,90,413,12
unk|ps|copyleft,814,90,413,11
unk|qu|copyleft,814,90,413,11
unk|sa|copyleft,815,90,414,13
unk|sd|copyleft,814,90,413,11
unk|so|copyleft,814,90,413,11
unk|ss|copyleft,814,90,413,11
unk|su|copyleft,814,90,413,11
unk|ta|copyleft,815,90,413,13
unk|te|copyleft,814,90,413,12
unk|th|copyleft,816,90,413,13
unk|ti|copyleft,814,90,413,11
unk|tn|copyleft,814,90,413,11
unk|ur|copyleft,814,90,413,12
unk|uz|copyleft,814,90,413,11
unk|wo|copyleft,818,90,417,15
unk|xh|copyleft,814,90,413,11
unk|bs|noncommercial,1951,422,1034,5
unk|gd|noncommercial,1951,422,1034,5
unk|hr|noncommercial,1953,422,1035,7
unk|sa|noncommercial,1952,422,1034,6
unk|si|noncommercial,1951,422,1034,5
unk|sr|noncommercial,1953,424,1035,9
unk|ug|noncommercial,1952,422,1035,6
unk|ur|noncommercial,1952,422,1034,6
unk|uz|noncommercial,1952,422,1035,6
unk|yi|noncommercial,1951,422,1034,5
unk|he|other,17575,679,16299,17
text-generation|af|vendor_custom,2521,994,284,20
text-generation|am|vendor_custom,2521,994,284,15
text-generation|ee|vendor_custom,2520,993,284,1
robotics|unk|unknown,1536,64,1522,1800
text-generation|tt|noncommercial,2019,973,188,3
audio-classification|lg|permissive,575,100,266,5
audio-classification|mh|permissive,575,100,266,2
text-to-speech|pl|unknown,134,20,102,20
text-to-speech|sw|copyleft,15,3,8,9
text-to-image|pt|other,1711,168,440,23
text-to-image|th|other,1711,168,440,23
image-to-text|sv|unknown,116,29,90,1
video-text-to-text|unk|permissive,168,60,98,139
unk|fo|unknown,67988,4966,36075,2
text-to-3d|unk|responsible_ai,5,1,2,1
image-segmentation|zh|noncommercial,34,13,34,2
image-classification|zh|noncommercial,216,40,196,1
unk|sq|responsible_ai,694,78,431,2
question-answering|az|unknown,4365,126,257,1
reinforcement-learning|unk|copyleft,27,0,27,27
unk|sv|vendor_custom,2599,453,1241,2
image-text-to-text|id|other,528,168,272,112
image-text-to-text|km|other,504,159,262,1
image-text-to-text|lo|other,504,159,262,1
image-text-to-text|ms|other,506,159,264,17
image-text-to-text|my|other,504,159,262,1
image-text-to-text|th|other,528,168,272,106
image-text-to-text|tl|other,518,166,262,65
image-text-to-text|vi|other,528,170,271,131
image-text-to-text|zh|other,558,179,307,302
automatic-speech-recognition|is|unknown,8186,121,505,7
text-to-audio|rw|permissive,203,34,108,1
text-to-audio|sw|permissive,203,34,108,3
token-classification|cs|noncommercial,253,25,167,9
text-to-audio|ne|unknown,848,15,158,1
translation|ru|vendor_custom,16,14,5,82
zero-shot-image-classification|am|permissive,556,71,63,3
zero-shot-image-classification|ar|permissive,557,71,64,4
zero-shot-image-classification|fr|permissive,558,72,65,5
zero-shot-image-classification|ha|permissive,556,71,63,3
zero-shot-image-classification|ig|permissive,554,71,63,1
zero-shot-image-classification|pt|permissive,557,72,64,4
zero-shot-image-classification|sn|permissive,554,71,63,1
zero-shot-image-classification|sw|permissive,556,71,63,3
zero-shot-image-classification|yo|permissive,554,71,63,1
zero-shot-image-classification|zu|permissive,554,71,63,1
object-detection|en|other,49,6,47,10
text-to-image|es|permissive,1598,260,1203,2
text-to-image|eu|permissive,1598,260,1203,1
text-to-speech|sw|unknown,128,20,94,15
image-to-text|th|permissive,278,85,194,25
sentence-similarity|ko|copyleft,14,3,6,5
text-to-video|en|unknown,55,15,54,15
text-to-image|ae|permissive,1598,260,1203,1
object-detection|unk|noncommercial,54,6,54,47
text-ranking|th|unknown,89,46,22,1
voice-activity-detection|unk|unknown,8,3,8,9
automatic-speech-recognition|mn|unknown,8183,122,505,5
feature-extraction|af|other,144,59,128,1
feature-extraction|am|other,144,59,128,1
feature-extraction|ar|other,147,62,130,17
feature-extraction|as|other,146,61,130,3
feature-extraction|az|other,144,59,128,1
feature-extraction|ba|other,144,59,128,1
feature-extraction|be|other,144,59,128,1
feature-extraction|bg|other,146,61,130,3
feature-extraction|bn|other,146,61,130,3
feature-extraction|bo|other,144,59,128,1
feature-extraction|br|other,144,59,128,1
feature-extraction|bs|other,144,59,128,1
feature-extraction|ca|other,144,59,128,1
feature-extraction|co|other,144,59,128,1
feature-extraction|cs|other,144,59,128,1
feature-extraction|cy|other,144,59,128,1
feature-extraction|da|other,146,61,130,3
feature-extraction|de|other,153,68,132,31
feature-extraction|dv|other,144,59,128,1
feature-extraction|el|other,144,59,128,1
feature-extraction|eo|other,144,59,128,1
feature-extraction|es|other,149,64,132,25
feature-extraction|et|other,144,59,128,1
feature-extraction|eu|other,144,59,128,1
feature-extraction|fa|other,146,61,130,3
feature-extraction|fi|other,146,61,130,4
feature-extraction|fo|other,144,59,128,1
feature-extraction|fr|other,149,63,132,19
feature-extraction|fy|other,144,59,128,1
feature-extraction|ga|other,144,59,128,1
feature-extraction|gd|other,144,59,128,1
feature-extraction|gl|other,144,59,128,1
feature-extraction|gu|other,144,59,128,1
feature-extraction|ha|other,144,59,128,1
feature-extraction|he|other,144,59,128,1
feature-extraction|hi|other,147,62,130,6
feature-extraction|hr|other,144,59,128,1
feature-extraction|ht|other,144,59,128,1
feature-extraction|hu|other,144,59,128,1
feature-extraction|hy|other,144,59,128,1
feature-extraction|id|other,150,61,134,7
feature-extraction|is|other,144,59,128,1
feature-extraction|it|other,148,63,131,18
feature-extraction|jv|other,144,59,128,1
feature-extraction|ka|other,144,59,128,1
feature-extraction|kk|other,145,60,129,2
feature-extraction|km|other,144,59,128,1
feature-extraction|kn|other,144,59,128,1
feature-extraction|ko|other,150,65,132,18
feature-extraction|ku|other,144,59,128,1
feature-extraction|ky|other,144,59,128,1
feature-extraction|la|other,144,59,128,1
feature-extraction|lb|other,144,59,128,1
feature-extraction|lo|other,144,59,128,1
feature-extraction|lt|other,144,59,128,1
feature-extraction|lv|other,144,59,128,1
feature-extraction|mg|other,144,59,128,1
feature-extraction|mi|other,144,59,128,1
feature-extraction|mk|other,144,59,128,1
feature-extraction|ml|other,144,59,128,1
feature-extraction|mn|other,144,59,128,1
feature-extraction|mr|other,146,61,130,3
feature-extraction|ms|other,150,61,134,7
feature-extraction|mt|other,144,59,128,1
feature-extraction|my|other,144,59,128,1
feature-extraction|ne|other,146,61,130,3
feature-extraction|nl|other,146,61,130,5
feature-extraction|nn|other,144,59,128,1
feature-extraction|no|other,146,61,130,14
feature-extraction|oc|other,144,59,128,1
feature-extraction|or|other,144,59,128,1
feature-extraction|pa|other,144,59,128,1
feature-extraction|pl|other,145,59,128,4
feature-extraction|ps|other,144,59,128,1
feature-extraction|pt|other,148,63,131,18
feature-extraction|rm|other,144,59,128,1
feature-extraction|ro|other,146,61,130,3
feature-extraction|ru|other,149,64,132,8
feature-extraction|rw|other,144,59,128,1
feature-extraction|sa|other,144,59,128,1
feature-extraction|sd|other,144,59,128,1
feature-extraction|si|other,145,59,129,2
feature-extraction|sk|other,144,59,128,1
feature-extraction|sl|other,144,59,128,1
feature-extraction|so|other,144,59,128,1
feature-extraction|sq|other,144,59,128,1
feature-extraction|sr|other,144,59,128,1
feature-extraction|su|other,144,59,128,1
feature-extraction|sv|other,146,61,130,15
feature-extraction|sw|other,146,61,130,3
feature-extraction|ta|other,150,61,134,7
feature-extraction|te|other,146,61,130,3
feature-extraction|tg|other,144,59,128,1
feature-extraction|th|other,150,61,134,7
feature-extraction|tk|other,144,59,128,1
feature-extraction|tl|other,144,59,128,1
feature-extraction|tr|other,145,59,129,4
feature-extraction|tt|other,144,59,128,1
feature-extraction|ug|other,144,59,128,1
feature-extraction|uk|other,146,61,130,3
feature-extraction|ur|other,146,61,130,3
feature-extraction|uz|other,144,59,128,1
feature-extraction|vi|other,150,61,134,9
feature-extraction|xh|other,144,59,128,1
feature-extraction|yi|other,144,59,128,1
feature-extraction|yo|other,144,59,128,1
feature-extraction|zu|other,144,59,128,1
automatic-speech-recognition|za|permissive,2951,234,398,1
image-text-to-text|en|noncommercial,148,72,102,203
image-text-to-text|ko|noncommercial,107,52,76,45
image-to-text|mn|unknown,119,29,91,3
reinforcement-learning|en|permissive,1075,115,369,436
table-question-answering|th|permissive,9,5,8,3
depth-estimation|en|responsible_ai,6,1,6,6
text-ranking|pt|noncommercial,13,7,8,5
text-classification|ar|noncommercial,281,65,151,15
text-classification|az|noncommercial,279,63,150,3
text-classification|bg|noncommercial,278,63,150,2
text-classification|el|noncommercial,279,63,150,3
text-classification|hi|noncommercial,279,63,150,13
text-classification|it|noncommercial,281,65,150,15
text-classification|pl|noncommercial,280,64,150,14
text-classification|pt|noncommercial,282,67,151,18
text-classification|ru|noncommercial,284,67,153,21
text-classification|sw|noncommercial,280,64,150,15
text-classification|th|noncommercial,278,63,150,2
text-classification|ur|noncommercial,278,63,150,6
text-classification|vi|noncommercial,281,64,152,15
unk|ko|vendor_custom,2631,461,1261,93
fill-mask|se|permissive,1979,224,211,20
fill-mask|kv|permissive,1960,220,211,1
image-to-text|id|unknown,118,29,92,2
unk|de|responsible_ai,695,79,431,6
object-detection|ab|permissive,752,90,562,1
image-text-to-text|es|permissive,2239,552,1387,1018
automatic-speech-recognition|hy|unknown,8182,123,506,4
visual-question-answering|zh|permissive,137,41,114,53
text-to-audio|lb|permissive,203,34,108,1
table-question-answering|en|vendor_custom,4,4,1,5
text-to-audio|ur|permissive,204,35,109,2
text-generation|az|unknown,127945,15512,8675,2
text-generation|gl|unknown,127946,15513,8675,6
text-generation|kk|unknown,127949,15513,8676,35
text-generation|km|unknown,127947,15512,8675,35
text-generation|lt|unknown,127947,15514,8675,9
text-generation|lv|unknown,127946,15513,8675,5
text-generation|mk|unknown,127945,15512,8675,2
text-generation|ps|unknown,127945,15512,8675,2
text-generation|sl|unknown,127946,15513,8675,5
text-generation|ha|noncommercial,2022,975,188,72
text-generation|sw|noncommercial,2022,975,189,71
text-generation|xh|noncommercial,2018,973,188,64
text-generation|yo|noncommercial,2022,975,188,72
text-generation|zu|noncommercial,2021,974,188,67
unconditional-image-generation|unk|other,7,0,7,7
text-generation|ca|noncommercial,2022,975,188,63
text-generation|el|noncommercial,2080,987,189,377
text-generation|sv|noncommercial,2024,978,188,84
fill-mask|cu|permissive,1960,220,211,2
question-answering|dz|permissive,1998,211,105,1
automatic-speech-recognition|qu|permissive,2954,235,399,6
visual-question-answering|en|other,16,6,12,4
visual-question-answering|zh|other,14,4,10,2
text-to-audio|as|permissive,204,35,109,3
text-generation|am|responsible_ai,473,90,77,3
text-generation|uk|responsible_ai,474,91,78,4
question-answering|ml|unknown,4365,126,257,1
image-feature-extraction|en|other,95,25,90,73
automatic-speech-recognition|gd|permissive,2951,234,398,1
unk|ro|vendor_custom,2599,453,1241,4
text-generation|he|noncommercial,2078,985,189,373
text-generation|uk|noncommercial,2082,989,189,395
table-question-answering|unk|vendor_custom,4,4,1,2
unk|th|vendor_custom,2622,455,1248,32
unk|sn|vendor_custom,2597,453,1239,1
image-text-to-text|zh|vendor_custom,414,106,146,69
text-to-audio|en|other,46,12,43,61
image-to-text|unk|vendor_custom,20,8,17,11
translation|unk|other,61,42,40,10
text-to-speech|de|unknown,137,21,105,28
text-to-speech|ko|unknown,131,23,98,23
text-to-speech|th|unknown,134,21,97,19
object-detection|en|responsible_ai,17,2,15,1
automatic-speech-recognition|az|copyleft,37,9,12,5
unk|ar|other,17593,690,16306,71
unk|cs|other,17575,680,16298,21
unk|el|other,17561,680,16284,3
unk|fa|other,17579,684,16299,53
unk|hi|other,17597,692,16306,86
unk|id|other,17590,689,16303,66
unk|pl|other,17576,681,16299,42
unk|ro|other,17562,681,16285,27
unk|tr|other,17582,684,16300,56
unk|uk|other,17560,680,16284,25
unk|vi|other,17586,687,16301,60
text-to-image|sd|permissive,1598,260,1203,2
question-answering|da|vendor_custom,15,11,4,14
visual-question-answering|hi|vendor_custom,5,3,4,1
text-to-audio|dv|permissive,206,35,110,14
unk|ur|other,17583,685,16301,40
text-to-image|en|vendor_custom,17,15,13,11
text-generation|en|no_derivatives,22,14,7,45
fill-mask|unk|no_derivatives,1,0,1,1
text-generation|hy|unknown,127945,15512,8675,1
image-to-video|unk|permissive,228,64,221,200
unk|bo|vendor_custom,2598,453,1239,3
unk|kk|vendor_custom,2598,453,1239,1
unk|mn|vendor_custom,2598,453,1239,2
unk|ug|vendor_custom,2598,453,1239,2
text-generation|kv|unknown,127945,15512,8675,3
sentence-similarity|tg|unknown,4366,464,130,2
token-classification|la|noncommercial,257,26,164,10
unk|zh|vendor_custom,2634,458,1270,73
audio-classification|ur|noncommercial,53,27,23,2
text-to-audio|sv|permissive,204,34,108,1
unk|uk|responsible_ai,694,80,430,5
image-text-to-text|hi|vendor_custom,444,110,143,111
text-to-image|zh|permissive,1671,279,1265,298
video-text-to-text|en|vendor_custom,18,8,16,12
automatic-speech-recognition|yo|unknown,8181,121,505,5
automatic-speech-recognition|ig|unknown,8181,121,505,2
unk|ru|vendor_custom,2618,459,1249,47
text-to-speech|unk|copyleft,85,19,43,18
object-detection|es|unknown,1544,30,648,2
audio-text-to-text|en|permissive,130,51,111,201
automatic-speech-recognition|ln|unknown,8181,121,504,2
sentence-similarity|yo|unknown,4366,465,130,9
document-question-answering|ar|unknown,39,0,39,1
document-question-answering|de|unknown,39,0,39,1
document-question-answering|es|unknown,39,0,39,1
document-question-answering|fa|unknown,39,0,39,1
document-question-answering|fr|unknown,39,0,39,1
document-question-answering|hi|unknown,39,0,39,1
document-question-answering|it|unknown,39,0,39,1
document-question-answering|ja|unknown,39,0,39,1
document-question-answering|ko|unknown,39,0,39,1
document-question-answering|tr|unknown,39,0,39,1
document-question-answering|zh|unknown,39,0,39,1
reinforcement-learning|en|noncommercial,21,16,9,23
token-classification|az|noncommercial,248,25,161,2
text-to-3d|unk|unknown,1,0,1,1
zero-shot-classification|id|unknown,23,4,8,1
question-answering|az|noncommercial,12,4,4,1
depth-estimation|en|noncommercial,49,16,49,27
image-to-text|hi|permissive,276,88,192,10
automatic-speech-recognition|br|unknown,8183,123,504,4
text-generation|mk|noncommercial,2019,974,188,14
sentence-similarity|ay|permissive,987,163,88,1
sentence-similarity|bm|permissive,987,163,88,1
sentence-similarity|ee|permissive,987,163,88,1
sentence-similarity|lg|permissive,987,163,88,1
sentence-similarity|ln|permissive,987,163,88,1
sentence-similarity|rn|permissive,987,163,88,1
sentence-similarity|tn|permissive,988,164,89,17
sentence-similarity|tw|permissive,987,163,88,1
image-classification|id|unknown,5534,132,743,2
text-classification|nr|copyleft,193,36,21,1
text-classification|ss|copyleft,194,36,22,2
text-classification|st|copyleft,194,36,22,2
text-classification|tn|copyleft,194,36,22,2
text-classification|ts|copyleft,194,36,22,2
text-classification|ve|copyleft,193,36,21,1
text-classification|zu|copyleft,194,36,22,2
depth-estimation|unk|noncommercial,49,16,49,33
translation|dv|unknown,681,25,49,2
video-text-to-text|en|permissive,168,60,98,258
time-series-forecasting|en|permissive,631,45,358,40
automatic-speech-recognition|gd|noncommercial,265,35,23,4
automatic-speech-recognition|kg|noncommercial,265,35,23,4
automatic-speech-recognition|ks|noncommercial,265,35,23,4
automatic-speech-recognition|li|noncommercial,265,35,23,4
automatic-speech-recognition|nn|noncommercial,266,36,23,17
automatic-speech-recognition|sa|noncommercial,266,36,23,17
automatic-speech-recognition|sc|noncommercial,265,35,23,4
automatic-speech-recognition|si|noncommercial,266,36,23,17
automatic-speech-recognition|ss|noncommercial,265,35,23,4
automatic-speech-recognition|st|noncommercial,265,35,23,5
automatic-speech-recognition|tk|noncommercial,266,36,23,20
automatic-speech-recognition|tn|noncommercial,265,35,23,6
automatic-speech-recognition|tw|noncommercial,267,36,25,9
automatic-speech-recognition|ug|noncommercial,265,35,23,6
visual-document-retrieval|en|permissive,39,27,27,72
text-generation|sc|permissive,18877,4934,3524,14
image-segmentation|fr|permissive,931,99,830,1
image-to-text|is|permissive,269,84,186,1
translation|ki|permissive,5281,1578,1722,18
translation|li|permissive,5289,1578,1722,31
token-classification|ja|noncommercial,250,27,163,3
text-generation|el|unknown,127947,15513,8675,4
text-to-speech|es|other,99,30,96,145
text-generation|jv|other,3486,1225,754,61
unk|ar|vendor_custom,2615,453,1243,30
image-to-text|nl|permissive,277,89,194,28
image-to-text|ca|permissive,271,84,188,2
image-to-text|it|permissive,282,91,198,34
question-answering|yo|unknown,4366,128,257,2
text-to-speech|hi|unknown,135,21,103,22
text-to-speech|ar|permissive,414,79,309,222
fill-mask|bo|unknown,6419,326,751,1
object-detection|fa|unknown,1543,29,648,1
question-answering|ha|unknown,4366,127,257,2
automatic-speech-recognition|ar|copyleft,38,11,13,12
automatic-speech-recognition|en|copyleft,51,16,19,32
video-classification|en|noncommercial,118,18,118,2
text-generation|am|noncommercial,2022,975,189,65
token-classification|ar|noncommercial,253,26,165,6
mask-generation|fr|permissive,97,21,76,1
image-to-image|ja|permissive,522,56,489,1
video-text-to-text|zh|permissive,102,32,61,29
question-answering|xh|unknown,4366,127,257,2
question-answering|zu|unknown,4366,127,257,2
question-answering|de|vendor_custom,17,13,4,30
audio-classification|vi|unknown,925,36,167,2
image-classification|ja|unknown,5534,133,743,2
unconditional-image-generation|it|permissive,636,5,635,1
text-generation|tr|responsible_ai,472,89,76,2
summarization|sa|permissive,316,67,47,1
text-generation|hu|responsible_ai,471,89,75,1
text-generation|fa|responsible_ai,471,89,75,1
image-to-3d|unk|other,106,13,106,32
fill-mask|he|copyleft,102,17,52,3
unk|ms|other,17577,681,16300,44
sentence-similarity|qu|permissive,1000,166,91,37
text-ranking|af|permissive,51,34,25,37
text-ranking|az|permissive,51,34,25,37
text-ranking|be|permissive,51,34,25,37
text-ranking|bg|permissive,51,34,25,37
text-ranking|bn|permissive,56,35,26,44
text-ranking|ca|permissive,51,34,25,37
text-ranking|cs|permissive,51,34,25,38
text-ranking|cy|permissive,51,34,25,37
text-ranking|el|permissive,51,34,25,38
text-ranking|et|permissive,51,34,25,37
text-ranking|eu|permissive,51,34,25,37
text-ranking|fa|permissive,51,34,25,38
text-ranking|fi|permissive,51,34,25,37
text-ranking|gl|permissive,51,34,25,37
text-ranking|gu|permissive,52,35,25,38
text-ranking|he|permissive,51,34,25,37
text-ranking|hr|permissive,51,34,25,37
text-ranking|ht|permissive,51,34,25,37
text-ranking|hu|permissive,51,34,25,38
text-ranking|hy|permissive,51,34,25,37
text-ranking|id|permissive,56,35,26,46
text-ranking|is|permissive,51,34,25,37
text-ranking|jv|permissive,51,34,25,37
text-ranking|ka|permissive,51,34,25,37
text-ranking|kk|permissive,51,34,25,37
text-ranking|km|permissive,51,34,25,37
text-ranking|kn|permissive,52,35,25,38
text-ranking|ko|permissive,58,34,27,57
text-ranking|ky|permissive,51,34,25,37
text-ranking|lo|permissive,51,34,25,37
text-ranking|lt|permissive,51,34,25,37
text-ranking|lv|permissive,51,34,25,37
text-ranking|mk|permissive,51,34,25,37
text-ranking|ml|permissive,52,35,25,38
text-ranking|mn|permissive,51,34,25,37
text-ranking|mr|permissive,52,35,25,38
text-ranking|ms|permissive,51,34,25,37
text-ranking|my|permissive,51,34,25,37
text-ranking|ne|permissive,52,35,25,38
text-ranking|no|permissive,51,34,25,38
text-ranking|pa|permissive,52,35,25,38
text-ranking|qu|permissive,50,33,25,32
text-ranking|ro|permissive,51,34,25,37
text-ranking|si|permissive,51,34,25,37
text-ranking|sk|permissive,51,34,25,38
text-ranking|sl|permissive,51,34,25,37
text-ranking|so|permissive,51,34,25,37
text-ranking|sq|permissive,51,34,25,37
text-ranking|sr|permissive,51,34,25,37
text-ranking|sv|permissive,51,34,25,37
text-ranking|sw|permissive,55,34,26,43
text-ranking|ta|permissive,52,35,25,38
text-ranking|te|permissive,56,35,26,44
text-ranking|th|permissive,55,34,26,43
text-ranking|tl|permissive,51,34,25,37
text-ranking|tr|permissive,53,36,25,44
text-ranking|uk|permissive,52,35,25,40
text-ranking|ur|permissive,52,35,25,38
text-ranking|yo|permissive,51,34,25,37
text-to-speech|rw|copyleft,11,2,5,1
text-to-speech|wa|unknown,125,19,94,1
unk|hi|vendor_custom,2636,455,1247,77
unk|pt|vendor_custom,2631,457,1253,44
summarization|unk|vendor_custom,43,41,10,16
text-to-audio|cs|noncommercial,94,19,27,1
summarization|en|vendor_custom,38,37,7,15
text-to-speech|ur|permissive,361,72,257,65
text-to-image|it|responsible_ai,10624,394,4167,2
text-to-image|uk|responsible_ai,10624,394,4167,1
any-to-any|unk|unknown,24,10,23,24
text-classification|tr|vendor_custom,29,23,11,10
text-to-speech|az|copyleft,12,4,5,5
text-generation|uz|vendor_custom,2523,995,284,28
question-answering|uz|vendor_custom,14,11,4,8
image-text-to-text|he|unknown,7925,484,3233,1
sentence-similarity|en|vendor_custom,69,8,7,21
audio-classification|unk|other,29,7,28,9
fill-mask|oc|copyleft,102,19,52,3
token-classification|oc|copyleft,88,18,28,1
text-to-speech|sw|permissive,372,71,269,149
text-to-video|en|permissive,233,63,229,375
fill-mask|qu|permissive,1962,221,212,3
image-to-image|en|other,108,34,60,182
unk|km|other,17574,679,16297,16
unk|lo|other,17574,679,16297,16
unk|my|other,17578,683,16297,29
unk|tl|other,17581,686,16296,32
text-generation|bg|unknown,127946,15513,8675,3
text-generation|ga|unknown,127946,15513,8675,3
text-generation|mt|unknown,127946,15513,8675,3
text-generation|nn|unknown,127946,15513,8675,3
text-generation|oc|unknown,127948,15513,8676,10
text-generation|sk|unknown,127946,15513,8675,4
text-generation|sq|unknown,127945,15512,8675,3
audio-to-audio|es|unknown,31,4,31,6
image-to-text|ur|unknown,117,30,91,1
audio-text-to-text|en|vendor_custom,10,6,8,10
audio-text-to-text|hi|vendor_custom,4,2,4,2
sentence-similarity|ht|unknown,4365,464,130,8
sentence-similarity|qu|unknown,4365,464,130,8
text-to-image|hi|permissive,1600,260,1205,3
text-to-image|ko|permissive,1599,260,1204,31
text-generation|sq|vendor_custom,2521,994,284,4
graph-ml|th|unknown,1,0,1,1
feature-extraction|ff|permissive,1703,313,673,1
feature-extraction|ss|permissive,1703,313,673,1
feature-extraction|tn|permissive,1703,313,673,6
image-to-text|ar|other,13,5,11,1
unk|an|noncommercial,1947,419,1031,1
feature-extraction|qu|permissive,1706,316,673,11
document-question-answering|fa|permissive,14,3,14,1
automatic-speech-recognition|xh|permissive,2958,234,400,14
text-to-video|en|other,128,30,127,160
translation|bo|other,11,8,9,19
image-text-to-text|ko|unknown,7927,485,3235,4
text-to-image|en|no_derivatives,4,3,3,1
automatic-speech-recognition|mr|unknown,8185,124,506,8
unk|lt|vendor_custom,2600,456,1239,14
text-classification|aa|permissive,10055,773,583,3
audio-text-to-text|ar|permissive,72,18,70,59
audio-text-to-text|de|permissive,72,17,71,73
audio-text-to-text|es|permissive,72,17,71,73
audio-text-to-text|fr|permissive,72,17,71,73
audio-text-to-text|it|permissive,72,17,71,73
audio-text-to-text|ja|permissive,70,15,69,57
audio-text-to-text|pt|permissive,72,17,71,73
audio-text-to-text|ru|permissive,71,16,70,59
any-to-any|unk|permissive,753,109,731,1697
text-generation|zu|vendor_custom,2520,993,284,4
translation|ch|noncommercial,37,9,12,1
image-text-to-text|ko|permissive,2223,549,1382,896
audio-classification|unk|responsible_ai,7,5,4,23
other|ar|other,37,2,37,1
other|bn|other,37,2,37,1
other|cs|other,37,2,37,1
other|de|other,38,2,38,2
other|en|other,59,3,59,23
other|es|other,38,2,38,2
other|fa|other,37,2,37,1
other|fr|other,38,2,38,2
other|he|other,37,2,37,1
other|hi|other,37,2,37,1
other|id|other,37,2,37,1
other|ja|other,38,2,38,2
other|km|other,37,2,37,1
other|ko|other,37,2,37,1
other|lo|other,37,2,37,1
other|ms|other,37,2,37,1
other|my|other,37,2,37,1
other|nl|other,38,2,38,2
other|pl|other,38,2,38,2
other|pt|other,38,2,38,2
other|ru|other,37,2,37,1
other|th|other,37,2,37,1
other|tl|other,37,2,37,1
other|tr|other,37,2,37,1
other|ur|other,37,2,37,1
other|vi|other,37,2,37,1
visual-question-answering|unk|vendor_custom,10,7,6,4
image-text-to-text|ko|vendor_custom,415,108,148,82
image-text-to-text|fa|permissive,2187,525,1361,290
translation|ko|vendor_custom,18,17,5,88
translation|unk|vendor_custom,49,38,19,47
text-to-image|ie|permissive,1597,260,1202,1
feature-extraction|gd|noncommercial,171,47,96,27
automatic-speech-recognition|ks|permissive,2955,237,402,9
text-generation|kg|unknown,127946,15512,8675,1
text-generation|my|vendor_custom,2521,994,284,100
unk|si|vendor_custom,2597,453,1239,54
unk|my|vendor_custom,2597,453,1239,52
unk|el|vendor_custom,2597,453,1239,3
text-generation|sw|vendor_custom,2521,993,285,18
text-to-audio|it|permissive,210,37,115,14
keypoint-detection|en|noncommercial,17,2,17,9
image-segmentation|en|noncommercial,52,16,52,22
unk|id|vendor_custom,2607,454,1244,65
image-to-text|fi|permissive,270,85,187,4
image-text-to-text|pl|permissive,2191,529,1362,321
text-to-image|an|permissive,1597,260,1202,1
text-to-image|it|permissive,1597,260,1202,2
visual-document-retrieval|fr|permissive,26,22,16,29
any-to-any|en|permissive,751,107,729,486
depth-estimation|unk|other,11,7,11,20
image-to-video|en|other,172,41,172,271
automatic-speech-recognition|lg|unknown,8186,122,508,12
visual-question-answering|af|unknown,168,17,56,1
visual-question-answering|bm|unknown,168,17,56,1
visual-question-answering|ca|unknown,168,17,56,1
visual-question-answering|es|unknown,168,17,56,1
visual-question-answering|ha|unknown,168,17,56,1
visual-question-answering|hi|unknown,168,17,56,1
visual-question-answering|ig|unknown,168,17,56,1
visual-question-answering|so|unknown,168,17,56,1
visual-question-answering|su|unknown,168,17,56,1
visual-question-answering|sw|unknown,168,17,56,1
visual-question-answering|tw|unknown,168,17,56,1
visual-question-answering|xh|unknown,168,17,56,1
visual-question-answering|zu|unknown,168,17,56,1
image-to-text|af|unknown,120,33,91,2
image-to-text|bm|unknown,120,33,91,2
image-to-text|ca|unknown,120,33,91,2
image-to-text|es|unknown,120,33,91,2
image-to-text|ha|unknown,120,33,91,2
image-to-text|hi|unknown,120,33,91,2
image-to-text|ig|unknown,120,33,91,2
image-to-text|so|unknown,120,33,91,2
image-to-text|su|unknown,120,33,91,2
image-to-text|sw|unknown,120,33,91,2
image-to-text|tw|unknown,120,33,91,2
image-to-text|xh|unknown,120,33,91,2
image-to-text|zu|unknown,120,33,91,2
video-text-to-text|af|unknown,27,13,13,1
video-text-to-text|bm|unknown,27,13,13,1
video-text-to-text|ca|unknown,27,13,13,1
video-text-to-text|es|unknown,27,13,13,1
video-text-to-text|ha|unknown,27,13,13,1
video-text-to-text|hi|unknown,27,13,13,1
video-text-to-text|ig|unknown,27,13,13,1
video-text-to-text|so|unknown,27,13,13,1
video-text-to-text|su|unknown,27,13,13,1
video-text-to-text|sw|unknown,27,13,13,1
video-text-to-text|tw|unknown,27,13,13,1
video-text-to-text|xh|unknown,27,13,13,1
video-text-to-text|zu|unknown,27,13,13,1
video-text-to-text|en|other,15,11,8,19
token-classification|lb|copyleft,88,17,29,1
image-text-to-text|de|vendor_custom,446,113,146,125
image-text-to-text|es|vendor_custom,444,112,145,135
image-text-to-text|fr|vendor_custom,444,112,145,128
image-text-to-text|it|vendor_custom,442,110,143,86
image-text-to-text|pt|vendor_custom,444,112,145,110
image-text-to-text|th|vendor_custom,440,108,143,90
visual-question-answering|ko|vendor_custom,5,4,4,2
text-ranking|pl|vendor_custom,4,0,2,4
multiple-choice|zh|permissive,166,61,35,3
text-generation|ga|other,3486,1221,756,44
text-generation|mt|other,3485,1221,755,43
unk|bg|responsible_ai,693,79,429,4
unk|cs|responsible_ai,693,79,429,4
unk|da|responsible_ai,694,80,429,5
unk|fi|responsible_ai,693,79,429,4
unk|hr|responsible_ai,693,79,429,4
unk|hu|responsible_ai,693,79,429,4
unk|it|responsible_ai,693,79,429,4
unk|ko|responsible_ai,694,80,430,5
unk|nl|responsible_ai,694,79,429,5
unk|no|responsible_ai,693,79,429,4
unk|sl|responsible_ai,693,79,429,4
unk|sr|responsible_ai,693,79,429,4
unk|sv|responsible_ai,693,79,429,4
translation|pa|vendor_custom,13,12,8,5
text-classification|de|vendor_custom,33,26,11,20
text-classification|es|vendor_custom,34,27,12,21
text-classification|fr|vendor_custom,31,24,11,18
text-classification|hi|vendor_custom,32,25,11,18
text-classification|it|vendor_custom,33,26,11,21
text-classification|pt|vendor_custom,30,23,10,17
text-classification|th|vendor_custom,28,22,9,9
question-answering|ko|vendor_custom,15,12,4,16
image-to-text|ne|permissive,270,85,187,3
token-classification|bo|permissive,2334,284,269,9
table-question-answering|bn|permissive,9,5,9,2
table-question-answering|hi|permissive,9,5,9,2
automatic-speech-recognition|da|responsible_ai,9,5,4,19
video-text-to-text|es|permissive,85,25,52,1
video-text-to-text|fr|permissive,85,25,52,1
sentence-similarity|pl|vendor_custom,74,6,9,19
unk|sc|permissive,48217,4017,25145,2
audio-to-audio|zh|unknown,32,4,32,5
fill-mask|bo|copyleft,100,17,52,1
token-classification|bo|copyleft,88,18,28,1
unk|lb|unknown,67987,4965,36075,2
table-question-answering|id|unknown,39,2,39,2
text-to-image|aa|permissive,1598,261,1202,1
audio-classification|en|other,28,7,27,21
image-to-text|ne|unknown,117,29,91,1
text-to-video|unk|other,128,30,127,152
video-to-video|en|permissive,61,18,61,69
translation|cu|permissive,5284,1578,1722,20
translation|pi|permissive,5288,1578,1722,29
translation|hz|permissive,5281,1578,1722,14
translation|nd|permissive,5281,1578,1722,14
text-to-image|pt|unknown,7776,285,7548,1
text-to-image|unk|no_derivatives,4,3,3,3
translation|cr|permissive,5278,1578,1722,8
translation|ia|permissive,5278,1578,1722,8
translation|ie|permissive,5278,1578,1722,8
translation|ii|permissive,5278,1578,1722,8
translation|ik|permissive,5278,1578,1722,8
translation|kr|permissive,5278,1578,1722,8
translation|vo|permissive,5278,1578,1722,8
image-classification|id|permissive,5002,717,3301,11
translation|ms|unknown,694,31,58,83
image-classification|fr|responsible_ai,22,2,12,1
text-to-speech|mr|unknown,135,22,102,20
mask-generation|en|copyleft,1,1,1,1
question-answering|bm|permissive,2003,216,105,26
question-answering|gn|permissive,2005,218,105,29
question-answering|ln|permissive,2003,216,105,26
question-answering|rw|permissive,2003,216,105,26
question-answering|ar|vendor_custom,15,12,5,14
question-answering|bg|vendor_custom,14,11,4,13
question-answering|bm|vendor_custom,12,9,3,9
question-answering|bs|vendor_custom,14,11,4,13
question-answering|co|vendor_custom,12,9,3,9
question-answering|cs|vendor_custom,14,11,4,13
question-answering|eo|vendor_custom,12,9,3,9
question-answering|es|vendor_custom,14,11,4,14
question-answering|fr|vendor_custom,15,12,4,21
question-answering|gd|vendor_custom,12,9,3,9
question-answering|gl|vendor_custom,12,9,3,9
question-answering|gn|vendor_custom,12,9,3,9
question-answering|ha|vendor_custom,13,10,4,10
question-answering|he|vendor_custom,12,9,3,9
question-answering|hi|vendor_custom,14,11,4,15
question-answering|hr|vendor_custom,12,9,3,9
question-answering|ig|vendor_custom,13,10,4,10
question-answering|it|vendor_custom,14,11,4,14
question-answering|ja|vendor_custom,14,11,4,13
question-answering|ku|vendor_custom,14,11,4,13
question-answering|la|vendor_custom,14,11,4,13
question-answering|lb|vendor_custom,14,11,4,13
question-answering|ln|vendor_custom,12,9,3,9
question-answering|lo|vendor_custom,12,9,3,9
question-answering|mg|vendor_custom,12,9,3,9
question-answering|mn|vendor_custom,14,11,4,13
question-answering|mt|vendor_custom,12,9,3,9
question-answering|no|vendor_custom,12,9,3,5
question-answering|pt|vendor_custom,14,11,4,14
question-answering|ru|vendor_custom,14,11,4,14
question-answering|rw|vendor_custom,12,9,3,9
question-answering|sa|vendor_custom,12,9,3,9
question-answering|sk|vendor_custom,14,11,4,13
question-answering|sq|vendor_custom,12,9,3,9
question-answering|sr|vendor_custom,12,9,3,9
question-answering|sw|vendor_custom,12,9,3,9
question-answering|th|vendor_custom,15,12,4,15
question-answering|uk|vendor_custom,14,11,4,13
question-answering|vi|vendor_custom,14,11,4,15
question-answering|zh|vendor_custom,18,15,6,21
text-to-speech|lg|unknown,126,21,94,11
text-to-audio|bn|permissive,204,35,109,2
object-detection|ar|copyleft,333,25,330,63
object-detection|de|copyleft,333,25,330,63
object-detection|es|copyleft,333,25,330,63
object-detection|fr|copyleft,333,25,330,63
object-detection|ja|copyleft,335,25,332,65
object-detection|pt|copyleft,337,25,334,67
object-detection|ru|copyleft,334,25,331,67
object-detection|tr|copyleft,338,25,335,68
object-detection|vi|copyleft,333,25,330,63
object-detection|zh|copyleft,336,25,333,66
unk|pl|vendor_custom,2603,457,1239,30
text-to-speech|an|permissive,343,65,244,30
summarization|unk|copyleft,9,5,5,2
audio-text-to-text|unk|unknown,13,5,12,8
text-to-image|de|unknown,7775,285,7547,1
text-to-image|fr|unknown,7775,285,7547,1
text-to-image|ro|unknown,7775,285,7547,1
text-to-speech|rw|permissive,347,69,245,38
text-generation|he|copyleft,428,172,109,10
image-to-video|en|permissive,216,64,209,366
multiple-choice|ru|permissive,165,61,35,2
text-to-speech|en|other,147,49,133,266
text-generation|or|unknown,127946,15513,8676,17
document-question-answering|vi|permissive,16,6,16,2
text-to-audio|mr|permissive,204,35,109,2
automatic-speech-recognition|kl|permissive,2963,236,410,33
object-detection|ru|permissive,753,90,564,15
visual-question-answering|th|unknown,166,15,57,2
text-to-image|pt|permissive,1597,260,1202,5
visual-document-retrieval|unk|permissive,40,27,27,42
image-text-to-text|ja|unknown,7928,486,3235,14
unk|pi|noncommercial,1949,419,1033,2
text-generation|ar|copyleft,432,177,112,11
text-generation|fa|copyleft,428,172,109,10
text-generation|hi|copyleft,430,174,110,13
text-generation|tr|copyleft,428,173,108,14
image-classification|it|noncommercial,216,41,196,1
summarization|id|vendor_custom,7,6,4,1
image-text-to-text|ja|noncommercial,103,50,76,37
text-to-speech|as|permissive,361,72,259,72
text-to-speech|bn|permissive,373,73,261,107
text-to-speech|gu|permissive,363,74,257,83
text-to-speech|kn|permissive,367,75,260,84
text-to-speech|ks|permissive,353,69,252,44
text-to-speech|mr|permissive,364,73,259,84
text-to-speech|ne|permissive,362,71,260,44
text-to-speech|om|permissive,352,68,252,42
text-to-speech|or|permissive,358,71,256,26
text-to-speech|pa|permissive,363,73,260,80
text-to-speech|sa|permissive,357,71,256,65
text-to-speech|sd|permissive,354,70,252,49
text-to-speech|ta|permissive,365,73,262,82
text-to-speech|te|permissive,364,73,259,81
audio-to-audio|ar|noncommercial,96,2,96,3
audio-to-audio|de|noncommercial,99,3,99,6
audio-to-audio|en|noncommercial,107,6,107,16
audio-to-audio|es|noncommercial,99,3,99,6
audio-to-audio|fr|noncommercial,99,3,99,6
audio-to-audio|ja|noncommercial,98,2,98,9
audio-to-audio|ko|noncommercial,96,2,96,3
audio-to-audio|zh|noncommercial,98,2,98,5
text-generation|km|vendor_custom,2521,994,284,80
text-generation|lo|vendor_custom,2521,994,284,75
image-text-to-text|hi|permissive,2184,525,1361,263
image-text-to-text|it|permissive,2215,541,1380,503
image-text-to-text|pt|permissive,2216,542,1380,562
video-text-to-text|unk|unknown,37,22,17,24
translation|en|no_derivatives,2,2,1,3
time-series-forecasting|en|unknown,22,4,18,4
time-series-forecasting|fa|unknown,19,4,15,1
question-answering|fa|vendor_custom,14,11,4,5
image-to-3d|en|other,106,13,106,84
image-to-3d|zh|other,97,11,97,72
table-question-answering|ru|permissive,8,5,8,1
audio-text-to-text|hi|permissive,71,18,70,74
audio-text-to-text|nl|permissive,70,17,69,71
audio-text-to-text|sv|permissive,67,15,66,54
audio-text-to-text|tr|permissive,67,15,66,54
audio-text-to-text|uk|permissive,67,15,66,54
audio-text-to-text|zh|permissive,100,36,90,118
token-classification|fo|unknown,8346,195,1151,8
zero-shot-image-classification|de|permissive,556,72,63,3
zero-shot-image-classification|es|permissive,556,72,63,3
zero-shot-image-classification|it|permissive,556,72,63,3
zero-shot-image-classification|nl|permissive,556,72,63,3
zero-shot-image-classification|ru|permissive,557,72,64,5
zero-shot-image-classification|zh|permissive,564,74,66,14
unk|an|permissive,48223,4016,25148,9
unk|jv|vendor_custom,2598,454,1239,55
unk|su|vendor_custom,2598,454,1239,55
text-ranking|ar|unknown,88,46,22,3
other|unk|noncommercial,20,1,19,11
unk|ki|permissive,48221,4017,25145,6
translation|it|vendor_custom,14,13,5,65
text-generation|pa|vendor_custom,2521,994,284,23
automatic-speech-recognition|ak|unknown,8181,121,504,4
text-to-speech|hi|copyleft,14,5,7,12
image-to-3d|en|responsible_ai,65,0,65,1
image-to-3d|zh|responsible_ai,65,0,65,1
text-ranking|en|other,10,5,10,3
text-generation|bh|unknown,127945,15512,8675,1
audio-text-to-text|ja|vendor_custom,3,3,3,1
text-to-3d|unk|vendor_custom,3,1,2,11
any-to-any|ja|vendor_custom,10,10,10,1
visual-question-answering|vi|permissive,114,29,98,8
feature-extraction|bm|unknown,10679,271,2133,1
image-text-to-text|de|other,542,176,282,257
image-text-to-text|es|other,543,177,282,261
image-text-to-text|fr|other,541,175,281,247
image-text-to-text|it|other,540,175,280,171
image-text-to-text|ja|other,533,174,285,224
image-text-to-text|ko|other,527,167,281,198
image-text-to-text|pt|other,540,175,279,191
image-text-to-text|ru|other,522,168,274,80
text-to-audio|ja|other,28,8,25,4
keypoint-detection|en|permissive,198,7,198,24
translation|ig|unknown,685,30,50,8
text-generation|bh|permissive,18872,4934,3523,3
image-text-to-text|ne|permissive,2173,519,1353,180
unk|bn|other,17584,685,16302,65
unk|gu|other,17563,680,16286,11
unk|kn|other,17563,681,16286,11
unk|ml|other,17563,680,16285,11
unk|mr|other,17563,680,16286,11
unk|or|other,17560,679,16284,2
unk|pa|other,17562,680,16285,10
unk|ta|other,17568,684,16287,27
unk|te|other,17563,680,16286,11
text-to-image|ru|unknown,7775,285,7547,1
text-generation|dv|unknown,127946,15512,8675,4
visual-question-answering|ar|unknown,166,13,56,2
audio-text-to-text|wo|permissive,22,9,21,1
visual-document-retrieval|unk|unknown,8,6,5,11
image-text-to-text|ur|unknown,7928,485,3236,4
unk|bh|copyleft,810,90,413,8
unk|ks|copyleft,810,90,413,8
translation|fr|vendor_custom,17,16,5,80
translation|zh|vendor_custom,16,15,5,80
translation|ar|vendor_custom,16,15,5,80
translation|bn|vendor_custom,12,11,7,22
translation|cs|vendor_custom,13,12,4,61
translation|de|vendor_custom,15,14,4,85
translation|es|vendor_custom,18,15,6,78
translation|fa|vendor_custom,14,13,5,61
translation|he|vendor_custom,13,12,4,58
translation|hi|vendor_custom,18,17,7,77
translation|id|vendor_custom,15,14,6,60
translation|km|vendor_custom,9,8,4,18
translation|lo|vendor_custom,9,8,4,18
translation|ms|vendor_custom,9,8,4,18
translation|my|vendor_custom,9,8,4,18
translation|nl|vendor_custom,13,12,4,58
translation|pl|vendor_custom,14,13,5,59
translation|pt|vendor_custom,15,14,4,68
translation|th|vendor_custom,13,12,4,58
translation|tl|vendor_custom,13,12,4,58
translation|tr|vendor_custom,15,13,6,60
translation|ur|vendor_custom,9,8,4,18
translation|vi|vendor_custom,13,12,4,68
visual-document-retrieval|en|vendor_custom,2,2,2,9
image-to-text|he|permissive,271,84,187,2
text-generation|az|noncommercial,2018,973,189,1
text-to-video|unk|vendor_custom,2,2,2,1
visual-question-answering|ja|vendor_custom,5,4,3,1
image-to-3d|en|permissive,204,17,203,87
zero-shot-image-classification|af|permissive,555,71,62,2
zero-shot-image-classification|as|permissive,555,71,62,2
zero-shot-image-classification|az|permissive,555,71,62,2
zero-shot-image-classification|be|permissive,555,71,62,2
zero-shot-image-classification|bg|permissive,555,71,62,2
zero-shot-image-classification|bn|permissive,556,71,62,3
zero-shot-image-classification|bs|permissive,555,71,62,2
zero-shot-image-classification|ca|permissive,555,71,62,2
zero-shot-image-classification|cs|permissive,555,71,62,2
zero-shot-image-classification|cy|permissive,555,71,62,2
zero-shot-image-classification|da|permissive,555,71,62,2
zero-shot-image-classification|el|permissive,555,71,62,2
zero-shot-image-classification|eo|permissive,555,71,62,2
zero-shot-image-classification|et|permissive,555,71,62,2
zero-shot-image-classification|eu|permissive,555,71,62,2
zero-shot-image-classification|fi|permissive,555,71,62,2
zero-shot-image-classification|ga|permissive,555,71,62,2
zero-shot-image-classification|gd|permissive,555,71,62,2
zero-shot-image-classification|gl|permissive,555,71,62,2
zero-shot-image-classification|gu|permissive,555,71,62,2
zero-shot-image-classification|he|permissive,555,71,62,2
zero-shot-image-classification|hi|permissive,555,71,62,2
zero-shot-image-classification|hr|permissive,555,71,62,2
zero-shot-image-classification|hu|permissive,555,71,62,2
zero-shot-image-classification|hy|permissive,555,71,62,2
zero-shot-image-classification|id|permissive,568,71,62,15
zero-shot-image-classification|is|permissive,555,71,62,2
zero-shot-image-classification|ja|permissive,560,71,62,7
zero-shot-image-classification|jv|permissive,568,71,62,15
zero-shot-image-classification|ka|permissive,555,71,62,2
zero-shot-image-classification|kk|permissive,555,71,62,2
zero-shot-image-classification|km|permissive,555,71,62,2
zero-shot-image-classification|kn|permissive,555,71,62,2
zero-shot-image-classification|ku|permissive,555,71,62,2
zero-shot-image-classification|ky|permissive,555,71,62,2
zero-shot-image-classification|lo|permissive,555,71,62,2
zero-shot-image-classification|mk|permissive,555,71,62,2
zero-shot-image-classification|ml|permissive,555,71,62,2
zero-shot-image-classification|mr|permissive,555,71,62,2
zero-shot-image-classification|my|permissive,568,71,62,15
zero-shot-image-classification|ne|permissive,555,71,62,2
zero-shot-image-classification|no|permissive,555,71,62,2
zero-shot-image-classification|pl|permissive,556,71,63,3
zero-shot-image-classification|ro|permissive,555,71,62,2
zero-shot-image-classification|sa|permissive,555,71,62,2
zero-shot-image-classification|sd|permissive,555,71,62,2
zero-shot-image-classification|si|permissive,555,71,62,2
zero-shot-image-classification|sk|permissive,555,71,62,2
zero-shot-image-classification|sl|permissive,555,71,62,2
zero-shot-image-classification|so|permissive,555,71,62,2
zero-shot-image-classification|sr|permissive,555,71,62,2
zero-shot-image-classification|su|permissive,568,71,62,15
zero-shot-image-classification|sv|permissive,555,71,62,2
zero-shot-image-classification|ta|permissive,555,71,62,2
zero-shot-image-classification|te|permissive,555,71,62,2
zero-shot-image-classification|th|permissive,568,71,62,15
zero-shot-image-classification|tr|permissive,558,72,63,5
zero-shot-image-classification|ug|permissive,555,71,62,2
zero-shot-image-classification|uk|permissive,555,71,62,2
zero-shot-image-classification|ur|permissive,555,71,62,2
zero-shot-image-classification|vi|permissive,568,71,62,15
zero-shot-image-classification|xh|permissive,555,71,62,2
audio-to-audio|vi|permissive,212,29,209,1
image-to-video|unk|noncommercial,11,9,11,6
zero-shot-image-classification|ja|copyleft,1,0,1,1
text-classification|id|vendor_custom,27,21,10,6
text-classification|ja|vendor_custom,27,21,10,6
text-classification|ko|vendor_custom,30,24,12,11
text-classification|nl|vendor_custom,28,21,10,7
text-classification|ru|vendor_custom,29,23,11,8
text-classification|zh|vendor_custom,32,24,11,11
text-generation|kk|noncommercial,2023,974,188,8
text-classification|bn|noncommercial,278,64,150,12
text-classification|ms|noncommercial,277,63,150,7
text-classification|te|noncommercial,278,63,151,8
text-classification|tl|noncommercial,280,66,150,12
text-classification|uk|noncommercial,279,65,150,13
unk|or|vendor_custom,2597,453,1239,1
image-text-to-text|fr|unknown,7936,492,3236,37
text-to-image|de|other,1710,167,439,1
text-generation|bg|noncommercial,2023,976,188,69
text-generation|et|noncommercial,2020,975,188,66
text-generation|fi|noncommercial,2025,978,188,85
text-generation|hr|noncommercial,2020,975,188,65
text-generation|lt|noncommercial,2023,976,188,70
text-generation|lv|noncommercial,2020,975,188,66
text-generation|mt|noncommercial,2023,976,188,70
text-generation|sk|noncommercial,2026,979,188,75
text-generation|sl|noncommercial,2022,975,189,68
any-to-any|unk|noncommercial,16,7,16,6
zero-shot-classification|unk|vendor_custom,2,1,2,1
token-classification|th|vendor_custom,5,5,3,2
any-to-any|en|noncommercial,16,7,16,13
image-to-text|dv|permissive,269,84,186,2
text-to-image|ko|other,1710,167,439,1
image-text-to-text|ar|noncommercial,100,47,74,27
image-text-to-text|af|permissive,2179,523,1355,169
image-text-to-text|am|permissive,2168,516,1351,56
image-text-to-text|ar|permissive,2211,538,1372,554
image-text-to-text|as|permissive,2168,516,1351,45
image-text-to-text|be|permissive,2172,518,1353,75
image-text-to-text|bg|permissive,2175,521,1354,84
image-text-to-text|bm|permissive,2155,512,1343,26
image-text-to-text|bn|permissive,2176,519,1358,179
image-text-to-text|bo|permissive,2160,515,1343,34
image-text-to-text|bs|permissive,2170,518,1351,65
image-text-to-text|ca|permissive,2173,519,1354,76
image-text-to-text|cs|permissive,2176,522,1354,87
image-text-to-text|cy|permissive,2168,516,1351,44
image-text-to-text|da|permissive,2185,525,1364,115
image-text-to-text|el|permissive,2187,526,1359,191
image-text-to-text|eo|permissive,2160,515,1343,30
image-text-to-text|et|permissive,2173,519,1354,60
image-text-to-text|eu|permissive,2168,516,1351,61
image-text-to-text|fi|permissive,2184,526,1358,183
image-text-to-text|ga|permissive,2175,521,1354,77
image-text-to-text|gd|permissive,2160,515,1343,31
image-text-to-text|gl|permissive,2170,518,1351,66
image-text-to-text|ha|permissive,2169,516,1352,58
image-text-to-text|hr|permissive,2173,519,1354,58
image-text-to-text|ht|permissive,2160,515,1343,30
image-text-to-text|hu|permissive,2175,521,1354,90
image-text-to-text|ig|permissive,2168,516,1351,56
image-text-to-text|is|permissive,2182,524,1358,167
image-text-to-text|jv|permissive,2168,516,1351,44
image-text-to-text|ka|permissive,2170,518,1351,67
image-text-to-text|ki|permissive,2155,512,1343,26
image-text-to-text|kk|permissive,2170,518,1351,70
image-text-to-text|km|permissive,2169,516,1352,47
image-text-to-text|lb|permissive,2170,518,1351,65
image-text-to-text|ln|permissive,2168,516,1351,50
image-text-to-text|lo|permissive,2168,516,1351,44
image-text-to-text|lt|permissive,2173,519,1354,58
image-text-to-text|lv|permissive,2173,519,1354,58
image-text-to-text|mi|permissive,2171,519,1354,53
image-text-to-text|mr|permissive,2169,517,1352,56
image-text-to-text|ms|permissive,2183,523,1359,276
image-text-to-text|mt|permissive,2173,519,1354,56
image-text-to-text|my|permissive,2168,516,1351,61
image-text-to-text|no|permissive,2175,521,1354,87
image-text-to-text|oc|permissive,2168,516,1351,44
image-text-to-text|pa|permissive,2181,522,1359,146
image-text-to-text|qu|permissive,2160,515,1343,30
image-text-to-text|sa|permissive,2160,515,1343,37
image-text-to-text|sc|permissive,2155,512,1343,22
image-text-to-text|sd|permissive,2168,516,1351,45
image-text-to-text|sg|permissive,2159,514,1343,13
image-text-to-text|sk|permissive,2174,520,1354,60
image-text-to-text|sl|permissive,2174,520,1354,58
image-text-to-text|sm|permissive,2154,511,1343,1
image-text-to-text|so|permissive,2168,516,1351,56
image-text-to-text|sq|permissive,2159,514,1343,12
image-text-to-text|sr|permissive,2172,517,1355,148
image-text-to-text|ss|permissive,2159,514,1343,13
image-text-to-text|sv|permissive,2194,528,1369,280
image-text-to-text|sw|permissive,2177,520,1356,131
image-text-to-text|ta|permissive,2171,516,1355,56
image-text-to-text|te|permissive,2174,519,1356,61
image-text-to-text|ti|permissive,2167,515,1351,35
image-text-to-text|tl|permissive,2159,514,1343,26
image-text-to-text|tn|permissive,2159,514,1343,21
image-text-to-text|ts|permissive,2159,514,1343,13
image-text-to-text|tw|permissive,2154,511,1343,6
image-text-to-text|uk|permissive,2190,527,1361,291
image-text-to-text|ur|permissive,2170,516,1354,40
image-text-to-text|uz|permissive,2169,517,1351,46
image-text-to-text|wo|permissive,2167,515,1351,27
image-text-to-text|xh|permissive,2167,515,1351,35
image-text-to-text|yo|permissive,2167,515,1351,36
image-text-to-text|zu|permissive,2169,517,1351,56
image-text-to-text|af|noncommercial,85,43,62,1
image-text-to-text|am|noncommercial,85,43,62,1
image-text-to-text|as|noncommercial,85,43,62,1
image-text-to-text|be|noncommercial,85,43,62,1
image-text-to-text|bg|noncommercial,85,43,62,1
image-text-to-text|bm|noncommercial,85,43,62,1
image-text-to-text|bn|noncommercial,86,44,62,3
image-text-to-text|bo|noncommercial,85,43,62,1
image-text-to-text|bs|noncommercial,85,43,62,1
image-text-to-text|ca|noncommercial,85,43,62,1
image-text-to-text|cs|noncommercial,99,47,74,29
image-text-to-text|cy|noncommercial,85,43,62,1
image-text-to-text|da|noncommercial,86,44,62,4
image-text-to-text|de|noncommercial,101,48,76,32
image-text-to-text|el|noncommercial,97,45,73,24
image-text-to-text|eo|noncommercial,85,43,62,1
image-text-to-text|es|noncommercial,101,48,76,32
image-text-to-text|et|noncommercial,85,43,62,2
image-text-to-text|eu|noncommercial,85,43,62,1
image-text-to-text|fa|noncommercial,96,44,73,22
image-text-to-text|fi|noncommercial,86,44,62,4
image-text-to-text|fr|noncommercial,101,48,76,32
image-text-to-text|ga|noncommercial,85,43,62,1
image-text-to-text|gd|noncommercial,85,43,62,1
image-text-to-text|gl|noncommercial,85,43,62,1
image-text-to-text|ha|noncommercial,85,43,62,1
image-text-to-text|hi|noncommercial,99,47,74,28
image-text-to-text|hr|noncommercial,85,43,62,2
image-text-to-text|ht|noncommercial,85,43,62,1
image-text-to-text|hu|noncommercial,86,44,62,4
image-text-to-text|id|noncommercial,97,45,73,25
image-text-to-text|ig|noncommercial,85,43,62,1
image-text-to-text|is|noncommercial,85,43,62,2
image-text-to-text|it|noncommercial,100,48,75,31
image-text-to-text|jv|noncommercial,85,43,62,1
image-text-to-text|ka|noncommercial,85,43,62,1
image-text-to-text|ki|noncommercial,85,43,62,1
image-text-to-text|kk|noncommercial,85,43,62,1
image-text-to-text|km|noncommercial,85,43,62,1
image-text-to-text|la|noncommercial,85,43,62,1
image-text-to-text|lb|noncommercial,85,43,62,1
image-text-to-text|ln|noncommercial,85,43,62,1
image-text-to-text|lo|noncommercial,85,43,62,1
image-text-to-text|lt|noncommercial,85,43,62,2
image-text-to-text|lv|noncommercial,85,43,62,2
image-text-to-text|mi|noncommercial,85,43,62,1
image-text-to-text|mr|noncommercial,85,43,62,1
image-text-to-text|ms|noncommercial,85,43,62,2
image-text-to-text|mt|noncommercial,85,43,62,2
image-text-to-text|my|noncommercial,85,43,62,1
image-text-to-text|no|noncommercial,86,44,62,4
image-text-to-text|oc|noncommercial,85,43,62,1
image-text-to-text|pa|noncommercial,85,43,62,1
image-text-to-text|pl|noncommercial,100,48,74,32
image-text-to-text|pt|noncommercial,101,48,76,32
image-text-to-text|qu|noncommercial,85,43,62,1
image-text-to-text|ro|noncommercial,102,50,75,38
image-text-to-text|ru|noncommercial,100,47,75,29
image-text-to-text|sa|noncommercial,85,43,62,1
image-text-to-text|sc|noncommercial,85,43,62,1
image-text-to-text|sd|noncommercial,85,43,62,1
image-text-to-text|sg|noncommercial,85,43,62,1
image-text-to-text|sk|noncommercial,85,43,62,2
image-text-to-text|sl|noncommercial,85,43,62,2
image-text-to-text|sm|noncommercial,85,43,62,1
image-text-to-text|so|noncommercial,85,43,62,1
image-text-to-text|sq|noncommercial,85,43,62,2
image-text-to-text|sr|noncommercial,85,43,62,3
image-text-to-text|ss|noncommercial,85,43,62,1
image-text-to-text|sv|noncommercial,86,44,62,4
image-text-to-text|sw|noncommercial,85,43,62,2
image-text-to-text|ta|noncommercial,86,44,63,2
image-text-to-text|te|noncommercial,85,43,62,1
image-text-to-text|th|noncommercial,86,44,62,3
image-text-to-text|ti|noncommercial,85,43,62,1
image-text-to-text|tl|noncommercial,85,43,62,2
image-text-to-text|tn|noncommercial,85,43,62,1
image-text-to-text|tr|noncommercial,97,45,73,27
image-text-to-text|ts|noncommercial,85,43,62,1
image-text-to-text|tw|noncommercial,85,43,62,1
image-text-to-text|uk|noncommercial,99,47,74,28
image-text-to-text|uz|noncommercial,85,43,62,1
image-text-to-text|vi|noncommercial,97,45,73,25
image-text-to-text|wo|noncommercial,85,43,62,1
image-text-to-text|xh|noncommercial,85,43,62,1
image-text-to-text|yo|noncommercial,85,43,62,1
image-text-to-text|zh|noncommercial,102,49,76,37
image-text-to-text|zu|noncommercial,85,43,62,2
automatic-speech-recognition|ha|unknown,8181,122,504,3
text-to-audio|yo|permissive,203,34,108,3
unk|is|vendor_custom,2597,453,1239,2
translation|dz|unknown,683,27,49,6
visual-document-retrieval|en|noncommercial,6,3,5,5
visual-document-retrieval|de|noncommercial,6,3,5,4
text-to-speech|ar|other,80,23,80,128
text-to-audio|ug|noncommercial,95,20,27,1
voice-activity-detection|en|unknown,8,3,8,2
sentence-similarity|ab|unknown,4365,464,130,1
sentence-similarity|an|unknown,4365,464,130,1
sentence-similarity|av|unknown,4365,464,130,1
sentence-similarity|ay|unknown,4365,464,130,1
sentence-similarity|ba|unknown,4365,464,130,1
sentence-similarity|bh|unknown,4365,464,130,1
sentence-similarity|bi|unknown,4365,464,130,1
sentence-similarity|bm|unknown,4365,464,130,1
sentence-similarity|bo|unknown,4365,464,130,1
sentence-similarity|ce|unknown,4365,464,130,1
sentence-similarity|ch|unknown,4365,464,130,1
sentence-similarity|co|unknown,4365,464,130,1
sentence-similarity|cr|unknown,4365,464,130,1
sentence-similarity|cu|unknown,4365,464,130,1
sentence-similarity|cv|unknown,4365,464,130,1
sentence-similarity|dz|unknown,4365,464,130,1
sentence-similarity|ee|unknown,4365,464,130,1
sentence-similarity|ff|unknown,4365,464,130,1
sentence-similarity|fj|unknown,4365,464,130,1
sentence-similarity|fo|unknown,4365,464,130,1
sentence-similarity|gn|unknown,4365,464,130,1
sentence-similarity|gv|unknown,4365,464,130,1
sentence-similarity|ia|unknown,4365,464,130,1
sentence-similarity|ie|unknown,4365,464,130,1
sentence-similarity|ig|unknown,4365,464,130,1
sentence-similarity|ik|unknown,4365,464,130,1
sentence-similarity|io|unknown,4365,464,130,1
sentence-similarity|iu|unknown,4365,464,130,1
sentence-similarity|kg|unknown,4365,464,130,1
sentence-similarity|ki|unknown,4365,464,130,1
sentence-similarity|kl|unknown,4365,464,130,1
sentence-similarity|ks|unknown,4365,464,130,1
sentence-similarity|kv|unknown,4365,464,130,1
sentence-similarity|kw|unknown,4365,464,130,1
sentence-similarity|lb|unknown,4365,464,130,1
sentence-similarity|lg|unknown,4365,464,130,1
sentence-similarity|li|unknown,4365,464,130,1
sentence-similarity|ln|unknown,4365,464,130,1
sentence-similarity|mi|unknown,4365,464,130,1
sentence-similarity|mt|unknown,4365,464,130,1
sentence-similarity|nv|unknown,4365,464,130,1
sentence-similarity|ny|unknown,4365,464,130,1
sentence-similarity|oc|unknown,4365,464,130,1
sentence-similarity|os|unknown,4365,464,130,1
sentence-similarity|pi|unknown,4365,464,130,1
sentence-similarity|rn|unknown,4365,464,130,1
sentence-similarity|rw|unknown,4365,464,130,1
sentence-similarity|sc|unknown,4365,464,130,1
sentence-similarity|se|unknown,4365,464,130,1
sentence-similarity|sg|unknown,4365,464,130,1
sentence-similarity|sm|unknown,4365,464,130,1
sentence-similarity|sn|unknown,4365,464,130,1
sentence-similarity|ss|unknown,4365,464,130,1
sentence-similarity|st|unknown,4365,464,130,1
sentence-similarity|ti|unknown,4365,464,130,1
sentence-similarity|tk|unknown,4365,464,130,1
sentence-similarity|tn|unknown,4365,464,130,1
sentence-similarity|to|unknown,4365,464,130,1
sentence-similarity|ts|unknown,4365,464,130,1
sentence-similarity|tt|unknown,4365,464,130,1
sentence-similarity|tw|unknown,4365,464,130,1
sentence-similarity|ty|unknown,4365,464,130,1
sentence-similarity|ve|unknown,4365,464,130,1
sentence-similarity|vo|unknown,4365,464,130,1
sentence-similarity|wa|unknown,4365,464,130,1
sentence-similarity|wo|unknown,4365,464,130,1
sentence-similarity|za|unknown,4365,464,130,1
sentence-similarity|zu|unknown,4365,464,130,2
audio-text-to-text|en|noncommercial,6,3,5,8
audio-text-to-text|vi|noncommercial,1,0,1,1
audio-text-to-text|vi|permissive,62,16,61,61
text-generation|th|responsible_ai,477,96,75,45
automatic-speech-recognition|sl|unknown,8180,121,504,2
image-to-text|vi|permissive,277,87,191,17
text-to-speech|cs|other,60,16,60,80
text-to-speech|de|other,88,24,87,128
text-to-speech|fr|other,85,24,83,121
text-to-speech|hi|other,70,21,69,106
text-to-speech|hu|other,60,16,60,79
text-to-speech|it|other,77,20,77,104
text-to-speech|nl|other,60,16,60,80
text-to-speech|pl|other,61,17,60,83
text-to-speech|pt|other,71,20,70,101
text-to-speech|ru|other,67,18,66,91
text-to-speech|tr|other,60,16,60,80
unk|es|no_derivatives,34,5,27,1
tabular-classification|unk|other,19,3,19,20
audio-text-to-text|en|unknown,12,4,11,8
audio-text-to-text|id|unknown,8,3,8,1
tabular-regression|unk|other,6,0,6,6
visual-document-retrieval|tr|vendor_custom,1,1,1,1
image-classification|tr|permissive,4996,718,3296,8
translation|mr|vendor_custom,13,12,8,4
text-ranking|am|permissive,53,36,25,35
text-ranking|as|permissive,52,35,25,34
text-ranking|bs|permissive,51,34,25,33
text-ranking|eo|permissive,51,34,25,33
text-ranking|fy|permissive,51,34,25,33
text-ranking|ga|permissive,52,35,25,51
text-ranking|gd|permissive,51,34,25,33
text-ranking|ha|permissive,51,34,25,33
text-ranking|ku|permissive,51,34,25,33
text-ranking|la|permissive,51,34,25,33
text-ranking|lb|permissive,48,32,25,5
text-ranking|mg|permissive,51,34,25,33
text-ranking|mt|permissive,48,32,25,5
text-ranking|nn|permissive,48,32,25,5
text-ranking|or|permissive,52,35,25,34
text-ranking|ps|permissive,51,34,25,33
text-ranking|sd|permissive,51,34,25,33
text-ranking|su|permissive,51,34,25,33
text-ranking|tg|permissive,48,32,25,5
text-ranking|uz|permissive,51,34,25,33
text-ranking|yi|permissive,51,34,25,33
automatic-speech-recognition|wo|unknown,8181,122,504,3
audio-text-to-text|id|noncommercial,1,1,1,1
text-to-video|ja|permissive,113,40,111,1
audio-to-audio|it|noncommercial,96,2,96,3
audio-to-audio|nl|noncommercial,96,2,96,3
audio-to-audio|pl|noncommercial,96,2,96,3
audio-to-audio|pt|noncommercial,97,3,97,4
visual-question-answering|en|noncommercial,5,2,5,4
translation|an|copyleft,6,3,4,6
translation|bg|copyleft,6,3,4,6
translation|ca|copyleft,6,3,4,6
translation|cs|copyleft,6,3,4,6
translation|cy|copyleft,6,3,4,6
translation|da|copyleft,6,3,4,6
translation|el|copyleft,6,3,4,6
translation|eu|copyleft,6,3,4,6
translation|ga|copyleft,6,3,4,6
translation|gl|copyleft,6,3,4,6
translation|hr|copyleft,6,3,4,6
translation|is|copyleft,6,3,4,6
translation|lt|copyleft,6,3,4,6
translation|lv|copyleft,6,3,4,6
translation|mt|copyleft,6,3,4,6
translation|nb|copyleft,6,3,4,6
translation|nl|copyleft,6,3,4,6
translation|no|copyleft,6,3,4,6
translation|oc|copyleft,6,3,4,6
translation|pt|copyleft,6,3,4,6
translation|sk|copyleft,6,3,4,6
translation|sl|copyleft,6,3,4,6
translation|sr|copyleft,6,3,4,6
translation|sv|copyleft,6,3,4,6
text-to-video|zh|permissive,189,56,187,243
unk|iu|unknown,67987,4965,36075,1
text-to-speech|wo|permissive,348,68,247,41
audio-to-audio|en|other,30,11,30,49
image-text-to-text|de|unknown,7936,492,3236,36
image-text-to-text|hi|unknown,7930,488,3234,18
image-text-to-text|it|unknown,7930,488,3234,24
image-text-to-text|th|unknown,7932,488,3233,27
text-to-3d|en|vendor_custom,3,1,2,2
text-generation|mk|vendor_custom,2520,993,284,12
text-to-audio|pl|permissive,208,35,113,6
text-generation|lo|unknown,127945,15512,8675,3
automatic-speech-recognition|km|unknown,8181,121,504,7
object-detection|ar|permissive,753,90,564,12
object-detection|de|permissive,758,90,569,18
object-detection|fr|permissive,756,93,566,14
object-detection|ja|permissive,753,90,564,12
object-detection|pt|permissive,754,90,565,14
object-detection|tr|permissive,752,91,563,11
object-detection|vi|permissive,755,91,566,15
text-ranking|en|unknown,120,72,27,109
text-ranking|zh|unknown,89,47,23,1
text-generation|eo|copyleft,427,171,109,6
audio-text-to-text|unk|permissive,139,59,112,25
image-text-to-text|nb|permissive,2160,515,1343,31
image-text-to-text|nn|permissive,2160,515,1343,31
text-to-speech|is|unknown,130,21,97,15
any-to-any|en|other,60,21,60,112
any-to-any|zh|other,33,17,33,9
translation|unk|responsible_ai,11,3,6,1
object-detection|it|permissive,752,90,563,2
other|unk|unknown,13,2,10,7
automatic-speech-recognition|ee|permissive,2959,235,401,12
any-to-any|zh|permissive,705,82,691,66
image-text-to-text|dv|permissive,2163,518,1345,33
image-text-to-text|dv|unknown,7926,485,3233,2
image-to-text|dv|vendor_custom,10,3,10,1
zero-shot-classification|ae|permissive,31,16,12,1
zero-shot-classification|tk|permissive,31,16,12,1
audio-classification|hr|copyleft,10,3,10,1
audio-classification|sl|copyleft,10,3,10,1
audio-classification|sr|copyleft,10,3,10,1
text-to-3d|en|other,5,0,5,5
text-to-3d|zh|other,4,0,4,4
image-to-text|th|vendor_custom,11,4,10,1
audio-text-to-text|be|permissive,54,14,53,41
audio-text-to-text|bg|permissive,61,15,60,48
audio-text-to-text|bn|permissive,54,14,53,41
audio-text-to-text|cs|permissive,61,15,60,48
audio-text-to-text|cy|permissive,54,14,53,41
audio-text-to-text|da|permissive,61,15,60,48
audio-text-to-text|el|permissive,61,15,60,48
audio-text-to-text|et|permissive,61,15,60,48
audio-text-to-text|fa|permissive,61,15,60,48
audio-text-to-text|fi|permissive,61,15,60,48
audio-text-to-text|gl|permissive,54,14,53,41
audio-text-to-text|hu|permissive,61,15,60,48
audio-text-to-text|ka|permissive,54,14,53,41
audio-text-to-text|lt|permissive,61,15,60,48
audio-text-to-text|lv|permissive,61,15,60,48
audio-text-to-text|mk|permissive,54,14,53,41
audio-text-to-text|mr|permissive,54,14,53,41
audio-text-to-text|pl|permissive,61,15,60,48
audio-text-to-text|ro|permissive,61,15,60,48
audio-text-to-text|sk|permissive,61,15,60,48
audio-text-to-text|sl|permissive,61,15,60,48
audio-text-to-text|sr|permissive,61,15,60,48
audio-text-to-text|sw|permissive,62,16,61,49
audio-text-to-text|ta|permissive,54,14,53,41
audio-text-to-text|th|permissive,61,15,60,58
audio-text-to-text|ur|permissive,61,15,60,48
image-classification|zh|other,257,62,160,1
visual-document-retrieval|de|permissive,25,21,16,23
visual-document-retrieval|es|permissive,25,21,16,23
visual-document-retrieval|it|permissive,25,21,16,22
image-text-to-text|as|other,505,161,263,2
image-text-to-text|bn|other,506,161,264,20
image-text-to-text|gu|other,506,161,264,3
image-text-to-text|hi|other,528,170,272,120
image-text-to-text|kn|other,506,161,264,5
image-text-to-text|ml|other,507,162,264,7
image-text-to-text|mr|other,506,161,264,5
image-text-to-text|or|other,505,161,263,4
image-text-to-text|ta|other,507,161,265,7
image-text-to-text|te|other,506,161,264,5
unk|as|other,17561,680,16284,9
unk|sa|other,17559,680,16282,7
token-classification|en|vendor_custom,6,5,4,7
token-classification|tr|vendor_custom,4,3,3,1
text-generation|ko|responsible_ai,472,91,76,2
reinforcement-learning|zh|permissive,985,62,329,74
video-classification|unk|other,8,4,6,13
unk|fa|vendor_custom,2597,453,1239,3
visual-document-retrieval|unk|noncommercial,6,3,5,4
automatic-speech-recognition|bm|permissive,2959,235,401,31
text-to-audio|uz|permissive,203,34,108,1
translation|vi|copyleft,11,4,4,6
unk|fi|other,17561,679,16285,3
sentence-similarity|ce|permissive,987,164,89,16
sentence-similarity|dv|permissive,988,165,89,22
sentence-similarity|gn|permissive,987,164,89,16
sentence-similarity|gv|permissive,987,164,89,16
sentence-similarity|nn|permissive,993,168,93,24
summarization|ru|noncommercial,3,3,3,4
translation|ar|other,22,19,14,62
translation|bn|other,14,11,11,21
translation|cs|other,15,12,10,48
translation|de|other,22,19,15,63
translation|es|other,20,17,14,61
translation|fa|other,14,11,11,22
translation|fr|other,26,17,15,67
translation|he|other,12,9,9,19
translation|hi|other,17,14,13,36
translation|id|other,15,12,10,48
translation|it|other,18,15,13,58
translation|km|other,12,9,9,19
translation|ko|other,20,17,14,62
translation|lo|other,11,8,8,4
translation|ms|other,14,11,9,47
translation|my|other,12,9,9,19
translation|nl|other,15,12,10,48
translation|pl|other,15,12,10,49
translation|pt|other,18,15,12,57
translation|ru|other,20,17,13,61
translation|th|other,17,14,12,50
translation|tl|other,12,9,9,19
translation|tr|other,15,12,10,48
translation|ur|other,13,10,10,20
translation|vi|other,15,12,10,49
translation|zh|other,25,17,19,67
text-generation|bs|vendor_custom,2521,994,284,47
text-generation|hr|vendor_custom,2521,993,284,45
unk|tr|no_derivatives,35,4,28,2
text-classification|ml|noncommercial,278,63,151,2
text-classification|ta|noncommercial,278,63,151,6
image-text-to-text|dv|noncommercial,84,42,61,1
text-to-speech|id|unknown,127,21,95,12
image-to-video|en|unknown,43,11,43,8
robotics|en|other,119,28,118,36
unk|eu|vendor_custom,2597,453,1239,8
summarization|et|vendor_custom,7,7,3,1
zero-shot-object-detection|en|unknown,18,2,17,7
document-question-answering|ru|noncommercial,12,6,11,2
text-generation|tl|vendor_custom,2525,996,284,15
text-generation|ur|vendor_custom,2521,994,284,19
fill-mask|lb|permissive,1962,222,213,393
reinforcement-learning|en|other,19,12,13,15
tabular-classification|unk|copyleft,3,0,3,2
text-generation|ae|permissive,18872,4934,3523,1
text-generation|an|permissive,18872,4934,3523,1
text-generation|cr|permissive,18872,4934,3523,2
text-generation|cu|permissive,18872,4934,3523,1
text-generation|hz|permissive,18872,4934,3523,1
text-generation|ia|permissive,18873,4934,3524,2
text-generation|ie|permissive,18872,4934,3523,15
text-generation|ii|permissive,18872,4934,3523,3
text-generation|ik|permissive,18872,4934,3523,1
text-generation|io|permissive,18872,4934,3523,1
text-generation|ki|permissive,18875,4936,3523,15
text-generation|kr|permissive,18873,4935,3524,7
text-generation|li|permissive,18878,4935,3524,12
text-generation|na|permissive,18872,4934,3523,1
text-generation|nd|permissive,18872,4934,3523,1
summarization|kn|unknown,517,41,67,1
image-to-video|zh|permissive,188,47,181,219
audio-classification|ar|unknown,927,35,170,4
audio-classification|id|unknown,926,35,168,3
audio-to-audio|ko|permissive,217,31,211,11
fill-mask|nl|copyleft,101,18,52,5
unk|tr|vendor_custom,2605,454,1241,38
text-to-audio|pt|permissive,212,38,117,15
unk|ha|other,17564,684,16283,16
unk|jv|other,17563,683,16283,14
unk|sw|other,17563,683,16283,14
unk|en|no_derivatives,39,5,31,10
text-to-3d|en|permissive,45,10,45,32
text-to-speech|el|permissive,392,74,292,171
image-text-to-text|he|noncommercial,96,44,72,23
image-text-to-text|nl|noncommercial,98,46,73,28
automatic-speech-recognition|ks|unknown,8182,121,506,5
text-ranking|br|permissive,50,33,25,28
text-ranking|ff|permissive,50,33,25,28
text-ranking|gn|permissive,50,33,25,28
text-ranking|ig|permissive,50,33,25,28
text-ranking|lg|permissive,50,33,25,28
text-ranking|li|permissive,50,33,25,28
text-ranking|ln|permissive,50,33,25,28
text-ranking|om|permissive,50,33,25,28
text-ranking|rm|permissive,50,33,25,28
text-ranking|sa|permissive,50,33,25,28
text-ranking|sc|permissive,50,33,25,28
text-ranking|ss|permissive,50,33,25,28
text-ranking|tn|permissive,50,33,25,28
text-ranking|ug|permissive,50,33,25,28
text-ranking|wo|permissive,50,33,25,28
text-ranking|xh|permissive,50,33,25,28
text-ranking|zu|permissive,50,33,25,28
robotics|en|vendor_custom,43,9,43,56
question-answering|tr|vendor_custom,14,10,4,5
unk|gu|vendor_custom,2611,453,1239,14
unk|mr|vendor_custom,2611,453,1239,14
automatic-speech-recognition|ak|copyleft,33,9,9,10
text-generation|ha|other,3484,1222,754,3
text-generation|hr|copyleft,435,180,107,48
unk|hu|vendor_custom,2599,455,1239,22
sentence-similarity|lb|copyleft,13,3,6,5
image-to-3d|en|noncommercial,31,6,31,8
visual-document-retrieval|unk|copyleft,1,1,1,1
question-answering|ur|vendor_custom,11,8,3,1
audio-text-to-text|en|other,26,14,25,50
audio-text-to-text|id|other,2,1,2,5
audio-text-to-text|th|other,2,1,2,5
audio-text-to-text|vi|other,2,1,2,5
audio-text-to-text|zh|other,3,2,3,6
image-segmentation|en|vendor_custom,3,3,2,6
question-answering|id|vendor_custom,14,11,5,5
text-ranking|unk|other,10,5,10,16
video-text-to-text|unk|other,15,11,8,8
zero-shot-object-detection|unk|copyleft,16,2,14,15
text-to-audio|en|copyleft,2,2,2,4
image-classification|ar|copyleft,81,33,68,15
image-classification|fa|permissive,4995,717,3297,2
text-to-image|km|permissive,1598,260,1203,1
text-generation|av|vendor_custom,2520,993,284,1
zero-shot-object-detection|en|permissive,53,15,53,5
zero-shot-object-detection|fr|permissive,50,13,50,1
text-classification|tt|responsible_ai,90,16,22,14
video-text-to-text|unk|noncommercial,17,10,12,5
text-to-speech|ca|unknown,128,20,96,13
text-to-speech|cs|unknown,127,20,95,12
text-to-speech|cy|unknown,126,20,94,11
text-to-speech|da|unknown,126,20,94,12
text-to-speech|el|unknown,126,20,94,12
text-to-speech|fi|unknown,127,20,95,13
text-to-speech|hu|unknown,129,21,97,14
text-to-speech|ka|unknown,126,20,94,11
text-to-speech|kk|unknown,129,21,97,15
text-to-speech|lb|unknown,126,20,94,11
text-to-speech|lv|unknown,126,20,94,11
text-to-speech|ne|unknown,130,20,99,6
text-to-speech|nl|unknown,132,20,100,18
text-to-speech|no|unknown,126,20,94,12
text-to-speech|pt|unknown,128,20,95,14
text-to-speech|ro|unknown,126,20,94,11
text-to-speech|sk|unknown,126,20,94,11
text-to-speech|sr|unknown,126,20,94,11
text-to-speech|sv|unknown,126,20,94,12
text-to-speech|uk|unknown,127,20,95,12
image-text-to-text|ar|vendor_custom,414,107,145,63
image-text-to-text|id|vendor_custom,410,103,143,58
image-text-to-text|ja|vendor_custom,414,105,147,70
image-text-to-text|ml|vendor_custom,406,99,142,25
image-text-to-text|ru|vendor_custom,407,100,143,31
unk|fi|vendor_custom,2604,454,1245,7
automatic-speech-recognition|unk|vendor_custom,5,4,5,1
text-to-speech|de|vendor_custom,4,4,2,12
question-answering|kk|unknown,4365,126,257,1
video-text-to-text|en|noncommercial,17,10,12,17
text-generation|ne|vendor_custom,2521,994,284,24
text-to-image|nl|responsible_ai,10624,394,4167,2
image-text-to-text|he|permissive,2182,522,1358,166
text-to-image|th|permissive,1597,260,1202,2
any-to-any|de|permissive,685,73,673,14
any-to-any|es|permissive,685,72,673,14
any-to-any|fr|permissive,686,73,674,15
any-to-any|hi|permissive,683,72,673,9
any-to-any|it|permissive,685,73,673,14
any-to-any|pt|permissive,684,72,672,16
any-to-any|th|permissive,683,71,671,6
visual-document-retrieval|de|unknown,7,5,4,3
visual-document-retrieval|en|unknown,8,6,5,5
visual-document-retrieval|es|unknown,7,5,4,3
visual-document-retrieval|fr|unknown,7,5,4,3
visual-document-retrieval|it|unknown,7,5,4,3
text-to-speech|es|vendor_custom,3,3,2,15
text-to-speech|it|vendor_custom,3,3,2,9
text-generation|sl|copyleft,436,180,108,47
image-text-to-text|he|vendor_custom,406,99,142,1
text-to-speech|en|vendor_custom,8,6,5,22
any-to-any|pl|noncommercial,6,4,6,1
image-text-to-text|fa|vendor_custom,406,99,142,2
image-text-to-text|ar|other,533,171,277,216
reinforcement-learning|en|vendor_custom,12,10,5,23
image-text-to-text|tl|vendor_custom,409,102,142,22
image-text-to-text|vi|vendor_custom,410,103,143,33
audio-to-audio|en|vendor_custom,4,4,2,7
audio-classification|de|copyleft,10,2,9,1
audio-classification|es|copyleft,10,2,9,1
audio-classification|fr|copyleft,10,2,9,1
audio-classification|it|copyleft,10,2,9,1
audio-classification|ja|copyleft,10,2,9,1
audio-classification|ko|copyleft,10,2,9,1
audio-classification|pt|copyleft,10,2,9,1
text-to-speech|fr|vendor_custom,3,3,2,9
text-to-speech|zh|vendor_custom,4,4,3,10
image-text-to-text|sa|unknown,7925,484,3233,1
audio-text-to-text|unk|vendor_custom,11,7,9,2
text-to-speech|as|unknown,130,20,98,15
text-to-speech|bn|unknown,134,20,102,21
text-to-speech|gu|unknown,133,20,101,18
text-to-speech|kn|unknown,134,21,102,19
text-to-speech|ml|unknown,133,20,101,18
text-to-speech|or|unknown,132,19,101,8
text-to-speech|pa|unknown,133,20,101,18
text-to-speech|ta|unknown,133,20,101,18
text-to-speech|te|unknown,133,20,101,18
image-text-to-text|id|unknown,7928,487,3234,22
image-text-to-text|tl|unknown,7927,486,3233,18
text-to-audio|th|permissive,203,34,108,5
translation|uk|vendor_custom,13,12,4,47
text-to-speech|bm|noncommercial,1238,78,37,3
text-to-audio|ta|unknown,849,16,158,1
image-classification|sl|permissive,4994,717,3296,1
object-detection|cv|permissive,753,90,564,2
table-question-answering|zh|permissive,9,5,9,2
voice-activity-detection|unk|noncommercial,8,2,2,6
text-generation|as|vendor_custom,2521,994,284,18
other|en|responsible_ai,3,1,2,1
object-detection|dv|permissive,751,90,562,1
object-detection|nl|permissive,752,90,563,2
audio-to-audio|ru|responsible_ai,1,1,1,2
question-answering|si|copyleft,31,11,8,1
text-to-speech|he|permissive,388,72,288,168
text-to-speech|ms|permissive,363,68,263,139
translation|bh|permissive,5274,1578,1722,2
question-answering|ch|unknown,4365,126,258,1
question-answering|ur|unknown,4364,126,257,1
text-to-speech|is|other,60,16,60,80
text-to-audio|fa|permissive,203,34,108,1
text-to-image|km|unknown,7776,285,7548,1
text-generation|bg|copyleft,434,179,107,42
text-generation|et|copyleft,434,179,107,45
text-generation|fi|copyleft,434,179,107,45
text-generation|ga|copyleft,434,179,107,45
text-generation|hu|copyleft,434,179,107,42
text-generation|lt|copyleft,434,179,107,45
text-generation|lv|copyleft,434,179,107,45
text-generation|mt|copyleft,434,179,107,42
unk|rm|vendor_custom,2599,453,1241,2
unk|ur|vendor_custom,2599,453,1241,2
robotics|en|unknown,1536,64,1522,54
robotics|unk|other,119,28,118,258
image-classification|gl|permissive,4994,717,3296,1
text-to-audio|br|permissive,204,35,109,1
image-to-image|en|copyleft,10,2,10,4
image-to-image|fr|other,57,23,45,2
text-classification|uk|vendor_custom,27,21,10,1
image-classification|mr|permissive,4995,717,3296,3
text-to-audio|ja|permissive,228,40,133,32
voice-activity-detection|de|other,7,5,7,2
voice-activity-detection|en|other,9,6,9,6
voice-activity-detection|es|other,7,5,7,2
voice-activity-detection|fr|other,7,5,7,2
voice-activity-detection|ru|other,7,5,7,2
voice-activity-detection|zh|other,7,5,7,2
text-to-audio|ko|permissive,226,39,131,30
text-to-audio|tr|permissive,209,36,114,6
unk|mi|copyleft,811,90,413,8
text-classification|br|unknown,49435,901,2355,1
text-classification|bs|unknown,49435,901,2355,1
text-classification|fy|unknown,49435,901,2355,1
text-classification|gd|unknown,49435,901,2355,1
text-classification|jv|unknown,49435,901,2355,1
text-classification|mg|unknown,49435,901,2355,1
text-classification|om|unknown,49435,901,2355,1
text-classification|sd|unknown,49435,901,2355,1
text-classification|su|unknown,49435,901,2355,1
text-classification|ug|unknown,49435,901,2355,1
text-classification|xh|unknown,49435,901,2355,1
text-classification|yi|unknown,49435,901,2355,1
automatic-speech-recognition|sw|copyleft,37,10,12,6
video-to-video|en|other,15,6,15,26
image-classification|pl|unknown,5533,133,742,1
token-classification|ca|noncommercial,248,25,161,1
image-to-text|tr|noncommercial,15,4,15,1
text-classification|ch|permissive,10056,775,583,3
text-to-image|tr|permissive,1599,260,1202,3
text-generation|ti|vendor_custom,2520,993,284,5
automatic-speech-recognition|ak|permissive,2961,235,401,16
automatic-speech-recognition|kg|permissive,2957,234,400,6
automatic-speech-recognition|lu|permissive,2957,234,400,6
automatic-speech-recognition|ny|permissive,2959,235,401,45
automatic-speech-recognition|om|permissive,2957,234,400,10
automatic-speech-recognition|sg|permissive,2957,234,400,6
automatic-speech-recognition|ss|permissive,2958,234,400,7
automatic-speech-recognition|st|permissive,2958,234,400,8
automatic-speech-recognition|ti|permissive,2958,234,400,10
automatic-speech-recognition|tn|permissive,2958,234,400,10
automatic-speech-recognition|ts|permissive,2958,234,400,8
automatic-speech-recognition|ve|permissive,2958,234,400,8
text-to-speech|ka|permissive,348,68,245,49
text-to-speech|lv|permissive,347,67,244,47
image-to-text|el|permissive,271,84,188,2
unk|io|permissive,48220,4016,25146,5
unk|vo|permissive,48221,4017,25146,6
token-classification|unk|vendor_custom,10,9,5,6
image-text-to-text|bg|other,505,160,263,2
image-text-to-text|ca|other,505,160,263,2
image-text-to-text|cs|other,505,160,263,3
image-text-to-text|cy|other,505,160,263,2
image-text-to-text|da|other,505,160,263,2
image-text-to-text|el|other,505,160,263,2
image-text-to-text|et|other,505,160,263,2
image-text-to-text|eu|other,505,160,263,2
image-text-to-text|fi|other,505,160,263,4
image-text-to-text|ga|other,505,160,263,2
image-text-to-text|gl|other,505,160,263,2
image-text-to-text|hr|other,505,160,263,2
image-text-to-text|hu|other,505,160,263,2
image-text-to-text|lt|other,505,160,263,2
image-text-to-text|lv|other,505,160,263,2
image-text-to-text|mt|other,505,160,263,2
image-text-to-text|nl|other,506,160,264,7
image-text-to-text|nn|other,506,160,264,14
image-text-to-text|oc|other,505,160,263,2
image-text-to-text|pl|other,514,163,272,47
image-text-to-text|ro|other,505,160,263,16
image-text-to-text|sk|other,505,160,263,2
image-text-to-text|sl|other,505,160,263,2
image-text-to-text|sr|other,505,160,263,16
image-text-to-text|sv|other,505,160,263,16
image-text-to-text|uk|other,505,160,263,16
image-feature-extraction|en|unknown,214,16,115,6
video-to-video|unk|unknown,7,1,7,5
text-to-image|ga|permissive,1609,260,1202,12
unk|ca|vendor_custom,2597,453,1239,6
unk|gl|vendor_custom,2597,453,1239,6
question-answering|si|unknown,4364,126,257,1
image-text-to-text|tr|vendor_custom,410,101,142,6
text-classification|ee|permissive,10055,774,583,3
text-classification|zu|permissive,10059,776,584,15
token-classification|ln|permissive,2330,280,268,1
automatic-speech-recognition|bh|permissive,2952,234,399,1
object-detection|sv|permissive,752,90,563,2
text-classification|jv|noncommercial,280,66,150,4
video-text-to-text|zh|noncommercial,10,5,8,8
time-series-forecasting|unk|other,17,3,17,13
unk|km|vendor_custom,2597,453,1239,1
sentence-similarity|unk|responsible_ai,4,2,4,2
translation|ak|unknown,681,27,49,4
translation|am|unknown,683,29,49,7
translation|as|unknown,681,27,49,4
translation|be|unknown,685,31,49,8
translation|bg|unknown,704,30,49,27
translation|bm|unknown,681,27,49,4
translation|bs|unknown,683,29,49,6
translation|ca|unknown,699,30,49,22
translation|cy|unknown,686,30,49,10
translation|da|unknown,695,30,49,18
translation|ee|unknown,681,27,49,4
translation|el|unknown,696,30,49,19
translation|eo|unknown,681,27,49,4
translation|eu|unknown,690,28,49,13
translation|fj|unknown,681,27,49,4
translation|fo|unknown,681,27,49,4
translation|ga|unknown,686,30,49,9
translation|gd|unknown,683,29,49,6
translation|gn|unknown,681,27,49,4
translation|ha|unknown,685,31,49,8
translation|ht|unknown,683,29,49,6
translation|hu|unknown,697,30,49,20
translation|hy|unknown,683,29,49,6
translation|jv|unknown,683,29,49,6
translation|kg|unknown,681,27,49,4
translation|ki|unknown,681,27,49,4
translation|kn|unknown,683,29,49,7
translation|ks|unknown,682,28,50,5
translation|ky|unknown,681,27,49,4
translation|lb|unknown,683,29,49,6
translation|lg|unknown,683,29,49,6
translation|li|unknown,681,27,49,4
translation|ln|unknown,683,29,49,6
translation|lo|unknown,683,29,49,6
translation|mi|unknown,681,27,49,4
translation|mt|unknown,682,28,49,5
translation|nb|unknown,682,28,49,5
translation|nn|unknown,682,28,49,5
translation|ny|unknown,681,27,49,4
translation|oc|unknown,684,30,49,7
translation|pa|unknown,683,29,49,6
translation|rn|unknown,681,27,49,4
translation|rw|unknown,681,27,49,4
translation|sa|unknown,681,27,49,4
translation|sc|unknown,681,27,49,4
translation|sd|unknown,683,29,49,6
translation|sg|unknown,681,27,49,4
translation|sk|unknown,693,30,49,16
translation|sm|unknown,681,27,49,4
translation|sn|unknown,681,27,49,4
translation|so|unknown,683,29,49,6
translation|sr|unknown,684,30,49,7
translation|ss|unknown,683,29,49,6
translation|st|unknown,681,27,49,4
translation|su|unknown,683,29,49,6
translation|tg|unknown,681,27,49,5
translation|ti|unknown,681,27,49,4
translation|tk|unknown,681,27,49,4
translation|tn|unknown,683,29,49,6
translation|ts|unknown,681,27,49,4
translation|tt|unknown,681,27,49,4
translation|tw|unknown,681,27,49,4
translation|ug|unknown,701,29,58,90
translation|wo|unknown,683,29,49,7
translation|yo|unknown,683,29,49,6
translation|zu|unknown,683,29,49,6
translation|br|unknown,681,27,49,2
translation|ff|unknown,682,28,49,3
translation|fy|unknown,681,27,49,2
translation|mg|unknown,681,27,49,2
translation|no|unknown,684,28,49,5
translation|or|unknown,681,27,49,2
translation|sq|unknown,687,27,49,8
translation|uz|unknown,682,27,50,4
translation|yi|unknown,681,27,49,2
text-to-speech|eu|unknown,126,20,93,11
unk|ne|other,17559,680,16283,24
image-to-image|en|noncommercial,87,18,29,40
table-question-answering|ko|permissive,8,5,8,1
image-classification|pl|permissive,4995,717,3297,1
token-classification|ks|permissive,2334,284,270,7
image-to-text|pt|unknown,117,30,90,2
text-ranking|vi|unknown,89,47,22,2
question-answering|vi|copyleft,31,11,7,1
text-generation|la|unknown,127945,15512,8675,3
visual-document-retrieval|en|other,6,3,5,1
token-classification|da|noncommercial,250,25,164,3
token-classification|et|noncommercial,252,25,166,5
token-classification|fi|noncommercial,250,25,164,3
token-classification|lt|noncommercial,250,25,164,3
token-classification|lv|noncommercial,250,25,164,3
token-classification|no|noncommercial,250,25,164,3
token-classification|ro|noncommercial,250,25,164,3
token-classification|sv|noncommercial,252,25,166,5
unk|tl|vendor_custom,2600,453,1239,3
translation|as|copyleft,8,3,6,22
translation|bn|copyleft,8,3,6,23
translation|gu|copyleft,8,3,6,23
translation|kn|copyleft,8,3,6,22
translation|ks|copyleft,8,3,6,22
translation|ml|copyleft,8,3,6,23
translation|mr|copyleft,8,3,6,23
translation|ne|copyleft,8,3,6,22
translation|or|copyleft,9,4,6,24
translation|pa|copyleft,8,3,6,23
translation|sa|copyleft,8,3,6,22
translation|sd|copyleft,8,3,6,22
translation|ta|copyleft,8,3,6,23
translation|te|copyleft,8,3,6,23
translation|ur|copyleft,8,3,6,22
unk|ak|copyleft,811,90,414,8
unk|tw|copyleft,811,90,414,8
unk|bg|vendor_custom,2598,454,1239,18
image-text-to-text|fa|unknown,7927,485,3234,2
automatic-speech-recognition|bm|unknown,8190,123,505,11
text-generation|is|noncommercial,2020,975,188,20
text-to-speech|az|unknown,126,21,94,11
text-to-speech|ky|unknown,126,21,94,11
text-to-speech|tk|unknown,126,21,94,11
text-to-speech|uz|unknown,126,21,94,11
visual-question-answering|unk|noncommercial,5,2,5,1
text-to-speech|cv|noncommercial,1237,77,37,8
text-to-speech|af|permissive,345,66,244,35
text-to-speech|hz|permissive,344,65,244,30
text-to-speech|yo|permissive,353,67,252,47
text-to-speech|zu|permissive,345,66,244,33
token-classification|dv|permissive,2330,280,268,3
text-to-speech|ha|permissive,346,67,246,40
text-to-speech|ig|permissive,346,67,246,40
any-to-any|unk|copyleft,6,4,6,1
text-to-speech|tg|permissive,345,66,245,36
text-generation|as|copyleft,426,170,108,6
text-generation|bn|copyleft,425,170,107,5
text-generation|gu|copyleft,425,170,107,5
text-generation|kn|copyleft,425,170,107,5
text-generation|ks|copyleft,425,170,107,6
text-generation|ml|copyleft,425,170,107,5
text-generation|mr|copyleft,425,170,107,5
text-generation|ne|copyleft,425,170,107,5
text-generation|or|copyleft,425,170,107,5
text-generation|pa|copyleft,425,170,107,5
text-generation|sa|copyleft,425,170,107,5
text-generation|sd|copyleft,425,170,107,8
text-generation|te|copyleft,433,171,115,15
text-generation|ur|copyleft,425,170,107,5
text-retrieval|am|permissive,13,4,12,6
feature-extraction|bm|permissive,1703,312,674,1
unk|ae|permissive,48216,4016,25145,3
unk|cr|permissive,48216,4016,25145,1
unk|cu|permissive,48219,4016,25148,5
text-to-video|en|responsible_ai,418,13,404,10
text-to-video|zh|responsible_ai,417,13,403,9
voice-activity-detection|unk|other,9,6,9,6
zero-shot-image-classification|unk|vendor_custom,1,1,1,1
text-retrieval|unk|permissive,36,9,23,11
audio-text-to-text|id|permissive,28,9,27,17
visual-document-retrieval|unk|other,6,3,5,7
image-to-video|en|noncommercial,11,9,11,6
image-to-text|ja|unknown,119,29,93,3
summarization|lo|vendor_custom,8,8,4,4
image-feature-extraction|zh|permissive,537,113,402,6
image-classification|pa|permissive,4996,717,3296,2
audio-classification|bm|permissive,577,101,268,2
text-to-image|oc|other,1710,167,439,3
automatic-speech-recognition|en|vendor_custom,3,3,3,22
text-to-speech|nb|other,42,14,42,3
text-to-speech|nn|other,54,15,54,56
text-to-speech|no|other,60,16,60,78
text-to-speech|dv|permissive,345,67,245,37
text-to-speech|sr|permissive,350,68,248,41
automatic-speech-recognition|lb|unknown,8180,121,504,5
translation|an|unknown,680,26,49,1
automatic-speech-recognition|ha|copyleft,33,9,9,3
unk|tn|noncommercial,1949,419,1032,2
image-classification|bn|permissive,5000,717,3300,6
automatic-speech-recognition|kr|copyleft,33,9,9,2
translation|da|other,11,8,7,29
translation|fi|other,11,8,7,31
translation|hr|other,10,7,7,20
translation|hu|other,11,8,7,29
translation|nb|other,10,7,6,28
translation|no|other,11,8,7,29
translation|ro|other,11,8,7,29
translation|sv|other,11,8,7,29
translation|uk|other,13,10,9,45
visual-question-answering|ja|other,13,5,10,1
text-generation|af|other,3481,1220,754,26
text-generation|ba|other,3481,1220,754,26
text-generation|be|other,3482,1220,754,27
text-generation|bs|other,3481,1220,754,26
text-generation|cy|other,3482,1220,755,28
text-generation|fo|other,3482,1221,755,27
text-generation|ht|other,3481,1220,754,26
text-generation|lb|other,3481,1220,754,26
text-generation|li|other,3481,1220,754,26
text-generation|nb|other,3483,1222,755,37
text-generation|nn|other,3482,1221,755,34
text-generation|oc|other,3481,1220,754,26
text-generation|sc|other,3481,1220,754,26
text-generation|si|other,3482,1220,754,27
text-generation|su|other,3481,1220,754,26
text-generation|tg|other,3481,1220,754,26
text-generation|tt|other,3481,1220,754,26
text-generation|uz|other,3481,1220,754,26
sentence-similarity|unk|vendor_custom,81,8,12,361
text-generation|af|copyleft,426,170,108,5
audio-text-to-text|ko|permissive,34,15,30,14
sentence-similarity|de|copyleft,12,2,6,2
sentence-similarity|fr|copyleft,12,2,6,2
text-classification|af|noncommercial,277,63,150,1
text-classification|am|noncommercial,277,63,150,1
text-classification|as|noncommercial,277,63,150,1
text-classification|be|noncommercial,277,63,150,1
text-classification|br|noncommercial,277,63,150,1
text-classification|bs|noncommercial,277,63,150,1
text-classification|ca|noncommercial,278,64,150,2
text-classification|cs|noncommercial,277,63,150,1
text-classification|cy|noncommercial,277,63,150,1
text-classification|da|noncommercial,277,63,150,1
text-classification|eo|noncommercial,277,63,150,1
text-classification|et|noncommercial,277,63,150,1
text-classification|eu|noncommercial,278,64,150,2
text-classification|fi|noncommercial,277,63,150,1
text-classification|fy|noncommercial,277,63,150,1
text-classification|ga|noncommercial,277,63,150,1
text-classification|gd|noncommercial,277,63,150,1
text-classification|gl|noncommercial,278,64,150,2
text-classification|gu|noncommercial,277,63,150,1
text-classification|ha|noncommercial,279,65,150,4
text-classification|hr|noncommercial,277,63,150,1
text-classification|hy|noncommercial,277,63,150,1
text-classification|id|noncommercial,277,63,150,5
text-classification|is|noncommercial,279,63,150,3
text-classification|ka|noncommercial,277,63,150,1
text-classification|kk|noncommercial,277,63,150,2
text-classification|km|noncommercial,277,63,150,1
text-classification|kn|noncommercial,277,63,150,1
text-classification|ku|noncommercial,277,63,150,1
text-classification|ky|noncommercial,277,63,150,1
text-classification|la|noncommercial,277,63,150,1
text-classification|lo|noncommercial,277,63,150,1
text-classification|lt|noncommercial,277,63,150,1
text-classification|lv|noncommercial,277,63,150,1
text-classification|mg|noncommercial,277,63,150,1
text-classification|mk|noncommercial,277,63,150,1
text-classification|mn|noncommercial,277,63,150,1
text-classification|my|noncommercial,277,63,150,1
text-classification|ne|noncommercial,277,63,150,1
text-classification|om|noncommercial,277,63,150,1
text-classification|or|noncommercial,277,63,150,1
text-classification|pa|noncommercial,277,63,150,5
text-classification|ps|noncommercial,277,63,150,1
text-classification|ro|noncommercial,277,63,150,1
text-classification|sa|noncommercial,277,63,150,3
text-classification|sd|noncommercial,277,63,150,1
text-classification|si|noncommercial,277,63,150,3
text-classification|sk|noncommercial,277,63,150,1
text-classification|sl|noncommercial,277,63,150,1
text-classification|so|noncommercial,277,63,150,1
text-classification|sq|noncommercial,277,63,150,2
text-classification|sr|noncommercial,277,63,150,1
text-classification|su|noncommercial,277,63,150,1
text-classification|sv|noncommercial,277,63,150,1
text-classification|ug|noncommercial,277,63,150,1
text-classification|uz|noncommercial,277,63,150,1
text-classification|xh|noncommercial,277,63,150,1
text-classification|yi|noncommercial,277,63,150,1
audio-classification|or|permissive,579,100,266,4
text-to-speech|ca|other,61,17,60,79
text-to-speech|sc|noncommercial,1237,78,37,8
automatic-speech-recognition|to|permissive,2952,235,399,4
text-to-speech|kr|noncommercial,1237,77,37,1
any-to-any|ar|permissive,684,72,672,10
any-to-any|bn|permissive,681,71,671,1
any-to-any|fa|permissive,681,71,671,1
any-to-any|id|permissive,681,71,671,4
any-to-any|ja|permissive,683,71,671,15
any-to-any|ko|permissive,683,71,671,14
any-to-any|ms|permissive,681,71,671,3
any-to-any|ne|permissive,681,71,671,2
any-to-any|pl|permissive,683,71,671,3
any-to-any|ro|permissive,681,71,671,1
any-to-any|ru|permissive,684,72,672,9
any-to-any|sr|permissive,681,71,671,1
any-to-any|sv|permissive,683,71,671,3
any-to-any|tr|permissive,684,72,672,4
any-to-any|uk|permissive,683,71,671,3
any-to-any|vi|permissive,681,71,671,6
audio-classification|es|responsible_ai,5,4,2,2
audio-classification|bn|responsible_ai,5,4,2,3
audio-classification|hi|responsible_ai,5,4,2,3
audio-classification|kn|responsible_ai,5,4,2,3
audio-classification|ml|responsible_ai,5,4,2,3
audio-classification|mr|responsible_ai,5,4,2,3
audio-classification|ne|responsible_ai,5,4,2,3
audio-classification|ta|responsible_ai,5,4,2,3
audio-classification|te|responsible_ai,5,4,2,3
audio-classification|ur|responsible_ai,5,4,2,3
audio-classification|fr|responsible_ai,5,4,2,2
audio-classification|th|responsible_ai,5,4,2,2
audio-classification|de|responsible_ai,5,4,2,2
image-text-to-text|fi|unknown,7926,485,3234,1
image-text-to-text|mi|unknown,7926,485,3234,1
image-text-to-text|te|unknown,7926,485,3234,1
keypoint-detection|unk|copyleft,23,2,23,24
audio-classification|ar|responsible_ai,5,4,2,2
audio-classification|bo|responsible_ai,5,4,2,2
text-generation|uz|unknown,127948,15512,8675,6
text-to-speech|ki|noncommercial,1238,77,36,2
unk|zu|vendor_custom,2597,453,1239,5
text-to-image|se|copyleft,132,13,123,2
text-classification|mt|copyleft,194,37,23,2
image-feature-extraction|unk|vendor_custom,3,2,3,2
text-generation|lg|vendor_custom,2522,993,286,8
image-classification|ko|noncommercial,218,42,197,3
image-feature-extraction|en|vendor_custom,3,2,3,3
video-text-to-text|en|copyleft,2,2,2,4
object-detection|fa|permissive,752,90,563,1
text-to-3d|zh|permissive,16,5,16,1
image-text-to-text|kn|permissive,2168,516,1351,50
text-generation|la|noncommercial,2021,973,188,8
image-text-to-text|uk|vendor_custom,408,101,142,23
summarization|lo|other,5,4,3,5
image-text-to-text|nb|noncommercial,86,44,62,4
image-text-to-text|nn|noncommercial,86,44,62,4
automatic-speech-recognition|wo|copyleft,34,9,10,1
image-classification|ko|unknown,5535,132,743,3
translation|is|vendor_custom,11,10,5,3
text-generation|ky|unknown,127945,15512,8675,3
unk|is|responsible_ai,695,78,429,3
object-detection|eu|permissive,752,90,563,1
image-to-image|zh|permissive,594,69,561,229
object-detection|uk|permissive,754,91,565,6
automatic-speech-recognition|fa|copyleft,37,9,13,5
zero-shot-object-detection|zh|permissive,52,14,52,2
robotics|ko|permissive,16268,119,16229,5
text-to-audio|zh|other,28,7,25,6
image-to-video|es|permissive,120,36,113,21
image-to-text|bn|unknown,117,29,91,1
text-ranking|ar|noncommercial,13,7,8,3
text-ranking|bn|noncommercial,13,7,8,3
text-ranking|es|noncommercial,13,7,8,3
text-ranking|fa|noncommercial,13,7,8,3
text-ranking|fi|noncommercial,13,7,8,3
text-ranking|fr|noncommercial,13,7,8,3
text-ranking|hi|noncommercial,13,7,8,3
text-ranking|id|noncommercial,13,7,8,3
text-ranking|ja|noncommercial,13,7,8,3
text-ranking|ko|noncommercial,13,7,8,3
text-ranking|ru|noncommercial,13,7,8,3
text-ranking|sw|noncommercial,13,7,8,3
text-ranking|te|noncommercial,13,7,8,3
text-ranking|th|noncommercial,13,7,8,3
text-ranking|zh|noncommercial,13,7,8,3
visual-document-retrieval|vi|unknown,7,5,5,2
visual-document-retrieval|zh|unknown,7,5,5,2
reinforcement-learning|unk|vendor_custom,12,10,5,3
text-to-video|es|permissive,113,41,111,1
image-to-video|zh|other,145,34,145,190
text-generation|ha|vendor_custom,2520,993,284,9
text-generation|ig|vendor_custom,2520,993,284,6
text-generation|yo|vendor_custom,2520,993,284,8
unk|ik|permissive,48218,4016,25147,2
fill-mask|it|copyleft,100,17,52,1
image-to-3d|en|unknown,28,6,28,1
unk|nl|vendor_custom,2597,453,1239,4
video-to-video|unk|responsible_ai,1,0,1,1
visual-question-answering|kn|permissive,113,28,98,1
text-generation|ug|unknown,127945,15512,8675,26
token-classification|fr|responsible_ai,13,5,11,3
text-to-speech|si|copyleft,13,4,7,7
text-generation|sa|vendor_custom,2521,994,284,5
video-to-video|zh|permissive,40,17,40,41
translation|lg|vendor_custom,10,9,5,3
question-answering|yo|responsible_ai,21,8,6,1
video-to-video|unk|other,15,6,15,17
image-text-to-text|zh|copyleft,36,16,24,23
token-classification|cy|copyleft,88,18,29,1
text-generation|vo|permissive,18871,4933,3523,14
text-to-image|ar|responsible_ai,10624,394,4167,3
text-to-image|de|responsible_ai,10624,394,4167,1
text-to-image|el|responsible_ai,10624,394,4167,1
text-to-image|fa|responsible_ai,10624,394,4167,1
text-to-image|he|responsible_ai,10624,394,4167,1
text-to-image|hi|responsible_ai,10624,394,4167,1
text-to-image|pl|responsible_ai,10624,394,4167,1
text-to-image|sv|responsible_ai,10624,394,4167,1
text-to-image|th|responsible_ai,10624,394,4167,1
text-to-image|tr|responsible_ai,10624,394,4167,1
text-to-image|vi|responsible_ai,10624,394,4167,1
automatic-speech-recognition|ga|other,79,22,35,4
text-generation|ga|vendor_custom,2520,993,284,4
text-to-speech|nl|responsible_ai,13,2,13,54
text-to-speech|da|responsible_ai,13,2,13,54
audio-text-to-text|kk|vendor_custom,3,3,3,1
audio-text-to-text|ru|vendor_custom,3,3,3,1
fill-mask|aa|permissive,1960,221,212,1
fill-mask|ae|permissive,1960,221,212,1
image-to-text|ha|permissive,270,85,187,1
image-to-text|ig|permissive,270,85,187,1
image-to-text|lg|permissive,270,85,187,1
image-to-text|rn|permissive,270,85,187,1
image-to-text|rw|permissive,270,85,187,1
image-to-text|sw|permissive,270,85,187,1
image-to-text|tw|permissive,270,85,187,1
image-to-text|yo|permissive,270,85,187,1
image-to-text|zu|permissive,270,85,187,1
image-to-image|zh|other,58,24,46,12
image-to-3d|unk|copyleft,3,2,3,3
automatic-speech-recognition|it|copyleft,37,10,13,16
sentence-similarity|zh|other,34,16,32,27
voice-activity-detection|ar|permissive,66,9,65,3
voice-activity-detection|bn|permissive,65,9,64,2
voice-activity-detection|da|permissive,65,9,64,2
voice-activity-detection|de|permissive,65,9,64,2
voice-activity-detection|es|permissive,65,9,64,2
voice-activity-detection|fi|permissive,65,9,64,2
voice-activity-detection|fr|permissive,65,9,64,2
voice-activity-detection|hi|permissive,65,8,64,2
voice-activity-detection|id|permissive,65,9,64,2
voice-activity-detection|it|permissive,65,9,64,2
voice-activity-detection|ja|permissive,66,10,65,3
voice-activity-detection|ko|permissive,65,9,64,2
voice-activity-detection|mr|permissive,65,9,64,2
voice-activity-detection|nl|permissive,65,9,64,2
voice-activity-detection|no|permissive,65,9,64,2
voice-activity-detection|pl|permissive,65,9,64,2
voice-activity-detection|pt|permissive,65,9,64,2
voice-activity-detection|ru|permissive,65,9,64,2
voice-activity-detection|tr|permissive,65,9,64,2
voice-activity-detection|uk|permissive,65,9,64,2
voice-activity-detection|vi|permissive,65,9,64,2
text-to-speech|hi|vendor_custom,3,1,3,5
sentence-similarity|de|vendor_custom,63,6,5,9
automatic-speech-recognition|ki|permissive,2955,234,401,6
text-to-speech|la|permissive,343,65,244,1
image-to-video|unk|responsible_ai,8,8,8,46
question-answering|pl|other,27,8,8,1
unk|li|permissive,48218,4016,25145,2
image-text-to-text|jv|vendor_custom,406,99,142,4
image-text-to-text|km|vendor_custom,406,99,142,4
image-text-to-text|lo|vendor_custom,406,99,142,4
image-text-to-text|ms|vendor_custom,406,99,142,17
image-text-to-text|my|vendor_custom,406,99,142,12
image-text-to-text|su|vendor_custom,406,99,142,4
image-text-to-text|ta|vendor_custom,406,99,142,13
question-answering|yo|vendor_custom,12,9,4,1
text-to-speech|si|noncommercial,1238,78,38,11
zero-shot-image-classification|zh|copyleft,1,0,1,1
image-classification|fa|unknown,5532,132,741,1
question-answering|ar|other,28,9,10,2
translation|bg|vendor_custom,13,12,4,40
translation|da|vendor_custom,13,12,4,40
translation|el|vendor_custom,14,13,5,41
translation|fi|vendor_custom,13,12,4,40
translation|gu|vendor_custom,16,15,7,43
translation|hu|vendor_custom,13,12,4,40
translation|ro|vendor_custom,13,12,4,40
translation|sk|vendor_custom,13,12,4,40
translation|sv|vendor_custom,13,12,4,40
question-answering|pt|noncommercial,13,6,5,3
video-to-video|en|unknown,7,1,7,2
feature-extraction|rm|permissive,1703,313,674,2
text-to-speech|ar|copyleft,13,3,6,6
text-to-speech|cs|copyleft,12,3,6,5
text-to-speech|de|copyleft,12,3,6,5
text-to-speech|es|copyleft,15,3,9,8
text-to-speech|fr|copyleft,13,3,7,6
text-to-speech|it|copyleft,12,3,6,5
text-to-speech|nl|copyleft,12,3,6,5
text-to-speech|pl|copyleft,12,3,6,5
text-to-speech|pt|copyleft,12,3,6,5
text-to-speech|ru|copyleft,13,4,7,6
text-to-speech|th|copyleft,12,3,6,5
text-to-speech|tr|copyleft,14,4,7,8
video-text-to-text|cs|noncommercial,7,3,6,2
video-text-to-text|de|noncommercial,7,3,6,2
video-text-to-text|es|noncommercial,7,3,6,2
video-text-to-text|fr|noncommercial,7,3,6,2
video-text-to-text|hi|noncommercial,7,3,6,2
video-text-to-text|it|noncommercial,7,3,6,2
video-text-to-text|ja|noncommercial,7,3,6,2
video-text-to-text|ko|noncommercial,7,3,6,2
video-text-to-text|nb|noncommercial,7,3,6,2
video-text-to-text|nl|noncommercial,7,3,6,2
video-text-to-text|nn|noncommercial,7,3,6,2
video-text-to-text|pl|noncommercial,7,3,6,2
video-text-to-text|pt|noncommercial,7,3,6,2
video-text-to-text|ro|noncommercial,7,3,6,2
video-text-to-text|ru|noncommercial,7,3,6,2
video-text-to-text|uk|noncommercial,7,3,6,2
audio-text-to-text|lo|other,2,1,2,1
video-classification|en|copyleft,2,1,2,1
token-classification|pt|no_derivatives,2,1,2,1
image-text-to-text|hy|permissive,2170,518,1351,66
image-text-to-text|kg|permissive,2157,514,1343,46
image-text-to-text|ku|permissive,2162,517,1343,50
image-text-to-text|ky|permissive,2170,518,1351,64
image-text-to-text|mn|permissive,2171,519,1351,72
image-text-to-text|rm|permissive,2162,517,1343,50
image-text-to-text|tk|permissive,2169,517,1351,43
image-text-to-text|tt|permissive,2161,516,1343,29
image-text-to-text|ug|permissive,2169,517,1351,44
image-text-to-text|za|permissive,2156,513,1343,21
image-to-text|ko|noncommercial,16,5,16,5
text-to-audio|zh|unknown,850,15,160,2
image-segmentation|pt|permissive,930,99,829,1
visual-document-retrieval|ar|permissive,22,18,15,2
visual-document-retrieval|ru|permissive,21,18,15,1
text-to-speech|ky|other,46,15,46,24
text-generation|mt|vendor_custom,2520,993,284,1
image-to-text|da|permissive,275,89,192,25
text-generation|cy|vendor_custom,2520,993,284,4
text-generation|lv|vendor_custom,2520,993,284,8
text-generation|lt|vendor_custom,2520,993,284,8
text-generation|ka|vendor_custom,2521,994,284,15
tabular-regression|bm|permissive,26,2,26,1
image-to-text|ja|copyleft,11,5,11,4
video-to-video|en|noncommercial,5,2,5,2
text-to-audio|ar|noncommercial,94,19,27,2
image-text-to-text|tr|unknown,7926,484,3233,4
unk|uz|vendor_custom,2597,453,1239,4
unk|am|other,17559,679,16283,1
unk|az|other,17559,679,16283,1
unk|bo|other,17559,679,16283,1
unk|fo|other,17559,679,16283,1
unk|hu|other,17559,679,16283,1
unk|hy|other,17559,679,16283,1
unk|ps|other,17559,679,16283,1
unk|sk|other,17559,679,16283,2
unk|uz|other,17559,679,16283,1
unk|yo|other,17560,680,16283,3
audio-to-audio|bn|unknown,29,3,29,1
any-to-any|az|permissive,682,70,670,2
any-to-any|cs|permissive,682,70,670,2
any-to-any|da|permissive,682,70,670,2
any-to-any|fi|permissive,682,70,670,2
any-to-any|he|permissive,682,70,670,2
any-to-any|hu|permissive,682,70,670,2
any-to-any|nl|permissive,682,70,670,2
any-to-any|no|permissive,682,70,670,2
sentence-similarity|kr|permissive,986,163,88,1
token-classification|uz|noncommercial,248,25,161,1
sentence-similarity|ar|other,32,16,30,44
sentence-similarity|ja|other,32,16,30,45
sentence-similarity|ko|other,33,17,30,45
question-answering|kg|permissive,1999,212,106,2
question-answering|rm|permissive,2000,213,107,3
question-answering|tk|permissive,1999,212,106,2
question-answering|za|permissive,1999,212,106,2
text-to-audio|en|vendor_custom,2,2,2,6
image-text-to-image|unk|permissive,45,20,15,49
unk|he|vendor_custom,2597,453,1239,5
image-to-text|ms|permissive,270,84,187,2
text-to-speech|gl|unknown,128,23,96,15
token-classification|gn|permissive,2330,280,268,4
zero-shot-object-detection|it|noncommercial,1,1,1,1
mask-generation|en|other,12,2,12,45
image-classification|fr|other,257,61,161,1
text-to-speech|th|other,55,15,55,63
image-text-to-text|aa|permissive,2155,512,1343,21
image-text-to-text|ab|permissive,2155,512,1343,21
image-text-to-text|ae|permissive,2155,512,1343,21
image-text-to-text|ak|permissive,2155,512,1343,25
image-text-to-text|an|permissive,2156,512,1344,22
image-text-to-text|av|permissive,2155,512,1343,21
image-text-to-text|ay|permissive,2155,512,1343,21
image-text-to-text|az|permissive,2168,516,1351,43
image-text-to-text|ba|permissive,2155,512,1343,21
image-text-to-text|bh|permissive,2155,512,1343,21
image-text-to-text|bi|permissive,2155,512,1343,21
image-text-to-text|br|permissive,2156,512,1344,23
image-text-to-text|ce|permissive,2155,512,1343,21
image-text-to-text|ch|permissive,2155,512,1343,21
image-text-to-text|co|permissive,2155,512,1343,21
image-text-to-text|cr|permissive,2155,512,1343,21
image-text-to-text|cu|permissive,2155,512,1343,21
image-text-to-text|cv|permissive,2155,512,1343,21
image-text-to-text|dz|permissive,2160,515,1343,29
image-text-to-text|ee|permissive,2155,512,1343,25
image-text-to-text|ff|permissive,2163,513,1351,39
image-text-to-text|fj|permissive,2155,512,1343,21
image-text-to-text|fo|permissive,2160,515,1343,29
image-text-to-text|fy|permissive,2160,515,1343,29
image-text-to-text|gn|permissive,2169,516,1351,44
image-text-to-text|gu|permissive,2169,517,1352,49
image-text-to-text|gv|permissive,2160,515,1343,29
image-text-to-text|ho|permissive,2155,512,1343,21
image-text-to-text|hz|permissive,2155,512,1343,21
image-text-to-text|ia|permissive,2155,512,1343,21
image-text-to-text|ie|permissive,2155,512,1343,21
image-text-to-text|ii|permissive,2155,512,1343,21
image-text-to-text|ik|permissive,2155,512,1343,21
image-text-to-text|io|permissive,2155,512,1343,21
image-text-to-text|iu|permissive,2160,515,1343,29
image-text-to-text|kj|permissive,2155,512,1343,21
image-text-to-text|kl|permissive,2155,512,1343,21
image-text-to-text|kr|permissive,2155,512,1343,22
image-text-to-text|ks|permissive,2160,515,1343,29
image-text-to-text|kv|permissive,2155,512,1343,21
image-text-to-text|kw|permissive,2155,512,1343,21
image-text-to-text|lg|permissive,2168,516,1351,47
image-text-to-text|li|permissive,2155,512,1343,21
image-text-to-text|lu|permissive,2155,512,1343,21
image-text-to-text|mg|permissive,2160,515,1343,41
image-text-to-text|mh|permissive,2155,512,1343,21
image-text-to-text|mk|permissive,2168,516,1351,45
image-text-to-text|ml|permissive,2171,518,1354,50
image-text-to-text|na|permissive,2155,512,1343,21
image-text-to-text|nd|permissive,2155,512,1343,21
image-text-to-text|ng|permissive,2155,512,1343,21
image-text-to-text|nr|permissive,2155,512,1343,21
image-text-to-text|nv|permissive,2160,515,1343,29
image-text-to-text|ny|permissive,2168,516,1351,55
image-text-to-text|oj|permissive,2155,512,1343,21
image-text-to-text|om|permissive,2168,516,1351,55
image-text-to-text|or|permissive,2168,516,1351,52
image-text-to-text|os|permissive,2160,515,1343,29
image-text-to-text|pi|permissive,2155,512,1343,22
image-text-to-text|ps|permissive,2168,516,1351,44
image-text-to-text|rn|permissive,2160,515,1343,33
image-text-to-text|rw|permissive,2168,516,1351,55
image-text-to-text|sn|permissive,2168,516,1351,55
text-to-image|fa|permissive,1598,261,1203,2
image-text-to-text|kk|unknown,7926,485,3234,2
text-to-image|no|unknown,7776,286,7548,1
text-classification|ny|permissive,10056,775,583,8
text-classification|rn|permissive,10055,774,583,5
text-classification|st|permissive,10056,775,583,6
audio-to-audio|de|unknown,30,4,30,5
audio-to-audio|fr|unknown,30,4,30,5
audio-to-audio|pt|unknown,30,4,30,5
image-classification|unk|vendor_custom,3,2,2,11
zero-shot-classification|vi|unknown,24,6,8,2
text-to-video|zh|other,62,23,61,32
text-classification|ab|permissive,10056,774,584,3
object-detection|en|noncommercial,53,6,53,8
other|en|copyleft,60,1,60,1
other|en|vendor_custom,1,1,1,1
audio-text-to-text|rw|permissive,22,9,21,1
sentence-similarity|vi|vendor_custom,62,6,4,5
question-answering|de|copyleft,31,11,8,1
question-answering|es|copyleft,31,11,8,1
question-answering|hi|copyleft,31,11,8,1
question-answering|it|copyleft,31,11,8,1
question-answering|pt|copyleft,31,11,8,1
question-answering|th|copyleft,31,11,8,1
automatic-speech-recognition|bo|unknown,8181,122,504,3
object-detection|ko|permissive,752,90,563,1
sentence-similarity|ko|vendor_custom,63,6,4,9
other|th|permissive,135,5,132,2
visual-document-retrieval|ar|vendor_custom,2,2,2,3
visual-document-retrieval|bn|vendor_custom,2,2,2,3
visual-document-retrieval|de|vendor_custom,2,2,2,3
visual-document-retrieval|es|vendor_custom,2,2,2,3
visual-document-retrieval|fr|vendor_custom,2,2,2,3
visual-document-retrieval|gu|vendor_custom,2,2,2,3
visual-document-retrieval|hi|vendor_custom,2,2,2,3
visual-document-retrieval|it|vendor_custom,2,2,2,3
visual-document-retrieval|ja|vendor_custom,2,2,2,3
visual-document-retrieval|kn|vendor_custom,2,2,2,3
visual-document-retrieval|ko|vendor_custom,2,2,2,3
visual-document-retrieval|ml|vendor_custom,2,2,2,3
visual-document-retrieval|mr|vendor_custom,2,2,2,3
visual-document-retrieval|or|vendor_custom,2,2,2,3
visual-document-retrieval|pa|vendor_custom,2,2,2,3
visual-document-retrieval|ru|vendor_custom,2,2,2,3
visual-document-retrieval|sa|vendor_custom,2,2,2,3
visual-document-retrieval|ta|vendor_custom,2,2,2,3
visual-document-retrieval|te|vendor_custom,2,2,2,3
visual-document-retrieval|th|vendor_custom,2,2,2,3
visual-document-retrieval|zh|vendor_custom,2,2,2,3
visual-document-retrieval|zh|permissive,22,19,15,6
object-detection|ko|noncommercial,47,5,47,2
image-to-text|km|permissive,275,84,192,7
text-to-speech|eu|permissive,350,69,250,41
text-classification|sv|vendor_custom,27,21,9,1
text-to-3d|en|noncommercial,1,0,1,1
reinforcement-learning|ko|permissive,956,49,312,2
image-to-image|zh|copyleft,7,2,7,1
image-segmentation|ar|copyleft,54,7,53,14
image-segmentation|de|copyleft,54,7,53,14
image-segmentation|es|copyleft,54,7,53,14
image-segmentation|fr|copyleft,54,7,53,14
image-segmentation|ja|copyleft,54,7,53,14
image-segmentation|pt|copyleft,54,7,53,14
image-segmentation|ru|copyleft,54,7,53,14
image-segmentation|tr|copyleft,54,7,53,14
image-segmentation|vi|copyleft,54,7,53,14
image-segmentation|zh|copyleft,54,7,53,14
text-ranking|en|copyleft,2,1,1,1
text-ranking|zh|copyleft,2,1,1,1
sentence-similarity|zh|copyleft,12,1,6,1
keypoint-detection|ar|copyleft,21,2,21,5
keypoint-detection|de|copyleft,21,2,21,5
keypoint-detection|en|copyleft,23,2,23,7
keypoint-detection|es|copyleft,21,2,21,5
keypoint-detection|fr|copyleft,21,2,21,5
keypoint-detection|ja|copyleft,21,2,21,5
keypoint-detection|pt|copyleft,21,2,21,5
keypoint-detection|ru|copyleft,21,2,21,5
keypoint-detection|tr|copyleft,21,2,21,5
keypoint-detection|vi|copyleft,21,2,21,5
keypoint-detection|zh|copyleft,21,2,21,5
text-to-speech|ja|vendor_custom,3,3,3,7
unk|rm|noncommercial,1947,419,1031,5
text-to-image|ko|noncommercial,121,59,89,1
image-segmentation|ru|permissive,931,99,830,1
text-to-speech|he|unknown,125,20,93,11
text-to-speech|ms|unknown,125,20,93,11
text-ranking|pt|unknown,89,47,22,1
image-text-to-image|en|unknown,7,6,7,8
automatic-speech-recognition|bm|copyleft,33,9,9,1
image-text-to-image|en|permissive,45,20,15,51
image-text-to-image|zh|permissive,40,16,13,37
question-answering|dv|permissive,1998,211,105,1
reinforcement-learning|fr|permissive,956,49,313,1
text-to-speech|sq|other,58,15,58,76
text-to-audio|vi|copyleft,1,1,1,1
multiple-choice|vi|permissive,164,60,34,3
text-to-speech|rw|noncommercial,1237,77,37,9
text-to-image|de|noncommercial,121,59,89,1
image-text-to-text|nb|vendor_custom,406,99,142,24
image-text-to-text|nn|vendor_custom,406,99,142,24
image-text-to-text|no|vendor_custom,406,99,142,24
text-generation|my|copyleft,426,170,107,5
unk|aa|copyleft,810,90,413,7
unk|ab|copyleft,810,90,413,7
unk|ae|copyleft,810,90,413,7
unk|an|copyleft,810,90,413,7
unk|av|copyleft,810,90,413,7
unk|ay|copyleft,810,90,413,7
unk|ba|copyleft,810,90,413,7
unk|bi|copyleft,810,90,413,7
unk|bo|copyleft,810,90,413,7
unk|ce|copyleft,810,90,413,7
unk|ch|copyleft,810,90,413,7
unk|co|copyleft,810,90,413,7
unk|cr|copyleft,810,90,413,7
unk|cu|copyleft,810,90,413,7
unk|cv|copyleft,810,90,413,7
unk|dv|copyleft,810,90,413,7
unk|dz|copyleft,810,90,413,7
unk|ee|copyleft,810,90,413,7
unk|fj|copyleft,810,90,413,7
unk|fo|copyleft,810,90,413,7
unk|gv|copyleft,810,90,413,7
unk|ho|copyleft,810,90,413,7
unk|hz|copyleft,810,90,413,7
unk|ia|copyleft,810,90,413,7
unk|ie|copyleft,810,90,413,7
unk|ii|copyleft,810,90,413,7
unk|ik|copyleft,810,90,413,7
unk|io|copyleft,810,90,413,7
unk|iu|copyleft,810,90,413,7
unk|ki|copyleft,810,90,413,7
unk|kj|copyleft,810,90,413,7
unk|kl|copyleft,810,90,413,7
unk|kr|copyleft,810,90,413,7
unk|kv|copyleft,810,90,413,7
unk|kw|copyleft,810,90,413,7
unk|lb|copyleft,810,90,413,7
unk|li|copyleft,810,90,413,7
unk|lu|copyleft,810,90,413,7
unk|mh|copyleft,810,90,413,7
unk|na|copyleft,810,90,413,7
unk|nd|copyleft,810,90,413,7
unk|ng|copyleft,810,90,413,7
unk|nr|copyleft,810,90,413,7
unk|nv|copyleft,810,90,413,7
unk|ny|copyleft,810,90,413,7
unk|oc|copyleft,810,90,413,7
unk|oj|copyleft,810,90,413,7
unk|os|copyleft,810,90,413,7
unk|pi|copyleft,810,90,413,7
unk|rm|copyleft,810,90,413,7
unk|rn|copyleft,810,90,413,7
unk|rw|copyleft,810,90,413,7
unk|sc|copyleft,810,90,413,7
unk|se|copyleft,810,90,413,7
unk|sg|copyleft,810,90,413,7
unk|sm|copyleft,810,90,413,7
unk|sn|copyleft,810,90,413,7
unk|st|copyleft,810,90,413,7
unk|tg|copyleft,810,90,413,7
unk|tk|copyleft,810,90,413,7
unk|to|copyleft,810,90,413,7
unk|ts|copyleft,810,90,413,7
unk|tt|copyleft,810,90,413,7
unk|ty|copyleft,810,90,413,7
unk|ug|copyleft,810,90,413,7
unk|ve|copyleft,810,90,413,7
unk|vo|copyleft,810,90,413,7
unk|wa|copyleft,810,90,413,7
unk|yi|copyleft,810,90,413,7
unk|za|copyleft,810,90,413,7
unk|zu|copyleft,810,90,413,7
image-to-image|zh|noncommercial,80,11,26,4
audio-to-audio|tr|permissive,213,29,210,1
image-text-to-image|en|noncommercial,1,1,1,1
image-text-to-image|zh|noncommercial,1,1,1,1
automatic-speech-recognition|tn|unknown,8181,121,504,2
image-segmentation|ja|permissive,933,100,832,4
automatic-speech-recognition|am|responsible_ai,4,1,1,1
image-classification|ja|copyleft,80,32,67,15
image-classification|zh|copyleft,80,32,67,15
text-to-image|zh|noncommercial,121,59,89,8
image-to-video|de|vendor_custom,6,6,6,8
image-to-video|en|vendor_custom,6,6,6,9
image-to-video|es|vendor_custom,6,6,6,8
image-to-video|fr|vendor_custom,6,6,6,8
image-to-video|it|vendor_custom,6,6,6,8
image-to-video|ja|vendor_custom,6,6,6,8
image-to-video|ko|vendor_custom,6,6,6,8
image-to-video|pt|vendor_custom,6,6,6,8
image-to-video|zh|vendor_custom,6,6,6,9
object-detection|fi|permissive,752,90,563,1
object-detection|no|permissive,752,90,563,1
visual-document-retrieval|pl|permissive,22,18,15,1
text-to-speech|ko|responsible_ai,21,2,21,68
image-classification|pt|permissive,4999,717,3297,9
image-text-to-video|unk|unknown,4,4,4,5
image-to-video|de|other,141,33,141,183
image-to-video|es|other,141,33,141,183
image-to-video|fr|other,141,33,141,183
image-to-video|it|other,141,33,141,183
image-to-video|ja|other,141,33,141,184
image-to-video|ko|other,141,33,141,183
image-to-video|pt|other,141,33,141,183
automatic-speech-recognition|ts|other,77,20,34,1
image-text-to-text|st|permissive,2159,514,1343,20
any-to-any|en|unknown,23,9,22,8
any-to-any|hu|unknown,20,7,20,2
unk|cv|unknown,67987,4965,36076,1
image-to-video|de|permissive,118,37,111,15
image-to-video|fr|permissive,118,37,111,15
image-to-video|it|permissive,108,36,101,5
image-to-video|ja|permissive,118,37,111,15
image-to-video|ko|permissive,118,37,111,15
image-to-video|pt|permissive,108,36,101,5
text-to-audio|sl|permissive,203,34,108,1
other|bn|permissive,134,6,132,1
other|gu|permissive,134,6,132,1
token-classification|rm|unknown,8339,196,1143,1
text-to-speech|bg|permissive,349,69,248,42
text-to-speech|ro|permissive,361,68,261,58
text-generation|nr|noncommercial,2017,972,188,1
token-classification|id|noncommercial,249,27,162,2
summarization|tr|noncommercial,3,2,3,3
any-to-any|vi|unknown,20,7,20,4
text-classification|tg|unknown,49434,900,2355,1
video-classification|ko|permissive,75,13,72,1
question-answering|aa|permissive,1999,211,105,1
question-answering|ab|permissive,1999,211,105,1
time-series-forecasting|en|noncommercial,18,5,18,4
video-classification|hi|permissive,75,13,72,1
unk|ms|responsible_ai,694,78,430,2
text-to-image|id|permissive,1597,260,1202,1
text-to-image|uk|permissive,1597,260,1202,1
keypoint-detection|unk|noncommercial,17,2,17,8
any-to-any|ar|other,28,13,28,2
any-to-any|de|other,28,13,28,2
any-to-any|es|other,28,13,28,2
any-to-any|fr|other,28,13,28,2
any-to-any|id|other,28,13,28,2
any-to-any|it|other,28,13,28,2
any-to-any|ja|other,28,13,28,2
any-to-any|ko|other,28,13,28,2
any-to-any|ms|other,28,13,28,2
any-to-any|nl|other,28,13,28,2
any-to-any|pt|other,28,13,28,2
any-to-any|ru|other,28,13,28,2
any-to-any|tr|other,28,13,28,2
any-to-any|ur|other,28,13,28,2
any-to-any|vi|other,28,13,28,2
image-segmentation|zh|permissive,934,100,833,4
token-classification|tr|responsible_ai,12,3,9,1
automatic-speech-recognition|aa|permissive,2963,236,410,32
automatic-speech-recognition|gd|other,78,21,34,1
reinforcement-learning|unk|other,19,12,13,23
token-classification|nl|responsible_ai,12,4,10,2
token-classification|pl|responsible_ai,12,4,10,2
token-classification|pt|responsible_ai,12,4,10,2
text-to-speech|bh|permissive,344,65,244,1
image-text-to-text|ms|unknown,7925,484,3233,7
image-text-to-text|my|unknown,7925,484,3233,7
image-text-to-text|ta|unknown,7925,484,3233,7
image-to-text|en|vendor_custom,16,7,16,7
audio-to-audio|nl|permissive,214,30,211,4
audio-to-audio|pl|permissive,214,30,211,4
audio-to-audio|pt|permissive,214,30,211,6
image-text-to-video|unk|other,18,6,18,75
audio-classification|de|other,13,3,13,6
audio-classification|fr|other,13,3,13,6
audio-classification|ja|other,12,3,12,5
audio-classification|ko|other,13,3,13,6
audio-classification|vi|other,12,3,12,5
audio-classification|zh|other,13,3,13,6
automatic-speech-recognition|aa|unknown,8180,121,504,1
automatic-speech-recognition|ae|unknown,8180,121,504,1
automatic-speech-recognition|am|unknown,8180,121,504,2
automatic-speech-recognition|an|unknown,8180,121,504,1
automatic-speech-recognition|as|unknown,8182,122,506,3
automatic-speech-recognition|av|unknown,8180,121,504,1
automatic-speech-recognition|ay|unknown,8180,121,504,1
automatic-speech-recognition|be|unknown,8180,121,504,1
automatic-speech-recognition|bg|unknown,8180,121,504,1
automatic-speech-recognition|bh|unknown,8180,121,504,1
automatic-speech-recognition|bi|unknown,8180,121,504,1
automatic-speech-recognition|ce|unknown,8180,121,504,1
automatic-speech-recognition|ch|unknown,8180,121,504,1
automatic-speech-recognition|co|unknown,8180,121,504,1
automatic-speech-recognition|cr|unknown,8180,121,504,1
automatic-speech-recognition|cs|unknown,8188,121,512,9
automatic-speech-recognition|cu|unknown,8180,121,504,1
automatic-speech-recognition|cv|unknown,8180,121,504,1
automatic-speech-recognition|cy|unknown,8180,121,504,1
automatic-speech-recognition|dz|unknown,8180,121,504,1
automatic-speech-recognition|ee|unknown,8180,121,504,2
automatic-speech-recognition|eu|unknown,8180,121,504,2
automatic-speech-recognition|ff|unknown,8180,121,504,1
automatic-speech-recognition|fj|unknown,8180,121,504,1
automatic-speech-recognition|fo|unknown,8180,121,504,1
automatic-speech-recognition|gd|unknown,8180,121,504,1
automatic-speech-recognition|gl|unknown,8180,121,504,1
automatic-speech-recognition|gn|unknown,8180,121,504,1
automatic-speech-recognition|gu|unknown,8182,122,506,4
automatic-speech-recognition|gv|unknown,8180,121,504,1
automatic-speech-recognition|ho|unknown,8180,121,504,1
automatic-speech-recognition|ht|unknown,8180,121,504,1
automatic-speech-recognition|hz|unknown,8180,121,504,1
automatic-speech-recognition|ia|unknown,8180,121,504,1
automatic-speech-recognition|ie|unknown,8180,121,504,1
automatic-speech-recognition|ii|unknown,8180,121,504,1
automatic-speech-recognition|ik|unknown,8180,121,504,1
automatic-speech-recognition|io|unknown,8180,121,504,1
automatic-speech-recognition|iu|unknown,8180,121,504,1
automatic-speech-recognition|jv|unknown,8180,121,504,1
automatic-speech-recognition|kg|unknown,8180,121,504,1
automatic-speech-recognition|ki|unknown,8181,122,504,2
automatic-speech-recognition|kj|unknown,8180,121,504,1
automatic-speech-recognition|kl|unknown,8180,121,504,1
automatic-speech-recognition|kr|unknown,8180,121,504,1
automatic-speech-recognition|ku|unknown,8182,121,504,3
automatic-speech-recognition|kv|unknown,8180,121,504,1
automatic-speech-recognition|kw|unknown,8180,121,504,1
automatic-speech-recognition|la|unknown,8180,121,504,1
automatic-speech-recognition|li|unknown,8180,121,504,1
automatic-speech-recognition|lo|unknown,8180,121,504,1
automatic-speech-recognition|lt|unknown,8180,121,504,1
automatic-speech-recognition|lu|unknown,8180,121,504,1
automatic-speech-recognition|lv|unknown,8180,121,504,1
automatic-speech-recognition|mg|unknown,8180,121,504,1
automatic-speech-recognition|mh|unknown,8180,121,504,1
automatic-speech-recognition|mi|unknown,8180,121,504,1
automatic-speech-recognition|mk|unknown,8190,123,514,37
automatic-speech-recognition|mt|unknown,8180,121,504,1
automatic-speech-recognition|my|unknown,8180,121,504,2
automatic-speech-recognition|na|unknown,8180,121,504,1
automatic-speech-recognition|nb|unknown,8181,122,505,3
automatic-speech-recognition|nd|unknown,8180,121,504,1
automatic-speech-recognition|ng|unknown,8180,121,504,1
automatic-speech-recognition|nn|unknown,8180,121,504,1
automatic-speech-recognition|no|unknown,8184,121,508,5
automatic-speech-recognition|nr|unknown,8180,121,504,1
automatic-speech-recognition|nv|unknown,8180,121,504,1
automatic-speech-recognition|ny|unknown,8180,121,504,1
automatic-speech-recognition|oc|unknown,8180,121,504,1
automatic-speech-recognition|oj|unknown,8180,121,504,1
automatic-speech-recognition|om|unknown,8180,121,504,1
automatic-speech-recognition|or|unknown,8182,122,506,3
automatic-speech-recognition|os|unknown,8180,121,504,1
automatic-speech-recognition|pa|unknown,8182,122,506,3
automatic-speech-recognition|pi|unknown,8180,121,504,1
automatic-speech-recognition|qu|unknown,8180,121,504,3
automatic-speech-recognition|rm|unknown,8180,121,504,1
automatic-speech-recognition|rn|unknown,8180,121,504,1
automatic-speech-recognition|rw|unknown,8181,121,504,2
automatic-speech-recognition|sa|unknown,8182,121,506,3
automatic-speech-recognition|sc|unknown,8180,121,504,1
automatic-speech-recognition|sd|unknown,8181,121,505,2
automatic-speech-recognition|se|unknown,8180,121,504,1
automatic-speech-recognition|sg|unknown,8180,121,504,1
automatic-speech-recognition|si|unknown,8180,121,504,5
automatic-speech-recognition|sk|unknown,8180,121,504,1
automatic-speech-recognition|sm|unknown,8180,121,504,1
automatic-speech-recognition|sn|unknown,8182,121,504,3
automatic-speech-recognition|so|unknown,8180,121,504,1
automatic-speech-recognition|sq|unknown,8180,121,504,1
automatic-speech-recognition|ss|unknown,8180,121,504,1
automatic-speech-recognition|st|unknown,8180,121,504,1
automatic-speech-recognition|su|unknown,8180,121,504,1
automatic-speech-recognition|tg|unknown,8180,121,504,1
automatic-speech-recognition|ti|unknown,8180,121,504,1
automatic-speech-recognition|tk|unknown,8180,121,504,1
automatic-speech-recognition|tl|unknown,8180,121,504,1
automatic-speech-recognition|to|unknown,8180,121,504,1
automatic-speech-recognition|ts|unknown,8180,121,504,1
automatic-speech-recognition|ty|unknown,8180,121,504,1
automatic-speech-recognition|uk|unknown,8180,121,504,1
automatic-speech-recognition|ve|unknown,8180,121,504,1
automatic-speech-recognition|vo|unknown,8180,121,504,1
automatic-speech-recognition|wa|unknown,8180,121,504,1
automatic-speech-recognition|xh|unknown,8180,121,504,1
automatic-speech-recognition|yi|unknown,8180,121,504,2
automatic-speech-recognition|za|unknown,8180,121,504,1
automatic-speech-recognition|zu|unknown,8180,121,504,1
video-classification|vi|permissive,77,14,74,3
image-text-to-video|unk|permissive,13,10,13,21
automatic-speech-recognition|is|copyleft,40,11,12,8
audio-text-to-text|aa|permissive,28,9,27,7
audio-text-to-text|af|permissive,28,9,27,7
audio-text-to-text|ca|permissive,28,9,27,7
audio-text-to-text|he|permissive,28,9,27,7
audio-text-to-text|hr|permissive,28,9,27,7
audio-text-to-text|hy|permissive,28,9,27,7
audio-text-to-text|is|permissive,28,9,27,7
audio-text-to-text|jv|permissive,28,9,27,7
audio-text-to-text|kl|permissive,28,9,27,7
audio-text-to-text|mn|permissive,28,9,27,7
audio-text-to-text|ms|permissive,28,9,27,7
audio-text-to-text|ne|permissive,28,9,27,7
audio-text-to-text|no|permissive,28,9,27,7
audio-text-to-text|tl|permissive,28,9,27,7
audio-text-to-text|yi|permissive,28,9,27,7
text-to-speech|lb|permissive,346,66,245,34
text-generation|aa|copyleft,425,170,107,4
text-generation|ab|copyleft,425,170,107,4
text-generation|ae|copyleft,425,170,107,4
text-generation|ak|copyleft,425,170,107,4
text-generation|am|copyleft,425,170,107,4
text-generation|an|copyleft,425,170,107,4
text-generation|av|copyleft,425,170,107,4
text-generation|ay|copyleft,425,170,107,4
text-generation|az|copyleft,425,170,107,4
text-generation|ba|copyleft,425,170,107,4
text-generation|bh|copyleft,425,170,107,4
text-generation|bi|copyleft,425,170,107,4
text-generation|bm|copyleft,425,170,107,4
text-generation|bo|copyleft,425,170,107,4
text-generation|br|copyleft,425,170,107,4
text-generation|bs|copyleft,425,170,107,4
text-generation|ce|copyleft,425,170,107,4
text-generation|ch|copyleft,425,170,107,4
text-generation|co|copyleft,425,170,107,4
text-generation|cr|copyleft,425,170,107,4
text-generation|cu|copyleft,425,170,107,4
text-generation|cv|copyleft,425,170,107,4
text-generation|cy|copyleft,426,171,107,5
text-generation|dv|copyleft,425,170,107,4
text-generation|dz|copyleft,425,170,107,4
text-generation|ee|copyleft,425,170,107,4
text-generation|ff|copyleft,425,170,107,4
text-generation|fj|copyleft,425,170,107,4
text-generation|fo|copyleft,425,170,107,4
text-generation|fy|copyleft,425,170,107,4
text-generation|gd|copyleft,425,170,107,7
text-generation|gl|copyleft,426,171,107,5
text-generation|gn|copyleft,427,170,107,6
text-generation|gv|copyleft,425,170,107,4
text-generation|ha|copyleft,425,170,107,4
text-generation|ho|copyleft,425,170,107,4
text-generation|ht|copyleft,425,170,107,7
text-generation|hy|copyleft,425,170,107,7
text-generation|hz|copyleft,425,170,107,4
text-generation|ia|copyleft,425,170,107,4
text-generation|ie|copyleft,425,170,107,4
text-generation|ig|copyleft,425,170,107,4
text-generation|ii|copyleft,425,170,107,4
text-generation|ik|copyleft,425,170,107,4
text-generation|io|copyleft,425,170,107,4
text-generation|iu|copyleft,425,170,107,4
text-generation|jv|copyleft,425,170,107,4
text-generation|ka|copyleft,425,170,107,4
text-generation|kg|copyleft,425,170,107,4
text-generation|ki|copyleft,425,170,107,4
text-generation|kj|copyleft,425,170,107,4
text-generation|kk|copyleft,426,170,107,5
text-generation|kl|copyleft,425,170,107,4
text-generation|km|copyleft,426,170,108,5
text-generation|kr|copyleft,425,170,107,4
text-generation|ku|copyleft,425,170,107,4
text-generation|kv|copyleft,425,170,107,4
text-generation|kw|copyleft,425,170,107,4
text-generation|ky|copyleft,425,170,107,4
text-generation|lb|copyleft,425,170,107,4
text-generation|lg|copyleft,426,170,108,5
text-generation|li|copyleft,425,170,107,4
text-generation|ln|copyleft,425,170,107,4
text-generation|lo|copyleft,425,170,107,4
text-generation|lu|copyleft,425,170,107,4
text-generation|mg|copyleft,425,170,107,4
text-generation|mh|copyleft,425,170,107,4
text-generation|mi|copyleft,425,170,107,4
text-generation|mk|copyleft,425,170,107,4
text-generation|mn|copyleft,425,170,107,4
text-generation|ms|copyleft,425,170,107,4
text-generation|na|copyleft,425,170,107,4
text-generation|nd|copyleft,425,170,107,4
text-generation|ng|copyleft,425,170,107,4
text-generation|nn|copyleft,426,171,107,5
text-generation|nr|copyleft,425,170,107,4
text-generation|nv|copyleft,425,170,107,4
text-generation|ny|copyleft,425,170,107,4
text-generation|oc|copyleft,426,171,107,5
text-generation|oj|copyleft,425,170,107,4
text-generation|om|copyleft,425,170,107,4
text-generation|os|copyleft,425,170,107,4
text-generation|pi|copyleft,425,170,107,4
text-generation|ps|copyleft,425,170,107,4
text-generation|qu|copyleft,425,170,107,4
text-generation|rm|copyleft,425,170,107,4
text-generation|rn|copyleft,425,170,107,4
text-generation|rw|copyleft,425,170,107,4
text-generation|sc|copyleft,425,170,107,4
text-generation|se|copyleft,425,170,107,4
text-generation|sg|copyleft,425,170,107,4
text-generation|si|copyleft,425,170,107,4
text-generation|sm|copyleft,425,170,107,4
text-generation|sn|copyleft,425,170,107,4
text-generation|so|copyleft,425,170,107,4
text-generation|sq|copyleft,425,170,107,4
text-generation|ss|copyleft,425,170,107,4
text-generation|st|copyleft,425,170,107,4
text-generation|su|copyleft,425,170,107,4
text-generation|sw|copyleft,425,170,107,4
text-generation|tg|copyleft,425,170,107,4
text-generation|ti|copyleft,425,170,107,4
text-generation|tk|copyleft,425,170,107,4
text-generation|tn|copyleft,425,170,107,4
text-generation|to|copyleft,425,170,107,4
text-generation|ts|copyleft,425,170,107,4
text-generation|tt|copyleft,425,170,107,4
text-generation|tw|copyleft,425,170,107,4
text-generation|ty|copyleft,425,170,107,4
text-generation|ug|copyleft,425,170,107,4
text-generation|uz|copyleft,425,170,107,4
text-generation|ve|copyleft,425,170,107,4
text-generation|vo|copyleft,425,170,107,4
text-generation|wa|copyleft,425,170,107,4
text-generation|wo|copyleft,427,172,108,6
text-generation|xh|copyleft,425,170,107,4
text-generation|yo|copyleft,425,170,107,4
text-generation|za|copyleft,425,170,107,4
text-generation|zu|copyleft,425,170,107,4
robotics|zh|noncommercial,35,9,28,1
text-generation|af|noncommercial,2017,972,188,1
text-generation|cy|noncommercial,2019,974,188,61
image-to-text|sa|unknown,118,30,92,2
text-generation|ka|noncommercial,2018,973,188,4
text-generation|ne|noncommercial,2019,973,189,59
text-to-speech|fa|permissive,387,76,286,91
text-generation|mn|vendor_custom,2521,994,284,16
tabular-classification|unk|responsible_ai,1,0,1,1
reinforcement-learning|es|vendor_custom,9,9,2,3
text-generation|sa|other,3482,1220,755,4
image-text-to-text|pl|vendor_custom,407,100,143,2
automatic-speech-recognition|nr|permissive,2952,234,398,2
text-generation|eu|noncommercial,2022,975,188,64
text-generation|gl|noncommercial,2019,974,188,60
text-generation|gu|noncommercial,2018,973,188,57
text-generation|ig|noncommercial,2021,974,188,64
text-generation|mg|noncommercial,2018,973,188,57
text-generation|mr|noncommercial,2020,975,188,64
text-generation|pa|noncommercial,2021,974,188,61
text-generation|sn|noncommercial,2018,973,188,59
text-generation|sr|noncommercial,2019,974,188,63
text-generation|te|noncommercial,2022,975,188,62
text-generation|ur|noncommercial,2023,976,188,68
text-generation|wo|noncommercial,2019,974,188,65
other|mr|permissive,134,6,132,1
text-classification|ba|copyleft,193,36,22,1
text-classification|bm|copyleft,193,36,22,1
text-classification|bo|copyleft,193,36,22,1
text-classification|dz|copyleft,193,36,22,1
text-classification|ee|copyleft,193,36,22,1
text-classification|fj|copyleft,193,36,22,1
text-classification|fo|copyleft,193,36,22,1
text-classification|ht|copyleft,193,36,22,1
text-classification|ig|copyleft,193,36,22,1
text-classification|ki|copyleft,193,36,22,1
text-classification|ks|copyleft,193,36,22,1
text-classification|lb|copyleft,193,36,22,1
text-classification|lg|copyleft,193,36,22,1
text-classification|li|copyleft,193,36,22,1
text-classification|ln|copyleft,193,36,22,1
text-classification|mi|copyleft,193,36,22,1
text-classification|nb|copyleft,194,37,23,2
text-classification|nn|copyleft,194,37,23,2
text-classification|ny|copyleft,193,36,22,1
text-classification|oc|copyleft,193,36,22,1
text-classification|rn|copyleft,193,36,22,1
text-classification|rw|copyleft,193,36,22,1
text-classification|sc|copyleft,193,36,22,1
text-classification|sg|copyleft,193,36,22,1
text-classification|sm|copyleft,193,36,22,1
text-classification|sn|copyleft,193,36,22,1
text-classification|tg|copyleft,193,36,22,1
text-classification|ti|copyleft,193,36,22,1
text-classification|tk|copyleft,193,36,22,1
text-classification|tt|copyleft,193,36,22,1
text-classification|tw|copyleft,193,36,22,1
text-classification|wo|copyleft,193,36,22,1
text-classification|yo|copyleft,193,36,22,1
robotics|zh|permissive,16276,127,16230,25
time-series-forecasting|pt|permissive,610,41,340,1
any-to-any|en|vendor_custom,11,11,11,30
any-to-any|id|vendor_custom,10,10,10,2
text-to-speech|ar|vendor_custom,2,2,2,4
text-to-speech|ch|vendor_custom,1,1,1,2
text-to-speech|pl|vendor_custom,2,2,2,3
text-to-speech|pt|vendor_custom,2,2,2,4
automatic-speech-recognition|mg|copyleft,34,10,9,2
image-to-text|de|other,18,7,16,9
image-to-text|es|other,18,7,16,9
image-to-text|fr|other,18,7,16,9
image-to-text|it|other,18,7,16,9
image-to-text|tr|other,13,6,11,1
image-to-text|ur|other,14,7,12,3
feature-extraction|no|vendor_custom,29,17,13,1
text-to-speech|bm|permissive,345,66,244,3
text-generation|ks|unknown,127946,15513,8676,3
text-generation|sd|unknown,127946,15513,8676,3
text-to-speech|si|unknown,126,20,93,11
text-to-audio|ur|unknown,849,16,158,2
audio-classification|de|unknown,924,35,167,1
audio-classification|es|unknown,924,35,167,1
audio-classification|pt|unknown,924,35,167,1
audio-classification|ur|unknown,924,35,167,1
sentence-similarity|no|vendor_custom,58,6,4,4
image-to-text|uz|permissive,269,84,186,1
audio-classification|es|other,12,2,12,3
audio-classification|hi|other,11,2,11,2
audio-classification|it|other,11,2,11,2
audio-classification|nl|other,12,2,12,3
audio-classification|pl|other,11,2,11,2
audio-classification|pt|other,11,2,11,2
audio-classification|tr|other,11,2,11,2
automatic-speech-recognition|te|copyleft,37,10,12,7
tabular-classification|de|permissive,57,6,57,2
unk|my|responsible_ai,693,78,429,1
image-to-text|or|permissive,269,84,186,3
text-to-speech|uz|permissive,346,67,245,34
text-to-audio|yo|noncommercial,95,20,28,1
text-to-speech|ur|unknown,130,20,98,15
image-text-to-text|hr|unknown,7925,484,3233,1
image-text-to-text|sl|unknown,7925,484,3233,1
image-text-to-text|sr|unknown,7925,484,3233,1
image-to-text|ur|permissive,271,84,187,2
image-classification|de|copyleft,81,32,68,15
image-classification|es|copyleft,80,32,67,14
image-classification|fr|copyleft,81,32,68,15
image-classification|pt|copyleft,80,32,67,14
image-classification|ru|copyleft,80,32,67,14
image-classification|tr|copyleft,80,32,67,14
image-classification|vi|copyleft,80,32,67,14
unk|uk|vendor_custom,2597,453,1239,3
sentence-similarity|az|noncommercial,29,18,9,1
text-generation|cr|vendor_custom,2520,993,284,1
image-text-to-image|ja|permissive,30,11,11,1
image-text-to-image|en|other,2,2,2,2
image-text-to-image|ja|other,1,1,1,1
image-classification|my|permissive,4996,717,3298,2
image-text-to-text|eu|unknown,7927,484,3233,2
image-text-to-text|or|noncommercial,84,42,61,1
question-answering|af|vendor_custom,13,10,4,4
question-answering|az|vendor_custom,13,10,4,4
question-answering|be|vendor_custom,13,10,4,4
question-answering|el|vendor_custom,13,10,4,4
question-answering|fi|vendor_custom,13,10,4,4
question-answering|hu|vendor_custom,14,11,4,5
question-answering|hy|vendor_custom,13,10,4,4
question-answering|is|vendor_custom,13,10,4,4
question-answering|ka|vendor_custom,13,10,4,4
question-answering|kk|vendor_custom,13,10,4,4
question-answering|kn|vendor_custom,13,10,4,4
question-answering|ky|vendor_custom,13,10,4,4
question-answering|ne|vendor_custom,13,10,4,4
question-answering|nl|vendor_custom,13,10,4,4
question-answering|pl|vendor_custom,13,10,4,4
question-answering|rm|vendor_custom,13,10,4,4
question-answering|ro|vendor_custom,13,10,4,4
question-answering|sl|vendor_custom,13,10,4,4
text-to-speech|dv|noncommercial,1236,77,36,8
video-to-video|zh|unknown,6,1,6,1
text-to-speech|uz|other,44,13,44,17
table-question-answering|en|other,1,1,1,1
table-question-answering|ru|other,1,1,1,1
text-to-speech|ro|other,59,15,59,80
text-generation|tw|vendor_custom,2520,993,284,3
text-generation|az|vendor_custom,2521,994,284,14
text-generation|be|vendor_custom,2521,994,284,11
text-generation|hy|vendor_custom,2522,994,285,15
text-generation|kk|vendor_custom,2522,994,285,20
text-generation|ku|vendor_custom,2521,994,284,14
text-generation|ky|vendor_custom,2521,994,284,14
text-generation|lb|vendor_custom,2521,994,284,15
text-generation|rm|vendor_custom,2521,994,284,11
image-classification|ur|permissive,4996,717,3297,2
text-classification|ff|permissive,10055,774,582,1
text-classification|ss|permissive,10056,775,583,3
image-text-to-image|zh|unknown,4,3,4,1
automatic-speech-recognition|ja|copyleft,39,12,15,12
image-text-to-video|de|other,18,6,18,1
image-text-to-video|en|other,18,6,18,12
image-text-to-video|es|other,18,6,18,1
image-text-to-video|fr|other,18,6,18,1
image-text-to-video|it|other,18,6,18,1
image-text-to-video|ja|other,18,6,18,1
image-text-to-video|ko|other,18,6,18,1
image-text-to-video|pt|other,18,6,18,1
image-text-to-video|zh|other,18,6,18,6
text-generation|be|noncommercial,2018,973,188,3
text-generation|cu|noncommercial,2018,973,188,3
text-generation|gd|noncommercial,2018,973,188,3
text-generation|gv|noncommercial,2018,973,188,3
text-generation|ht|noncommercial,2018,973,188,3
text-generation|hy|noncommercial,2018,973,188,3
text-generation|ky|noncommercial,2018,973,188,3
text-generation|oc|noncommercial,2018,973,188,3
text-generation|sa|noncommercial,2020,974,188,5
text-generation|sd|noncommercial,2018,973,188,3
text-generation|ug|noncommercial,2018,973,188,3
unk|ig|other,17559,680,16282,2
automatic-speech-recognition|af|copyleft,36,9,12,4
automatic-speech-recognition|am|copyleft,36,9,12,4
automatic-speech-recognition|as|copyleft,36,9,12,4
automatic-speech-recognition|ba|copyleft,36,9,12,4
automatic-speech-recognition|bg|copyleft,36,9,12,7
automatic-speech-recognition|bo|copyleft,33,9,9,1
automatic-speech-recognition|br|copyleft,33,9,9,1
automatic-speech-recognition|bs|copyleft,33,9,9,1
automatic-speech-recognition|ca|copyleft,36,9,12,4
automatic-speech-recognition|cs|copyleft,36,9,12,7
automatic-speech-recognition|cy|copyleft,33,9,9,1
automatic-speech-recognition|da|copyleft,36,9,12,7
automatic-speech-recognition|el|copyleft,37,10,13,10
automatic-speech-recognition|es|copyleft,37,10,13,12
automatic-speech-recognition|eu|copyleft,36,9,12,4
automatic-speech-recognition|fi|copyleft,36,9,12,7
automatic-speech-recognition|fo|copyleft,33,9,9,1
automatic-speech-recognition|gl|copyleft,36,9,12,4
automatic-speech-recognition|gu|copyleft,33,9,9,1
automatic-speech-recognition|he|copyleft,36,9,12,4
automatic-speech-recognition|hi|copyleft,37,10,13,6
automatic-speech-recognition|ht|copyleft,36,9,12,4
automatic-speech-recognition|hu|copyleft,36,9,12,7
automatic-speech-recognition|hy|copyleft,36,9,12,4
automatic-speech-recognition|id|copyleft,36,9,12,4
automatic-speech-recognition|ka|copyleft,33,9,9,1
automatic-speech-recognition|kk|copyleft,36,9,12,4
automatic-speech-recognition|km|copyleft,34,10,9,2
automatic-speech-recognition|kn|copyleft,33,9,9,1
automatic-speech-recognition|ko|copyleft,37,10,13,9
automatic-speech-recognition|lb|copyleft,33,9,9,1
automatic-speech-recognition|ln|copyleft,34,9,10,3
automatic-speech-recognition|lo|copyleft,36,9,12,4
automatic-speech-recognition|lt|copyleft,36,9,12,7
automatic-speech-recognition|lv|copyleft,33,9,9,4
automatic-speech-recognition|mi|copyleft,33,9,9,1
automatic-speech-recognition|mk|copyleft,36,9,12,4
automatic-speech-recognition|ml|copyleft,36,9,12,4
automatic-speech-recognition|mn|copyleft,36,9,12,4
automatic-speech-recognition|mr|copyleft,36,9,12,4
automatic-speech-recognition|ms|copyleft,33,9,9,1
automatic-speech-recognition|mt|copyleft,36,9,12,7
automatic-speech-recognition|my|copyleft,33,9,9,1
automatic-speech-recognition|ne|copyleft,33,9,9,1
automatic-speech-recognition|nl|copyleft,37,10,13,12
automatic-speech-recognition|nn|copyleft,33,9,9,1
automatic-speech-recognition|no|copyleft,33,9,9,1
automatic-speech-recognition|oc|copyleft,33,9,9,1
automatic-speech-recognition|pa|copyleft,36,9,12,4
automatic-speech-recognition|pl|copyleft,37,10,13,12
automatic-speech-recognition|ps|copyleft,36,9,12,4
automatic-speech-recognition|pt|copyleft,37,10,13,12
automatic-speech-recognition|ro|copyleft,36,9,12,7
automatic-speech-recognition|ru|copyleft,37,10,13,9
automatic-speech-recognition|sa|copyleft,33,9,9,1
automatic-speech-recognition|sd|copyleft,36,9,12,4
automatic-speech-recognition|si|copyleft,33,9,9,1
automatic-speech-recognition|sk|copyleft,36,9,12,7
automatic-speech-recognition|sl|copyleft,37,10,13,8
automatic-speech-recognition|sn|copyleft,35,10,10,3
automatic-speech-recognition|so|copyleft,33,9,9,1
automatic-speech-recognition|sq|copyleft,36,9,12,4
automatic-speech-recognition|sr|copyleft,33,9,9,1
automatic-speech-recognition|su|copyleft,33,9,9,1
automatic-speech-recognition|sv|copyleft,36,9,12,7
automatic-speech-recognition|ta|copyleft,36,9,12,4
automatic-speech-recognition|tg|copyleft,33,9,9,1
automatic-speech-recognition|tk|copyleft,36,9,12,4
automatic-speech-recognition|tl|copyleft,33,9,9,1
automatic-speech-recognition|tr|copyleft,36,9,12,4
automatic-speech-recognition|tt|copyleft,36,9,12,4
automatic-speech-recognition|uk|copyleft,36,9,12,7
automatic-speech-recognition|ur|copyleft,36,9,12,4
automatic-speech-recognition|uz|copyleft,36,9,12,4
automatic-speech-recognition|yi|copyleft,33,9,9,1
automatic-speech-recognition|yo|copyleft,33,9,9,1
text-to-speech|bo|noncommercial,1237,78,37,10
text-to-speech|br|noncommercial,1237,78,37,10
text-to-speech|eu|noncommercial,1238,78,37,11
text-to-speech|fo|noncommercial,1237,78,37,3
text-to-speech|ht|noncommercial,1237,78,37,10
text-to-speech|la|noncommercial,1237,78,37,3
text-to-speech|nn|noncommercial,1237,78,37,10
text-to-speech|no|noncommercial,1239,80,39,12
text-to-speech|sa|noncommercial,1239,80,39,15
text-to-speech|sq|noncommercial,1237,78,37,10
text-to-speech|yi|noncommercial,1237,78,37,10
audio-to-audio|hi|permissive,213,30,210,1
document-question-answering|zh|permissive,14,4,14,1
image-text-to-text|ja|copyleft,29,14,22,4
text-to-speech|af|other,58,14,58,76
text-to-speech|am|other,54,14,54,61
text-to-speech|as|other,61,17,60,84
text-to-speech|az|other,58,14,58,76
text-to-speech|be|other,61,14,61,79
text-to-speech|bg|other,58,14,58,76
text-to-speech|bn|other,61,17,60,84
text-to-speech|bo|other,53,14,53,60
text-to-speech|br|other,53,14,53,60
text-to-speech|bs|other,58,14,58,71
text-to-speech|cy|other,59,15,59,77
text-to-speech|da|other,59,15,59,77
text-to-speech|el|other,59,15,59,77
text-to-speech|et|other,58,14,58,76
text-to-speech|eu|other,57,14,57,75
text-to-speech|fa|other,59,15,59,77
text-to-speech|fi|other,59,15,59,77
text-to-speech|fo|other,53,14,53,60
text-to-speech|gl|other,58,14,58,76
text-to-speech|gu|other,61,17,60,84
text-to-speech|he|other,61,15,61,80
text-to-speech|hr|other,58,14,58,76
text-to-speech|ht|other,57,14,57,75
text-to-speech|hy|other,58,14,58,76
text-to-speech|id|other,58,14,58,77
text-to-speech|ka|other,60,16,60,73
text-to-speech|kk|other,59,15,59,78
text-to-speech|km|other,54,14,54,61
text-to-speech|kn|other,61,17,60,84
text-to-speech|la|other,57,14,57,75
text-to-speech|lt|other,58,14,58,71
text-to-speech|lv|other,59,15,59,77
text-to-speech|mi|other,58,14,58,76
text-to-speech|ml|other,61,17,60,84
text-to-speech|mn|other,58,14,58,76
text-to-speech|mr|other,61,17,60,85
text-to-speech|ms|other,58,14,58,76
text-to-speech|my|other,54,14,54,61
text-to-speech|ne|other,61,17,60,84
text-to-speech|pa|other,61,17,60,79
text-to-speech|ps|other,58,14,58,76
text-to-speech|sa|other,55,16,54,67
text-to-speech|sd|other,59,15,58,82
text-to-speech|si|other,53,14,53,60
text-to-speech|sk|other,59,15,59,77
text-to-speech|sl|other,59,15,59,72
text-to-speech|sn|other,58,14,58,76
text-to-speech|sr|other,59,15,59,77
text-to-speech|sv|other,59,15,59,77
text-to-speech|sw|other,63,17,63,82
text-to-speech|ta|other,61,17,60,84
text-to-speech|te|other,63,19,60,96
text-to-speech|tl|other,57,14,57,75
text-to-speech|uk|other,59,15,59,77
text-to-speech|ur|other,60,16,59,83
text-to-speech|yi|other,53,14,53,60
text-to-speech|yo|other,54,14,54,61
question-answering|ru|copyleft,33,10,7,3
question-answering|tt|copyleft,33,10,7,3
fill-mask|co|permissive,1961,222,212,391
fill-mask|mi|permissive,1961,222,212,391
fill-mask|sm|permissive,1961,222,212,391
translation|ca|vendor_custom,9,8,4,2
depth-estimation|en|unknown,38,7,38,4
zero-shot-object-detection|unk|other,1,0,1,1
image-to-text|uk|permissive,273,87,190,9
image-to-text|sa|permissive,270,84,187,1
image-text-to-text|pa|other,505,160,263,4
image-text-to-text|sa|other,505,160,263,4
text-to-speech|jv|other,45,14,45,21
object-detection|zh|noncommercial,47,5,47,2
image-to-text|zh|noncommercial,15,4,15,1
audio-to-audio|unk|other,31,11,31,20
text-to-speech|dv|other,39,13,39,1
text-generation|ml|noncommercial,2018,973,188,1
audio-to-audio|cs|noncommercial,94,2,94,1
audio-to-audio|hi|noncommercial,95,2,95,2
audio-to-audio|hu|noncommercial,94,2,94,1
audio-to-audio|ru|noncommercial,94,2,94,1
audio-to-audio|tr|noncommercial,94,2,94,1
token-classification|hy|copyleft,89,17,30,2
unk|sw|vendor_custom,2597,453,1239,4
object-detection|th|permissive,753,90,564,2
token-classification|he|noncommercial,249,25,163,2
image-to-text|et|permissive,269,84,186,1
image-to-text|lv|permissive,269,84,186,1
video-classification|en|other,7,3,6,1
image-segmentation|ko|unknown,139,16,92,1
object-detection|bn|permissive,754,90,565,3
text-generation|oc|vendor_custom,2520,993,284,6
text-to-speech|si|permissive,345,65,244,31
visual-question-answering|ja|permissive,113,28,97,6
reinforcement-learning|pt|permissive,956,49,312,1
image-classification|lb|copyleft,79,30,66,1
image-to-video|en|responsible_ai,8,8,8,1
image-text-to-text|bg|vendor_custom,409,102,142,11
text-to-speech|ki|unknown,125,20,94,1
text-ranking|unk|copyleft,3,1,2,1
feature-extraction|aa|permissive,1704,312,675,2
image-text-to-video|en|permissive,13,10,13,3
sentence-similarity|ar|vendor_custom,62,6,4,4
sentence-similarity|es|vendor_custom,63,6,5,8
sentence-similarity|fr|vendor_custom,63,6,5,9
sentence-similarity|hi|vendor_custom,62,6,4,5
sentence-similarity|id|vendor_custom,62,6,4,4
sentence-similarity|it|vendor_custom,63,6,5,8
sentence-similarity|ja|vendor_custom,62,6,4,4
sentence-similarity|nl|vendor_custom,63,6,5,8
sentence-similarity|pt|vendor_custom,63,6,5,17
sentence-similarity|ru|vendor_custom,63,6,5,5
sentence-similarity|th|vendor_custom,62,6,4,4
sentence-similarity|tr|vendor_custom,62,6,4,4
sentence-similarity|zh|vendor_custom,64,7,6,6
robotics|ru|permissive,16264,118,16226,2
question-answering|ti|permissive,1999,212,105,1
token-classification|no|copyleft,92,17,33,5
robotics|ja|permissive,16268,120,16229,5
text-to-video|ja|responsible_ai,417,12,403,1
translation|be|copyleft,6,3,4,1
token-classification|he|copyleft,91,17,32,4
text-to-speech|ab|unknown,125,20,93,10
text-to-speech|af|unknown,125,20,93,10
text-to-speech|am|unknown,125,20,93,10
text-to-speech|an|unknown,125,20,93,10
text-to-speech|ba|unknown,125,20,93,10
text-to-speech|be|unknown,125,20,93,10
text-to-speech|bg|unknown,125,20,93,10
text-to-speech|bo|unknown,125,20,93,10
text-to-speech|br|unknown,125,20,93,10
text-to-speech|bs|unknown,125,20,93,10
text-to-speech|cv|unknown,125,20,93,10
text-to-speech|dv|unknown,125,20,93,10
text-to-speech|eo|unknown,125,20,93,10
text-to-speech|et|unknown,125,20,93,10
text-to-speech|ff|unknown,125,20,93,10
text-to-speech|fy|unknown,125,20,93,10
text-to-speech|ga|unknown,125,20,93,10
text-to-speech|gn|unknown,125,20,93,10
text-to-speech|gv|unknown,125,20,93,10
text-to-speech|ha|unknown,125,20,93,10
text-to-speech|hr|unknown,125,20,93,10
text-to-speech|ht|unknown,125,20,93,10
text-to-speech|hy|unknown,125,20,93,10
text-to-speech|hz|unknown,125,20,93,10
text-to-speech|ia|unknown,125,20,93,10
text-to-speech|ig|unknown,125,20,93,10
text-to-speech|ik|unknown,125,20,93,10
text-to-speech|jv|unknown,125,20,93,10
text-to-speech|kj|unknown,125,20,93,10
text-to-speech|km|unknown,125,20,93,10
text-to-speech|ks|unknown,126,20,94,11
text-to-speech|kw|unknown,125,20,93,10
text-to-speech|ln|unknown,125,20,93,10
text-to-speech|lo|unknown,125,20,93,10
text-to-speech|lt|unknown,125,20,93,10
text-to-speech|mi|unknown,125,20,93,10
text-to-speech|mk|unknown,125,20,93,10
text-to-speech|mt|unknown,125,20,93,10
text-to-speech|my|unknown,125,20,93,10
text-to-speech|nb|unknown,125,20,93,10
text-to-speech|ng|unknown,125,20,93,10
text-to-speech|nn|unknown,125,20,93,10
text-to-speech|ny|unknown,125,20,93,10
text-to-speech|oc|unknown,125,20,93,10
text-to-speech|om|unknown,125,20,93,10
text-to-speech|os|unknown,125,20,93,10
text-to-speech|ps|unknown,125,20,93,10
text-to-speech|rm|unknown,125,20,93,10
text-to-speech|sa|unknown,126,20,94,11
text-to-speech|sc|unknown,125,20,93,10
text-to-speech|sd|unknown,126,20,94,11
text-to-speech|sn|unknown,125,20,93,10
text-to-speech|so|unknown,125,20,93,10
text-to-speech|sq|unknown,125,20,93,10
text-to-speech|tg|unknown,125,20,93,10
text-to-speech|ti|unknown,125,20,93,10
text-to-speech|tn|unknown,125,20,93,10
text-to-speech|tt|unknown,125,20,93,10
text-to-speech|tw|unknown,125,20,93,10
text-to-speech|ug|unknown,125,20,93,10
text-to-speech|wo|unknown,125,20,93,10
text-to-speech|xh|unknown,125,20,93,10
text-to-speech|yi|unknown,125,20,93,10
text-to-speech|yo|unknown,125,20,93,10
text-to-speech|zu|unknown,125,20,93,10
any-to-any|ko|noncommercial,10,4,10,5
image-classification|aa|permissive,4995,717,3297,1
any-to-any|en|responsible_ai,1,1,1,1
unk|oc|unknown,67987,4965,36075,1
token-classification|fo|copyleft,89,17,30,2
image-to-text|ko|other,21,6,19,12
image-to-text|nl|other,17,6,15,8
image-to-text|pt|other,17,6,15,8
image-to-text|ru|other,21,6,19,12
image-to-text|zh|other,21,6,19,12
token-classification|gl|noncommercial,249,25,163,2
image-feature-extraction|ja|permissive,534,110,400,2
text-classification|vi|vendor_custom,27,21,9,3
text-to-speech|ab|permissive,343,65,244,29
text-to-speech|am|permissive,345,67,245,35
text-to-speech|az|permissive,344,66,244,32
text-to-speech|ba|permissive,343,65,244,29
text-to-speech|bo|permissive,343,65,244,30
text-to-speech|br|permissive,343,65,244,29
text-to-speech|bs|permissive,344,66,244,32
text-to-speech|cv|permissive,343,65,244,29
text-to-speech|cy|permissive,345,67,245,34
text-to-speech|eo|permissive,343,65,244,29
text-to-speech|et|permissive,344,66,244,32
text-to-speech|ff|permissive,345,67,245,35
text-to-speech|fy|permissive,343,65,244,29
text-to-speech|ga|permissive,344,66,244,32
text-to-speech|gn|permissive,344,66,244,32
text-to-speech|gv|permissive,343,65,244,29
text-to-speech|ht|permissive,343,65,244,29
text-to-speech|ia|permissive,343,65,244,29
text-to-speech|ik|permissive,343,65,244,29
text-to-speech|jv|permissive,344,66,244,32
text-to-speech|kj|permissive,343,65,244,29
text-to-speech|kk|permissive,347,66,247,37
text-to-speech|km|permissive,348,66,248,77
text-to-speech|kw|permissive,343,65,244,29
text-to-speech|ky|permissive,344,66,244,32
text-to-speech|ln|permissive,345,67,245,35
text-to-speech|lo|permissive,348,66,248,77
text-to-speech|mi|permissive,344,66,244,33
text-to-speech|mk|permissive,355,67,255,49
text-to-speech|mn|permissive,349,66,246,38
text-to-speech|mt|permissive,344,66,244,32
text-to-speech|my|permissive,348,66,248,77
text-to-speech|ng|permissive,343,65,244,29
text-to-speech|nn|permissive,343,65,244,29
text-to-speech|ny|permissive,345,67,245,33
text-to-speech|oc|permissive,344,66,244,32
text-to-speech|os|permissive,343,65,244,29
text-to-speech|ps|permissive,346,66,245,34
text-to-speech|rm|permissive,343,65,244,29
text-to-speech|sc|permissive,343,65,244,29
text-to-speech|sn|permissive,345,67,245,33
text-to-speech|so|permissive,345,67,245,33
text-to-speech|sq|permissive,343,65,244,30
text-to-speech|ti|permissive,345,67,245,33
text-to-speech|tk|permissive,344,66,244,32
text-to-speech|tn|permissive,344,66,244,32
text-to-speech|tt|permissive,343,65,244,29
text-to-speech|tw|permissive,347,66,248,34
text-to-speech|ug|permissive,344,66,244,33
text-to-speech|xh|permissive,344,66,244,34
text-to-speech|yi|permissive,343,65,244,29
image-to-text|ru|vendor_custom,11,4,11,1
image-text-to-text|he|other,504,159,263,1
text-to-speech|tl|permissive,358,66,259,64
image-text-to-image|unk|unknown,7,6,7,3
token-classification|hi|noncommercial,249,25,163,2
any-to-any|en|copyleft,6,4,6,7
any-to-any|unk|vendor_custom,12,12,12,46
token-classification|es|vendor_custom,5,5,5,3
translation|nb|vendor_custom,9,8,4,1
translation|nn|vendor_custom,9,8,4,1
token-classification|mt|copyleft,89,17,30,2
token-classification|mr|copyleft,89,17,30,2
text-generation|ce|vendor_custom,2520,993,284,9
fill-mask|lb|copyleft,103,16,53,4
text-to-speech|ee|noncommercial,1238,78,37,4
text-to-speech|ee|permissive,345,67,245,4
summarization|ts|permissive,316,67,47,1
token-classification|ta|noncommercial,250,26,164,3
token-classification|te|copyleft,89,17,30,2
token-classification|uk|noncommercial,249,25,163,2
token-classification|ur|noncommercial,249,25,163,2
token-classification|ug|copyleft,89,17,30,2
image-text-to-video|en|unknown,4,4,4,1
image-text-to-video|ja|unknown,4,4,4,1
graph-ml|en|noncommercial,1,1,1,1
image-classification|ko|permissive,4994,717,3296,2
audio-classification|ko|unknown,924,35,167,2
image-to-text|id|permissive,270,85,187,1
image-to-text|jv|permissive,273,86,190,4
object-detection|ko|other,41,5,40,2
sentence-similarity|it|other,32,16,29,44
any-to-any|ar|unknown,20,6,20,2
visual-question-answering|es|permissive,112,27,97,2
visual-question-answering|it|permissive,112,27,97,2
visual-question-answering|pl|permissive,112,27,97,2
image-text-to-text|ko|responsible_ai,27,7,6,1
feature-extraction|dz|permissive,1702,312,673,1
text-generation|ny|vendor_custom,2520,993,284,10
text-generation|mi|vendor_custom,2520,993,284,17
text-to-speech|wo|other,40,13,40,2
any-to-any|es|vendor_custom,9,9,9,3
any-to-any|ru|vendor_custom,9,9,9,2
object-detection|zh|other,40,5,39,1
unk|bg|other,17559,680,16282,1
visual-document-retrieval|pt|permissive,23,20,15,7
image-text-to-text|el|vendor_custom,406,99,142,1
any-to-any|de|vendor_custom,9,9,9,1
any-to-any|fr|vendor_custom,9,9,9,4
any-to-any|it|vendor_custom,9,9,9,1
unk|sa|responsible_ai,692,78,429,1
unk|oc|vendor_custom,2597,453,1239,2
text-generation|sc|vendor_custom,2520,993,284,1
any-to-any|mi|vendor_custom,9,9,9,1
token-classification|lb|permissive,2331,280,268,3
token-classification|rm|permissive,2330,280,268,3
token-classification|ti|permissive,2330,280,268,2
text-generation|mi|other,3485,1223,754,16
image-to-text|ti|permissive,269,84,186,2
mask-generation|unk|other,12,2,12,6
text-to-speech|mg|permissive,343,65,244,1
image-to-text|bo|permissive,270,85,187,1
image-segmentation|bo|copyleft,53,5,52,1
robotics|unk|vendor_custom,43,9,43,47
robotics|ar|permissive,16265,118,16227,1
question-answering|ja|other,28,9,9,4
text-to-image|kk|permissive,1597,260,1202,1
any-to-any|ha|vendor_custom,9,9,9,1
zero-shot-image-classification|unk|responsible_ai,3,1,3,2
summarization|km|vendor_custom,7,7,4,1
summarization|uk|vendor_custom,7,7,4,1
text-to-speech|kr|permissive,344,66,244,1
translation|la|vendor_custom,10,8,5,1
token-classification|mt|other,46,7,10,2
translation|el|other,10,7,8,2
image-text-to-text|pa|vendor_custom,408,99,142,2
text-generation|bo|vendor_custom,2521,994,284,2
text-generation|ug|vendor_custom,2520,993,284,1
translation|gv|unknown,681,25,49,2
unk|ha|vendor_custom,2598,454,1239,3
robotics|zh|other,108,21,108,1
image-text-to-text|fa|other,503,159,262,14
image-text-to-text|ne|other,504,160,262,15
image-text-to-text|tr|other,504,160,262,15
text-to-audio|gu|permissive,204,35,109,1
text-to-audio|kn|permissive,204,35,109,1
text-to-audio|ml|permissive,204,35,109,1
text-to-audio|or|permissive,204,35,109,1
text-to-audio|pa|permissive,204,35,109,1
text-to-audio|sa|permissive,204,35,109,1
text-to-audio|sd|permissive,204,35,109,1
text-to-audio|ta|permissive,204,35,109,1
text-to-audio|te|permissive,204,35,109,1
text-to-speech|hy|copyleft,12,3,6,5
text-to-video|ar|unknown,53,13,52,2
unk|mk|vendor_custom,2597,453,1239,1
text-to-audio|ta|noncommercial,95,20,27,1
text-to-audio|te|noncommercial,95,20,27,1
text-to-audio|bn|noncommercial,95,20,27,1
text-to-audio|mr|noncommercial,95,20,27,1
text-to-audio|gu|noncommercial,95,20,27,1
text-to-audio|ml|noncommercial,95,20,27,2
text-to-audio|pa|noncommercial,95,20,27,1
text-to-audio|or|noncommercial,95,20,27,1
text-to-audio|as|noncommercial,95,20,27,1
text-to-audio|ur|noncommercial,95,20,27,1
text-to-audio|km|noncommercial,95,20,27,1
audio-classification|ff|permissive,575,100,266,1
audio-text-to-text|uk|vendor_custom,3,3,2,2
time-series-forecasting|en|other,17,3,17,6
text-to-video|de|vendor_custom,2,2,2,64
text-to-video|en|vendor_custom,2,2,2,64
text-to-video|es|vendor_custom,2,2,2,64
text-to-video|fr|vendor_custom,2,2,2,64
text-to-video|it|vendor_custom,2,2,2,64
text-to-video|ja|vendor_custom,2,2,2,64
text-to-video|ko|vendor_custom,2,2,2,64
text-to-video|pt|vendor_custom,2,2,2,64
text-to-video|zh|vendor_custom,2,2,2,64
image-classification|en|vendor_custom,3,2,2,1
image-classification|id|vendor_custom,3,2,2,1
text-to-speech|ne|copyleft,15,4,6,9
zero-shot-classification|hi|unknown,23,5,8,1
zero-shot-classification|sw|unknown,23,5,8,1
text-to-speech|ki|permissive,344,66,245,3
text-to-speech|st|permissive,343,65,244,2
unk|st|vendor_custom,2597,453,1239,2
sentence-similarity|no|other,27,14,25,38
sentence-similarity|pt|other,31,15,29,43
audio-text-to-text|ar|vendor_custom,3,2,3,1
token-classification|os|permissive,2330,280,268,3
text-to-speech|ar|responsible_ai,12,1,12,53
text-to-speech|bg|responsible_ai,12,1,12,53
text-to-speech|cs|responsible_ai,12,1,12,53
text-to-speech|de|responsible_ai,12,1,12,56
text-to-speech|et|responsible_ai,12,1,12,52
text-to-speech|fi|responsible_ai,12,1,12,53
text-to-speech|hi|responsible_ai,11,1,11,52
text-to-speech|hr|responsible_ai,12,1,12,53
text-to-speech|hu|responsible_ai,12,1,12,53
text-to-speech|id|responsible_ai,12,1,12,53
text-to-speech|lt|responsible_ai,12,1,12,52
text-to-speech|lv|responsible_ai,12,1,12,52
text-to-speech|pl|responsible_ai,12,1,12,53
text-to-speech|ro|responsible_ai,12,1,12,52
text-to-speech|sk|responsible_ai,12,1,12,53
text-to-speech|sl|responsible_ai,12,1,12,52
text-to-speech|sv|responsible_ai,12,1,12,53
text-to-speech|tr|responsible_ai,14,1,14,55
text-to-speech|uk|responsible_ai,12,1,12,53
text-to-speech|vi|responsible_ai,12,1,12,53
zero-shot-classification|en|vendor_custom,2,1,2,1
zero-shot-classification|es|vendor_custom,2,1,2,1
text-to-video|zh|noncommercial,40,6,40,1
sentence-similarity|ar|copyleft,12,2,5,1
text-generation|rm|other,3487,1220,754,6
unk|cu|noncommercial,1948,419,1032,1
sentence-similarity|bg|other,30,14,28,18
sentence-similarity|ca|other,25,12,23,1
sentence-similarity|cs|other,25,12,23,1
sentence-similarity|el|other,29,13,27,6
sentence-similarity|et|other,25,12,23,1
sentence-similarity|fa|other,27,14,25,15
sentence-similarity|fi|other,27,14,25,15
sentence-similarity|gl|other,25,12,23,1
sentence-similarity|gu|other,25,12,23,1
sentence-similarity|he|other,25,12,23,1
sentence-similarity|hi|other,30,14,28,18
sentence-similarity|hr|other,25,12,23,1
sentence-similarity|hu|other,25,12,23,1
sentence-similarity|hy|other,25,12,23,1
sentence-similarity|id|other,27,14,25,15
sentence-similarity|ka|other,25,12,23,1
sentence-similarity|ku|other,25,12,23,1
sentence-similarity|lt|other,25,12,23,1
sentence-similarity|lv|other,25,12,23,1
sentence-similarity|mk|other,25,12,23,1
sentence-similarity|mn|other,25,12,23,1
sentence-similarity|mr|other,27,14,25,15
sentence-similarity|ms|other,27,14,25,15
sentence-similarity|my|other,25,12,23,1
sentence-similarity|nb|other,25,12,23,1
sentence-similarity|pl|other,30,14,28,6
sentence-similarity|ro|other,27,14,25,15
sentence-similarity|ru|other,32,16,30,20
sentence-similarity|sk|other,25,12,23,1
sentence-similarity|sl|other,25,12,23,1
sentence-similarity|sq|other,25,12,23,1
sentence-similarity|sr|other,25,12,23,2
sentence-similarity|th|other,30,14,28,18
sentence-similarity|tr|other,28,12,26,4
sentence-similarity|uk|other,27,14,25,15
sentence-similarity|ur|other,27,14,25,15
image-to-text|kk|permissive,270,85,187,3
text-classification|ak|permissive,10055,774,583,3
text-classification|bi|permissive,10055,774,583,2
text-classification|bm|permissive,10055,774,583,2
text-classification|cu|permissive,10055,774,583,2
text-classification|dz|permissive,10055,774,583,2
text-classification|ho|permissive,10055,774,583,2
text-classification|hz|permissive,10055,774,583,2
text-classification|ii|permissive,10055,774,583,2
text-classification|kg|permissive,10055,774,583,3
text-classification|ki|permissive,10055,774,583,2
text-classification|kj|permissive,10055,774,583,2
text-classification|kl|permissive,10055,774,583,2
text-classification|lu|permissive,10055,774,583,2
text-classification|mh|permissive,10055,774,583,2
text-classification|nd|permissive,10055,774,583,2
text-classification|ng|permissive,10055,774,583,2
text-classification|nr|permissive,10055,774,583,2
text-classification|oj|permissive,10055,774,583,2
text-classification|sg|permissive,10055,774,583,2
text-classification|ty|permissive,10055,774,583,2
text-classification|ve|permissive,10055,774,583,2
translation|gu|other,11,8,9,17
translation|kk|other,10,7,8,16
translation|mn|other,10,7,8,16
translation|mr|other,11,8,9,18
translation|ta|other,11,8,9,17
translation|te|other,11,8,9,17
translation|ug|other,10,7,8,16
time-series-forecasting|ko|permissive,610,42,340,1
fill-mask|ky|other,159,11,135,1
sentence-similarity|ky|other,25,12,22,1
question-answering|it|noncommercial,12,5,4,10
text-to-speech|lg|other,46,13,46,18
token-classification|lt|responsible_ai,12,4,10,1
audio-text-to-text|lg|vendor_custom,3,3,3,2
image-text-to-video|de|vendor_custom,2,2,2,4
image-text-to-video|en|vendor_custom,2,2,2,4
image-text-to-video|es|vendor_custom,2,2,2,4
image-text-to-video|fr|vendor_custom,2,2,2,4
image-text-to-video|it|vendor_custom,2,2,2,4
image-text-to-video|ja|vendor_custom,2,2,2,4
image-text-to-video|ko|vendor_custom,2,2,2,4
image-text-to-video|pt|vendor_custom,2,2,2,4
image-text-to-video|zh|vendor_custom,2,2,2,4
audio-text-to-text|zh|noncommercial,3,2,2,5
image-to-text|km|unknown,117,29,91,1
image-text-to-text|mi|other,504,160,263,2
time-series-forecasting|tr|permissive,609,41,339,2
text-to-speech|na|responsible_ai,6,1,6,1
text-to-speech|as|copyleft,11,2,4,2
text-to-speech|ee|copyleft,12,3,5,5
text-to-speech|gu|copyleft,12,3,5,6
text-to-speech|om|copyleft,11,2,4,2
text-to-speech|sn|copyleft,12,3,5,6
text-to-speech|ur|copyleft,12,3,5,6
text-to-speech|tw|copyleft,13,3,5,8
text-classification|mi|responsible_ai,83,9,19,1
image-to-text|mi|permissive,271,86,188,4
text-generation|mi|noncommercial,2018,973,189,1
object-detection|mi|permissive,751,90,562,1
image-text-to-text|hu|unknown,7926,485,3233,1
text-to-speech|ny|copyleft,12,3,5,6
text-to-speech|bn|copyleft,13,4,6,7
any-to-any|my|permissive,680,70,670,2
any-to-any|ta|permissive,680,70,670,2
unk|ig|vendor_custom,2597,453,1239,1
unk|yo|vendor_custom,2598,454,1239,2
text-generation|ki|noncommercial,2017,972,188,3
text-generation|ln|noncommercial,2017,972,188,3
text-generation|rw|noncommercial,2017,972,188,3
text-generation|so|noncommercial,2017,972,188,3
text-to-speech|ki|copyleft,11,2,4,2
image-text-to-text|bo|unknown,7925,484,3233,1
text-to-speech|ht|copyleft,12,3,5,6
text-to-speech|ig|copyleft,12,3,5,6
text-to-speech|yo|copyleft,13,3,5,7
text-to-speech|vi|copyleft,13,4,6,7
text-to-speech|ha|copyleft,12,3,5,7
text-to-speech|kn|copyleft,12,3,5,6
text-to-speech|ln|copyleft,11,2,4,2
text-to-speech|nd|copyleft,11,2,4,2
text-to-speech|pa|copyleft,12,3,5,6
text-to-speech|ta|copyleft,12,3,5,6
text-to-speech|te|copyleft,12,3,5,6
text-to-speech|mr|copyleft,12,3,5,6
text-to-speech|he|responsible_ai,5,1,5,1
text-to-speech|no|responsible_ai,5,1,5,1
text-to-speech|th|responsible_ai,5,1,5,1
image-text-to-text|nb|other,504,159,263,12
image-text-to-text|no|other,504,159,263,9
text-to-speech|ml|copyleft,12,3,5,6
text-to-speech|lg|copyleft,10,2,4,1
image-classification|id|responsible_ai,22,2,12,1
text-retrieval|am|vendor_custom,1,1,1,1
unk|am|vendor_custom,2597,453,1239,1
text-generation|bo|other,3482,1221,755,1
text-generation|mn|other,3482,1221,755,1
text-generation|ug|other,3482,1221,755,1
text-to-speech|lu|copyleft,11,2,4,1
text-to-speech|uz|copyleft,12,3,6,5
text-classification|mi|unknown,49435,900,2355,1
text-generation|so|vendor_custom,2520,993,284,1
image-to-text|zh|vendor_custom,11,3,11,1
audio-to-audio|ja|other,20,6,20,6
text-retrieval|en|noncommercial,3,3,3,7
text-to-audio|pt|other,27,6,24,3
image-to-text|ta|permissive,272,84,188,3
zero-shot-classification|unk|other,4,2,4,1
object-detection|id|permissive,754,90,565,3
image-text-to-text|fr|responsible_ai,26,6,6,2
image-to-text|se|permissive,270,84,187,1
image-to-text|uk|unknown,116,29,90,2
text-to-speech|tr|vendor_custom,1,1,1,1
other|unk|copyleft,60,1,60,59
other|vi|permissive,135,5,133,2
image-to-text|vi|noncommercial,15,4,15,1
text-to-video|de|other,60,21,59,19
text-to-video|es|other,60,21,59,19
text-to-video|fr|other,60,21,59,19
text-to-video|it|other,60,21,59,19
text-to-video|ja|other,60,21,59,22
text-to-video|ko|other,60,21,59,19
text-to-video|pt|other,60,21,59,19
object-detection|bo|permissive,752,90,563,1
text-to-speech|tw|noncommercial,1239,78,36,14
text-generation|pi|permissive,18874,4934,3526,7
translation|ab|noncommercial,37,9,12,3
text-generation|fy|vendor_custom,2520,993,284,5
text-generation|mg|vendor_custom,2520,993,284,7
text-generation|sd|vendor_custom,2520,993,284,7
text-generation|sm|vendor_custom,2520,993,284,7
object-detection|uk|copyleft,334,26,331,1
zero-shot-object-detection|en|copyleft,16,2,14,1
image-classification|uk|permissive,4994,717,3296,1
image-text-to-text|te|vendor_custom,406,99,142,1
image-to-video|th|permissive,111,36,104,3
text-to-speech|ba|other,43,13,43,15
text-to-speech|eo|other,43,13,43,15
text-to-speech|ga|other,44,13,44,16
text-to-speech|ha|other,50,13,50,22
text-to-speech|lb|other,45,14,45,17
text-to-speech|ln|other,44,13,44,16
text-to-speech|mk|other,44,13,44,16
text-to-speech|mt|other,44,13,44,16
text-to-speech|ny|other,44,13,44,16
text-to-speech|oc|other,44,13,44,16
text-to-speech|om|other,44,13,44,16
text-to-speech|so|other,44,13,44,16
text-to-speech|tg|other,44,13,44,16
text-to-speech|ug|other,43,13,43,15
text-to-speech|xh|other,44,13,44,16
text-to-speech|zu|other,44,13,44,16
image-to-text|vi|other,13,6,10,1
automatic-speech-recognition|ay|permissive,2952,235,399,3
automatic-speech-recognition|sm|permissive,2952,235,399,3
image-classification|bo|unknown,5533,133,742,1
text-to-speech|ko|vendor_custom,1,1,1,1
image-to-text|bn|permissive,270,84,187,1
image-to-text|gu|permissive,270,84,187,1
image-to-text|ka|permissive,270,84,187,1
image-to-text|kn|permissive,270,84,187,1
image-to-text|ml|permissive,270,84,187,1
image-to-text|te|permissive,272,85,189,3
visual-question-answering|zh|noncommercial,2,1,2,1
audio-text-to-text|th|vendor_custom,3,3,3,1
image-to-text|lt|permissive,269,84,186,1
image-classification|bo|other,256,61,160,2
image-text-to-text|lt|vendor_custom,406,99,142,1
text-to-speech|aa|permissive,344,66,245,1
text-to-speech|ak|permissive,347,67,248,5
text-to-speech|rn|permissive,344,66,245,1
text-to-speech|sg|permissive,344,66,245,1
fill-mask|ro|copyleft,100,17,52,1
image-text-to-text|sq|vendor_custom,408,99,144,2
graph-ml|en|copyleft,1,0,1,1
other|vi|unknown,8,1,6,1
reinforcement-learning|ru|permissive,955,48,312,1
text-generation|gn|vendor_custom,2520,993,284,4
any-to-any|ca|copyleft,2,1,2,2
any-to-any|ch|copyleft,2,1,2,2
any-to-any|es|copyleft,2,1,2,2
any-to-any|ru|copyleft,2,1,2,2
image-classification|tr|other,257,62,161,2
other|ko|permissive,134,5,132,1
other|bg|permissive,134,5,132,1
other|ha|permissive,134,5,132,1
other|uk|permissive,134,5,132,1
other|sw|permissive,134,5,132,1
other|es|permissive,134,5,132,1
other|sv|permissive,134,5,132,1
other|pt|permissive,135,5,133,2
other|pl|permissive,134,5,132,1
other|fr|permissive,134,5,132,1
other|cs|permissive,134,5,132,1
other|ja|permissive,134,5,132,1
other|ru|permissive,135,6,132,2
other|de|permissive,134,5,132,1
object-detection|ja|other,40,6,39,1
automatic-speech-recognition|fy|other,77,20,34,1
other|tr|permissive,134,5,132,1
image-text-to-text|ko|copyleft,27,13,21,1
image-to-image|fr|permissive,521,56,489,1
text-to-speech|he|copyleft,11,3,5,1
text-generation|gd|other,3482,1220,755,1
token-classification|mt|unknown,8339,196,1143,1
image-to-text|uk|copyleft,10,5,10,4
sentence-similarity|ks|permissive,987,164,89,2
image-text-to-text|sw|other,504,160,263,3
automatic-speech-recognition|nb|other,77,20,34,6
tabular-regression|unk|noncommercial,3,0,3,1
automatic-speech-recognition|ay|other,77,20,34,1
automatic-speech-recognition|gn|other,77,20,34,2
automatic-speech-recognition|ig|other,77,20,34,1
automatic-speech-recognition|ku|other,77,20,34,2
automatic-speech-recognition|ky|other,78,20,34,3
automatic-speech-recognition|ny|other,77,20,34,1
automatic-speech-recognition|or|other,78,21,35,10
automatic-speech-recognition|qu|other,77,20,34,1
automatic-speech-recognition|sm|other,77,20,34,1
automatic-speech-recognition|to|other,77,20,34,1
automatic-speech-recognition|zu|other,77,20,34,2
summarization|ar|noncommercial,2,2,2,2
summarization|es|noncommercial,2,2,2,2
summarization|fa|noncommercial,2,2,2,2
summarization|fr|noncommercial,2,2,2,2
summarization|hi|noncommercial,2,2,2,2
summarization|id|noncommercial,2,2,2,2
summarization|ja|noncommercial,2,2,2,2
summarization|ko|noncommercial,2,2,2,2
summarization|vi|noncommercial,2,2,2,2
text-generation|ps|other,3481,1220,754,5
graph-ml|unk|other,1,0,1,1
image-text-to-text|es|copyleft,28,14,22,2
object-detection|cs|copyleft,335,26,332,2
question-answering|wo|noncommercial,12,5,3,1
image-to-image|ko|permissive,522,57,490,3
automatic-speech-recognition|yi|noncommercial,262,36,22,13
translation|sw|vendor_custom,10,9,5,2
automatic-speech-recognition|tw|copyleft,34,10,10,8
image-text-to-text|ca|unknown,7925,484,3233,1
image-to-text|ii|permissive,270,85,187,1
image-to-text|yi|permissive,270,85,187,1
unk|ks|unknown,67986,4964,36075,1
text-to-image|ha|permissive,1598,260,1202,1
text-to-image|ig|permissive,1598,260,1202,1
text-to-image|yo|permissive,1598,260,1202,1
image-text-to-image|hi|permissive,30,10,11,1
text-to-speech|jv|copyleft,12,3,5,5
text-to-speech|su|copyleft,12,3,5,5
automatic-speech-recognition|lg|other,77,20,34,4
image-to-text|tt|permissive,270,84,187,1
image-text-to-text|be|copyleft,27,13,21,2
image-text-to-text|pl|copyleft,27,13,21,2
image-text-to-text|uk|copyleft,27,13,21,2
image-to-text|mt|permissive,269,84,186,1
sentence-similarity|oc|permissive,988,165,88,3
sentence-similarity|vo|permissive,988,165,88,3
reinforcement-learning|zh|other,16,10,11,6
text-ranking|ru|unknown,88,46,22,1
audio-classification|ar|other,11,2,11,2
feature-extraction|lt|unknown,10679,271,2133,2
tabular-regression|en|noncommercial,3,0,3,2
image-to-image|ru|permissive,522,57,490,1
text-classification|zu|noncommercial,277,63,150,1
token-classification|nb|other,46,7,10,1
token-classification|nn|other,46,7,10,1
token-classification|st|permissive,2331,281,269,1
token-classification|ts|permissive,2331,281,269,1
token-classification|ve|permissive,2331,281,269,1
text-generation|am|other,3482,1220,754,1
text-generation|lg|other,3484,1222,754,4
text-generation|rw|other,3484,1222,754,4
text-generation|so|other,3482,1220,754,1
image-to-text|am|unknown,117,29,91,1
graph-ml|ru|permissive,40,3,39,1
text-to-speech|ab|noncommercial,1236,77,36,7
text-to-speech|an|noncommercial,1236,77,36,7
text-to-speech|ba|noncommercial,1236,77,36,7
text-to-speech|eo|noncommercial,1236,77,36,7
text-to-speech|ff|noncommercial,1236,77,36,7
text-to-speech|fy|noncommercial,1236,77,36,7
text-to-speech|gn|noncommercial,1236,77,36,7
text-to-speech|gv|noncommercial,1236,77,36,7
text-to-speech|hz|noncommercial,1236,77,36,7
text-to-speech|ia|noncommercial,1236,77,36,7
text-to-speech|ik|noncommercial,1236,77,36,7
text-to-speech|kj|noncommercial,1236,77,36,7
text-to-speech|ks|noncommercial,1238,79,38,12
text-to-speech|kw|noncommercial,1236,77,36,7
text-to-speech|ng|noncommercial,1236,77,36,7
text-to-speech|os|noncommercial,1236,77,36,7
text-to-speech|rm|noncommercial,1236,77,36,7
text-to-speech|ti|noncommercial,1236,77,36,7
text-to-speech|tk|noncommercial,1236,77,36,7
text-to-speech|tn|noncommercial,1236,77,36,7
text-to-speech|tt|noncommercial,1236,77,36,7
text-to-speech|ug|noncommercial,1236,77,36,7
feature-extraction|ks|permissive,1702,312,673,5
image-to-video|ru|permissive,109,37,102,1
unk|ms|vendor_custom,2597,453,1239,2
image-to-text|ka|noncommercial,15,3,15,1
text-to-audio|ar|other,26,6,23,2
text-to-audio|az|other,25,5,22,1
text-to-audio|bg|other,25,5,22,1
text-to-audio|bn|other,25,5,22,1
text-to-audio|ca|other,25,5,22,1
text-to-audio|cs|other,25,5,22,1
text-to-audio|da|other,25,5,22,1
text-to-audio|de|other,26,6,23,2
text-to-audio|el|other,25,5,22,1
text-to-audio|es|other,26,6,23,2
text-to-audio|fa|other,25,5,22,1
text-to-audio|fi|other,25,5,22,1
text-to-audio|fr|other,26,6,23,2
text-to-audio|he|other,25,5,22,1
text-to-audio|hi|other,26,6,23,2
text-to-audio|hr|other,25,5,22,1
text-to-audio|ht|other,25,5,22,1
text-to-audio|hu|other,25,5,22,1
text-to-audio|id|other,25,5,22,1
text-to-audio|is|other,25,5,22,1
text-to-audio|it|other,26,6,23,2
text-to-audio|ko|other,26,6,23,2
text-to-audio|la|other,25,5,22,1
text-to-audio|lt|other,25,5,22,1
text-to-audio|ms|other,25,5,22,1
text-to-audio|ne|other,25,5,22,1
text-to-audio|nl|other,25,5,22,1
text-to-audio|no|other,25,5,22,1
text-to-audio|pa|other,25,5,22,1
text-to-audio|pl|other,25,5,22,1
text-to-audio|ro|other,25,5,22,1
text-to-audio|ru|other,26,6,23,2
text-to-audio|sa|other,25,5,22,1
text-to-audio|sk|other,25,5,22,1
text-to-audio|sr|other,25,5,22,1
text-to-audio|sv|other,25,5,22,1
text-to-audio|sw|other,26,6,23,2
text-to-audio|ta|other,25,5,22,1
text-to-audio|te|other,25,5,22,1
text-to-audio|th|other,25,5,22,1
text-to-audio|tl|other,25,5,22,1
text-to-audio|tr|other,25,5,22,1
text-to-audio|uk|other,25,5,22,1
text-to-audio|ur|other,25,5,22,1
text-to-audio|vi|other,25,5,22,1
voice-activity-detection|en|noncommercial,7,2,1,1
automatic-speech-recognition|eo|copyleft,36,9,12,3
automatic-speech-recognition|gn|copyleft,36,9,12,3
automatic-speech-recognition|ia|copyleft,36,9,12,3
automatic-speech-recognition|ky|copyleft,36,9,12,3
automatic-speech-recognition|tn|copyleft,36,9,12,3
automatic-speech-recognition|zu|copyleft,36,9,12,3
other|da|other,37,2,37,1
other|it|other,37,2,37,1
other|no|other,37,2,37,1
other|sv|other,37,2,37,1
other|zh|other,37,2,37,1
object-detection|km|permissive,752,90,563,1
unk|ne|vendor_custom,2598,454,1239,2
visual-document-retrieval|unk|vendor_custom,2,2,2,1
unk|sl|other,17559,680,16282,2
text-to-speech|mg|noncommercial,1237,77,37,1
image-classification|ml|permissive,4996,717,3296,2
translation|sl|other,11,8,9,5
fill-mask|vi|other,161,13,137,6
image-classification|ru|permissive,4996,717,3297,2
image-text-to-text|se|permissive,2159,514,1343,8
image-text-to-text|si|permissive,2159,514,1343,8
image-text-to-text|su|permissive,2159,514,1343,8
image-text-to-text|tg|permissive,2167,515,1351,22
image-text-to-text|to|permissive,2159,514,1343,8
image-text-to-text|ve|permissive,2159,514,1343,8
image-text-to-text|yi|permissive,2159,514,1343,8
audio-classification|fr|unknown,925,36,167,1
image-text-to-text|th|copyleft,29,15,22,4
image-to-text|ky|permissive,270,85,187,2
summarization|fi|other,4,3,3,1
summarization|ru|other,4,3,3,1
summarization|lv|other,4,3,3,1
summarization|et|other,4,3,3,1
translation|or|other,10,7,8,3
image-to-image|zh|unknown,306,26,293,1
sentence-similarity|as|other,26,13,24,14
sentence-similarity|bn|other,26,13,24,14
sentence-similarity|ne|other,26,13,24,14
sentence-similarity|sw|other,29,13,27,17
sentence-similarity|ta|other,26,13,24,14
sentence-similarity|te|other,26,13,24,14
reinforcement-learning|bn|permissive,956,48,313,1
text-to-speech|km|copyleft,12,3,5,5
unk|la|other,17558,679,16282,1
multiple-choice|it|permissive,163,59,34,2
summarization|ml|unknown,518,41,67,2
image-text-to-text|fa|responsible_ai,26,6,6,2
text-to-video|de|unknown,52,14,51,5
text-to-video|es|unknown,52,14,51,5
text-to-video|fr|unknown,52,14,51,5
text-to-video|it|unknown,52,14,51,5
text-to-video|ja|unknown,52,14,51,5
text-to-video|ko|unknown,52,14,51,5
text-to-video|pt|unknown,52,14,51,5
text-to-video|zh|unknown,52,14,51,5
translation|ta|vendor_custom,15,14,9,12
image-text-to-text|bn|vendor_custom,406,99,142,1
voice-activity-detection|af|noncommercial,7,2,2,1
unk|fy|vendor_custom,2597,453,1239,2
visual-question-answering|ru|vendor_custom,5,4,3,1
text-ranking|el|other,9,4,9,2
audio-to-audio|km|unknown,29,3,29,1
reinforcement-learning|es|permissive,956,48,313,1
translation|si|vendor_custom,13,12,7,9
translation|pi|vendor_custom,10,9,5,1
text-classification|am|vendor_custom,28,22,10,2
text-classification|ar|vendor_custom,28,22,10,2
text-classification|bn|vendor_custom,28,22,10,2
text-classification|fa|vendor_custom,28,22,10,2
text-classification|ha|vendor_custom,28,22,10,2
text-classification|km|vendor_custom,28,22,10,2
text-classification|my|vendor_custom,28,22,10,2
text-classification|ne|vendor_custom,28,22,10,2
text-classification|or|vendor_custom,28,22,10,2
text-classification|pa|vendor_custom,28,22,10,2
text-classification|pl|vendor_custom,28,22,10,2
text-classification|sw|vendor_custom,28,22,10,2
text-classification|te|vendor_custom,28,22,10,2
text-classification|ur|vendor_custom,28,22,10,2
automatic-speech-recognition|ee|copyleft,34,10,10,1
text-classification|ku|other,120,37,34,1
fill-mask|ar|other,160,12,137,5
fill-mask|ru|other,160,12,137,5
fill-mask|tr|other,160,12,137,5
text-generation|ln|vendor_custom,2520,993,284,1
voice-activity-detection|gu|permissive,64,7,63,1
voice-activity-detection|kn|permissive,64,7,63,1
voice-activity-detection|pa|permissive,64,7,63,1
voice-activity-detection|ta|permissive,65,8,64,2
voice-activity-detection|te|permissive,64,7,63,1
voice-activity-detection|ur|permissive,64,7,63,1
translation|pi|unknown,684,30,50,9
other|lb|permissive,134,5,132,1
image-text-to-video|unk|vendor_custom,2,2,2,2
automatic-speech-recognition|gv|noncommercial,261,35,22,5
automatic-speech-recognition|rm|noncommercial,261,35,22,5
image-to-text|ks|unknown,117,29,91,1
automatic-speech-recognition|ab|other,77,20,34,1
automatic-speech-recognition|cv|other,77,20,34,1
automatic-speech-recognition|dv|other,77,20,34,1
automatic-speech-recognition|eo|other,77,20,34,1
automatic-speech-recognition|gv|other,77,20,34,1
automatic-speech-recognition|ia|other,77,20,34,1
automatic-speech-recognition|jv|other,77,20,34,1
automatic-speech-recognition|rm|other,77,20,34,1
image-feature-extraction|ko|permissive,534,110,400,2
image-to-text|ar|noncommercial,18,6,17,4
sentence-similarity|kk|copyleft,12,2,5,1
feature-extraction|pi|permissive,1704,312,675,2
text-generation|pi|vendor_custom,2521,994,284,1
zero-shot-classification|de|other,2,1,2,1
zero-shot-classification|en|other,3,2,3,2
zero-shot-classification|es|other,2,1,2,1
zero-shot-classification|fr|other,2,1,2,1
zero-shot-classification|hi|other,2,1,2,1
zero-shot-classification|it|other,2,1,2,1
zero-shot-classification|ja|other,2,1,2,1
zero-shot-classification|nl|other,2,1,2,1
zero-shot-classification|pl|other,2,1,2,1
zero-shot-classification|pt|other,2,1,2,1
zero-shot-classification|ru|other,2,1,2,1
zero-shot-classification|tr|other,2,1,2,1
zero-shot-classification|vi|other,2,1,2,1
zero-shot-classification|zh|other,2,1,2,1
text-generation|ii|other,3481,1220,754,1
image-classification|kn|permissive,4996,717,3297,2
translation|eu|vendor_custom,10,9,5,1
image-to-text|vi|unknown,118,30,92,2
image-to-text|pl|other,13,6,11,1
token-classification|lo|noncommercial,248,26,162,1
token-classification|ms|noncommercial,248,26,162,1
token-classification|my|noncommercial,248,26,162,1
token-classification|th|noncommercial,248,26,162,1
token-classification|tl|noncommercial,248,26,162,1
token-classification|vi|noncommercial,250,28,164,3
other|fa|permissive,135,7,131,2
text-generation|pi|other,3482,1220,754,1
unk|tw|noncommercial,1950,419,1034,3
sentence-similarity|tr|copyleft,12,2,5,1
unconditional-image-generation|pt|permissive,636,5,635,1
reinforcement-learning|id|permissive,956,49,312,2
translation|an|noncommercial,37,9,12,1
token-classification|nn|copyleft,88,17,29,1
text-to-speech|tw|other,41,14,41,2
token-classification|yo|other,46,8,11,1
image-text-to-text|cu|noncommercial,84,42,61,2
image-text-to-video|th|other,17,5,17,2
text-classification|st|noncommercial,277,63,150,1
video-classification|zh|other,7,4,5,1
text-to-speech|su|permissive,343,65,244,1
audio-to-audio|fi|permissive,213,29,210,1
tabular-classification|en|noncommercial,5,1,5,1
question-answering|id|noncommercial,12,5,3,1
translation|as|other,9,6,7,1
translation|kn|other,9,6,7,1
translation|ks|other,9,6,7,1
translation|ml|other,9,6,7,1
translation|ne|other,9,6,7,1
translation|pa|other,9,6,7,1
translation|sa|other,9,6,7,1
translation|sd|other,9,6,7,1
token-classification|bo|unknown,8339,196,1143,2
feature-extraction|gn|permissive,1702,312,673,5
feature-extraction|gv|permissive,1702,312,673,5
image-classification|as|permissive,4995,717,3296,1
image-classification|gu|permissive,4995,717,3296,1
image-classification|hi|permissive,4995,717,3296,1
image-classification|ne|permissive,4995,717,3296,1
image-classification|or|permissive,4995,717,3296,1
image-classification|sa|permissive,4995,717,3296,1
image-classification|ta|permissive,4995,717,3296,1
image-classification|te|permissive,4995,717,3296,1
image-to-text|as|other,13,6,11,2
image-to-text|bn|other,13,6,11,2
image-to-text|gu|other,13,6,11,2
image-to-text|hi|other,13,6,11,2
image-to-text|kn|other,13,6,11,2
image-to-text|ks|other,13,6,11,2
image-to-text|ml|other,13,6,11,2
image-to-text|mr|other,13,6,11,2
image-to-text|ne|other,13,6,11,2
image-to-text|or|other,13,6,11,2
image-to-text|pa|other,13,6,11,2
image-to-text|sa|other,13,6,11,2
image-to-text|sd|other,13,6,11,2
image-to-text|ta|other,13,6,11,2
image-to-text|te|other,13,6,11,2
automatic-speech-recognition|hu|vendor_custom,2,2,2,2
automatic-speech-recognition|ks|other,78,21,35,8
text-generation|ba|vendor_custom,2520,993,284,3
text-generation|dv|vendor_custom,2520,993,284,3
text-generation|fj|vendor_custom,2520,993,284,3
text-generation|ht|vendor_custom,2520,993,284,3
text-generation|os|vendor_custom,2520,993,284,3
text-generation|ps|vendor_custom,2520,993,284,3
text-generation|qu|vendor_custom,2520,993,284,3
text-generation|rn|vendor_custom,2520,993,284,3
text-generation|sn|vendor_custom,2520,993,284,3
text-generation|st|vendor_custom,2520,993,284,3
text-generation|tg|vendor_custom,2520,993,284,3
text-generation|tk|vendor_custom,2520,993,284,3
text-generation|tn|vendor_custom,2520,993,284,3
text-generation|to|vendor_custom,2520,993,284,3
text-generation|ts|vendor_custom,2520,993,284,3
text-generation|tt|vendor_custom,2520,993,284,3
text-generation|xh|vendor_custom,2520,993,284,3
unk|ln|vendor_custom,2597,453,1239,1
audio-classification|fa|unknown,925,35,167,1
text-generation|uz|noncommercial,2017,972,188,1
audio-to-audio|ru|copyleft,27,2,27,1
voice-activity-detection|tg|permissive,64,7,63,1
text-to-image|uk|other,1710,167,439,1
unk|sn|other,17558,679,16282,1
image-text-to-image|en|copyleft,1,1,1,1
tabular-classification|en|copyleft,3,0,3,1
image-to-text|tr|copyleft,8,5,8,1
other|sd|permissive,134,5,132,1
text-to-speech|ff|other,40,13,40,1
text-to-speech|ig|other,40,13,40,1
text-to-speech|lo|other,40,13,40,1
text-to-speech|or|other,43,16,42,9
text-to-speech|su|other,40,13,40,1
image-to-text|pl|permissive,269,84,186,2
tabular-regression|sv|permissive,26,2,26,1
image-segmentation|ar|other,278,60,77,1
image-segmentation|vi|other,278,60,77,1
visual-document-retrieval|ja|permissive,21,18,15,2
table-to-text|en|permissive,1,1,1,1
image-feature-extraction|ar|permissive,533,110,399,1
image-feature-extraction|hi|permissive,533,110,399,1
image-feature-extraction|ta|permissive,533,110,399,1
image-feature-extraction|th|permissive,533,110,399,1
text-to-audio|bm|permissive,204,35,108,4
sentence-similarity|rm|permissive,988,165,90,4
text-generation|wo|other,3483,1222,754,4
image-to-text|pl|unknown,117,30,91,1
tabular-classification|es|permissive,56,6,56,1
tabular-classification|fr|permissive,56,6,56,1
tabular-classification|it|permissive,56,6,56,1
tabular-classification|nl|permissive,56,6,56,1
tabular-classification|pt|permissive,56,6,56,1
tabular-regression|be|permissive,27,2,27,2
tabular-regression|fr|permissive,27,2,27,2
tabular-regression|de|permissive,27,2,27,2
tabular-regression|it|permissive,27,2,27,2
tabular-regression|nl|permissive,27,2,27,2
tabular-regression|pl|permissive,27,2,27,2
tabular-regression|pt|permissive,28,2,28,3
tabular-regression|es|permissive,27,2,27,2
text-to-speech|am|copyleft,12,4,6,5
text-generation|ty|permissive,18873,4935,3523,4
text-generation|yo|other,3484,1223,755,4
robotics|ko|vendor_custom,23,6,23,1
image-segmentation|ru|other,278,60,77,1
audio-classification|af|other,10,2,10,1
audio-classification|am|other,10,2,10,1
audio-classification|as|other,10,2,10,1
audio-classification|az|other,10,2,10,1
audio-classification|ba|other,10,2,10,1
audio-classification|be|other,10,2,10,1
audio-classification|bg|other,10,2,10,1
audio-classification|bn|other,10,2,10,1
audio-classification|bo|other,10,2,10,1
audio-classification|br|other,10,2,10,1
audio-classification|bs|other,10,2,10,1
audio-classification|ca|other,10,2,10,1
audio-classification|cs|other,10,2,10,1
audio-classification|cy|other,10,2,10,1
audio-classification|da|other,10,2,10,1
audio-classification|el|other,10,2,10,1
audio-classification|et|other,10,2,10,1
audio-classification|eu|other,10,2,10,1
audio-classification|fa|other,10,2,10,1
audio-classification|fi|other,10,2,10,1
audio-classification|fo|other,10,2,10,1
audio-classification|gl|other,10,2,10,1
audio-classification|gu|other,10,2,10,1
audio-classification|ha|other,10,2,10,1
audio-classification|he|other,10,2,10,1
audio-classification|hr|other,10,2,10,1
audio-classification|ht|other,10,2,10,1
audio-classification|hu|other,10,2,10,1
audio-classification|hy|other,10,2,10,1
audio-classification|id|other,10,2,10,1
audio-classification|is|other,10,2,10,1
audio-classification|ka|other,10,2,10,1
audio-classification|kk|other,10,2,10,1
audio-classification|km|other,10,2,10,1
audio-classification|kn|other,10,2,10,1
audio-classification|la|other,10,2,10,1
audio-classification|lb|other,10,2,10,1
audio-classification|ln|other,10,2,10,1
audio-classification|lo|other,10,2,10,1
audio-classification|lt|other,10,2,10,1
audio-classification|lv|other,10,2,10,1
audio-classification|mg|other,10,2,10,1
audio-classification|mi|other,10,2,10,1
audio-classification|mk|other,10,2,10,1
audio-classification|ml|other,10,2,10,1
audio-classification|mn|other,10,2,10,1
audio-classification|mr|other,10,2,10,1
audio-classification|ms|other,10,2,10,1
audio-classification|mt|other,10,2,10,1
audio-classification|my|other,10,2,10,1
audio-classification|ne|other,10,2,10,1
audio-classification|nn|other,10,2,10,1
audio-classification|no|other,10,2,10,1
audio-classification|oc|other,10,2,10,1
audio-classification|pa|other,10,2,10,1
audio-classification|ps|other,10,2,10,1
audio-classification|ro|other,10,2,10,1
audio-classification|ru|other,10,2,10,1
audio-classification|sa|other,10,2,10,1
audio-classification|sd|other,10,2,10,1
audio-classification|si|other,10,2,10,1
audio-classification|sk|other,10,2,10,1
audio-classification|sl|other,10,2,10,1
audio-classification|sn|other,10,2,10,1
audio-classification|so|other,10,2,10,1
audio-classification|sq|other,10,2,10,1
audio-classification|sr|other,10,2,10,1
audio-classification|su|other,10,2,10,1
audio-classification|sv|other,10,2,10,1
audio-classification|sw|other,10,2,10,1
audio-classification|ta|other,10,2,10,1
audio-classification|te|other,10,2,10,1
audio-classification|tg|other,10,2,10,1
audio-classification|th|other,10,2,10,1
audio-classification|tk|other,10,2,10,1
audio-classification|tl|other,10,2,10,1
audio-classification|tt|other,10,2,10,1
audio-classification|uk|other,10,2,10,1
audio-classification|ur|other,10,2,10,1
audio-classification|uz|other,10,2,10,1
audio-classification|yi|other,10,2,10,1
audio-classification|yo|other,10,2,10,1
text-classification|ee|noncommercial,277,63,150,1
text-classification|tw|noncommercial,277,63,150,1
audio-text-to-text|ja|other,2,1,2,1
audio-text-to-text|ko|other,2,1,2,1
image-to-text|az|permissive,271,84,188,2
translation|pi|noncommercial,38,10,13,1
robotics|pi|permissive,16268,118,16230,4
text-to-speech|af|copyleft,11,3,5,4
text-to-speech|be|copyleft,11,3,5,4
text-to-speech|bg|copyleft,11,3,5,4
text-to-speech|co|copyleft,11,3,5,4
text-to-speech|cy|copyleft,11,3,5,4
text-to-speech|da|copyleft,11,3,5,4
text-to-speech|el|copyleft,11,3,5,4
text-to-speech|eo|copyleft,11,3,5,4
text-to-speech|et|copyleft,11,3,5,4
text-to-speech|eu|copyleft,11,3,5,4
text-to-speech|fa|copyleft,11,3,5,4
text-to-speech|fi|copyleft,11,3,5,4
text-to-speech|fy|copyleft,11,3,5,4
text-to-speech|ga|copyleft,11,3,5,4
text-to-speech|gd|copyleft,11,3,5,4
text-to-speech|gl|copyleft,11,3,5,4
text-to-speech|hu|copyleft,11,3,5,4
text-to-speech|is|copyleft,11,3,5,4
text-to-speech|ka|copyleft,11,3,5,4
text-to-speech|kk|copyleft,11,3,5,4
text-to-speech|ko|copyleft,11,3,5,4
text-to-speech|ku|copyleft,11,3,5,4
text-to-speech|ky|copyleft,11,3,5,4
text-to-speech|la|copyleft,11,3,5,4
text-to-speech|lb|copyleft,11,3,5,4
text-to-speech|lo|copyleft,11,3,5,4
text-to-speech|lt|copyleft,11,3,5,4
text-to-speech|lv|copyleft,11,3,5,4
text-to-speech|mg|copyleft,11,3,5,4
text-to-speech|mi|copyleft,11,3,5,4
text-to-speech|mk|copyleft,11,3,5,4
text-to-speech|mn|copyleft,11,3,5,4
text-to-speech|ms|copyleft,11,3,5,4
text-to-speech|mt|copyleft,11,3,5,4
text-to-speech|my|copyleft,11,3,5,4
text-to-speech|no|copyleft,11,3,5,4
text-to-speech|ps|copyleft,11,3,5,4
text-to-speech|ro|copyleft,11,3,5,4
text-to-speech|sd|copyleft,11,3,5,4
text-to-speech|sk|copyleft,11,3,5,4
text-to-speech|sl|copyleft,11,3,5,4
text-to-speech|sm|copyleft,11,3,5,4
text-to-speech|so|copyleft,11,3,5,4
text-to-speech|sq|copyleft,11,3,5,4
text-to-speech|sr|copyleft,11,3,5,4
text-to-speech|st|copyleft,11,3,5,4
text-to-speech|sv|copyleft,11,3,5,4
text-to-speech|tg|copyleft,11,3,5,4
text-to-speech|uk|copyleft,11,3,5,4
text-to-speech|xh|copyleft,11,3,5,4
text-to-speech|yi|copyleft,11,3,5,4
text-to-speech|zu|copyleft,11,3,5,4
reinforcement-learning|unk|noncommercial,22,17,10,4
image-classification|si|permissive,4995,717,3296,1
text-generation|ak|other,3483,1222,754,3
text-generation|bm|other,3483,1222,754,3
text-generation|ig|other,3483,1222,754,3
text-generation|ki|other,3483,1222,754,3
text-generation|ln|other,3483,1222,754,3
text-generation|ny|other,3483,1222,754,3
text-generation|rn|other,3483,1222,754,3
text-generation|sn|other,3483,1222,754,3
text-generation|st|other,3483,1222,754,3
text-generation|tn|other,3483,1222,754,3
text-generation|ts|other,3483,1222,754,3
text-generation|tw|other,3483,1222,754,3
text-generation|xh|other,3483,1222,754,3
text-generation|zu|other,3483,1222,754,3
image-segmentation|ko|permissive,931,99,830,1
image-text-to-text|bn|unknown,7925,484,3233,1
text-to-speech|ks|other,41,15,40,7
video-classification|unk|copyleft,2,1,2,1
token-classification|eu|copyleft,88,18,28,2
audio-text-to-text|unk|other,27,15,26,1
token-classification|yo|noncommercial,248,25,162,1
image-to-image|de|permissive,522,56,490,1
visual-question-answering|hi|permissive,113,27,98,1
robotics|de|permissive,16265,118,16227,1
robotics|es|permissive,16265,118,16227,1
robotics|fr|permissive,16266,119,16228,2
unk|fa|responsible_ai,693,78,430,1
multiple-choice|ko|permissive,164,60,34,1
object-detection|es|other,40,5,39,1
video-to-video|ja|permissive,38,15,38,1
video-to-video|ko|permissive,38,15,38,1
video-to-video|ru|permissive,38,15,38,1
translation|as|vendor_custom,12,11,7,3
translation|kn|vendor_custom,12,11,7,3
translation|ml|vendor_custom,12,11,7,3
translation|or|vendor_custom,12,11,7,3
translation|te|vendor_custom,12,11,7,3
automatic-speech-recognition|lg|copyleft,34,9,10,1
image-to-text|hy|unknown,117,29,91,1
image-to-text|da|noncommercial,15,4,15,1
image-to-text|sv|noncommercial,15,4,15,1
object-detection|zh|unknown,1544,30,649,2
robotics|el|other,107,21,107,2
text-generation|ky|other,3482,1220,755,1
translation|be|vendor_custom,9,8,4,1
translation|cv|unknown,680,25,49,1
fill-mask|ba|other,159,10,135,1
unk|mt|unknown,67987,4964,36075,1
unk|tg|unknown,67987,4964,36075,1
unk|zu|unknown,67987,4964,36075,1
robotics|ko|unknown,1499,52,1490,4
robotics|zh|unknown,1497,53,1487,5
unk|nb|vendor_custom,2597,453,1239,1
unk|nn|vendor_custom,2597,453,1239,1
unk|no|vendor_custom,2597,453,1239,1
token-classification|ar|copyleft,88,18,29,1
text-to-speech|ku|permissive,344,65,245,1
any-to-any|zh|unknown,20,7,19,3
image-text-to-text|ks|other,504,160,262,1
image-text-to-text|sd|other,504,160,262,1
image-text-to-text|ur|other,504,160,262,1
sentence-similarity|nl|copyleft,12,2,6,1
text-to-audio|zh|noncommercial,95,20,28,14
feature-extraction|af|unknown,10679,271,2133,1
feature-extraction|as|unknown,10679,271,2133,1
feature-extraction|br|unknown,10679,271,2133,1
feature-extraction|bs|unknown,10679,271,2133,1
feature-extraction|cy|unknown,10679,271,2133,1
feature-extraction|eo|unknown,10679,271,2133,1
feature-extraction|fy|unknown,10679,271,2133,1
feature-extraction|ga|unknown,10679,271,2133,1
feature-extraction|gd|unknown,10679,271,2133,1
feature-extraction|gl|unknown,10679,271,2133,1
feature-extraction|gu|unknown,10679,271,2133,1
feature-extraction|ha|unknown,10679,271,2133,1
feature-extraction|jv|unknown,10679,271,2133,1
feature-extraction|km|unknown,10679,271,2133,1
feature-extraction|kn|unknown,10679,271,2133,1
feature-extraction|ku|unknown,10679,271,2133,1
feature-extraction|ky|unknown,10679,271,2133,1
feature-extraction|la|unknown,10679,271,2133,1
feature-extraction|lo|unknown,10679,271,2133,1
feature-extraction|mg|unknown,10679,271,2133,1
feature-extraction|ml|unknown,10679,271,2133,1
feature-extraction|mn|unknown,10679,271,2133,1
feature-extraction|mr|unknown,10679,271,2133,1
feature-extraction|ne|unknown,10679,271,2133,1
feature-extraction|om|unknown,10679,271,2133,1
feature-extraction|or|unknown,10679,271,2133,1
feature-extraction|pa|unknown,10679,271,2133,1
feature-extraction|sd|unknown,10679,271,2133,1
feature-extraction|si|unknown,10679,271,2133,1
feature-extraction|sk|unknown,10679,271,2133,1
feature-extraction|so|unknown,10679,271,2133,1
feature-extraction|sr|unknown,10679,271,2133,1
feature-extraction|su|unknown,10679,271,2133,1
feature-extraction|sw|unknown,10679,271,2133,1
feature-extraction|te|unknown,10679,271,2133,1
feature-extraction|ug|unknown,10679,271,2133,1
feature-extraction|uz|unknown,10679,271,2133,1
feature-extraction|xh|unknown,10679,271,2133,1
feature-extraction|yi|unknown,10679,271,2133,1
video-to-video|zh|other,13,6,13,2
audio-text-to-text|zh|unknown,8,2,8,1
text-classification|pi|noncommercial,276,62,150,2
text-classification|pi|permissive,10057,776,585,3
text-to-speech|ak|noncommercial,1238,78,38,3
tabular-classification|en|unknown,46,0,46,1
image-to-text|my|permissive,269,84,186,1
zero-shot-image-classification|tr|other,24,2,8,1
text-classification|pi|unknown,49434,900,2355,1
audio-text-to-text|de|unknown,8,3,8,1
audio-to-audio|ar|other,19,5,19,1
audio-to-audio|ca|other,19,5,19,1
audio-to-audio|ee|other,19,5,19,1
audio-to-audio|es|other,19,5,19,1
audio-to-audio|eu|other,19,5,19,1
audio-to-audio|fr|other,19,5,19,1
audio-to-audio|gl|other,19,5,19,1
audio-to-audio|gu|other,19,5,19,1
audio-to-audio|ha|other,19,5,19,1
audio-to-audio|jv|other,19,5,19,1
audio-to-audio|ki|other,19,5,19,1
audio-to-audio|km|other,19,5,19,1
audio-to-audio|kn|other,19,5,19,1
audio-to-audio|lg|other,19,5,19,1
audio-to-audio|ln|other,19,5,19,1
audio-to-audio|ml|other,19,5,19,1
audio-to-audio|mr|other,19,5,19,1
audio-to-audio|my|other,19,5,19,1
audio-to-audio|ne|other,19,5,19,1
audio-to-audio|ny|other,19,5,19,1
audio-to-audio|su|other,19,5,19,1
audio-to-audio|ta|other,19,5,19,1
audio-to-audio|te|other,19,5,19,1
audio-to-audio|tw|other,19,5,19,1
audio-to-audio|yo|other,19,5,19,1
tabular-regression|en|unknown,37,0,37,1
object-detection|ru|unknown,1543,29,648,1
any-to-any|af|unknown,19,6,19,1
any-to-any|am|unknown,19,6,19,1
any-to-any|ay|unknown,19,6,19,1
any-to-any|az|unknown,19,6,19,1
any-to-any|be|unknown,19,6,19,1
any-to-any|bg|unknown,19,6,19,1
any-to-any|bn|unknown,19,6,19,1
any-to-any|br|unknown,19,6,19,1
any-to-any|bs|unknown,19,6,19,1
any-to-any|ca|unknown,19,6,19,1
any-to-any|ch|unknown,19,6,19,1
any-to-any|co|unknown,19,6,19,1
any-to-any|cs|unknown,19,6,19,1
any-to-any|cy|unknown,19,6,19,1
any-to-any|da|unknown,19,6,19,1
any-to-any|de|unknown,19,6,19,1
any-to-any|el|unknown,19,6,19,1
any-to-any|eo|unknown,19,6,19,1
any-to-any|es|unknown,19,6,19,1
any-to-any|et|unknown,19,6,19,1
any-to-any|eu|unknown,19,6,19,1
any-to-any|fa|unknown,19,6,19,1
any-to-any|ff|unknown,19,6,19,1
any-to-any|fi|unknown,19,6,19,1
any-to-any|fj|unknown,19,6,19,1
any-to-any|fo|unknown,19,6,19,1
any-to-any|fr|unknown,19,6,19,1
any-to-any|fy|unknown,19,6,19,1
any-to-any|ga|unknown,19,6,19,1
any-to-any|gd|unknown,19,6,19,1
any-to-any|gl|unknown,19,6,19,1
any-to-any|gn|unknown,19,6,19,1
any-to-any|gu|unknown,19,6,19,1
any-to-any|gv|unknown,19,6,19,1
any-to-any|ha|unknown,19,6,19,1
any-to-any|he|unknown,19,6,19,1
any-to-any|hi|unknown,19,6,19,1
any-to-any|hr|unknown,19,6,19,1
any-to-any|hy|unknown,19,6,19,1
any-to-any|id|unknown,19,6,19,1
any-to-any|ig|unknown,19,6,19,1
any-to-any|is|unknown,19,6,19,1
any-to-any|it|unknown,19,6,19,1
any-to-any|iu|unknown,19,6,19,1
any-to-any|ja|unknown,19,6,19,1
any-to-any|jv|unknown,19,6,19,1
any-to-any|ka|unknown,19,6,19,1
any-to-any|kg|unknown,19,6,19,1
any-to-any|kk|unknown,19,6,19,1
any-to-any|kl|unknown,19,6,19,1
any-to-any|km|unknown,19,6,19,1
any-to-any|kn|unknown,19,6,19,1
any-to-any|ko|unknown,19,6,19,1
any-to-any|ku|unknown,19,6,19,1
any-to-any|kw|unknown,19,6,19,1
any-to-any|ky|unknown,19,6,19,1
any-to-any|lb|unknown,19,6,19,1
any-to-any|lg|unknown,19,6,19,1
any-to-any|li|unknown,19,6,19,1
any-to-any|ln|unknown,19,6,19,1
any-to-any|lo|unknown,19,6,19,1
any-to-any|lt|unknown,19,6,19,1
any-to-any|lu|unknown,19,6,19,1
any-to-any|lv|unknown,19,6,19,1
any-to-any|mg|unknown,19,6,19,1
any-to-any|mi|unknown,19,6,19,1
any-to-any|mk|unknown,19,6,19,1
any-to-any|ml|unknown,19,6,19,1
any-to-any|mn|unknown,19,6,19,1
any-to-any|mr|unknown,19,6,19,1
any-to-any|ms|unknown,19,6,19,1
any-to-any|mt|unknown,19,6,19,1
any-to-any|my|unknown,19,6,19,1
any-to-any|na|unknown,19,6,19,1
any-to-any|ne|unknown,19,6,19,1
any-to-any|nl|unknown,19,6,19,1
any-to-any|no|unknown,19,6,19,1
any-to-any|ny|unknown,19,6,19,1
any-to-any|oc|unknown,19,6,19,1
any-to-any|om|unknown,19,6,19,1
any-to-any|pa|unknown,19,6,19,1
any-to-any|pl|unknown,19,6,19,1
any-to-any|ps|unknown,19,6,19,1
any-to-any|pt|unknown,19,6,19,1
any-to-any|qu|unknown,19,6,19,1
any-to-any|rm|unknown,19,6,19,1
any-to-any|rn|unknown,19,6,19,1
any-to-any|ro|unknown,19,6,19,1
any-to-any|ru|unknown,19,6,19,1
any-to-any|rw|unknown,19,6,19,1
any-to-any|sc|unknown,19,6,19,1
any-to-any|sg|unknown,19,6,19,1
any-to-any|si|unknown,19,6,19,1
any-to-any|sk|unknown,19,6,19,1
any-to-any|sl|unknown,19,6,19,1
any-to-any|sm|unknown,19,6,19,1
any-to-any|sn|unknown,19,6,19,1
any-to-any|so|unknown,19,6,19,1
any-to-any|sq|unknown,19,6,19,1
any-to-any|sr|unknown,19,6,19,1
any-to-any|st|unknown,19,6,19,1
any-to-any|su|unknown,19,6,19,1
any-to-any|sv|unknown,19,6,19,1
any-to-any|sw|unknown,19,6,19,1
any-to-any|ta|unknown,19,6,19,1
any-to-any|te|unknown,19,6,19,1
any-to-any|tg|unknown,19,6,19,1
any-to-any|th|unknown,19,6,19,1
any-to-any|tk|unknown,19,6,19,1
any-to-any|tl|unknown,19,6,19,1
any-to-any|tn|unknown,19,6,19,1
any-to-any|to|unknown,19,6,19,1
any-to-any|tr|unknown,19,6,19,1
any-to-any|ts|unknown,19,6,19,1
any-to-any|ty|unknown,19,6,19,1
any-to-any|uk|unknown,19,6,19,1
any-to-any|ur|unknown,19,6,19,1
any-to-any|uz|unknown,19,6,19,1
any-to-any|ve|unknown,19,6,19,1
any-to-any|wa|unknown,19,6,19,1
any-to-any|wo|unknown,19,6,19,1
any-to-any|xh|unknown,19,6,19,1
any-to-any|yo|unknown,19,6,19,1
any-to-any|zu|unknown,19,6,19,1
object-detection|th|copyleft,334,25,331,1
image-segmentation|sv|other,278,61,77,1
multiple-choice|de|permissive,164,60,35,1
automatic-speech-recognition|am|vendor_custom,3,2,3,3
automatic-speech-recognition|om|vendor_custom,3,2,3,3
automatic-speech-recognition|sw|vendor_custom,3,2,3,3
zero-shot-classification|ja|noncommercial,4,3,1,8
text-to-audio|es|noncommercial,95,20,28,1
text-to-audio|fr|noncommercial,95,20,28,1
text-to-audio|pt|noncommercial,95,20,28,1
image-text-to-image|zh|other,1,1,1,1
image-text-to-text|et|vendor_custom,406,99,142,2
image-text-to-text|fi|vendor_custom,406,99,142,2
image-text-to-text|sv|vendor_custom,406,99,142,2
translation|bg|other,9,6,7,1
translation|et|other,9,6,7,1
translation|lt|other,9,6,7,1
translation|lv|other,9,6,7,1
translation|sk|other,9,6,7,1
zero-shot-image-classification|ms|permissive,566,71,62,13
voice-activity-detection|bn|other,7,4,7,1
voice-activity-detection|gu|other,7,4,7,1
voice-activity-detection|hi|other,7,4,7,1
voice-activity-detection|kn|other,7,4,7,1
voice-activity-detection|ml|other,7,4,7,1
voice-activity-detection|mr|other,7,4,7,1
voice-activity-detection|pa|other,7,4,7,1
voice-activity-detection|ta|other,7,4,7,1
voice-activity-detection|te|other,7,4,7,1
unk|nd|permissive,48216,4016,25145,1
text-to-video|fr|permissive,113,40,111,1
text-generation|mi|unknown,127946,15512,8675,1
time-series-forecasting|zh|other,14,3,14,2
reinforcement-learning|zh|noncommercial,5,1,5,1
zero-shot-classification|ko|noncommercial,2,2,1,2
text-ranking|ja|vendor_custom,1,1,1,1
text-generation|om|noncommercial,2018,973,188,2
text-generation|tw|noncommercial,2018,973,188,2
unk|st|unknown,67987,4964,36076,1
