setting,semantics,k,strategy,seed,removed_providers,options_lost,matched_to,size_ratio
tol99,availability,1,descendants,,1,0,,
tol99,availability,1,null,0.0,1,0,descendants,1.0
tol99,availability,1,null,1.0,1,0,descendants,1.0
tol99,availability,1,null,2.0,1,0,descendants,1.0
tol99,availability,1,null,3.0,1,0,descendants,1.0
tol99,availability,1,null,4.0,1,0,descendants,1.0
tol99,availability,1,null,5.0,1,0,descendants,1.0
tol99,availability,1,null,6.0,1,0,descendants,1.0
tol99,availability,1,null,7.0,1,0,descendants,1.0
tol99,availability,1,null,8.0,1,0,descendants,1.0
tol99,availability,1,null,9.0,1,0,descendants,1.0
tol99,availability,1,null,10.0,1,0,descendants,1.0
tol99,availability,1,null,11.0,1,0,descendants,1.0
tol99,availability,1,null,12.0,1,0,descendants,1.0
tol99,availability,1,null,13.0,1,0,descendants,1.0
tol99,availability,1,null,14.0,1,0,descendants,1.0
tol99,availability,1,null,15.0,1,0,descendants,1.0
tol99,availability,1,null,16.0,1,0,descendants,1.0
tol99,availability,1,null,17.0,1,0,descendants,1.0
tol99,availability,1,null,18.0,1,0,descendants,1.0
tol99,availability,1,null,19.0,1,0,descendants,1.0
tol99,availability,1,null,20.0,1,0,descendants,1.0
tol99,availability,1,null,21.0,1,0,descendants,1.0
tol99,availability,1,null,22.0,1,0,descendants,1.0
tol99,availability,1,null,23.0,1,0,descendants,1.0
tol99,availability,1,null,24.0,1,0,descendants,1.0
tol99,availability,1,null,25.0,1,0,descendants,1.0
tol99,availability,1,null,26.0,1,0,descendants,1.0
tol99,availability,1,null,27.0,1,0,descendants,1.0
tol99,availability,1,null,28.0,1,0,descendants,1.0
tol99,availability,1,null,29.0,1,0,descendants,1.0
tol99,availability,1,null,30.0,1,0,descendants,1.0
tol99,availability,1,null,31.0,1,0,descendants,1.0
tol99,availability,1,null,32.0,1,0,descendants,1.0
tol99,availability,1,null,33.0,1,0,descendants,1.0
tol99,availability,1,null,34.0,1,0,descendants,1.0
tol99,availability,1,null,35.0,1,0,descendants,1.0
tol99,availability,1,null,36.0,1,0,descendants,1.0
tol99,availability,1,null,37.0,1,0,descendants,1.0
tol99,availability,1,null,38.0,1,0,descendants,1.0
tol99,availability,1,null,39.0,1,0,descendants,1.0
tol99,availability,1,null,40.0,1,0,descendants,1.0
tol99,availability,1,null,41.0,1,0,descendants,1.0
tol99,availability,1,null,42.0,1,0,descendants,1.0
tol99,availability,1,null,43.0,1,0,descendants,1.0
tol99,availability,1,null,44.0,1,0,descendants,1.0
tol99,availability,1,null,45.0,1,0,descendants,1.0
tol99,availability,1,null,46.0,1,0,descendants,1.0
tol99,availability,1,null,47.0,1,0,descendants,1.0
tol99,availability,1,null,48.0,1,0,descendants,1.0
tol99,availability,1,null,49.0,1,0,descendants,1.0
tol99,availability,1,null,50.0,1,0,descendants,1.0
tol99,availability,1,null,51.0,1,0,descendants,1.0
tol99,availability,1,null,52.0,1,0,descendants,1.0
tol99,availability,1,null,53.0,1,0,descendants,1.0
tol99,availability,1,null,54.0,1,0,descendants,1.0
tol99,availability,1,null,55.0,1,0,descendants,1.0
tol99,availability,1,null,56.0,1,0,descendants,1.0
tol99,availability,1,null,57.0,1,0,descendants,1.0
tol99,availability,1,null,58.0,2,0,descendants,2.0
tol99,availability,1,null,59.0,1,0,descendants,1.0
tol99,availability,1,null,60.0,1,0,descendants,1.0
tol99,availability,1,null,61.0,1,0,descendants,1.0
tol99,availability,1,null,62.0,1,0,descendants,1.0
tol99,availability,1,null,63.0,1,0,descendants,1.0
tol99,availability,1,null,64.0,1,0,descendants,1.0
tol99,availability,1,null,65.0,1,0,descendants,1.0
tol99,availability,1,null,66.0,1,0,descendants,1.0
tol99,availability,1,null,67.0,1,0,descendants,1.0
tol99,availability,1,null,68.0,1,0,descendants,1.0
tol99,availability,1,null,69.0,1,0,descendants,1.0
tol99,availability,1,null,70.0,1,0,descendants,1.0
tol99,availability,1,null,71.0,1,0,descendants,1.0
tol99,availability,1,null,72.0,3,0,descendants,3.0
tol99,availability,1,null,73.0,1,0,descendants,1.0
tol99,availability,1,null,74.0,1,0,descendants,1.0
tol99,availability,1,null,75.0,1,0,descendants,1.0
tol99,availability,1,null,76.0,1,0,descendants,1.0
tol99,availability,1,null,77.0,1,0,descendants,1.0
tol99,availability,1,null,78.0,1,0,descendants,1.0
tol99,availability,1,null,79.0,1,0,descendants,1.0
tol99,availability,1,null,80.0,1,0,descendants,1.0
tol99,availability,1,null,81.0,1,0,descendants,1.0
tol99,availability,1,null,82.0,6,0,descendants,6.0
tol99,availability,1,null,83.0,1,0,descendants,1.0
tol99,availability,1,null,84.0,1,0,descendants,1.0
tol99,availability,1,null,85.0,1,0,descendants,1.0
tol99,availability,1,null,86.0,1,0,descendants,1.0
tol99,availability,1,null,87.0,1,0,descendants,1.0
tol99,availability,1,null,88.0,1,0,descendants,1.0
tol99,availability,1,null,89.0,1,0,descendants,1.0
tol99,availability,1,null,90.0,1,0,descendants,1.0
tol99,availability,1,null,91.0,1,0,descendants,1.0
tol99,availability,1,null,92.0,1,0,descendants,1.0
tol99,availability,1,null,93.0,1,0,descendants,1.0
tol99,availability,1,null,94.0,1,0,descendants,1.0
tol99,availability,1,null,95.0,25,0,descendants,25.0
tol99,availability,1,null,96.0,1,0,descendants,1.0
tol99,availability,1,null,97.0,1,0,descendants,1.0
tol99,availability,1,null,98.0,1,0,descendants,1.0
tol99,availability,1,null,99.0,1,0,descendants,1.0
tol99,availability,1,null,100.0,1,0,descendants,1.0
tol99,availability,1,null,101.0,1,0,descendants,1.0
tol99,availability,1,null,102.0,1,0,descendants,1.0
tol99,availability,1,null,103.0,1,0,descendants,1.0
tol99,availability,1,null,104.0,1,0,descendants,1.0
tol99,availability,1,null,105.0,1,0,descendants,1.0
tol99,availability,1,null,106.0,1,0,descendants,1.0
tol99,availability,1,null,107.0,1,0,descendants,1.0
tol99,availability,1,null,108.0,1,0,descendants,1.0
tol99,availability,1,null,109.0,1,0,descendants,1.0
tol99,availability,1,null,110.0,1,0,descendants,1.0
tol99,availability,1,null,111.0,1,0,descendants,1.0
tol99,availability,1,null,112.0,1,0,descendants,1.0
tol99,availability,1,null,113.0,1,0,descendants,1.0
tol99,availability,1,null,114.0,1,0,descendants,1.0
tol99,availability,1,null,115.0,2,0,descendants,2.0
tol99,availability,1,null,116.0,1,0,descendants,1.0
tol99,availability,1,null,117.0,6,0,descendants,6.0
tol99,availability,1,null,118.0,1,0,descendants,1.0
tol99,availability,1,null,119.0,1,0,descendants,1.0
tol99,availability,1,null,120.0,1,0,descendants,1.0
tol99,availability,1,null,121.0,2,0,descendants,2.0
tol99,availability,1,null,122.0,1,0,descendants,1.0
tol99,availability,1,null,123.0,1,0,descendants,1.0
tol99,availability,1,null,124.0,1,0,descendants,1.0
tol99,availability,1,null,125.0,1,0,descendants,1.0
tol99,availability,1,null,126.0,1,0,descendants,1.0
tol99,availability,1,null,127.0,2,0,descendants,2.0
tol99,availability,1,null,128.0,1,0,descendants,1.0
tol99,availability,1,null,129.0,1,0,descendants,1.0
tol99,availability,1,null,130.0,1,0,descendants,1.0
tol99,availability,1,null,131.0,1,0,descendants,1.0
tol99,availability,1,null,132.0,1,0,descendants,1.0
tol99,availability,1,null,133.0,1,0,descendants,1.0
tol99,availability,1,null,134.0,1,0,descendants,1.0
tol99,availability,1,null,135.0,1,0,descendants,1.0
tol99,availability,1,null,136.0,1,0,descendants,1.0
tol99,availability,1,null,137.0,1,0,descendants,1.0
tol99,availability,1,null,138.0,1,0,descendants,1.0
tol99,availability,1,null,139.0,1,0,descendants,1.0
tol99,availability,1,null,140.0,1,0,descendants,1.0
tol99,availability,1,null,141.0,1,0,descendants,1.0
tol99,availability,1,null,142.0,1,0,descendants,1.0
tol99,availability,1,null,143.0,1,0,descendants,1.0
tol99,availability,1,null,144.0,1,0,descendants,1.0
tol99,availability,1,null,145.0,1,0,descendants,1.0
tol99,availability,1,null,146.0,1,0,descendants,1.0
tol99,availability,1,null,147.0,1,0,descendants,1.0
tol99,availability,1,null,148.0,1,0,descendants,1.0
tol99,availability,1,null,149.0,1,0,descendants,1.0
tol99,availability,1,null,150.0,1,0,descendants,1.0
tol99,availability,1,null,151.0,1,0,descendants,1.0
tol99,availability,1,null,152.0,1,0,descendants,1.0
tol99,availability,1,null,153.0,1,0,descendants,1.0
tol99,availability,1,null,154.0,1,0,descendants,1.0
tol99,availability,1,null,155.0,1,0,descendants,1.0
tol99,availability,1,null,156.0,1,0,descendants,1.0
tol99,availability,1,null,157.0,1,0,descendants,1.0
tol99,availability,1,null,158.0,1,0,descendants,1.0
tol99,availability,1,null,159.0,1,0,descendants,1.0
tol99,availability,1,null,160.0,1,0,descendants,1.0
tol99,availability,1,null,161.0,1,0,descendants,1.0
tol99,availability,1,null,162.0,1,0,descendants,1.0
tol99,availability,1,null,163.0,1,0,descendants,1.0
tol99,availability,1,null,164.0,1,0,descendants,1.0
tol99,availability,1,null,165.0,1,0,descendants,1.0
tol99,availability,1,null,166.0,1,0,descendants,1.0
tol99,availability,1,null,167.0,1,0,descendants,1.0
tol99,availability,1,null,168.0,1,0,descendants,1.0
tol99,availability,1,null,169.0,1,0,descendants,1.0
tol99,availability,1,null,170.0,1,0,descendants,1.0
tol99,availability,1,null,171.0,1,0,descendants,1.0
tol99,availability,1,null,172.0,1,0,descendants,1.0
tol99,availability,1,null,173.0,1,0,descendants,1.0
tol99,availability,1,null,174.0,1,0,descendants,1.0
tol99,availability,1,null,175.0,1,0,descendants,1.0
tol99,availability,1,null,176.0,1,0,descendants,1.0
tol99,availability,1,null,177.0,1,0,descendants,1.0
tol99,availability,1,null,178.0,6,0,descendants,6.0
tol99,availability,1,null,179.0,1,0,descendants,1.0
tol99,availability,1,null,180.0,1,0,descendants,1.0
tol99,availability,1,null,181.0,1,0,descendants,1.0
tol99,availability,1,null,182.0,1,0,descendants,1.0
tol99,availability,1,null,183.0,1,0,descendants,1.0
tol99,availability,1,null,184.0,1,0,descendants,1.0
tol99,availability,1,null,185.0,1,0,descendants,1.0
tol99,availability,1,null,186.0,1,0,descendants,1.0
tol99,availability,1,null,187.0,1,0,descendants,1.0
tol99,availability,1,null,188.0,1,0,descendants,1.0
tol99,availability,1,null,189.0,1,0,descendants,1.0
tol99,availability,1,null,190.0,1,0,descendants,1.0
tol99,availability,1,null,191.0,1,0,descendants,1.0
tol99,availability,1,null,192.0,1,0,descendants,1.0
tol99,availability,1,null,193.0,1,0,descendants,1.0
tol99,availability,1,null,194.0,1,0,descendants,1.0
tol99,availability,1,null,195.0,1,0,descendants,1.0
tol99,availability,1,null,196.0,1,0,descendants,1.0
tol99,availability,1,null,197.0,1,0,descendants,1.0
tol99,availability,1,null,198.0,1,0,descendants,1.0
tol99,availability,1,null,199.0,1,0,descendants,1.0
tol99,availability,1,null,200.0,1,0,descendants,1.0
tol99,availability,1,null,201.0,1,0,descendants,1.0
tol99,availability,1,null,202.0,2,0,descendants,2.0
tol99,availability,1,null,203.0,1,0,descendants,1.0
tol99,availability,1,null,204.0,1,0,descendants,1.0
tol99,availability,1,null,205.0,1,0,descendants,1.0
tol99,availability,1,null,206.0,1,0,descendants,1.0
tol99,availability,1,null,207.0,1,0,descendants,1.0
tol99,availability,1,null,208.0,1,0,descendants,1.0
tol99,availability,1,null,209.0,1,0,descendants,1.0
tol99,availability,1,null,210.0,1,0,descendants,1.0
tol99,availability,1,null,211.0,1,0,descendants,1.0
tol99,availability,1,null,212.0,1,0,descendants,1.0
tol99,availability,1,null,213.0,1,0,descendants,1.0
tol99,availability,1,null,214.0,1,0,descendants,1.0
tol99,availability,1,null,215.0,1,0,descendants,1.0
tol99,availability,1,null,216.0,1,0,descendants,1.0
tol99,availability,1,null,217.0,1,0,descendants,1.0
tol99,availability,1,null,218.0,1,0,descendants,1.0
tol99,availability,1,null,219.0,2,0,descendants,2.0
tol99,availability,1,null,220.0,1,0,descendants,1.0
tol99,availability,1,null,221.0,1,0,descendants,1.0
tol99,availability,1,null,222.0,1,0,descendants,1.0
tol99,availability,1,null,223.0,1,0,descendants,1.0
tol99,availability,1,null,224.0,1,0,descendants,1.0
tol99,availability,1,null,225.0,1,0,descendants,1.0
tol99,availability,1,null,226.0,1,0,descendants,1.0
tol99,availability,1,null,227.0,1,0,descendants,1.0
tol99,availability,1,null,228.0,1,0,descendants,1.0
tol99,availability,1,null,229.0,1,0,descendants,1.0
tol99,availability,1,null,230.0,1,0,descendants,1.0
tol99,availability,1,null,231.0,1,0,descendants,1.0
tol99,availability,1,null,232.0,1,0,descendants,1.0
tol99,availability,1,null,233.0,1,0,descendants,1.0
tol99,availability,1,null,234.0,1,0,descendants,1.0
tol99,availability,1,null,235.0,1,0,descendants,1.0
tol99,availability,1,null,236.0,1,0,descendants,1.0
tol99,availability,1,null,237.0,1,0,descendants,1.0
tol99,availability,1,null,238.0,1,0,descendants,1.0
tol99,availability,1,null,239.0,1,0,descendants,1.0
tol99,availability,1,null,240.0,1,0,descendants,1.0
tol99,availability,1,null,241.0,3,0,descendants,3.0
tol99,availability,1,null,242.0,2,0,descendants,2.0
tol99,availability,1,null,243.0,1,0,descendants,1.0
tol99,availability,1,null,244.0,1,0,descendants,1.0
tol99,availability,1,null,245.0,1,0,descendants,1.0
tol99,availability,1,null,246.0,1,0,descendants,1.0
tol99,availability,1,null,247.0,1,0,descendants,1.0
tol99,availability,1,null,248.0,1,0,descendants,1.0
tol99,availability,1,null,249.0,1,0,descendants,1.0
tol99,availability,1,null,250.0,1,0,descendants,1.0
tol99,availability,1,null,251.0,1,0,descendants,1.0
tol99,availability,1,null,252.0,1,0,descendants,1.0
tol99,availability,1,null,253.0,1,0,descendants,1.0
tol99,availability,1,null,254.0,1,0,descendants,1.0
tol99,availability,1,null,255.0,2,0,descendants,2.0
tol99,availability,1,null,256.0,1,0,descendants,1.0
tol99,availability,1,null,257.0,1,0,descendants,1.0
tol99,availability,1,null,258.0,80,0,descendants,80.0
tol99,availability,1,null,259.0,1,0,descendants,1.0
tol99,availability,1,null,260.0,1,0,descendants,1.0
tol99,availability,1,null,261.0,11,0,descendants,11.0
tol99,availability,1,null,262.0,1,0,descendants,1.0
tol99,availability,1,null,263.0,1,0,descendants,1.0
tol99,availability,1,null,264.0,1,0,descendants,1.0
tol99,availability,1,null,265.0,1,0,descendants,1.0
tol99,availability,1,null,266.0,1,0,descendants,1.0
tol99,availability,1,null,267.0,1,0,descendants,1.0
tol99,availability,1,null,268.0,1,0,descendants,1.0
tol99,availability,1,null,269.0,1,0,descendants,1.0
tol99,availability,1,null,270.0,1,0,descendants,1.0
tol99,availability,1,null,271.0,1,0,descendants,1.0
tol99,availability,1,null,272.0,1,0,descendants,1.0
tol99,availability,1,null,273.0,1,0,descendants,1.0
tol99,availability,1,null,274.0,1,0,descendants,1.0
tol99,availability,1,null,275.0,1,0,descendants,1.0
tol99,availability,1,null,276.0,1,0,descendants,1.0
tol99,availability,1,null,277.0,1,0,descendants,1.0
tol99,availability,1,null,278.0,1,0,descendants,1.0
tol99,availability,1,null,279.0,2,0,descendants,2.0
tol99,availability,1,null,280.0,1,0,descendants,1.0
tol99,availability,1,null,281.0,1,0,descendants,1.0
tol99,availability,1,null,282.0,1,0,descendants,1.0
tol99,availability,1,null,283.0,1,0,descendants,1.0
tol99,availability,1,null,284.0,1,0,descendants,1.0
tol99,availability,1,null,285.0,1,0,descendants,1.0
tol99,availability,1,null,286.0,1,0,descendants,1.0
tol99,availability,1,null,287.0,1,0,descendants,1.0
tol99,availability,1,null,288.0,1,0,descendants,1.0
tol99,availability,1,null,289.0,1,0,descendants,1.0
tol99,availability,1,null,290.0,1,0,descendants,1.0
tol99,availability,1,null,291.0,1,0,descendants,1.0
tol99,availability,1,null,292.0,1,0,descendants,1.0
tol99,availability,1,null,293.0,1,0,descendants,1.0
tol99,availability,1,null,294.0,1,0,descendants,1.0
tol99,availability,1,null,295.0,1,0,descendants,1.0
tol99,availability,1,null,296.0,1,0,descendants,1.0
tol99,availability,1,null,297.0,1,0,descendants,1.0
tol99,availability,1,null,298.0,1,0,descendants,1.0
tol99,availability,1,null,299.0,1,0,descendants,1.0
tol99,availability,1,null,300.0,1,0,descendants,1.0
tol99,availability,1,null,301.0,1,0,descendants,1.0
tol99,availability,1,null,302.0,1,0,descendants,1.0
tol99,availability,1,null,303.0,1,0,descendants,1.0
tol99,availability,1,null,304.0,1,0,descendants,1.0
tol99,availability,1,null,305.0,1,0,descendants,1.0
tol99,availability,1,null,306.0,1,0,descendants,1.0
tol99,availability,1,null,307.0,69,0,descendants,69.0
tol99,availability,1,null,308.0,1,0,descendants,1.0
tol99,availability,1,null,309.0,1,0,descendants,1.0
tol99,availability,1,null,310.0,1,0,descendants,1.0
tol99,availability,1,null,311.0,1,0,descendants,1.0
tol99,availability,1,null,312.0,1,0,descendants,1.0
tol99,availability,1,null,313.0,1,0,descendants,1.0
tol99,availability,1,null,314.0,1,0,descendants,1.0
tol99,availability,1,null,315.0,1,0,descendants,1.0
tol99,availability,1,null,316.0,1,0,descendants,1.0
tol99,availability,1,null,317.0,1,0,descendants,1.0
tol99,availability,1,null,318.0,1,0,descendants,1.0
tol99,availability,1,null,319.0,1,0,descendants,1.0
tol99,availability,1,null,320.0,1,0,descendants,1.0
tol99,availability,1,null,321.0,2,0,descendants,2.0
tol99,availability,1,null,322.0,1,0,descendants,1.0
tol99,availability,1,null,323.0,1,0,descendants,1.0
tol99,availability,1,null,324.0,1,0,descendants,1.0
tol99,availability,1,null,325.0,1,0,descendants,1.0
tol99,availability,1,null,326.0,1,0,descendants,1.0
tol99,availability,1,null,327.0,1,0,descendants,1.0
tol99,availability,1,null,328.0,1,0,descendants,1.0
tol99,availability,1,null,329.0,1,0,descendants,1.0
tol99,availability,1,null,330.0,1,0,descendants,1.0
tol99,availability,1,null,331.0,1,0,descendants,1.0
tol99,availability,1,null,332.0,3,0,descendants,3.0
tol99,availability,1,null,333.0,1,0,descendants,1.0
tol99,availability,1,null,334.0,1,0,descendants,1.0
tol99,availability,1,null,335.0,1,0,descendants,1.0
tol99,availability,1,null,336.0,1,0,descendants,1.0
tol99,availability,1,null,337.0,1,0,descendants,1.0
tol99,availability,1,null,338.0,1,0,descendants,1.0
tol99,availability,1,null,339.0,2,0,descendants,2.0
tol99,availability,1,null,340.0,1,0,descendants,1.0
tol99,availability,1,null,341.0,1,0,descendants,1.0
tol99,availability,1,null,342.0,1,0,descendants,1.0
tol99,availability,1,null,343.0,1,0,descendants,1.0
tol99,availability,1,null,344.0,1,0,descendants,1.0
tol99,availability,1,null,345.0,1,0,descendants,1.0
tol99,availability,1,null,346.0,1,0,descendants,1.0
tol99,availability,1,null,347.0,1,0,descendants,1.0
tol99,availability,1,null,348.0,1,0,descendants,1.0
tol99,availability,1,null,349.0,1,0,descendants,1.0
tol99,availability,1,null,350.0,1,0,descendants,1.0
tol99,availability,1,null,351.0,1,0,descendants,1.0
tol99,availability,1,null,352.0,1,0,descendants,1.0
tol99,availability,1,null,353.0,1,0,descendants,1.0
tol99,availability,1,null,354.0,1,0,descendants,1.0
tol99,availability,1,null,355.0,2,0,descendants,2.0
tol99,availability,1,null,356.0,1,0,descendants,1.0
tol99,availability,1,null,357.0,1,0,descendants,1.0
tol99,availability,1,null,358.0,1,0,descendants,1.0
tol99,availability,1,null,359.0,1,0,descendants,1.0
tol99,availability,1,null,360.0,1,0,descendants,1.0
tol99,availability,1,null,361.0,1,0,descendants,1.0
tol99,availability,1,null,362.0,1,0,descendants,1.0
tol99,availability,1,null,363.0,1,0,descendants,1.0
tol99,availability,1,null,364.0,1,0,descendants,1.0
tol99,availability,1,null,365.0,1,0,descendants,1.0
tol99,availability,1,null,366.0,1,0,descendants,1.0
tol99,availability,1,null,367.0,1,0,descendants,1.0
tol99,availability,1,null,368.0,1,0,descendants,1.0
tol99,availability,1,null,369.0,1,0,descendants,1.0
tol99,availability,1,null,370.0,1,0,descendants,1.0
tol99,availability,1,null,371.0,1,0,descendants,1.0
tol99,availability,1,null,372.0,1,0,descendants,1.0
tol99,availability,1,null,373.0,1,0,descendants,1.0
tol99,availability,1,null,374.0,1,0,descendants,1.0
tol99,availability,1,null,375.0,1,0,descendants,1.0
tol99,availability,1,null,376.0,1,0,descendants,1.0
tol99,availability,1,null,377.0,1,0,descendants,1.0
tol99,availability,1,null,378.0,1,0,descendants,1.0
tol99,availability,1,null,379.0,1,0,descendants,1.0
tol99,availability,1,null,380.0,1,0,descendants,1.0
tol99,availability,1,null,381.0,1,0,descendants,1.0
tol99,availability,1,null,382.0,1,0,descendants,1.0
tol99,availability,1,null,383.0,1,0,descendants,1.0
tol99,availability,1,null,384.0,1,0,descendants,1.0
tol99,availability,1,null,385.0,1,0,descendants,1.0
tol99,availability,1,null,386.0,1,0,descendants,1.0
tol99,availability,1,null,387.0,1,0,descendants,1.0
tol99,availability,1,null,388.0,1,0,descendants,1.0
tol99,availability,1,null,389.0,1,0,descendants,1.0
tol99,availability,1,null,390.0,1,0,descendants,1.0
tol99,availability,1,null,391.0,1,0,descendants,1.0
tol99,availability,1,null,392.0,1,0,descendants,1.0
tol99,availability,1,null,393.0,2,0,descendants,2.0
tol99,availability,1,null,394.0,1,0,descendants,1.0
tol99,availability,1,null,395.0,1,0,descendants,1.0
tol99,availability,1,null,396.0,1,0,descendants,1.0
tol99,availability,1,null,397.0,1,0,descendants,1.0
tol99,availability,1,null,398.0,1,0,descendants,1.0
tol99,availability,1,null,399.0,1,0,descendants,1.0
tol99,availability,1,null,400.0,1,0,descendants,1.0
tol99,availability,1,null,401.0,13,0,descendants,13.0
tol99,availability,1,null,402.0,1,0,descendants,1.0
tol99,availability,1,null,403.0,1,0,descendants,1.0
tol99,availability,1,null,404.0,1,0,descendants,1.0
tol99,availability,1,null,405.0,1,0,descendants,1.0
tol99,availability,1,null,406.0,1,0,descendants,1.0
tol99,availability,1,null,407.0,1,0,descendants,1.0
tol99,availability,1,null,408.0,1,0,descendants,1.0
tol99,availability,1,null,409.0,2,0,descendants,2.0
tol99,availability,1,null,410.0,1,0,descendants,1.0
tol99,availability,1,null,411.0,2,0,descendants,2.0
tol99,availability,1,null,412.0,1,0,descendants,1.0
tol99,availability,1,null,413.0,1,0,descendants,1.0
tol99,availability,1,null,414.0,1,0,descendants,1.0
tol99,availability,1,null,415.0,1,0,descendants,1.0
tol99,availability,1,null,416.0,1,0,descendants,1.0
tol99,availability,1,null,417.0,1,0,descendants,1.0
tol99,availability,1,null,418.0,1,0,descendants,1.0
tol99,availability,1,null,419.0,1,0,descendants,1.0
tol99,availability,1,null,420.0,1,0,descendants,1.0
tol99,availability,1,null,421.0,1,0,descendants,1.0
tol99,availability,1,null,422.0,1,0,descendants,1.0
tol99,availability,1,null,423.0,1,0,descendants,1.0
tol99,availability,1,null,424.0,1,0,descendants,1.0
tol99,availability,1,null,425.0,1,0,descendants,1.0
tol99,availability,1,null,426.0,1,0,descendants,1.0
tol99,availability,1,null,427.0,1,0,descendants,1.0
tol99,availability,1,null,428.0,1,0,descendants,1.0
tol99,availability,1,null,429.0,1,0,descendants,1.0
tol99,availability,1,null,430.0,1,0,descendants,1.0
tol99,availability,1,null,431.0,1,0,descendants,1.0
tol99,availability,1,null,432.0,1,0,descendants,1.0
tol99,availability,1,null,433.0,1,0,descendants,1.0
tol99,availability,1,null,434.0,1,0,descendants,1.0
tol99,availability,1,null,435.0,1,0,descendants,1.0
tol99,availability,1,null,436.0,1,0,descendants,1.0
tol99,availability,1,null,437.0,1,0,descendants,1.0
tol99,availability,1,null,438.0,1,0,descendants,1.0
tol99,availability,1,null,439.0,1,0,descendants,1.0
tol99,availability,1,null,440.0,1,0,descendants,1.0
tol99,availability,1,null,441.0,1,0,descendants,1.0
tol99,availability,1,null,442.0,1,0,descendants,1.0
tol99,availability,1,null,443.0,1,0,descendants,1.0
tol99,availability,1,null,444.0,1,0,descendants,1.0
tol99,availability,1,null,445.0,1,0,descendants,1.0
tol99,availability,1,null,446.0,1,0,descendants,1.0
tol99,availability,1,null,447.0,1,0,descendants,1.0
tol99,availability,1,null,448.0,1,0,descendants,1.0
tol99,availability,1,null,449.0,1,0,descendants,1.0
tol99,availability,1,null,450.0,1,0,descendants,1.0
tol99,availability,1,null,451.0,1,0,descendants,1.0
tol99,availability,1,null,452.0,1,0,descendants,1.0
tol99,availability,1,null,453.0,1,0,descendants,1.0
tol99,availability,1,null,454.0,1,0,descendants,1.0
tol99,availability,1,null,455.0,1,0,descendants,1.0
tol99,availability,1,null,456.0,1,0,descendants,1.0
tol99,availability,1,null,457.0,1,0,descendants,1.0
tol99,availability,1,null,458.0,14,0,descendants,14.0
tol99,availability,1,null,459.0,1,0,descendants,1.0
tol99,availability,1,null,460.0,1,0,descendants,1.0
tol99,availability,1,null,461.0,1,0,descendants,1.0
tol99,availability,1,null,462.0,1,0,descendants,1.0
tol99,availability,1,null,463.0,1,0,descendants,1.0
tol99,availability,1,null,464.0,1,0,descendants,1.0
tol99,availability,1,null,465.0,1,0,descendants,1.0
tol99,availability,1,null,466.0,1,0,descendants,1.0
tol99,availability,1,null,467.0,1,0,descendants,1.0
tol99,availability,1,null,468.0,1,0,descendants,1.0
tol99,availability,1,null,469.0,2,0,descendants,2.0
tol99,availability,1,null,470.0,1,0,descendants,1.0
tol99,availability,1,null,471.0,1,0,descendants,1.0
tol99,availability,1,null,472.0,1,0,descendants,1.0
tol99,availability,1,null,473.0,1,0,descendants,1.0
tol99,availability,1,null,474.0,1,0,descendants,1.0
tol99,availability,1,null,475.0,1,0,descendants,1.0
tol99,availability,1,null,476.0,1,0,descendants,1.0
tol99,availability,1,null,477.0,1,0,descendants,1.0
tol99,availability,1,null,478.0,1,0,descendants,1.0
tol99,availability,1,null,479.0,1,0,descendants,1.0
tol99,availability,1,null,480.0,1,0,descendants,1.0
tol99,availability,1,null,481.0,1,0,descendants,1.0
tol99,availability,1,null,482.0,1,0,descendants,1.0
tol99,availability,1,null,483.0,1,0,descendants,1.0
tol99,availability,1,null,484.0,1,0,descendants,1.0
tol99,availability,1,null,485.0,1,0,descendants,1.0
tol99,availability,1,null,486.0,1,0,descendants,1.0
tol99,availability,1,null,487.0,1,0,descendants,1.0
tol99,availability,1,null,488.0,1,0,descendants,1.0
tol99,availability,1,null,489.0,1,0,descendants,1.0
tol99,availability,1,null,490.0,2,0,descendants,2.0
tol99,availability,1,null,491.0,1,0,descendants,1.0
tol99,availability,1,null,492.0,1,0,descendants,1.0
tol99,availability,1,null,493.0,1,0,descendants,1.0
tol99,availability,1,null,494.0,1,0,descendants,1.0
tol99,availability,1,null,495.0,1,0,descendants,1.0
tol99,availability,1,null,496.0,1,0,descendants,1.0
tol99,availability,1,null,497.0,1,0,descendants,1.0
tol99,availability,1,null,498.0,5,0,descendants,5.0
tol99,availability,1,null,499.0,1,0,descendants,1.0
tol99,availability,1,descendant_authors,,1,0,,
tol99,availability,1,null,0.0,1,0,descendant_authors,1.0
tol99,availability,1,null,1.0,2,0,descendant_authors,2.0
tol99,availability,1,null,2.0,1,0,descendant_authors,1.0
tol99,availability,1,null,3.0,1,0,descendant_authors,1.0
tol99,availability,1,null,4.0,1,0,descendant_authors,1.0
tol99,availability,1,null,5.0,1,0,descendant_authors,1.0
tol99,availability,1,null,6.0,1,0,descendant_authors,1.0
tol99,availability,1,null,7.0,1,0,descendant_authors,1.0
tol99,availability,1,null,8.0,1,0,descendant_authors,1.0
tol99,availability,1,null,9.0,1,0,descendant_authors,1.0
tol99,availability,1,null,10.0,1,0,descendant_authors,1.0
tol99,availability,1,null,11.0,1,0,descendant_authors,1.0
tol99,availability,1,null,12.0,1,0,descendant_authors,1.0
tol99,availability,1,null,13.0,1,0,descendant_authors,1.0
tol99,availability,1,null,14.0,1,0,descendant_authors,1.0
tol99,availability,1,null,15.0,1,0,descendant_authors,1.0
tol99,availability,1,null,16.0,1,0,descendant_authors,1.0
tol99,availability,1,null,17.0,1,0,descendant_authors,1.0
tol99,availability,1,null,18.0,1,0,descendant_authors,1.0
tol99,availability,1,null,19.0,1,0,descendant_authors,1.0
tol99,availability,1,null,20.0,1,0,descendant_authors,1.0
tol99,availability,1,null,21.0,1,0,descendant_authors,1.0
tol99,availability,1,null,22.0,1,0,descendant_authors,1.0
tol99,availability,1,null,23.0,1,0,descendant_authors,1.0
tol99,availability,1,null,24.0,1,0,descendant_authors,1.0
tol99,availability,1,null,25.0,1,0,descendant_authors,1.0
tol99,availability,1,null,26.0,1,0,descendant_authors,1.0
tol99,availability,1,null,27.0,1,0,descendant_authors,1.0
tol99,availability,1,null,28.0,1,0,descendant_authors,1.0
tol99,availability,1,null,29.0,7,0,descendant_authors,7.0
tol99,availability,1,null,30.0,1,0,descendant_authors,1.0
tol99,availability,1,null,31.0,1,0,descendant_authors,1.0
tol99,availability,1,null,32.0,1,0,descendant_authors,1.0
tol99,availability,1,null,33.0,1,0,descendant_authors,1.0
tol99,availability,1,null,34.0,1,0,descendant_authors,1.0
tol99,availability,1,null,35.0,1,0,descendant_authors,1.0
tol99,availability,1,null,36.0,1,0,descendant_authors,1.0
tol99,availability,1,null,37.0,1,0,descendant_authors,1.0
tol99,availability,1,null,38.0,1,0,descendant_authors,1.0
tol99,availability,1,null,39.0,1,0,descendant_authors,1.0
tol99,availability,1,null,40.0,1,0,descendant_authors,1.0
tol99,availability,1,null,41.0,1,0,descendant_authors,1.0
tol99,availability,1,null,42.0,1,0,descendant_authors,1.0
tol99,availability,1,null,43.0,1,0,descendant_authors,1.0
tol99,availability,1,null,44.0,1,0,descendant_authors,1.0
tol99,availability,1,null,45.0,1,0,descendant_authors,1.0
tol99,availability,1,null,46.0,1,0,descendant_authors,1.0
tol99,availability,1,null,47.0,1,0,descendant_authors,1.0
tol99,availability,1,null,48.0,1,0,descendant_authors,1.0
tol99,availability,1,null,49.0,1,0,descendant_authors,1.0
tol99,availability,1,null,50.0,1,0,descendant_authors,1.0
tol99,availability,1,null,51.0,1,0,descendant_authors,1.0
tol99,availability,1,null,52.0,1,0,descendant_authors,1.0
tol99,availability,1,null,53.0,1,0,descendant_authors,1.0
tol99,availability,1,null,54.0,1,0,descendant_authors,1.0
tol99,availability,1,null,55.0,1,0,descendant_authors,1.0
tol99,availability,1,null,56.0,1,0,descendant_authors,1.0
tol99,availability,1,null,57.0,1,0,descendant_authors,1.0
tol99,availability,1,null,58.0,1,0,descendant_authors,1.0
tol99,availability,1,null,59.0,1,0,descendant_authors,1.0
tol99,availability,1,null,60.0,1,0,descendant_authors,1.0
tol99,availability,1,null,61.0,1,0,descendant_authors,1.0
tol99,availability,1,null,62.0,1,0,descendant_authors,1.0
tol99,availability,1,null,63.0,1,0,descendant_authors,1.0
tol99,availability,1,null,64.0,1,0,descendant_authors,1.0
tol99,availability,1,null,65.0,1,0,descendant_authors,1.0
tol99,availability,1,null,66.0,1,0,descendant_authors,1.0
tol99,availability,1,null,67.0,1,0,descendant_authors,1.0
tol99,availability,1,null,68.0,1,0,descendant_authors,1.0
tol99,availability,1,null,69.0,1,0,descendant_authors,1.0
tol99,availability,1,null,70.0,1,0,descendant_authors,1.0
tol99,availability,1,null,71.0,1,0,descendant_authors,1.0
tol99,availability,1,null,72.0,1,0,descendant_authors,1.0
tol99,availability,1,null,73.0,1,0,descendant_authors,1.0
tol99,availability,1,null,74.0,1,0,descendant_authors,1.0
tol99,availability,1,null,75.0,1,0,descendant_authors,1.0
tol99,availability,1,null,76.0,1,0,descendant_authors,1.0
tol99,availability,1,null,77.0,1,0,descendant_authors,1.0
tol99,availability,1,null,78.0,1,0,descendant_authors,1.0
tol99,availability,1,null,79.0,2,0,descendant_authors,2.0
tol99,availability,1,null,80.0,1,0,descendant_authors,1.0
tol99,availability,1,null,81.0,1,0,descendant_authors,1.0
tol99,availability,1,null,82.0,1,0,descendant_authors,1.0
tol99,availability,1,null,83.0,1,0,descendant_authors,1.0
tol99,availability,1,null,84.0,1,0,descendant_authors,1.0
tol99,availability,1,null,85.0,1,0,descendant_authors,1.0
tol99,availability,1,null,86.0,1,0,descendant_authors,1.0
tol99,availability,1,null,87.0,1,0,descendant_authors,1.0
tol99,availability,1,null,88.0,1,0,descendant_authors,1.0
tol99,availability,1,null,89.0,1,0,descendant_authors,1.0
tol99,availability,1,null,90.0,1,0,descendant_authors,1.0
tol99,availability,1,null,91.0,1,0,descendant_authors,1.0
tol99,availability,1,null,92.0,1,0,descendant_authors,1.0
tol99,availability,1,null,93.0,2,0,descendant_authors,2.0
tol99,availability,1,null,94.0,1,0,descendant_authors,1.0
tol99,availability,1,null,95.0,1,0,descendant_authors,1.0
tol99,availability,1,null,96.0,1,0,descendant_authors,1.0
tol99,availability,1,null,97.0,1,0,descendant_authors,1.0
tol99,availability,1,null,98.0,3,0,descendant_authors,3.0
tol99,availability,1,null,99.0,1,0,descendant_authors,1.0
tol99,availability,1,null,100.0,1,0,descendant_authors,1.0
tol99,availability,1,null,101.0,1,0,descendant_authors,1.0
tol99,availability,1,null,102.0,1,0,descendant_authors,1.0
tol99,availability,1,null,103.0,3,0,descendant_authors,3.0
tol99,availability,1,null,104.0,1,0,descendant_authors,1.0
tol99,availability,1,null,105.0,1,0,descendant_authors,1.0
tol99,availability,1,null,106.0,1,0,descendant_authors,1.0
tol99,availability,1,null,107.0,1,0,descendant_authors,1.0
tol99,availability,1,null,108.0,1,0,descendant_authors,1.0
tol99,availability,1,null,109.0,1,0,descendant_authors,1.0
tol99,availability,1,null,110.0,10,0,descendant_authors,10.0
tol99,availability,1,null,111.0,1,0,descendant_authors,1.0
tol99,availability,1,null,112.0,1,0,descendant_authors,1.0
tol99,availability,1,null,113.0,1,0,descendant_authors,1.0
tol99,availability,1,null,114.0,1,0,descendant_authors,1.0
tol99,availability,1,null,115.0,2,0,descendant_authors,2.0
tol99,availability,1,null,116.0,1,0,descendant_authors,1.0
tol99,availability,1,null,117.0,1,0,descendant_authors,1.0
tol99,availability,1,null,118.0,1,0,descendant_authors,1.0
tol99,availability,1,null,119.0,1,0,descendant_authors,1.0
tol99,availability,1,null,120.0,1,0,descendant_authors,1.0
tol99,availability,1,null,121.0,1,0,descendant_authors,1.0
tol99,availability,1,null,122.0,1,0,descendant_authors,1.0
tol99,availability,1,null,123.0,1,0,descendant_authors,1.0
tol99,availability,1,null,124.0,1,0,descendant_authors,1.0
tol99,availability,1,null,125.0,1,0,descendant_authors,1.0
tol99,availability,1,null,126.0,1,0,descendant_authors,1.0
tol99,availability,1,null,127.0,1,0,descendant_authors,1.0
tol99,availability,1,null,128.0,1,0,descendant_authors,1.0
tol99,availability,1,null,129.0,1,0,descendant_authors,1.0
tol99,availability,1,null,130.0,1,0,descendant_authors,1.0
tol99,availability,1,null,131.0,1,0,descendant_authors,1.0
tol99,availability,1,null,132.0,2,0,descendant_authors,2.0
tol99,availability,1,null,133.0,1,0,descendant_authors,1.0
tol99,availability,1,null,134.0,12,0,descendant_authors,12.0
tol99,availability,1,null,135.0,1,0,descendant_authors,1.0
tol99,availability,1,null,136.0,1,0,descendant_authors,1.0
tol99,availability,1,null,137.0,1,0,descendant_authors,1.0
tol99,availability,1,null,138.0,1,0,descendant_authors,1.0
tol99,availability,1,null,139.0,1,0,descendant_authors,1.0
tol99,availability,1,null,140.0,1,0,descendant_authors,1.0
tol99,availability,1,null,141.0,5,0,descendant_authors,5.0
tol99,availability,1,null,142.0,1,0,descendant_authors,1.0
tol99,availability,1,null,143.0,1,0,descendant_authors,1.0
tol99,availability,1,null,144.0,24,0,descendant_authors,24.0
tol99,availability,1,null,145.0,1,0,descendant_authors,1.0
tol99,availability,1,null,146.0,1,0,descendant_authors,1.0
tol99,availability,1,null,147.0,1,0,descendant_authors,1.0
tol99,availability,1,null,148.0,1,0,descendant_authors,1.0
tol99,availability,1,null,149.0,1,0,descendant_authors,1.0
tol99,availability,1,null,150.0,1,0,descendant_authors,1.0
tol99,availability,1,null,151.0,1,0,descendant_authors,1.0
tol99,availability,1,null,152.0,1,0,descendant_authors,1.0
tol99,availability,1,null,153.0,1,0,descendant_authors,1.0
tol99,availability,1,null,154.0,1,0,descendant_authors,1.0
tol99,availability,1,null,155.0,1,0,descendant_authors,1.0
tol99,availability,1,null,156.0,1,0,descendant_authors,1.0
tol99,availability,1,null,157.0,2,0,descendant_authors,2.0
tol99,availability,1,null,158.0,2,0,descendant_authors,2.0
tol99,availability,1,null,159.0,1,0,descendant_authors,1.0
tol99,availability,1,null,160.0,1,0,descendant_authors,1.0
tol99,availability,1,null,161.0,1,0,descendant_authors,1.0
tol99,availability,1,null,162.0,5,0,descendant_authors,5.0
tol99,availability,1,null,163.0,1,0,descendant_authors,1.0
tol99,availability,1,null,164.0,1,0,descendant_authors,1.0
tol99,availability,1,null,165.0,1,0,descendant_authors,1.0
tol99,availability,1,null,166.0,1,0,descendant_authors,1.0
tol99,availability,1,null,167.0,1,0,descendant_authors,1.0
tol99,availability,1,null,168.0,1,0,descendant_authors,1.0
tol99,availability,1,null,169.0,1,0,descendant_authors,1.0
tol99,availability,1,null,170.0,1,0,descendant_authors,1.0
tol99,availability,1,null,171.0,1,0,descendant_authors,1.0
tol99,availability,1,null,172.0,2,0,descendant_authors,2.0
tol99,availability,1,null,173.0,1,0,descendant_authors,1.0
tol99,availability,1,null,174.0,1,0,descendant_authors,1.0
tol99,availability,1,null,175.0,1,0,descendant_authors,1.0
tol99,availability,1,null,176.0,1,0,descendant_authors,1.0
tol99,availability,1,null,177.0,1,0,descendant_authors,1.0
tol99,availability,1,null,178.0,1,0,descendant_authors,1.0
tol99,availability,1,null,179.0,1,0,descendant_authors,1.0
tol99,availability,1,null,180.0,1,0,descendant_authors,1.0
tol99,availability,1,null,181.0,1,0,descendant_authors,1.0
tol99,availability,1,null,182.0,1,0,descendant_authors,1.0
tol99,availability,1,null,183.0,1,0,descendant_authors,1.0
tol99,availability,1,null,184.0,1,0,descendant_authors,1.0
tol99,availability,1,null,185.0,1,0,descendant_authors,1.0
tol99,availability,1,null,186.0,1,0,descendant_authors,1.0
tol99,availability,1,null,187.0,1,0,descendant_authors,1.0
tol99,availability,1,null,188.0,1,0,descendant_authors,1.0
tol99,availability,1,null,189.0,1,0,descendant_authors,1.0
tol99,availability,1,null,190.0,1,0,descendant_authors,1.0
tol99,availability,1,null,191.0,1,0,descendant_authors,1.0
tol99,availability,1,null,192.0,1,0,descendant_authors,1.0
tol99,availability,1,null,193.0,1,0,descendant_authors,1.0
tol99,availability,1,null,194.0,1,0,descendant_authors,1.0
tol99,availability,1,null,195.0,1,0,descendant_authors,1.0
tol99,availability,1,null,196.0,1,0,descendant_authors,1.0
tol99,availability,1,null,197.0,2,0,descendant_authors,2.0
tol99,availability,1,null,198.0,1,0,descendant_authors,1.0
tol99,availability,1,null,199.0,1,0,descendant_authors,1.0
tol99,availability,1,null,200.0,1,0,descendant_authors,1.0
tol99,availability,1,null,201.0,1,0,descendant_authors,1.0
tol99,availability,1,null,202.0,1,0,descendant_authors,1.0
tol99,availability,1,null,203.0,1,0,descendant_authors,1.0
tol99,availability,1,null,204.0,1,0,descendant_authors,1.0
tol99,availability,1,null,205.0,1,0,descendant_authors,1.0
tol99,availability,1,null,206.0,1,0,descendant_authors,1.0
tol99,availability,1,null,207.0,1,0,descendant_authors,1.0
tol99,availability,1,null,208.0,1,0,descendant_authors,1.0
tol99,availability,1,null,209.0,1,0,descendant_authors,1.0
tol99,availability,1,null,210.0,3,0,descendant_authors,3.0
tol99,availability,1,null,211.0,1,0,descendant_authors,1.0
tol99,availability,1,null,212.0,1,0,descendant_authors,1.0
tol99,availability,1,null,213.0,1,0,descendant_authors,1.0
tol99,availability,1,null,214.0,1,0,descendant_authors,1.0
tol99,availability,1,null,215.0,1,0,descendant_authors,1.0
tol99,availability,1,null,216.0,1,0,descendant_authors,1.0
tol99,availability,1,null,217.0,1,0,descendant_authors,1.0
tol99,availability,1,null,218.0,1,0,descendant_authors,1.0
tol99,availability,1,null,219.0,1,0,descendant_authors,1.0
tol99,availability,1,null,220.0,1,0,descendant_authors,1.0
tol99,availability,1,null,221.0,1,0,descendant_authors,1.0
tol99,availability,1,null,222.0,1,0,descendant_authors,1.0
tol99,availability,1,null,223.0,1,0,descendant_authors,1.0
tol99,availability,1,null,224.0,1,0,descendant_authors,1.0
tol99,availability,1,null,225.0,1,0,descendant_authors,1.0
tol99,availability,1,null,226.0,1,0,descendant_authors,1.0
tol99,availability,1,null,227.0,1,0,descendant_authors,1.0
tol99,availability,1,null,228.0,1,0,descendant_authors,1.0
tol99,availability,1,null,229.0,2,0,descendant_authors,2.0
tol99,availability,1,null,230.0,2,0,descendant_authors,2.0
tol99,availability,1,null,231.0,1,0,descendant_authors,1.0
tol99,availability,1,null,232.0,1,0,descendant_authors,1.0
tol99,availability,1,null,233.0,1,0,descendant_authors,1.0
tol99,availability,1,null,234.0,1,0,descendant_authors,1.0
tol99,availability,1,null,235.0,9,0,descendant_authors,9.0
tol99,availability,1,null,236.0,1,0,descendant_authors,1.0
tol99,availability,1,null,237.0,5,0,descendant_authors,5.0
tol99,availability,1,null,238.0,1,0,descendant_authors,1.0
tol99,availability,1,null,239.0,1,0,descendant_authors,1.0
tol99,availability,1,null,240.0,1,0,descendant_authors,1.0
tol99,availability,1,null,241.0,1,0,descendant_authors,1.0
tol99,availability,1,null,242.0,1,0,descendant_authors,1.0
tol99,availability,1,null,243.0,1,0,descendant_authors,1.0
tol99,availability,1,null,244.0,1,0,descendant_authors,1.0
tol99,availability,1,null,245.0,2,0,descendant_authors,2.0
tol99,availability,1,null,246.0,2,0,descendant_authors,2.0
tol99,availability,1,null,247.0,1,0,descendant_authors,1.0
tol99,availability,1,null,248.0,1,0,descendant_authors,1.0
tol99,availability,1,null,249.0,1,0,descendant_authors,1.0
tol99,availability,1,null,250.0,1,0,descendant_authors,1.0
tol99,availability,1,null,251.0,1,0,descendant_authors,1.0
tol99,availability,1,null,252.0,1,0,descendant_authors,1.0
tol99,availability,1,null,253.0,1,0,descendant_authors,1.0
tol99,availability,1,null,254.0,1,0,descendant_authors,1.0
tol99,availability,1,null,255.0,1,0,descendant_authors,1.0
tol99,availability,1,null,256.0,1,0,descendant_authors,1.0
tol99,availability,1,null,257.0,1,0,descendant_authors,1.0
tol99,availability,1,null,258.0,1,0,descendant_authors,1.0
tol99,availability,1,null,259.0,1,0,descendant_authors,1.0
tol99,availability,1,null,260.0,1,0,descendant_authors,1.0
tol99,availability,1,null,261.0,1,0,descendant_authors,1.0
tol99,availability,1,null,262.0,1,0,descendant_authors,1.0
tol99,availability,1,null,263.0,1,0,descendant_authors,1.0
tol99,availability,1,null,264.0,1,0,descendant_authors,1.0
tol99,availability,1,null,265.0,1,0,descendant_authors,1.0
tol99,availability,1,null,266.0,1,0,descendant_authors,1.0
tol99,availability,1,null,267.0,1,0,descendant_authors,1.0
tol99,availability,1,null,268.0,1,0,descendant_authors,1.0
tol99,availability,1,null,269.0,1,0,descendant_authors,1.0
tol99,availability,1,null,270.0,1,0,descendant_authors,1.0
tol99,availability,1,null,271.0,1,0,descendant_authors,1.0
tol99,availability,1,null,272.0,1,0,descendant_authors,1.0
tol99,availability,1,null,273.0,1,0,descendant_authors,1.0
tol99,availability,1,null,274.0,1,0,descendant_authors,1.0
tol99,availability,1,null,275.0,1,0,descendant_authors,1.0
tol99,availability,1,null,276.0,1,0,descendant_authors,1.0
tol99,availability,1,null,277.0,1,0,descendant_authors,1.0
tol99,availability,1,null,278.0,1,0,descendant_authors,1.0
tol99,availability,1,null,279.0,1,0,descendant_authors,1.0
tol99,availability,1,null,280.0,1,0,descendant_authors,1.0
tol99,availability,1,null,281.0,1,0,descendant_authors,1.0
tol99,availability,1,null,282.0,1,0,descendant_authors,1.0
tol99,availability,1,null,283.0,1,0,descendant_authors,1.0
tol99,availability,1,null,284.0,3,0,descendant_authors,3.0
tol99,availability,1,null,285.0,1,0,descendant_authors,1.0
tol99,availability,1,null,286.0,1,0,descendant_authors,1.0
tol99,availability,1,null,287.0,1,0,descendant_authors,1.0
tol99,availability,1,null,288.0,2,0,descendant_authors,2.0
tol99,availability,1,null,289.0,1,0,descendant_authors,1.0
tol99,availability,1,null,290.0,1,0,descendant_authors,1.0
tol99,availability,1,null,291.0,1,0,descendant_authors,1.0
tol99,availability,1,null,292.0,1,0,descendant_authors,1.0
tol99,availability,1,null,293.0,1,0,descendant_authors,1.0
tol99,availability,1,null,294.0,2,0,descendant_authors,2.0
tol99,availability,1,null,295.0,1,0,descendant_authors,1.0
tol99,availability,1,null,296.0,1,0,descendant_authors,1.0
tol99,availability,1,null,297.0,1,0,descendant_authors,1.0
tol99,availability,1,null,298.0,1,0,descendant_authors,1.0
tol99,availability,1,null,299.0,1,0,descendant_authors,1.0
tol99,availability,1,null,300.0,1,0,descendant_authors,1.0
tol99,availability,1,null,301.0,1,0,descendant_authors,1.0
tol99,availability,1,null,302.0,2,0,descendant_authors,2.0
tol99,availability,1,null,303.0,1,0,descendant_authors,1.0
tol99,availability,1,null,304.0,1,0,descendant_authors,1.0
tol99,availability,1,null,305.0,1,0,descendant_authors,1.0
tol99,availability,1,null,306.0,1,0,descendant_authors,1.0
tol99,availability,1,null,307.0,1,0,descendant_authors,1.0
tol99,availability,1,null,308.0,1,0,descendant_authors,1.0
tol99,availability,1,null,309.0,21,0,descendant_authors,21.0
tol99,availability,1,null,310.0,1,0,descendant_authors,1.0
tol99,availability,1,null,311.0,1,0,descendant_authors,1.0
tol99,availability,1,null,312.0,1,0,descendant_authors,1.0
tol99,availability,1,null,313.0,1,0,descendant_authors,1.0
tol99,availability,1,null,314.0,1,0,descendant_authors,1.0
tol99,availability,1,null,315.0,1,0,descendant_authors,1.0
tol99,availability,1,null,316.0,1,0,descendant_authors,1.0
tol99,availability,1,null,317.0,1,0,descendant_authors,1.0
tol99,availability,1,null,318.0,1,0,descendant_authors,1.0
tol99,availability,1,null,319.0,1,0,descendant_authors,1.0
tol99,availability,1,null,320.0,1,0,descendant_authors,1.0
tol99,availability,1,null,321.0,1,0,descendant_authors,1.0
tol99,availability,1,null,322.0,1,0,descendant_authors,1.0
tol99,availability,1,null,323.0,1,0,descendant_authors,1.0
tol99,availability,1,null,324.0,1,0,descendant_authors,1.0
tol99,availability,1,null,325.0,1,0,descendant_authors,1.0
tol99,availability,1,null,326.0,1,0,descendant_authors,1.0
tol99,availability,1,null,327.0,1,0,descendant_authors,1.0
tol99,availability,1,null,328.0,1,0,descendant_authors,1.0
tol99,availability,1,null,329.0,1,0,descendant_authors,1.0
tol99,availability,1,null,330.0,1,0,descendant_authors,1.0
tol99,availability,1,null,331.0,1,0,descendant_authors,1.0
tol99,availability,1,null,332.0,1,0,descendant_authors,1.0
tol99,availability,1,null,333.0,1,0,descendant_authors,1.0
tol99,availability,1,null,334.0,1,0,descendant_authors,1.0
tol99,availability,1,null,335.0,1,0,descendant_authors,1.0
tol99,availability,1,null,336.0,1,0,descendant_authors,1.0
tol99,availability,1,null,337.0,1,0,descendant_authors,1.0
tol99,availability,1,null,338.0,1,0,descendant_authors,1.0
tol99,availability,1,null,339.0,1,0,descendant_authors,1.0
tol99,availability,1,null,340.0,1,0,descendant_authors,1.0
tol99,availability,1,null,341.0,1,0,descendant_authors,1.0
tol99,availability,1,null,342.0,1,0,descendant_authors,1.0
tol99,availability,1,null,343.0,1,0,descendant_authors,1.0
tol99,availability,1,null,344.0,1,0,descendant_authors,1.0
tol99,availability,1,null,345.0,1,0,descendant_authors,1.0
tol99,availability,1,null,346.0,1,0,descendant_authors,1.0
tol99,availability,1,null,347.0,1,0,descendant_authors,1.0
tol99,availability,1,null,348.0,1,0,descendant_authors,1.0
tol99,availability,1,null,349.0,1,0,descendant_authors,1.0
tol99,availability,1,null,350.0,1,0,descendant_authors,1.0
tol99,availability,1,null,351.0,1,0,descendant_authors,1.0
tol99,availability,1,null,352.0,1,0,descendant_authors,1.0
tol99,availability,1,null,353.0,1,0,descendant_authors,1.0
tol99,availability,1,null,354.0,867,0,descendant_authors,867.0
tol99,availability,1,null,355.0,1,0,descendant_authors,1.0
tol99,availability,1,null,356.0,1,0,descendant_authors,1.0
tol99,availability,1,null,357.0,1,0,descendant_authors,1.0
tol99,availability,1,null,358.0,1,0,descendant_authors,1.0
tol99,availability,1,null,359.0,1,0,descendant_authors,1.0
tol99,availability,1,null,360.0,1,0,descendant_authors,1.0
tol99,availability,1,null,361.0,1,0,descendant_authors,1.0
tol99,availability,1,null,362.0,1,0,descendant_authors,1.0
tol99,availability,1,null,363.0,1,0,descendant_authors,1.0
tol99,availability,1,null,364.0,1,0,descendant_authors,1.0
tol99,availability,1,null,365.0,1,0,descendant_authors,1.0
tol99,availability,1,null,366.0,2,0,descendant_authors,2.0
tol99,availability,1,null,367.0,1,0,descendant_authors,1.0
tol99,availability,1,null,368.0,1,0,descendant_authors,1.0
tol99,availability,1,null,369.0,1,0,descendant_authors,1.0
tol99,availability,1,null,370.0,1,0,descendant_authors,1.0
tol99,availability,1,null,371.0,1,0,descendant_authors,1.0
tol99,availability,1,null,372.0,1,0,descendant_authors,1.0
tol99,availability,1,null,373.0,1,0,descendant_authors,1.0
tol99,availability,1,null,374.0,1,0,descendant_authors,1.0
tol99,availability,1,null,375.0,1,0,descendant_authors,1.0
tol99,availability,1,null,376.0,1,0,descendant_authors,1.0
tol99,availability,1,null,377.0,1,0,descendant_authors,1.0
tol99,availability,1,null,378.0,4,0,descendant_authors,4.0
tol99,availability,1,null,379.0,1,0,descendant_authors,1.0
tol99,availability,1,null,380.0,1,0,descendant_authors,1.0
tol99,availability,1,null,381.0,1,0,descendant_authors,1.0
tol99,availability,1,null,382.0,1,0,descendant_authors,1.0
tol99,availability,1,null,383.0,1,0,descendant_authors,1.0
tol99,availability,1,null,384.0,1,0,descendant_authors,1.0
tol99,availability,1,null,385.0,1,0,descendant_authors,1.0
tol99,availability,1,null,386.0,1,0,descendant_authors,1.0
tol99,availability,1,null,387.0,1,0,descendant_authors,1.0
tol99,availability,1,null,388.0,1,0,descendant_authors,1.0
tol99,availability,1,null,389.0,1,0,descendant_authors,1.0
tol99,availability,1,null,390.0,1,0,descendant_authors,1.0
tol99,availability,1,null,391.0,1,0,descendant_authors,1.0
tol99,availability,1,null,392.0,1,0,descendant_authors,1.0
tol99,availability,1,null,393.0,2,0,descendant_authors,2.0
tol99,availability,1,null,394.0,1,0,descendant_authors,1.0
tol99,availability,1,null,395.0,1,0,descendant_authors,1.0
tol99,availability,1,null,396.0,1,0,descendant_authors,1.0
tol99,availability,1,null,397.0,1,0,descendant_authors,1.0
tol99,availability,1,null,398.0,1,0,descendant_authors,1.0
tol99,availability,1,null,399.0,1,0,descendant_authors,1.0
tol99,availability,1,null,400.0,1,0,descendant_authors,1.0
tol99,availability,1,null,401.0,1,0,descendant_authors,1.0
tol99,availability,1,null,402.0,1,0,descendant_authors,1.0
tol99,availability,1,null,403.0,1,0,descendant_authors,1.0
tol99,availability,1,null,404.0,1,0,descendant_authors,1.0
tol99,availability,1,null,405.0,1,0,descendant_authors,1.0
tol99,availability,1,null,406.0,1,0,descendant_authors,1.0
tol99,availability,1,null,407.0,1,0,descendant_authors,1.0
tol99,availability,1,null,408.0,1,0,descendant_authors,1.0
tol99,availability,1,null,409.0,1,0,descendant_authors,1.0
tol99,availability,1,null,410.0,2,0,descendant_authors,2.0
tol99,availability,1,null,411.0,1,0,descendant_authors,1.0
tol99,availability,1,null,412.0,1,0,descendant_authors,1.0
tol99,availability,1,null,413.0,1,0,descendant_authors,1.0
tol99,availability,1,null,414.0,1,0,descendant_authors,1.0
tol99,availability,1,null,415.0,1,0,descendant_authors,1.0
tol99,availability,1,null,416.0,1,0,descendant_authors,1.0
tol99,availability,1,null,417.0,1,0,descendant_authors,1.0
tol99,availability,1,null,418.0,1,0,descendant_authors,1.0
tol99,availability,1,null,419.0,1,0,descendant_authors,1.0
tol99,availability,1,null,420.0,1,0,descendant_authors,1.0
tol99,availability,1,null,421.0,1,0,descendant_authors,1.0
tol99,availability,1,null,422.0,1,0,descendant_authors,1.0
tol99,availability,1,null,423.0,1,0,descendant_authors,1.0
tol99,availability,1,null,424.0,1,0,descendant_authors,1.0
tol99,availability,1,null,425.0,1,0,descendant_authors,1.0
tol99,availability,1,null,426.0,1,0,descendant_authors,1.0
tol99,availability,1,null,427.0,1,0,descendant_authors,1.0
tol99,availability,1,null,428.0,2,0,descendant_authors,2.0
tol99,availability,1,null,429.0,1,0,descendant_authors,1.0
tol99,availability,1,null,430.0,1,0,descendant_authors,1.0
tol99,availability,1,null,431.0,1,0,descendant_authors,1.0
tol99,availability,1,null,432.0,1,0,descendant_authors,1.0
tol99,availability,1,null,433.0,1,0,descendant_authors,1.0
tol99,availability,1,null,434.0,1,0,descendant_authors,1.0
tol99,availability,1,null,435.0,1,0,descendant_authors,1.0
tol99,availability,1,null,436.0,2,0,descendant_authors,2.0
tol99,availability,1,null,437.0,1,0,descendant_authors,1.0
tol99,availability,1,null,438.0,1,0,descendant_authors,1.0
tol99,availability,1,null,439.0,2,0,descendant_authors,2.0
tol99,availability,1,null,440.0,1,0,descendant_authors,1.0
tol99,availability,1,null,441.0,1,0,descendant_authors,1.0
tol99,availability,1,null,442.0,1,0,descendant_authors,1.0
tol99,availability,1,null,443.0,1,0,descendant_authors,1.0
tol99,availability,1,null,444.0,1,0,descendant_authors,1.0
tol99,availability,1,null,445.0,1,0,descendant_authors,1.0
tol99,availability,1,null,446.0,1,0,descendant_authors,1.0
tol99,availability,1,null,447.0,1,0,descendant_authors,1.0
tol99,availability,1,null,448.0,1,0,descendant_authors,1.0
tol99,availability,1,null,449.0,1,0,descendant_authors,1.0
tol99,availability,1,null,450.0,1,0,descendant_authors,1.0
tol99,availability,1,null,451.0,1,0,descendant_authors,1.0
tol99,availability,1,null,452.0,1,0,descendant_authors,1.0
tol99,availability,1,null,453.0,1,0,descendant_authors,1.0
tol99,availability,1,null,454.0,1,0,descendant_authors,1.0
tol99,availability,1,null,455.0,1,0,descendant_authors,1.0
tol99,availability,1,null,456.0,1,0,descendant_authors,1.0
tol99,availability,1,null,457.0,1,0,descendant_authors,1.0
tol99,availability,1,null,458.0,1,0,descendant_authors,1.0
tol99,availability,1,null,459.0,1,0,descendant_authors,1.0
tol99,availability,1,null,460.0,1,0,descendant_authors,1.0
tol99,availability,1,null,461.0,1,0,descendant_authors,1.0
tol99,availability,1,null,462.0,1,0,descendant_authors,1.0
tol99,availability,1,null,463.0,1,0,descendant_authors,1.0
tol99,availability,1,null,464.0,1,0,descendant_authors,1.0
tol99,availability,1,null,465.0,1,0,descendant_authors,1.0
tol99,availability,1,null,466.0,1,0,descendant_authors,1.0
tol99,availability,1,null,467.0,1,0,descendant_authors,1.0
tol99,availability,1,null,468.0,1,0,descendant_authors,1.0
tol99,availability,1,null,469.0,1,0,descendant_authors,1.0
tol99,availability,1,null,470.0,1,0,descendant_authors,1.0
tol99,availability,1,null,471.0,1,0,descendant_authors,1.0
tol99,availability,1,null,472.0,12,0,descendant_authors,12.0
tol99,availability,1,null,473.0,1,0,descendant_authors,1.0
tol99,availability,1,null,474.0,1,0,descendant_authors,1.0
tol99,availability,1,null,475.0,1,0,descendant_authors,1.0
tol99,availability,1,null,476.0,1,0,descendant_authors,1.0
tol99,availability,1,null,477.0,1,0,descendant_authors,1.0
tol99,availability,1,null,478.0,1,0,descendant_authors,1.0
tol99,availability,1,null,479.0,1,0,descendant_authors,1.0
tol99,availability,1,null,480.0,1,0,descendant_authors,1.0
tol99,availability,1,null,481.0,1,0,descendant_authors,1.0
tol99,availability,1,null,482.0,1,0,descendant_authors,1.0
tol99,availability,1,null,483.0,1,0,descendant_authors,1.0
tol99,availability,1,null,484.0,1,0,descendant_authors,1.0
tol99,availability,1,null,485.0,1,0,descendant_authors,1.0
tol99,availability,1,null,486.0,1,0,descendant_authors,1.0
tol99,availability,1,null,487.0,1,0,descendant_authors,1.0
tol99,availability,1,null,488.0,1,0,descendant_authors,1.0
tol99,availability,1,null,489.0,1,0,descendant_authors,1.0
tol99,availability,1,null,490.0,1,0,descendant_authors,1.0
tol99,availability,1,null,491.0,1,0,descendant_authors,1.0
tol99,availability,1,null,492.0,3,0,descendant_authors,3.0
tol99,availability,1,null,493.0,1,0,descendant_authors,1.0
tol99,availability,1,null,494.0,2,0,descendant_authors,2.0
tol99,availability,1,null,495.0,1,0,descendant_authors,1.0
tol99,availability,1,null,496.0,1,0,descendant_authors,1.0
tol99,availability,1,null,497.0,1,0,descendant_authors,1.0
tol99,availability,1,null,498.0,1,0,descendant_authors,1.0
tol99,availability,1,null,499.0,1,0,descendant_authors,1.0
tol99,availability,1,downloads,,1,0,,
tol99,availability,1,null,0.0,1,0,downloads,1.0
tol99,availability,1,null,1.0,1,0,downloads,1.0
tol99,availability,1,null,2.0,1,0,downloads,1.0
tol99,availability,1,null,3.0,2,0,downloads,2.0
tol99,availability,1,null,4.0,1,0,downloads,1.0
tol99,availability,1,null,5.0,1,0,downloads,1.0
tol99,availability,1,null,6.0,1,0,downloads,1.0
tol99,availability,1,null,7.0,1,0,downloads,1.0
tol99,availability,1,null,8.0,1,0,downloads,1.0
tol99,availability,1,null,9.0,1,0,downloads,1.0
tol99,availability,1,null,10.0,1,0,downloads,1.0
tol99,availability,1,null,11.0,1,0,downloads,1.0
tol99,availability,1,null,12.0,1,0,downloads,1.0
tol99,availability,1,null,13.0,1,0,downloads,1.0
tol99,availability,1,null,14.0,1,0,downloads,1.0
tol99,availability,1,null,15.0,1,0,downloads,1.0
tol99,availability,1,null,16.0,1,0,downloads,1.0
tol99,availability,1,null,17.0,1,0,downloads,1.0
tol99,availability,1,null,18.0,1,0,downloads,1.0
tol99,availability,1,null,19.0,1,0,downloads,1.0
tol99,availability,1,null,20.0,1,0,downloads,1.0
tol99,availability,1,null,21.0,1,0,downloads,1.0
tol99,availability,1,null,22.0,1,0,downloads,1.0
tol99,availability,1,null,23.0,1,0,downloads,1.0
tol99,availability,1,null,24.0,1,0,downloads,1.0
tol99,availability,1,null,25.0,1,0,downloads,1.0
tol99,availability,1,null,26.0,1,0,downloads,1.0
tol99,availability,1,null,27.0,1,0,downloads,1.0
tol99,availability,1,null,28.0,1,0,downloads,1.0
tol99,availability,1,null,29.0,1,0,downloads,1.0
tol99,availability,1,null,30.0,1,0,downloads,1.0
tol99,availability,1,null,31.0,1,0,downloads,1.0
tol99,availability,1,null,32.0,1,0,downloads,1.0
tol99,availability,1,null,33.0,1,0,downloads,1.0
tol99,availability,1,null,34.0,1,0,downloads,1.0
tol99,availability,1,null,35.0,1,0,downloads,1.0
tol99,availability,1,null,36.0,1,0,downloads,1.0
tol99,availability,1,null,37.0,1,0,downloads,1.0
tol99,availability,1,null,38.0,1,0,downloads,1.0
tol99,availability,1,null,39.0,1,0,downloads,1.0
tol99,availability,1,null,40.0,1,0,downloads,1.0
tol99,availability,1,null,41.0,1,0,downloads,1.0
tol99,availability,1,null,42.0,1,0,downloads,1.0
tol99,availability,1,null,43.0,1,0,downloads,1.0
tol99,availability,1,null,44.0,1,0,downloads,1.0
tol99,availability,1,null,45.0,1,0,downloads,1.0
tol99,availability,1,null,46.0,1,0,downloads,1.0
tol99,availability,1,null,47.0,1,0,downloads,1.0
tol99,availability,1,null,48.0,1,0,downloads,1.0
tol99,availability,1,null,49.0,1,0,downloads,1.0
tol99,availability,1,null,50.0,2,0,downloads,2.0
tol99,availability,1,null,51.0,1,0,downloads,1.0
tol99,availability,1,null,52.0,1,0,downloads,1.0
tol99,availability,1,null,53.0,1,0,downloads,1.0
tol99,availability,1,null,54.0,1,0,downloads,1.0
tol99,availability,1,null,55.0,1,0,downloads,1.0
tol99,availability,1,null,56.0,1,0,downloads,1.0
tol99,availability,1,null,57.0,1,0,downloads,1.0
tol99,availability,1,null,58.0,1,0,downloads,1.0
tol99,availability,1,null,59.0,1,0,downloads,1.0
tol99,availability,1,null,60.0,1,0,downloads,1.0
tol99,availability,1,null,61.0,1,0,downloads,1.0
tol99,availability,1,null,62.0,1,0,downloads,1.0
tol99,availability,1,null,63.0,1,0,downloads,1.0
tol99,availability,1,null,64.0,1,0,downloads,1.0
tol99,availability,1,null,65.0,1,0,downloads,1.0
tol99,availability,1,null,66.0,1,0,downloads,1.0
tol99,availability,1,null,67.0,1,0,downloads,1.0
tol99,availability,1,null,68.0,1,0,downloads,1.0
tol99,availability,1,null,69.0,1,0,downloads,1.0
tol99,availability,1,null,70.0,1,0,downloads,1.0
tol99,availability,1,null,71.0,1,0,downloads,1.0
tol99,availability,1,null,72.0,37,0,downloads,37.0
tol99,availability,1,null,73.0,1,0,downloads,1.0
tol99,availability,1,null,74.0,1,0,downloads,1.0
tol99,availability,1,null,75.0,1,0,downloads,1.0
tol99,availability,1,null,76.0,1,0,downloads,1.0
tol99,availability,1,null,77.0,1,0,downloads,1.0
tol99,availability,1,null,78.0,1,0,downloads,1.0
tol99,availability,1,null,79.0,1,0,downloads,1.0
tol99,availability,1,null,80.0,1,0,downloads,1.0
tol99,availability,1,null,81.0,3,0,downloads,3.0
tol99,availability,1,null,82.0,1,0,downloads,1.0
tol99,availability,1,null,83.0,1,0,downloads,1.0
tol99,availability,1,null,84.0,1,0,downloads,1.0
tol99,availability,1,null,85.0,1,0,downloads,1.0
tol99,availability,1,null,86.0,13,0,downloads,13.0
tol99,availability,1,null,87.0,1,0,downloads,1.0
tol99,availability,1,null,88.0,1,0,downloads,1.0
tol99,availability,1,null,89.0,1,0,downloads,1.0
tol99,availability,1,null,90.0,1,0,downloads,1.0
tol99,availability,1,null,91.0,1,0,downloads,1.0
tol99,availability,1,null,92.0,1,0,downloads,1.0
tol99,availability,1,null,93.0,1,0,downloads,1.0
tol99,availability,1,null,94.0,1,0,downloads,1.0
tol99,availability,1,null,95.0,1,0,downloads,1.0
tol99,availability,1,null,96.0,1,0,downloads,1.0
tol99,availability,1,null,97.0,1,0,downloads,1.0
tol99,availability,1,null,98.0,1,0,downloads,1.0
tol99,availability,1,null,99.0,1,0,downloads,1.0
tol99,availability,1,null,100.0,1,0,downloads,1.0
tol99,availability,1,null,101.0,1,0,downloads,1.0
tol99,availability,1,null,102.0,1,0,downloads,1.0
tol99,availability,1,null,103.0,1,0,downloads,1.0
tol99,availability,1,null,104.0,1,0,downloads,1.0
tol99,availability,1,null,105.0,1,0,downloads,1.0
tol99,availability,1,null,106.0,1,0,downloads,1.0
tol99,availability,1,null,107.0,1,0,downloads,1.0
tol99,availability,1,null,108.0,1,0,downloads,1.0
tol99,availability,1,null,109.0,1,0,downloads,1.0
tol99,availability,1,null,110.0,1,0,downloads,1.0
tol99,availability,1,null,111.0,1,0,downloads,1.0
tol99,availability,1,null,112.0,1,0,downloads,1.0
tol99,availability,1,null,113.0,1,0,downloads,1.0
tol99,availability,1,null,114.0,1,0,downloads,1.0
tol99,availability,1,null,115.0,1,0,downloads,1.0
tol99,availability,1,null,116.0,1,0,downloads,1.0
tol99,availability,1,null,117.0,1,0,downloads,1.0
tol99,availability,1,null,118.0,1,0,downloads,1.0
tol99,availability,1,null,119.0,1,0,downloads,1.0
tol99,availability,1,null,120.0,2,0,downloads,2.0
tol99,availability,1,null,121.0,1,0,downloads,1.0
tol99,availability,1,null,122.0,1,0,downloads,1.0
tol99,availability,1,null,123.0,1,0,downloads,1.0
tol99,availability,1,null,124.0,1,0,downloads,1.0
tol99,availability,1,null,125.0,1,0,downloads,1.0
tol99,availability,1,null,126.0,1,0,downloads,1.0
tol99,availability,1,null,127.0,1,0,downloads,1.0
tol99,availability,1,null,128.0,1,0,downloads,1.0
tol99,availability,1,null,129.0,1,0,downloads,1.0
tol99,availability,1,null,130.0,1,0,downloads,1.0
tol99,availability,1,null,131.0,1,0,downloads,1.0
tol99,availability,1,null,132.0,1,0,downloads,1.0
tol99,availability,1,null,133.0,1,0,downloads,1.0
tol99,availability,1,null,134.0,1,0,downloads,1.0
tol99,availability,1,null,135.0,1,0,downloads,1.0
tol99,availability,1,null,136.0,4,0,downloads,4.0
tol99,availability,1,null,137.0,1,0,downloads,1.0
tol99,availability,1,null,138.0,1,0,downloads,1.0
tol99,availability,1,null,139.0,1,0,downloads,1.0
tol99,availability,1,null,140.0,1,0,downloads,1.0
tol99,availability,1,null,141.0,1,0,downloads,1.0
tol99,availability,1,null,142.0,1,0,downloads,1.0
tol99,availability,1,null,143.0,1,0,downloads,1.0
tol99,availability,1,null,144.0,1,0,downloads,1.0
tol99,availability,1,null,145.0,2,0,downloads,2.0
tol99,availability,1,null,146.0,1,0,downloads,1.0
tol99,availability,1,null,147.0,1,0,downloads,1.0
tol99,availability,1,null,148.0,1,0,downloads,1.0
tol99,availability,1,null,149.0,1,0,downloads,1.0
tol99,availability,1,null,150.0,1,0,downloads,1.0
tol99,availability,1,null,151.0,1,0,downloads,1.0
tol99,availability,1,null,152.0,1,0,downloads,1.0
tol99,availability,1,null,153.0,1,0,downloads,1.0
tol99,availability,1,null,154.0,1,0,downloads,1.0
tol99,availability,1,null,155.0,1,0,downloads,1.0
tol99,availability,1,null,156.0,1,0,downloads,1.0
tol99,availability,1,null,157.0,1,0,downloads,1.0
tol99,availability,1,null,158.0,1,0,downloads,1.0
tol99,availability,1,null,159.0,1,0,downloads,1.0
tol99,availability,1,null,160.0,1,0,downloads,1.0
tol99,availability,1,null,161.0,1,0,downloads,1.0
tol99,availability,1,null,162.0,1,0,downloads,1.0
tol99,availability,1,null,163.0,1,0,downloads,1.0
tol99,availability,1,null,164.0,1,0,downloads,1.0
tol99,availability,1,null,165.0,1,0,downloads,1.0
tol99,availability,1,null,166.0,1,0,downloads,1.0
tol99,availability,1,null,167.0,1,0,downloads,1.0
tol99,availability,1,null,168.0,1,0,downloads,1.0
tol99,availability,1,null,169.0,1,0,downloads,1.0
tol99,availability,1,null,170.0,1,0,downloads,1.0
tol99,availability,1,null,171.0,1,0,downloads,1.0
tol99,availability,1,null,172.0,1,0,downloads,1.0
tol99,availability,1,null,173.0,1,0,downloads,1.0
tol99,availability,1,null,174.0,1,0,downloads,1.0
tol99,availability,1,null,175.0,1,0,downloads,1.0
tol99,availability,1,null,176.0,1,0,downloads,1.0
tol99,availability,1,null,177.0,1,0,downloads,1.0
tol99,availability,1,null,178.0,1,0,downloads,1.0
tol99,availability,1,null,179.0,1,0,downloads,1.0
tol99,availability,1,null,180.0,1,0,downloads,1.0
tol99,availability,1,null,181.0,1,0,downloads,1.0
tol99,availability,1,null,182.0,1,0,downloads,1.0
tol99,availability,1,null,183.0,1,0,downloads,1.0
tol99,availability,1,null,184.0,1,0,downloads,1.0
tol99,availability,1,null,185.0,1,0,downloads,1.0
tol99,availability,1,null,186.0,1,0,downloads,1.0
tol99,availability,1,null,187.0,1,0,downloads,1.0
tol99,availability,1,null,188.0,1,0,downloads,1.0
tol99,availability,1,null,189.0,1,0,downloads,1.0
tol99,availability,1,null,190.0,1,0,downloads,1.0
tol99,availability,1,null,191.0,1,0,downloads,1.0
tol99,availability,1,null,192.0,1,0,downloads,1.0
tol99,availability,1,null,193.0,1,0,downloads,1.0
tol99,availability,1,null,194.0,1,0,downloads,1.0
tol99,availability,1,null,195.0,1,0,downloads,1.0
tol99,availability,1,null,196.0,3,0,downloads,3.0
tol99,availability,1,null,197.0,1,0,downloads,1.0
tol99,availability,1,null,198.0,1,0,downloads,1.0
tol99,availability,1,null,199.0,1,0,downloads,1.0
tol99,availability,1,null,200.0,1,0,downloads,1.0
tol99,availability,1,null,201.0,2,0,downloads,2.0
tol99,availability,1,null,202.0,1,0,downloads,1.0
tol99,availability,1,null,203.0,1,0,downloads,1.0
tol99,availability,1,null,204.0,1,0,downloads,1.0
tol99,availability,1,null,205.0,1,0,downloads,1.0
tol99,availability,1,null,206.0,1,0,downloads,1.0
tol99,availability,1,null,207.0,1,0,downloads,1.0
tol99,availability,1,null,208.0,1,0,downloads,1.0
tol99,availability,1,null,209.0,1,0,downloads,1.0
tol99,availability,1,null,210.0,1,0,downloads,1.0
tol99,availability,1,null,211.0,1,0,downloads,1.0
tol99,availability,1,null,212.0,3,0,downloads,3.0
tol99,availability,1,null,213.0,1,0,downloads,1.0
tol99,availability,1,null,214.0,1,0,downloads,1.0
tol99,availability,1,null,215.0,1,0,downloads,1.0
tol99,availability,1,null,216.0,1,0,downloads,1.0
tol99,availability,1,null,217.0,1,0,downloads,1.0
tol99,availability,1,null,218.0,1,0,downloads,1.0
tol99,availability,1,null,219.0,1,0,downloads,1.0
tol99,availability,1,null,220.0,1,0,downloads,1.0
tol99,availability,1,null,221.0,1,0,downloads,1.0
tol99,availability,1,null,222.0,1,0,downloads,1.0
tol99,availability,1,null,223.0,1,0,downloads,1.0
tol99,availability,1,null,224.0,1,0,downloads,1.0
tol99,availability,1,null,225.0,1,0,downloads,1.0
tol99,availability,1,null,226.0,1,0,downloads,1.0
tol99,availability,1,null,227.0,1,0,downloads,1.0
tol99,availability,1,null,228.0,1,0,downloads,1.0
tol99,availability,1,null,229.0,1,0,downloads,1.0
tol99,availability,1,null,230.0,1,0,downloads,1.0
tol99,availability,1,null,231.0,1,0,downloads,1.0
tol99,availability,1,null,232.0,1,0,downloads,1.0
tol99,availability,1,null,233.0,1,0,downloads,1.0
tol99,availability,1,null,234.0,1,0,downloads,1.0
tol99,availability,1,null,235.0,1,0,downloads,1.0
tol99,availability,1,null,236.0,1,0,downloads,1.0
tol99,availability,1,null,237.0,1,0,downloads,1.0
tol99,availability,1,null,238.0,1,0,downloads,1.0
tol99,availability,1,null,239.0,1,0,downloads,1.0
tol99,availability,1,null,240.0,1,0,downloads,1.0
tol99,availability,1,null,241.0,1,0,downloads,1.0
tol99,availability,1,null,242.0,1,0,downloads,1.0
tol99,availability,1,null,243.0,1,0,downloads,1.0
tol99,availability,1,null,244.0,1,0,downloads,1.0
tol99,availability,1,null,245.0,1,0,downloads,1.0
tol99,availability,1,null,246.0,1,0,downloads,1.0
tol99,availability,1,null,247.0,1,0,downloads,1.0
tol99,availability,1,null,248.0,1,0,downloads,1.0
tol99,availability,1,null,249.0,1,0,downloads,1.0
tol99,availability,1,null,250.0,1,0,downloads,1.0
tol99,availability,1,null,251.0,1,0,downloads,1.0
tol99,availability,1,null,252.0,1,0,downloads,1.0
tol99,availability,1,null,253.0,1,0,downloads,1.0
tol99,availability,1,null,254.0,3,0,downloads,3.0
tol99,availability,1,null,255.0,1,0,downloads,1.0
tol99,availability,1,null,256.0,1,0,downloads,1.0
tol99,availability,1,null,257.0,1,0,downloads,1.0
tol99,availability,1,null,258.0,1,0,downloads,1.0
tol99,availability,1,null,259.0,1,0,downloads,1.0
tol99,availability,1,null,260.0,3,0,downloads,3.0
tol99,availability,1,null,261.0,1,0,downloads,1.0
tol99,availability,1,null,262.0,1,0,downloads,1.0
tol99,availability,1,null,263.0,1,0,downloads,1.0
tol99,availability,1,null,264.0,1,0,downloads,1.0
tol99,availability,1,null,265.0,1,0,downloads,1.0
tol99,availability,1,null,266.0,1,0,downloads,1.0
tol99,availability,1,null,267.0,1,0,downloads,1.0
tol99,availability,1,null,268.0,1,0,downloads,1.0
tol99,availability,1,null,269.0,1,0,downloads,1.0
tol99,availability,1,null,270.0,1,0,downloads,1.0
tol99,availability,1,null,271.0,1,0,downloads,1.0
tol99,availability,1,null,272.0,1,0,downloads,1.0
tol99,availability,1,null,273.0,1,0,downloads,1.0
tol99,availability,1,null,274.0,1,0,downloads,1.0
tol99,availability,1,null,275.0,1,0,downloads,1.0
tol99,availability,1,null,276.0,1,0,downloads,1.0
tol99,availability,1,null,277.0,1,0,downloads,1.0
tol99,availability,1,null,278.0,2,0,downloads,2.0
tol99,availability,1,null,279.0,1,0,downloads,1.0
tol99,availability,1,null,280.0,1,0,downloads,1.0
tol99,availability,1,null,281.0,1,0,downloads,1.0
tol99,availability,1,null,282.0,1,0,downloads,1.0
tol99,availability,1,null,283.0,1,0,downloads,1.0
tol99,availability,1,null,284.0,1,0,downloads,1.0
tol99,availability,1,null,285.0,1,0,downloads,1.0
tol99,availability,1,null,286.0,1,0,downloads,1.0
tol99,availability,1,null,287.0,2,0,downloads,2.0
tol99,availability,1,null,288.0,1,0,downloads,1.0
tol99,availability,1,null,289.0,1,0,downloads,1.0
tol99,availability,1,null,290.0,1,0,downloads,1.0
tol99,availability,1,null,291.0,1,0,downloads,1.0
tol99,availability,1,null,292.0,1,0,downloads,1.0
tol99,availability,1,null,293.0,1,0,downloads,1.0
tol99,availability,1,null,294.0,1,0,downloads,1.0
tol99,availability,1,null,295.0,1,0,downloads,1.0
tol99,availability,1,null,296.0,2,0,downloads,2.0
tol99,availability,1,null,297.0,1,0,downloads,1.0
tol99,availability,1,null,298.0,1,0,downloads,1.0
tol99,availability,1,null,299.0,1,0,downloads,1.0
tol99,availability,1,null,300.0,1,0,downloads,1.0
tol99,availability,1,null,301.0,2,0,downloads,2.0
tol99,availability,1,null,302.0,1,0,downloads,1.0
tol99,availability,1,null,303.0,1,0,downloads,1.0
tol99,availability,1,null,304.0,1,0,downloads,1.0
tol99,availability,1,null,305.0,1,0,downloads,1.0
tol99,availability,1,null,306.0,1,0,downloads,1.0
tol99,availability,1,null,307.0,1,0,downloads,1.0
tol99,availability,1,null,308.0,1,0,downloads,1.0
tol99,availability,1,null,309.0,1,0,downloads,1.0
tol99,availability,1,null,310.0,1,0,downloads,1.0
tol99,availability,1,null,311.0,1,0,downloads,1.0
tol99,availability,1,null,312.0,1,0,downloads,1.0
tol99,availability,1,null,313.0,1,0,downloads,1.0
tol99,availability,1,null,314.0,1,0,downloads,1.0
tol99,availability,1,null,315.0,1,0,downloads,1.0
tol99,availability,1,null,316.0,1,0,downloads,1.0
tol99,availability,1,null,317.0,1,0,downloads,1.0
tol99,availability,1,null,318.0,1,0,downloads,1.0
tol99,availability,1,null,319.0,1,0,downloads,1.0
tol99,availability,1,null,320.0,1,0,downloads,1.0
tol99,availability,1,null,321.0,1,0,downloads,1.0
tol99,availability,1,null,322.0,1,0,downloads,1.0
tol99,availability,1,null,323.0,2,0,downloads,2.0
tol99,availability,1,null,324.0,1,0,downloads,1.0
tol99,availability,1,null,325.0,1,0,downloads,1.0
tol99,availability,1,null,326.0,1,0,downloads,1.0
tol99,availability,1,null,327.0,1,0,downloads,1.0
tol99,availability,1,null,328.0,1,0,downloads,1.0
tol99,availability,1,null,329.0,1,0,downloads,1.0
tol99,availability,1,null,330.0,22,0,downloads,22.0
tol99,availability,1,null,331.0,1,0,downloads,1.0
tol99,availability,1,null,332.0,1,0,downloads,1.0
tol99,availability,1,null,333.0,1,0,downloads,1.0
tol99,availability,1,null,334.0,2,0,downloads,2.0
tol99,availability,1,null,335.0,1,0,downloads,1.0
tol99,availability,1,null,336.0,1,0,downloads,1.0
tol99,availability,1,null,337.0,1,0,downloads,1.0
tol99,availability,1,null,338.0,1,0,downloads,1.0
tol99,availability,1,null,339.0,1,0,downloads,1.0
tol99,availability,1,null,340.0,1,0,downloads,1.0
tol99,availability,1,null,341.0,1,0,downloads,1.0
tol99,availability,1,null,342.0,1,0,downloads,1.0
tol99,availability,1,null,343.0,1,0,downloads,1.0
tol99,availability,1,null,344.0,1,0,downloads,1.0
tol99,availability,1,null,345.0,1,0,downloads,1.0
tol99,availability,1,null,346.0,1,0,downloads,1.0
tol99,availability,1,null,347.0,1,0,downloads,1.0
tol99,availability,1,null,348.0,1,0,downloads,1.0
tol99,availability,1,null,349.0,1,0,downloads,1.0
tol99,availability,1,null,350.0,1,0,downloads,1.0
tol99,availability,1,null,351.0,1,0,downloads,1.0
tol99,availability,1,null,352.0,1,0,downloads,1.0
tol99,availability,1,null,353.0,1,0,downloads,1.0
tol99,availability,1,null,354.0,1,0,downloads,1.0
tol99,availability,1,null,355.0,1,0,downloads,1.0
tol99,availability,1,null,356.0,1,0,downloads,1.0
tol99,availability,1,null,357.0,1,0,downloads,1.0
tol99,availability,1,null,358.0,1,0,downloads,1.0
tol99,availability,1,null,359.0,1,0,downloads,1.0
tol99,availability,1,null,360.0,1,0,downloads,1.0
tol99,availability,1,null,361.0,1,0,downloads,1.0
tol99,availability,1,null,362.0,1,0,downloads,1.0
tol99,availability,1,null,363.0,1,0,downloads,1.0
tol99,availability,1,null,364.0,1,0,downloads,1.0
tol99,availability,1,null,365.0,1,0,downloads,1.0
tol99,availability,1,null,366.0,1,0,downloads,1.0
tol99,availability,1,null,367.0,1,0,downloads,1.0
tol99,availability,1,null,368.0,2,0,downloads,2.0
tol99,availability,1,null,369.0,1,0,downloads,1.0
tol99,availability,1,null,370.0,1,0,downloads,1.0
tol99,availability,1,null,371.0,1,0,downloads,1.0
tol99,availability,1,null,372.0,1,0,downloads,1.0
tol99,availability,1,null,373.0,1,0,downloads,1.0
tol99,availability,1,null,374.0,1,0,downloads,1.0
tol99,availability,1,null,375.0,1,0,downloads,1.0
tol99,availability,1,null,376.0,1,0,downloads,1.0
tol99,availability,1,null,377.0,1,0,downloads,1.0
tol99,availability,1,null,378.0,1,0,downloads,1.0
tol99,availability,1,null,379.0,1,0,downloads,1.0
tol99,availability,1,null,380.0,1,0,downloads,1.0
tol99,availability,1,null,381.0,1,0,downloads,1.0
tol99,availability,1,null,382.0,1,0,downloads,1.0
tol99,availability,1,null,383.0,5,0,downloads,5.0
tol99,availability,1,null,384.0,1,0,downloads,1.0
tol99,availability,1,null,385.0,1,0,downloads,1.0
tol99,availability,1,null,386.0,1,0,downloads,1.0
tol99,availability,1,null,387.0,1,0,downloads,1.0
tol99,availability,1,null,388.0,1,0,downloads,1.0
tol99,availability,1,null,389.0,1,0,downloads,1.0
tol99,availability,1,null,390.0,1,0,downloads,1.0
tol99,availability,1,null,391.0,1,0,downloads,1.0
tol99,availability,1,null,392.0,2,0,downloads,2.0
tol99,availability,1,null,393.0,1,0,downloads,1.0
tol99,availability,1,null,394.0,1,0,downloads,1.0
tol99,availability,1,null,395.0,1,0,downloads,1.0
tol99,availability,1,null,396.0,1,0,downloads,1.0
tol99,availability,1,null,397.0,21,0,downloads,21.0
tol99,availability,1,null,398.0,1,0,downloads,1.0
tol99,availability,1,null,399.0,3,0,downloads,3.0
tol99,availability,1,null,400.0,1,0,downloads,1.0
tol99,availability,1,null,401.0,1,0,downloads,1.0
tol99,availability,1,null,402.0,1,0,downloads,1.0
tol99,availability,1,null,403.0,1,0,downloads,1.0
tol99,availability,1,null,404.0,1,0,downloads,1.0
tol99,availability,1,null,405.0,2,0,downloads,2.0
tol99,availability,1,null,406.0,1,0,downloads,1.0
tol99,availability,1,null,407.0,1,0,downloads,1.0
tol99,availability,1,null,408.0,2,0,downloads,2.0
tol99,availability,1,null,409.0,1,0,downloads,1.0
tol99,availability,1,null,410.0,1,0,downloads,1.0
tol99,availability,1,null,411.0,1,0,downloads,1.0
tol99,availability,1,null,412.0,1,0,downloads,1.0
tol99,availability,1,null,413.0,1,0,downloads,1.0
tol99,availability,1,null,414.0,2,0,downloads,2.0
tol99,availability,1,null,415.0,1,0,downloads,1.0
tol99,availability,1,null,416.0,1,0,downloads,1.0
tol99,availability,1,null,417.0,1,0,downloads,1.0
tol99,availability,1,null,418.0,1,0,downloads,1.0
tol99,availability,1,null,419.0,1,0,downloads,1.0
tol99,availability,1,null,420.0,1,0,downloads,1.0
tol99,availability,1,null,421.0,1,0,downloads,1.0
tol99,availability,1,null,422.0,1,0,downloads,1.0
tol99,availability,1,null,423.0,1,0,downloads,1.0
tol99,availability,1,null,424.0,1,0,downloads,1.0
tol99,availability,1,null,425.0,1,0,downloads,1.0
tol99,availability,1,null,426.0,1,0,downloads,1.0
tol99,availability,1,null,427.0,1,0,downloads,1.0
tol99,availability,1,null,428.0,1,0,downloads,1.0
tol99,availability,1,null,429.0,1,0,downloads,1.0
tol99,availability,1,null,430.0,1,0,downloads,1.0
tol99,availability,1,null,431.0,1,0,downloads,1.0
tol99,availability,1,null,432.0,1,0,downloads,1.0
tol99,availability,1,null,433.0,1,0,downloads,1.0
tol99,availability,1,null,434.0,1,0,downloads,1.0
tol99,availability,1,null,435.0,1,0,downloads,1.0
tol99,availability,1,null,436.0,1,0,downloads,1.0
tol99,availability,1,null,437.0,1,0,downloads,1.0
tol99,availability,1,null,438.0,1,0,downloads,1.0
tol99,availability,1,null,439.0,1,0,downloads,1.0
tol99,availability,1,null,440.0,1,0,downloads,1.0
tol99,availability,1,null,441.0,1,0,downloads,1.0
tol99,availability,1,null,442.0,1,0,downloads,1.0
tol99,availability,1,null,443.0,1,0,downloads,1.0
tol99,availability,1,null,444.0,1,0,downloads,1.0
tol99,availability,1,null,445.0,1,0,downloads,1.0
tol99,availability,1,null,446.0,1,0,downloads,1.0
tol99,availability,1,null,447.0,1,0,downloads,1.0
tol99,availability,1,null,448.0,2,0,downloads,2.0
tol99,availability,1,null,449.0,1,0,downloads,1.0
tol99,availability,1,null,450.0,1,0,downloads,1.0
tol99,availability,1,null,451.0,1,0,downloads,1.0
tol99,availability,1,null,452.0,1,0,downloads,1.0
tol99,availability,1,null,453.0,1,0,downloads,1.0
tol99,availability,1,null,454.0,1,0,downloads,1.0
tol99,availability,1,null,455.0,1,0,downloads,1.0
tol99,availability,1,null,456.0,1,0,downloads,1.0
tol99,availability,1,null,457.0,1,0,downloads,1.0
tol99,availability,1,null,458.0,1,0,downloads,1.0
tol99,availability,1,null,459.0,1,0,downloads,1.0
tol99,availability,1,null,460.0,1,0,downloads,1.0
tol99,availability,1,null,461.0,1,0,downloads,1.0
tol99,availability,1,null,462.0,1,0,downloads,1.0
tol99,availability,1,null,463.0,1,0,downloads,1.0
tol99,availability,1,null,464.0,1,0,downloads,1.0
tol99,availability,1,null,465.0,1,0,downloads,1.0
tol99,availability,1,null,466.0,1,0,downloads,1.0
tol99,availability,1,null,467.0,1,0,downloads,1.0
tol99,availability,1,null,468.0,1,0,downloads,1.0
tol99,availability,1,null,469.0,1,0,downloads,1.0
tol99,availability,1,null,470.0,1,0,downloads,1.0
tol99,availability,1,null,471.0,1,0,downloads,1.0
tol99,availability,1,null,472.0,2,0,downloads,2.0
tol99,availability,1,null,473.0,1,0,downloads,1.0
tol99,availability,1,null,474.0,1,0,downloads,1.0
tol99,availability,1,null,475.0,2,0,downloads,2.0
tol99,availability,1,null,476.0,1,0,downloads,1.0
tol99,availability,1,null,477.0,1,0,downloads,1.0
tol99,availability,1,null,478.0,1,0,downloads,1.0
tol99,availability,1,null,479.0,1,0,downloads,1.0
tol99,availability,1,null,480.0,1,0,downloads,1.0
tol99,availability,1,null,481.0,1,0,downloads,1.0
tol99,availability,1,null,482.0,1,0,downloads,1.0
tol99,availability,1,null,483.0,1,0,downloads,1.0
tol99,availability,1,null,484.0,1,0,downloads,1.0
tol99,availability,1,null,485.0,1,0,downloads,1.0
tol99,availability,1,null,486.0,1,0,downloads,1.0
tol99,availability,1,null,487.0,1,0,downloads,1.0
tol99,availability,1,null,488.0,1,0,downloads,1.0
tol99,availability,1,null,489.0,1,0,downloads,1.0
tol99,availability,1,null,490.0,1,0,downloads,1.0
tol99,availability,1,null,491.0,1,0,downloads,1.0
tol99,availability,1,null,492.0,1,0,downloads,1.0
tol99,availability,1,null,493.0,1,0,downloads,1.0
tol99,availability,1,null,494.0,1,0,downloads,1.0
tol99,availability,1,null,495.0,1,0,downloads,1.0
tol99,availability,1,null,496.0,1,0,downloads,1.0
tol99,availability,1,null,497.0,1,0,downloads,1.0
tol99,availability,1,null,498.0,1,0,downloads,1.0
tol99,availability,1,null,499.0,1,0,downloads,1.0
tol99,availability,1,outdegree,,1,0,,
tol99,availability,1,null,0.0,1,0,outdegree,1.0
tol99,availability,1,null,1.0,1,0,outdegree,1.0
tol99,availability,1,null,2.0,1,0,outdegree,1.0
tol99,availability,1,null,3.0,2,0,outdegree,2.0
tol99,availability,1,null,4.0,1,0,outdegree,1.0
tol99,availability,1,null,5.0,1,0,outdegree,1.0
tol99,availability,1,null,6.0,1,0,outdegree,1.0
tol99,availability,1,null,7.0,1,0,outdegree,1.0
tol99,availability,1,null,8.0,1,0,outdegree,1.0
tol99,availability,1,null,9.0,1,0,outdegree,1.0
tol99,availability,1,null,10.0,1,0,outdegree,1.0
tol99,availability,1,null,11.0,1,0,outdegree,1.0
tol99,availability,1,null,12.0,1,0,outdegree,1.0
tol99,availability,1,null,13.0,1,0,outdegree,1.0
tol99,availability,1,null,14.0,1,0,outdegree,1.0
tol99,availability,1,null,15.0,1,0,outdegree,1.0
tol99,availability,1,null,16.0,1,0,outdegree,1.0
tol99,availability,1,null,17.0,1,0,outdegree,1.0
tol99,availability,1,null,18.0,1,0,outdegree,1.0
tol99,availability,1,null,19.0,1,0,outdegree,1.0
tol99,availability,1,null,20.0,1,0,outdegree,1.0
tol99,availability,1,null,21.0,1,0,outdegree,1.0
tol99,availability,1,null,22.0,1,0,outdegree,1.0
tol99,availability,1,null,23.0,1,0,outdegree,1.0
tol99,availability,1,null,24.0,1,0,outdegree,1.0
tol99,availability,1,null,25.0,1,0,outdegree,1.0
tol99,availability,1,null,26.0,1,0,outdegree,1.0
tol99,availability,1,null,27.0,1,0,outdegree,1.0
tol99,availability,1,null,28.0,1,0,outdegree,1.0
tol99,availability,1,null,29.0,1,0,outdegree,1.0
tol99,availability,1,null,30.0,1,0,outdegree,1.0
tol99,availability,1,null,31.0,1,0,outdegree,1.0
tol99,availability,1,null,32.0,1,0,outdegree,1.0
tol99,availability,1,null,33.0,1,0,outdegree,1.0
tol99,availability,1,null,34.0,1,0,outdegree,1.0
tol99,availability,1,null,35.0,1,0,outdegree,1.0
tol99,availability,1,null,36.0,1,0,outdegree,1.0
tol99,availability,1,null,37.0,1,0,outdegree,1.0
tol99,availability,1,null,38.0,1,0,outdegree,1.0
tol99,availability,1,null,39.0,1,0,outdegree,1.0
tol99,availability,1,null,40.0,1,0,outdegree,1.0
tol99,availability,1,null,41.0,1,0,outdegree,1.0
tol99,availability,1,null,42.0,1,0,outdegree,1.0
tol99,availability,1,null,43.0,1,0,outdegree,1.0
tol99,availability,1,null,44.0,1,0,outdegree,1.0
tol99,availability,1,null,45.0,1,0,outdegree,1.0
tol99,availability,1,null,46.0,1,0,outdegree,1.0
tol99,availability,1,null,47.0,1,0,outdegree,1.0
tol99,availability,1,null,48.0,1,0,outdegree,1.0
tol99,availability,1,null,49.0,1,0,outdegree,1.0
tol99,availability,1,null,50.0,2,0,outdegree,2.0
tol99,availability,1,null,51.0,1,0,outdegree,1.0
tol99,availability,1,null,52.0,1,0,outdegree,1.0
tol99,availability,1,null,53.0,1,0,outdegree,1.0
tol99,availability,1,null,54.0,1,0,outdegree,1.0
tol99,availability,1,null,55.0,1,0,outdegree,1.0
tol99,availability,1,null,56.0,1,0,outdegree,1.0
tol99,availability,1,null,57.0,1,0,outdegree,1.0
tol99,availability,1,null,58.0,1,0,outdegree,1.0
tol99,availability,1,null,59.0,1,0,outdegree,1.0
tol99,availability,1,null,60.0,1,0,outdegree,1.0
tol99,availability,1,null,61.0,1,0,outdegree,1.0
tol99,availability,1,null,62.0,1,0,outdegree,1.0
tol99,availability,1,null,63.0,1,0,outdegree,1.0
tol99,availability,1,null,64.0,1,0,outdegree,1.0
tol99,availability,1,null,65.0,1,0,outdegree,1.0
tol99,availability,1,null,66.0,1,0,outdegree,1.0
tol99,availability,1,null,67.0,1,0,outdegree,1.0
tol99,availability,1,null,68.0,1,0,outdegree,1.0
tol99,availability,1,null,69.0,1,0,outdegree,1.0
tol99,availability,1,null,70.0,1,0,outdegree,1.0
tol99,availability,1,null,71.0,1,0,outdegree,1.0
tol99,availability,1,null,72.0,37,0,outdegree,37.0
tol99,availability,1,null,73.0,1,0,outdegree,1.0
tol99,availability,1,null,74.0,1,0,outdegree,1.0
tol99,availability,1,null,75.0,1,0,outdegree,1.0
tol99,availability,1,null,76.0,1,0,outdegree,1.0
tol99,availability,1,null,77.0,1,0,outdegree,1.0
tol99,availability,1,null,78.0,1,0,outdegree,1.0
tol99,availability,1,null,79.0,1,0,outdegree,1.0
tol99,availability,1,null,80.0,1,0,outdegree,1.0
tol99,availability,1,null,81.0,3,0,outdegree,3.0
tol99,availability,1,null,82.0,1,0,outdegree,1.0
tol99,availability,1,null,83.0,1,0,outdegree,1.0
tol99,availability,1,null,84.0,1,0,outdegree,1.0
tol99,availability,1,null,85.0,1,0,outdegree,1.0
tol99,availability,1,null,86.0,13,0,outdegree,13.0
tol99,availability,1,null,87.0,1,0,outdegree,1.0
tol99,availability,1,null,88.0,1,0,outdegree,1.0
tol99,availability,1,null,89.0,1,0,outdegree,1.0
tol99,availability,1,null,90.0,1,0,outdegree,1.0
tol99,availability,1,null,91.0,1,0,outdegree,1.0
tol99,availability,1,null,92.0,1,0,outdegree,1.0
tol99,availability,1,null,93.0,1,0,outdegree,1.0
tol99,availability,1,null,94.0,1,0,outdegree,1.0
tol99,availability,1,null,95.0,1,0,outdegree,1.0
tol99,availability,1,null,96.0,1,0,outdegree,1.0
tol99,availability,1,null,97.0,1,0,outdegree,1.0
tol99,availability,1,null,98.0,1,0,outdegree,1.0
tol99,availability,1,null,99.0,1,0,outdegree,1.0
tol99,availability,1,null,100.0,1,0,outdegree,1.0
tol99,availability,1,null,101.0,1,0,outdegree,1.0
tol99,availability,1,null,102.0,1,0,outdegree,1.0
tol99,availability,1,null,103.0,1,0,outdegree,1.0
tol99,availability,1,null,104.0,1,0,outdegree,1.0
tol99,availability,1,null,105.0,1,0,outdegree,1.0
tol99,availability,1,null,106.0,1,0,outdegree,1.0
tol99,availability,1,null,107.0,1,0,outdegree,1.0
tol99,availability,1,null,108.0,1,0,outdegree,1.0
tol99,availability,1,null,109.0,1,0,outdegree,1.0
tol99,availability,1,null,110.0,1,0,outdegree,1.0
tol99,availability,1,null,111.0,1,0,outdegree,1.0
tol99,availability,1,null,112.0,1,0,outdegree,1.0
tol99,availability,1,null,113.0,1,0,outdegree,1.0
tol99,availability,1,null,114.0,1,0,outdegree,1.0
tol99,availability,1,null,115.0,1,0,outdegree,1.0
tol99,availability,1,null,116.0,1,0,outdegree,1.0
tol99,availability,1,null,117.0,1,0,outdegree,1.0
tol99,availability,1,null,118.0,1,0,outdegree,1.0
tol99,availability,1,null,119.0,1,0,outdegree,1.0
tol99,availability,1,null,120.0,2,0,outdegree,2.0
tol99,availability,1,null,121.0,1,0,outdegree,1.0
tol99,availability,1,null,122.0,1,0,outdegree,1.0
tol99,availability,1,null,123.0,1,0,outdegree,1.0
tol99,availability,1,null,124.0,1,0,outdegree,1.0
tol99,availability,1,null,125.0,1,0,outdegree,1.0
tol99,availability,1,null,126.0,1,0,outdegree,1.0
tol99,availability,1,null,127.0,1,0,outdegree,1.0
tol99,availability,1,null,128.0,1,0,outdegree,1.0
tol99,availability,1,null,129.0,1,0,outdegree,1.0
tol99,availability,1,null,130.0,1,0,outdegree,1.0
tol99,availability,1,null,131.0,1,0,outdegree,1.0
tol99,availability,1,null,132.0,1,0,outdegree,1.0
tol99,availability,1,null,133.0,1,0,outdegree,1.0
tol99,availability,1,null,134.0,1,0,outdegree,1.0
tol99,availability,1,null,135.0,1,0,outdegree,1.0
tol99,availability,1,null,136.0,4,0,outdegree,4.0
tol99,availability,1,null,137.0,1,0,outdegree,1.0
tol99,availability,1,null,138.0,1,0,outdegree,1.0
tol99,availability,1,null,139.0,1,0,outdegree,1.0
tol99,availability,1,null,140.0,1,0,outdegree,1.0
tol99,availability,1,null,141.0,1,0,outdegree,1.0
tol99,availability,1,null,142.0,1,0,outdegree,1.0
tol99,availability,1,null,143.0,1,0,outdegree,1.0
tol99,availability,1,null,144.0,1,0,outdegree,1.0
tol99,availability,1,null,145.0,2,0,outdegree,2.0
tol99,availability,1,null,146.0,1,0,outdegree,1.0
tol99,availability,1,null,147.0,1,0,outdegree,1.0
tol99,availability,1,null,148.0,1,0,outdegree,1.0
tol99,availability,1,null,149.0,1,0,outdegree,1.0
tol99,availability,1,null,150.0,1,0,outdegree,1.0
tol99,availability,1,null,151.0,1,0,outdegree,1.0
tol99,availability,1,null,152.0,1,0,outdegree,1.0
tol99,availability,1,null,153.0,1,0,outdegree,1.0
tol99,availability,1,null,154.0,1,0,outdegree,1.0
tol99,availability,1,null,155.0,1,0,outdegree,1.0
tol99,availability,1,null,156.0,1,0,outdegree,1.0
tol99,availability,1,null,157.0,1,0,outdegree,1.0
tol99,availability,1,null,158.0,1,0,outdegree,1.0
tol99,availability,1,null,159.0,1,0,outdegree,1.0
tol99,availability,1,null,160.0,1,0,outdegree,1.0
tol99,availability,1,null,161.0,1,0,outdegree,1.0
tol99,availability,1,null,162.0,1,0,outdegree,1.0
tol99,availability,1,null,163.0,1,0,outdegree,1.0
tol99,availability,1,null,164.0,1,0,outdegree,1.0
tol99,availability,1,null,165.0,1,0,outdegree,1.0
tol99,availability,1,null,166.0,1,0,outdegree,1.0
tol99,availability,1,null,167.0,1,0,outdegree,1.0
tol99,availability,1,null,168.0,1,0,outdegree,1.0
tol99,availability,1,null,169.0,1,0,outdegree,1.0
tol99,availability,1,null,170.0,1,0,outdegree,1.0
tol99,availability,1,null,171.0,1,0,outdegree,1.0
tol99,availability,1,null,172.0,1,0,outdegree,1.0
tol99,availability,1,null,173.0,1,0,outdegree,1.0
tol99,availability,1,null,174.0,1,0,outdegree,1.0
tol99,availability,1,null,175.0,1,0,outdegree,1.0
tol99,availability,1,null,176.0,1,0,outdegree,1.0
tol99,availability,1,null,177.0,1,0,outdegree,1.0
tol99,availability,1,null,178.0,1,0,outdegree,1.0
tol99,availability,1,null,179.0,1,0,outdegree,1.0
tol99,availability,1,null,180.0,1,0,outdegree,1.0
tol99,availability,1,null,181.0,1,0,outdegree,1.0
tol99,availability,1,null,182.0,1,0,outdegree,1.0
tol99,availability,1,null,183.0,1,0,outdegree,1.0
tol99,availability,1,null,184.0,1,0,outdegree,1.0
tol99,availability,1,null,185.0,1,0,outdegree,1.0
tol99,availability,1,null,186.0,1,0,outdegree,1.0
tol99,availability,1,null,187.0,1,0,outdegree,1.0
tol99,availability,1,null,188.0,1,0,outdegree,1.0
tol99,availability,1,null,189.0,1,0,outdegree,1.0
tol99,availability,1,null,190.0,1,0,outdegree,1.0
tol99,availability,1,null,191.0,1,0,outdegree,1.0
tol99,availability,1,null,192.0,1,0,outdegree,1.0
tol99,availability,1,null,193.0,1,0,outdegree,1.0
tol99,availability,1,null,194.0,1,0,outdegree,1.0
tol99,availability,1,null,195.0,1,0,outdegree,1.0
tol99,availability,1,null,196.0,3,0,outdegree,3.0
tol99,availability,1,null,197.0,1,0,outdegree,1.0
tol99,availability,1,null,198.0,1,0,outdegree,1.0
tol99,availability,1,null,199.0,1,0,outdegree,1.0
tol99,availability,1,null,200.0,1,0,outdegree,1.0
tol99,availability,1,null,201.0,2,0,outdegree,2.0
tol99,availability,1,null,202.0,1,0,outdegree,1.0
tol99,availability,1,null,203.0,1,0,outdegree,1.0
tol99,availability,1,null,204.0,1,0,outdegree,1.0
tol99,availability,1,null,205.0,1,0,outdegree,1.0
tol99,availability,1,null,206.0,1,0,outdegree,1.0
tol99,availability,1,null,207.0,1,0,outdegree,1.0
tol99,availability,1,null,208.0,1,0,outdegree,1.0
tol99,availability,1,null,209.0,1,0,outdegree,1.0
tol99,availability,1,null,210.0,1,0,outdegree,1.0
tol99,availability,1,null,211.0,1,0,outdegree,1.0
tol99,availability,1,null,212.0,3,0,outdegree,3.0
tol99,availability,1,null,213.0,1,0,outdegree,1.0
tol99,availability,1,null,214.0,1,0,outdegree,1.0
tol99,availability,1,null,215.0,1,0,outdegree,1.0
tol99,availability,1,null,216.0,1,0,outdegree,1.0
tol99,availability,1,null,217.0,1,0,outdegree,1.0
tol99,availability,1,null,218.0,1,0,outdegree,1.0
tol99,availability,1,null,219.0,1,0,outdegree,1.0
tol99,availability,1,null,220.0,1,0,outdegree,1.0
tol99,availability,1,null,221.0,1,0,outdegree,1.0
tol99,availability,1,null,222.0,1,0,outdegree,1.0
tol99,availability,1,null,223.0,1,0,outdegree,1.0
tol99,availability,1,null,224.0,1,0,outdegree,1.0
tol99,availability,1,null,225.0,1,0,outdegree,1.0
tol99,availability,1,null,226.0,1,0,outdegree,1.0
tol99,availability,1,null,227.0,1,0,outdegree,1.0
tol99,availability,1,null,228.0,1,0,outdegree,1.0
tol99,availability,1,null,229.0,1,0,outdegree,1.0
tol99,availability,1,null,230.0,1,0,outdegree,1.0
tol99,availability,1,null,231.0,1,0,outdegree,1.0
tol99,availability,1,null,232.0,1,0,outdegree,1.0
tol99,availability,1,null,233.0,1,0,outdegree,1.0
tol99,availability,1,null,234.0,1,0,outdegree,1.0
tol99,availability,1,null,235.0,1,0,outdegree,1.0
tol99,availability,1,null,236.0,1,0,outdegree,1.0
tol99,availability,1,null,237.0,1,0,outdegree,1.0
tol99,availability,1,null,238.0,1,0,outdegree,1.0
tol99,availability,1,null,239.0,1,0,outdegree,1.0
tol99,availability,1,null,240.0,1,0,outdegree,1.0
tol99,availability,1,null,241.0,1,0,outdegree,1.0
tol99,availability,1,null,242.0,1,0,outdegree,1.0
tol99,availability,1,null,243.0,1,0,outdegree,1.0
tol99,availability,1,null,244.0,1,0,outdegree,1.0
tol99,availability,1,null,245.0,1,0,outdegree,1.0
tol99,availability,1,null,246.0,1,0,outdegree,1.0
tol99,availability,1,null,247.0,1,0,outdegree,1.0
tol99,availability,1,null,248.0,1,0,outdegree,1.0
tol99,availability,1,null,249.0,1,0,outdegree,1.0
tol99,availability,1,null,250.0,1,0,outdegree,1.0
tol99,availability,1,null,251.0,1,0,outdegree,1.0
tol99,availability,1,null,252.0,1,0,outdegree,1.0
tol99,availability,1,null,253.0,1,0,outdegree,1.0
tol99,availability,1,null,254.0,3,0,outdegree,3.0
tol99,availability,1,null,255.0,1,0,outdegree,1.0
tol99,availability,1,null,256.0,1,0,outdegree,1.0
tol99,availability,1,null,257.0,1,0,outdegree,1.0
tol99,availability,1,null,258.0,1,0,outdegree,1.0
tol99,availability,1,null,259.0,1,0,outdegree,1.0
tol99,availability,1,null,260.0,3,0,outdegree,3.0
tol99,availability,1,null,261.0,1,0,outdegree,1.0
tol99,availability,1,null,262.0,1,0,outdegree,1.0
tol99,availability,1,null,263.0,1,0,outdegree,1.0
tol99,availability,1,null,264.0,1,0,outdegree,1.0
tol99,availability,1,null,265.0,1,0,outdegree,1.0
tol99,availability,1,null,266.0,1,0,outdegree,1.0
tol99,availability,1,null,267.0,1,0,outdegree,1.0
tol99,availability,1,null,268.0,1,0,outdegree,1.0
tol99,availability,1,null,269.0,1,0,outdegree,1.0
tol99,availability,1,null,270.0,1,0,outdegree,1.0
tol99,availability,1,null,271.0,1,0,outdegree,1.0
tol99,availability,1,null,272.0,1,0,outdegree,1.0
tol99,availability,1,null,273.0,1,0,outdegree,1.0
tol99,availability,1,null,274.0,1,0,outdegree,1.0
tol99,availability,1,null,275.0,1,0,outdegree,1.0
tol99,availability,1,null,276.0,1,0,outdegree,1.0
tol99,availability,1,null,277.0,1,0,outdegree,1.0
tol99,availability,1,null,278.0,2,0,outdegree,2.0
tol99,availability,1,null,279.0,1,0,outdegree,1.0
tol99,availability,1,null,280.0,1,0,outdegree,1.0
tol99,availability,1,null,281.0,1,0,outdegree,1.0
tol99,availability,1,null,282.0,1,0,outdegree,1.0
tol99,availability,1,null,283.0,1,0,outdegree,1.0
tol99,availability,1,null,284.0,1,0,outdegree,1.0
tol99,availability,1,null,285.0,1,0,outdegree,1.0
tol99,availability,1,null,286.0,1,0,outdegree,1.0
tol99,availability,1,null,287.0,2,0,outdegree,2.0
tol99,availability,1,null,288.0,1,0,outdegree,1.0
tol99,availability,1,null,289.0,1,0,outdegree,1.0
tol99,availability,1,null,290.0,1,0,outdegree,1.0
tol99,availability,1,null,291.0,1,0,outdegree,1.0
tol99,availability,1,null,292.0,1,0,outdegree,1.0
tol99,availability,1,null,293.0,1,0,outdegree,1.0
tol99,availability,1,null,294.0,1,0,outdegree,1.0
tol99,availability,1,null,295.0,1,0,outdegree,1.0
tol99,availability,1,null,296.0,2,0,outdegree,2.0
tol99,availability,1,null,297.0,1,0,outdegree,1.0
tol99,availability,1,null,298.0,1,0,outdegree,1.0
tol99,availability,1,null,299.0,1,0,outdegree,1.0
tol99,availability,1,null,300.0,1,0,outdegree,1.0
tol99,availability,1,null,301.0,2,0,outdegree,2.0
tol99,availability,1,null,302.0,1,0,outdegree,1.0
tol99,availability,1,null,303.0,1,0,outdegree,1.0
tol99,availability,1,null,304.0,1,0,outdegree,1.0
tol99,availability,1,null,305.0,1,0,outdegree,1.0
tol99,availability,1,null,306.0,1,0,outdegree,1.0
tol99,availability,1,null,307.0,1,0,outdegree,1.0
tol99,availability,1,null,308.0,1,0,outdegree,1.0
tol99,availability,1,null,309.0,1,0,outdegree,1.0
tol99,availability,1,null,310.0,1,0,outdegree,1.0
tol99,availability,1,null,311.0,1,0,outdegree,1.0
tol99,availability,1,null,312.0,1,0,outdegree,1.0
tol99,availability,1,null,313.0,1,0,outdegree,1.0
tol99,availability,1,null,314.0,1,0,outdegree,1.0
tol99,availability,1,null,315.0,1,0,outdegree,1.0
tol99,availability,1,null,316.0,1,0,outdegree,1.0
tol99,availability,1,null,317.0,1,0,outdegree,1.0
tol99,availability,1,null,318.0,1,0,outdegree,1.0
tol99,availability,1,null,319.0,1,0,outdegree,1.0
tol99,availability,1,null,320.0,1,0,outdegree,1.0
tol99,availability,1,null,321.0,1,0,outdegree,1.0
tol99,availability,1,null,322.0,1,0,outdegree,1.0
tol99,availability,1,null,323.0,2,0,outdegree,2.0
tol99,availability,1,null,324.0,1,0,outdegree,1.0
tol99,availability,1,null,325.0,1,0,outdegree,1.0
tol99,availability,1,null,326.0,1,0,outdegree,1.0
tol99,availability,1,null,327.0,1,0,outdegree,1.0
tol99,availability,1,null,328.0,1,0,outdegree,1.0
tol99,availability,1,null,329.0,1,0,outdegree,1.0
tol99,availability,1,null,330.0,22,0,outdegree,22.0
tol99,availability,1,null,331.0,1,0,outdegree,1.0
tol99,availability,1,null,332.0,1,0,outdegree,1.0
tol99,availability,1,null,333.0,1,0,outdegree,1.0
tol99,availability,1,null,334.0,2,0,outdegree,2.0
tol99,availability,1,null,335.0,1,0,outdegree,1.0
tol99,availability,1,null,336.0,1,0,outdegree,1.0
tol99,availability,1,null,337.0,1,0,outdegree,1.0
tol99,availability,1,null,338.0,1,0,outdegree,1.0
tol99,availability,1,null,339.0,1,0,outdegree,1.0
tol99,availability,1,null,340.0,1,0,outdegree,1.0
tol99,availability,1,null,341.0,1,0,outdegree,1.0
tol99,availability,1,null,342.0,1,0,outdegree,1.0
tol99,availability,1,null,343.0,1,0,outdegree,1.0
tol99,availability,1,null,344.0,1,0,outdegree,1.0
tol99,availability,1,null,345.0,1,0,outdegree,1.0
tol99,availability,1,null,346.0,1,0,outdegree,1.0
tol99,availability,1,null,347.0,1,0,outdegree,1.0
tol99,availability,1,null,348.0,1,0,outdegree,1.0
tol99,availability,1,null,349.0,1,0,outdegree,1.0
tol99,availability,1,null,350.0,1,0,outdegree,1.0
tol99,availability,1,null,351.0,1,0,outdegree,1.0
tol99,availability,1,null,352.0,1,0,outdegree,1.0
tol99,availability,1,null,353.0,1,0,outdegree,1.0
tol99,availability,1,null,354.0,1,0,outdegree,1.0
tol99,availability,1,null,355.0,1,0,outdegree,1.0
tol99,availability,1,null,356.0,1,0,outdegree,1.0
tol99,availability,1,null,357.0,1,0,outdegree,1.0
tol99,availability,1,null,358.0,1,0,outdegree,1.0
tol99,availability,1,null,359.0,1,0,outdegree,1.0
tol99,availability,1,null,360.0,1,0,outdegree,1.0
tol99,availability,1,null,361.0,1,0,outdegree,1.0
tol99,availability,1,null,362.0,1,0,outdegree,1.0
tol99,availability,1,null,363.0,1,0,outdegree,1.0
tol99,availability,1,null,364.0,1,0,outdegree,1.0
tol99,availability,1,null,365.0,1,0,outdegree,1.0
tol99,availability,1,null,366.0,1,0,outdegree,1.0
tol99,availability,1,null,367.0,1,0,outdegree,1.0
tol99,availability,1,null,368.0,2,0,outdegree,2.0
tol99,availability,1,null,369.0,1,0,outdegree,1.0
tol99,availability,1,null,370.0,1,0,outdegree,1.0
tol99,availability,1,null,371.0,1,0,outdegree,1.0
tol99,availability,1,null,372.0,1,0,outdegree,1.0
tol99,availability,1,null,373.0,1,0,outdegree,1.0
tol99,availability,1,null,374.0,1,0,outdegree,1.0
tol99,availability,1,null,375.0,1,0,outdegree,1.0
tol99,availability,1,null,376.0,1,0,outdegree,1.0
tol99,availability,1,null,377.0,1,0,outdegree,1.0
tol99,availability,1,null,378.0,1,0,outdegree,1.0
tol99,availability,1,null,379.0,1,0,outdegree,1.0
tol99,availability,1,null,380.0,1,0,outdegree,1.0
tol99,availability,1,null,381.0,1,0,outdegree,1.0
tol99,availability,1,null,382.0,1,0,outdegree,1.0
tol99,availability,1,null,383.0,5,0,outdegree,5.0
tol99,availability,1,null,384.0,1,0,outdegree,1.0
tol99,availability,1,null,385.0,1,0,outdegree,1.0
tol99,availability,1,null,386.0,1,0,outdegree,1.0
tol99,availability,1,null,387.0,1,0,outdegree,1.0
tol99,availability,1,null,388.0,1,0,outdegree,1.0
tol99,availability,1,null,389.0,1,0,outdegree,1.0
tol99,availability,1,null,390.0,1,0,outdegree,1.0
tol99,availability,1,null,391.0,1,0,outdegree,1.0
tol99,availability,1,null,392.0,2,0,outdegree,2.0
tol99,availability,1,null,393.0,1,0,outdegree,1.0
tol99,availability,1,null,394.0,1,0,outdegree,1.0
tol99,availability,1,null,395.0,1,0,outdegree,1.0
tol99,availability,1,null,396.0,1,0,outdegree,1.0
tol99,availability,1,null,397.0,21,0,outdegree,21.0
tol99,availability,1,null,398.0,1,0,outdegree,1.0
tol99,availability,1,null,399.0,3,0,outdegree,3.0
tol99,availability,1,null,400.0,1,0,outdegree,1.0
tol99,availability,1,null,401.0,1,0,outdegree,1.0
tol99,availability,1,null,402.0,1,0,outdegree,1.0
tol99,availability,1,null,403.0,1,0,outdegree,1.0
tol99,availability,1,null,404.0,1,0,outdegree,1.0
tol99,availability,1,null,405.0,2,0,outdegree,2.0
tol99,availability,1,null,406.0,1,0,outdegree,1.0
tol99,availability,1,null,407.0,1,0,outdegree,1.0
tol99,availability,1,null,408.0,2,0,outdegree,2.0
tol99,availability,1,null,409.0,1,0,outdegree,1.0
tol99,availability,1,null,410.0,1,0,outdegree,1.0
tol99,availability,1,null,411.0,1,0,outdegree,1.0
tol99,availability,1,null,412.0,1,0,outdegree,1.0
tol99,availability,1,null,413.0,1,0,outdegree,1.0
tol99,availability,1,null,414.0,2,0,outdegree,2.0
tol99,availability,1,null,415.0,1,0,outdegree,1.0
tol99,availability,1,null,416.0,1,0,outdegree,1.0
tol99,availability,1,null,417.0,1,0,outdegree,1.0
tol99,availability,1,null,418.0,1,0,outdegree,1.0
tol99,availability,1,null,419.0,1,0,outdegree,1.0
tol99,availability,1,null,420.0,1,0,outdegree,1.0
tol99,availability,1,null,421.0,1,0,outdegree,1.0
tol99,availability,1,null,422.0,1,0,outdegree,1.0
tol99,availability,1,null,423.0,1,0,outdegree,1.0
tol99,availability,1,null,424.0,1,0,outdegree,1.0
tol99,availability,1,null,425.0,1,0,outdegree,1.0
tol99,availability,1,null,426.0,1,0,outdegree,1.0
tol99,availability,1,null,427.0,1,0,outdegree,1.0
tol99,availability,1,null,428.0,1,0,outdegree,1.0
tol99,availability,1,null,429.0,1,0,outdegree,1.0
tol99,availability,1,null,430.0,1,0,outdegree,1.0
tol99,availability,1,null,431.0,1,0,outdegree,1.0
tol99,availability,1,null,432.0,1,0,outdegree,1.0
tol99,availability,1,null,433.0,1,0,outdegree,1.0
tol99,availability,1,null,434.0,1,0,outdegree,1.0
tol99,availability,1,null,435.0,1,0,outdegree,1.0
tol99,availability,1,null,436.0,1,0,outdegree,1.0
tol99,availability,1,null,437.0,1,0,outdegree,1.0
tol99,availability,1,null,438.0,1,0,outdegree,1.0
tol99,availability,1,null,439.0,1,0,outdegree,1.0
tol99,availability,1,null,440.0,1,0,outdegree,1.0
tol99,availability,1,null,441.0,1,0,outdegree,1.0
tol99,availability,1,null,442.0,1,0,outdegree,1.0
tol99,availability,1,null,443.0,1,0,outdegree,1.0
tol99,availability,1,null,444.0,1,0,outdegree,1.0
tol99,availability,1,null,445.0,1,0,outdegree,1.0
tol99,availability,1,null,446.0,1,0,outdegree,1.0
tol99,availability,1,null,447.0,1,0,outdegree,1.0
tol99,availability,1,null,448.0,2,0,outdegree,2.0
tol99,availability,1,null,449.0,1,0,outdegree,1.0
tol99,availability,1,null,450.0,1,0,outdegree,1.0
tol99,availability,1,null,451.0,1,0,outdegree,1.0
tol99,availability,1,null,452.0,1,0,outdegree,1.0
tol99,availability,1,null,453.0,1,0,outdegree,1.0
tol99,availability,1,null,454.0,1,0,outdegree,1.0
tol99,availability,1,null,455.0,1,0,outdegree,1.0
tol99,availability,1,null,456.0,1,0,outdegree,1.0
tol99,availability,1,null,457.0,1,0,outdegree,1.0
tol99,availability,1,null,458.0,1,0,outdegree,1.0
tol99,availability,1,null,459.0,1,0,outdegree,1.0
tol99,availability,1,null,460.0,1,0,outdegree,1.0
tol99,availability,1,null,461.0,1,0,outdegree,1.0
tol99,availability,1,null,462.0,1,0,outdegree,1.0
tol99,availability,1,null,463.0,1,0,outdegree,1.0
tol99,availability,1,null,464.0,1,0,outdegree,1.0
tol99,availability,1,null,465.0,1,0,outdegree,1.0
tol99,availability,1,null,466.0,1,0,outdegree,1.0
tol99,availability,1,null,467.0,1,0,outdegree,1.0
tol99,availability,1,null,468.0,1,0,outdegree,1.0
tol99,availability,1,null,469.0,1,0,outdegree,1.0
tol99,availability,1,null,470.0,1,0,outdegree,1.0
tol99,availability,1,null,471.0,1,0,outdegree,1.0
tol99,availability,1,null,472.0,2,0,outdegree,2.0
tol99,availability,1,null,473.0,1,0,outdegree,1.0
tol99,availability,1,null,474.0,1,0,outdegree,1.0
tol99,availability,1,null,475.0,2,0,outdegree,2.0
tol99,availability,1,null,476.0,1,0,outdegree,1.0
tol99,availability,1,null,477.0,1,0,outdegree,1.0
tol99,availability,1,null,478.0,1,0,outdegree,1.0
tol99,availability,1,null,479.0,1,0,outdegree,1.0
tol99,availability,1,null,480.0,1,0,outdegree,1.0
tol99,availability,1,null,481.0,1,0,outdegree,1.0
tol99,availability,1,null,482.0,1,0,outdegree,1.0
tol99,availability,1,null,483.0,1,0,outdegree,1.0
tol99,availability,1,null,484.0,1,0,outdegree,1.0
tol99,availability,1,null,485.0,1,0,outdegree,1.0
tol99,availability,1,null,486.0,1,0,outdegree,1.0
tol99,availability,1,null,487.0,1,0,outdegree,1.0
tol99,availability,1,null,488.0,1,0,outdegree,1.0
tol99,availability,1,null,489.0,1,0,outdegree,1.0
tol99,availability,1,null,490.0,1,0,outdegree,1.0
tol99,availability,1,null,491.0,1,0,outdegree,1.0
tol99,availability,1,null,492.0,1,0,outdegree,1.0
tol99,availability,1,null,493.0,1,0,outdegree,1.0
tol99,availability,1,null,494.0,1,0,outdegree,1.0
tol99,availability,1,null,495.0,1,0,outdegree,1.0
tol99,availability,1,null,496.0,1,0,outdegree,1.0
tol99,availability,1,null,497.0,1,0,outdegree,1.0
tol99,availability,1,null,498.0,1,0,outdegree,1.0
tol99,availability,1,null,499.0,1,0,outdegree,1.0
