setting,semantics,k,strategy,seed,removed_providers,options_lost,matched_to,size_ratio
tol99,legal,5,descendants,,81902,3,,
tol99,legal,5,null,0.0,104773,5,descendants,1.2792483700031745
tol99,legal,5,null,1.0,96723,7,descendants,1.1809601719127738
tol99,legal,5,null,2.0,83793,1,descendants,1.023088569265708
tol99,legal,5,null,3.0,87099,4,descendants,1.063453883910039
tol99,legal,5,null,4.0,86124,3,descendants,1.0515494127127543
tol99,legal,5,null,5.0,81132,2,descendants,0.9905985201826574
tol99,legal,5,null,6.0,86052,5,descendants,1.0506703133012625
tol99,legal,5,null,7.0,83522,5,descendants,1.019779736758565
tol99,legal,5,null,8.0,85254,5,descendants,1.0409269614905619
tol99,legal,5,null,9.0,101601,2,descendants,1.240519157041342
tol99,legal,5,null,10.0,89475,3,descendants,1.0924641644892676
tol99,legal,5,null,11.0,82103,5,descendants,1.0024541525237478
tol99,legal,5,null,12.0,81771,5,descendants,0.9984005274596469
tol99,legal,5,null,13.0,82332,6,descendants,1.0052501770408537
tol99,legal,5,null,14.0,84269,8,descendants,1.0289003931527925
tol99,legal,5,null,15.0,91785,8,descendants,1.1206686039412956
tol99,legal,5,null,16.0,100294,9,descendants,1.2245610607799566
tol99,legal,5,null,17.0,87539,9,descendants,1.0688261580913776
tol99,legal,5,null,18.0,86746,3,descendants,1.0591438548509193
tol99,legal,5,null,19.0,82915,5,descendants,1.0123684403311275
tol99,legal,5,null,20.0,87851,6,descendants,1.0726355888745085
tol99,legal,5,null,21.0,85241,6,descendants,1.0407682352079315
tol99,legal,5,null,22.0,92337,5,descendants,1.127408366096066
tol99,legal,5,null,23.0,91918,5,descendants,1.1222924959097458
tol99,legal,5,null,24.0,91397,9,descendants,1.1159312348904789
tol99,legal,5,null,25.0,97398,6,descendants,1.1892017288955092
tol99,legal,5,null,26.0,84417,3,descendants,1.03070743083197
tol99,legal,5,null,27.0,85140,13,descendants,1.0395350540890331
tol99,legal,5,null,28.0,86544,2,descendants,1.056677492613123
tol99,legal,5,null,29.0,81537,2,descendants,0.9955434543722986
tol99,legal,5,null,30.0,91579,2,descendants,1.1181534028473052
tol99,legal,5,null,31.0,82432,10,descendants,1.0064711484457034
tol99,legal,5,null,32.0,82621,7,descendants,1.0087787844008693
tol99,legal,5,null,33.0,85529,2,descendants,1.0442846328538986
tol99,legal,5,null,34.0,86810,6,descendants,1.059925276550023
tol99,legal,5,null,35.0,143754,6,descendants,1.7551952333276355
tol99,legal,5,null,36.0,87382,3,descendants,1.0669092329857635
tol99,legal,5,null,37.0,91972,1,descendants,1.1229518204683646
tol99,legal,5,null,38.0,83006,2,descendants,1.0134795243095407
tol99,legal,5,null,39.0,85444,7,descendants,1.0432468071597762
tol99,legal,5,null,40.0,90495,3,descendants,1.1049180728187347
tol99,legal,5,null,41.0,81665,1,descendants,0.9971062977705062
tol99,legal,5,null,42.0,82496,18,descendants,1.0072525701448072
tol99,legal,5,null,43.0,81479,6,descendants,0.9948352909574858
tol99,legal,5,null,44.0,82153,5,descendants,1.0030646382261728
tol99,legal,5,null,45.0,82711,2,descendants,1.009877658665234
tol99,legal,5,null,46.0,82780,2,descendants,1.0107201289345804
tol99,legal,5,null,47.0,90990,6,descendants,1.1109618812727406
tol99,legal,5,null,48.0,92643,2,descendants,1.1311445385949062
tol99,legal,5,null,49.0,86843,7,descendants,1.0603281971136236
tol99,legal,5,null,50.0,87074,4,descendants,1.0631486410588264
tol99,legal,5,null,51.0,94835,5,descendants,1.1579082317892115
tol99,legal,5,null,52.0,87142,4,descendants,1.0639789016141241
tol99,legal,5,null,53.0,87261,2,descendants,1.0654318575858954
tol99,legal,5,null,54.0,82955,5,descendants,1.0128568288930673
tol99,legal,5,null,55.0,89053,6,descendants,1.087311665160802
tol99,legal,5,null,56.0,83016,5,descendants,1.0136016214500256
tol99,legal,5,null,57.0,85559,1,descendants,1.0446509242753534
tol99,legal,5,null,58.0,89754,9,descendants,1.0958706747087983
tol99,legal,5,null,59.0,90459,26,descendants,1.1044785231129888
tol99,legal,5,null,60.0,98634,3,descendants,1.2042929354594516
tol99,legal,5,null,61.0,91741,4,descendants,1.1201313765231617
tol99,legal,5,null,62.0,83124,0,descendants,1.0149202705672633
tol99,legal,5,null,63.0,82523,3,descendants,1.0075822324241166
tol99,legal,5,null,64.0,84705,11,descendants,1.034223828477937
tol99,legal,5,null,65.0,86115,8,descendants,1.0514395252863178
tol99,legal,5,null,66.0,82992,2,descendants,1.0133085883128616
tol99,legal,5,null,67.0,81886,0,descendants,0.999804644575224
tol99,legal,5,null,68.0,103331,4,descendants,1.261641962345242
tol99,legal,5,null,69.0,83125,5,descendants,1.0149324802813118
tol99,legal,5,null,70.0,87577,12,descendants,1.0692901272252204
tol99,legal,5,null,71.0,82712,5,descendants,1.0098898683792825
tol99,legal,5,null,72.0,83487,1,descendants,1.0193523967668676
tol99,legal,5,null,73.0,86967,6,descendants,1.0618422016556373
tol99,legal,5,null,74.0,83539,1,descendants,1.0199873018973895
tol99,legal,5,null,75.0,82883,5,descendants,1.0119777294815755
tol99,legal,5,null,76.0,85364,7,descendants,1.0422700300358965
tol99,legal,5,null,77.0,90445,2,descendants,1.1043075871163097
tol99,legal,5,null,78.0,97954,5,descendants,1.1959903299064736
tol99,legal,5,null,79.0,87269,4,descendants,1.0655295352982832
tol99,legal,5,null,80.0,82479,2,descendants,1.0070450050059827
tol99,legal,5,null,81.0,86088,6,descendants,1.0511098630070084
tol99,legal,5,null,82.0,82710,8,descendants,1.0098654489511856
tol99,legal,5,null,83.0,85785,1,descendants,1.0474103196503137
tol99,legal,5,null,84.0,81816,7,descendants,0.9989499645918293
tol99,legal,5,null,85.0,82175,2,descendants,1.0033332519352396
tol99,legal,5,null,86.0,88749,1,descendants,1.0835999120900588
tol99,legal,5,null,87.0,81307,4,descendants,0.9927352201411443
tol99,legal,5,null,88.0,83410,3,descendants,1.0184122487851335
tol99,legal,5,null,89.0,116141,6,descendants,1.4180483993064883
tol99,legal,5,null,90.0,85106,1,descendants,1.0391199238113844
tol99,legal,5,null,91.0,90749,11,descendants,1.1080193401870528
tol99,legal,5,null,92.0,95447,8,descendants,1.1653805767868917
tol99,legal,5,null,93.0,86844,3,descendants,1.060340406827672
tol99,legal,5,null,94.0,89172,7,descendants,1.088764621132573
tol99,legal,5,null,95.0,84953,3,descendants,1.0372518375619644
tol99,legal,5,null,96.0,92271,2,descendants,1.1266025249688651
tol99,legal,5,null,97.0,108890,7,descendants,1.3295157627408367
tol99,legal,5,null,98.0,102244,7,descendants,1.2483700031745257
tol99,legal,5,null,99.0,86052,4,descendants,1.0506703133012625
tol99,legal,5,null,100.0,81297,3,descendants,0.9926131230006593
tol99,legal,5,null,101.0,91609,6,descendants,1.1185196942687603
tol99,legal,5,null,102.0,83050,3,descendants,1.0140167517276746
tol99,legal,5,null,103.0,84879,2,descendants,1.0363483187223754
tol99,legal,5,null,104.0,81963,7,descendants,1.0007447925569584
tol99,legal,5,null,105.0,85890,5,descendants,1.048692339625406
tol99,legal,5,null,106.0,101394,0,descendants,1.2379917462333032
tol99,legal,5,null,107.0,82635,1,descendants,1.0089497203975484
tol99,legal,5,null,108.0,101161,6,descendants,1.2351468828600034
tol99,legal,5,null,109.0,83853,1,descendants,1.0238211521086176
tol99,legal,5,null,110.0,83444,9,descendants,1.0188273790627824
tol99,legal,5,null,111.0,82440,1,descendants,1.0065688261580914
tol99,legal,5,null,112.0,96127,16,descendants,1.1736831823398697
tol99,legal,5,null,113.0,85514,2,descendants,1.044101487143171
tol99,legal,5,null,114.0,84344,3,descendants,1.0298161217064297
tol99,legal,5,null,115.0,82102,4,descendants,1.0024419428096993
tol99,legal,5,null,116.0,82865,4,descendants,1.0117579546287025
tol99,legal,5,null,117.0,90087,3,descendants,1.0999365094869478
tol99,legal,5,null,118.0,88378,4,descendants,1.0790701081780665
tol99,legal,5,null,119.0,85274,2,descendants,1.0411711557715317
tol99,legal,5,null,120.0,101347,2,descendants,1.237417889673024
tol99,legal,5,null,121.0,87359,3,descendants,1.0666284095626481
tol99,legal,5,null,122.0,82294,5,descendants,1.004786207907011
tol99,legal,5,null,123.0,83988,5,descendants,1.0254694635051647
tol99,legal,5,null,124.0,84135,2,descendants,1.0272642914702939
tol99,legal,5,null,125.0,93799,6,descendants,1.1452589680349685
tol99,legal,5,null,126.0,88907,5,descendants,1.0855290469097214
tol99,legal,5,null,127.0,88298,7,descendants,1.0780933310541867
tol99,legal,5,null,128.0,88110,1,descendants,1.0757979048130693
tol99,legal,5,null,129.0,84720,25,descendants,1.0344069741886646
tol99,legal,5,null,130.0,83572,7,descendants,1.02039022246099
tol99,legal,5,null,131.0,91813,3,descendants,1.1210104759346535
tol99,legal,5,null,132.0,90393,7,descendants,1.1036726819857878
tol99,legal,5,null,133.0,85461,3,descendants,1.0434543722986007
tol99,legal,5,null,134.0,115248,6,descendants,1.4071451246611804
tol99,legal,5,null,135.0,86392,2,descendants,1.0548216160777515
tol99,legal,5,null,136.0,84292,3,descendants,1.0291812165759078
tol99,legal,5,null,137.0,86305,0,descendants,1.0537593709555322
tol99,legal,5,null,138.0,95456,0,descendants,1.1654904642133281
tol99,legal,5,null,139.0,84237,11,descendants,1.0285096823032405
tol99,legal,5,null,140.0,96909,4,descendants,1.1832311787257943
tol99,legal,5,null,141.0,85584,8,descendants,1.044956167126566
tol99,legal,5,null,142.0,91509,8,descendants,1.1172987228639106
tol99,legal,5,null,143.0,84828,8,descendants,1.0357256233059022
tol99,legal,5,null,144.0,82423,0,descendants,1.006361261019267
tol99,legal,5,null,145.0,115738,8,descendants,1.413127884544944
tol99,legal,5,null,146.0,82066,9,descendants,1.0020023931039534
tol99,legal,5,null,147.0,86060,7,descendants,1.0507679910136505
tol99,legal,5,null,148.0,85374,13,descendants,1.0423921271763816
tol99,legal,5,null,149.0,89707,2,descendants,1.095296818148519
tol99,legal,5,null,150.0,82585,5,descendants,1.0083392346951234
tol99,legal,5,null,151.0,87661,1,descendants,1.070315743205294
tol99,legal,5,null,152.0,81350,8,descendants,0.9932602378452297
tol99,legal,5,null,153.0,84342,4,descendants,1.0297917022783327
tol99,legal,5,null,154.0,86748,3,descendants,1.0591682742790163
tol99,legal,5,null,155.0,89339,8,descendants,1.090803643378672
tol99,legal,5,null,156.0,81303,5,descendants,0.9926863812849503
tol99,legal,5,null,157.0,88803,2,descendants,1.0842592366486776
tol99,legal,5,null,158.0,82166,6,descendants,1.0032233645088031
tol99,legal,5,null,159.0,85506,5,descendants,1.044003809430783
tol99,legal,5,null,160.0,107539,1,descendants,1.3130204390613172
tol99,legal,5,null,161.0,84063,4,descendants,1.026385192058802
tol99,legal,5,null,162.0,83359,0,descendants,1.01778955336866
tol99,legal,5,null,163.0,93089,3,descendants,1.1365900710605357
tol99,legal,5,null,164.0,89994,4,descendants,1.0988010060804376
tol99,legal,5,null,165.0,103960,3,descendants,1.2693218724817465
tol99,legal,5,null,166.0,105062,6,descendants,1.28277697736319
tol99,legal,5,null,167.0,87991,2,descendants,1.0743449488412982
tol99,legal,5,null,168.0,87694,0,descendants,1.0707186637688946
tol99,legal,5,null,169.0,82947,13,descendants,1.0127591511806793
tol99,legal,5,null,170.0,104313,5,descendants,1.273631901540866
tol99,legal,5,null,171.0,99287,7,descendants,1.21226587873312
tol99,legal,5,null,172.0,87775,4,descendants,1.0717076506068228
tol99,legal,5,null,173.0,89782,2,descendants,1.0962125467021562
tol99,legal,5,null,174.0,84832,10,descendants,1.0357744621620961
tol99,legal,5,null,175.0,125209,1,descendants,1.5287660862982588
tol99,legal,5,null,176.0,86363,3,descendants,1.0544675343703451
tol99,legal,5,null,177.0,86960,5,descendants,1.0617567336572977
tol99,legal,5,null,178.0,86660,2,descendants,1.0580938194427487
tol99,legal,5,null,179.0,87919,9,descendants,1.0734658494298064
tol99,legal,5,null,180.0,83270,4,descendants,1.0167028888183438
tol99,legal,5,null,181.0,81786,4,descendants,0.9985836731703743
tol99,legal,5,null,182.0,84465,3,descendants,1.0312934971062977
tol99,legal,5,null,183.0,123739,4,descendants,1.5108178066469684
tol99,legal,5,null,184.0,87446,11,descendants,1.0676906546848672
tol99,legal,5,null,185.0,86302,0,descendants,1.0537227418133868
tol99,legal,5,null,186.0,84004,7,descendants,1.0256648189299407
tol99,legal,5,null,187.0,84051,7,descendants,1.02623867549022
tol99,legal,5,null,188.0,84478,8,descendants,1.0314522233889283
tol99,legal,5,null,189.0,84836,4,descendants,1.0358233010182902
tol99,legal,5,null,190.0,85750,1,descendants,1.0469829796586163
tol99,legal,5,null,191.0,92781,2,descendants,1.1328294791335987
tol99,legal,5,null,192.0,84104,6,descendants,1.0268857903347903
tol99,legal,5,null,193.0,84610,1,descendants,1.0330639056433297
tol99,legal,5,null,194.0,104747,5,descendants,1.2789309174379135
tol99,legal,5,null,195.0,83513,6,descendants,1.0196698493321286
tol99,legal,5,null,196.0,90556,4,descendants,1.1056628653756928
tol99,legal,5,null,197.0,84006,1,descendants,1.0256892383580376
tol99,legal,5,null,198.0,92779,2,descendants,1.1328050597055017
tol99,legal,5,null,199.0,94426,4,descendants,1.1529144587433762
tol99,legal,5,null,200.0,98188,25,descendants,1.1988474029938219
tol99,legal,5,null,201.0,86796,5,descendants,1.0597543405533443
tol99,legal,5,null,202.0,86953,2,descendants,1.0616712656589582
tol99,legal,5,null,203.0,97174,0,descendants,1.186466752948646
tol99,legal,5,null,204.0,86045,3,descendants,1.050584845302923
tol99,legal,5,null,205.0,82327,0,descendants,1.0051891284706111
tol99,legal,5,null,206.0,87824,6,descendants,1.072305926595199
tol99,legal,5,null,207.0,101129,1,descendants,1.2347561720104516
tol99,legal,5,null,208.0,86311,4,descendants,1.0538326292398232
tol99,legal,5,null,209.0,120442,6,descendants,1.4705623794290739
tol99,legal,5,null,210.0,83192,4,descendants,1.0157505311225612
tol99,legal,5,null,211.0,84949,2,descendants,1.0372029987057703
tol99,legal,5,null,212.0,86058,0,descendants,1.0507435715855535
tol99,legal,5,null,213.0,81220,2,descendants,0.991672975018925
tol99,legal,5,null,214.0,124681,1,descendants,1.5223193572806526
tol99,legal,5,null,215.0,89292,5,descendants,1.0902297868183928
tol99,legal,5,null,216.0,85187,3,descendants,1.0401089106493127
tol99,legal,5,null,217.0,97120,7,descendants,1.185807428390027
tol99,legal,5,null,218.0,82573,6,descendants,1.0081927181265415
tol99,legal,5,null,219.0,90736,4,descendants,1.1078606139044223
tol99,legal,5,null,220.0,86026,5,descendants,1.0503528607360015
tol99,legal,5,null,221.0,88387,2,descendants,1.079179995604503
tol99,legal,5,null,222.0,91923,5,descendants,1.1223535444799884
tol99,legal,5,null,223.0,87600,3,descendants,1.0695709506483357
tol99,legal,5,null,224.0,84779,3,descendants,1.0351273473175258
tol99,legal,5,null,225.0,112293,5,descendants,1.3710654196478718
tol99,legal,5,null,226.0,100998,3,descendants,1.2331566994700984
tol99,legal,5,null,227.0,83414,3,descendants,1.0184610876413274
tol99,legal,5,null,228.0,88253,14,descendants,1.0775438939220043
tol99,legal,5,null,229.0,84441,3,descendants,1.031000463969134
tol99,legal,5,null,230.0,110008,12,descendants,1.3431662230470562
tol99,legal,5,null,231.0,91552,1,descendants,1.1178237405679958
tol99,legal,5,null,232.0,86609,3,descendants,1.0574711240262753
tol99,legal,5,null,233.0,95975,4,descendants,1.1718273058044981
tol99,legal,5,null,234.0,85737,3,descendants,1.046824253375986
tol99,legal,5,null,235.0,89425,2,descendants,1.091853678786843
tol99,legal,5,null,236.0,82144,1,descendants,1.0029547507997363
tol99,legal,5,null,237.0,89355,0,descendants,1.090998998803448
tol99,legal,5,null,238.0,81271,0,descendants,0.9922956704353985
tol99,legal,5,null,239.0,87098,25,descendants,1.0634416741959902
tol99,legal,5,null,240.0,85048,2,descendants,1.0384117603965715
tol99,legal,5,null,241.0,88949,3,descendants,1.0860418548997584
tol99,legal,5,null,242.0,85513,4,descendants,1.0440892774291226
tol99,legal,5,null,243.0,82218,3,descendants,1.003858269639325
tol99,legal,5,null,244.0,86415,6,descendants,1.0551024395008668
tol99,legal,5,null,245.0,81622,6,descendants,0.9965812800664209
tol99,legal,5,null,246.0,91229,4,descendants,1.1138800029303313
tol99,legal,5,null,247.0,85625,2,descendants,1.0454567654025542
tol99,legal,5,null,248.0,86602,6,descendants,1.0573856560279358
tol99,legal,5,null,249.0,88019,13,descendants,1.074686820834656
tol99,legal,5,null,250.0,83150,2,descendants,1.0152377231325243
tol99,legal,5,null,251.0,94850,6,descendants,1.1580913774999388
tol99,legal,5,null,252.0,88812,4,descendants,1.084369124075114
tol99,legal,5,null,253.0,83541,8,descendants,1.0200117213254865
tol99,legal,5,null,254.0,125677,8,descendants,1.5344802324729554
tol99,legal,5,null,255.0,88951,4,descendants,1.0860662743278553
tol99,legal,5,null,256.0,83600,3,descendants,1.0207320944543479
tol99,legal,5,null,257.0,135116,3,descendants,1.6497277233767185
tol99,legal,5,null,258.0,91023,8,descendants,1.111364801836341
tol99,legal,5,null,259.0,83064,14,descendants,1.0141876877243534
tol99,legal,5,null,260.0,81489,1,descendants,0.9949573880979707
tol99,legal,5,null,261.0,93741,9,descendants,1.1445508046201558
tol99,legal,5,null,262.0,84756,5,descendants,1.0348465238944105
tol99,legal,5,null,263.0,99250,5,descendants,1.2118141193133256
tol99,legal,5,null,264.0,82487,3,descendants,1.0071426827183707
tol99,legal,5,null,265.0,81856,5,descendants,0.9994383531537692
tol99,legal,5,null,266.0,84607,1,descendants,1.0330272765011843
tol99,legal,5,null,267.0,84010,4,descendants,1.0257380772142317
tol99,legal,5,null,268.0,83225,5,descendants,1.0161534516861614
tol99,legal,5,null,269.0,81274,3,descendants,0.9923322995775439
tol99,legal,5,null,270.0,89809,3,descendants,1.0965422089814656
tol99,legal,5,null,271.0,85637,3,descendants,1.0456032819711363
tol99,legal,5,null,272.0,93664,8,descendants,1.1436106566384214
tol99,legal,5,null,273.0,81144,1,descendants,0.9907450367512393
tol99,legal,5,null,274.0,122882,3,descendants,1.5003540817074064
tol99,legal,5,null,275.0,84711,5,descendants,1.034297086762228
tol99,legal,5,null,276.0,91066,7,descendants,1.1118898195404263
tol99,legal,5,null,277.0,81234,4,descendants,0.991843911015604
tol99,legal,5,null,278.0,84134,11,descendants,1.0272520817562452
tol99,legal,5,null,279.0,85547,3,descendants,1.0445044077067716
tol99,legal,5,null,280.0,88189,3,descendants,1.0767624722229006
tol99,legal,5,null,281.0,89034,6,descendants,1.0870796805938805
tol99,legal,5,null,282.0,83534,2,descendants,1.0199262533271471
tol99,legal,5,null,283.0,90966,11,descendants,1.1106688481355766
tol99,legal,5,null,284.0,93122,4,descendants,1.1369929916241361
tol99,legal,5,null,285.0,92103,5,descendants,1.1245512930087178
tol99,legal,5,null,286.0,85790,3,descendants,1.0474713682205563
tol99,legal,5,null,287.0,87029,4,descendants,1.062599203926644
tol99,legal,5,null,288.0,81602,6,descendants,0.9963370857854509
tol99,legal,5,null,289.0,85595,3,descendants,1.0450904739810993
tol99,legal,5,null,290.0,90893,4,descendants,1.1097775390100364
tol99,legal,5,null,291.0,86769,3,descendants,1.0594246782740349
tol99,legal,5,null,292.0,86020,4,descendants,1.0502796024517105
tol99,legal,5,null,293.0,87923,2,descendants,1.0735146882860003
tol99,legal,5,null,294.0,83299,2,descendants,1.0170569705257504
tol99,legal,5,null,295.0,85548,5,descendants,1.04451661742082
tol99,legal,5,null,296.0,94735,3,descendants,1.1566872603843619
tol99,legal,5,null,297.0,100436,26,descendants,1.226294840174843
tol99,legal,5,null,298.0,85090,4,descendants,1.0389245683866084
tol99,legal,5,null,299.0,85254,4,descendants,1.0409269614905619
tol99,legal,5,null,300.0,97317,7,descendants,1.188212742057581
tol99,legal,5,null,301.0,88276,3,descendants,1.0778247173451199
tol99,legal,5,null,302.0,83176,9,descendants,1.0155551756977852
tol99,legal,5,null,303.0,106337,5,descendants,1.2983443627750237
tol99,legal,5,null,304.0,82505,10,descendants,1.0073624575712437
tol99,legal,5,null,305.0,92746,3,descendants,1.1324021391419012
tol99,legal,5,null,306.0,98476,24,descendants,1.202363800639789
tol99,legal,5,null,307.0,82129,3,descendants,1.0027716050890088
tol99,legal,5,null,308.0,89649,5,descendants,1.094588654733706
tol99,legal,5,null,309.0,89152,9,descendants,1.088520426851603
tol99,legal,5,null,310.0,93331,0,descendants,1.139544821860272
tol99,legal,5,null,311.0,88514,10,descendants,1.080730629288662
tol99,legal,5,null,312.0,83949,1,descendants,1.0249932846572734
tol99,legal,5,null,313.0,86521,2,descendants,1.0563966691900075
tol99,legal,5,null,314.0,101145,6,descendants,1.2349515274352274
tol99,legal,5,null,315.0,82398,3,descendants,1.0060560181680545
tol99,legal,5,null,316.0,86991,0,descendants,1.0621352347928013
tol99,legal,5,null,317.0,108732,8,descendants,1.327586627921174
tol99,legal,5,null,318.0,91074,9,descendants,1.1119874972528143
tol99,legal,5,null,319.0,82724,5,descendants,1.0100363849478646
tol99,legal,5,null,320.0,81776,26,descendants,0.9984615760298894
tol99,legal,5,null,321.0,84804,1,descendants,1.0354325901687382
tol99,legal,5,null,322.0,112567,5,descendants,1.37441088129716
tol99,legal,5,null,323.0,87371,3,descendants,1.06677492613123
tol99,legal,5,null,324.0,85745,4,descendants,1.046921931088374
tol99,legal,5,null,325.0,84493,6,descendants,1.0316353690996556
tol99,legal,5,null,326.0,85381,4,descendants,1.042477595174721
tol99,legal,5,null,327.0,83052,3,descendants,1.0140411711557715
tol99,legal,5,null,328.0,89085,10,descendants,1.087702376010354
tol99,legal,5,null,329.0,87559,2,descendants,1.0690703523723475
tol99,legal,5,null,330.0,88515,4,descendants,1.0807428390027105
tol99,legal,5,null,331.0,83302,6,descendants,1.0170935996678958
tol99,legal,5,null,332.0,88133,0,descendants,1.0760787282361848
tol99,legal,5,null,333.0,91213,7,descendants,1.1136846475055555
tol99,legal,5,null,334.0,88033,8,descendants,1.074857756831335
tol99,legal,5,null,335.0,86767,4,descendants,1.059400258845938
tol99,legal,5,null,336.0,87446,9,descendants,1.0676906546848672
tol99,legal,5,null,337.0,90710,7,descendants,1.1075431613391615
tol99,legal,5,null,338.0,95504,4,descendants,1.166076530487656
tol99,legal,5,null,339.0,104798,3,descendants,1.279553612854387
tol99,legal,5,null,340.0,100010,4,descendants,1.2210935019901834
tol99,legal,5,null,341.0,83803,29,descendants,1.0232106664061928
tol99,legal,5,null,342.0,81371,3,descendants,0.9935166418402481
tol99,legal,5,null,343.0,85111,6,descendants,1.0391809723816268
tol99,legal,5,null,344.0,81673,6,descendants,0.9972039754828942
tol99,legal,5,null,345.0,89727,7,descendants,1.0955410124294889
tol99,legal,5,null,346.0,86321,6,descendants,1.0539547263803082
tol99,legal,5,null,347.0,93918,8,descendants,1.1467119240067398
tol99,legal,5,null,348.0,94237,4,descendants,1.1506068227882102
tol99,legal,5,null,349.0,86592,2,descendants,1.0572635588874508
tol99,legal,5,null,350.0,101355,10,descendants,1.237515567385412
tol99,legal,5,null,351.0,81103,2,descendants,0.9902444384752509
tol99,legal,5,null,352.0,86922,4,descendants,1.061292764523455
tol99,legal,5,null,353.0,82148,6,descendants,1.0030035896559302
tol99,legal,5,null,354.0,116454,16,descendants,1.4218700398036679
tol99,legal,5,null,355.0,93770,6,descendants,1.1449048863275622
tol99,legal,5,null,356.0,87464,4,descendants,1.0679104295377402
tol99,legal,5,null,357.0,90263,8,descendants,1.1020854191594833
tol99,legal,5,null,358.0,88531,1,descendants,1.0809381944274865
tol99,legal,5,null,359.0,98361,9,descendants,1.2009596835242118
tol99,legal,5,null,360.0,89684,5,descendants,1.0950159947254035
tol99,legal,5,null,361.0,87032,4,descendants,1.0626358330687895
tol99,legal,5,null,362.0,87698,10,descendants,1.0707675026250885
tol99,legal,5,null,363.0,100880,3,descendants,1.2317159532123758
tol99,legal,5,null,364.0,82748,1,descendants,1.0103294180850284
tol99,legal,5,null,365.0,84297,3,descendants,1.0292422651461504
tol99,legal,5,null,366.0,81687,4,descendants,0.9973749114795731
tol99,legal,5,null,367.0,83370,15,descendants,1.0179238602231935
tol99,legal,5,null,368.0,81981,4,descendants,1.0009645674098313
tol99,legal,5,null,369.0,87107,3,descendants,1.0635515616224267
tol99,legal,5,null,370.0,91354,9,descendants,1.1154062171863934
tol99,legal,5,null,371.0,83735,2,descendants,1.022380405850895
tol99,legal,5,null,372.0,81550,4,descendants,0.9957021806549291
tol99,legal,5,null,373.0,83533,6,descendants,1.0199140436130987
tol99,legal,5,null,374.0,90188,2,descendants,1.101169690605846
tol99,legal,5,null,375.0,83952,0,descendants,1.0250299137994188
tol99,legal,5,null,376.0,91111,11,descendants,1.1124392566726087
tol99,legal,5,null,377.0,88435,2,descendants,1.0797660618788307
tol99,legal,5,null,378.0,85015,6,descendants,1.0380088398329712
tol99,legal,5,null,379.0,87598,6,descendants,1.0695465312202388
tol99,legal,5,null,380.0,88254,5,descendants,1.0775561036360528
tol99,legal,5,null,381.0,83143,5,descendants,1.0151522551341847
tol99,legal,5,null,382.0,83794,1,descendants,1.0231007789797564
tol99,legal,5,null,383.0,89138,10,descendants,1.0883494908549243
tol99,legal,5,null,384.0,89013,4,descendants,1.0868232765988621
tol99,legal,5,null,385.0,83373,3,descendants,1.0179604893653391
tol99,legal,5,null,386.0,83322,6,descendants,1.0173377939488657
tol99,legal,5,null,387.0,85269,2,descendants,1.0411101072012894
tol99,legal,5,null,388.0,114275,8,descendants,1.3952650728919929
tol99,legal,5,null,389.0,82880,2,descendants,1.01194110033943
tol99,legal,5,null,390.0,82523,11,descendants,1.0075822324241166
tol99,legal,5,null,391.0,95344,8,descendants,1.1641229762398964
tol99,legal,5,null,392.0,87012,6,descendants,1.0623916387878196
tol99,legal,5,null,393.0,105676,8,descendants,1.2902737417889674
tol99,legal,5,null,394.0,86221,5,descendants,1.0527337549754585
tol99,legal,5,null,395.0,82274,2,descendants,1.0045420136260408
tol99,legal,5,null,396.0,85852,8,descendants,1.0482283704915631
tol99,legal,5,null,397.0,102513,7,descendants,1.2516544162535714
tol99,legal,5,null,398.0,82540,4,descendants,1.007789797562941
tol99,legal,5,null,399.0,89424,1,descendants,1.0918414690727942
tol99,legal,5,null,400.0,88103,5,descendants,1.0757124368147297
tol99,legal,5,null,401.0,100555,2,descendants,1.2277477961466143
tol99,legal,5,null,402.0,83428,5,descendants,1.0186320236380064
tol99,legal,5,null,403.0,85716,3,descendants,1.0465678493809676
tol99,legal,5,null,404.0,82038,2,descendants,1.0016605211105956
tol99,legal,5,null,405.0,82930,5,descendants,1.0125515860418548
tol99,legal,5,null,406.0,82212,7,descendants,1.0037850113550342
tol99,legal,5,null,407.0,88026,5,descendants,1.0747722888329956
tol99,legal,5,null,408.0,81939,6,descendants,1.0004517594197944
tol99,legal,5,null,409.0,82685,3,descendants,1.009560206099973
tol99,legal,5,null,410.0,86872,3,descendants,1.06068227882103
tol99,legal,5,null,411.0,86455,5,descendants,1.0555908280628068
tol99,legal,5,null,412.0,82053,4,descendants,1.001843666821323
tol99,legal,5,null,413.0,88276,2,descendants,1.0778247173451199
tol99,legal,5,null,414.0,82126,1,descendants,1.0027349759468633
tol99,legal,5,null,415.0,87506,2,descendants,1.0684232375277771
tol99,legal,5,null,416.0,90858,1,descendants,1.109350199018339
tol99,legal,5,null,417.0,86812,3,descendants,1.0599496959781203
tol99,legal,5,null,418.0,100357,4,descendants,1.225330272765012
tol99,legal,5,null,419.0,113275,2,descendants,1.383055358843496
tol99,legal,5,null,420.0,88847,4,descendants,1.0847964640668115
tol99,legal,5,null,421.0,83437,5,descendants,1.018741911064443
tol99,legal,5,null,422.0,87778,4,descendants,1.0717442797489682
tol99,legal,5,null,423.0,88886,24,descendants,1.085272642914703
tol99,legal,5,null,424.0,84071,27,descendants,1.0264828697711899
tol99,legal,5,null,425.0,84582,0,descendants,1.0327220336499718
tol99,legal,5,null,426.0,84925,1,descendants,1.0369099655686065
tol99,legal,5,null,427.0,97415,3,descendants,1.1894092940343337
tol99,legal,5,null,428.0,86532,5,descendants,1.056530976044541
tol99,legal,5,null,429.0,91170,3,descendants,1.11315962980147
tol99,legal,5,null,430.0,85461,2,descendants,1.0434543722986007
tol99,legal,5,null,431.0,83437,8,descendants,1.018741911064443
tol99,legal,5,null,432.0,88574,3,descendants,1.081463212131572
tol99,legal,5,null,433.0,82782,4,descendants,1.0107445483626774
tol99,legal,5,null,434.0,83690,2,descendants,1.0218309687187126
tol99,legal,5,null,435.0,85553,7,descendants,1.0445776659910624
tol99,legal,5,null,436.0,89163,5,descendants,1.0886547337061365
tol99,legal,5,null,437.0,90260,7,descendants,1.1020487900173377
tol99,legal,5,null,438.0,92294,3,descendants,1.1268833483919807
tol99,legal,5,null,439.0,81891,2,descendants,0.9998656931454666
tol99,legal,5,null,440.0,81257,8,descendants,0.9921247344387194
tol99,legal,5,null,441.0,85422,5,descendants,1.0429781934507094
tol99,legal,5,null,442.0,123197,2,descendants,1.504200141632683
tol99,legal,5,null,443.0,98876,1,descendants,1.2072476862591879
tol99,legal,5,null,444.0,88614,10,descendants,1.0819516006935117
tol99,legal,5,null,445.0,91074,3,descendants,1.1119874972528143
tol99,legal,5,null,446.0,84222,5,descendants,1.028326536592513
tol99,legal,5,null,447.0,83119,5,descendants,1.0148592219970207
tol99,legal,5,null,448.0,91326,3,descendants,1.1150643451930355
tol99,legal,5,null,449.0,88243,3,descendants,1.0774217967815194
tol99,legal,5,null,450.0,88831,3,descendants,1.0846011086420355
tol99,legal,5,null,451.0,82937,3,descendants,1.0126370540401943
tol99,legal,5,null,452.0,83810,2,descendants,1.0232961344045322
tol99,legal,5,null,453.0,96608,8,descendants,1.1795560547971966
tol99,legal,5,null,454.0,88321,2,descendants,1.0783741544773022
tol99,legal,5,null,455.0,96925,2,descendants,1.18342653415057
tol99,legal,5,null,456.0,87590,1,descendants,1.0694488535078508
tol99,legal,5,null,457.0,86566,3,descendants,1.0569461063221899
tol99,legal,5,null,458.0,84911,7,descendants,1.0367390295719274
tol99,legal,5,null,459.0,87773,3,descendants,1.0716832311787259
tol99,legal,5,null,460.0,83449,6,descendants,1.0188884276330248
tol99,legal,5,null,461.0,88999,3,descendants,1.086652340602183
tol99,legal,5,null,462.0,89856,30,descendants,1.0971160655417451
tol99,legal,5,null,463.0,84167,14,descendants,1.0276550023198456
tol99,legal,5,null,464.0,85881,2,descendants,1.0485824521989695
tol99,legal,5,null,465.0,89405,3,descendants,1.0916094845058728
tol99,legal,5,null,466.0,86179,4,descendants,1.0522209469854216
tol99,legal,5,null,467.0,91946,6,descendants,1.1226343679031037
tol99,legal,5,null,468.0,85012,8,descendants,1.0379722106908256
tol99,legal,5,null,469.0,90088,2,descendants,1.0999487192009962
tol99,legal,5,null,470.0,82871,4,descendants,1.0118312129129936
tol99,legal,5,null,471.0,85867,1,descendants,1.0484115162022904
tol99,legal,5,null,472.0,95409,2,descendants,1.1649166076530488
tol99,legal,5,null,473.0,89085,6,descendants,1.087702376010354
tol99,legal,5,null,474.0,85262,0,descendants,1.0410246392029499
tol99,legal,5,null,475.0,95229,2,descendants,1.1627188591243194
tol99,legal,5,null,476.0,92692,2,descendants,1.1317428145832824
tol99,legal,5,null,477.0,85507,3,descendants,1.0440160191448316
tol99,legal,5,null,478.0,81173,26,descendants,0.9910991184586457
tol99,legal,5,null,479.0,84852,2,descendants,1.036018656443066
tol99,legal,5,null,480.0,86441,3,descendants,1.0554198920661277
tol99,legal,5,null,481.0,86478,9,descendants,1.055871651485922
tol99,legal,5,null,482.0,93049,6,descendants,1.1361016824985959
tol99,legal,5,null,483.0,84458,4,descendants,1.0312080291079584
tol99,legal,5,null,484.0,84751,3,descendants,1.0347854753241679
tol99,legal,5,null,485.0,86549,11,descendants,1.0567385411833654
tol99,legal,5,null,486.0,81714,11,descendants,0.9977045737588826
tol99,legal,5,null,487.0,88866,2,descendants,1.085028448633733
tol99,legal,5,null,488.0,88873,1,descendants,1.0851139166320725
tol99,legal,5,null,489.0,82970,12,descendants,1.0130399746037948
tol99,legal,5,null,490.0,86211,3,descendants,1.0526116578349736
tol99,legal,5,null,491.0,82755,1,descendants,1.010414886083368
tol99,legal,5,null,492.0,92616,5,descendants,1.1308148763155967
tol99,legal,5,null,493.0,94757,8,descendants,1.1569558740934287
tol99,legal,5,null,494.0,87828,6,descendants,1.0723547654513932
tol99,legal,5,null,495.0,95887,6,descendants,1.1707528509682303
tol99,legal,5,null,496.0,86483,5,descendants,1.0559327000561647
tol99,legal,5,null,497.0,81516,3,descendants,0.9952870503772802
tol99,legal,5,null,498.0,85263,3,descendants,1.0410368489169983
tol99,legal,5,null,499.0,83693,5,descendants,1.021867597860858
tol99,legal,5,descendant_authors,,99670,3,,
tol99,legal,5,null,0.0,110906,8,descendant_authors,1.1127320156516505
tol99,legal,5,null,1.0,107838,25,descendant_authors,1.0819504364402528
tol99,legal,5,null,2.0,109269,2,descendant_authors,1.096307815792114
tol99,legal,5,null,3.0,107097,2,descendant_authors,1.074515902478178
tol99,legal,5,null,4.0,102359,5,descendant_authors,1.0269790308016453
tol99,legal,5,null,5.0,104946,11,descendant_authors,1.0529346844587137
tol99,legal,5,null,6.0,102054,11,descendant_authors,1.0239189324771747
tol99,legal,5,null,7.0,104163,2,descendant_authors,1.0450787599076954
tol99,legal,5,null,8.0,100477,1,descendant_authors,1.0080967191732717
tol99,legal,5,null,9.0,107625,7,descendant_authors,1.0798133841677535
tol99,legal,5,null,10.0,103203,33,descendant_authors,1.035446975017558
tol99,legal,5,null,11.0,103378,2,descendant_authors,1.037202769138156
tol99,legal,5,null,12.0,99013,2,descendant_authors,0.9934082472158122
tol99,legal,5,null,13.0,121243,5,descendant_authors,1.2164442660780577
tol99,legal,5,null,14.0,110449,7,descendant_authors,1.1081468847195746
tol99,legal,5,null,15.0,104438,7,descendant_authors,1.0478378649543494
tol99,legal,5,null,16.0,105719,2,descendant_authors,1.0606902779171266
tol99,legal,5,null,17.0,101047,6,descendant_authors,1.013815591451791
tol99,legal,5,null,18.0,103773,8,descendant_authors,1.041165847296077
tol99,legal,5,null,19.0,107525,7,descendant_authors,1.0788100732416976
tol99,legal,5,null,20.0,111729,2,descendant_authors,1.1209892645730912
tol99,legal,5,null,21.0,102605,13,descendant_authors,1.0294471756797432
tol99,legal,5,null,22.0,99308,2,descendant_authors,0.9963680144476773
tol99,legal,5,null,23.0,101095,4,descendant_authors,1.0142971806962977
tol99,legal,5,null,24.0,137180,7,descendant_authors,1.3763419283635998
tol99,legal,5,null,25.0,102133,13,descendant_authors,1.024711548108759
tol99,legal,5,null,26.0,102935,4,descendant_authors,1.032758101735728
tol99,legal,5,null,27.0,115994,4,descendant_authors,1.163780475569379
tol99,legal,5,null,28.0,103394,5,descendant_authors,1.0373632988863248
tol99,legal,5,null,29.0,103662,9,descendant_authors,1.0400521721681548
tol99,legal,5,null,30.0,108056,11,descendant_authors,1.0841376542590548
tol99,legal,5,null,31.0,103382,9,descendant_authors,1.037242901575198
tol99,legal,5,null,32.0,99791,5,descendant_authors,1.0012140062205277
tol99,legal,5,null,33.0,102759,3,descendant_authors,1.0309922745058693
tol99,legal,5,null,34.0,104608,7,descendant_authors,1.0495434935286445
tol99,legal,5,null,35.0,102535,5,descendant_authors,1.028744858031504
tol99,legal,5,null,36.0,99882,4,descendant_authors,1.0021270191632388
tol99,legal,5,null,37.0,121880,8,descendant_authors,1.2228353566770342
tol99,legal,5,null,38.0,106054,2,descendant_authors,1.064051369519414
tol99,legal,5,null,39.0,111035,7,descendant_authors,1.1140262867462627
tol99,legal,5,null,40.0,111255,4,descendant_authors,1.1162335707835858
tol99,legal,5,null,41.0,117434,7,descendant_authors,1.178228152904585
tol99,legal,5,null,42.0,106004,11,descendant_authors,1.063549714056386
tol99,legal,5,null,43.0,101118,10,descendant_authors,1.0145279422092908
tol99,legal,5,null,44.0,111691,10,descendant_authors,1.1206080064211899
tol99,legal,5,null,45.0,100063,4,descendant_authors,1.0039430119394
tol99,legal,5,null,46.0,109348,2,descendant_authors,1.0971004314236983
tol99,legal,5,null,47.0,100748,4,descendant_authors,1.0108156917828834
tol99,legal,5,null,48.0,98721,7,descendant_authors,0.9904785793117287
tol99,legal,5,null,49.0,98927,4,descendant_authors,0.992545399819404
tol99,legal,5,null,50.0,100015,16,descendant_authors,1.0034614226948932
tol99,legal,5,null,51.0,104735,7,descendant_authors,1.0508176984047357
tol99,legal,5,null,52.0,110677,9,descendant_authors,1.1104344336309822
tol99,legal,5,null,53.0,101979,2,descendant_authors,1.0231664492826327
tol99,legal,5,null,54.0,124978,1,descendant_authors,1.2539179291662486
tol99,legal,5,null,55.0,98777,3,descendant_authors,0.9910404334303201
tol99,legal,5,null,56.0,110688,7,descendant_authors,1.1105447978328484
tol99,legal,5,null,57.0,98943,7,descendant_authors,0.992705929567573
tol99,legal,5,null,58.0,105252,6,descendant_authors,1.056004815892445
tol99,legal,5,null,59.0,102912,5,descendant_authors,1.032527340222735
tol99,legal,5,null,60.0,104164,4,descendant_authors,1.045088793016956
tol99,legal,5,null,61.0,102659,8,descendant_authors,1.0299889635798134
tol99,legal,5,null,62.0,107824,7,descendant_authors,1.081809972910605
tol99,legal,5,null,63.0,109003,5,descendant_authors,1.093639008728805
tol99,legal,5,null,64.0,112502,4,descendant_authors,1.128744858031504
tol99,legal,5,null,65.0,129835,10,descendant_authors,1.3026487408447878
tol99,legal,5,null,66.0,109647,4,descendant_authors,1.1001003310926056
tol99,legal,5,null,67.0,102836,3,descendant_authors,1.0317648239189325
tol99,legal,5,null,68.0,116119,7,descendant_authors,1.165034614226949
tol99,legal,5,null,69.0,116650,9,descendant_authors,1.1703621952443062
tol99,legal,5,null,70.0,109607,7,descendant_authors,1.0996990067221832
tol99,legal,5,null,71.0,100266,3,descendant_authors,1.0059797331192937
tol99,legal,5,null,72.0,101871,2,descendant_authors,1.0220828734824923
tol99,legal,5,null,73.0,109444,5,descendant_authors,1.098063609912712
tol99,legal,5,null,74.0,100280,3,descendant_authors,1.0061201966489415
tol99,legal,5,null,75.0,113042,8,descendant_authors,1.1341627370322063
tol99,legal,5,null,76.0,100857,10,descendant_authors,1.0119093006922846
tol99,legal,5,null,77.0,115617,5,descendant_authors,1.159997993378148
tol99,legal,5,null,78.0,103057,5,descendant_authors,1.0339821410655161
tol99,legal,5,null,79.0,98786,6,descendant_authors,0.9911307314136651
tol99,legal,5,null,80.0,102034,5,descendant_authors,1.0237182702919634
tol99,legal,5,null,81.0,103589,6,descendant_authors,1.039319755192134
tol99,legal,5,null,82.0,99665,5,descendant_authors,0.9999498344536972
tol99,legal,5,null,83.0,101370,5,descendant_authors,1.0170562857429517
tol99,legal,5,null,84.0,112963,9,descendant_authors,1.133370121400622
tol99,legal,5,null,85.0,115201,3,descendant_authors,1.155824219925755
tol99,legal,5,null,86.0,99928,8,descendant_authors,1.0025885421892244
tol99,legal,5,null,87.0,116498,3,descendant_authors,1.1688371626367011
tol99,legal,5,null,88.0,101912,6,descendant_authors,1.0224942309621752
tol99,legal,5,null,89.0,110783,3,descendant_authors,1.1114979432126015
tol99,legal,5,null,90.0,104594,5,descendant_authors,1.0494030299989967
tol99,legal,5,null,91.0,104306,9,descendant_authors,1.0465134945319554
tol99,legal,5,null,92.0,121189,7,descendant_authors,1.2159024781779875
tol99,legal,5,null,93.0,99241,4,descendant_authors,0.9956957961272198
tol99,legal,5,null,94.0,101768,8,descendant_authors,1.0210494632286546
tol99,legal,5,null,95.0,107711,4,descendant_authors,1.0806762315641618
tol99,legal,5,null,96.0,99057,8,descendant_authors,0.9938497040232768
tol99,legal,5,null,97.0,111565,2,descendant_authors,1.1193438346543594
tol99,legal,5,null,98.0,104239,3,descendant_authors,1.045841276211498
tol99,legal,5,null,99.0,103518,4,descendant_authors,1.0386074044346343
tol99,legal,5,null,100.0,100385,6,descendant_authors,1.0071736731213004
tol99,legal,5,null,101.0,102105,6,descendant_authors,1.0244306210494631
tol99,legal,5,null,102.0,102003,1,descendant_authors,1.023407243904886
tol99,legal,5,null,103.0,102821,8,descendant_authors,1.031614327280024
tol99,legal,5,null,104.0,107606,5,descendant_authors,1.079622755091803
tol99,legal,5,null,105.0,107502,3,descendant_authors,1.0785793117287048
tol99,legal,5,null,106.0,99397,1,descendant_authors,0.9972609611718671
tol99,legal,5,null,107.0,105767,8,descendant_authors,1.0611718671616335
tol99,legal,5,null,108.0,98760,2,descendant_authors,0.9908698705728906
tol99,legal,5,null,109.0,107457,6,descendant_authors,1.0781278218119796
tol99,legal,5,null,110.0,128896,5,descendant_authors,1.293227651249122
tol99,legal,5,null,111.0,106972,4,descendant_authors,1.0732617638206081
tol99,legal,5,null,112.0,99431,8,descendant_authors,0.9976020868867262
tol99,legal,5,null,113.0,104757,4,descendant_authors,1.051038426808468
tol99,legal,5,null,114.0,100638,11,descendant_authors,1.009712049764222
tol99,legal,5,null,115.0,120200,1,descendant_authors,1.2059797331192936
tol99,legal,5,null,116.0,105289,1,descendant_authors,1.0563760409350857
tol99,legal,5,null,117.0,105875,9,descendant_authors,1.0622554429617739
tol99,legal,5,null,118.0,108967,4,descendant_authors,1.093277816795425
tol99,legal,5,null,119.0,101607,6,descendant_authors,1.0194341326377043
tol99,legal,5,null,120.0,100254,9,descendant_authors,1.0058593358081669
tol99,legal,5,null,121.0,103107,18,descendant_authors,1.0344837965285443
tol99,legal,5,null,122.0,136397,5,descendant_authors,1.3684860038125815
tol99,legal,5,null,123.0,101111,9,descendant_authors,1.0144577104444668
tol99,legal,5,null,124.0,106298,5,descendant_authors,1.0664994481789907
tol99,legal,5,null,125.0,101296,2,descendant_authors,1.0163138356576704
tol99,legal,5,null,126.0,99055,0,descendant_authors,0.9938296378047556
tol99,legal,5,null,127.0,100615,5,descendant_authors,1.009481288251229
tol99,legal,5,null,128.0,104121,5,descendant_authors,1.044657369318752
tol99,legal,5,null,129.0,98803,1,descendant_authors,0.9913012942710946
tol99,legal,5,null,130.0,108478,3,descendant_authors,1.0883716263670111
tol99,legal,5,null,131.0,107316,6,descendant_authors,1.0767131534062406
tol99,legal,5,null,132.0,107732,4,descendant_authors,1.0808869268586334
tol99,legal,5,null,133.0,101853,5,descendant_authors,1.0219022775158022
tol99,legal,5,null,134.0,119211,5,descendant_authors,1.1960569880606
tol99,legal,5,null,135.0,98952,5,descendant_authors,0.992796227550918
tol99,legal,5,null,136.0,108763,4,descendant_authors,1.0912310625062707
tol99,legal,5,null,137.0,98753,11,descendant_authors,0.9907996388080667
tol99,legal,5,null,138.0,107085,3,descendant_authors,1.0743955051670513
tol99,legal,5,null,139.0,109612,11,descendant_authors,1.099749172268486
tol99,legal,5,null,140.0,108129,2,descendant_authors,1.0848700712350758
tol99,legal,5,null,141.0,114788,3,descendant_authors,1.1516805458011439
tol99,legal,5,null,142.0,116675,3,descendant_authors,1.1706130229758203
tol99,legal,5,null,143.0,105982,3,descendant_authors,1.0633289856526538
tol99,legal,5,null,144.0,110763,3,descendant_authors,1.1112972810273904
tol99,legal,5,null,145.0,112569,4,descendant_authors,1.1294170763519615
tol99,legal,5,null,146.0,134898,4,descendant_authors,1.3534463730310022
tol99,legal,5,null,147.0,99752,1,descendant_authors,1.0008227149593658
tol99,legal,5,null,148.0,107131,9,descendant_authors,1.074857028193037
tol99,legal,5,null,149.0,104568,27,descendant_authors,1.0491421691582221
tol99,legal,5,null,150.0,106325,6,descendant_authors,1.0667703421290258
tol99,legal,5,null,151.0,102872,7,descendant_authors,1.0321260158523127
tol99,legal,5,null,152.0,101164,4,descendant_authors,1.0149894652352764
tol99,legal,5,null,153.0,100591,4,descendant_authors,1.0092404936289756
tol99,legal,5,null,154.0,117041,5,descendant_authors,1.174285140965185
tol99,legal,5,null,155.0,109405,7,descendant_authors,1.09767231865155
tol99,legal,5,null,156.0,104648,7,descendant_authors,1.049944817899067
tol99,legal,5,null,157.0,108134,4,descendant_authors,1.0849202367813786
tol99,legal,5,null,158.0,101671,6,descendant_authors,1.0200762516303803
tol99,legal,5,null,159.0,99886,4,descendant_authors,1.002167151600281
tol99,legal,5,null,160.0,101287,7,descendant_authors,1.0162235376743254
tol99,legal,5,null,161.0,104848,25,descendant_authors,1.0519514397511789
tol99,legal,5,null,162.0,107608,6,descendant_authors,1.079642821310324
tol99,legal,5,null,163.0,110976,3,descendant_authors,1.1134343332998897
tol99,legal,5,null,164.0,99672,7,descendant_authors,1.000020066218521
tol99,legal,5,null,165.0,101395,6,descendant_authors,1.0173071134744658
tol99,legal,5,null,166.0,101284,8,descendant_authors,1.0161934383465436
tol99,legal,5,null,167.0,103606,6,descendant_authors,1.0394903180495636
tol99,legal,5,null,168.0,104538,3,descendant_authors,1.0488411758804053
tol99,legal,5,null,169.0,106011,34,descendant_authors,1.0636199458212099
tol99,legal,5,null,170.0,99237,1,descendant_authors,0.9956556636901776
tol99,legal,5,null,171.0,101926,14,descendant_authors,1.022634694491823
tol99,legal,5,null,172.0,98850,3,descendant_authors,0.9917728504063409
tol99,legal,5,null,173.0,99408,6,descendant_authors,0.9973713253737333
tol99,legal,5,null,174.0,103243,6,descendant_authors,1.0358482993879803
tol99,legal,5,null,175.0,102601,2,descendant_authors,1.029407043242701
tol99,legal,5,null,176.0,100833,10,descendant_authors,1.011668506070031
tol99,legal,5,null,177.0,110709,9,descendant_authors,1.1107554931273202
tol99,legal,5,null,178.0,99798,9,descendant_authors,1.0012842379853517
tol99,legal,5,null,179.0,111162,6,descendant_authors,1.1153004916223537
tol99,legal,5,null,180.0,105095,7,descendant_authors,1.0544296177385373
tol99,legal,5,null,181.0,99619,5,descendant_authors,0.9994883114277114
tol99,legal,5,null,182.0,101236,5,descendant_authors,1.0157118491020367
tol99,legal,5,null,183.0,126708,20,descendant_authors,1.2712752081870171
tol99,legal,5,null,184.0,101362,4,descendant_authors,1.0169760208688672
tol99,legal,5,null,185.0,103365,6,descendant_authors,1.0370723387177687
tol99,legal,5,null,186.0,113350,8,descendant_authors,1.1372529346844586
tol99,legal,5,null,187.0,102314,4,descendant_authors,1.0265275408849202
tol99,legal,5,null,188.0,114644,7,descendant_authors,1.1502357780676231
tol99,legal,5,null,189.0,112944,9,descendant_authors,1.1331794923246714
tol99,legal,5,null,190.0,121758,12,descendant_authors,1.2216113173472458
tol99,legal,5,null,191.0,101917,4,descendant_authors,1.022544396508478
tol99,legal,5,null,192.0,104423,5,descendant_authors,1.0476873683154408
tol99,legal,5,null,193.0,98948,4,descendant_authors,0.9927560951138757
tol99,legal,5,null,194.0,105202,7,descendant_authors,1.0555031604294172
tol99,legal,5,null,195.0,100252,25,descendant_authors,1.0058392695896459
tol99,legal,5,null,196.0,111867,3,descendant_authors,1.1223738336510485
tol99,legal,5,null,197.0,104796,8,descendant_authors,1.0514297180696297
tol99,legal,5,null,198.0,106128,5,descendant_authors,1.0647938196046955
tol99,legal,5,null,199.0,106729,2,descendant_authors,1.070823718270292
tol99,legal,5,null,200.0,105059,10,descendant_authors,1.054068425805157
tol99,legal,5,null,201.0,100629,10,descendant_authors,1.009621751780877
tol99,legal,5,null,202.0,108326,10,descendant_authors,1.086846593759406
tol99,legal,5,null,203.0,105959,9,descendant_authors,1.063098224139661
tol99,legal,5,null,204.0,102329,3,descendant_authors,1.0266780375238287
tol99,legal,5,null,205.0,101784,4,descendant_authors,1.0212099929768235
tol99,legal,5,null,206.0,119110,3,descendant_authors,1.1950436440252834
tol99,legal,5,null,207.0,105533,9,descendant_authors,1.0588241195946624
tol99,legal,5,null,208.0,106874,6,descendant_authors,1.072278519113073
tol99,legal,5,null,209.0,104404,9,descendant_authors,1.0474967392394903
tol99,legal,5,null,210.0,102458,3,descendant_authors,1.027972308618441
tol99,legal,5,null,211.0,102280,5,descendant_authors,1.0261864151700613
tol99,legal,5,null,212.0,103991,4,descendant_authors,1.043353065114879
tol99,legal,5,null,213.0,105385,14,descendant_authors,1.0573392194240996
tol99,legal,5,null,214.0,99954,8,descendant_authors,1.002849403029999
tol99,legal,5,null,215.0,102161,5,descendant_authors,1.0249924751680546
tol99,legal,5,null,216.0,102843,4,descendant_authors,1.0318350556837563
tol99,legal,5,null,217.0,112000,10,descendant_authors,1.123708237182703
tol99,legal,5,null,218.0,101540,3,descendant_authors,1.0187619143172468
tol99,legal,5,null,219.0,104861,4,descendant_authors,1.0520818701715662
tol99,legal,5,null,220.0,101119,6,descendant_authors,1.0145379753185513
tol99,legal,5,null,221.0,101176,1,descendant_authors,1.0151098625464032
tol99,legal,5,null,222.0,120983,13,descendant_authors,1.213835657670312
tol99,legal,5,null,223.0,100252,13,descendant_authors,1.0058392695896459
tol99,legal,5,null,224.0,102030,6,descendant_authors,1.0236781378549213
tol99,legal,5,null,225.0,104182,10,descendant_authors,1.045269388983646
tol99,legal,5,null,226.0,109523,6,descendant_authors,1.0988562255442962
tol99,legal,5,null,227.0,100293,1,descendant_authors,1.0062506270693288
tol99,legal,5,null,228.0,105075,26,descendant_authors,1.054228955553326
tol99,legal,5,null,229.0,106943,5,descendant_authors,1.0729708036520518
tol99,legal,5,null,230.0,118177,7,descendant_authors,1.185682753085181
tol99,legal,5,null,231.0,110642,6,descendant_authors,1.1100832748068628
tol99,legal,5,null,232.0,122085,4,descendant_authors,1.224892144075449
tol99,legal,5,null,233.0,103158,8,descendant_authors,1.0349954851008327
tol99,legal,5,null,234.0,99524,4,descendant_authors,0.9985351660479582
tol99,legal,5,null,235.0,103913,8,descendant_authors,1.0425704825925555
tol99,legal,5,null,236.0,112563,5,descendant_authors,1.129356877696398
tol99,legal,5,null,237.0,100760,6,descendant_authors,1.0109360890940102
tol99,legal,5,null,238.0,100740,31,descendant_authors,1.0107354269087991
tol99,legal,5,null,239.0,100663,4,descendant_authors,1.0099628774957359
tol99,legal,5,null,240.0,104995,7,descendant_authors,1.0534263068124812
tol99,legal,5,null,241.0,102775,3,descendant_authors,1.0311528042540383
tol99,legal,5,null,242.0,100249,4,descendant_authors,1.0058091702618641
tol99,legal,5,null,243.0,116479,12,descendant_authors,1.1686465335607505
tol99,legal,5,null,244.0,108748,9,descendant_authors,1.0910805658673624
tol99,legal,5,null,245.0,100551,12,descendant_authors,1.0088391692585532
tol99,legal,5,null,246.0,99964,3,descendant_authors,1.0029497341226046
tol99,legal,5,null,247.0,133286,4,descendant_authors,1.3372730009029798
tol99,legal,5,null,248.0,105727,1,descendant_authors,1.060770542791211
tol99,legal,5,null,249.0,105863,5,descendant_authors,1.062135045650647
tol99,legal,5,null,250.0,99355,33,descendant_authors,0.9968395705829236
tol99,legal,5,null,251.0,102374,3,descendant_authors,1.0271295274405539
tol99,legal,5,null,252.0,101844,3,descendant_authors,1.0218119795324572
tol99,legal,5,null,253.0,111234,3,descendant_authors,1.1160228754891142
tol99,legal,5,null,254.0,100560,3,descendant_authors,1.0089294672418982
tol99,legal,5,null,255.0,111720,2,descendant_authors,1.1208989665897462
tol99,legal,5,null,256.0,108256,2,descendant_authors,1.0861442761111668
tol99,legal,5,null,257.0,100211,6,descendant_authors,1.005427912109963
tol99,legal,5,null,258.0,103839,7,descendant_authors,1.041828032507274
tol99,legal,5,null,259.0,105850,9,descendant_authors,1.0620046152302598
tol99,legal,5,null,260.0,129345,8,descendant_authors,1.2977325173071135
tol99,legal,5,null,261.0,100399,7,descendant_authors,1.0073141366509482
tol99,legal,5,null,262.0,102910,7,descendant_authors,1.0325072740042138
tol99,legal,5,null,263.0,109942,14,descendant_authors,1.1030600983244707
tol99,legal,5,null,264.0,108145,8,descendant_authors,1.0850306009832447
tol99,legal,5,null,265.0,113052,4,descendant_authors,1.1342630681248118
tol99,legal,5,null,266.0,143671,8,descendant_authors,1.441466840573894
tol99,legal,5,null,267.0,117974,5,descendant_authors,1.1836460319052875
tol99,legal,5,null,268.0,104536,11,descendant_authors,1.0488211096618842
tol99,legal,5,null,269.0,105201,5,descendant_authors,1.0554931273201564
tol99,legal,5,null,270.0,122540,9,descendant_authors,1.2294572087890037
tol99,legal,5,null,271.0,100744,4,descendant_authors,1.0107755593458412
tol99,legal,5,null,272.0,103533,5,descendant_authors,1.0387579010735426
tol99,legal,5,null,273.0,133880,17,descendant_authors,1.3432326678037523
tol99,legal,5,null,274.0,101980,6,descendant_authors,1.0231764823918932
tol99,legal,5,null,275.0,109091,4,descendant_authors,1.0945219223437344
tol99,legal,5,null,276.0,114785,3,descendant_authors,1.1516504464733621
tol99,legal,5,null,277.0,101805,7,descendant_authors,1.0214206882712953
tol99,legal,5,null,278.0,106160,6,descendant_authors,1.0651148791010334
tol99,legal,5,null,279.0,125500,9,descendant_authors,1.259155212200261
tol99,legal,5,null,280.0,103588,2,descendant_authors,1.0393097220828735
tol99,legal,5,null,281.0,111988,5,descendant_authors,1.1235878398715762
tol99,legal,5,null,282.0,100864,7,descendant_authors,1.0119795324571084
tol99,legal,5,null,283.0,115757,6,descendant_authors,1.1614026286746262
tol99,legal,5,null,284.0,99012,8,descendant_authors,0.9933982141065516
tol99,legal,5,null,285.0,102719,7,descendant_authors,1.0305909501354469
tol99,legal,5,null,286.0,99632,5,descendant_authors,0.9996187418480987
tol99,legal,5,null,287.0,114628,6,descendant_authors,1.1500752483194543
tol99,legal,5,null,288.0,132043,3,descendant_authors,1.324801846092104
tol99,legal,5,null,289.0,102314,3,descendant_authors,1.0265275408849202
tol99,legal,5,null,290.0,108881,6,descendant_authors,1.0924149693990168
tol99,legal,5,null,291.0,109403,26,descendant_authors,1.097652252433029
tol99,legal,5,null,292.0,108318,7,descendant_authors,1.0867663288853215
tol99,legal,5,null,293.0,98947,22,descendant_authors,0.9927460620046152
tol99,legal,5,null,294.0,111097,1,descendant_authors,1.1146483395204174
tol99,legal,5,null,295.0,107499,6,descendant_authors,1.078549212400923
tol99,legal,5,null,296.0,119746,10,descendant_authors,1.2014247015149995
tol99,legal,5,null,297.0,108368,7,descendant_authors,1.0872679843483495
tol99,legal,5,null,298.0,109506,10,descendant_authors,1.0986856626868666
tol99,legal,5,null,299.0,111578,10,descendant_authors,1.1194742650747467
tol99,legal,5,null,300.0,103369,12,descendant_authors,1.037112471154811
tol99,legal,5,null,301.0,111026,33,descendant_authors,1.1139359887629177
tol99,legal,5,null,302.0,101153,5,descendant_authors,1.0148791010334102
tol99,legal,5,null,303.0,99499,0,descendant_authors,0.9982843383164443
tol99,legal,5,null,304.0,103232,7,descendant_authors,1.0357379351861142
tol99,legal,5,null,305.0,102296,5,descendant_authors,1.02634694491823
tol99,legal,5,null,306.0,106508,4,descendant_authors,1.0686064011237082
tol99,legal,5,null,307.0,101290,4,descendant_authors,1.016253637002107
tol99,legal,5,null,308.0,102634,1,descendant_authors,1.0297381358482993
tol99,legal,5,null,309.0,105059,8,descendant_authors,1.054068425805157
tol99,legal,5,null,310.0,107943,2,descendant_authors,1.0830039129126117
tol99,legal,5,null,311.0,101831,7,descendant_authors,1.0216815491120699
tol99,legal,5,null,312.0,108111,7,descendant_authors,1.0846894752683858
tol99,legal,5,null,313.0,116103,9,descendant_authors,1.16487408447878
tol99,legal,5,null,314.0,104207,12,descendant_authors,1.04552021671516
tol99,legal,5,null,315.0,99559,8,descendant_authors,0.9988863248720778
tol99,legal,5,null,316.0,100173,2,descendant_authors,1.0050466539580616
tol99,legal,5,null,317.0,107660,8,descendant_authors,1.0801645429918731
tol99,legal,5,null,318.0,107623,10,descendant_authors,1.0797933179492325
tol99,legal,5,null,319.0,102050,2,descendant_authors,1.0238788000401324
tol99,legal,5,null,320.0,100226,26,descendant_authors,1.0055784087488713
tol99,legal,5,null,321.0,99296,6,descendant_authors,0.9962476171365506
tol99,legal,5,null,322.0,114864,3,descendant_authors,1.1524430621049464
tol99,legal,5,null,323.0,101335,3,descendant_authors,1.016705126918832
tol99,legal,5,null,324.0,101067,2,descendant_authors,1.014016253637002
tol99,legal,5,null,325.0,99772,10,descendant_authors,1.0010233771445771
tol99,legal,5,null,326.0,107098,8,descendant_authors,1.0745259355874386
tol99,legal,5,null,327.0,112872,6,descendant_authors,1.1324571084579111
tol99,legal,5,null,328.0,106353,19,descendant_authors,1.0670512691883214
tol99,legal,5,null,329.0,99911,4,descendant_authors,1.0024179793317949
tol99,legal,5,null,330.0,100343,11,descendant_authors,1.0067522825323567
tol99,legal,5,null,331.0,102647,3,descendant_authors,1.0298685662686866
tol99,legal,5,null,332.0,108614,4,descendant_authors,1.0897361292264474
tol99,legal,5,null,333.0,101189,6,descendant_authors,1.0152402929667903
tol99,legal,5,null,334.0,118404,6,descendant_authors,1.187960268887328
tol99,legal,5,null,335.0,107646,3,descendant_authors,1.0800240794622253
tol99,legal,5,null,336.0,107844,5,descendant_authors,1.0820106350958163
tol99,legal,5,null,337.0,104647,6,descendant_authors,1.0499347847898064
tol99,legal,5,null,338.0,111723,1,descendant_authors,1.120929065917528
tol99,legal,5,null,339.0,100560,6,descendant_authors,1.0089294672418982
tol99,legal,5,null,340.0,108508,10,descendant_authors,1.088672619644828
tol99,legal,5,null,341.0,104363,5,descendant_authors,1.0470853817598074
tol99,legal,5,null,342.0,99242,5,descendant_authors,0.9957058292364804
tol99,legal,5,null,343.0,110305,8,descendant_authors,1.106702116986054
tol99,legal,5,null,344.0,117132,7,descendant_authors,1.175198153907896
tol99,legal,5,null,345.0,99016,2,descendant_authors,0.9934383465435939
tol99,legal,5,null,346.0,103227,2,descendant_authors,1.0356877696398115
tol99,legal,5,null,347.0,120174,11,descendant_authors,1.205718872278519
tol99,legal,5,null,348.0,105352,31,descendant_authors,1.057008126818501
tol99,legal,5,null,349.0,103504,6,descendant_authors,1.0384669409049865
tol99,legal,5,null,350.0,107301,12,descendant_authors,1.076562656767332
tol99,legal,5,null,351.0,110270,6,descendant_authors,1.1063509581619344
tol99,legal,5,null,352.0,99554,18,descendant_authors,0.9988361593257751
tol99,legal,5,null,353.0,105791,11,descendant_authors,1.0614126617838868
tol99,legal,5,null,354.0,101988,1,descendant_authors,1.0232567472659777
tol99,legal,5,null,355.0,122225,1,descendant_authors,1.2262967793719273
tol99,legal,5,null,356.0,111886,10,descendant_authors,1.122564462726999
tol99,legal,5,null,357.0,128697,8,descendant_authors,1.2912310625062706
tol99,legal,5,null,358.0,113972,4,descendant_authors,1.143493528644527
tol99,legal,5,null,359.0,105603,3,descendant_authors,1.0595264372429016
tol99,legal,5,null,360.0,117687,25,descendant_authors,1.1807665295475067
tol99,legal,5,null,361.0,106768,6,descendant_authors,1.0712150095314539
tol99,legal,5,null,362.0,98905,3,descendant_authors,0.9923246714156717
tol99,legal,5,null,363.0,99976,6,descendant_authors,1.0030701314337314
tol99,legal,5,null,364.0,115759,5,descendant_authors,1.1614226948931474
tol99,legal,5,null,365.0,99190,4,descendant_authors,0.9951841075549313
tol99,legal,5,null,366.0,106477,6,descendant_authors,1.0682953747366308
tol99,legal,5,null,367.0,111336,6,descendant_authors,1.1170462526336913
tol99,legal,5,null,368.0,105912,5,descendant_authors,1.0626266680044145
tol99,legal,5,null,369.0,112974,1,descendant_authors,1.1334804856024883
tol99,legal,5,null,370.0,101618,9,descendant_authors,1.0195444968395706
tol99,legal,5,null,371.0,101080,6,descendant_authors,1.0141466840573894
tol99,legal,5,null,372.0,101342,7,descendant_authors,1.016775358683656
tol99,legal,5,null,373.0,116995,2,descendant_authors,1.1738236179391994
tol99,legal,5,null,374.0,100880,8,descendant_authors,1.0121400622052774
tol99,legal,5,null,375.0,103017,7,descendant_authors,1.0335808166950937
tol99,legal,5,null,376.0,101704,1,descendant_authors,1.0204073442359787
tol99,legal,5,null,377.0,105159,3,descendant_authors,1.055071736731213
tol99,legal,5,null,378.0,101846,3,descendant_authors,1.0218320457509782
tol99,legal,5,null,379.0,107596,1,descendant_authors,1.0795224239991974
tol99,legal,5,null,380.0,101677,13,descendant_authors,1.0201364502859436
tol99,legal,5,null,381.0,100139,12,descendant_authors,1.0047055282432025
tol99,legal,5,null,382.0,102359,5,descendant_authors,1.0269790308016453
tol99,legal,5,null,383.0,107163,5,descendant_authors,1.0751780876893748
tol99,legal,5,null,384.0,106168,25,descendant_authors,1.065195143975118
tol99,legal,5,null,385.0,101795,2,descendant_authors,1.0213203571786897
tol99,legal,5,null,386.0,99075,4,descendant_authors,0.9940302999899668
tol99,legal,5,null,387.0,98773,3,descendant_authors,0.9910003009932778
tol99,legal,5,null,388.0,102460,6,descendant_authors,1.027992374836962
tol99,legal,5,null,389.0,118459,15,descendant_authors,1.188512089896659
tol99,legal,5,null,390.0,103989,3,descendant_authors,1.043332998896358
tol99,legal,5,null,391.0,111778,27,descendant_authors,1.1214808869268587
tol99,legal,5,null,392.0,107844,8,descendant_authors,1.0820106350958163
tol99,legal,5,null,393.0,101550,4,descendant_authors,1.0188622454098526
tol99,legal,5,null,394.0,112365,6,descendant_authors,1.1273703220628073
tol99,legal,5,null,395.0,103556,4,descendant_authors,1.0389886625865357
tol99,legal,5,null,396.0,131525,11,descendant_authors,1.319604695495134
tol99,legal,5,null,397.0,100370,2,descendant_authors,1.0070231764823918
tol99,legal,5,null,398.0,105545,6,descendant_authors,1.0589445169057892
tol99,legal,5,null,399.0,101839,3,descendant_authors,1.0217618139861544
tol99,legal,5,null,400.0,100767,5,descendant_authors,1.0110063208588342
tol99,legal,5,null,401.0,102329,2,descendant_authors,1.0266780375238287
tol99,legal,5,null,402.0,99028,2,descendant_authors,0.9935587438547205
tol99,legal,5,null,403.0,131538,5,descendant_authors,1.3197351259155212
tol99,legal,5,null,404.0,115802,7,descendant_authors,1.1618541185913516
tol99,legal,5,null,405.0,108128,4,descendant_authors,1.084860038125815
tol99,legal,5,null,406.0,100812,5,descendant_authors,1.0114578107755594
tol99,legal,5,null,407.0,106322,6,descendant_authors,1.066740242801244
tol99,legal,5,null,408.0,105914,3,descendant_authors,1.0626467342229358
tol99,legal,5,null,409.0,104843,5,descendant_authors,1.0519012742048761
tol99,legal,5,null,410.0,100866,7,descendant_authors,1.0119995986756296
tol99,legal,5,null,411.0,104405,6,descendant_authors,1.0475067723487508
tol99,legal,5,null,412.0,103525,4,descendant_authors,1.0386776361994583
tol99,legal,5,null,413.0,104129,5,descendant_authors,1.0447376341928363
tol99,legal,5,null,414.0,99111,4,descendant_authors,0.9943914919233471
tol99,legal,5,null,415.0,101958,4,descendant_authors,1.0229557539881609
tol99,legal,5,null,416.0,99044,2,descendant_authors,0.9937192736028896
tol99,legal,5,null,417.0,129074,6,descendant_authors,1.2950135446975017
tol99,legal,5,null,418.0,106838,6,descendant_authors,1.071917327179693
tol99,legal,5,null,419.0,102220,4,descendant_authors,1.0255844286144276
tol99,legal,5,null,420.0,103204,4,descendant_authors,1.0354570081268184
tol99,legal,5,null,421.0,101634,3,descendant_authors,1.0197050265877396
tol99,legal,5,null,422.0,98704,9,descendant_authors,0.9903080164542992
tol99,legal,5,null,423.0,103078,3,descendant_authors,1.034192836359988
tol99,legal,5,null,424.0,99237,1,descendant_authors,0.9956556636901776
tol99,legal,5,null,425.0,102680,4,descendant_authors,1.0301996588742852
tol99,legal,5,null,426.0,104882,7,descendant_authors,1.052292565466038
tol99,legal,5,null,427.0,105982,5,descendant_authors,1.0633289856526538
tol99,legal,5,null,428.0,105074,3,descendant_authors,1.0542189224440655
tol99,legal,5,null,429.0,110565,6,descendant_authors,1.1093107253937995
tol99,legal,5,null,430.0,104373,9,descendant_authors,1.047185712852413
tol99,legal,5,null,431.0,114871,8,descendant_authors,1.1525132938697702
tol99,legal,5,null,432.0,110216,4,descendant_authors,1.1058091702618642
tol99,legal,5,null,433.0,101700,2,descendant_authors,1.0203672117989364
tol99,legal,5,null,434.0,101044,9,descendant_authors,1.0137854921240093
tol99,legal,5,null,435.0,98715,2,descendant_authors,0.9904183806561654
tol99,legal,5,null,436.0,99398,2,descendant_authors,0.9972709942811278
tol99,legal,5,null,437.0,105901,6,descendant_authors,1.0625163038025485
tol99,legal,5,null,438.0,102373,4,descendant_authors,1.0271194943312933
tol99,legal,5,null,439.0,103213,4,descendant_authors,1.0355473061101634
tol99,legal,5,null,440.0,99479,12,descendant_authors,0.998083676131233
tol99,legal,5,null,441.0,117831,0,descendant_authors,1.1822112972810275
tol99,legal,5,null,442.0,103304,2,descendant_authors,1.0364603190528745
tol99,legal,5,null,443.0,116780,6,descendant_authors,1.171666499448179
tol99,legal,5,null,444.0,104286,9,descendant_authors,1.0463128323467443
tol99,legal,5,null,445.0,99343,2,descendant_authors,0.9967191732717969
tol99,legal,5,null,446.0,102659,5,descendant_authors,1.0299889635798134
tol99,legal,5,null,447.0,99831,1,descendant_authors,1.00161533059095
tol99,legal,5,null,448.0,108736,9,descendant_authors,1.0909601685562356
tol99,legal,5,null,449.0,112176,2,descendant_authors,1.1254740644125614
tol99,legal,5,null,450.0,102977,1,descendant_authors,1.0331794923246713
tol99,legal,5,null,451.0,111376,19,descendant_authors,1.1174475770041137
tol99,legal,5,null,452.0,99833,3,descendant_authors,1.0016353968094713
tol99,legal,5,null,453.0,101947,3,descendant_authors,1.0228453897862948
tol99,legal,5,null,454.0,102921,15,descendant_authors,1.03261763820608
tol99,legal,5,null,455.0,113794,35,descendant_authors,1.1417076351961473
tol99,legal,5,null,456.0,100169,3,descendant_authors,1.0050065215210193
tol99,legal,5,null,457.0,99134,4,descendant_authors,0.9946222534363399
tol99,legal,5,null,458.0,118012,7,descendant_authors,1.1840272900571887
tol99,legal,5,null,459.0,101846,3,descendant_authors,1.0218320457509782
tol99,legal,5,null,460.0,108039,2,descendant_authors,1.0839670914016253
tol99,legal,5,null,461.0,103498,5,descendant_authors,1.0384067422494232
tol99,legal,5,null,462.0,114131,3,descendant_authors,1.145088793016956
tol99,legal,5,null,463.0,99170,6,descendant_authors,0.99498344536972
tol99,legal,5,null,464.0,104589,11,descendant_authors,1.049352864452694
tol99,legal,5,null,465.0,105720,16,descendant_authors,1.060700311026387
tol99,legal,5,null,466.0,102567,0,descendant_authors,1.0290659175278418
tol99,legal,5,null,467.0,105701,5,descendant_authors,1.0605096819504365
tol99,legal,5,null,468.0,99339,4,descendant_authors,0.9966790408347547
tol99,legal,5,null,469.0,108759,2,descendant_authors,1.0911909300692284
tol99,legal,5,null,470.0,106407,5,descendant_authors,1.0675930570883916
tol99,legal,5,null,471.0,113208,4,descendant_authors,1.1358282331694591
tol99,legal,5,null,472.0,106095,16,descendant_authors,1.064462726999097
tol99,legal,5,null,473.0,107573,4,descendant_authors,1.0792916624862046
tol99,legal,5,null,474.0,98822,12,descendant_authors,0.9914919233470453
tol99,legal,5,null,475.0,107227,8,descendant_authors,1.0758202066820508
tol99,legal,5,null,476.0,111931,4,descendant_authors,1.1230159526437242
tol99,legal,5,null,477.0,113490,2,descendant_authors,1.1386575699809371
tol99,legal,5,null,478.0,103223,9,descendant_authors,1.0356476372027692
tol99,legal,5,null,479.0,102804,4,descendant_authors,1.0314437644225947
tol99,legal,5,null,480.0,106817,6,descendant_authors,1.0717066318852213
tol99,legal,5,null,481.0,125216,2,descendant_authors,1.256305809170262
tol99,legal,5,null,482.0,152310,8,descendant_authors,1.5281428714758705
tol99,legal,5,null,483.0,105922,27,descendant_authors,1.06272699909702
tol99,legal,5,null,484.0,98685,4,descendant_authors,0.9901173873783485
tol99,legal,5,null,485.0,111164,6,descendant_authors,1.115320557840875
tol99,legal,5,null,486.0,107015,7,descendant_authors,1.073693187518812
tol99,legal,5,null,487.0,113793,5,descendant_authors,1.1416976020868868
tol99,legal,5,null,488.0,110138,7,descendant_authors,1.1050265877395404
tol99,legal,5,null,489.0,100111,5,descendant_authors,1.0044246011839069
tol99,legal,5,null,490.0,103411,6,descendant_authors,1.0375338617437544
tol99,legal,5,null,491.0,99416,4,descendant_authors,0.9974515902478178
tol99,legal,5,null,492.0,108834,8,descendant_authors,1.0919434132637704
tol99,legal,5,null,493.0,102094,5,descendant_authors,1.024320256847597
tol99,legal,5,null,494.0,102092,10,descendant_authors,1.0243001906290758
tol99,legal,5,null,495.0,99160,9,descendant_authors,0.9948831142771145
tol99,legal,5,null,496.0,103010,5,descendant_authors,1.03351058493027
tol99,legal,5,null,497.0,104688,7,descendant_authors,1.0503461422694893
tol99,legal,5,null,498.0,99961,36,descendant_authors,1.0029196347948228
tol99,legal,5,null,499.0,99233,5,descendant_authors,0.9956155312531354
tol99,legal,5,downloads,,8811,0,,
tol99,legal,5,null,0.0,15264,0,downloads,1.7323799795709909
tol99,legal,5,null,1.0,8852,0,downloads,1.0046532743161956
tol99,legal,5,null,2.0,9237,0,downloads,1.0483486550902281
tol99,legal,5,null,3.0,8790,0,downloads,0.9976166155941437
tol99,legal,5,null,4.0,14741,0,downloads,1.6730223584156168
tol99,legal,5,null,5.0,9344,0,downloads,1.0604925661105435
tol99,legal,5,null,6.0,16092,0,downloads,1.8263534218590398
tol99,legal,5,null,7.0,9084,0,downloads,1.030983997276132
tol99,legal,5,null,8.0,9698,1,downloads,1.1006696175235502
tol99,legal,5,null,9.0,10885,0,downloads,1.2353875837021904
tol99,legal,5,null,10.0,10551,0,downloads,1.1974804221995232
tol99,legal,5,null,11.0,9143,0,downloads,1.0376801725116331
tol99,legal,5,null,12.0,8951,0,downloads,1.0158892293723754
tol99,legal,5,null,13.0,8864,0,downloads,1.0060152082623992
tol99,legal,5,null,14.0,9659,0,downloads,1.0962433321983884
tol99,legal,5,null,15.0,9497,1,downloads,1.0778572239246396
tol99,legal,5,null,16.0,11727,0,downloads,1.330949948927477
tol99,legal,5,null,17.0,10003,0,downloads,1.1352854386562252
tol99,legal,5,null,18.0,10573,0,downloads,1.1999773011008965
tol99,legal,5,null,19.0,9206,1,downloads,1.0448303257292022
tol99,legal,5,null,20.0,22616,0,downloads,2.5667915106117354
tol99,legal,5,null,21.0,9801,0,downloads,1.1123595505617978
tol99,legal,5,null,22.0,9285,0,downloads,1.0537963908750425
tol99,legal,5,null,23.0,9280,0,downloads,1.0532289183974577
tol99,legal,5,null,24.0,9240,0,downloads,1.048689138576779
tol99,legal,5,null,25.0,9992,0,downloads,1.1340369992055386
tol99,legal,5,null,26.0,8749,0,downloads,0.992963341277948
tol99,legal,5,null,27.0,8929,0,downloads,1.013392350471002
tol99,legal,5,null,28.0,8786,0,downloads,0.9971626376120758
tol99,legal,5,null,29.0,8978,0,downloads,1.0189535807513335
tol99,legal,5,null,30.0,10233,0,downloads,1.1613891726251278
tol99,legal,5,null,31.0,10840,0,downloads,1.230280331403927
tol99,legal,5,null,32.0,9581,1,downloads,1.087390761548065
tol99,legal,5,null,33.0,10261,0,downloads,1.1645670184996029
tol99,legal,5,null,34.0,9685,0,downloads,1.0991941890818295
tol99,legal,5,null,35.0,9110,0,downloads,1.0339348541595732
tol99,legal,5,null,36.0,9444,0,downloads,1.0718420156622404
tol99,legal,5,null,37.0,8853,0,downloads,1.0047667688117126
tol99,legal,5,null,38.0,8793,0,downloads,0.9979570990806946
tol99,legal,5,null,39.0,9017,0,downloads,1.0233798660764952
tol99,legal,5,null,40.0,10164,0,downloads,1.1535580524344569
tol99,legal,5,null,41.0,16015,0,downloads,1.8176143457042333
tol99,legal,5,null,42.0,9535,0,downloads,1.0821700147542843
tol99,legal,5,null,43.0,9462,0,downloads,1.0738849165815458
tol99,legal,5,null,44.0,8964,0,downloads,1.017364657814096
tol99,legal,5,null,45.0,11408,0,downloads,1.2947452048575645
tol99,legal,5,null,46.0,11579,3,downloads,1.3141527635909658
tol99,legal,5,null,47.0,22492,0,downloads,2.5527181931676313
tol99,legal,5,null,48.0,8855,0,downloads,1.0049937578027466
tol99,legal,5,null,49.0,9345,0,downloads,1.0606060606060606
tol99,legal,5,null,50.0,8799,0,downloads,0.9986380660537963
tol99,legal,5,null,51.0,10501,3,downloads,1.191805697423675
tol99,legal,5,null,52.0,9265,0,downloads,1.0515265009647032
tol99,legal,5,null,53.0,8881,0,downloads,1.0079446146861877
tol99,legal,5,null,54.0,9740,0,downloads,1.1054363863352628
tol99,legal,5,null,55.0,9058,0,downloads,1.028033140392691
tol99,legal,5,null,56.0,11834,2,downloads,1.3430938599477926
tol99,legal,5,null,57.0,9624,0,downloads,1.0922710248552945
tol99,legal,5,null,58.0,8849,0,downloads,1.0043127908296448
tol99,legal,5,null,59.0,11463,0,downloads,1.3009874021109977
tol99,legal,5,null,60.0,19261,0,downloads,2.1860174781523094
tol99,legal,5,null,61.0,10443,3,downloads,1.1852230166836908
tol99,legal,5,null,62.0,10676,0,downloads,1.2116672341391443
tol99,legal,5,null,63.0,9529,0,downloads,1.0814890477811827
tol99,legal,5,null,64.0,13655,0,downloads,1.5497673362841902
tol99,legal,5,null,65.0,9885,0,downloads,1.121893088185223
tol99,legal,5,null,66.0,8836,1,downloads,1.002837362387924
tol99,legal,5,null,67.0,9105,1,downloads,1.0333673816819884
tol99,legal,5,null,68.0,10911,4,downloads,1.2383384405856317
tol99,legal,5,null,69.0,9290,1,downloads,1.0543638633526273
tol99,legal,5,null,70.0,8882,0,downloads,1.0080581091817047
tol99,legal,5,null,71.0,9190,0,downloads,1.0430144138009307
tol99,legal,5,null,72.0,9254,0,downloads,1.0502780615140166
tol99,legal,5,null,73.0,8723,0,downloads,0.9900124843945068
tol99,legal,5,null,74.0,9841,0,downloads,1.1168993303824764
tol99,legal,5,null,75.0,11969,0,downloads,1.3584156168425832
tol99,legal,5,null,76.0,9212,0,downloads,1.045511292702304
tol99,legal,5,null,77.0,9219,3,downloads,1.0463057541709226
tol99,legal,5,null,78.0,9190,0,downloads,1.0430144138009307
tol99,legal,5,null,79.0,13126,0,downloads,1.4897287481557144
tol99,legal,5,null,80.0,12257,1,downloads,1.3911020315514697
tol99,legal,5,null,81.0,9727,0,downloads,1.103960957893542
tol99,legal,5,null,82.0,9557,1,downloads,1.0846668936556576
tol99,legal,5,null,83.0,11525,0,downloads,1.3080240608330496
tol99,legal,5,null,84.0,9658,0,downloads,1.0961298377028714
tol99,legal,5,null,85.0,8723,0,downloads,0.9900124843945068
tol99,legal,5,null,86.0,9992,0,downloads,1.1340369992055386
tol99,legal,5,null,87.0,9674,0,downloads,1.0979457496311429
tol99,legal,5,null,88.0,9084,0,downloads,1.030983997276132
tol99,legal,5,null,89.0,12008,1,downloads,1.362841902167745
tol99,legal,5,null,90.0,8730,1,downloads,0.9908069458631257
tol99,legal,5,null,91.0,16320,0,downloads,1.8522301668369083
tol99,legal,5,null,92.0,8782,0,downloads,0.996708659630008
tol99,legal,5,null,93.0,9131,0,downloads,1.0363182385654295
tol99,legal,5,null,94.0,11429,0,downloads,1.2971285892634208
tol99,legal,5,null,95.0,10015,0,downloads,1.1366473726024289
tol99,legal,5,null,96.0,9398,0,downloads,1.06662126886846
tol99,legal,5,null,97.0,8968,0,downloads,1.0178186357961638
tol99,legal,5,null,98.0,9495,0,downloads,1.0776302349336058
tol99,legal,5,null,99.0,9019,0,downloads,1.0236068550675292
tol99,legal,5,null,100.0,8967,0,downloads,1.0177051413006468
tol99,legal,5,null,101.0,8932,1,downloads,1.013732833957553
tol99,legal,5,null,102.0,9368,0,downloads,1.0632164340029508
tol99,legal,5,null,103.0,9145,0,downloads,1.0379071615026672
tol99,legal,5,null,104.0,9764,0,downloads,1.10816025422767
tol99,legal,5,null,105.0,9298,0,downloads,1.0552718193167632
tol99,legal,5,null,106.0,8889,0,downloads,1.0088525706503235
tol99,legal,5,null,107.0,8783,0,downloads,0.9968221541255249
tol99,legal,5,null,108.0,11578,1,downloads,1.3140392690954488
tol99,legal,5,null,109.0,10409,2,downloads,1.1813642038361138
tol99,legal,5,null,110.0,9520,0,downloads,1.0804675973215299
tol99,legal,5,null,111.0,8771,0,downloads,0.9954602201793213
tol99,legal,5,null,112.0,22125,1,downloads,2.511065713312904
tol99,legal,5,null,113.0,10326,6,downloads,1.1719441607082057
tol99,legal,5,null,114.0,10383,0,downloads,1.1784133469526727
tol99,legal,5,null,115.0,8789,0,downloads,0.9975031210986267
tol99,legal,5,null,116.0,9381,0,downloads,1.0646918624446715
tol99,legal,5,null,117.0,11542,0,downloads,1.309953467256838
tol99,legal,5,null,118.0,8902,0,downloads,1.010327999092044
tol99,legal,5,null,119.0,11907,2,downloads,1.351378958120531
tol99,legal,5,null,120.0,9063,0,downloads,1.0286006128702758
tol99,legal,5,null,121.0,18811,0,downloads,2.1349449551696744
tol99,legal,5,null,122.0,9573,0,downloads,1.0864828055839293
tol99,legal,5,null,123.0,8856,1,downloads,1.0051072522982636
tol99,legal,5,null,124.0,9572,0,downloads,1.0863693110884123
tol99,legal,5,null,125.0,9336,0,downloads,1.059584610146408
tol99,legal,5,null,126.0,9833,0,downloads,1.1159913744183407
tol99,legal,5,null,127.0,8809,0,downloads,0.9997730110089661
tol99,legal,5,null,128.0,9793,0,downloads,1.111451594597662
tol99,legal,5,null,129.0,9976,0,downloads,1.1322210872772671
tol99,legal,5,null,130.0,11164,0,downloads,1.2670525479514243
tol99,legal,5,null,131.0,8964,0,downloads,1.017364657814096
tol99,legal,5,null,132.0,11342,0,downloads,1.2872545681534446
tol99,legal,5,null,133.0,8797,0,downloads,0.9984110770627624
tol99,legal,5,null,134.0,15051,0,downloads,1.7082056520258768
tol99,legal,5,null,135.0,9724,0,downloads,1.1036204744069913
tol99,legal,5,null,136.0,9095,0,downloads,1.0322324367268187
tol99,legal,5,null,137.0,16043,1,downloads,1.8207921915787084
tol99,legal,5,null,138.0,9550,1,downloads,1.083872432187039
tol99,legal,5,null,139.0,9070,0,downloads,1.0293950743388947
tol99,legal,5,null,140.0,8890,0,downloads,1.0089660651458405
tol99,legal,5,null,141.0,9493,1,downloads,1.0774032459425718
tol99,legal,5,null,142.0,9502,0,downloads,1.0784246964022246
tol99,legal,5,null,143.0,9309,0,downloads,1.0565202587674498
tol99,legal,5,null,144.0,10878,0,downloads,1.2345931222335718
tol99,legal,5,null,145.0,9164,1,downloads,1.0400635569174894
tol99,legal,5,null,146.0,10274,0,downloads,1.1660424469413233
tol99,legal,5,null,147.0,12027,0,downloads,1.3649982975825672
tol99,legal,5,null,148.0,8931,0,downloads,1.013619339462036
tol99,legal,5,null,149.0,9619,0,downloads,1.0917035523777097
tol99,legal,5,null,150.0,9823,0,downloads,1.114856429463171
tol99,legal,5,null,151.0,9222,0,downloads,1.0466462376574737
tol99,legal,5,null,152.0,8973,0,downloads,1.0183861082737486
tol99,legal,5,null,153.0,10664,0,downloads,1.2103053001929407
tol99,legal,5,null,154.0,9407,0,downloads,1.0676427193281126
tol99,legal,5,null,155.0,8807,0,downloads,0.9995460220179321
tol99,legal,5,null,156.0,10743,0,downloads,1.219271365338781
tol99,legal,5,null,157.0,9139,0,downloads,1.0372261945295653
tol99,legal,5,null,158.0,10792,1,downloads,1.2248325956191124
tol99,legal,5,null,159.0,8890,0,downloads,1.0089660651458405
tol99,legal,5,null,160.0,10204,1,downloads,1.1580978322551356
tol99,legal,5,null,161.0,8865,1,downloads,1.0061287027579162
tol99,legal,5,null,162.0,12913,0,downloads,1.4655544206106004
tol99,legal,5,null,163.0,9782,1,downloads,1.1102031551469753
tol99,legal,5,null,164.0,9916,1,downloads,1.125411417546249
tol99,legal,5,null,165.0,9588,0,downloads,1.0881852230166837
tol99,legal,5,null,166.0,8917,1,downloads,1.0120304165247986
tol99,legal,5,null,167.0,9077,0,downloads,1.0301895358075133
tol99,legal,5,null,168.0,9587,1,downloads,1.0880717285211667
tol99,legal,5,null,169.0,15540,2,downloads,1.7637044603336738
tol99,legal,5,null,170.0,9557,1,downloads,1.0846668936556576
tol99,legal,5,null,171.0,9178,0,downloads,1.041652479854727
tol99,legal,5,null,172.0,9184,0,downloads,1.042333446827829
tol99,legal,5,null,173.0,9794,0,downloads,1.111565089093179
tol99,legal,5,null,174.0,10519,0,downloads,1.1938485983429803
tol99,legal,5,null,175.0,9040,0,downloads,1.0259902394733855
tol99,legal,5,null,176.0,13172,1,downloads,1.494949494949495
tol99,legal,5,null,177.0,8825,0,downloads,1.0015889229372374
tol99,legal,5,null,178.0,8994,0,downloads,1.020769492679605
tol99,legal,5,null,179.0,8930,0,downloads,1.013505844966519
tol99,legal,5,null,180.0,10456,0,downloads,1.1866984451254114
tol99,legal,5,null,181.0,24387,2,downloads,2.7677902621722845
tol99,legal,5,null,182.0,9154,0,downloads,1.0389286119623198
tol99,legal,5,null,183.0,12234,0,downloads,1.3884916581545794
tol99,legal,5,null,184.0,8812,0,downloads,1.000113494495517
tol99,legal,5,null,185.0,9832,2,downloads,1.1158778799228237
tol99,legal,5,null,186.0,9508,2,downloads,1.0791056633753262
tol99,legal,5,null,187.0,9594,0,downloads,1.0888661899897856
tol99,legal,5,null,188.0,9655,0,downloads,1.0957893542163204
tol99,legal,5,null,189.0,10717,1,downloads,1.21632050845534
tol99,legal,5,null,190.0,9539,0,downloads,1.0826239927363523
tol99,legal,5,null,191.0,9042,0,downloads,1.0262172284644195
tol99,legal,5,null,192.0,15908,0,downloads,1.8054704346839179
tol99,legal,5,null,193.0,9360,0,downloads,1.062308478038815
tol99,legal,5,null,194.0,11018,1,downloads,1.2504823516059471
tol99,legal,5,null,195.0,9103,0,downloads,1.0331403926909546
tol99,legal,5,null,196.0,8930,0,downloads,1.013505844966519
tol99,legal,5,null,197.0,11500,0,downloads,1.3051866984451255
tol99,legal,5,null,198.0,8800,0,downloads,0.9987515605493134
tol99,legal,5,null,199.0,9715,0,downloads,1.1025990239473387
tol99,legal,5,null,200.0,8962,0,downloads,1.017137668823062
tol99,legal,5,null,201.0,9332,0,downloads,1.0591306321643401
tol99,legal,5,null,202.0,9824,1,downloads,1.114969923958688
tol99,legal,5,null,203.0,8920,0,downloads,1.0123709000113494
tol99,legal,5,null,204.0,9142,0,downloads,1.0375666780161161
tol99,legal,5,null,205.0,10194,0,downloads,1.156962887299966
tol99,legal,5,null,206.0,8946,0,downloads,1.0153217568947905
tol99,legal,5,null,207.0,10495,1,downloads,1.1911247304505732
tol99,legal,5,null,208.0,13729,1,downloads,1.5581659289524459
tol99,legal,5,null,209.0,8782,0,downloads,0.996708659630008
tol99,legal,5,null,210.0,9078,0,downloads,1.0303030303030303
tol99,legal,5,null,211.0,9319,2,downloads,1.0576552037226195
tol99,legal,5,null,212.0,8998,1,downloads,1.021223470661673
tol99,legal,5,null,213.0,9203,0,downloads,1.0444898422426512
tol99,legal,5,null,214.0,10576,1,downloads,1.2003177845874475
tol99,legal,5,null,215.0,8728,0,downloads,0.9905799568720917
tol99,legal,5,null,216.0,9012,0,downloads,1.0228123935989104
tol99,legal,5,null,217.0,8912,0,downloads,1.0114629440472138
tol99,legal,5,null,218.0,10160,0,downloads,1.153104074452389
tol99,legal,5,null,219.0,9988,0,downloads,1.1335830212234708
tol99,legal,5,null,220.0,9087,0,downloads,1.031324480762683
tol99,legal,5,null,221.0,10717,0,downloads,1.21632050845534
tol99,legal,5,null,222.0,9453,1,downloads,1.072863466121893
tol99,legal,5,null,223.0,8848,1,downloads,1.0041992963341277
tol99,legal,5,null,224.0,10068,2,downloads,1.142662580864828
tol99,legal,5,null,225.0,9584,0,downloads,1.0877312450346157
tol99,legal,5,null,226.0,9076,0,downloads,1.0300760413119963
tol99,legal,5,null,227.0,14874,0,downloads,1.6881171263193735
tol99,legal,5,null,228.0,12049,0,downloads,1.3674951764839405
tol99,legal,5,null,229.0,9566,0,downloads,1.0856883441153105
tol99,legal,5,null,230.0,10728,0,downloads,1.2175689479060265
tol99,legal,5,null,231.0,9445,0,downloads,1.0719555101577574
tol99,legal,5,null,232.0,19409,0,downloads,2.202814663488821
tol99,legal,5,null,233.0,9171,0,downloads,1.0408580183861083
tol99,legal,5,null,234.0,9165,0,downloads,1.0401770514130064
tol99,legal,5,null,235.0,18403,0,downloads,2.0886392009987516
tol99,legal,5,null,236.0,8803,0,downloads,0.9990920440358643
tol99,legal,5,null,237.0,9430,0,downloads,1.070253092725003
tol99,legal,5,null,238.0,9015,0,downloads,1.0231528770854614
tol99,legal,5,null,239.0,9135,0,downloads,1.0367722165474975
tol99,legal,5,null,240.0,13261,1,downloads,1.505050505050505
tol99,legal,5,null,241.0,10923,0,downloads,1.2397003745318351
tol99,legal,5,null,242.0,9276,0,downloads,1.0527749404153899
tol99,legal,5,null,243.0,10228,0,downloads,1.160821700147543
tol99,legal,5,null,244.0,8898,0,downloads,1.0098740211099761
tol99,legal,5,null,245.0,9321,0,downloads,1.0578821927136535
tol99,legal,5,null,246.0,10313,0,downloads,1.170468732266485
tol99,legal,5,null,247.0,8787,0,downloads,0.9972761321075928
tol99,legal,5,null,248.0,9213,0,downloads,1.0456247871978208
tol99,legal,5,null,249.0,9848,0,downloads,1.1176937918510952
tol99,legal,5,null,250.0,15529,0,downloads,1.7624560208829871
tol99,legal,5,null,251.0,8731,0,downloads,0.9909204403586426
tol99,legal,5,null,252.0,8963,0,downloads,1.017251163318579
tol99,legal,5,null,253.0,9509,1,downloads,1.0792191578708432
tol99,legal,5,null,254.0,8940,0,downloads,1.0146407899216887
tol99,legal,5,null,255.0,10211,0,downloads,1.1588922937237545
tol99,legal,5,null,256.0,11289,2,downloads,1.2812393598910452
tol99,legal,5,null,257.0,9251,1,downloads,1.0499375780274656
tol99,legal,5,null,258.0,10364,0,downloads,1.1762569515378505
tol99,legal,5,null,259.0,9083,0,downloads,1.030870502780615
tol99,legal,5,null,260.0,8885,1,downloads,1.0083985926682555
tol99,legal,5,null,261.0,14662,0,downloads,1.6640562932697764
tol99,legal,5,null,262.0,10757,0,downloads,1.2208602882760187
tol99,legal,5,null,263.0,9104,1,downloads,1.0332538871864714
tol99,legal,5,null,264.0,9510,0,downloads,1.0793326523663602
tol99,legal,5,null,265.0,9635,0,downloads,1.0935194643059811
tol99,legal,5,null,266.0,9444,0,downloads,1.0718420156622404
tol99,legal,5,null,267.0,10065,0,downloads,1.142322097378277
tol99,legal,5,null,268.0,11934,1,downloads,1.3544433094994892
tol99,legal,5,null,269.0,8888,0,downloads,1.0087390761548065
tol99,legal,5,null,270.0,9301,0,downloads,1.055612302803314
tol99,legal,5,null,271.0,9321,0,downloads,1.0578821927136535
tol99,legal,5,null,272.0,9443,0,downloads,1.0717285211667233
tol99,legal,5,null,273.0,8796,0,downloads,0.9982975825672454
tol99,legal,5,null,274.0,9419,1,downloads,1.0690046532743163
tol99,legal,5,null,275.0,9063,1,downloads,1.0286006128702758
tol99,legal,5,null,276.0,9331,3,downloads,1.059017137668823
tol99,legal,5,null,277.0,8982,0,downloads,1.0194075587334015
tol99,legal,5,null,278.0,9496,2,downloads,1.0777437294291228
tol99,legal,5,null,279.0,9221,0,downloads,1.0465327431619567
tol99,legal,5,null,280.0,9695,0,downloads,1.1003291340369992
tol99,legal,5,null,281.0,9928,0,downloads,1.1267733514924527
tol99,legal,5,null,282.0,9028,0,downloads,1.0246283055271819
tol99,legal,5,null,283.0,8747,0,downloads,0.992736352286914
tol99,legal,5,null,284.0,9656,0,downloads,1.0959028487118374
tol99,legal,5,null,285.0,9646,0,downloads,1.0947679037566678
tol99,legal,5,null,286.0,9271,0,downloads,1.052207467937805
tol99,legal,5,null,287.0,10044,0,downloads,1.1399387129724208
tol99,legal,5,null,288.0,8762,0,downloads,0.9944387697196686
tol99,legal,5,null,289.0,8813,0,downloads,1.000226988991034
tol99,legal,5,null,290.0,9715,0,downloads,1.1025990239473387
tol99,legal,5,null,291.0,9291,0,downloads,1.0544773578481443
tol99,legal,5,null,292.0,12689,0,downloads,1.4401316536147997
tol99,legal,5,null,293.0,9818,0,downloads,1.1142889569855863
tol99,legal,5,null,294.0,9482,0,downloads,1.076154806491885
tol99,legal,5,null,295.0,9598,0,downloads,1.0893201679718534
tol99,legal,5,null,296.0,9250,0,downloads,1.0498240835319488
tol99,legal,5,null,297.0,8756,0,downloads,0.9937578027465668
tol99,legal,5,null,298.0,9184,0,downloads,1.042333446827829
tol99,legal,5,null,299.0,9789,0,downloads,1.1109976166155942
tol99,legal,5,null,300.0,10615,1,downloads,1.2047440699126093
tol99,legal,5,null,301.0,11133,1,downloads,1.2635342185903984
tol99,legal,5,null,302.0,11579,0,downloads,1.3141527635909658
tol99,legal,5,null,303.0,8884,0,downloads,1.0082850981727387
tol99,legal,5,null,304.0,8853,0,downloads,1.0047667688117126
tol99,legal,5,null,305.0,9871,0,downloads,1.1203041652479855
tol99,legal,5,null,306.0,9620,0,downloads,1.0918170468732267
tol99,legal,5,null,307.0,8953,1,downloads,1.0161162183634094
tol99,legal,5,null,308.0,10225,0,downloads,1.160481216660992
tol99,legal,5,null,309.0,10736,1,downloads,1.2184769038701624
tol99,legal,5,null,310.0,11020,1,downloads,1.2507093405969811
tol99,legal,5,null,311.0,9365,0,downloads,1.0628759505164
tol99,legal,5,null,312.0,9431,0,downloads,1.0703665872205197
tol99,legal,5,null,313.0,11182,0,downloads,1.2690954488707298
tol99,legal,5,null,314.0,9357,0,downloads,1.0619679945522642
tol99,legal,5,null,315.0,9346,0,downloads,1.0607195551015776
tol99,legal,5,null,316.0,9036,0,downloads,1.0255362614913177
tol99,legal,5,null,317.0,10772,1,downloads,1.2225627057087731
tol99,legal,5,null,318.0,9045,1,downloads,1.0265577119509703
tol99,legal,5,null,319.0,8901,0,downloads,1.0102145045965272
tol99,legal,5,null,320.0,8970,2,downloads,1.0180456247871978
tol99,legal,5,null,321.0,11845,0,downloads,1.3443422993984793
tol99,legal,5,null,322.0,9461,6,downloads,1.0737714220860288
tol99,legal,5,null,323.0,9762,2,downloads,1.107933265236636
tol99,legal,5,null,324.0,8920,0,downloads,1.0123709000113494
tol99,legal,5,null,325.0,13567,2,downloads,1.539779820678697
tol99,legal,5,null,326.0,10979,2,downloads,1.2460560662807854
tol99,legal,5,null,327.0,9179,0,downloads,1.041765974350244
tol99,legal,5,null,328.0,12253,2,downloads,1.390648053569402
tol99,legal,5,null,329.0,9243,0,downloads,1.04902962206333
tol99,legal,5,null,330.0,8818,0,downloads,1.0007944614686188
tol99,legal,5,null,331.0,9003,0,downloads,1.0217909431392578
tol99,legal,5,null,332.0,9116,0,downloads,1.034615821132675
tol99,legal,5,null,333.0,9816,3,downloads,1.1140619679945523
tol99,legal,5,null,334.0,8943,0,downloads,1.0149812734082397
tol99,legal,5,null,335.0,9709,0,downloads,1.1019180569742368
tol99,legal,5,null,336.0,8752,0,downloads,0.993303824764499
tol99,legal,5,null,337.0,9055,0,downloads,1.02769265690614
tol99,legal,5,null,338.0,9039,0,downloads,1.0258767449778685
tol99,legal,5,null,339.0,9554,0,downloads,1.0843264101691068
tol99,legal,5,null,340.0,8832,0,downloads,1.0023833844058563
tol99,legal,5,null,341.0,8974,0,downloads,1.0184996027692657
tol99,legal,5,null,342.0,9158,0,downloads,1.0393825899443876
tol99,legal,5,null,343.0,9852,1,downloads,1.118147769833163
tol99,legal,5,null,344.0,9309,0,downloads,1.0565202587674498
tol99,legal,5,null,345.0,19846,2,downloads,2.2524117580297354
tol99,legal,5,null,346.0,10243,2,downloads,1.1625241175802974
tol99,legal,5,null,347.0,8913,0,downloads,1.0115764385427306
tol99,legal,5,null,348.0,10028,1,downloads,1.1381228010441493
tol99,legal,5,null,349.0,9401,1,downloads,1.0669617523550108
tol99,legal,5,null,350.0,9713,0,downloads,1.1023720349563046
tol99,legal,5,null,351.0,8799,0,downloads,0.9986380660537963
tol99,legal,5,null,352.0,10050,3,downloads,1.1406196799455226
tol99,legal,5,null,353.0,9738,1,downloads,1.1052093973442287
tol99,legal,5,null,354.0,8814,0,downloads,1.0003404834865508
tol99,legal,5,null,355.0,8937,0,downloads,1.014300306435138
tol99,legal,5,null,356.0,8761,0,downloads,0.9943252752241516
tol99,legal,5,null,357.0,8995,0,downloads,1.020882987175122
tol99,legal,5,null,358.0,8758,0,downloads,0.9939847917376007
tol99,legal,5,null,359.0,9092,0,downloads,1.031891953240268
tol99,legal,5,null,360.0,9072,0,downloads,1.0296220633299284
tol99,legal,5,null,361.0,9011,0,downloads,1.0226988991033934
tol99,legal,5,null,362.0,9694,2,downloads,1.1002156395414822
tol99,legal,5,null,363.0,8768,0,downloads,0.9951197366927704
tol99,legal,5,null,364.0,8742,0,downloads,0.9921688798093292
tol99,legal,5,null,365.0,9074,0,downloads,1.0298490523209625
tol99,legal,5,null,366.0,10665,0,downloads,1.2104187946884577
tol99,legal,5,null,367.0,15800,1,downloads,1.7932130291680854
tol99,legal,5,null,368.0,8874,0,downloads,1.0071501532175688
tol99,legal,5,null,369.0,9591,0,downloads,1.0885257065032345
tol99,legal,5,null,370.0,9081,0,downloads,1.0306435137895813
tol99,legal,5,null,371.0,9331,1,downloads,1.059017137668823
tol99,legal,5,null,372.0,9294,2,downloads,1.0548178413346954
tol99,legal,5,null,373.0,13101,1,downloads,1.4868913857677903
tol99,legal,5,null,374.0,9374,0,downloads,1.0638974009760527
tol99,legal,5,null,375.0,12182,1,downloads,1.3825899443876972
tol99,legal,5,null,376.0,12413,3,downloads,1.4088071728521168
tol99,legal,5,null,377.0,10000,1,downloads,1.1349449551696742
tol99,legal,5,null,378.0,8910,0,downloads,1.0112359550561798
tol99,legal,5,null,379.0,8917,0,downloads,1.0120304165247986
tol99,legal,5,null,380.0,10969,2,downloads,1.2449211213256157
tol99,legal,5,null,381.0,9970,0,downloads,1.1315401203041653
tol99,legal,5,null,382.0,9022,1,downloads,1.02394733855408
tol99,legal,5,null,383.0,9076,6,downloads,1.0300760413119963
tol99,legal,5,null,384.0,9740,0,downloads,1.1054363863352628
tol99,legal,5,null,385.0,9136,0,downloads,1.0368857110430145
tol99,legal,5,null,386.0,8834,1,downloads,1.0026103733968903
tol99,legal,5,null,387.0,8771,0,downloads,0.9954602201793213
tol99,legal,5,null,388.0,10164,0,downloads,1.1535580524344569
tol99,legal,5,null,389.0,8903,1,downloads,1.010441493587561
tol99,legal,5,null,390.0,9171,0,downloads,1.0408580183861083
tol99,legal,5,null,391.0,9657,0,downloads,1.0960163432073544
tol99,legal,5,null,392.0,9102,0,downloads,1.0330268981954376
tol99,legal,5,null,393.0,10101,0,downloads,1.146407899216888
tol99,legal,5,null,394.0,9099,0,downloads,1.0326864147088866
tol99,legal,5,null,395.0,9045,0,downloads,1.0265577119509703
tol99,legal,5,null,396.0,21407,0,downloads,2.4295766655317217
tol99,legal,5,null,397.0,12486,1,downloads,1.4170922710248552
tol99,legal,5,null,398.0,11429,0,downloads,1.2971285892634208
tol99,legal,5,null,399.0,10110,0,downloads,1.1474293496765406
tol99,legal,5,null,400.0,10346,0,downloads,1.174214050618545
tol99,legal,5,null,401.0,8771,0,downloads,0.9954602201793213
tol99,legal,5,null,402.0,10569,0,downloads,1.1995233231188287
tol99,legal,5,null,403.0,10820,0,downloads,1.2280104414935875
tol99,legal,5,null,404.0,8744,0,downloads,0.9923958688003632
tol99,legal,5,null,405.0,9022,1,downloads,1.02394733855408
tol99,legal,5,null,406.0,8744,0,downloads,0.9923958688003632
tol99,legal,5,null,407.0,9254,0,downloads,1.0502780615140166
tol99,legal,5,null,408.0,9995,0,downloads,1.1343774826920894
tol99,legal,5,null,409.0,8815,0,downloads,1.0004539779820678
tol99,legal,5,null,410.0,9450,1,downloads,1.0725229826353422
tol99,legal,5,null,411.0,8825,0,downloads,1.0015889229372374
tol99,legal,5,null,412.0,10058,0,downloads,1.1415276359096584
tol99,legal,5,null,413.0,10590,0,downloads,1.201906707524685
tol99,legal,5,null,414.0,9005,0,downloads,1.0220179321302916
tol99,legal,5,null,415.0,9225,0,downloads,1.0469867211440245
tol99,legal,5,null,416.0,8907,0,downloads,1.0108954715696288
tol99,legal,5,null,417.0,10511,1,downloads,1.1929406423788447
tol99,legal,5,null,418.0,8737,0,downloads,0.9916014073317444
tol99,legal,5,null,419.0,8728,0,downloads,0.9905799568720917
tol99,legal,5,null,420.0,8766,0,downloads,0.9948927477017364
tol99,legal,5,null,421.0,10229,0,downloads,1.1609351946430597
tol99,legal,5,null,422.0,8931,3,downloads,1.013619339462036
tol99,legal,5,null,423.0,10134,0,downloads,1.150153217568948
tol99,legal,5,null,424.0,11084,0,downloads,1.257972988310067
tol99,legal,5,null,425.0,9007,1,downloads,1.0222449211213256
tol99,legal,5,null,426.0,9151,0,downloads,1.038588128475769
tol99,legal,5,null,427.0,9812,1,downloads,1.1136079900124844
tol99,legal,5,null,428.0,9843,0,downloads,1.1171263193735104
tol99,legal,5,null,429.0,8769,2,downloads,0.9952332311882873
tol99,legal,5,null,430.0,10806,0,downloads,1.22642151855635
tol99,legal,5,null,431.0,9211,0,downloads,1.045397798206787
tol99,legal,5,null,432.0,8729,0,downloads,0.9906934513676087
tol99,legal,5,null,433.0,8797,0,downloads,0.9984110770627624
tol99,legal,5,null,434.0,8996,0,downloads,1.020996481670639
tol99,legal,5,null,435.0,14430,0,downloads,1.63772557030984
tol99,legal,5,null,436.0,10411,0,downloads,1.1815911928271479
tol99,legal,5,null,437.0,9807,0,downloads,1.1130405175348996
tol99,legal,5,null,438.0,9482,0,downloads,1.076154806491885
tol99,legal,5,null,439.0,9856,0,downloads,1.118601747815231
tol99,legal,5,null,440.0,10452,0,downloads,1.1862444671433436
tol99,legal,5,null,441.0,8919,0,downloads,1.0122574055158324
tol99,legal,5,null,442.0,11313,0,downloads,1.2839632277834525
tol99,legal,5,null,443.0,9032,0,downloads,1.02508228350925
tol99,legal,5,null,444.0,10524,0,downloads,1.1944160708205651
tol99,legal,5,null,445.0,10504,0,downloads,1.1921461809102258
tol99,legal,5,null,446.0,14288,0,downloads,1.6216093519464305
tol99,legal,5,null,447.0,9044,1,downloads,1.0264442174554533
tol99,legal,5,null,448.0,9094,0,downloads,1.0321189422313017
tol99,legal,5,null,449.0,8881,0,downloads,1.0079446146861877
tol99,legal,5,null,450.0,12391,1,downloads,1.4063102939507435
tol99,legal,5,null,451.0,9513,0,downloads,1.079673135852911
tol99,legal,5,null,452.0,8918,0,downloads,1.0121439110203154
tol99,legal,5,null,453.0,10627,0,downloads,1.206106003858813
tol99,legal,5,null,454.0,9930,1,downloads,1.1270003404834865
tol99,legal,5,null,455.0,9236,1,downloads,1.0482351605947111
tol99,legal,5,null,456.0,11190,0,downloads,1.2700034048348654
tol99,legal,5,null,457.0,10642,0,downloads,1.2078084212915674
tol99,legal,5,null,458.0,9681,0,downloads,1.0987402110997617
tol99,legal,5,null,459.0,18114,2,downloads,2.055839291794348
tol99,legal,5,null,460.0,9804,2,downloads,1.1127000340483486
tol99,legal,5,null,461.0,11617,1,downloads,1.3184655544206105
tol99,legal,5,null,462.0,11584,0,downloads,1.3147202360685506
tol99,legal,5,null,463.0,8893,0,downloads,1.0093065486323913
tol99,legal,5,null,464.0,9558,1,downloads,1.0847803881511746
tol99,legal,5,null,465.0,9009,1,downloads,1.0224719101123596
tol99,legal,5,null,466.0,8972,0,downloads,1.0182726137782319
tol99,legal,5,null,467.0,10537,1,downloads,1.1958914992622858
tol99,legal,5,null,468.0,9595,2,downloads,1.0889796844853024
tol99,legal,5,null,469.0,40903,1,downloads,4.642265350130518
tol99,legal,5,null,470.0,9512,0,downloads,1.0795596413573942
tol99,legal,5,null,471.0,9052,0,downloads,1.0273521734195892
tol99,legal,5,null,472.0,14688,0,downloads,1.6670071501532175
tol99,legal,5,null,473.0,9119,1,downloads,1.034956304619226
tol99,legal,5,null,474.0,11241,0,downloads,1.2757916241062308
tol99,legal,5,null,475.0,8886,0,downloads,1.0085120871637725
tol99,legal,5,null,476.0,12535,0,downloads,1.4226535013051866
tol99,legal,5,null,477.0,10090,1,downloads,1.1451594597662014
tol99,legal,5,null,478.0,10318,4,downloads,1.1710362047440699
tol99,legal,5,null,479.0,8744,0,downloads,0.9923958688003632
tol99,legal,5,null,480.0,11090,1,downloads,1.2586539552831688
tol99,legal,5,null,481.0,10239,0,downloads,1.1620701395982296
tol99,legal,5,null,482.0,9005,0,downloads,1.0220179321302916
tol99,legal,5,null,483.0,8992,0,downloads,1.0205425036885711
tol99,legal,5,null,484.0,10785,0,downloads,1.2240381341504938
tol99,legal,5,null,485.0,15326,1,downloads,1.7394166382930427
tol99,legal,5,null,486.0,9237,0,downloads,1.0483486550902281
tol99,legal,5,null,487.0,9233,0,downloads,1.0478946771081603
tol99,legal,5,null,488.0,13542,1,downloads,1.536942458290773
tol99,legal,5,null,489.0,10484,1,downloads,1.1898762909998866
tol99,legal,5,null,490.0,8861,0,downloads,1.0056747247758484
tol99,legal,5,null,491.0,9386,0,downloads,1.0652593349222563
tol99,legal,5,null,492.0,8743,1,downloads,0.9922823743048462
tol99,legal,5,null,493.0,9183,0,downloads,1.042219952332312
tol99,legal,5,null,494.0,9236,6,downloads,1.0482351605947111
tol99,legal,5,null,495.0,9238,0,downloads,1.0484621495857451
tol99,legal,5,null,496.0,9760,0,downloads,1.107706276245602
tol99,legal,5,null,497.0,9605,0,downloads,1.0901146294404722
tol99,legal,5,null,498.0,10186,0,downloads,1.1560549313358301
tol99,legal,5,null,499.0,9721,0,downloads,1.1032799909204403
tol99,legal,5,outdegree,,48865,1,,
tol99,legal,5,null,0.0,49462,2,outdegree,1.0122173334697637
tol99,legal,5,null,1.0,55729,5,outdegree,1.1404686380845186
tol99,legal,5,null,2.0,53107,3,outdegree,1.086810600634401
tol99,legal,5,null,3.0,51505,2,outdegree,1.0540263992632763
tol99,legal,5,null,4.0,50522,0,outdegree,1.033909751355776
tol99,legal,5,null,5.0,53131,2,outdegree,1.0873017497186126
tol99,legal,5,null,6.0,52462,1,outdegree,1.073610968996214
tol99,legal,5,null,7.0,55379,0,outdegree,1.1333060472730994
tol99,legal,5,null,8.0,74823,5,outdegree,1.5312186636652
tol99,legal,5,null,9.0,49389,1,outdegree,1.0107234216719534
tol99,legal,5,null,10.0,51563,1,outdegree,1.0552133428834545
tol99,legal,5,null,11.0,48690,3,outdegree,0.9964187045942904
tol99,legal,5,null,12.0,52221,1,outdegree,1.0686790136089226
tol99,legal,5,null,13.0,52493,2,outdegree,1.074245369896654
tol99,legal,5,null,14.0,48926,4,outdegree,1.0012483372557044
tol99,legal,5,null,15.0,49658,2,outdegree,1.0162283843241584
tol99,legal,5,null,16.0,57997,2,outdegree,1.1868822265425152
tol99,legal,5,null,17.0,51266,1,outdegree,1.0491353729663357
tol99,legal,5,null,18.0,49632,2,outdegree,1.0156963061495958
tol99,legal,5,null,19.0,54434,3,outdegree,1.1139670520822675
tol99,legal,5,null,20.0,53135,1,outdegree,1.0873836078993144
tol99,legal,5,null,21.0,49296,2,outdegree,1.0088202189706335
tol99,legal,5,null,22.0,49221,0,outdegree,1.0072853780824722
tol99,legal,5,null,23.0,53094,4,outdegree,1.0865445615471196
tol99,legal,5,null,24.0,52735,3,outdegree,1.079197789829121
tol99,legal,5,null,25.0,53021,5,outdegree,1.0850506497493093
tol99,legal,5,null,26.0,57181,3,outdegree,1.1701831576793207
tol99,legal,5,null,27.0,50060,9,outdegree,1.0244551314847028
tol99,legal,5,null,28.0,55436,4,outdegree,1.134472526348102
tol99,legal,5,null,29.0,60734,2,outdegree,1.2428936866878133
tol99,legal,5,null,30.0,49887,1,outdegree,1.0209147651693442
tol99,legal,5,null,31.0,50698,0,outdegree,1.0375115113066613
tol99,legal,5,null,32.0,51466,5,outdegree,1.0532282820014325
tol99,legal,5,null,33.0,53250,2,outdegree,1.0897370305944951
tol99,legal,5,null,34.0,62596,1,outdegree,1.2809986698045637
tol99,legal,5,null,35.0,49944,0,outdegree,1.0220812442443468
tol99,legal,5,null,36.0,55412,2,outdegree,1.1339813772638903
tol99,legal,5,null,37.0,58042,3,outdegree,1.1878031310754118
tol99,legal,5,null,38.0,62981,7,outdegree,1.2888775196971247
tol99,legal,5,null,39.0,61320,2,outdegree,1.2548859101606467
tol99,legal,5,null,40.0,48999,1,outdegree,1.0027422490535147
tol99,legal,5,null,41.0,49359,4,outdegree,1.0101094853166888
tol99,legal,5,null,42.0,51250,9,outdegree,1.0488079402435282
tol99,legal,5,null,43.0,53597,2,outdegree,1.0968382277703879
tol99,legal,5,null,44.0,52985,2,outdegree,1.084313926122992
tol99,legal,5,null,45.0,61706,5,outdegree,1.2627852245983833
tol99,legal,5,null,46.0,51064,4,outdegree,1.045001534840888
tol99,legal,5,null,47.0,51147,0,outdegree,1.0467000920904532
tol99,legal,5,null,48.0,65643,3,outdegree,1.3433541389542618
tol99,legal,5,null,49.0,51483,2,outdegree,1.0535761792694158
tol99,legal,5,null,50.0,54215,1,outdegree,1.1094853166888365
tol99,legal,5,null,51.0,52843,4,outdegree,1.0814079607080733
tol99,legal,5,null,52.0,52109,0,outdegree,1.0663869845492684
tol99,legal,5,null,53.0,52188,0,outdegree,1.0680036836181317
tol99,legal,5,null,54.0,57612,4,outdegree,1.179003376649954
tol99,legal,5,null,55.0,51112,1,outdegree,1.0459838330093114
tol99,legal,5,null,56.0,53058,3,outdegree,1.0858078379208023
tol99,legal,5,null,57.0,51441,6,outdegree,1.0527166683720455
tol99,legal,5,null,58.0,67023,4,outdegree,1.371595211296429
tol99,legal,5,null,59.0,48413,0,outdegree,0.9907500255806815
tol99,legal,5,null,60.0,74998,1,outdegree,1.5347999590709096
tol99,legal,5,null,61.0,49375,9,outdegree,1.0104369180394965
tol99,legal,5,null,62.0,48846,0,outdegree,0.9996111736416659
tol99,legal,5,null,63.0,55020,1,outdegree,1.125959275555101
tol99,legal,5,null,64.0,49716,3,outdegree,1.0174153279443365
tol99,legal,5,null,65.0,49438,2,outdegree,1.011726184385552
tol99,legal,5,null,66.0,49779,3,outdegree,1.0187045942903918
tol99,legal,5,null,67.0,49419,4,outdegree,1.0113373580272178
tol99,legal,5,null,68.0,50843,5,outdegree,1.0404788703571064
tol99,legal,5,null,69.0,51787,1,outdegree,1.0597974010027627
tol99,legal,5,null,70.0,48638,2,outdegree,0.9953545482451652
tol99,legal,5,null,71.0,68335,0,outdegree,1.3984446945666633
tol99,legal,5,null,72.0,48707,2,outdegree,0.9967666018622736
tol99,legal,5,null,73.0,51699,4,outdegree,1.0579965210273201
tol99,legal,5,null,74.0,51046,1,outdegree,1.0446331730277294
tol99,legal,5,null,75.0,53155,0,outdegree,1.087792898802824
tol99,legal,5,null,76.0,52450,0,outdegree,1.0733653944541082
tol99,legal,5,null,77.0,50953,6,outdegree,1.0427299703264095
tol99,legal,5,null,78.0,51433,5,outdegree,1.0525529520106416
tol99,legal,5,null,79.0,61221,2,outdegree,1.2528599201882737
tol99,legal,5,null,80.0,57783,6,outdegree,1.1825028138749616
tol99,legal,5,null,81.0,49720,3,outdegree,1.0174971861250384
tol99,legal,5,null,82.0,55115,2,outdegree,1.1279034073467717
tol99,legal,5,null,83.0,49527,0,outdegree,1.0135475289061702
tol99,legal,5,null,84.0,50411,2,outdegree,1.0316381868412974
tol99,legal,5,null,85.0,59181,2,outdegree,1.2111122480302876
tol99,legal,5,null,86.0,48570,0,outdegree,0.9939629591732324
tol99,legal,5,null,87.0,49368,2,outdegree,1.0102936662232682
tol99,legal,5,null,88.0,48524,1,outdegree,0.9930215900951601
tol99,legal,5,null,89.0,49006,5,outdegree,1.0028855008697433
tol99,legal,5,null,90.0,52129,2,outdegree,1.066796275452778
tol99,legal,5,null,91.0,49892,2,outdegree,1.0210170878952216
tol99,legal,5,null,92.0,56227,4,outdegree,1.1506599815819094
tol99,legal,5,null,93.0,51214,2,outdegree,1.0480712166172106
tol99,legal,5,null,94.0,52179,4,outdegree,1.0678195027115522
tol99,legal,5,null,95.0,49111,2,outdegree,1.005034278113169
tol99,legal,5,null,96.0,49204,3,outdegree,1.0069374808144889
tol99,legal,5,null,97.0,54402,1,outdegree,1.113312186636652
tol99,legal,5,null,98.0,58997,3,outdegree,1.2073467717179986
tol99,legal,5,null,99.0,56997,3,outdegree,1.1664176813670317
tol99,legal,5,null,100.0,51861,2,outdegree,1.0613117773457486
tol99,legal,5,null,101.0,48878,8,outdegree,1.0002660390872813
tol99,legal,5,null,102.0,48769,4,outdegree,0.9980354036631536
tol99,legal,5,null,103.0,49399,2,outdegree,1.0109280671237082
tol99,legal,5,null,104.0,51495,0,outdegree,1.0538217538115215
tol99,legal,5,null,105.0,54076,3,outdegree,1.1066407449094444
tol99,legal,5,null,106.0,48466,8,outdegree,0.9918346464749821
tol99,legal,5,null,107.0,51915,1,outdegree,1.0624168627852246
tol99,legal,5,null,108.0,80188,3,outdegree,1.6410109485316688
tol99,legal,5,null,109.0,51239,6,outdegree,1.0485828302465978
tol99,legal,5,null,110.0,48460,0,outdegree,0.9917118592039292
tol99,legal,5,null,111.0,53981,1,outdegree,1.1046966131177736
tol99,legal,5,null,112.0,49467,1,outdegree,1.0123196561956411
tol99,legal,5,null,113.0,49451,6,outdegree,1.0119922234728334
tol99,legal,5,null,114.0,53830,4,outdegree,1.1016064667962755
tol99,legal,5,null,115.0,55230,7,outdegree,1.1302568300419522
tol99,legal,5,null,116.0,48531,1,outdegree,0.9931648419113885
tol99,legal,5,null,117.0,50300,2,outdegree,1.0293666223268187
tol99,legal,5,null,118.0,52317,0,outdegree,1.070643609945769
tol99,legal,5,null,119.0,52426,4,outdegree,1.0728742453698967
tol99,legal,5,null,120.0,48723,5,outdegree,0.9970940345850814
tol99,legal,5,null,121.0,49606,0,outdegree,1.0151642279750333
tol99,legal,5,null,122.0,51488,6,outdegree,1.0536785019952932
tol99,legal,5,null,123.0,50093,2,outdegree,1.0251304614754937
tol99,legal,5,null,124.0,48693,2,outdegree,0.9964800982298169
tol99,legal,5,null,125.0,52803,2,outdegree,1.0805893789010539
tol99,legal,5,null,126.0,55706,1,outdegree,1.1399979535454825
tol99,legal,5,null,127.0,49119,1,outdegree,1.0051979944745728
tol99,legal,5,null,128.0,53407,4,outdegree,1.092949964187046
tol99,legal,5,null,129.0,56906,2,outdegree,1.1645554077560627
tol99,legal,5,null,130.0,48673,0,outdegree,0.9960708073263072
tol99,legal,5,null,131.0,54955,0,outdegree,1.1246290801186944
tol99,legal,5,null,132.0,49678,7,outdegree,1.016637675227668
tol99,legal,5,null,133.0,54884,3,outdegree,1.123176097411235
tol99,legal,5,null,134.0,50022,3,outdegree,1.0236774787680343
tol99,legal,5,null,135.0,53066,0,outdegree,1.0859715542822062
tol99,legal,5,null,136.0,49427,0,outdegree,1.0115010743886217
tol99,legal,5,null,137.0,50231,4,outdegree,1.0279545687097105
tol99,legal,5,null,138.0,54925,4,outdegree,1.1240151437634298
tol99,legal,5,null,139.0,49197,25,outdegree,1.0067942289982605
tol99,legal,5,null,140.0,51138,3,outdegree,1.046515911183874
tol99,legal,5,null,141.0,51138,2,outdegree,1.046515911183874
tol99,legal,5,null,142.0,55418,0,outdegree,1.1341041645349432
tol99,legal,5,null,143.0,49169,4,outdegree,1.006221221733347
tol99,legal,5,null,144.0,52187,2,outdegree,1.0679832190729561
tol99,legal,5,null,145.0,54191,5,outdegree,1.1089941676046249
tol99,legal,5,null,146.0,50545,7,outdegree,1.0343804358948123
tol99,legal,5,null,147.0,49204,3,outdegree,1.0069374808144889
tol99,legal,5,null,148.0,50400,7,outdegree,1.0314130768443672
tol99,legal,5,null,149.0,59089,5,outdegree,1.209229509874143
tol99,legal,5,null,150.0,49116,5,outdegree,1.0051366008390463
tol99,legal,5,null,151.0,61493,2,outdegree,1.2584262764760052
tol99,legal,5,null,152.0,51475,1,outdegree,1.053412462908012
tol99,legal,5,null,153.0,49934,0,outdegree,1.0218765987925917
tol99,legal,5,null,154.0,48719,2,outdegree,0.9970121764043794
tol99,legal,5,null,155.0,49355,0,outdegree,1.010027627135987
tol99,legal,5,null,156.0,55412,4,outdegree,1.1339813772638903
tol99,legal,5,null,157.0,52625,1,outdegree,1.076946689859818
tol99,legal,5,null,158.0,51575,3,outdegree,1.0554589174255602
tol99,legal,5,null,159.0,51059,3,outdegree,1.0448992121150107
tol99,legal,5,null,160.0,51412,1,outdegree,1.0521231965619564
tol99,legal,5,null,161.0,49283,4,outdegree,1.0085541798833522
tol99,legal,5,null,162.0,48740,24,outdegree,0.9974419318530645
tol99,legal,5,null,163.0,55571,8,outdegree,1.1372352399467922
tol99,legal,5,null,164.0,53911,4,outdegree,1.1032640949554897
tol99,legal,5,null,165.0,49657,3,outdegree,1.0162079197789828
tol99,legal,5,null,166.0,50797,1,outdegree,1.039537501279034
tol99,legal,5,null,167.0,71963,4,outdegree,1.4726900644633174
tol99,legal,5,null,168.0,48887,2,outdegree,1.0004502199938607
tol99,legal,5,null,169.0,49288,3,outdegree,1.0086565026092296
tol99,legal,5,null,170.0,63780,2,outdegree,1.305228691292336
tol99,legal,5,null,171.0,49606,6,outdegree,1.0151642279750333
tol99,legal,5,null,172.0,51351,0,outdegree,1.050874859306252
tol99,legal,5,null,173.0,48493,1,outdegree,0.9923871891947201
tol99,legal,5,null,174.0,50489,4,outdegree,1.0332344213649851
tol99,legal,5,null,175.0,61568,2,outdegree,1.2599611173641665
tol99,legal,5,null,176.0,61988,4,outdegree,1.2685562263378696
tol99,legal,5,null,177.0,48435,1,outdegree,0.9912002455745421
tol99,legal,5,null,178.0,82217,3,outdegree,1.6825335106927248
tol99,legal,5,null,179.0,60529,3,outdegree,1.2386984549268392
tol99,legal,5,null,180.0,71705,9,outdegree,1.4674102118080425
tol99,legal,5,null,181.0,54365,2,outdegree,1.112554998465159
tol99,legal,5,null,182.0,48666,0,outdegree,0.9959275555100788
tol99,legal,5,null,183.0,65189,2,outdegree,1.3340632354445923
tol99,legal,5,null,184.0,49291,3,outdegree,1.008717896244756
tol99,legal,5,null,185.0,50904,4,outdegree,1.0417272076128108
tol99,legal,5,null,186.0,52182,3,outdegree,1.0678808963470787
tol99,legal,5,null,187.0,56221,4,outdegree,1.1505371943108564
tol99,legal,5,null,188.0,51425,2,outdegree,1.0523892356492377
tol99,legal,5,null,189.0,49645,3,outdegree,1.0159623452368771
tol99,legal,5,null,190.0,52735,6,outdegree,1.079197789829121
tol99,legal,5,null,191.0,49506,8,outdegree,1.013117773457485
tol99,legal,5,null,192.0,50122,0,outdegree,1.0257239332855828
tol99,legal,5,null,193.0,67935,2,outdegree,1.3902588764964698
tol99,legal,5,null,194.0,50017,1,outdegree,1.0235751560421569
tol99,legal,5,null,195.0,51080,0,outdegree,1.0453289675636959
tol99,legal,5,null,196.0,50953,2,outdegree,1.0427299703264095
tol99,legal,5,null,197.0,52343,0,outdegree,1.0711756881203316
tol99,legal,5,null,198.0,55888,0,outdegree,1.1437225007674205
tol99,legal,5,null,199.0,52447,3,outdegree,1.073304000818582
tol99,legal,5,null,200.0,48815,1,outdegree,0.9989767727412259
tol99,legal,5,null,201.0,51230,2,outdegree,1.0483986493400184
tol99,legal,5,null,202.0,52322,1,outdegree,1.0707459326716464
tol99,legal,5,null,203.0,49199,2,outdegree,1.0068351580886115
tol99,legal,5,null,204.0,56222,2,outdegree,1.150557658856032
tol99,legal,5,null,205.0,49968,2,outdegree,1.0225723933285582
tol99,legal,5,null,206.0,53959,2,outdegree,1.1042463931239128
tol99,legal,5,null,207.0,50686,4,outdegree,1.0372659367645554
tol99,legal,5,null,208.0,48638,8,outdegree,0.9953545482451652
tol99,legal,5,null,209.0,50299,9,outdegree,1.0293461577816434
tol99,legal,5,null,210.0,63428,3,outdegree,1.298025171390566
tol99,legal,5,null,211.0,51496,8,outdegree,1.0538422183566971
tol99,legal,5,null,212.0,49337,1,outdegree,1.0096592653228282
tol99,legal,5,null,213.0,50090,2,outdegree,1.0250690678399672
tol99,legal,5,null,214.0,50711,3,outdegree,1.0377775503939426
tol99,legal,5,null,215.0,51495,1,outdegree,1.0538217538115215
tol99,legal,5,null,216.0,55068,7,outdegree,1.126941573723524
tol99,legal,5,null,217.0,57826,9,outdegree,1.1833827893175075
tol99,legal,5,null,218.0,53374,1,outdegree,1.092274634196255
tol99,legal,5,null,219.0,54877,1,outdegree,1.1230328455950067
tol99,legal,5,null,220.0,49489,4,outdegree,1.0127698761895016
tol99,legal,5,null,221.0,53768,6,outdegree,1.1003376649953955
tol99,legal,5,null,222.0,51059,4,outdegree,1.0448992121150107
tol99,legal,5,null,223.0,52796,5,outdegree,1.0804461270848256
tol99,legal,5,null,224.0,48429,3,outdegree,0.9910774583034893
tol99,legal,5,null,225.0,73690,3,outdegree,1.5080323339813773
tol99,legal,5,null,226.0,68322,2,outdegree,1.398178655479382
tol99,legal,5,null,227.0,49171,0,outdegree,1.006262150823698
tol99,legal,5,null,228.0,61797,0,outdegree,1.2646474982093523
tol99,legal,5,null,229.0,50019,4,outdegree,1.023616085132508
tol99,legal,5,null,230.0,53488,1,outdegree,1.0946075923462601
tol99,legal,5,null,231.0,59671,0,outdegree,1.2211398751662745
tol99,legal,5,null,232.0,53042,0,outdegree,1.0854804051979945
tol99,legal,5,null,233.0,53713,1,outdegree,1.099212115010744
tol99,legal,5,null,234.0,57266,4,outdegree,1.1719226440192367
tol99,legal,5,null,235.0,49390,0,outdegree,1.0107438862171287
tol99,legal,5,null,236.0,53878,3,outdegree,1.1025887649646986
tol99,legal,5,null,237.0,55679,0,outdegree,1.1394454108257444
tol99,legal,5,null,238.0,49653,1,outdegree,1.016126061598281
tol99,legal,5,null,239.0,49118,1,outdegree,1.0051775299293972
tol99,legal,5,null,240.0,92068,2,outdegree,1.8841297452164125
tol99,legal,5,null,241.0,53220,0,outdegree,1.0891230942392305
tol99,legal,5,null,242.0,53223,0,outdegree,1.089184487874757
tol99,legal,5,null,243.0,52447,3,outdegree,1.073304000818582
tol99,legal,5,null,244.0,49338,7,outdegree,1.0096797298680036
tol99,legal,5,null,245.0,51257,3,outdegree,1.0489511920597565
tol99,legal,5,null,246.0,52928,1,outdegree,1.0831474470479894
tol99,legal,5,null,247.0,50166,2,outdegree,1.026624373273304
tol99,legal,5,null,248.0,87979,2,outdegree,1.8004502199938606
tol99,legal,5,null,249.0,51623,0,outdegree,1.0564412155939835
tol99,legal,5,null,250.0,48403,0,outdegree,0.9905453801289267
tol99,legal,5,null,251.0,52302,6,outdegree,1.0703366417681368
tol99,legal,5,null,252.0,48786,4,outdegree,0.9983833009311368
tol99,legal,5,null,253.0,51745,2,outdegree,1.0589378901053923
tol99,legal,5,null,254.0,52875,2,outdegree,1.0820628261536887
tol99,legal,5,null,255.0,49809,0,outdegree,1.0193185306456565
tol99,legal,5,null,256.0,55540,9,outdegree,1.1366008390463522
tol99,legal,5,null,257.0,48543,3,outdegree,0.9934104164534944
tol99,legal,5,null,258.0,49718,1,outdegree,1.0174562570346875
tol99,legal,5,null,259.0,48600,2,outdegree,0.9945768955284969
tol99,legal,5,null,260.0,49410,4,outdegree,1.0111531771206386
tol99,legal,5,null,261.0,63222,1,outdegree,1.2938094750844162
tol99,legal,5,null,262.0,53245,3,outdegree,1.0896347078686177
tol99,legal,5,null,263.0,54804,7,outdegree,1.1215389337971964
tol99,legal,5,null,264.0,48394,5,outdegree,0.9903611992223473
tol99,legal,5,null,265.0,57233,1,outdegree,1.1712473140284456
tol99,legal,5,null,266.0,51222,4,outdegree,1.0482349329786145
tol99,legal,5,null,267.0,49146,2,outdegree,1.005750537194311
tol99,legal,5,null,268.0,53587,4,outdegree,1.096633582318633
tol99,legal,5,null,269.0,52494,1,outdegree,1.0742658344418294
tol99,legal,5,null,270.0,50155,1,outdegree,1.0263992632763737
tol99,legal,5,null,271.0,50680,6,outdegree,1.0371431494935026
tol99,legal,5,null,272.0,50681,0,outdegree,1.037163614038678
tol99,legal,5,null,273.0,56349,3,outdegree,1.1531566560933184
tol99,legal,5,null,274.0,50086,3,outdegree,1.0249872096592654
tol99,legal,5,null,275.0,51485,3,outdegree,1.0536171083597667
tol99,legal,5,null,276.0,49804,4,outdegree,1.019216207919779
tol99,legal,5,null,277.0,52255,8,outdegree,1.069374808144889
tol99,legal,5,null,278.0,54602,4,outdegree,1.1174050956717487
tol99,legal,5,null,279.0,86068,4,outdegree,1.7613424741635118
tol99,legal,5,null,280.0,52508,0,outdegree,1.0745523380742863
tol99,legal,5,null,281.0,57000,1,outdegree,1.166479075002558
tol99,legal,5,null,282.0,54338,0,outdegree,1.1120024557454211
tol99,legal,5,null,283.0,51058,1,outdegree,1.0448787475698353
tol99,legal,5,null,284.0,58995,0,outdegree,1.2073058426276475
tol99,legal,5,null,285.0,59223,1,outdegree,1.2119717589276577
tol99,legal,5,null,286.0,54127,1,outdegree,1.107684436713394
tol99,legal,5,null,287.0,51883,1,outdegree,1.061761997339609
tol99,legal,5,null,288.0,50431,4,outdegree,1.0320474777448072
tol99,legal,5,null,289.0,51237,4,outdegree,1.048541901156247
tol99,legal,5,null,290.0,58014,6,outdegree,1.1872301238104983
tol99,legal,5,null,291.0,54705,4,outdegree,1.1195129438248235
tol99,legal,5,null,292.0,64553,2,outdegree,1.3210477847129847
tol99,legal,5,null,293.0,48518,8,outdegree,0.9928988028241073
tol99,legal,5,null,294.0,69421,4,outdegree,1.4206691906272384
tol99,legal,5,null,295.0,66664,2,outdegree,1.3642484395784304
tol99,legal,5,null,296.0,50552,1,outdegree,1.0345236877110406
tol99,legal,5,null,297.0,50698,7,outdegree,1.0375115113066613
tol99,legal,5,null,298.0,53437,4,outdegree,1.0935639005423103
tol99,legal,5,null,299.0,48901,2,outdegree,1.0007367236263174
tol99,legal,5,null,300.0,49653,1,outdegree,1.016126061598281
tol99,legal,5,null,301.0,49600,1,outdegree,1.0150414407039803
tol99,legal,5,null,302.0,49249,0,outdegree,1.0078583853473857
tol99,legal,5,null,303.0,62858,0,outdegree,1.2863603806405404
tol99,legal,5,null,304.0,53387,2,outdegree,1.0925406732835363
tol99,legal,5,null,305.0,56092,3,outdegree,1.1478972679832191
tol99,legal,5,null,306.0,57374,2,outdegree,1.1741328148981889
tol99,legal,5,null,307.0,49338,5,outdegree,1.0096797298680036
tol99,legal,5,null,308.0,54043,1,outdegree,1.1059654149186535
tol99,legal,5,null,309.0,58814,26,outdegree,1.203601759950885
tol99,legal,5,null,310.0,49422,3,outdegree,1.0113987516627443
tol99,legal,5,null,311.0,49225,2,outdegree,1.007367236263174
tol99,legal,5,null,312.0,49697,1,outdegree,1.0170265015860023
tol99,legal,5,null,313.0,51012,3,outdegree,1.043937378491763
tol99,legal,5,null,314.0,55430,0,outdegree,1.134349739077049
tol99,legal,5,null,315.0,49279,1,outdegree,1.00847232170265
tol99,legal,5,null,316.0,50085,0,outdegree,1.0249667451140898
tol99,legal,5,null,317.0,51425,2,outdegree,1.0523892356492377
tol99,legal,5,null,318.0,53912,2,outdegree,1.103284559500665
tol99,legal,5,null,319.0,54062,2,outdegree,1.1063542412769876
tol99,legal,5,null,320.0,57302,7,outdegree,1.1726593676455541
tol99,legal,5,null,321.0,62639,4,outdegree,1.2818786452471094
tol99,legal,5,null,322.0,51772,7,outdegree,1.0594904328251304
tol99,legal,5,null,323.0,63082,6,outdegree,1.2909444387598485
tol99,legal,5,null,324.0,54234,4,outdegree,1.1098741430471708
tol99,legal,5,null,325.0,52899,2,outdegree,1.0825539752379003
tol99,legal,5,null,326.0,53659,3,outdegree,1.0981070295712678
tol99,legal,5,null,327.0,72918,6,outdegree,1.492233705105904
tol99,legal,5,null,328.0,53883,4,outdegree,1.102691087690576
tol99,legal,5,null,329.0,50730,3,outdegree,1.0381663767522766
tol99,legal,5,null,330.0,55508,4,outdegree,1.1359459736007367
tol99,legal,5,null,331.0,49357,2,outdegree,1.0100685562263378
tol99,legal,5,null,332.0,50741,0,outdegree,1.038391486749207
tol99,legal,5,null,333.0,51824,5,outdegree,1.0605545891742556
tol99,legal,5,null,334.0,53140,3,outdegree,1.0874859306251918
tol99,legal,5,null,335.0,54245,0,outdegree,1.1100992530441012
tol99,legal,5,null,336.0,50708,2,outdegree,1.037716156758416
tol99,legal,5,null,337.0,52370,4,outdegree,1.0717282308400695
tol99,legal,5,null,338.0,53813,1,outdegree,1.1012585695282922
tol99,legal,5,null,339.0,49454,0,outdegree,1.0120536171083598
tol99,legal,5,null,340.0,51969,1,outdegree,1.0635219482247007
tol99,legal,5,null,341.0,59574,0,outdegree,1.2191548142842525
tol99,legal,5,null,342.0,49641,4,outdegree,1.0158804870561753
tol99,legal,5,null,343.0,52473,3,outdegree,1.0738360789931445
tol99,legal,5,null,344.0,51835,3,outdegree,1.060779699171186
tol99,legal,5,null,345.0,51694,3,outdegree,1.0578941983014427
tol99,legal,5,null,346.0,53815,5,outdegree,1.1012994986186433
tol99,legal,5,null,347.0,51085,3,outdegree,1.0454312902895733
tol99,legal,5,null,348.0,51366,6,outdegree,1.0511818274838842
tol99,legal,5,null,349.0,51445,7,outdegree,1.0527985265527473
tol99,legal,5,null,350.0,56671,6,outdegree,1.159746239639824
tol99,legal,5,null,351.0,54348,1,outdegree,1.112207101197176
tol99,legal,5,null,352.0,52947,8,outdegree,1.0835362734063236
tol99,legal,5,null,353.0,52258,2,outdegree,1.0694362017804155
tol99,legal,5,null,354.0,58597,3,outdegree,1.1991609536478052
tol99,legal,5,null,355.0,52530,0,outdegree,1.075002558068147
tol99,legal,5,null,356.0,48432,0,outdegree,0.9911388519390156
tol99,legal,5,null,357.0,51109,1,outdegree,1.045922439373785
tol99,legal,5,null,358.0,52475,1,outdegree,1.0738770080834954
tol99,legal,5,null,359.0,50833,4,outdegree,1.0402742249053514
tol99,legal,5,null,360.0,50338,1,outdegree,1.0301442750434873
tol99,legal,5,null,361.0,50694,0,outdegree,1.0374296531259593
tol99,legal,5,null,362.0,50297,4,outdegree,1.0293052286912923
tol99,legal,5,null,363.0,54816,2,outdegree,1.121784508339302
tol99,legal,5,null,364.0,52614,1,outdegree,1.0767215798628875
tol99,legal,5,null,365.0,49805,2,outdegree,1.0192366724649544
tol99,legal,5,null,366.0,48674,3,outdegree,0.9960912718714826
tol99,legal,5,null,367.0,53876,3,outdegree,1.1025478358743477
tol99,legal,5,null,368.0,56239,3,outdegree,1.1509055561240151
tol99,legal,5,null,369.0,53904,2,outdegree,1.1031208431392612
tol99,legal,5,null,370.0,52477,0,outdegree,1.0739179371738463
tol99,legal,5,null,371.0,49496,1,outdegree,1.01291312800573
tol99,legal,5,null,372.0,58635,6,outdegree,1.1999386063644735
tol99,legal,5,null,373.0,57265,3,outdegree,1.1719021794740612
tol99,legal,5,null,374.0,50591,2,outdegree,1.0353218049728845
tol99,legal,5,null,375.0,52564,7,outdegree,1.0756983526041133
tol99,legal,5,null,376.0,52089,3,outdegree,1.0659776936457588
tol99,legal,5,null,377.0,50531,2,outdegree,1.0340939322623555
tol99,legal,5,null,378.0,48913,6,outdegree,1.000982298168423
tol99,legal,5,null,379.0,67562,1,outdegree,1.3826256011460145
tol99,legal,5,null,380.0,53571,2,outdegree,1.0963061495958253
tol99,legal,5,null,381.0,52354,1,outdegree,1.0714007981172617
tol99,legal,5,null,382.0,51262,3,outdegree,1.049053514785634
tol99,legal,5,null,383.0,55314,9,outdegree,1.131975851836693
tol99,legal,5,null,384.0,50870,1,outdegree,1.0410314130768443
tol99,legal,5,null,385.0,55358,0,outdegree,1.1328762918244142
tol99,legal,5,null,386.0,50478,2,outdegree,1.0330093113680547
tol99,legal,5,null,387.0,53718,2,outdegree,1.0993144377366213
tol99,legal,5,null,388.0,50956,4,outdegree,1.042791363961936
tol99,legal,5,null,389.0,48471,3,outdegree,0.9919369692008595
tol99,legal,5,null,390.0,60009,1,outdegree,1.2280568914355878
tol99,legal,5,null,391.0,54263,0,outdegree,1.1104676148572599
tol99,legal,5,null,392.0,57813,0,outdegree,1.1831167502302262
tol99,legal,5,null,393.0,51994,0,outdegree,1.0640335618540877
tol99,legal,5,null,394.0,51180,2,outdegree,1.0473754220812443
tol99,legal,5,null,395.0,52405,2,outdegree,1.0724444899212116
tol99,legal,5,null,396.0,61869,8,outdegree,1.266120945461987
tol99,legal,5,null,397.0,49073,1,outdegree,1.0042566253965006
tol99,legal,5,null,398.0,51248,13,outdegree,1.048767011153177
tol99,legal,5,null,399.0,63468,1,outdegree,1.2988437531975852
tol99,legal,5,null,400.0,50574,2,outdegree,1.0349739077049012
tol99,legal,5,null,401.0,50226,0,outdegree,1.027852245983833
tol99,legal,5,null,402.0,51012,2,outdegree,1.043937378491763
tol99,legal,5,null,403.0,53039,3,outdegree,1.085419011562468
tol99,legal,5,null,404.0,50487,25,outdegree,1.0331934922746342
tol99,legal,5,null,405.0,50263,1,outdegree,1.0286094341553258
tol99,legal,5,null,406.0,48730,0,outdegree,0.9972372864013097
tol99,legal,5,null,407.0,52797,1,outdegree,1.080466591630001
tol99,legal,5,null,408.0,49291,0,outdegree,1.008717896244756
tol99,legal,5,null,409.0,55105,1,outdegree,1.127698761895017
tol99,legal,5,null,410.0,49952,5,outdegree,1.0222449606057504
tol99,legal,5,null,411.0,51585,5,outdegree,1.055663562877315
tol99,legal,5,null,412.0,50032,3,outdegree,1.0238821242197893
tol99,legal,5,null,413.0,50146,0,outdegree,1.0262150823697944
tol99,legal,5,null,414.0,52582,1,outdegree,1.076066714417272
tol99,legal,5,null,415.0,48388,4,outdegree,0.9902384119512944
tol99,legal,5,null,416.0,48701,1,outdegree,0.9966438145912208
tol99,legal,5,null,417.0,53520,2,outdegree,1.0952624577918755
tol99,legal,5,null,418.0,53322,4,outdegree,1.0912104778471299
tol99,legal,5,null,419.0,49300,2,outdegree,1.0089020771513353
tol99,legal,5,null,420.0,49209,0,outdegree,1.0070398035403663
tol99,legal,5,null,421.0,72534,5,outdegree,1.4843753197585183
tol99,legal,5,null,422.0,51774,4,outdegree,1.0595313619154814
tol99,legal,5,null,423.0,54555,0,outdegree,1.116443262048501
tol99,legal,5,null,424.0,58974,0,outdegree,1.2068760871789626
tol99,legal,5,null,425.0,51365,1,outdegree,1.0511613629387087
tol99,legal,5,null,426.0,54293,5,outdegree,1.1110815512125243
tol99,legal,5,null,427.0,50527,4,outdegree,1.0340120740816536
tol99,legal,5,null,428.0,49550,0,outdegree,1.0140182134452063
tol99,legal,5,null,429.0,50588,6,outdegree,1.035260411337358
tol99,legal,5,null,430.0,54800,4,outdegree,1.1214570756164943
tol99,legal,5,null,431.0,50624,1,outdegree,1.0359971349636754
tol99,legal,5,null,432.0,51667,1,outdegree,1.0573416555817048
tol99,legal,5,null,433.0,69056,5,outdegree,1.4131996316381867
tol99,legal,5,null,434.0,68067,2,outdegree,1.3929601964596336
tol99,legal,5,null,435.0,50895,1,outdegree,1.0415430267062316
tol99,legal,5,null,436.0,50881,4,outdegree,1.0412565230737747
tol99,legal,5,null,437.0,85548,1,outdegree,1.7507009106722604
tol99,legal,5,null,438.0,50260,1,outdegree,1.0285480405197995
tol99,legal,5,null,439.0,48419,3,outdegree,0.9908728128517343
tol99,legal,5,null,440.0,54472,1,outdegree,1.1147447047989358
tol99,legal,5,null,441.0,49548,4,outdegree,1.0139772843548551
tol99,legal,5,null,442.0,48433,2,outdegree,0.9911593164841911
tol99,legal,5,null,443.0,49296,2,outdegree,1.0088202189706335
tol99,legal,5,null,444.0,59337,4,outdegree,1.2143047170776629
tol99,legal,5,null,445.0,65467,9,outdegree,1.3397523790033767
tol99,legal,5,null,446.0,51596,3,outdegree,1.0558886728742454
tol99,legal,5,null,447.0,53197,2,outdegree,1.0886524097001944
tol99,legal,5,null,448.0,49669,0,outdegree,1.0164534943210888
tol99,legal,5,null,449.0,49123,3,outdegree,1.0052798526552746
tol99,legal,5,null,450.0,50893,1,outdegree,1.0415020976158804
tol99,legal,5,null,451.0,49310,1,outdegree,1.00910672260309
tol99,legal,5,null,452.0,53054,5,outdegree,1.0857259797401002
tol99,legal,5,null,453.0,52628,4,outdegree,1.0770080834953444
tol99,legal,5,null,454.0,48795,2,outdegree,0.9985674818377162
tol99,legal,5,null,455.0,54505,3,outdegree,1.1154200347897267
tol99,legal,5,null,456.0,50288,3,outdegree,1.029121047784713
tol99,legal,5,null,457.0,55697,1,outdegree,1.139813772638903
tol99,legal,5,null,458.0,49982,2,outdegree,1.022858896961015
tol99,legal,5,null,459.0,50025,2,outdegree,1.0237388724035608
tol99,legal,5,null,460.0,56783,7,outdegree,1.1620382686994781
tol99,legal,5,null,461.0,49674,3,outdegree,1.0165558170469662
tol99,legal,5,null,462.0,56164,3,outdegree,1.1493707152358539
tol99,legal,5,null,463.0,51660,0,outdegree,1.0571984037654762
tol99,legal,5,null,464.0,48754,4,outdegree,0.9977284354855214
tol99,legal,5,null,465.0,49225,2,outdegree,1.007367236263174
tol99,legal,5,null,466.0,57223,0,outdegree,1.1710426685766908
tol99,legal,5,null,467.0,49115,2,outdegree,1.005116136293871
tol99,legal,5,null,468.0,50170,2,outdegree,1.0267062314540059
tol99,legal,5,null,469.0,50273,2,outdegree,1.0288140796070808
tol99,legal,5,null,470.0,54709,2,outdegree,1.1195948020055255
tol99,legal,5,null,471.0,50309,1,outdegree,1.0295508032333982
tol99,legal,5,null,472.0,49749,0,outdegree,1.0180906579351274
tol99,legal,5,null,473.0,50858,3,outdegree,1.0407858385347386
tol99,legal,5,null,474.0,51705,7,outdegree,1.058119308298373
tol99,legal,5,null,475.0,49350,1,outdegree,1.0099253044101095
tol99,legal,5,null,476.0,54425,2,outdegree,1.113782871175688
tol99,legal,5,null,477.0,49883,2,outdegree,1.0208329069886422
tol99,legal,5,null,478.0,49551,4,outdegree,1.0140386779903816
tol99,legal,5,null,479.0,53551,2,outdegree,1.0958968586923155
tol99,legal,5,null,480.0,53509,4,outdegree,1.0950373477949453
tol99,legal,5,null,481.0,52880,3,outdegree,1.082165148879566
tol99,legal,5,null,482.0,53526,4,outdegree,1.0953852450629284
tol99,legal,5,null,483.0,49096,2,outdegree,1.0047273099355367
tol99,legal,5,null,484.0,54998,1,outdegree,1.1255090555612401
tol99,legal,5,null,485.0,51569,1,outdegree,1.0553361301545072
tol99,legal,5,null,486.0,48904,2,outdegree,1.0007981172618439
tol99,legal,5,null,487.0,49452,0,outdegree,1.0120126880180087
tol99,legal,5,null,488.0,61594,4,outdegree,1.260493195538729
tol99,legal,5,null,489.0,56664,2,outdegree,1.1596029878235956
tol99,legal,5,null,490.0,52604,8,outdegree,1.0765169344111327
tol99,legal,5,null,491.0,48549,4,outdegree,0.9935332037245472
tol99,legal,5,null,492.0,59293,4,outdegree,1.2134042770899416
tol99,legal,5,null,493.0,51744,0,outdegree,1.058917425560217
tol99,legal,5,null,494.0,52514,10,outdegree,1.0746751253453393
tol99,legal,5,null,495.0,48405,8,outdegree,0.9905863092192776
tol99,legal,5,null,496.0,54095,1,outdegree,1.1070295712677787
tol99,legal,5,null,497.0,49297,0,outdegree,1.0088406835158088
tol99,legal,5,null,498.0,53104,1,outdegree,1.0867492069988745
tol99,legal,5,null,499.0,56160,2,outdegree,1.149288857055152
