setting,semantics,k,strategy,seed,removed_providers,options_lost,matched_to,size_ratio
tol99,legal,100,descendants,,336396,13,,
tol99,legal,100,null,0.0,346447,22,descendants,1.0298784765573907
tol99,legal,100,null,1.0,335144,59,descendants,0.9962781959357424
tol99,legal,100,null,2.0,360436,41,descendants,1.0714633943328695
tol99,legal,100,null,3.0,368527,63,descendants,1.0955154044637867
tol99,legal,100,null,4.0,348399,62,descendants,1.035681161488246
tol99,legal,100,null,5.0,337694,48,descendants,1.0038585476640627
tol99,legal,100,null,6.0,343103,24,descendants,1.0199378113889583
tol99,legal,100,null,7.0,337082,26,descendants,1.0020392632492658
tol99,legal,100,null,8.0,337479,29,descendants,1.0032194199693218
tol99,legal,100,null,9.0,356489,19,descendants,1.0597301989322108
tol99,legal,100,null,10.0,345218,48,descendants,1.0262250442930356
tol99,legal,100,null,11.0,333102,27,descendants,0.9902079691791816
tol99,legal,100,null,12.0,343800,40,descendants,1.0220097741946992
tol99,legal,100,null,13.0,339352,19,descendants,1.0087872626309469
tol99,legal,100,null,14.0,348430,49,descendants,1.0357733147837667
tol99,legal,100,null,15.0,338742,55,descendants,1.0069739235900546
tol99,legal,100,null,16.0,345218,58,descendants,1.0262250442930356
tol99,legal,100,null,17.0,334217,41,descendants,0.9935225151309766
tol99,legal,100,null,18.0,363718,20,descendants,1.0812197529102605
tol99,legal,100,null,19.0,346883,29,descendants,1.0311745680685858
tol99,legal,100,null,20.0,342253,28,descendants,1.0174110274795183
tol99,legal,100,null,21.0,344189,56,descendants,1.0231661494191369
tol99,legal,100,null,22.0,377254,41,descendants,1.1214580434963555
tol99,legal,100,null,23.0,334434,32,descendants,0.9941675881996219
tol99,legal,100,null,24.0,350179,29,descendants,1.0409725442633087
tol99,legal,100,null,25.0,359849,51,descendants,1.0697184270918798
tol99,legal,100,null,26.0,338011,32,descendants,1.004800889427936
tol99,legal,100,null,27.0,370103,39,descendants,1.1002003591005838
tol99,legal,100,null,28.0,362443,54,descendants,1.0774295770461004
tol99,legal,100,null,29.0,347885,20,descendants,1.0341532003947729
tol99,legal,100,null,30.0,406349,65,descendants,1.2079483703730127
tol99,legal,100,null,31.0,351005,31,descendants,1.043427983685894
tol99,legal,100,null,32.0,381407,75,descendants,1.1338036124091844
tol99,legal,100,null,33.0,401136,34,descendants,1.1924517532907644
tol99,legal,100,null,34.0,343181,47,descendants,1.0201696809712362
tol99,legal,100,null,35.0,351720,21,descendants,1.045553454856776
tol99,legal,100,null,36.0,340437,46,descendants,1.0120126279741732
tol99,legal,100,null,37.0,349335,31,descendants,1.0384635964755824
tol99,legal,100,null,38.0,344313,17,descendants,1.02353476260122
tol99,legal,100,null,39.0,376814,50,descendants,1.1201500612373512
tol99,legal,100,null,40.0,366362,76,descendants,1.0890795372120952
tol99,legal,100,null,41.0,362572,31,descendants,1.0778130536629449
tol99,legal,100,null,42.0,361467,73,descendants,1.0745282345806728
tol99,legal,100,null,43.0,340986,54,descendants,1.0136446331109763
tol99,legal,100,null,44.0,381052,53,descendants,1.132748308541124
tol99,legal,100,null,45.0,348450,23,descendants,1.0358327685228124
tol99,legal,100,null,46.0,374306,38,descendants,1.112694562361027
tol99,legal,100,null,47.0,344403,50,descendants,1.0238023044269253
tol99,legal,100,null,48.0,364135,29,descendants,1.0824593633693622
tol99,legal,100,null,49.0,344919,31,descendants,1.0253362108943032
tol99,legal,100,null,50.0,340146,29,descendants,1.011147576071059
tol99,legal,100,null,51.0,372037,38,descendants,1.105949535666298
tol99,legal,100,null,52.0,346104,52,descendants,1.0288588449327578
tol99,legal,100,null,53.0,345044,32,descendants,1.0257077967633383
tol99,legal,100,null,54.0,347278,37,descendants,1.0323487794147375
tol99,legal,100,null,55.0,340428,53,descendants,1.0119858737916028
tol99,legal,100,null,56.0,342143,27,descendants,1.0170840319147672
tol99,legal,100,null,57.0,341425,33,descendants,1.0149496426830282
tol99,legal,100,null,58.0,363565,42,descendants,1.0807649318065613
tol99,legal,100,null,59.0,352238,27,descendants,1.0470933066980583
tol99,legal,100,null,60.0,359028,51,descendants,1.067277851104056
tol99,legal,100,null,61.0,341660,53,descendants,1.0156482241168148
tol99,legal,100,null,62.0,348303,37,descendants,1.035395783540827
tol99,legal,100,null,63.0,353056,56,descendants,1.0495249646250253
tol99,legal,100,null,64.0,351043,68,descendants,1.0435409457900808
tol99,legal,100,null,65.0,376280,31,descendants,1.1185626464048324
tol99,legal,100,null,66.0,405375,43,descendants,1.2050529732814896
tol99,legal,100,null,67.0,372677,51,descendants,1.1078520553157587
tol99,legal,100,null,68.0,356249,47,descendants,1.059016754063663
tol99,legal,100,null,69.0,375906,37,descendants,1.1174508614846788
tol99,legal,100,null,70.0,365938,42,descendants,1.0878191179443275
tol99,legal,100,null,71.0,357778,55,descendants,1.063561992413703
tol99,legal,100,null,72.0,336390,24,descendants,0.9999821638782863
tol99,legal,100,null,73.0,352490,21,descendants,1.0478424238100335
tol99,legal,100,null,74.0,353077,27,descendants,1.0495873910510232
tol99,legal,100,null,75.0,357661,37,descendants,1.063214188040286
tol99,legal,100,null,76.0,389274,55,descendants,1.1571897406627902
tol99,legal,100,null,77.0,344758,28,descendants,1.0248576082949856
tol99,legal,100,null,78.0,333895,31,descendants,0.9925653099323416
tol99,legal,100,null,79.0,339715,46,descendants,1.0098663479946255
tol99,legal,100,null,80.0,349240,47,descendants,1.0381811912151155
tol99,legal,100,null,81.0,350746,27,descendants,1.0426580577652529
tol99,legal,100,null,82.0,349566,70,descendants,1.0391502871615597
tol99,legal,100,null,83.0,360300,36,descendants,1.0710591089073591
tol99,legal,100,null,84.0,356405,9,descendants,1.0594804932282191
tol99,legal,100,null,85.0,341349,22,descendants,1.014723718474655
tol99,legal,100,null,86.0,346559,27,descendants,1.0302114174960464
tol99,legal,100,null,87.0,402917,71,descendants,1.1977461087527794
tol99,legal,100,null,88.0,382358,34,descendants,1.136630637700805
tol99,legal,100,null,89.0,345774,60,descendants,1.0278778582385046
tol99,legal,100,null,90.0,347912,58,descendants,1.0342334629424845
tol99,legal,100,null,91.0,338319,19,descendants,1.005716477009239
tol99,legal,100,null,92.0,343395,43,descendants,1.0208058359790246
tol99,legal,100,null,93.0,360238,23,descendants,1.0708748023163177
tol99,legal,100,null,94.0,360239,22,descendants,1.0708777750032699
tol99,legal,100,null,95.0,373230,44,descendants,1.109495951200371
tol99,legal,100,null,96.0,362308,35,descendants,1.0770282643075424
tol99,legal,100,null,97.0,355988,47,descendants,1.0582408827691174
tol99,legal,100,null,98.0,375954,25,descendants,1.1175935504583883
tol99,legal,100,null,99.0,333435,49,descendants,0.9911978739342917
tol99,legal,100,null,100.0,358630,13,descendants,1.0660947216970476
tol99,legal,100,null,101.0,361766,52,descendants,1.0754170679794053
tol99,legal,100,null,102.0,345534,32,descendants,1.027164413369957
tol99,legal,100,null,103.0,337867,60,descendants,1.0043728225068074
tol99,legal,100,null,104.0,351766,75,descendants,1.045690198456581
tol99,legal,100,null,105.0,340813,53,descendants,1.0131303582682314
tol99,legal,100,null,106.0,339293,27,descendants,1.0086118741007621
tol99,legal,100,null,107.0,364549,64,descendants,1.0836900557676072
tol99,legal,100,null,108.0,333271,31,descendants,0.9907103532741174
tol99,legal,100,null,109.0,337650,58,descendants,1.0037277494381622
tol99,legal,100,null,110.0,334879,49,descendants,0.9954904338933875
tol99,legal,100,null,111.0,343123,42,descendants,1.0199972651280038
tol99,legal,100,null,112.0,338490,56,descendants,1.0062248064780794
tol99,legal,100,null,113.0,356138,21,descendants,1.0586867858119597
tol99,legal,100,null,114.0,361935,31,descendants,1.075919452074341
tol99,legal,100,null,115.0,371966,58,descendants,1.105738474892686
tol99,legal,100,null,116.0,344466,13,descendants,1.023989583704919
tol99,legal,100,null,117.0,341259,32,descendants,1.0144561766489495
tol99,legal,100,null,118.0,380128,33,descendants,1.1300015457972152
tol99,legal,100,null,119.0,335431,40,descendants,0.9971313570910475
tol99,legal,100,null,120.0,370587,56,descendants,1.1016391395854885
tol99,legal,100,null,121.0,345024,57,descendants,1.0256483430242929
tol99,legal,100,null,122.0,364596,48,descendants,1.0838297720543646
tol99,legal,100,null,123.0,348634,18,descendants,1.0363797429220323
tol99,legal,100,null,124.0,354733,26,descendants,1.0545101606440028
tol99,legal,100,null,125.0,369589,33,descendants,1.0986723980071107
tol99,legal,100,null,126.0,342337,39,descendants,1.01766073318351
tol99,legal,100,null,127.0,365701,58,descendants,1.0871145911366367
tol99,legal,100,null,128.0,366862,37,descendants,1.0905658806882366
tol99,legal,100,null,129.0,334733,36,descendants,0.9950564215983543
tol99,legal,100,null,130.0,341231,33,descendants,1.0143729414142855
tol99,legal,100,null,131.0,338179,29,descendants,1.0053003008359196
tol99,legal,100,null,132.0,352314,19,descendants,1.0473192309064316
tol99,legal,100,null,133.0,342078,48,descendants,1.0168908072628688
tol99,legal,100,null,134.0,340334,19,descendants,1.0117064412180883
tol99,legal,100,null,135.0,355835,50,descendants,1.0577860616654182
tol99,legal,100,null,136.0,335131,54,descendants,0.9962395510053628
tol99,legal,100,null,137.0,364419,39,descendants,1.0833036064638104
tol99,legal,100,null,138.0,367470,77,descendants,1.0923732743552241
tol99,legal,100,null,139.0,367804,48,descendants,1.0933661517972866
tol99,legal,100,null,140.0,387335,55,descendants,1.1514257006623148
tol99,legal,100,null,141.0,352914,61,descendants,1.049102843077801
tol99,legal,100,null,142.0,365083,53,descendants,1.085277470600126
tol99,legal,100,null,143.0,333850,49,descendants,0.9924315390194889
tol99,legal,100,null,144.0,336735,31,descendants,1.0010077408768236
tol99,legal,100,null,145.0,333229,46,descendants,0.9905855004221216
tol99,legal,100,null,146.0,342333,31,descendants,1.0176488424357009
tol99,legal,100,null,147.0,351418,68,descendants,1.0446557033971866
tol99,legal,100,null,148.0,363287,30,descendants,1.079938524833827
tol99,legal,100,null,149.0,369776,31,descendants,1.0992282904671875
tol99,legal,100,null,150.0,357541,28,descendants,1.062857465606012
tol99,legal,100,null,151.0,362409,54,descendants,1.0773285056897228
tol99,legal,100,null,152.0,348424,29,descendants,1.035755478662053
tol99,legal,100,null,153.0,335606,22,descendants,0.9976515773076969
tol99,legal,100,null,154.0,353221,26,descendants,1.050015457972152
tol99,legal,100,null,155.0,356456,56,descendants,1.0596321002627855
tol99,legal,100,null,156.0,375452,25,descendants,1.1161012616083426
tol99,legal,100,null,157.0,349549,17,descendants,1.0390997514833709
tol99,legal,100,null,158.0,352110,58,descendants,1.046712802768166
tol99,legal,100,null,159.0,334423,60,descendants,0.9941348886431468
tol99,legal,100,null,160.0,340213,52,descendants,1.011346746096862
tol99,legal,100,null,161.0,343606,29,descendants,1.0214330729259564
tol99,legal,100,null,162.0,369448,40,descendants,1.0982532491468389
tol99,legal,100,null,163.0,342099,27,descendants,1.0169532336888667
tol99,legal,100,null,164.0,333058,33,descendants,0.9900771709532813
tol99,legal,100,null,165.0,344557,28,descendants,1.024260098217577
tol99,legal,100,null,166.0,357423,27,descendants,1.0625066885456427
tol99,legal,100,null,167.0,333783,19,descendants,0.992232368993686
tol99,legal,100,null,168.0,382938,55,descendants,1.1383547961331288
tol99,legal,100,null,169.0,373728,50,descendants,1.1109763493026077
tol99,legal,100,null,170.0,342804,23,descendants,1.0190489779902259
tol99,legal,100,null,171.0,342001,32,descendants,1.016661910367543
tol99,legal,100,null,172.0,336179,32,descendants,0.9993549269313547
tol99,legal,100,null,173.0,376318,43,descendants,1.118675608509019
tol99,legal,100,null,174.0,345132,32,descendants,1.0259693932151392
tol99,legal,100,null,175.0,354233,25,descendants,1.0530238171678616
tol99,legal,100,null,176.0,334032,45,descendants,0.9929725680448044
tol99,legal,100,null,177.0,360694,50,descendants,1.0722303475665584
tol99,legal,100,null,178.0,356912,48,descendants,1.0609876455130263
tol99,legal,100,null,179.0,361992,34,descendants,1.0760888952306211
tol99,legal,100,null,180.0,338322,51,descendants,1.005725395070096
tol99,legal,100,null,181.0,344858,52,descendants,1.025154876990214
tol99,legal,100,null,182.0,356995,37,descendants,1.0612343785300657
tol99,legal,100,null,183.0,337035,43,descendants,1.0018995469625085
tol99,legal,100,null,184.0,373544,39,descendants,1.1104293749033878
tol99,legal,100,null,185.0,357914,76,descendants,1.0639662778392134
tol99,legal,100,null,186.0,367244,22,descendants,1.0917014471040083
tol99,legal,100,null,187.0,362931,27,descendants,1.0788802482788142
tol99,legal,100,null,188.0,352347,19,descendants,1.047417329575857
tol99,legal,100,null,189.0,372657,35,descendants,1.1077926015767132
tol99,legal,100,null,190.0,361992,60,descendants,1.0760888952306211
tol99,legal,100,null,191.0,341873,69,descendants,1.0162814064376509
tol99,legal,100,null,192.0,403940,27,descendants,1.2007871675049644
tol99,legal,100,null,193.0,342536,38,descendants,1.018252297887014
tol99,legal,100,null,194.0,352288,59,descendants,1.0472419410456724
tol99,legal,100,null,195.0,339330,70,descendants,1.0087218635179966
tol99,legal,100,null,196.0,341347,54,descendants,1.0147177731007504
tol99,legal,100,null,197.0,352935,23,descendants,1.0491652695037992
tol99,legal,100,null,198.0,349846,23,descendants,1.0399826395081986
tol99,legal,100,null,199.0,387622,42,descendants,1.1522788618176196
tol99,legal,100,null,200.0,339579,69,descendants,1.009462062569115
tol99,legal,100,null,201.0,349366,47,descendants,1.038555749771103
tol99,legal,100,null,202.0,373566,33,descendants,1.1104947740163378
tol99,legal,100,null,203.0,343708,50,descendants,1.0217362869950892
tol99,legal,100,null,204.0,348121,21,descendants,1.0348547545155116
tol99,legal,100,null,205.0,334938,49,descendants,0.9956658224235723
tol99,legal,100,null,206.0,363618,62,descendants,1.0809224842150322
tol99,legal,100,null,207.0,335523,24,descendants,0.9974048442906575
tol99,legal,100,null,208.0,360761,56,descendants,1.0724295175923615
tol99,legal,100,null,209.0,334480,23,descendants,0.9943043317994269
tol99,legal,100,null,210.0,365241,44,descendants,1.0857471551385867
tol99,legal,100,null,211.0,357513,29,descendants,1.062774230371348
tol99,legal,100,null,212.0,379830,55,descendants,1.129115685085435
tol99,legal,100,null,213.0,377185,32,descendants,1.121252928096648
tol99,legal,100,null,214.0,394739,45,descendants,1.1734354748570137
tol99,legal,100,null,215.0,364210,61,descendants,1.0826823148907834
tol99,legal,100,null,216.0,367891,32,descendants,1.093624775562135
tol99,legal,100,null,217.0,343361,18,descendants,1.020704764622647
tol99,legal,100,null,218.0,403261,43,descendants,1.1987687130643647
tol99,legal,100,null,219.0,347891,28,descendants,1.0341710365164865
tol99,legal,100,null,220.0,368649,61,descendants,1.0958780722719652
tol99,legal,100,null,221.0,396061,63,descendants,1.1773653670079312
tol99,legal,100,null,222.0,333862,28,descendants,0.9924672112629164
tol99,legal,100,null,223.0,341792,43,descendants,1.016040618794516
tol99,legal,100,null,224.0,376033,47,descendants,1.1178283927276187
tol99,legal,100,null,225.0,379827,41,descendants,1.1291067670245782
tol99,legal,100,null,226.0,357476,28,descendants,1.0626642409541136
tol99,legal,100,null,227.0,359391,28,descendants,1.0683569364677346
tol99,legal,100,null,228.0,362190,16,descendants,1.076677487247173
tol99,legal,100,null,229.0,367127,52,descendants,1.0913536427305914
tol99,legal,100,null,230.0,372865,41,descendants,1.1084109204627879
tol99,legal,100,null,231.0,361486,24,descendants,1.0745847156327661
tol99,legal,100,null,232.0,357946,58,descendants,1.0640614038216862
tol99,legal,100,null,233.0,338545,38,descendants,1.006388304260455
tol99,legal,100,null,234.0,342502,34,descendants,1.0181512265306365
tol99,legal,100,null,235.0,348351,25,descendants,1.0355384725145365
tol99,legal,100,null,236.0,363584,56,descendants,1.0808214128586546
tol99,legal,100,null,237.0,335694,41,descendants,0.9979131737594977
tol99,legal,100,null,238.0,333196,20,descendants,0.9904874017526962
tol99,legal,100,null,239.0,350851,44,descendants,1.0429701898952426
tol99,legal,100,null,240.0,354684,35,descendants,1.0543644989833412
tol99,legal,100,null,241.0,347754,52,descendants,1.033763778404024
tol99,legal,100,null,242.0,397892,27,descendants,1.1828083568175602
tol99,legal,100,null,243.0,358312,31,descendants,1.0651494072462218
tol99,legal,100,null,244.0,364547,58,descendants,1.0836841103937027
tol99,legal,100,null,245.0,353841,47,descendants,1.051858523882567
tol99,legal,100,null,246.0,344544,37,descendants,1.0242214532871972
tol99,legal,100,null,247.0,334740,55,descendants,0.9950772304070203
tol99,legal,100,null,248.0,350639,42,descendants,1.0423399802613587
tol99,legal,100,null,249.0,360634,48,descendants,1.0720519863494216
tol99,legal,100,null,250.0,351422,58,descendants,1.0446675941449959
tol99,legal,100,null,251.0,357854,51,descendants,1.0637879166220763
tol99,legal,100,null,252.0,367406,35,descendants,1.0921830223902782
tol99,legal,100,null,253.0,363888,55,descendants,1.0817251096921485
tol99,legal,100,null,254.0,337202,33,descendants,1.0023959856835396
tol99,legal,100,null,255.0,341842,49,descendants,1.0161892531421302
tol99,legal,100,null,256.0,379712,38,descendants,1.1287649080250657
tol99,legal,100,null,257.0,357014,51,descendants,1.061290859582159
tol99,legal,100,null,258.0,351977,35,descendants,1.0463174354035125
tol99,legal,100,null,259.0,351685,47,descendants,1.045449410813446
tol99,legal,100,null,260.0,354445,34,descendants,1.0536540268017456
tol99,legal,100,null,261.0,341747,52,descendants,1.0159068478816633
tol99,legal,100,null,262.0,358368,20,descendants,1.0653158777155496
tol99,legal,100,null,263.0,347623,20,descendants,1.033374356413275
tol99,legal,100,null,264.0,361263,35,descendants,1.0739218064424072
tol99,legal,100,null,265.0,338576,26,descendants,1.0064804575559756
tol99,legal,100,null,266.0,409290,57,descendants,1.2166910426996753
tol99,legal,100,null,267.0,348930,26,descendants,1.037259658259908
tol99,legal,100,null,268.0,349764,23,descendants,1.0397388791781115
tol99,legal,100,null,269.0,345648,30,descendants,1.027503299682517
tol99,legal,100,null,270.0,365746,43,descendants,1.0872483620494893
tol99,legal,100,null,271.0,335075,47,descendants,0.9960730805360349
tol99,legal,100,null,272.0,347327,33,descendants,1.0324944410753993
tol99,legal,100,null,273.0,340921,24,descendants,1.013451408459078
tol99,legal,100,null,274.0,353141,84,descendants,1.0497776430159693
tol99,legal,100,null,275.0,341817,25,descendants,1.016114935968323
tol99,legal,100,null,276.0,348456,28,descendants,1.0358506046445262
tol99,legal,100,null,277.0,371100,86,descendants,1.1031641279920095
tol99,legal,100,null,278.0,345179,45,descendants,1.0261091095018966
tol99,legal,100,null,279.0,360402,54,descendants,1.071362322976492
tol99,legal,100,null,280.0,348852,63,descendants,1.03702778867763
tol99,legal,100,null,281.0,352994,30,descendants,1.0493406580339837
tol99,legal,100,null,282.0,391296,24,descendants,1.1632005136803054
tol99,legal,100,null,283.0,360190,36,descendants,1.0707321133426082
tol99,legal,100,null,284.0,345458,53,descendants,1.0269384891615834
tol99,legal,100,null,285.0,338274,15,descendants,1.0055827060963864
tol99,legal,100,null,286.0,365255,51,descendants,1.0857887727559186
tol99,legal,100,null,287.0,345573,20,descendants,1.027280348161096
tol99,legal,100,null,288.0,351449,28,descendants,1.0447478566927073
tol99,legal,100,null,289.0,335217,48,descendants,0.996495202083259
tol99,legal,100,null,290.0,357908,52,descendants,1.0639484417174996
tol99,legal,100,null,291.0,352610,23,descendants,1.0481991462443072
tol99,legal,100,null,292.0,350827,48,descendants,1.0428988454083878
tol99,legal,100,null,293.0,341478,38,descendants,1.0151071950914994
tol99,legal,100,null,294.0,403169,72,descendants,1.1984952258647545
tol99,legal,100,null,295.0,350663,16,descendants,1.0424113247482134
tol99,legal,100,null,296.0,340666,16,descendants,1.012693373286246
tol99,legal,100,null,297.0,358658,51,descendants,1.0661779569317114
tol99,legal,100,null,298.0,340035,28,descendants,1.0108176078193558
tol99,legal,100,null,299.0,368780,54,descendants,1.0962674942627142
tol99,legal,100,null,300.0,346310,21,descendants,1.029471218444928
tol99,legal,100,null,301.0,355412,36,descendants,1.0565286150846027
tol99,legal,100,null,302.0,342088,33,descendants,1.0169205341323917
tol99,legal,100,null,303.0,347446,47,descendants,1.032848190822721
tol99,legal,100,null,304.0,352960,42,descendants,1.049239586677606
tol99,legal,100,null,305.0,340734,52,descendants,1.0128955159990012
tol99,legal,100,null,306.0,333921,22,descendants,0.992642599793101
tol99,legal,100,null,307.0,357960,22,descendants,1.0641030214390184
tol99,legal,100,null,308.0,374364,26,descendants,1.1128669782042593
tol99,legal,100,null,309.0,333447,30,descendants,0.9912335461777191
tol99,legal,100,null,310.0,362729,52,descendants,1.0782797655144531
tol99,legal,100,null,311.0,351123,22,descendants,1.0437787607462634
tol99,legal,100,null,312.0,344245,32,descendants,1.0233326198884647
tol99,legal,100,null,313.0,336946,59,descendants,1.0016349778237554
tol99,legal,100,null,314.0,350941,67,descendants,1.043237731720948
tol99,legal,100,null,315.0,353943,46,descendants,1.0521617379516999
tol99,legal,100,null,316.0,342300,30,descendants,1.0175507437662754
tol99,legal,100,null,317.0,342412,41,descendants,1.017883684704931
tol99,legal,100,null,318.0,355808,61,descendants,1.0577057991177066
tol99,legal,100,null,319.0,334162,19,descendants,0.9933590173486011
tol99,legal,100,null,320.0,335112,24,descendants,0.9961830699532693
tol99,legal,100,null,321.0,392673,21,descendants,1.1672939036135983
tol99,legal,100,null,322.0,369698,40,descendants,1.0989964208849095
tol99,legal,100,null,323.0,366317,58,descendants,1.0889457662992426
tol99,legal,100,null,324.0,365179,55,descendants,1.0855628485475453
tol99,legal,100,null,325.0,333341,28,descendants,0.9909184413607772
tol99,legal,100,null,326.0,335835,43,descendants,0.9983323226197696
tol99,legal,100,null,327.0,374187,26,descendants,1.1123408126137053
tol99,legal,100,null,328.0,360123,33,descendants,1.0705329433168052
tol99,legal,100,null,329.0,362493,22,descendants,1.0775782113937145
tol99,legal,100,null,330.0,358727,57,descendants,1.066383072331419
tol99,legal,100,null,331.0,347035,46,descendants,1.0316264164853328
tol99,legal,100,null,332.0,348902,39,descendants,1.037176423025244
tol99,legal,100,null,333.0,346014,42,descendants,1.0285913031070524
tol99,legal,100,null,334.0,353507,21,descendants,1.0508656464405046
tol99,legal,100,null,335.0,352060,63,descendants,1.046564168420552
tol99,legal,100,null,336.0,376821,41,descendants,1.1201708700460171
tol99,legal,100,null,337.0,337985,51,descendants,1.0047235995671768
tol99,legal,100,null,338.0,337712,30,descendants,1.0039120560292036
tol99,legal,100,null,339.0,335810,26,descendants,0.9982580054459625
tol99,legal,100,null,340.0,392024,30,descendants,1.165364629781567
tol99,legal,100,null,341.0,351081,31,descendants,1.0436539078942675
tol99,legal,100,null,342.0,373887,33,descendants,1.1114490065280205
tol99,legal,100,null,343.0,333698,24,descendants,0.991979690602742
tol99,legal,100,null,344.0,334374,17,descendants,0.9939892269824849
tol99,legal,100,null,345.0,355667,39,descendants,1.0572866502574347
tol99,legal,100,null,346.0,358780,51,descendants,1.0665406247398899
tol99,legal,100,null,347.0,337312,19,descendants,1.0027229812482907
tol99,legal,100,null,348.0,371510,27,descendants,1.1043829296424452
tol99,legal,100,null,349.0,346145,32,descendants,1.0289807250978014
tol99,legal,100,null,350.0,354124,50,descendants,1.0526997942900629
tol99,legal,100,null,351.0,343310,37,descendants,1.0205531575880806
tol99,legal,100,null,352.0,348309,21,descendants,1.0354136196625405
tol99,legal,100,null,353.0,355843,56,descendants,1.0578098431610363
tol99,legal,100,null,354.0,363623,34,descendants,1.0809373476497937
tol99,legal,100,null,355.0,355200,27,descendants,1.0558984054507188
tol99,legal,100,null,356.0,342827,24,descendants,1.0191173497901282
tol99,legal,100,null,357.0,343144,18,descendants,1.020059691554002
tol99,legal,100,null,358.0,362041,52,descendants,1.076234556891283
tol99,legal,100,null,359.0,357307,47,descendants,1.062161856859178
tol99,legal,100,null,360.0,345548,25,descendants,1.0272060309872888
tol99,legal,100,null,361.0,355141,58,descendants,1.055723016920534
tol99,legal,100,null,362.0,353246,72,descendants,1.050089775145959
tol99,legal,100,null,363.0,342384,53,descendants,1.0178004494702673
tol99,legal,100,null,364.0,333198,34,descendants,0.9904933471266008
tol99,legal,100,null,365.0,365819,36,descendants,1.087465368197006
tol99,legal,100,null,366.0,345147,53,descendants,1.0260139835194235
tol99,legal,100,null,367.0,350540,68,descendants,1.0420456842530827
tol99,legal,100,null,368.0,377886,31,descendants,1.123336781650198
tol99,legal,100,null,369.0,352247,32,descendants,1.0471200608806288
tol99,legal,100,null,370.0,371909,17,descendants,1.105569031736406
tol99,legal,100,null,371.0,342149,51,descendants,1.0171018680364807
tol99,legal,100,null,372.0,374049,60,descendants,1.1119305818142904
tol99,legal,100,null,373.0,358253,64,descendants,1.064974018716037
tol99,legal,100,null,374.0,335618,50,descendants,0.9976872495511243
tol99,legal,100,null,375.0,339354,31,descendants,1.0087932080048514
tol99,legal,100,null,376.0,370991,48,descendants,1.1028401051142107
tol99,legal,100,null,377.0,338594,19,descendants,1.0065339659211168
tol99,legal,100,null,378.0,344933,43,descendants,1.025377828511635
tol99,legal,100,null,379.0,345041,53,descendants,1.0256988787024817
tol99,legal,100,null,380.0,338731,42,descendants,1.0069412240335796
tol99,legal,100,null,381.0,337380,74,descendants,1.002925123961046
tol99,legal,100,null,382.0,349278,41,descendants,1.0382941533193022
tol99,legal,100,null,383.0,338029,25,descendants,1.0048543977930773
tol99,legal,100,null,384.0,334591,40,descendants,0.9946343000511302
tol99,legal,100,null,385.0,338974,25,descendants,1.0076635869629842
tol99,legal,100,null,386.0,336703,53,descendants,1.0009126148943508
tol99,legal,100,null,387.0,356243,18,descendants,1.0589989179419494
tol99,legal,100,null,388.0,364619,31,descendants,1.083898143854267
tol99,legal,100,null,389.0,345113,32,descendants,1.025912912163046
tol99,legal,100,null,390.0,369530,43,descendants,1.098497009476926
tol99,legal,100,null,391.0,342934,29,descendants,1.0194354272940225
tol99,legal,100,null,392.0,342004,20,descendants,1.0166708284283998
tol99,legal,100,null,393.0,368638,28,descendants,1.09584537271549
tol99,legal,100,null,394.0,354900,42,descendants,1.0550065993650342
tol99,legal,100,null,395.0,351204,46,descendants,1.0440195483893981
tol99,legal,100,null,396.0,346215,24,descendants,1.029188813184461
tol99,legal,100,null,397.0,357002,65,descendants,1.0612551873387317
tol99,legal,100,null,398.0,346618,41,descendants,1.030386806026231
tol99,legal,100,null,399.0,338779,25,descendants,1.007083913007289
tol99,legal,100,null,400.0,338676,16,descendants,1.0067777262512039
tol99,legal,100,null,401.0,389294,33,descendants,1.157249194401836
tol99,legal,100,null,402.0,370672,65,descendants,1.1018918179764325
tol99,legal,100,null,403.0,356111,53,descendants,1.058606523264248
tol99,legal,100,null,404.0,350231,67,descendants,1.0411271239848274
tol99,legal,100,null,405.0,333671,21,descendants,0.9918994280550304
tol99,legal,100,null,406.0,370088,57,descendants,1.1001557687962995
tol99,legal,100,null,407.0,350709,27,descendants,1.0425480683480184
tol99,legal,100,null,408.0,403211,57,descendants,1.1986200787167505
tol99,legal,100,null,409.0,350730,29,descendants,1.0426104947740162
tol99,legal,100,null,410.0,351289,21,descendants,1.0442722267803421
tol99,legal,100,null,411.0,339721,49,descendants,1.009884184116339
tol99,legal,100,null,412.0,353911,18,descendants,1.0520666119692268
tol99,legal,100,null,413.0,338777,12,descendants,1.0070779676333845
tol99,legal,100,null,414.0,357476,53,descendants,1.0626642409541136
tol99,legal,100,null,415.0,350126,55,descendants,1.0408149918548377
tol99,legal,100,null,416.0,358983,23,descendants,1.0671440801912033
tol99,legal,100,null,417.0,372413,39,descendants,1.1070672659603562
tol99,legal,100,null,418.0,352259,34,descendants,1.0471557331240562
tol99,legal,100,null,419.0,360193,39,descendants,1.0707410314034649
tol99,legal,100,null,420.0,339479,33,descendants,1.0091647938738868
tol99,legal,100,null,421.0,341274,43,descendants,1.0145007669532338
tol99,legal,100,null,422.0,341785,44,descendants,1.01601980998585
tol99,legal,100,null,423.0,341821,59,descendants,1.016126826716132
tol99,legal,100,null,424.0,337575,49,descendants,1.003504797916741
tol99,legal,100,null,425.0,368779,63,descendants,1.0962645215757618
tol99,legal,100,null,426.0,338739,49,descendants,1.0069650055291977
tol99,legal,100,null,427.0,403969,32,descendants,1.2008733754265806
tol99,legal,100,null,428.0,340871,20,descendants,1.013302774111464
tol99,legal,100,null,429.0,358986,17,descendants,1.06715299825206
tol99,legal,100,null,430.0,340782,74,descendants,1.0130382049727107
tol99,legal,100,null,431.0,340147,35,descendants,1.0111505487580115
tol99,legal,100,null,432.0,365312,51,descendants,1.0859582159121988
tol99,legal,100,null,433.0,348389,54,descendants,1.035651434618723
tol99,legal,100,null,434.0,381872,29,descendants,1.1351859118419958
tol99,legal,100,null,435.0,351084,36,descendants,1.0436628259551244
tol99,legal,100,null,436.0,370361,44,descendants,1.1009673123342727
tol99,legal,100,null,437.0,336045,16,descendants,0.9989565868797489
tol99,legal,100,null,438.0,356546,40,descendants,1.059899642088491
tol99,legal,100,null,439.0,333170,49,descendants,0.9904101118919368
tol99,legal,100,null,440.0,378498,65,descendants,1.1251560660649949
tol99,legal,100,null,441.0,334019,36,descendants,0.9929339231144246
tol99,legal,100,null,442.0,337688,51,descendants,1.0038407115423489
tol99,legal,100,null,443.0,344809,51,descendants,1.025009215329552
tol99,legal,100,null,444.0,368419,59,descendants,1.0951943542729403
tol99,legal,100,null,445.0,339358,21,descendants,1.0088050987526604
tol99,legal,100,null,446.0,380280,53,descendants,1.130453394213962
tol99,legal,100,null,447.0,373074,59,descendants,1.109032212035815
tol99,legal,100,null,448.0,413571,26,descendants,1.2294171155423965
tol99,legal,100,null,449.0,348859,19,descendants,1.037048597486296
tol99,legal,100,null,450.0,333166,43,descendants,0.9903982211441278
tol99,legal,100,null,451.0,340201,45,descendants,1.0113110738534346
tol99,legal,100,null,452.0,344966,54,descendants,1.0254759271810605
tol99,legal,100,null,453.0,376236,57,descendants,1.118431848178932
tol99,legal,100,null,454.0,349828,25,descendants,1.0399291311430576
tol99,legal,100,null,455.0,359144,20,descendants,1.0676226827905206
tol99,legal,100,null,456.0,364106,31,descendants,1.082373155447746
tol99,legal,100,null,457.0,361088,47,descendants,1.0734015862257578
tol99,legal,100,null,458.0,362018,62,descendants,1.0761661850913804
tol99,legal,100,null,459.0,384156,36,descendants,1.1419755288410087
tol99,legal,100,null,460.0,376725,24,descendants,1.1198854920985981
tol99,legal,100,null,461.0,341262,90,descendants,1.0144650947098064
tol99,legal,100,null,462.0,334790,37,descendants,0.9952258647546344
tol99,legal,100,null,463.0,357050,63,descendants,1.0613978763124412
tol99,legal,100,null,464.0,383499,46,descendants,1.1400224735133593
tol99,legal,100,null,465.0,338194,20,descendants,1.0053448911402039
tol99,legal,100,null,466.0,344486,26,descendants,1.0240490374439648
tol99,legal,100,null,467.0,358564,50,descendants,1.0658985243581969
tol99,legal,100,null,468.0,341682,18,descendants,1.015713623229765
tol99,legal,100,null,469.0,343231,52,descendants,1.0203183153188504
tol99,legal,100,null,470.0,359492,53,descendants,1.068657177849915
tol99,legal,100,null,471.0,370600,26,descendants,1.1016777845158683
tol99,legal,100,null,472.0,358309,27,descendants,1.0651404891853649
tol99,legal,100,null,473.0,384563,26,descendants,1.1431854124305878
tol99,legal,100,null,474.0,340876,47,descendants,1.0133176375462254
tol99,legal,100,null,475.0,357730,53,descendants,1.0634193034399932
tol99,legal,100,null,476.0,333865,25,descendants,0.9924761293237732
tol99,legal,100,null,477.0,351280,23,descendants,1.0442454725977717
tol99,legal,100,null,478.0,354059,62,descendants,1.0525065696381646
tol99,legal,100,null,479.0,347761,53,descendants,1.0337845872126898
tol99,legal,100,null,480.0,334967,60,descendants,0.9957520303451884
tol99,legal,100,null,481.0,357429,53,descendants,1.0625245246673563
tol99,legal,100,null,482.0,365382,58,descendants,1.0861663039988585
tol99,legal,100,null,483.0,370874,52,descendants,1.1024923007407936
tol99,legal,100,null,484.0,338051,15,descendants,1.0049197969060275
tol99,legal,100,null,485.0,341997,18,descendants,1.016650019619734
tol99,legal,100,null,486.0,344351,33,descendants,1.0236477247054068
tol99,legal,100,null,487.0,365989,33,descendants,1.087970724978894
tol99,legal,100,null,488.0,357741,30,descendants,1.0634520029964685
tol99,legal,100,null,489.0,354137,26,descendants,1.0527384392204426
tol99,legal,100,null,490.0,339438,19,descendants,1.0090429137088432
tol99,legal,100,null,491.0,381281,38,descendants,1.1334290538531968
tol99,legal,100,null,492.0,333395,26,descendants,0.9910789664562004
tol99,legal,100,null,493.0,358107,24,descendants,1.0645400064210038
tol99,legal,100,null,494.0,333404,74,descendants,0.991105720638771
tol99,legal,100,null,495.0,333230,55,descendants,0.9905884731090738
tol99,legal,100,null,496.0,340017,14,descendants,1.0107640994542146
tol99,legal,100,null,497.0,342835,37,descendants,1.0191411312857466
tol99,legal,100,null,498.0,349239,31,descendants,1.0381782185281632
tol99,legal,100,null,499.0,360040,17,descendants,1.0702862102997657
tol99,legal,100,descendant_authors,,349855,21,,
tol99,legal,100,null,0.0,373973,32,descendant_authors,1.068937131097169
tol99,legal,100,null,1.0,391247,27,descendant_authors,1.1183118720612826
tol99,legal,100,null,2.0,373112,27,descendant_authors,1.0664761115319203
tol99,legal,100,null,3.0,360085,56,descendant_authors,1.0292406854268197
tol99,legal,100,null,4.0,377467,37,descendant_authors,1.0789241257092224
tol99,legal,100,null,5.0,374290,64,descendant_authors,1.0698432207628874
tol99,legal,100,null,6.0,359259,54,descendant_authors,1.026879707307313
tol99,legal,100,null,7.0,378791,33,descendant_authors,1.0827085506852838
tol99,legal,100,null,8.0,364236,25,descendant_authors,1.041105600891798
tol99,legal,100,null,9.0,382347,34,descendant_authors,1.0928727615726515
tol99,legal,100,null,10.0,362657,31,descendant_authors,1.0365923025253319
tol99,legal,100,null,11.0,374849,23,descendant_authors,1.0714410255677351
tol99,legal,100,null,12.0,366816,55,descendant_authors,1.04848008460648
tol99,legal,100,null,13.0,349304,54,descendant_authors,0.9984250618113218
tol99,legal,100,null,14.0,350621,44,descendant_authors,1.002189478498235
tol99,legal,100,null,15.0,347954,51,descendant_authors,0.9945663203327093
tol99,legal,100,null,16.0,376694,58,descendant_authors,1.076714638921839
tol99,legal,100,null,17.0,349325,22,descendant_authors,0.9984850866787669
tol99,legal,100,null,18.0,376105,53,descendant_authors,1.0750310843063555
tol99,legal,100,null,19.0,366626,28,descendant_authors,1.0479370024724528
tol99,legal,100,null,20.0,368198,56,descendant_authors,1.0524302925497706
tol99,legal,100,null,21.0,386871,75,descendant_authors,1.1058038330165354
tol99,legal,100,null,22.0,363469,51,descendant_authors,1.038913264066542
tol99,legal,100,null,23.0,398363,33,descendant_authors,1.1386517271441026
tol99,legal,100,null,24.0,348466,20,descendant_authors,0.9960297837675608
tol99,legal,100,null,25.0,369391,39,descendant_authors,1.0558402766860557
tol99,legal,100,null,26.0,351657,15,descendant_authors,1.0051507052921924
tol99,legal,100,null,27.0,365687,34,descendant_authors,1.0452530333995513
tol99,legal,100,null,28.0,346876,35,descendant_authors,0.9914850438038616
tol99,legal,100,null,29.0,347392,26,descendant_authors,0.9929599405467979
tol99,legal,100,null,30.0,347924,60,descendant_authors,0.9944805705220734
tol99,legal,100,null,31.0,347182,22,descendant_authors,0.9923596918723471
tol99,legal,100,null,32.0,361280,60,descendant_authors,1.0326563862171472
tol99,legal,100,null,33.0,349065,26,descendant_authors,0.9977419216532564
tol99,legal,100,null,34.0,380604,27,descendant_authors,1.0878906975747096
tol99,legal,100,null,35.0,367161,74,descendant_authors,1.049466207428792
tol99,legal,100,null,36.0,349601,27,descendant_authors,0.9992739849366166
tol99,legal,100,null,37.0,353230,36,descendant_authors,1.0096468536965315
tol99,legal,100,null,38.0,368867,57,descendant_authors,1.0543425133269497
tol99,legal,100,null,39.0,375833,61,descendant_authors,1.0742536193565906
tol99,legal,100,null,40.0,381979,48,descendant_authors,1.091820897228852
tol99,legal,100,null,41.0,369090,31,descendant_authors,1.0549799202526762
tol99,legal,100,null,42.0,350591,54,descendant_authors,1.0021037286875991
tol99,legal,100,null,43.0,372344,59,descendant_authors,1.064280916379643
tol99,legal,100,null,44.0,361520,53,descendant_authors,1.0333423847022338
tol99,legal,100,null,45.0,366394,23,descendant_authors,1.0472738706035358
tol99,legal,100,null,46.0,398951,59,descendant_authors,1.140332423432565
tol99,legal,100,null,47.0,355407,28,descendant_authors,1.0158694316216719
tol99,legal,100,null,48.0,373578,74,descendant_authors,1.067808091923797
tol99,legal,100,null,49.0,393022,53,descendant_authors,1.1233854025239027
tol99,legal,100,null,50.0,379328,52,descendant_authors,1.0842434722956653
tol99,legal,100,null,51.0,366424,20,descendant_authors,1.0473596204141715
tol99,legal,100,null,52.0,346572,27,descendant_authors,0.9906161123894185
tol99,legal,100,null,53.0,389466,61,descendant_authors,1.113221191636535
tol99,legal,100,null,54.0,379244,66,descendant_authors,1.084003372825885
tol99,legal,100,null,55.0,351207,25,descendant_authors,1.003864458132655
tol99,legal,100,null,56.0,349689,23,descendant_authors,0.9995255177144817
tol99,legal,100,null,57.0,349178,22,descendant_authors,0.9980649126066513
tol99,legal,100,null,58.0,377953,26,descendant_authors,1.080313272641523
tol99,legal,100,null,59.0,354523,17,descendant_authors,1.013342670534936
tol99,legal,100,null,60.0,418421,61,descendant_authors,1.1959840505352217
tol99,legal,100,null,61.0,347898,33,descendant_authors,0.9944062540195224
tol99,legal,100,null,62.0,366702,29,descendant_authors,1.0481542353260636
tol99,legal,100,null,63.0,384806,80,descendant_authors,1.0999013877177688
tol99,legal,100,null,64.0,366806,68,descendant_authors,1.0484515013362679
tol99,legal,100,null,65.0,352737,27,descendant_authors,1.0082376984750825
tol99,legal,100,null,66.0,373496,50,descendant_authors,1.067573709108059
tol99,legal,100,null,67.0,359435,20,descendant_authors,1.0273827728630434
tol99,legal,100,null,68.0,382157,24,descendant_authors,1.0923296794386246
tol99,legal,100,null,69.0,374571,29,descendant_authors,1.070646410655843
tol99,legal,100,null,70.0,362656,31,descendant_authors,1.0365894441983108
tol99,legal,100,null,71.0,346665,24,descendant_authors,0.9908819368023896
tol99,legal,100,null,72.0,369770,50,descendant_authors,1.0569235826270884
tol99,legal,100,null,73.0,384524,48,descendant_authors,1.099095339497792
tol99,legal,100,null,74.0,372149,41,descendant_authors,1.06372354261051
tol99,legal,100,null,75.0,380825,52,descendant_authors,1.0885223878463934
tol99,legal,100,null,76.0,363056,23,descendant_authors,1.0377327750067886
tol99,legal,100,null,77.0,363507,20,descendant_authors,1.0390218804933473
tol99,legal,100,null,78.0,387057,25,descendant_authors,1.1063354818424775
tol99,legal,100,null,79.0,349797,38,descendant_authors,0.9998342170327708
tol99,legal,100,null,80.0,360310,33,descendant_authors,1.0298838090065885
tol99,legal,100,null,81.0,368041,33,descendant_authors,1.051981535207443
tol99,legal,100,null,82.0,364605,56,descendant_authors,1.042160323562619
tol99,legal,100,null,83.0,368754,31,descendant_authors,1.0540195223735547
tol99,legal,100,null,84.0,376696,38,descendant_authors,1.0767203555758815
tol99,legal,100,null,85.0,433632,36,descendant_authors,1.2394620628546111
tol99,legal,100,null,86.0,350390,45,descendant_authors,1.0015292049563391
tol99,legal,100,null,87.0,374755,17,descendant_authors,1.0711723428277429
tol99,legal,100,null,88.0,385947,37,descendant_authors,1.1031627388489518
tol99,legal,100,null,89.0,363949,36,descendant_authors,1.0402852610367153
tol99,legal,100,null,90.0,350641,18,descendant_authors,1.002246645038659
tol99,legal,100,null,91.0,396326,22,descendant_authors,1.1328293150019293
tol99,legal,100,null,92.0,358625,44,descendant_authors,1.0250675279758756
tol99,legal,100,null,93.0,369917,25,descendant_authors,1.0573437566992039
tol99,legal,100,null,94.0,378983,37,descendant_authors,1.0832573494733533
tol99,legal,100,null,95.0,357944,33,descendant_authors,1.0231210072744423
tol99,legal,100,null,96.0,375573,29,descendant_authors,1.07351045433108
tol99,legal,100,null,97.0,351390,32,descendant_authors,1.0043875319775335
tol99,legal,100,null,98.0,395644,30,descendant_authors,1.1308799359734747
tol99,legal,100,null,99.0,363180,32,descendant_authors,1.0380872075574166
tol99,legal,100,null,100.0,347000,57,descendant_authors,0.9918394763544898
tol99,legal,100,null,101.0,349472,20,descendant_authors,0.9989052607508825
tol99,legal,100,null,102.0,400996,71,descendant_authors,1.1461777021909076
tol99,legal,100,null,103.0,357861,50,descendant_authors,1.0228837661316832
tol99,legal,100,null,104.0,371237,58,descendant_authors,1.0611167483671806
tol99,legal,100,null,105.0,348964,49,descendant_authors,0.9974532306241157
tol99,legal,100,null,106.0,359125,16,descendant_authors,1.026496691486473
tol99,legal,100,null,107.0,368998,23,descendant_authors,1.0547169541667263
tol99,legal,100,null,108.0,373887,28,descendant_authors,1.0686913149733461
tol99,legal,100,null,109.0,388729,53,descendant_authors,1.1111146046219147
tol99,legal,100,null,110.0,379038,59,descendant_authors,1.0834145574595189
tol99,legal,100,null,111.0,369178,29,descendant_authors,1.0552314530305413
tol99,legal,100,null,112.0,360296,43,descendant_authors,1.0298437924282917
tol99,legal,100,null,113.0,350799,23,descendant_authors,1.0026982607080075
tol99,legal,100,null,114.0,390452,34,descendant_authors,1.116039502079433
tol99,legal,100,null,115.0,377304,28,descendant_authors,1.0784582184047677
tol99,legal,100,null,116.0,368276,31,descendant_authors,1.0526532420574237
tol99,legal,100,null,117.0,348180,33,descendant_authors,0.9952123022394992
tol99,legal,100,null,118.0,391433,42,descendant_authors,1.1188435208872247
tol99,legal,100,null,119.0,362150,60,descendant_authors,1.0351431307255863
tol99,legal,100,null,120.0,384889,17,descendant_authors,1.100138628860528
tol99,legal,100,null,121.0,357209,28,descendant_authors,1.0210201369138643
tol99,legal,100,null,122.0,369877,37,descendant_authors,1.0572294236183561
tol99,legal,100,null,123.0,372709,73,descendant_authors,1.065324205742379
tol99,legal,100,null,124.0,372413,43,descendant_authors,1.0644781409441053
tol99,legal,100,null,125.0,352926,24,descendant_authors,1.0087779222820883
tol99,legal,100,null,126.0,357006,45,descendant_authors,1.020439896528562
tol99,legal,100,null,127.0,371567,32,descendant_authors,1.0620599962841748
tol99,legal,100,null,128.0,374558,23,descendant_authors,1.0706092524045676
tol99,legal,100,null,129.0,360467,32,descendant_authors,1.030332566348916
tol99,legal,100,null,130.0,346906,37,descendant_authors,0.9915707936144974
tol99,legal,100,null,131.0,353392,33,descendant_authors,1.0101099026739648
tol99,legal,100,null,132.0,364577,63,descendant_authors,1.0420802904060253
tol99,legal,100,null,133.0,357676,68,descendant_authors,1.0223549756327621
tol99,legal,100,null,134.0,375050,71,descendant_authors,1.0720155492989953
tol99,legal,100,null,135.0,356700,25,descendant_authors,1.0195652484600763
tol99,legal,100,null,136.0,348368,44,descendant_authors,0.9957496677194838
tol99,legal,100,null,137.0,417971,52,descendant_authors,1.1946978033756843
tol99,legal,100,null,138.0,351521,20,descendant_authors,1.00476197281731
tol99,legal,100,null,139.0,366253,66,descendant_authors,1.0468708464935472
tol99,legal,100,null,140.0,356200,36,descendant_authors,1.0181360849494792
tol99,legal,100,null,141.0,350996,45,descendant_authors,1.003261351131183
tol99,legal,100,null,142.0,372362,27,descendant_authors,1.0643323662660245
tol99,legal,100,null,143.0,346991,61,descendant_authors,0.991813751411299
tol99,legal,100,null,144.0,348040,37,descendant_authors,0.994812136456532
tol99,legal,100,null,145.0,388482,26,descendant_authors,1.1104085978476796
tol99,legal,100,null,146.0,353861,54,descendant_authors,1.0114504580469053
tol99,legal,100,null,147.0,348930,58,descendant_authors,0.9973560475053951
tol99,legal,100,null,148.0,395594,38,descendant_authors,1.130737019622415
tol99,legal,100,null,149.0,382739,48,descendant_authors,1.0939932257649598
tol99,legal,100,null,150.0,372719,34,descendant_authors,1.065352789012591
tol99,legal,100,null,151.0,349500,19,descendant_authors,0.9989852939074759
tol99,legal,100,null,152.0,370127,31,descendant_authors,1.0579440053736548
tol99,legal,100,null,153.0,365414,33,descendant_authors,1.044472710122765
tol99,legal,100,null,154.0,347275,38,descendant_authors,0.9926255162853183
tol99,legal,100,null,155.0,354659,17,descendant_authors,1.0137314030098183
tol99,legal,100,null,156.0,395160,55,descendant_authors,1.1294965056952166
tol99,legal,100,null,157.0,355005,45,descendant_authors,1.0147203841591517
tol99,legal,100,null,158.0,415450,50,descendant_authors,1.187491960955253
tol99,legal,100,null,159.0,346362,38,descendant_authors,0.9900158637149676
tol99,legal,100,null,160.0,346723,31,descendant_authors,0.9910477197696188
tol99,legal,100,null,161.0,352294,20,descendant_authors,1.0069714596046935
tol99,legal,100,null,162.0,372861,55,descendant_authors,1.0657586714496006
tol99,legal,100,null,163.0,380900,30,descendant_authors,1.0887367623729831
tol99,legal,100,null,164.0,381270,61,descendant_authors,1.089794343370825
tol99,legal,100,null,165.0,353051,48,descendant_authors,1.0091352131597375
tol99,legal,100,null,166.0,416259,35,descendant_authors,1.1898043475153992
tol99,legal,100,null,167.0,365821,24,descendant_authors,1.0456360492203913
tol99,legal,100,null,168.0,363367,24,descendant_authors,1.03862171471038
tol99,legal,100,null,169.0,378855,18,descendant_authors,1.0828914836146404
tol99,legal,100,null,170.0,355531,16,descendant_authors,1.0162238641723
tol99,legal,100,null,171.0,351715,28,descendant_authors,1.0053164882594217
tol99,legal,100,null,172.0,348983,36,descendant_authors,0.9975075388375184
tol99,legal,100,null,173.0,375772,59,descendant_authors,1.0740792614082977
tol99,legal,100,null,174.0,378029,37,descendant_authors,1.0805305054951337
tol99,legal,100,null,175.0,397543,45,descendant_authors,1.136307898986723
tol99,legal,100,null,176.0,366395,54,descendant_authors,1.047276728930557
tol99,legal,100,null,177.0,352077,23,descendant_authors,1.0063512026410941
tol99,legal,100,null,178.0,346677,53,descendant_authors,0.9909162367266439
tol99,legal,100,null,179.0,357117,48,descendant_authors,1.0207571708279144
tol99,legal,100,null,180.0,366620,24,descendant_authors,1.0479198525103257
tol99,legal,100,null,181.0,348685,44,descendant_authors,0.9966557573852024
tol99,legal,100,null,182.0,379998,23,descendant_authors,1.0861585513998657
tol99,legal,100,null,183.0,354872,25,descendant_authors,1.0143402266653327
tol99,legal,100,null,184.0,372326,25,descendant_authors,1.0642294664932614
tol99,legal,100,null,185.0,395322,26,descendant_authors,1.1299595546726502
tol99,legal,100,null,186.0,374534,62,descendant_authors,1.070540652556059
tol99,legal,100,null,187.0,366090,58,descendant_authors,1.0464049391890926
tol99,legal,100,null,188.0,383851,32,descendant_authors,1.097171685412528
tol99,legal,100,null,189.0,362754,21,descendant_authors,1.0368695602463878
tol99,legal,100,null,190.0,355427,46,descendant_authors,1.0159265981620957
tol99,legal,100,null,191.0,378574,45,descendant_authors,1.0820882937216847
tol99,legal,100,null,192.0,356451,51,descendant_authors,1.018853525031799
tol99,legal,100,null,193.0,369246,32,descendant_authors,1.0554258192679824
tol99,legal,100,null,194.0,366989,27,descendant_authors,1.0489745751811466
tol99,legal,100,null,195.0,352124,57,descendant_authors,1.0064855440110902
tol99,legal,100,null,196.0,350677,38,descendant_authors,1.002349544811422
tol99,legal,100,null,197.0,405951,56,descendant_authors,1.1603407125809264
tol99,legal,100,null,198.0,348834,27,descendant_authors,0.9970816481113605
tol99,legal,100,null,199.0,365437,29,descendant_authors,1.0445384516442526
tol99,legal,100,null,200.0,363098,21,descendant_authors,1.0378528247416787
tol99,legal,100,null,201.0,377373,32,descendant_authors,1.07865544296923
tol99,legal,100,null,202.0,364414,33,descendant_authors,1.0416143831015707
tol99,legal,100,null,203.0,365940,77,descendant_authors,1.0459761901359135
tol99,legal,100,null,204.0,351846,38,descendant_authors,1.0056909290991982
tol99,legal,100,null,205.0,365303,46,descendant_authors,1.0441554358234126
tol99,legal,100,null,206.0,370255,17,descendant_authors,1.0583098712323677
tol99,legal,100,null,207.0,362714,35,descendant_authors,1.03675522716554
tol99,legal,100,null,208.0,358452,24,descendant_authors,1.024573037401209
tol99,legal,100,null,209.0,380273,67,descendant_authors,1.086944591330694
tol99,legal,100,null,210.0,370901,81,descendant_authors,1.0601563504880593
tol99,legal,100,null,211.0,368478,51,descendant_authors,1.053230624115705
tol99,legal,100,null,212.0,356807,31,descendant_authors,1.019871089451344
tol99,legal,100,null,213.0,362797,25,descendant_authors,1.0369924683082992
tol99,legal,100,null,214.0,374491,65,descendant_authors,1.0704177444941476
tol99,legal,100,null,215.0,395807,38,descendant_authors,1.1313458432779295
tol99,legal,100,null,216.0,387400,26,descendant_authors,1.1073158880107472
tol99,legal,100,null,217.0,351551,35,descendant_authors,1.004847722627946
tol99,legal,100,null,218.0,377525,23,descendant_authors,1.0790899086764516
tol99,legal,100,null,219.0,417551,38,descendant_authors,1.1934973060267826
tol99,legal,100,null,220.0,391076,48,descendant_authors,1.1178230981406583
tol99,legal,100,null,221.0,375653,62,descendant_authors,1.0737391204927755
tol99,legal,100,null,222.0,346440,24,descendant_authors,0.9902388132226208
tol99,legal,100,null,223.0,351831,41,descendant_authors,1.0056480541938804
tol99,legal,100,null,224.0,355565,50,descendant_authors,1.0163210472910205
tol99,legal,100,null,225.0,371696,29,descendant_authors,1.062428720469909
tol99,legal,100,null,226.0,354411,28,descendant_authors,1.0130225379085622
tol99,legal,100,null,227.0,352191,17,descendant_authors,1.0066770519215102
tol99,legal,100,null,228.0,372943,54,descendant_authors,1.0659930542653384
tol99,legal,100,null,229.0,364039,18,descendant_authors,1.0405425104686228
tol99,legal,100,null,230.0,356730,28,descendant_authors,1.0196509982707123
tol99,legal,100,null,231.0,362373,25,descendant_authors,1.0357805376513127
tol99,legal,100,null,232.0,349317,33,descendant_authors,0.9984622200625973
tol99,legal,100,null,233.0,369011,48,descendant_authors,1.0547541124180018
tol99,legal,100,null,234.0,370676,44,descendant_authors,1.0595132269082905
tol99,legal,100,null,235.0,386229,43,descendant_authors,1.1039687870689285
tol99,legal,100,null,236.0,373534,39,descendant_authors,1.0676823255348644
tol99,legal,100,null,237.0,353232,27,descendant_authors,1.0096525703505739
tol99,legal,100,null,238.0,350745,56,descendant_authors,1.0025439110488632
tol99,legal,100,null,239.0,366873,64,descendant_authors,1.0486430092466879
tol99,legal,100,null,240.0,374634,66,descendant_authors,1.0708264852581784
tol99,legal,100,null,241.0,377723,32,descendant_authors,1.0796558574266482
tol99,legal,100,null,242.0,366311,30,descendant_authors,1.0470366294607767
tol99,legal,100,null,243.0,358385,64,descendant_authors,1.024381529490789
tol99,legal,100,null,244.0,373552,36,descendant_authors,1.067733775421246
tol99,legal,100,null,245.0,366253,48,descendant_authors,1.0468708464935472
tol99,legal,100,null,246.0,352872,45,descendant_authors,1.0086235726229438
tol99,legal,100,null,247.0,348273,56,descendant_authors,0.9954781266524703
tol99,legal,100,null,248.0,398894,39,descendant_authors,1.1401694987923567
tol99,legal,100,null,249.0,390056,50,descendant_authors,1.1149076045790398
tol99,legal,100,null,250.0,364163,42,descendant_authors,1.0408969430192507
tol99,legal,100,null,251.0,365603,22,descendant_authors,1.045012933929771
tol99,legal,100,null,252.0,349727,26,descendant_authors,0.9996341341412871
tol99,legal,100,null,253.0,436580,36,descendant_authors,1.2478884109130925
tol99,legal,100,null,254.0,358966,63,descendant_authors,1.026042217490103
tol99,legal,100,null,255.0,371077,29,descendant_authors,1.0606594160437897
tol99,legal,100,null,256.0,355086,26,descendant_authors,1.0149519086478684
tol99,legal,100,null,257.0,362267,75,descendant_authors,1.035477554987066
tol99,legal,100,null,258.0,363536,37,descendant_authors,1.039104771976962
tol99,legal,100,null,259.0,366741,33,descendant_authors,1.0482657100798902
tol99,legal,100,null,260.0,388884,30,descendant_authors,1.1115576453101998
tol99,legal,100,null,261.0,407187,48,descendant_authors,1.1638736047791227
tol99,legal,100,null,262.0,347840,72,descendant_authors,0.9942404710522931
tol99,legal,100,null,263.0,355477,41,descendant_authors,1.0160695145131555
tol99,legal,100,null,264.0,373267,54,descendant_authors,1.0669191522202055
tol99,legal,100,null,265.0,346457,21,descendant_authors,0.9902874047819811
tol99,legal,100,null,266.0,377279,24,descendant_authors,1.0783867602292379
tol99,legal,100,null,267.0,367207,53,descendant_authors,1.0495976904717668
tol99,legal,100,null,268.0,362377,44,descendant_authors,1.0357919709593975
tol99,legal,100,null,269.0,398709,76,descendant_authors,1.1396407082934359
tol99,legal,100,null,270.0,361377,58,descendant_authors,1.0329336439382029
tol99,legal,100,null,271.0,347841,39,descendant_authors,0.9942433293793143
tol99,legal,100,null,272.0,358640,47,descendant_authors,1.0251104028811937
tol99,legal,100,null,273.0,374055,80,descendant_authors,1.0691715139129068
tol99,legal,100,null,274.0,353627,24,descendant_authors,1.0107816095239457
tol99,legal,100,null,275.0,351130,53,descendant_authors,1.003644366952023
tol99,legal,100,null,276.0,366767,41,descendant_authors,1.0483400265824412
tol99,legal,100,null,277.0,403983,33,descendant_authors,1.1547155250032157
tol99,legal,100,null,278.0,347094,34,descendant_authors,0.992108159094482
tol99,legal,100,null,279.0,412496,26,descendant_authors,1.1790484629346443
tol99,legal,100,null,280.0,350846,53,descendant_authors,1.0028326020780038
tol99,legal,100,null,281.0,377399,66,descendant_authors,1.078729759471781
tol99,legal,100,null,282.0,359865,34,descendant_authors,1.028611853482157
tol99,legal,100,null,283.0,346454,23,descendant_authors,0.9902788298009175
tol99,legal,100,null,284.0,371308,43,descendant_authors,1.0613196895856856
tol99,legal,100,null,285.0,393277,53,descendant_authors,1.1241142759143075
tol99,legal,100,null,286.0,350851,30,descendant_authors,1.0028468937131096
tol99,legal,100,null,287.0,350719,39,descendant_authors,1.002469594546312
tol99,legal,100,null,288.0,353653,37,descendant_authors,1.0108559260264967
tol99,legal,100,null,289.0,363588,49,descendant_authors,1.039253404982064
tol99,legal,100,null,290.0,349250,9,descendant_authors,0.9982707121521773
tol99,legal,100,null,291.0,354093,31,descendant_authors,1.0121135899158222
tol99,legal,100,null,292.0,367591,43,descendant_authors,1.0506952880479055
tol99,legal,100,null,293.0,348227,71,descendant_authors,0.9953466436094953
tol99,legal,100,null,294.0,367281,31,descendant_authors,1.0498092066713354
tol99,legal,100,null,295.0,350749,28,descendant_authors,1.002555344356948
tol99,legal,100,null,296.0,370808,42,descendant_authors,1.0598905260750882
tol99,legal,100,null,297.0,402981,20,descendant_authors,1.1518514813279788
tol99,legal,100,null,298.0,371123,55,descendant_authors,1.0607908990867645
tol99,legal,100,null,299.0,361169,34,descendant_authors,1.0323391119177945
tol99,legal,100,null,300.0,361799,32,descendant_authors,1.0341398579411472
tol99,legal,100,null,301.0,351406,17,descendant_authors,1.0044332652098726
tol99,legal,100,null,302.0,377824,62,descendant_authors,1.0799445484557888
tol99,legal,100,null,303.0,352316,47,descendant_authors,1.0070343427991597
tol99,legal,100,null,304.0,353190,61,descendant_authors,1.0095325206156835
tol99,legal,100,null,305.0,360489,29,descendant_authors,1.0303954495433822
tol99,legal,100,null,306.0,368154,25,descendant_authors,1.0523045261608381
tol99,legal,100,null,307.0,365471,78,descendant_authors,1.0446356347629733
tol99,legal,100,null,308.0,351063,32,descendant_authors,1.003452859041603
tol99,legal,100,null,309.0,368009,30,descendant_authors,1.0518900687427648
tol99,legal,100,null,310.0,390468,65,descendant_authors,1.116085235311772
tol99,legal,100,null,311.0,365600,51,descendant_authors,1.0450043589487072
tol99,legal,100,null,312.0,376608,44,descendant_authors,1.0764688227980164
tol99,legal,100,null,313.0,351018,14,descendant_authors,1.0033242343256492
tol99,legal,100,null,314.0,347356,18,descendant_authors,0.9928570407740349
tol99,legal,100,null,315.0,368438,67,descendant_authors,1.0531162910348573
tol99,legal,100,null,316.0,383236,60,descendant_authors,1.0954138142944934
tol99,legal,100,null,317.0,351307,39,descendant_authors,1.0041502908347744
tol99,legal,100,null,318.0,355324,27,descendant_authors,1.0156321904789127
tol99,legal,100,null,319.0,363764,18,descendant_authors,1.0397564705377942
tol99,legal,100,null,320.0,347278,43,descendant_authors,0.9926340912663818
tol99,legal,100,null,321.0,351667,30,descendant_authors,1.0051792885624045
tol99,legal,100,null,322.0,393536,25,descendant_authors,1.1248545826127967
tol99,legal,100,null,323.0,349666,56,descendant_authors,0.9994597761929942
tol99,legal,100,null,324.0,347195,22,descendant_authors,0.9923968501236227
tol99,legal,100,null,325.0,370478,60,descendant_authors,1.058947278158094
tol99,legal,100,null,326.0,348843,48,descendant_authors,0.9971073730545512
tol99,legal,100,null,327.0,359065,18,descendant_authors,1.0263251918652012
tol99,legal,100,null,328.0,359413,56,descendant_authors,1.027319889668577
tol99,legal,100,null,329.0,357036,21,descendant_authors,1.0205256463391976
tol99,legal,100,null,330.0,373966,41,descendant_authors,1.0689171228080205
tol99,legal,100,null,331.0,365172,27,descendant_authors,1.043780994983636
tol99,legal,100,null,332.0,349699,22,descendant_authors,0.9995541009846937
tol99,legal,100,null,333.0,405612,23,descendant_authors,1.1593717397207415
tol99,legal,100,null,334.0,369580,38,descendant_authors,1.0563805004930613
tol99,legal,100,null,335.0,350426,38,descendant_authors,1.0016321047291021
tol99,legal,100,null,336.0,349846,49,descendant_authors,0.9999742750568092
tol99,legal,100,null,337.0,366329,29,descendant_authors,1.0470880793471582
tol99,legal,100,null,338.0,370011,24,descendant_authors,1.0576124394391961
tol99,legal,100,null,339.0,362144,35,descendant_authors,1.0351259807634592
tol99,legal,100,null,340.0,357491,36,descendant_authors,1.0218261851338413
tol99,legal,100,null,341.0,372897,49,descendant_authors,1.0658615712223636
tol99,legal,100,null,342.0,369399,57,descendant_authors,1.0558631433022252
tol99,legal,100,null,343.0,348915,24,descendant_authors,0.9973131726000771
tol99,legal,100,null,344.0,363586,50,descendant_authors,1.0392476883280215
tol99,legal,100,null,345.0,386587,57,descendant_authors,1.1049920681425163
tol99,legal,100,null,346.0,347160,21,descendant_authors,0.9922968086778808
tol99,legal,100,null,347.0,395026,43,descendant_authors,1.1291134898743764
tol99,legal,100,null,348.0,371178,44,descendant_authors,1.0609481070729303
tol99,legal,100,null,349.0,377829,37,descendant_authors,1.0799588400908948
tol99,legal,100,null,350.0,388153,21,descendant_authors,1.1094682082577068
tol99,legal,100,null,351.0,360593,31,descendant_authors,1.0306927155535865
tol99,legal,100,null,352.0,379433,53,descendant_authors,1.0845435966328907
tol99,legal,100,null,353.0,347401,23,descendant_authors,0.9929856654899887
tol99,legal,100,null,354.0,353408,52,descendant_authors,1.010155635906304
tol99,legal,100,null,355.0,406433,56,descendant_authors,1.161718426205142
tol99,legal,100,null,356.0,366385,19,descendant_authors,1.047248145660345
tol99,legal,100,null,357.0,363796,53,descendant_authors,1.0398479370024725
tol99,legal,100,null,358.0,357114,33,descendant_authors,1.0207485958468507
tol99,legal,100,null,359.0,388457,47,descendant_authors,1.11033713967215
tol99,legal,100,null,360.0,393689,55,descendant_authors,1.1252919066470395
tol99,legal,100,null,361.0,347316,49,descendant_authors,0.9927427076931872
tol99,legal,100,null,362.0,388209,36,descendant_authors,1.1096282745708936
tol99,legal,100,null,363.0,350399,17,descendant_authors,1.0015549298995299
tol99,legal,100,null,364.0,347965,73,descendant_authors,0.9945977619299424
tol99,legal,100,null,365.0,368476,35,descendant_authors,1.0532249074616626
tol99,legal,100,null,366.0,348901,42,descendant_authors,0.9972731560217805
tol99,legal,100,null,367.0,361535,31,descendant_authors,1.0333852596075517
tol99,legal,100,null,368.0,362649,28,descendant_authors,1.0365694359091624
tol99,legal,100,null,369.0,370496,30,descendant_authors,1.0589987280444755
tol99,legal,100,null,370.0,369978,27,descendant_authors,1.0575181146474968
tol99,legal,100,null,371.0,379081,26,descendant_authors,1.0835374655214303
tol99,legal,100,null,372.0,395244,92,descendant_authors,1.1297366051649969
tol99,legal,100,null,373.0,403942,58,descendant_authors,1.1545983335953467
tol99,legal,100,null,374.0,352243,57,descendant_authors,1.0068256849266124
tol99,legal,100,null,375.0,357632,26,descendant_authors,1.0222292092438297
tol99,legal,100,null,376.0,377785,53,descendant_authors,1.0798330737019621
tol99,legal,100,null,377.0,359471,48,descendant_authors,1.0274856726358064
tol99,legal,100,null,378.0,363051,28,descendant_authors,1.0377184833716826
tol99,legal,100,null,379.0,367445,61,descendant_authors,1.050277972302811
tol99,legal,100,null,380.0,353551,26,descendant_authors,1.010564376670335
tol99,legal,100,null,381.0,385147,51,descendant_authors,1.100876077231996
tol99,legal,100,null,382.0,353135,14,descendant_authors,1.009375312629518
tol99,legal,100,null,383.0,355087,25,descendant_authors,1.0149547669748895
tol99,legal,100,null,384.0,360727,60,descendant_authors,1.0310757313744265
tol99,legal,100,null,385.0,384470,29,descendant_authors,1.0989409898386475
tol99,legal,100,null,386.0,396731,41,descendant_authors,1.1339869374455132
tol99,legal,100,null,387.0,347438,30,descendant_authors,0.9930914235897729
tol99,legal,100,null,388.0,362545,36,descendant_authors,1.036272169898958
tol99,legal,100,null,389.0,385178,41,descendant_authors,1.100964685369653
tol99,legal,100,null,390.0,353480,41,descendant_authors,1.01036143545183
tol99,legal,100,null,391.0,346556,45,descendant_authors,0.9905703791570794
tol99,legal,100,null,392.0,370580,65,descendant_authors,1.059238827514256
tol99,legal,100,null,393.0,355903,33,descendant_authors,1.0172871618241843
tol99,legal,100,null,394.0,370040,32,descendant_authors,1.057695330922811
tol99,legal,100,null,395.0,368078,22,descendant_authors,1.0520872933072274
tol99,legal,100,null,396.0,393702,55,descendant_authors,1.125329064898315
tol99,legal,100,null,397.0,381349,22,descendant_authors,1.0900201512054994
tol99,legal,100,null,398.0,346930,27,descendant_authors,0.9916393934630061
tol99,legal,100,null,399.0,372597,51,descendant_authors,1.0650040731160053
tol99,legal,100,null,400.0,363739,29,descendant_authors,1.0396850123622643
tol99,legal,100,null,401.0,357999,68,descendant_authors,1.023278215260608
tol99,legal,100,null,402.0,363449,32,descendant_authors,1.038856097526118
tol99,legal,100,null,403.0,365009,20,descendant_authors,1.0433150876791815
tol99,legal,100,null,404.0,394274,53,descendant_authors,1.1269640279544382
tol99,legal,100,null,405.0,408635,37,descendant_authors,1.1680124623058123
tol99,legal,100,null,406.0,391529,15,descendant_authors,1.1191179202812593
tol99,legal,100,null,407.0,385991,31,descendant_authors,1.1032885052378842
tol99,legal,100,null,408.0,369555,34,descendant_authors,1.0563090423175316
tol99,legal,100,null,409.0,406959,44,descendant_authors,1.1632219062182905
tol99,legal,100,null,410.0,352156,57,descendant_authors,1.0065770104757685
tol99,legal,100,null,411.0,360006,20,descendant_authors,1.0290148775921453
tol99,legal,100,null,412.0,365993,45,descendant_authors,1.0461276814680367
tol99,legal,100,null,413.0,361902,26,descendant_authors,1.0344342656243302
tol99,legal,100,null,414.0,391140,60,descendant_authors,1.1180060310700146
tol99,legal,100,null,415.0,368282,26,descendant_authors,1.052670392019551
tol99,legal,100,null,416.0,378809,41,descendant_authors,1.0827600005716653
tol99,legal,100,null,417.0,353815,14,descendant_authors,1.0113189750039302
tol99,legal,100,null,418.0,362979,37,descendant_authors,1.0375126838261566
tol99,legal,100,null,419.0,363496,22,descendant_authors,1.0389904388961142
tol99,legal,100,null,420.0,380621,45,descendant_authors,1.0879392891340698
tol99,legal,100,null,421.0,376916,47,descendant_authors,1.0773491875205443
tol99,legal,100,null,422.0,386441,34,descendant_authors,1.1045747523974219
tol99,legal,100,null,423.0,367347,44,descendant_authors,1.049997856254734
tol99,legal,100,null,424.0,349000,30,descendant_authors,0.9975561303968787
tol99,legal,100,null,425.0,361469,24,descendant_authors,1.033196610024153
tol99,legal,100,null,426.0,385522,62,descendant_authors,1.101947949864944
tol99,legal,100,null,427.0,376764,70,descendant_authors,1.0769147218133226
tol99,legal,100,null,428.0,425329,41,descendant_authors,1.2157293735976333
tol99,legal,100,null,429.0,377871,28,descendant_authors,1.080078889825785
tol99,legal,100,null,430.0,374636,28,descendant_authors,1.0708322019122207
tol99,legal,100,null,431.0,346555,21,descendant_authors,0.9905675208300582
tol99,legal,100,null,432.0,419163,44,descendant_authors,1.1981049291849482
tol99,legal,100,null,433.0,379910,29,descendant_authors,1.0859070186220006
tol99,legal,100,null,434.0,382585,19,descendant_authors,1.0935530434036957
tol99,legal,100,null,435.0,374675,51,descendant_authors,1.0709436766660474
tol99,legal,100,null,436.0,386835,51,descendant_authors,1.1057009332437724
tol99,legal,100,null,437.0,385136,21,descendant_authors,1.100844635634763
tol99,legal,100,null,438.0,363336,22,descendant_authors,1.038533106572723
tol99,legal,100,null,439.0,351218,78,descendant_authors,1.0038958997298881
tol99,legal,100,null,440.0,395907,55,descendant_authors,1.1316316759800489
tol99,legal,100,null,441.0,374622,83,descendant_authors,1.070792185333924
tol99,legal,100,null,442.0,352123,29,descendant_authors,1.0064826856840692
tol99,legal,100,null,443.0,374512,23,descendant_authors,1.0704777693615926
tol99,legal,100,null,444.0,361154,45,descendant_authors,1.0322962370124766
tol99,legal,100,null,445.0,375365,19,descendant_authors,1.0729159223106715
tol99,legal,100,null,446.0,367495,36,descendant_authors,1.0504208886538708
tol99,legal,100,null,447.0,351261,30,descendant_authors,1.0040188077917995
tol99,legal,100,null,448.0,358012,37,descendant_authors,1.0233153735118834
tol99,legal,100,null,449.0,394343,46,descendant_authors,1.1271612525189008
tol99,legal,100,null,450.0,369949,47,descendant_authors,1.0574352231638822
tol99,legal,100,null,451.0,376473,37,descendant_authors,1.076082948650155
tol99,legal,100,null,452.0,364314,41,descendant_authors,1.0413285503994512
tol99,legal,100,null,453.0,357543,30,descendant_authors,1.0219748181389432
tol99,legal,100,null,454.0,361237,33,descendant_authors,1.0325334781552358
tol99,legal,100,null,455.0,360899,36,descendant_authors,1.031567363622072
tol99,legal,100,null,456.0,377452,57,descendant_authors,1.0788812508039045
tol99,legal,100,null,457.0,372546,39,descendant_authors,1.0648582984379242
tol99,legal,100,null,458.0,367587,71,descendant_authors,1.0506838547398207
tol99,legal,100,null,459.0,388885,74,descendant_authors,1.1115605036372211
tol99,legal,100,null,460.0,387672,40,descendant_authors,1.1080933529605121
tol99,legal,100,null,461.0,387306,34,descendant_authors,1.107047205270755
tol99,legal,100,null,462.0,347246,45,descendant_authors,0.9925426248017035
tol99,legal,100,null,463.0,379283,61,descendant_authors,1.0841148475797115
tol99,legal,100,null,464.0,346942,25,descendant_authors,0.9916736933872604
tol99,legal,100,null,465.0,375636,72,descendant_authors,1.0736905289334153
tol99,legal,100,null,466.0,395834,43,descendant_authors,1.1314230181075018
tol99,legal,100,null,467.0,359881,30,descendant_authors,1.028657586714496
tol99,legal,100,null,468.0,351558,20,descendant_authors,1.0048677309170941
tol99,legal,100,null,469.0,375433,45,descendant_authors,1.0731102885481127
tol99,legal,100,null,470.0,383627,59,descendant_authors,1.0965314201597804
tol99,legal,100,null,471.0,353560,24,descendant_authors,1.0105901016135257
tol99,legal,100,null,472.0,363490,30,descendant_authors,1.0389732889339869
tol99,legal,100,null,473.0,383070,30,descendant_authors,1.094939332008975
tol99,legal,100,null,474.0,348053,41,descendant_authors,0.9948492947078075
tol99,legal,100,null,475.0,362995,69,descendant_authors,1.0375584170584957
tol99,legal,100,null,476.0,384916,49,descendant_authors,1.1002158036901002
tol99,legal,100,null,477.0,376125,63,descendant_authors,1.0750882508467794
tol99,legal,100,null,478.0,362802,39,descendant_authors,1.0370067599434052
tol99,legal,100,null,479.0,379844,22,descendant_authors,1.0857183690386016
tol99,legal,100,null,480.0,370290,67,descendant_authors,1.0584099126781095
tol99,legal,100,null,481.0,355342,35,descendant_authors,1.0156836403652942
tol99,legal,100,null,482.0,347236,44,descendant_authors,0.9925140415314916
tol99,legal,100,null,483.0,404806,45,descendant_authors,1.1570679281416587
tol99,legal,100,null,484.0,375419,48,descendant_authors,1.073070271969816
tol99,legal,100,null,485.0,348953,32,descendant_authors,0.9974217890268826
tol99,legal,100,null,486.0,354635,41,descendant_authors,1.0136628031613097
tol99,legal,100,null,487.0,346897,41,descendant_authors,0.9915450686713067
tol99,legal,100,null,488.0,390861,55,descendant_authors,1.1172085578311015
tol99,legal,100,null,489.0,354165,41,descendant_authors,1.0123193894613483
tol99,legal,100,null,490.0,355516,44,descendant_authors,1.016180989266982
tol99,legal,100,null,491.0,349724,48,descendant_authors,0.9996255591602236
tol99,legal,100,null,492.0,381691,47,descendant_authors,1.090997699046748
tol99,legal,100,null,493.0,385775,51,descendant_authors,1.1026711066013062
tol99,legal,100,null,494.0,365862,37,descendant_authors,1.0457532406282604
tol99,legal,100,null,495.0,372326,32,descendant_authors,1.0642294664932614
tol99,legal,100,null,496.0,363491,50,descendant_authors,1.0389761472610082
tol99,legal,100,null,497.0,357394,80,descendant_authors,1.0215489274127854
tol99,legal,100,null,498.0,371698,46,descendant_authors,1.0624344371239514
tol99,legal,100,null,499.0,374359,57,descendant_authors,1.07004044532735
tol99,legal,100,downloads,,131375,6,,
tol99,legal,100,null,0.0,131067,2,downloads,0.9976555661274976
tol99,legal,100,null,1.0,156483,6,downloads,1.1911170313986679
tol99,legal,100,null,2.0,158409,17,downloads,1.2057773549000952
tol99,legal,100,null,3.0,130687,6,downloads,0.9947630827783064
tol99,legal,100,null,4.0,131624,11,downloads,1.001895337773549
tol99,legal,100,null,5.0,132932,2,downloads,1.0118515699333968
tol99,legal,100,null,6.0,139643,5,downloads,1.0629343482397717
tol99,legal,100,null,7.0,147886,2,downloads,1.1256784015223598
tol99,legal,100,null,8.0,140669,11,downloads,1.070744053282588
tol99,legal,100,null,9.0,137908,7,downloads,1.0497278782112274
tol99,legal,100,null,10.0,140951,12,downloads,1.0728905803996194
tol99,legal,100,null,11.0,143547,2,downloads,1.092650808753568
tol99,legal,100,null,12.0,144898,5,downloads,1.1029343482397715
tol99,legal,100,null,13.0,134188,8,downloads,1.0214119885823025
tol99,legal,100,null,14.0,147515,8,downloads,1.1228544243577545
tol99,legal,100,null,15.0,135943,9,downloads,1.0347706945765938
tol99,legal,100,null,16.0,131755,9,downloads,1.0028924833491912
tol99,legal,100,null,17.0,131725,28,downloads,1.002664129400571
tol99,legal,100,null,18.0,143463,4,downloads,1.092011417697431
tol99,legal,100,null,19.0,146099,11,downloads,1.1120761179828735
tol99,legal,100,null,20.0,137269,3,downloads,1.0448639391056136
tol99,legal,100,null,21.0,140124,6,downloads,1.0665956232159848
tol99,legal,100,null,22.0,130734,5,downloads,0.9951208372978116
tol99,legal,100,null,23.0,130660,9,downloads,0.994557564224548
tol99,legal,100,null,24.0,143158,12,downloads,1.0896898192197906
tol99,legal,100,null,25.0,153349,2,downloads,1.1672616555661275
tol99,legal,100,null,26.0,154605,5,downloads,1.1768220742150333
tol99,legal,100,null,27.0,139200,8,downloads,1.0595623215984777
tol99,legal,100,null,28.0,154689,6,downloads,1.1774614652711703
tol99,legal,100,null,29.0,135006,5,downloads,1.0276384395813511
tol99,legal,100,null,30.0,146436,27,downloads,1.1146412940057089
tol99,legal,100,null,31.0,163261,24,downloads,1.242709800190295
tol99,legal,100,null,32.0,137960,5,downloads,1.0501236917221695
tol99,legal,100,null,33.0,136598,4,downloads,1.039756422454805
tol99,legal,100,null,34.0,137861,7,downloads,1.0493701236917221
tol99,legal,100,null,35.0,135994,6,downloads,1.0351588962892484
tol99,legal,100,null,36.0,134782,11,downloads,1.0259333967649857
tol99,legal,100,null,37.0,137819,13,downloads,1.0490504281636537
tol99,legal,100,null,38.0,134401,4,downloads,1.023033301617507
tol99,legal,100,null,39.0,135850,4,downloads,1.0340627973358707
tol99,legal,100,null,40.0,142957,11,downloads,1.0881598477640342
tol99,legal,100,null,41.0,132370,2,downloads,1.0075737392959088
tol99,legal,100,null,42.0,139167,9,downloads,1.0593111322549953
tol99,legal,100,null,43.0,136648,5,downloads,1.0401370123691722
tol99,legal,100,null,44.0,135750,2,downloads,1.0333016175071361
tol99,legal,100,null,45.0,144828,9,downloads,1.1024015223596575
tol99,legal,100,null,46.0,141688,6,downloads,1.078500475737393
tol99,legal,100,null,47.0,158758,14,downloads,1.2084338725023787
tol99,legal,100,null,48.0,138209,9,downloads,1.0520190294957183
tol99,legal,100,null,49.0,136423,8,downloads,1.0384243577545196
tol99,legal,100,null,50.0,133183,6,downloads,1.0137621313035206
tol99,legal,100,null,51.0,143519,9,downloads,1.0924376784015224
tol99,legal,100,null,52.0,147535,8,downloads,1.1230066603235014
tol99,legal,100,null,53.0,141661,4,downloads,1.0782949571836347
tol99,legal,100,null,54.0,135897,6,downloads,1.0344205518553757
tol99,legal,100,null,55.0,163042,12,downloads,1.2410428163653664
tol99,legal,100,null,56.0,145205,10,downloads,1.1052711703139866
tol99,legal,100,null,57.0,130121,7,downloads,0.9904548049476689
tol99,legal,100,null,58.0,130434,11,downloads,0.992837297811608
tol99,legal,100,null,59.0,131835,5,downloads,1.003501427212179
tol99,legal,100,null,60.0,144409,35,downloads,1.0992121788772597
tol99,legal,100,null,61.0,178226,31,downloads,1.3566203615604187
tol99,legal,100,null,62.0,143558,20,downloads,1.092734538534729
tol99,legal,100,null,63.0,143036,9,downloads,1.0887611798287344
tol99,legal,100,null,64.0,148992,6,downloads,1.1340970504281636
tol99,legal,100,null,65.0,136799,7,downloads,1.0412863939105614
tol99,legal,100,null,66.0,143197,12,downloads,1.089986679352997
tol99,legal,100,null,67.0,134800,3,downloads,1.026070409134158
tol99,legal,100,null,68.0,138418,9,downloads,1.0536098953377735
tol99,legal,100,null,69.0,134165,5,downloads,1.0212369172216935
tol99,legal,100,null,70.0,149295,11,downloads,1.1364034253092292
tol99,legal,100,null,71.0,132042,2,downloads,1.0050770694576594
tol99,legal,100,null,72.0,131183,6,downloads,0.9985385347288297
tol99,legal,100,null,73.0,146856,4,downloads,1.1178382492863939
tol99,legal,100,null,74.0,134649,12,downloads,1.0249210275927687
tol99,legal,100,null,75.0,131108,9,downloads,0.9979676498572788
tol99,legal,100,null,76.0,137930,13,downloads,1.049895337773549
tol99,legal,100,null,77.0,135699,35,downloads,1.0329134157944815
tol99,legal,100,null,78.0,138622,8,downloads,1.055162702188392
tol99,legal,100,null,79.0,137553,7,downloads,1.0470256898192198
tol99,legal,100,null,80.0,133391,7,downloads,1.0153453853472882
tol99,legal,100,null,81.0,135436,12,downloads,1.0309115128449096
tol99,legal,100,null,82.0,134003,28,downloads,1.0200038058991436
tol99,legal,100,null,83.0,140347,7,downloads,1.0682930542340627
tol99,legal,100,null,84.0,130204,19,downloads,0.9910865842055185
tol99,legal,100,null,85.0,133608,8,downloads,1.0169971455756421
tol99,legal,100,null,86.0,136176,7,downloads,1.0365442435775452
tol99,legal,100,null,87.0,131550,5,downloads,1.0013320647002855
tol99,legal,100,null,88.0,141509,11,downloads,1.0771379638439582
tol99,legal,100,null,89.0,148183,33,downloads,1.1279391056137011
tol99,legal,100,null,90.0,145428,2,downloads,1.1069686013320648
tol99,legal,100,null,91.0,130391,12,downloads,0.9925099904852521
tol99,legal,100,null,92.0,140069,10,downloads,1.0661769743101808
tol99,legal,100,null,93.0,136601,6,downloads,1.039779257849667
tol99,legal,100,null,94.0,133133,7,downloads,1.0133815413891532
tol99,legal,100,null,95.0,136200,7,downloads,1.0367269267364414
tol99,legal,100,null,96.0,137120,8,downloads,1.0437297811607993
tol99,legal,100,null,97.0,136339,4,downloads,1.0377849666983825
tol99,legal,100,null,98.0,131632,9,downloads,1.0019562321598479
tol99,legal,100,null,99.0,145138,8,downloads,1.1047611798287345
tol99,legal,100,null,100.0,132645,28,downloads,1.0096669838249286
tol99,legal,100,null,101.0,141015,7,downloads,1.0733777354900096
tol99,legal,100,null,102.0,150750,5,downloads,1.147478591817317
tol99,legal,100,null,103.0,135504,7,downloads,1.0314291151284491
tol99,legal,100,null,104.0,132054,7,downloads,1.0051684110371075
tol99,legal,100,null,105.0,136695,15,downloads,1.0404947668886775
tol99,legal,100,null,106.0,134935,6,downloads,1.0270980019029496
tol99,legal,100,null,107.0,142321,18,downloads,1.0833187440532825
tol99,legal,100,null,108.0,136065,10,downloads,1.03569933396765
tol99,legal,100,null,109.0,135282,17,downloads,1.0297392959086584
tol99,legal,100,null,110.0,132457,8,downloads,1.0082359657469078
tol99,legal,100,null,111.0,149718,9,downloads,1.1396232159847763
tol99,legal,100,null,112.0,136601,3,downloads,1.039779257849667
tol99,legal,100,null,113.0,134649,9,downloads,1.0249210275927687
tol99,legal,100,null,114.0,145298,5,downloads,1.1059790675547099
tol99,legal,100,null,115.0,142450,12,downloads,1.0843006660323502
tol99,legal,100,null,116.0,132335,15,downloads,1.0073073263558516
tol99,legal,100,null,117.0,131021,4,downloads,0.9973054234062797
tol99,legal,100,null,118.0,131784,9,downloads,1.0031132254995243
tol99,legal,100,null,119.0,136680,7,downloads,1.0403805899143672
tol99,legal,100,null,120.0,136942,8,downloads,1.0423748810656517
tol99,legal,100,null,121.0,140165,2,downloads,1.066907706945766
tol99,legal,100,null,122.0,136520,10,downloads,1.039162702188392
tol99,legal,100,null,123.0,138859,3,downloads,1.0569666983824928
tol99,legal,100,null,124.0,141250,5,downloads,1.0751665080875357
tol99,legal,100,null,125.0,178038,6,downloads,1.3551893434823976
tol99,legal,100,null,126.0,136265,8,downloads,1.0372216936251188
tol99,legal,100,null,127.0,131611,4,downloads,1.0017963843958135
tol99,legal,100,null,128.0,156569,2,downloads,1.1917716460513796
tol99,legal,100,null,129.0,134084,12,downloads,1.0206203615604186
tol99,legal,100,null,130.0,145562,6,downloads,1.107988582302569
tol99,legal,100,null,131.0,140423,7,downloads,1.068871550903901
tol99,legal,100,null,132.0,134435,7,downloads,1.023292102759277
tol99,legal,100,null,133.0,169319,8,downloads,1.2888220742150334
tol99,legal,100,null,134.0,130865,1,downloads,0.9961179828734539
tol99,legal,100,null,135.0,140374,5,downloads,1.0684985727878211
tol99,legal,100,null,136.0,141245,9,downloads,1.075128449096099
tol99,legal,100,null,137.0,133319,10,downloads,1.0147973358705995
tol99,legal,100,null,138.0,135316,4,downloads,1.029998097050428
tol99,legal,100,null,139.0,136455,9,downloads,1.0386679352997146
tol99,legal,100,null,140.0,143348,2,downloads,1.0911360608943863
tol99,legal,100,null,141.0,144188,10,downloads,1.0975299714557565
tol99,legal,100,null,142.0,148622,10,downloads,1.1312806850618458
tol99,legal,100,null,143.0,131624,11,downloads,1.001895337773549
tol99,legal,100,null,144.0,130079,7,downloads,0.9901351094196004
tol99,legal,100,null,145.0,133432,8,downloads,1.0156574690770694
tol99,legal,100,null,146.0,130882,4,downloads,0.9962473834443387
tol99,legal,100,null,147.0,135914,8,downloads,1.0345499524262607
tol99,legal,100,null,148.0,134048,3,downloads,1.0203463368220742
tol99,legal,100,null,149.0,140449,28,downloads,1.069069457659372
tol99,legal,100,null,150.0,141055,19,downloads,1.0736822074215033
tol99,legal,100,null,151.0,140064,14,downloads,1.0661389153187442
tol99,legal,100,null,152.0,152385,4,downloads,1.1599238820171265
tol99,legal,100,null,153.0,140682,13,downloads,1.0708430066603234
tol99,legal,100,null,154.0,134018,12,downloads,1.020117982873454
tol99,legal,100,null,155.0,133677,2,downloads,1.0175223596574692
tol99,legal,100,null,156.0,159759,7,downloads,1.2160532825880115
tol99,legal,100,null,157.0,145940,15,downloads,1.1108658420551856
tol99,legal,100,null,158.0,134543,14,downloads,1.0241141769743103
tol99,legal,100,null,159.0,156126,10,downloads,1.1883996194100857
tol99,legal,100,null,160.0,144100,10,downloads,1.09686013320647
tol99,legal,100,null,161.0,133643,13,downloads,1.0172635585156993
tol99,legal,100,null,162.0,133228,8,downloads,1.014104662226451
tol99,legal,100,null,163.0,136580,8,downloads,1.0396194100856326
tol99,legal,100,null,164.0,137441,6,downloads,1.0461731684110371
tol99,legal,100,null,165.0,135313,5,downloads,1.0299752616555662
tol99,legal,100,null,166.0,134528,8,downloads,1.024
tol99,legal,100,null,167.0,130226,7,downloads,0.9912540437678401
tol99,legal,100,null,168.0,137088,5,downloads,1.0434862036156043
tol99,legal,100,null,169.0,141006,11,downloads,1.0733092293054234
tol99,legal,100,null,170.0,134932,12,downloads,1.0270751665080875
tol99,legal,100,null,171.0,139206,6,downloads,1.0596079923882018
tol99,legal,100,null,172.0,141067,2,downloads,1.0737735490009515
tol99,legal,100,null,173.0,137303,21,downloads,1.0451227402473835
tol99,legal,100,null,174.0,139355,1,downloads,1.060742150333016
tol99,legal,100,null,175.0,139354,6,downloads,1.0607345385347289
tol99,legal,100,null,176.0,143386,6,downloads,1.0914253092293054
tol99,legal,100,null,177.0,133359,6,downloads,1.0151018078020932
tol99,legal,100,null,178.0,137965,7,downloads,1.050161750713606
tol99,legal,100,null,179.0,136096,8,downloads,1.0359352997145577
tol99,legal,100,null,180.0,143799,4,downloads,1.094568981921979
tol99,legal,100,null,181.0,137900,13,downloads,1.0496669838249286
tol99,legal,100,null,182.0,134550,15,downloads,1.0241674595623216
tol99,legal,100,null,183.0,134401,5,downloads,1.023033301617507
tol99,legal,100,null,184.0,131221,8,downloads,0.9988277830637489
tol99,legal,100,null,185.0,146033,12,downloads,1.1115737392959086
tol99,legal,100,null,186.0,144278,7,downloads,1.0982150333016174
tol99,legal,100,null,187.0,131525,4,downloads,1.0011417697431018
tol99,legal,100,null,188.0,148769,7,downloads,1.1323996194100856
tol99,legal,100,null,189.0,134184,16,downloads,1.0213815413891532
tol99,legal,100,null,190.0,157297,3,downloads,1.197313035204567
tol99,legal,100,null,191.0,142559,8,downloads,1.0851303520456708
tol99,legal,100,null,192.0,135257,4,downloads,1.0295490009514747
tol99,legal,100,null,193.0,144941,10,downloads,1.1032616555661274
tol99,legal,100,null,194.0,138621,8,downloads,1.0551550903901046
tol99,legal,100,null,195.0,130825,15,downloads,0.99581351094196
tol99,legal,100,null,196.0,143857,6,downloads,1.0950104662226452
tol99,legal,100,null,197.0,135997,5,downloads,1.0351817316841103
tol99,legal,100,null,198.0,132903,4,downloads,1.0116308277830637
tol99,legal,100,null,199.0,136062,5,downloads,1.0356764985727878
tol99,legal,100,null,200.0,156270,9,downloads,1.1894957183634634
tol99,legal,100,null,201.0,135456,8,downloads,1.0310637488106564
tol99,legal,100,null,202.0,137237,5,downloads,1.0446203615604186
tol99,legal,100,null,203.0,140430,12,downloads,1.0689248334919124
tol99,legal,100,null,204.0,137012,4,downloads,1.042907706945766
tol99,legal,100,null,205.0,166895,8,downloads,1.270371075166508
tol99,legal,100,null,206.0,143693,18,downloads,1.0937621313035204
tol99,legal,100,null,207.0,135203,0,downloads,1.0291379638439582
tol99,legal,100,null,208.0,140807,3,downloads,1.0717944814462417
tol99,legal,100,null,209.0,140533,8,downloads,1.069708848715509
tol99,legal,100,null,210.0,135627,6,downloads,1.0323653663177925
tol99,legal,100,null,211.0,167324,17,downloads,1.2736365366317792
tol99,legal,100,null,212.0,140153,30,downloads,1.0668163653663179
tol99,legal,100,null,213.0,142653,8,downloads,1.0858458610846813
tol99,legal,100,null,214.0,157404,10,downloads,1.198127497621313
tol99,legal,100,null,215.0,133812,5,downloads,1.0185499524262607
tol99,legal,100,null,216.0,151245,8,downloads,1.1512464319695528
tol99,legal,100,null,217.0,133899,13,downloads,1.0192121788772597
tol99,legal,100,null,218.0,159115,8,downloads,1.211151284490961
tol99,legal,100,null,219.0,136703,2,downloads,1.0405556612749762
tol99,legal,100,null,220.0,142975,5,downloads,1.0882968601332064
tol99,legal,100,null,221.0,133784,9,downloads,1.018336822074215
tol99,legal,100,null,222.0,137452,5,downloads,1.0462568981921978
tol99,legal,100,null,223.0,137266,9,downloads,1.0448411037107517
tol99,legal,100,null,224.0,138402,15,downloads,1.053488106565176
tol99,legal,100,null,225.0,139075,6,downloads,1.0586108468125595
tol99,legal,100,null,226.0,142791,7,downloads,1.086896289248335
tol99,legal,100,null,227.0,151581,16,downloads,1.153803996194101
tol99,legal,100,null,228.0,154161,6,downloads,1.173442435775452
tol99,legal,100,null,229.0,145042,9,downloads,1.1040304471931495
tol99,legal,100,null,230.0,131879,5,downloads,1.003836346336822
tol99,legal,100,null,231.0,149640,4,downloads,1.1390294957183635
tol99,legal,100,null,232.0,131685,10,downloads,1.002359657469077
tol99,legal,100,null,233.0,144418,7,downloads,1.099280685061846
tol99,legal,100,null,234.0,133708,11,downloads,1.0177583254043767
tol99,legal,100,null,235.0,135900,9,downloads,1.0344433872502379
tol99,legal,100,null,236.0,134350,4,downloads,1.0226450999048524
tol99,legal,100,null,237.0,141979,1,downloads,1.0807155090390104
tol99,legal,100,null,238.0,142031,10,downloads,1.0811113225499525
tol99,legal,100,null,239.0,150834,6,downloads,1.1481179828734538
tol99,legal,100,null,240.0,157128,9,downloads,1.1960266412940057
tol99,legal,100,null,241.0,146458,5,downloads,1.1148087535680304
tol99,legal,100,null,242.0,138120,11,downloads,1.0513415794481447
tol99,legal,100,null,243.0,133365,7,downloads,1.0151474785918173
tol99,legal,100,null,244.0,134923,4,downloads,1.0270066603235015
tol99,legal,100,null,245.0,130167,3,downloads,0.9908049476688868
tol99,legal,100,null,246.0,138045,3,downloads,1.0507706945765938
tol99,legal,100,null,247.0,161468,9,downloads,1.2290618458610847
tol99,legal,100,null,248.0,148924,7,downloads,1.1335794481446242
tol99,legal,100,null,249.0,139044,9,downloads,1.0583748810656517
tol99,legal,100,null,250.0,136494,12,downloads,1.038964795432921
tol99,legal,100,null,251.0,137576,11,downloads,1.0472007611798286
tol99,legal,100,null,252.0,141196,8,downloads,1.0747554709800191
tol99,legal,100,null,253.0,133485,2,downloads,1.0160608943862988
tol99,legal,100,null,254.0,131185,5,downloads,0.9985537583254044
tol99,legal,100,null,255.0,148761,11,downloads,1.1323387250237869
tol99,legal,100,null,256.0,157481,6,downloads,1.1987136060894386
tol99,legal,100,null,257.0,134649,11,downloads,1.0249210275927687
tol99,legal,100,null,258.0,158828,8,downloads,1.208966698382493
tol99,legal,100,null,259.0,135800,8,downloads,1.0336822074215033
tol99,legal,100,null,260.0,154268,7,downloads,1.174256898192198
tol99,legal,100,null,261.0,144830,8,downloads,1.1024167459562322
tol99,legal,100,null,262.0,137777,10,downloads,1.0487307326355852
tol99,legal,100,null,263.0,141740,12,downloads,1.078896289248335
tol99,legal,100,null,264.0,134278,18,downloads,1.0220970504281637
tol99,legal,100,null,265.0,131989,4,downloads,1.00467364414843
tol99,legal,100,null,266.0,133673,1,downloads,1.0174919124643198
tol99,legal,100,null,267.0,149004,7,downloads,1.134188392007612
tol99,legal,100,null,268.0,148485,10,downloads,1.1302378686964796
tol99,legal,100,null,269.0,138901,12,downloads,1.0572863939105615
tol99,legal,100,null,270.0,133738,10,downloads,1.0179866793529972
tol99,legal,100,null,271.0,139260,16,downloads,1.0600190294957184
tol99,legal,100,null,272.0,137471,4,downloads,1.0464015223596574
tol99,legal,100,null,273.0,138029,11,downloads,1.0506489058039963
tol99,legal,100,null,274.0,138940,1,downloads,1.0575832540437677
tol99,legal,100,null,275.0,139878,8,downloads,1.0647231208372978
tol99,legal,100,null,276.0,140763,5,downloads,1.0714595623215986
tol99,legal,100,null,277.0,140010,11,downloads,1.0657278782112274
tol99,legal,100,null,278.0,145277,8,downloads,1.1058192197906755
tol99,legal,100,null,279.0,136278,9,downloads,1.0373206470028544
tol99,legal,100,null,280.0,134130,8,downloads,1.0209705042816366
tol99,legal,100,null,281.0,141224,7,downloads,1.0749686013320647
tol99,legal,100,null,282.0,143687,3,downloads,1.0937164605137963
tol99,legal,100,null,283.0,144363,5,downloads,1.098862036156042
tol99,legal,100,null,284.0,137261,8,downloads,1.0448030447193148
tol99,legal,100,null,285.0,147317,12,downloads,1.12134728829686
tol99,legal,100,null,286.0,147599,4,downloads,1.1234938154138916
tol99,legal,100,null,287.0,130801,14,downloads,0.9956308277830638
tol99,legal,100,null,288.0,135571,3,downloads,1.0319391056137013
tol99,legal,100,null,289.0,144023,10,downloads,1.0962740247383445
tol99,legal,100,null,290.0,152541,12,downloads,1.1611113225499525
tol99,legal,100,null,291.0,137981,12,downloads,1.0502835394862036
tol99,legal,100,null,292.0,137389,6,downloads,1.045777354900095
tol99,legal,100,null,293.0,140003,8,downloads,1.065674595623216
tol99,legal,100,null,294.0,140983,7,downloads,1.0731341579448144
tol99,legal,100,null,295.0,132022,9,downloads,1.0049248334919125
tol99,legal,100,null,296.0,151764,18,downloads,1.1551969552806851
tol99,legal,100,null,297.0,141181,15,downloads,1.0746412940057088
tol99,legal,100,null,298.0,133020,12,downloads,1.0125214081826832
tol99,legal,100,null,299.0,144190,8,downloads,1.0975451950523312
tol99,legal,100,null,300.0,130536,7,downloads,0.9936137012369172
tol99,legal,100,null,301.0,150429,7,downloads,1.145035204567079
tol99,legal,100,null,302.0,130095,28,downloads,0.9902568981921979
tol99,legal,100,null,303.0,170238,8,downloads,1.2958173168411038
tol99,legal,100,null,304.0,131281,8,downloads,0.9992844909609895
tol99,legal,100,null,305.0,156301,5,downloads,1.1897316841103711
tol99,legal,100,null,306.0,136215,4,downloads,1.0368411037107517
tol99,legal,100,null,307.0,149932,7,downloads,1.1412521408182683
tol99,legal,100,null,308.0,152372,8,downloads,1.1598249286393911
tol99,legal,100,null,309.0,156848,6,downloads,1.193895337773549
tol99,legal,100,null,310.0,141991,4,downloads,1.0808068506184587
tol99,legal,100,null,311.0,133759,39,downloads,1.0181465271170314
tol99,legal,100,null,312.0,133481,8,downloads,1.0160304471931494
tol99,legal,100,null,313.0,134519,5,downloads,1.0239314938154138
tol99,legal,100,null,314.0,133530,8,downloads,1.0164034253092293
tol99,legal,100,null,315.0,137102,7,downloads,1.043592768791627
tol99,legal,100,null,316.0,133784,6,downloads,1.018336822074215
tol99,legal,100,null,317.0,154404,8,downloads,1.1752921027592769
tol99,legal,100,null,318.0,131987,3,downloads,1.0046584205518554
tol99,legal,100,null,319.0,138335,11,downloads,1.0529781160799239
tol99,legal,100,null,320.0,147609,6,downloads,1.123569933396765
tol99,legal,100,null,321.0,130540,6,downloads,0.9936441484300667
tol99,legal,100,null,322.0,136261,10,downloads,1.0371912464319695
tol99,legal,100,null,323.0,136072,18,downloads,1.0357526165556612
tol99,legal,100,null,324.0,134543,20,downloads,1.0241141769743103
tol99,legal,100,null,325.0,141336,2,downloads,1.0758211227402474
tol99,legal,100,null,326.0,145895,6,downloads,1.110523311132255
tol99,legal,100,null,327.0,130417,38,downloads,0.9927078972407232
tol99,legal,100,null,328.0,147624,7,downloads,1.123684110371075
tol99,legal,100,null,329.0,139565,7,downloads,1.0623406279733587
tol99,legal,100,null,330.0,141171,11,downloads,1.0745651760228354
tol99,legal,100,null,331.0,141733,9,downloads,1.0788430066603234
tol99,legal,100,null,332.0,134052,11,downloads,1.0203767840152236
tol99,legal,100,null,333.0,145072,2,downloads,1.1042588011417698
tol99,legal,100,null,334.0,142068,5,downloads,1.0813929590865843
tol99,legal,100,null,335.0,176938,5,downloads,1.3468163653663179
tol99,legal,100,null,336.0,132946,8,downloads,1.0119581351094196
tol99,legal,100,null,337.0,134824,16,downloads,1.0262530922930542
tol99,legal,100,null,338.0,168456,5,downloads,1.2822530922930542
tol99,legal,100,null,339.0,136083,4,downloads,1.035836346336822
tol99,legal,100,null,340.0,143791,11,downloads,1.0945080875356803
tol99,legal,100,null,341.0,132374,13,downloads,1.0076041864890581
tol99,legal,100,null,342.0,135969,9,downloads,1.0349686013320647
tol99,legal,100,null,343.0,136735,16,downloads,1.0407992388201712
tol99,legal,100,null,344.0,133063,5,downloads,1.012848715509039
tol99,legal,100,null,345.0,131728,10,downloads,1.0026869647954328
tol99,legal,100,null,346.0,135037,10,downloads,1.027874405328259
tol99,legal,100,null,347.0,148565,3,downloads,1.1308468125594673
tol99,legal,100,null,348.0,137410,8,downloads,1.0459372026641294
tol99,legal,100,null,349.0,146584,6,downloads,1.115767840152236
tol99,legal,100,null,350.0,135977,7,downloads,1.0350294957183634
tol99,legal,100,null,351.0,137316,13,downloads,1.0452216936251189
tol99,legal,100,null,352.0,137754,5,downloads,1.0485556612749762
tol99,legal,100,null,353.0,137265,4,downloads,1.0448334919124642
tol99,legal,100,null,354.0,148547,5,downloads,1.1307098001902949
tol99,legal,100,null,355.0,143396,11,downloads,1.0915014272121788
tol99,legal,100,null,356.0,144262,6,downloads,1.09809324452902
tol99,legal,100,null,357.0,132623,19,downloads,1.009499524262607
tol99,legal,100,null,358.0,140606,7,downloads,1.0702645099904853
tol99,legal,100,null,359.0,131573,5,downloads,1.0015071360608945
tol99,legal,100,null,360.0,132878,6,downloads,1.0114405328258802
tol99,legal,100,null,361.0,140213,14,downloads,1.0672730732635585
tol99,legal,100,null,362.0,142732,11,downloads,1.0864471931493815
tol99,legal,100,null,363.0,139560,14,downloads,1.0623025689819219
tol99,legal,100,null,364.0,138118,3,downloads,1.05132635585157
tol99,legal,100,null,365.0,137957,5,downloads,1.0501008563273073
tol99,legal,100,null,366.0,135790,5,downloads,1.0336060894386299
tol99,legal,100,null,367.0,151418,3,downloads,1.1525632730732636
tol99,legal,100,null,368.0,134266,9,downloads,1.0220057088487156
tol99,legal,100,null,369.0,131324,9,downloads,0.9996117982873454
tol99,legal,100,null,370.0,143660,6,downloads,1.093510941960038
tol99,legal,100,null,371.0,133733,5,downloads,1.0179486203615604
tol99,legal,100,null,372.0,144646,6,downloads,1.1010161750713605
tol99,legal,100,null,373.0,136998,3,downloads,1.0428011417697431
tol99,legal,100,null,374.0,137130,7,downloads,1.0438058991436727
tol99,legal,100,null,375.0,133132,14,downloads,1.013373929590866
tol99,legal,100,null,376.0,142537,8,downloads,1.0849628924833492
tol99,legal,100,null,377.0,130096,6,downloads,0.9902645099904852
tol99,legal,100,null,378.0,141128,4,downloads,1.0742378686964795
tol99,legal,100,null,379.0,135327,5,downloads,1.030081826831589
tol99,legal,100,null,380.0,131965,4,downloads,1.0044909609895338
tol99,legal,100,null,381.0,132234,17,downloads,1.0065385347288296
tol99,legal,100,null,382.0,133348,4,downloads,1.0150180780209324
tol99,legal,100,null,383.0,138072,2,downloads,1.050976213130352
tol99,legal,100,null,384.0,132230,6,downloads,1.0065080875356802
tol99,legal,100,null,385.0,131020,12,downloads,0.9972978116079924
tol99,legal,100,null,386.0,138121,1,downloads,1.051349191246432
tol99,legal,100,null,387.0,140697,15,downloads,1.0709571836346337
tol99,legal,100,null,388.0,177865,16,downloads,1.353872502378687
tol99,legal,100,null,389.0,132076,5,downloads,1.005335870599429
tol99,legal,100,null,390.0,138544,4,downloads,1.054568981921979
tol99,legal,100,null,391.0,139246,7,downloads,1.0599124643196955
tol99,legal,100,null,392.0,153260,20,downloads,1.1665842055185538
tol99,legal,100,null,393.0,141556,3,downloads,1.0774957183634635
tol99,legal,100,null,394.0,155300,6,downloads,1.1821122740247383
tol99,legal,100,null,395.0,130098,3,downloads,0.9902797335870599
tol99,legal,100,null,396.0,138006,18,downloads,1.0504738344433873
tol99,legal,100,null,397.0,152406,7,downloads,1.1600837297811608
tol99,legal,100,null,398.0,153383,8,downloads,1.1675204567078972
tol99,legal,100,null,399.0,139756,14,downloads,1.0637944814462417
tol99,legal,100,null,400.0,131819,28,downloads,1.0033796384395814
tol99,legal,100,null,401.0,143920,7,downloads,1.095490009514748
tol99,legal,100,null,402.0,134361,13,downloads,1.0227288296860133
tol99,legal,100,null,403.0,173471,8,downloads,1.3204262607040913
tol99,legal,100,null,404.0,140514,16,downloads,1.0695642245480494
tol99,legal,100,null,405.0,143399,5,downloads,1.091524262607041
tol99,legal,100,null,406.0,131755,5,downloads,1.0028924833491912
tol99,legal,100,null,407.0,137697,11,downloads,1.0481217887725975
tol99,legal,100,null,408.0,134090,6,downloads,1.0206660323501426
tol99,legal,100,null,409.0,141828,14,downloads,1.0795661274976214
tol99,legal,100,null,410.0,132386,13,downloads,1.0076955280685063
tol99,legal,100,null,411.0,143176,8,downloads,1.089826831588963
tol99,legal,100,null,412.0,136764,5,downloads,1.0410199809705043
tol99,legal,100,null,413.0,133686,6,downloads,1.0175908658420552
tol99,legal,100,null,414.0,131738,6,downloads,1.0027630827783063
tol99,legal,100,null,415.0,134454,11,downloads,1.0234367269267364
tol99,legal,100,null,416.0,137225,8,downloads,1.0445290199809705
tol99,legal,100,null,417.0,156730,3,downloads,1.1929971455756423
tol99,legal,100,null,418.0,139684,5,downloads,1.0632464319695527
tol99,legal,100,null,419.0,146873,1,downloads,1.1179676498572788
tol99,legal,100,null,420.0,134985,14,downloads,1.0274785918173168
tol99,legal,100,null,421.0,133182,11,downloads,1.013754519505233
tol99,legal,100,null,422.0,131480,5,downloads,1.0007992388201712
tol99,legal,100,null,423.0,143697,3,downloads,1.0937925784966698
tol99,legal,100,null,424.0,143038,6,downloads,1.0887764034253091
tol99,legal,100,null,425.0,130436,8,downloads,0.9928525214081827
tol99,legal,100,null,426.0,155947,5,downloads,1.1870371075166508
tol99,legal,100,null,427.0,140090,9,downloads,1.066336822074215
tol99,legal,100,null,428.0,132903,5,downloads,1.0116308277830637
tol99,legal,100,null,429.0,135800,36,downloads,1.0336822074215033
tol99,legal,100,null,430.0,217586,10,downloads,1.656220742150333
tol99,legal,100,null,431.0,137742,3,downloads,1.0484643196955281
tol99,legal,100,null,432.0,131775,6,downloads,1.003044719314938
tol99,legal,100,null,433.0,138269,12,downloads,1.0524757373929592
tol99,legal,100,null,434.0,150526,6,downloads,1.1457735490009515
tol99,legal,100,null,435.0,136842,4,downloads,1.0416137012369173
tol99,legal,100,null,436.0,137723,14,downloads,1.0483196955280685
tol99,legal,100,null,437.0,183363,9,downloads,1.395722169362512
tol99,legal,100,null,438.0,134696,6,downloads,1.025278782112274
tol99,legal,100,null,439.0,167826,8,downloads,1.2774576593720266
tol99,legal,100,null,440.0,137922,11,downloads,1.0498344433872502
tol99,legal,100,null,441.0,131144,3,downloads,0.9982416745956232
tol99,legal,100,null,442.0,142929,5,downloads,1.0879467174119886
tol99,legal,100,null,443.0,136330,8,downloads,1.0377164605137963
tol99,legal,100,null,444.0,153986,0,downloads,1.1721103710751666
tol99,legal,100,null,445.0,130173,5,downloads,0.9908506184586109
tol99,legal,100,null,446.0,139617,5,downloads,1.0627364414843006
tol99,legal,100,null,447.0,139141,9,downloads,1.0591132254995244
tol99,legal,100,null,448.0,140526,8,downloads,1.0696555661274976
tol99,legal,100,null,449.0,152950,5,downloads,1.1642245480494766
tol99,legal,100,null,450.0,158635,4,downloads,1.2074976213130353
tol99,legal,100,null,451.0,139465,4,downloads,1.0615794481446241
tol99,legal,100,null,452.0,142598,7,downloads,1.0854272121788773
tol99,legal,100,null,453.0,138112,9,downloads,1.051280685061846
tol99,legal,100,null,454.0,136085,3,downloads,1.0358515699333968
tol99,legal,100,null,455.0,130800,7,downloads,0.9956232159847764
tol99,legal,100,null,456.0,135722,24,downloads,1.0330884871550905
tol99,legal,100,null,457.0,144030,40,downloads,1.0963273073263557
tol99,legal,100,null,458.0,176239,4,downloads,1.3414957183634633
tol99,legal,100,null,459.0,132632,2,downloads,1.0095680304471932
tol99,legal,100,null,460.0,130643,9,downloads,0.9944281636536632
tol99,legal,100,null,461.0,133628,8,downloads,1.0171493815413892
tol99,legal,100,null,462.0,138587,7,downloads,1.054896289248335
tol99,legal,100,null,463.0,150849,4,downloads,1.148232159847764
tol99,legal,100,null,464.0,134708,8,downloads,1.025370123691722
tol99,legal,100,null,465.0,173935,7,downloads,1.3239581351094196
tol99,legal,100,null,466.0,141662,12,downloads,1.078302568981922
tol99,legal,100,null,467.0,139554,6,downloads,1.0622568981921978
tol99,legal,100,null,468.0,143992,24,downloads,1.0960380589914367
tol99,legal,100,null,469.0,132901,7,downloads,1.011615604186489
tol99,legal,100,null,470.0,145277,9,downloads,1.1058192197906755
tol99,legal,100,null,471.0,139479,14,downloads,1.061686013320647
tol99,legal,100,null,472.0,137929,6,downloads,1.0498877259752617
tol99,legal,100,null,473.0,132885,9,downloads,1.0114938154138915
tol99,legal,100,null,474.0,132671,8,downloads,1.0098648905803995
tol99,legal,100,null,475.0,132254,13,downloads,1.0066907706945767
tol99,legal,100,null,476.0,132742,7,downloads,1.0104053282588012
tol99,legal,100,null,477.0,132274,6,downloads,1.0068430066603236
tol99,legal,100,null,478.0,133930,10,downloads,1.0194481446241674
tol99,legal,100,null,479.0,139387,7,downloads,1.0609857278782113
tol99,legal,100,null,480.0,135200,4,downloads,1.029115128449096
tol99,legal,100,null,481.0,146020,9,downloads,1.111474785918173
tol99,legal,100,null,482.0,137265,21,downloads,1.0448334919124642
tol99,legal,100,null,483.0,138638,8,downloads,1.0552844909609895
tol99,legal,100,null,484.0,172538,3,downloads,1.313324452901998
tol99,legal,100,null,485.0,135841,5,downloads,1.0339942911512845
tol99,legal,100,null,486.0,134587,7,downloads,1.0244490960989534
tol99,legal,100,null,487.0,149679,14,downloads,1.1393263558515698
tol99,legal,100,null,488.0,162226,2,downloads,1.2348315889628925
tol99,legal,100,null,489.0,132354,8,downloads,1.007451950523311
tol99,legal,100,null,490.0,153879,8,downloads,1.1712959086584205
tol99,legal,100,null,491.0,138485,5,downloads,1.0541198858230256
tol99,legal,100,null,492.0,146271,6,downloads,1.1133853472882969
tol99,legal,100,null,493.0,133388,11,downloads,1.0153225499524263
tol99,legal,100,null,494.0,136110,22,downloads,1.0360418648905805
tol99,legal,100,null,495.0,132676,12,downloads,1.0099029495718364
tol99,legal,100,null,496.0,143642,8,downloads,1.0933739295908658
tol99,legal,100,null,497.0,131881,6,downloads,1.0038515699333967
tol99,legal,100,null,498.0,153528,4,downloads,1.1686241674595623
tol99,legal,100,null,499.0,138791,8,downloads,1.0564490960989534
tol99,legal,100,outdegree,,335743,16,,
tol99,legal,100,null,0.0,359452,47,outdegree,1.07061651322589
tol99,legal,100,null,1.0,351928,22,outdegree,1.0482065151023252
tol99,legal,100,null,2.0,348748,59,outdegree,1.0387349847949174
tol99,legal,100,null,3.0,332780,29,outdegree,0.9911747973896701
tol99,legal,100,null,4.0,352058,41,outdegree,1.048593716026842
tol99,legal,100,null,5.0,344385,38,outdegree,1.025739926074408
tol99,legal,100,null,6.0,335544,22,outdegree,0.9994072847386245
tol99,legal,100,null,7.0,361621,43,outdegree,1.077076811728018
tol99,legal,100,null,8.0,371023,37,outdegree,1.1050803739765238
tol99,legal,100,null,9.0,343560,37,outdegree,1.0232826894380522
tol99,legal,100,null,10.0,332784,28,outdegree,0.9911867112642706
tol99,legal,100,null,11.0,370515,37,outdegree,1.1035673119022587
tol99,legal,100,null,12.0,333036,22,outdegree,0.9919372853641029
tol99,legal,100,null,13.0,348269,66,outdegree,1.037308298311506
tol99,legal,100,null,14.0,333550,22,outdegree,0.9934682182502688
tol99,legal,100,null,15.0,350694,26,outdegree,1.044531084788067
tol99,legal,100,null,16.0,343326,29,outdegree,1.0225857277739223
tol99,legal,100,null,17.0,346788,47,outdegree,1.0328971862406662
tol99,legal,100,null,18.0,363867,10,outdegree,1.083766452316206
tol99,legal,100,null,19.0,369253,26,outdegree,1.0998084844657967
tol99,legal,100,null,20.0,361827,21,outdegree,1.0776903762699446
tol99,legal,100,null,21.0,348664,28,outdegree,1.0384847934283068
tol99,legal,100,null,22.0,359677,50,outdegree,1.071286668672169
tol99,legal,100,null,23.0,347217,18,outdegree,1.0341749492915713
tol99,legal,100,null,24.0,362175,51,outdegree,1.0787268833601893
tol99,legal,100,null,25.0,358996,12,outdegree,1.0692583315214317
tol99,legal,100,null,26.0,365501,34,outdegree,1.0886332700905157
tol99,legal,100,null,27.0,374189,53,outdegree,1.1145102057228298
tol99,legal,100,null,28.0,367865,26,outdegree,1.0956743699794187
tol99,legal,100,null,29.0,339117,29,outdegree,1.0100493532255326
tol99,legal,100,null,30.0,362029,62,outdegree,1.0782920269372704
tol99,legal,100,null,31.0,338311,39,outdegree,1.0076487074935292
tol99,legal,100,null,32.0,382489,51,outdegree,1.139231495518894
tol99,legal,100,null,33.0,347282,18,outdegree,1.0343685497538295
tol99,legal,100,null,34.0,363067,34,outdegree,1.0813836773961036
tol99,legal,100,null,35.0,346658,23,outdegree,1.0325099853161495
tol99,legal,100,null,36.0,356756,71,outdegree,1.0625865617451444
tol99,legal,100,null,37.0,357487,23,outdegree,1.0647638223283882
tol99,legal,100,null,38.0,334142,38,outdegree,0.9952314716911447
tol99,legal,100,null,39.0,342507,16,outdegree,1.0201463619494673
tol99,legal,100,null,40.0,363311,55,outdegree,1.082110423746735
tol99,legal,100,null,41.0,379292,35,outdegree,1.129709331244434
tol99,legal,100,null,42.0,342957,56,outdegree,1.021486672842025
tol99,legal,100,null,43.0,352328,23,outdegree,1.0493979025623765
tol99,legal,100,null,44.0,347513,14,outdegree,1.0350565760120092
tol99,legal,100,null,45.0,336340,27,outdegree,1.0017781457841266
tol99,legal,100,null,46.0,337657,41,outdegree,1.0057007889963454
tol99,legal,100,null,47.0,370854,27,outdegree,1.1045770127746521
tol99,legal,100,null,48.0,351939,59,outdegree,1.0482392782574768
tol99,legal,100,null,49.0,348642,41,outdegree,1.038419267118004
tol99,legal,100,null,50.0,346229,31,outdegree,1.0312322222652446
tol99,legal,100,null,51.0,361190,75,outdegree,1.0757930917398129
tol99,legal,100,null,52.0,349309,29,outdegree,1.0404059057076396
tol99,legal,100,null,53.0,333017,31,outdegree,0.9918806944597505
tol99,legal,100,null,54.0,342814,27,outdegree,1.0210607518250567
tol99,legal,100,null,55.0,352039,48,outdegree,1.0485371251224895
tol99,legal,100,null,56.0,371721,35,outdegree,1.1071593450943131
tol99,legal,100,null,57.0,354101,23,outdegree,1.054678727479054
tol99,legal,100,null,58.0,352135,55,outdegree,1.0488230581129019
tol99,legal,100,null,59.0,389512,20,outdegree,1.1601492808487444
tol99,legal,100,null,60.0,351497,59,outdegree,1.04692279511412
tol99,legal,100,null,61.0,354428,41,outdegree,1.055652686727646
tol99,legal,100,null,62.0,344341,46,outdegree,1.0256088734538025
tol99,legal,100,null,63.0,342542,26,outdegree,1.0202506083522218
tol99,legal,100,null,64.0,343471,21,outdegree,1.023017605728191
tol99,legal,100,null,65.0,376061,19,outdegree,1.1200858990358697
tol99,legal,100,null,66.0,369039,61,outdegree,1.0991710921746694
tol99,legal,100,null,67.0,340373,19,outdegree,1.0137903098500938
tol99,legal,100,null,68.0,362687,52,outdegree,1.0802518593090549
tol99,legal,100,null,69.0,361714,13,outdegree,1.0773538093124801
tol99,legal,100,null,70.0,342606,19,outdegree,1.02044123034583
tol99,legal,100,null,71.0,359513,16,outdegree,1.0707981998135478
tol99,legal,100,null,72.0,333520,31,outdegree,0.9933788641907649
tol99,legal,100,null,73.0,362881,50,outdegree,1.0808296822271797
tol99,legal,100,null,74.0,337699,47,outdegree,1.0058258846796508
tol99,legal,100,null,75.0,345996,46,outdegree,1.0305382390697646
tol99,legal,100,null,76.0,382480,31,outdegree,1.1392046893010428
tol99,legal,100,null,77.0,335403,54,outdegree,0.9989873206589565
tol99,legal,100,null,78.0,332539,18,outdegree,0.9904569864449891
tol99,legal,100,null,79.0,362905,27,outdegree,1.0809011654747829
tol99,legal,100,null,80.0,350467,24,outdegree,1.0438549724044879
tol99,legal,100,null,81.0,361686,24,outdegree,1.0772704121902765
tol99,legal,100,null,82.0,339520,42,outdegree,1.0112496760915344
tol99,legal,100,null,83.0,344788,72,outdegree,1.0269402489404098
tol99,legal,100,null,84.0,370049,66,outdegree,1.102179345511299
tol99,legal,100,null,85.0,366550,24,outdegree,1.0917576837045002
tol99,legal,100,null,86.0,368925,59,outdegree,1.0988315467485548
tol99,legal,100,null,87.0,359962,42,outdegree,1.0721355322374555
tol99,legal,100,null,88.0,333513,23,outdegree,0.993358014910214
tol99,legal,100,null,89.0,363884,43,outdegree,1.0838170862832583
tol99,legal,100,null,90.0,363119,19,outdegree,1.0815385577659102
tol99,legal,100,null,91.0,341342,20,outdegree,1.0166764459720679
tol99,legal,100,null,92.0,356671,36,outdegree,1.0623333919098834
tol99,legal,100,null,93.0,350477,29,outdegree,1.0438847570909893
tol99,legal,100,null,94.0,344831,26,outdegree,1.0270683230923654
tol99,legal,100,null,95.0,341858,23,outdegree,1.018213335795534
tol99,legal,100,null,96.0,367879,22,outdegree,1.0957160685405205
tol99,legal,100,null,97.0,350440,33,outdegree,1.0437745537509344
tol99,legal,100,null,98.0,349853,54,outdegree,1.0420261926533092
tol99,legal,100,null,99.0,346937,58,outdegree,1.0333409780695353
tol99,legal,100,null,100.0,371161,39,outdegree,1.1054914026502414
tol99,legal,100,null,101.0,356962,33,outdegree,1.0632001262870707
tol99,legal,100,null,102.0,348319,49,outdegree,1.0374572217440126
tol99,legal,100,null,103.0,334830,31,outdegree,0.9972806581224329
tol99,legal,100,null,104.0,332964,21,outdegree,0.9917228356212937
tol99,legal,100,null,105.0,336476,48,outdegree,1.002183217520544
tol99,legal,100,null,106.0,350991,25,outdegree,1.0454156899771552
tol99,legal,100,null,107.0,359402,64,outdegree,1.0704675897933835
tol99,legal,100,null,108.0,342993,24,outdegree,1.0215938977134296
tol99,legal,100,null,109.0,354051,60,outdegree,1.0545298040465476
tol99,legal,100,null,110.0,338181,20,outdegree,1.0072615065690127
tol99,legal,100,null,111.0,383040,23,outdegree,1.1408726317451146
tol99,legal,100,null,112.0,339982,24,outdegree,1.0126257286078935
tol99,legal,100,null,113.0,375667,30,outdegree,1.1189123823877192
tol99,legal,100,null,114.0,357750,40,outdegree,1.0655471595833719
tol99,legal,100,null,115.0,351140,43,outdegree,1.0458594818060243
tol99,legal,100,null,116.0,340206,49,outdegree,1.0132929055855222
tol99,legal,100,null,117.0,391216,26,outdegree,1.1652245914285628
tol99,legal,100,null,118.0,345351,51,outdegree,1.028617126790432
tol99,legal,100,null,119.0,348765,26,outdegree,1.0387856187619697
tol99,legal,100,null,120.0,360505,47,outdegree,1.073752840714475
tol99,legal,100,null,121.0,361135,19,outdegree,1.0756292759640558
tol99,legal,100,null,122.0,342882,60,outdegree,1.0212632876932655
tol99,legal,100,null,123.0,341828,61,outdegree,1.0181239817360301
tol99,legal,100,null,124.0,339981,30,outdegree,1.0126227501392433
tol99,legal,100,null,125.0,358730,23,outdegree,1.0684660588604975
tol99,legal,100,null,126.0,364621,18,outdegree,1.0860122176784028
tol99,legal,100,null,127.0,369173,33,outdegree,1.0995702069737865
tol99,legal,100,null,128.0,342206,42,outdegree,1.0192498428857788
tol99,legal,100,null,129.0,363090,34,outdegree,1.0814521821750565
tol99,legal,100,null,130.0,349422,22,outdegree,1.040742472665104
tol99,legal,100,null,131.0,367085,25,outdegree,1.0933511644323188
tol99,legal,100,null,132.0,343709,36,outdegree,1.0237264812669213
tol99,legal,100,null,133.0,362019,26,outdegree,1.0782622422507693
tol99,legal,100,null,134.0,338312,24,outdegree,1.0076516859621794
tol99,legal,100,null,135.0,345762,27,outdegree,1.0298412774056347
tol99,legal,100,null,136.0,395679,40,outdegree,1.1785174970140853
tol99,legal,100,null,137.0,393039,61,outdegree,1.1706543397777467
tol99,legal,100,null,138.0,398267,49,outdegree,1.186225773880617
tol99,legal,100,null,139.0,349090,37,outdegree,1.0397536210732614
tol99,legal,100,null,140.0,344404,19,outdegree,1.0257965169787606
tol99,legal,100,null,141.0,340986,23,outdegree,1.0156161111326223
tol99,legal,100,null,142.0,334269,15,outdegree,0.995609737209711
tol99,legal,100,null,143.0,345188,29,outdegree,1.0281316364004611
tol99,legal,100,null,144.0,357089,30,outdegree,1.063578391805637
tol99,legal,100,null,145.0,343836,22,outdegree,1.0241047467854878
tol99,legal,100,null,146.0,369019,17,outdegree,1.0991115228016668
tol99,legal,100,null,147.0,344723,55,outdegree,1.0267466484781513
tol99,legal,100,null,148.0,335856,40,outdegree,1.0003365669574644
tol99,legal,100,null,149.0,359820,46,outdegree,1.0717125896891373
tol99,legal,100,null,150.0,356589,75,outdegree,1.0620891574805729
tol99,legal,100,null,151.0,354797,27,outdegree,1.056751741659543
tol99,legal,100,null,152.0,355678,17,outdegree,1.0593757725403061
tol99,legal,100,null,153.0,338863,63,outdegree,1.0092928221884
tol99,legal,100,null,154.0,332657,69,outdegree,0.9908084457457043
tol99,legal,100,null,155.0,361050,23,outdegree,1.075376106128795
tol99,legal,100,null,156.0,365301,38,outdegree,1.08803757636049
tol99,legal,100,null,157.0,361654,56,outdegree,1.0771751011934725
tol99,legal,100,null,158.0,359510,42,outdegree,1.0707892644075976
tol99,legal,100,null,159.0,356933,37,outdegree,1.063113750696217
tol99,legal,100,null,160.0,359329,38,outdegree,1.0702501615819242
tol99,legal,100,null,161.0,355498,57,outdegree,1.0588396481832831
tol99,legal,100,null,162.0,350781,49,outdegree,1.0447902115606282
tol99,legal,100,null,163.0,338060,22,outdegree,1.006901111862347
tol99,legal,100,null,164.0,341854,65,outdegree,1.0182014219209337
tol99,legal,100,null,165.0,336187,45,outdegree,1.0013224400806569
tol99,legal,100,null,166.0,342104,18,outdegree,1.0189460390834657
tol99,legal,100,null,167.0,350068,29,outdegree,1.0426665634130867
tol99,legal,100,null,168.0,355164,31,outdegree,1.0578448396541402
tol99,legal,100,null,169.0,358448,24,outdegree,1.0676261307011614
tol99,legal,100,null,170.0,367581,60,outdegree,1.0948284848827823
tol99,legal,100,null,171.0,403787,60,outdegree,1.2026669208293248
tol99,legal,100,null,172.0,359152,32,outdegree,1.0697229726308515
tol99,legal,100,null,173.0,354402,62,outdegree,1.0555752465427426
tol99,legal,100,null,174.0,355698,13,outdegree,1.0594353419133087
tol99,legal,100,null,175.0,343737,28,outdegree,1.023809878389125
tol99,legal,100,null,176.0,365252,56,outdegree,1.0878916313966338
tol99,legal,100,null,177.0,336149,48,outdegree,1.001209258271952
tol99,legal,100,null,178.0,373822,30,outdegree,1.1134171077282327
tol99,legal,100,null,179.0,338994,24,outdegree,1.0096830015815668
tol99,legal,100,null,180.0,386931,45,outdegree,1.1524618532627635
tol99,legal,100,null,181.0,351227,73,outdegree,1.0461186085785854
tol99,legal,100,null,182.0,339880,55,outdegree,1.0123219248055804
tol99,legal,100,null,183.0,380907,21,outdegree,1.134519558114391
tol99,legal,100,null,184.0,334883,22,outdegree,0.9974385169608897
tol99,legal,100,null,185.0,361234,55,outdegree,1.0759241443604186
tol99,legal,100,null,186.0,346031,34,outdegree,1.0306424854725191
tol99,legal,100,null,187.0,352871,66,outdegree,1.0510152110393962
tol99,legal,100,null,188.0,352345,20,outdegree,1.0494485365294288
tol99,legal,100,null,189.0,335901,57,outdegree,1.0004705980467203
tol99,legal,100,null,190.0,354797,21,outdegree,1.056751741659543
tol99,legal,100,null,191.0,346374,69,outdegree,1.031664100219513
tol99,legal,100,null,192.0,337918,51,outdegree,1.0064781693140288
tol99,legal,100,null,193.0,349741,44,outdegree,1.041692604164495
tol99,legal,100,null,194.0,333707,15,outdegree,0.9939358378283389
tol99,legal,100,null,195.0,344010,24,outdegree,1.02462300033061
tol99,legal,100,null,196.0,332501,26,outdegree,0.9903438046362844
tol99,legal,100,null,197.0,362177,45,outdegree,1.0787328402974894
tol99,legal,100,null,198.0,364285,23,outdegree,1.0850114522119598
tol99,legal,100,null,199.0,371705,22,outdegree,1.1071116895959112
tol99,legal,100,null,200.0,352071,44,outdegree,1.0486324361192936
tol99,legal,100,null,201.0,383333,52,outdegree,1.1417453230596022
tol99,legal,100,null,202.0,342487,45,outdegree,1.0200867925764647
tol99,legal,100,null,203.0,365871,26,outdegree,1.089735303491063
tol99,legal,100,null,204.0,397050,50,outdegree,1.182600977533411
tol99,legal,100,null,205.0,360273,32,outdegree,1.0730618359876454
tol99,legal,100,null,206.0,338648,53,outdegree,1.0086524514286226
tol99,legal,100,null,207.0,334529,13,outdegree,0.9963841390587443
tol99,legal,100,null,208.0,348100,59,outdegree,1.0368049371096344
tol99,legal,100,null,209.0,371305,48,outdegree,1.10592030213586
tol99,legal,100,null,210.0,336367,48,outdegree,1.00185856443768
tol99,legal,100,null,211.0,340768,37,outdegree,1.0149668049668943
tol99,legal,100,null,212.0,352914,48,outdegree,1.0511432851913518
tol99,legal,100,null,213.0,357938,28,outdegree,1.066107111689596
tol99,legal,100,null,214.0,336737,40,outdegree,1.0029605978382274
tol99,legal,100,null,215.0,342797,33,outdegree,1.0210101178580044
tol99,legal,100,null,216.0,365995,24,outdegree,1.090104633603679
tol99,legal,100,null,217.0,338099,42,outdegree,1.0070172721397022
tol99,legal,100,null,218.0,348703,36,outdegree,1.0386009537056617
tol99,legal,100,null,219.0,349538,19,outdegree,1.041087975028519
tol99,legal,100,null,220.0,368141,13,outdegree,1.0964964273268543
tol99,legal,100,null,221.0,362943,56,outdegree,1.0810143472834877
tol99,legal,100,null,222.0,359994,67,outdegree,1.0722308432342595
tol99,legal,100,null,223.0,339894,26,outdegree,1.0123636233666822
tol99,legal,100,null,224.0,342614,57,outdegree,1.020465058095031
tol99,legal,100,null,225.0,344307,42,outdegree,1.025507605519698
tol99,legal,100,null,226.0,351365,35,outdegree,1.0465296372523032
tol99,legal,100,null,227.0,342872,23,outdegree,1.021233503006764
tol99,legal,100,null,228.0,360974,39,outdegree,1.0751497425113852
tol99,legal,100,null,229.0,361996,30,outdegree,1.0781937374718162
tol99,legal,100,null,230.0,364244,47,outdegree,1.0848893349973046
tol99,legal,100,null,231.0,340434,28,outdegree,1.0139719964377516
tol99,legal,100,null,232.0,334664,28,outdegree,0.9967862323265116
tol99,legal,100,null,233.0,346648,35,outdegree,1.0324802006296483
tol99,legal,100,null,234.0,347237,25,outdegree,1.0342345186645738
tol99,legal,100,null,235.0,371454,28,outdegree,1.106364093964729
tol99,legal,100,null,236.0,341568,31,outdegree,1.017349579886997
tol99,legal,100,null,237.0,354796,39,outdegree,1.056748763190893
tol99,legal,100,null,238.0,338695,31,outdegree,1.0087924394551786
tol99,legal,100,null,239.0,359055,22,outdegree,1.0694340611717892
tol99,legal,100,null,240.0,344162,43,outdegree,1.0250757275654294
tol99,legal,100,null,241.0,347599,25,outdegree,1.0353127243159201
tol99,legal,100,null,242.0,358737,35,outdegree,1.0684869081410484
tol99,legal,100,null,243.0,335616,26,outdegree,0.9996217344814338
tol99,legal,100,null,244.0,351394,72,outdegree,1.0466160128431568
tol99,legal,100,null,245.0,348926,64,outdegree,1.0392651522146403
tol99,legal,100,null,246.0,364649,63,outdegree,1.0860956148006065
tol99,legal,100,null,247.0,369123,32,outdegree,1.09942128354128
tol99,legal,100,null,248.0,348600,38,outdegree,1.0382941714346985
tol99,legal,100,null,249.0,344540,57,outdegree,1.026201588715178
tol99,legal,100,null,250.0,370347,52,outdegree,1.103066929169037
tol99,legal,100,null,251.0,355467,75,outdegree,1.058747315655129
tol99,legal,100,null,252.0,334703,52,outdegree,0.9969023926038666
tol99,legal,100,null,253.0,357662,29,outdegree,1.0652850543421606
tol99,legal,100,null,254.0,351414,50,outdegree,1.0466755822161593
tol99,legal,100,null,255.0,334955,34,outdegree,0.997652966703699
tol99,legal,100,null,256.0,374780,39,outdegree,1.1162704806950554
tol99,legal,100,null,257.0,372787,59,outdegree,1.11033439267535
tol99,legal,100,null,258.0,353786,51,outdegree,1.0537405098542636
tol99,legal,100,null,259.0,339661,24,outdegree,1.0116696401712024
tol99,legal,100,null,260.0,342168,28,outdegree,1.0191366610770738
tol99,legal,100,null,261.0,372031,45,outdegree,1.108082670375853
tol99,legal,100,null,262.0,370556,25,outdegree,1.103689429116914
tol99,legal,100,null,263.0,352306,44,outdegree,1.0493323762520737
tol99,legal,100,null,264.0,363140,29,outdegree,1.081601105607563
tol99,legal,100,null,265.0,346957,24,outdegree,1.0334005474425378
tol99,legal,100,null,266.0,340372,44,outdegree,1.0137873313814436
tol99,legal,100,null,267.0,335880,18,outdegree,1.0004080502050676
tol99,legal,100,null,268.0,340188,26,outdegree,1.01323929314982
tol99,legal,100,null,269.0,369864,39,outdegree,1.1016283288110251
tol99,legal,100,null,270.0,335720,23,outdegree,0.9999314952210471
tol99,legal,100,null,271.0,337365,29,outdegree,1.004831076150508
tol99,legal,100,null,272.0,336813,56,outdegree,1.0031869614556372
tol99,legal,100,null,273.0,369388,26,outdegree,1.100210577733564
tol99,legal,100,null,274.0,359482,11,outdegree,1.070705867285394
tol99,legal,100,null,275.0,350982,59,outdegree,1.045388883759304
tol99,legal,100,null,276.0,338319,45,outdegree,1.0076725352427303
tol99,legal,100,null,277.0,339144,30,outdegree,1.010129771879086
tol99,legal,100,null,278.0,339254,22,outdegree,1.0104574034306002
tol99,legal,100,null,279.0,365211,48,outdegree,1.0877695141819785
tol99,legal,100,null,280.0,345229,24,outdegree,1.0282537536151164
tol99,legal,100,null,281.0,334459,46,outdegree,0.9961756462532354
tol99,legal,100,null,282.0,367463,52,outdegree,1.0944770255820673
tol99,legal,100,null,283.0,333362,9,outdegree,0.9929082661440447
tol99,legal,100,null,284.0,369463,28,outdegree,1.1004339628823236
tol99,legal,100,null,285.0,378401,37,outdegree,1.1270555156771698
tol99,legal,100,null,286.0,347761,16,outdegree,1.035795236237241
tol99,legal,100,null,287.0,411145,27,outdegree,1.2245824931569682
tol99,legal,100,null,288.0,339659,27,outdegree,1.011663683233902
tol99,legal,100,null,289.0,350932,49,outdegree,1.0452399603267977
tol99,legal,100,null,290.0,357953,26,outdegree,1.066151788719348
tol99,legal,100,null,291.0,355814,59,outdegree,1.0597808442767236
tol99,legal,100,null,292.0,343557,22,outdegree,1.023273754032102
tol99,legal,100,null,293.0,367439,40,outdegree,1.094405542334464
tol99,legal,100,null,294.0,351782,40,outdegree,1.0477716586794066
tol99,legal,100,null,295.0,346666,29,outdegree,1.0325338130653505
tol99,legal,100,null,296.0,352810,37,outdegree,1.0508335244517384
tol99,legal,100,null,297.0,339539,22,outdegree,1.0113062669958868
tol99,legal,100,null,298.0,389775,67,outdegree,1.160932618103728
tol99,legal,100,null,299.0,333395,24,outdegree,0.9930065556094989
tol99,legal,100,null,300.0,367282,20,outdegree,1.0939379227563941
tol99,legal,100,null,301.0,355582,17,outdegree,1.0590898395498938
tol99,legal,100,null,302.0,365130,40,outdegree,1.0875282582213182
tol99,legal,100,null,303.0,368448,38,outdegree,1.0974108172024435
tol99,legal,100,null,304.0,359092,50,outdegree,1.0695442645118438
tol99,legal,100,null,305.0,345014,17,outdegree,1.0276133828553387
tol99,legal,100,null,306.0,346405,33,outdegree,1.0317564327476672
tol99,legal,100,null,307.0,343746,19,outdegree,1.0238366846069762
tol99,legal,100,null,308.0,339555,22,outdegree,1.0113539224942887
tol99,legal,100,null,309.0,352156,33,outdegree,1.0488856059545546
tol99,legal,100,null,310.0,376743,27,outdegree,1.1221172146552572
tol99,legal,100,null,311.0,344292,51,outdegree,1.0254629284899461
tol99,legal,100,null,312.0,339732,29,outdegree,1.0118811114453614
tol99,legal,100,null,313.0,335984,28,outdegree,1.0007178109446808
tol99,legal,100,null,314.0,334166,22,outdegree,0.9953029549387478
tol99,legal,100,null,315.0,362406,62,outdegree,1.0794149096183687
tol99,legal,100,null,316.0,356305,57,outdegree,1.0612432723839365
tol99,legal,100,null,317.0,361508,41,outdegree,1.0767402447705536
tol99,legal,100,null,318.0,351983,26,outdegree,1.0483703308780823
tol99,legal,100,null,319.0,346778,25,outdegree,1.032867401554165
tol99,legal,100,null,320.0,344976,36,outdegree,1.0275002010466339
tol99,legal,100,null,321.0,337693,29,outdegree,1.00580801386775
tol99,legal,100,null,322.0,377615,52,outdegree,1.124714439318169
tol99,legal,100,null,323.0,369551,47,outdegree,1.100696068123535
tol99,legal,100,null,324.0,356390,70,outdegree,1.0614964422191975
tol99,legal,100,null,325.0,368124,17,outdegree,1.096445793359802
tol99,legal,100,null,326.0,351163,20,outdegree,1.045927986584977
tol99,legal,100,null,327.0,344524,41,outdegree,1.026153933216776
tol99,legal,100,null,328.0,334419,62,outdegree,0.9960565075072302
tol99,legal,100,null,329.0,339286,22,outdegree,1.0105527144274042
tol99,legal,100,null,330.0,351259,43,outdegree,1.0462139195753895
tol99,legal,100,null,331.0,334034,22,outdegree,0.9949097970769308
tol99,legal,100,null,332.0,344523,28,outdegree,1.0261509547481258
tol99,legal,100,null,333.0,343125,57,outdegree,1.0219870555752466
tol99,legal,100,null,334.0,332457,49,outdegree,0.9902127520156787
tol99,legal,100,null,335.0,350590,25,outdegree,1.0442213240484537
tol99,legal,100,null,336.0,342503,21,outdegree,1.0201344480748669
tol99,legal,100,null,337.0,364326,48,outdegree,1.085133569426615
tol99,legal,100,null,338.0,352722,51,outdegree,1.050571419210527
tol99,legal,100,null,339.0,344458,19,outdegree,1.0259573542858675
tol99,legal,100,null,340.0,356932,22,outdegree,1.063110772227567
tol99,legal,100,null,341.0,351103,34,outdegree,1.0457492784659694
tol99,legal,100,null,342.0,354756,30,outdegree,1.0566296244448878
tol99,legal,100,null,343.0,353471,41,outdegree,1.052802292229473
tol99,legal,100,null,344.0,332674,46,outdegree,0.9908590797127564
tol99,legal,100,null,345.0,343392,27,outdegree,1.0227823067048307
tol99,legal,100,null,346.0,336042,54,outdegree,1.0008905621263884
tol99,legal,100,null,347.0,363316,21,outdegree,1.0821253160899855
tol99,legal,100,null,348.0,354627,22,outdegree,1.0562454019890213
tol99,legal,100,null,349.0,347138,38,outdegree,1.033939650268211
tol99,legal,100,null,350.0,363980,37,outdegree,1.0841030192736707
tol99,legal,100,null,351.0,356287,41,outdegree,1.0611896599482342
tol99,legal,100,null,352.0,360740,25,outdegree,1.0744527808472553
tol99,legal,100,null,353.0,361926,68,outdegree,1.0779852446663072
tol99,legal,100,null,354.0,351583,11,outdegree,1.047178943418031
tol99,legal,100,null,355.0,351721,35,outdegree,1.0475899720917488
tol99,legal,100,null,356.0,345272,17,outdegree,1.0283818277670718
tol99,legal,100,null,357.0,350068,69,outdegree,1.0426665634130867
tol99,legal,100,null,358.0,345280,48,outdegree,1.0284056555162728
tol99,legal,100,null,359.0,361914,68,outdegree,1.0779495030425057
tol99,legal,100,null,360.0,357175,25,outdegree,1.0638345401095481
tol99,legal,100,null,361.0,334112,71,outdegree,0.9951421176316408
tol99,legal,100,null,362.0,351399,66,outdegree,1.0466309051864076
tol99,legal,100,null,363.0,361756,28,outdegree,1.0774789049957854
tol99,legal,100,null,364.0,339279,17,outdegree,1.0105318651468533
tol99,legal,100,null,365.0,333188,37,outdegree,0.9923900125989223
tol99,legal,100,null,366.0,332979,44,outdegree,0.9917675126510456
tol99,legal,100,null,367.0,377522,22,outdegree,1.124437441733707
tol99,legal,100,null,368.0,356092,42,outdegree,1.0606088585614593
tol99,legal,100,null,369.0,363599,25,outdegree,1.0829682227179718
tol99,legal,100,null,370.0,358676,38,outdegree,1.0683052215533906
tol99,legal,100,null,371.0,355402,38,outdegree,1.0585537151928708
tol99,legal,100,null,372.0,357086,32,outdegree,1.0635694563996867
tol99,legal,100,null,373.0,342117,27,outdegree,1.0189847591759174
tol99,legal,100,null,374.0,357428,30,outdegree,1.0645880926780305
tol99,legal,100,null,375.0,354849,21,outdegree,1.05690662202935
tol99,legal,100,null,376.0,357360,52,outdegree,1.0643855568098217
tol99,legal,100,null,377.0,374563,51,outdegree,1.1156241529979776
tol99,legal,100,null,378.0,355524,39,outdegree,1.0589170883681864
tol99,legal,100,null,379.0,349376,24,outdegree,1.0406054631071981
tol99,legal,100,null,380.0,352515,32,outdegree,1.0499548761999506
tol99,legal,100,null,381.0,335305,62,outdegree,0.9986954307312438
tol99,legal,100,null,382.0,334522,12,outdegree,0.9963632897781934
tol99,legal,100,null,383.0,351469,33,outdegree,1.0468393979919164
tol99,legal,100,null,384.0,364749,37,outdegree,1.0863934616656192
tol99,legal,100,null,385.0,351954,65,outdegree,1.0482839552872287
tol99,legal,100,null,386.0,353383,52,outdegree,1.0525401869882618
tol99,legal,100,null,387.0,352449,43,outdegree,1.049758297269042
tol99,legal,100,null,388.0,347797,31,outdegree,1.0359024611086456
tol99,legal,100,null,389.0,355328,27,outdegree,1.0583333085127613
tol99,legal,100,null,390.0,343512,61,outdegree,1.0231397229428463
tol99,legal,100,null,391.0,364734,37,outdegree,1.0863487846358673
tol99,legal,100,null,392.0,363949,56,outdegree,1.0840106867455166
tol99,legal,100,null,393.0,351095,26,outdegree,1.0457254507167686
tol99,legal,100,null,394.0,355963,51,outdegree,1.0602246361055927
tol99,legal,100,null,395.0,356629,36,outdegree,1.062208296226578
tol99,legal,100,null,396.0,364408,29,outdegree,1.0853778038559254
tol99,legal,100,null,397.0,354008,36,outdegree,1.054401729894592
tol99,legal,100,null,398.0,340680,19,outdegree,1.014704699725683
tol99,legal,100,null,399.0,339654,24,outdegree,1.0116487908906515
tol99,legal,100,null,400.0,347111,40,outdegree,1.0338592316146575
tol99,legal,100,null,401.0,337622,41,outdegree,1.0055965425935909
tol99,legal,100,null,402.0,332573,21,outdegree,0.9905582543790935
tol99,legal,100,null,403.0,338111,22,outdegree,1.0070530137635036
tol99,legal,100,null,404.0,337282,46,outdegree,1.0045838632525472
tol99,legal,100,null,405.0,354750,45,outdegree,1.056611753632987
tol99,legal,100,null,406.0,352712,41,outdegree,1.0505416345240257
tol99,legal,100,null,407.0,363440,76,outdegree,1.0824946462026015
tol99,legal,100,null,408.0,353912,53,outdegree,1.0541157969041797
tol99,legal,100,null,409.0,353874,27,outdegree,1.0540026150954749
tol99,legal,100,null,410.0,347197,33,outdegree,1.0341153799185687
tol99,legal,100,null,411.0,342314,26,outdegree,1.0195715174999926
tol99,legal,100,null,412.0,383341,22,outdegree,1.1417691508088033
tol99,legal,100,null,413.0,342708,23,outdegree,1.020745034148143
tol99,legal,100,null,414.0,394975,58,outdegree,1.176420655084395
tol99,legal,100,null,415.0,352052,29,outdegree,1.0485758452149412
tol99,legal,100,null,416.0,360266,31,outdegree,1.0730409867070945
tol99,legal,100,null,417.0,354096,42,outdegree,1.0546638351358033
tol99,legal,100,null,418.0,348709,47,outdegree,1.0386188245175625
tol99,legal,100,null,419.0,401754,66,outdegree,1.1966116940636142
tol99,legal,100,null,420.0,361061,55,outdegree,1.0754088692839463
tol99,legal,100,null,421.0,339579,23,outdegree,1.0114254057418919
tol99,legal,100,null,422.0,348802,18,outdegree,1.0388958221020244
tol99,legal,100,null,423.0,332938,37,outdegree,0.9916453954363903
tol99,legal,100,null,424.0,334775,24,outdegree,0.9971168423466759
tol99,legal,100,null,425.0,360704,68,outdegree,1.0743455559758506
tol99,legal,100,null,426.0,351616,27,outdegree,1.0472772328834852
tol99,legal,100,null,427.0,335844,23,outdegree,1.000300825333663
tol99,legal,100,null,428.0,352085,30,outdegree,1.0486741346803954
tol99,legal,100,null,429.0,364246,57,outdegree,1.0848952919346047
tol99,legal,100,null,430.0,348583,35,outdegree,1.0382435374676464
tol99,legal,100,null,431.0,351514,47,outdegree,1.0469734290811723
tol99,legal,100,null,432.0,354814,21,outdegree,1.0568023756265954
tol99,legal,100,null,433.0,359849,32,outdegree,1.0717989652799909
tol99,legal,100,null,434.0,345644,50,outdegree,1.0294898181049195
tol99,legal,100,null,435.0,357939,39,outdegree,1.066110090158246
tol99,legal,100,null,436.0,366462,36,outdegree,1.091495578463289
tol99,legal,100,null,437.0,352877,41,outdegree,1.051033081851297
tol99,legal,100,null,438.0,335347,40,outdegree,0.9988205264145492
tol99,legal,100,null,439.0,334293,32,outdegree,0.9956812204573141
tol99,legal,100,null,440.0,365338,55,outdegree,1.0881477797005448
tol99,legal,100,null,441.0,366301,68,outdegree,1.0910160450106183
tol99,legal,100,null,442.0,346543,53,outdegree,1.0321674614213847
tol99,legal,100,null,443.0,385026,48,outdegree,1.1467878704842691
tol99,legal,100,null,444.0,346487,11,outdegree,1.0320006671769777
tol99,legal,100,null,445.0,417247,18,outdegree,1.2427571088600506
tol99,legal,100,null,446.0,332715,16,outdegree,0.9909811969274117
tol99,legal,100,null,447.0,333304,19,outdegree,0.9927355149623373
tol99,legal,100,null,448.0,392218,24,outdegree,1.1682090170159913
tol99,legal,100,null,449.0,352348,59,outdegree,1.049457471935379
tol99,legal,100,null,450.0,339559,20,outdegree,1.0113658363688893
tol99,legal,100,null,451.0,368885,27,outdegree,1.0987124080025497
tol99,legal,100,null,452.0,359060,24,outdegree,1.0694489535150398
tol99,legal,100,null,453.0,368246,68,outdegree,1.0968091665351176
tol99,legal,100,null,454.0,357533,57,outdegree,1.064900831886294
tol99,legal,100,null,455.0,370906,18,outdegree,1.1047318931444587
tol99,legal,100,null,456.0,356437,45,outdegree,1.0616364302457535
tol99,legal,100,null,457.0,370876,64,outdegree,1.1046425390849548
tol99,legal,100,null,458.0,334280,47,outdegree,0.9956425003648625
tol99,legal,100,null,459.0,341340,25,outdegree,1.0166704890347678
tol99,legal,100,null,460.0,333871,49,outdegree,0.9944243066869599
tol99,legal,100,null,461.0,357873,22,outdegree,1.0659135112273377
tol99,legal,100,null,462.0,377663,48,outdegree,1.1248574058133751
tol99,legal,100,null,463.0,340469,45,outdegree,1.014076242840506
tol99,legal,100,null,464.0,377032,41,outdegree,1.1229779920951442
tol99,legal,100,null,465.0,354569,25,outdegree,1.056072650807314
tol99,legal,100,null,466.0,355327,47,outdegree,1.0583303300441111
tol99,legal,100,null,467.0,346120,16,outdegree,1.0309075691823806
tol99,legal,100,null,468.0,335558,81,outdegree,0.9994489832997263
tol99,legal,100,null,469.0,346193,26,outdegree,1.03112499739384
tol99,legal,100,null,470.0,370510,50,outdegree,1.1035524195590078
tol99,legal,100,null,471.0,355508,66,outdegree,1.0588694328697843
tol99,legal,100,null,472.0,346679,22,outdegree,1.0325725331578022
tol99,legal,100,null,473.0,346857,19,outdegree,1.033102700577525
tol99,legal,100,null,474.0,356998,65,outdegree,1.0633073511584754
tol99,legal,100,null,475.0,364990,65,outdegree,1.0871112726103
tol99,legal,100,null,476.0,354995,29,outdegree,1.0573414784522686
tol99,legal,100,null,477.0,347827,56,outdegree,1.0359918151681495
tol99,legal,100,null,478.0,387790,27,outdegree,1.1550203578332237
tol99,legal,100,null,479.0,360011,44,outdegree,1.0722814772013116
tol99,legal,100,null,480.0,353969,35,outdegree,1.054285569617237
tol99,legal,100,null,481.0,343437,31,outdegree,1.0229163377940866
tol99,legal,100,null,482.0,352319,71,outdegree,1.0493710963445255
tol99,legal,100,null,483.0,363677,25,outdegree,1.083200543272682
tol99,legal,100,null,484.0,354516,22,outdegree,1.0559147919688572
tol99,legal,100,null,485.0,348650,36,outdegree,1.038443094867205
tol99,legal,100,null,486.0,335401,42,outdegree,0.9989813637216561
tol99,legal,100,null,487.0,346166,29,outdegree,1.0310445787402864
tol99,legal,100,null,488.0,337671,9,outdegree,1.0057424875574472
tol99,legal,100,null,489.0,354757,28,outdegree,1.056632602913538
tol99,legal,100,null,490.0,337365,15,outdegree,1.004831076150508
tol99,legal,100,null,491.0,374172,44,outdegree,1.1144595717557775
tol99,legal,100,null,492.0,346629,55,outdegree,1.032423609725296
tol99,legal,100,null,493.0,358074,36,outdegree,1.0665121834260134
tol99,legal,100,null,494.0,355743,30,outdegree,1.0595693730025644
tol99,legal,100,null,495.0,359434,31,outdegree,1.0705629007901878
tol99,legal,100,null,496.0,361320,58,outdegree,1.0761802926643296
tol99,legal,100,null,497.0,347334,47,outdegree,1.0345234301236361
tol99,legal,100,null,498.0,357871,63,outdegree,1.0659075542900374
tol99,legal,100,null,499.0,353835,25,outdegree,1.0538864548181197
