setting,semantics,k,strategy,seed,removed_providers,options_lost,matched_to,size_ratio
tol99,availability,100,descendants,,44021,1,,
tol99,availability,100,null,0.0,43675,1,descendants,0.9921401149451399
tol99,availability,100,null,1.0,45144,2,descendants,1.025510551782104
tol99,availability,100,null,2.0,43805,1,descendants,0.995093250948411
tol99,availability,100,null,3.0,43754,1,descendants,0.9939347129778969
tol99,availability,100,null,4.0,44351,0,descendants,1.0074964221621499
tol99,availability,100,null,5.0,44704,1,descendants,1.0155153222325708
tol99,availability,100,null,6.0,43771,3,descendants,0.9943208923014016
tol99,availability,100,null,7.0,43708,2,descendants,0.9928897571613549
tol99,availability,100,null,8.0,44206,1,descendants,1.0042025396969627
tol99,availability,100,null,9.0,44346,0,descendants,1.007382840008178
tol99,availability,100,null,10.0,43697,1,descendants,0.9926398764226165
tol99,availability,100,null,11.0,43865,3,descendants,0.9964562367960746
tol99,availability,100,null,12.0,43772,1,descendants,0.994343608732196
tol99,availability,100,null,13.0,43783,2,descendants,0.9945934894709343
tol99,availability,100,null,14.0,44022,2,descendants,1.0000227164307944
tol99,availability,100,null,15.0,43718,2,descendants,0.9931169214692988
tol99,availability,100,null,16.0,43849,1,descendants,0.9960927739033643
tol99,availability,100,null,17.0,43755,0,descendants,0.9939574294086913
tol99,availability,100,null,18.0,43684,0,descendants,0.9923445628222893
tol99,availability,100,null,19.0,43738,3,descendants,0.9935712500851867
tol99,availability,100,null,20.0,43708,3,descendants,0.9928897571613549
tol99,availability,100,null,21.0,47846,3,descendants,1.0868903477885554
tol99,availability,100,null,22.0,43816,2,descendants,0.9953431316871493
tol99,availability,100,null,23.0,43746,4,descendants,0.9937529815315418
tol99,availability,100,null,24.0,43743,0,descendants,0.9936848322391586
tol99,availability,100,null,25.0,43699,2,descendants,0.9926853092842053
tol99,availability,100,null,26.0,43710,0,descendants,0.9929351900229436
tol99,availability,100,null,27.0,43771,1,descendants,0.9943208923014016
tol99,availability,100,null,28.0,43713,0,descendants,0.9930033393153268
tol99,availability,100,null,29.0,43715,4,descendants,0.9930487721769156
tol99,availability,100,null,30.0,43705,0,descendants,0.9928216078689717
tol99,availability,100,null,31.0,44341,3,descendants,1.007269257854206
tol99,availability,100,null,32.0,43693,2,descendants,0.9925490106994389
tol99,availability,100,null,33.0,43769,2,descendants,0.9942754594398128
tol99,availability,100,null,34.0,43735,2,descendants,0.9935031007928035
tol99,availability,100,null,35.0,43803,1,descendants,0.9950478180868222
tol99,availability,100,null,36.0,43674,0,descendants,0.9921173985143454
tol99,availability,100,null,37.0,43859,0,descendants,0.9963199382113083
tol99,availability,100,null,38.0,43785,1,descendants,0.9946389223325232
tol99,availability,100,null,39.0,43757,0,descendants,0.9940028622702801
tol99,availability,100,null,40.0,43954,1,descendants,0.9984779991367756
tol99,availability,100,null,41.0,43866,4,descendants,0.996478953226869
tol99,availability,100,null,42.0,43865,2,descendants,0.9964562367960746
tol99,availability,100,null,43.0,43894,0,descendants,0.997115013289112
tol99,availability,100,null,44.0,43808,5,descendants,0.9951614002407941
tol99,availability,100,null,45.0,43736,1,descendants,0.9935258172235978
tol99,availability,100,null,46.0,43793,3,descendants,0.9948206537788783
tol99,availability,100,null,47.0,48592,0,descendants,1.103836805161173
tol99,availability,100,null,48.0,43654,1,descendants,0.9916630698984575
tol99,availability,100,null,49.0,45697,3,descendants,1.0380727380114037
tol99,availability,100,null,50.0,43700,3,descendants,0.9927080257149996
tol99,availability,100,null,51.0,43758,1,descendants,0.9940255787010744
tol99,availability,100,null,52.0,45275,2,descendants,1.0284864042161697
tol99,availability,100,null,53.0,43811,0,descendants,0.9952295495331773
tol99,availability,100,null,54.0,43712,0,descendants,0.9929806228845324
tol99,availability,100,null,55.0,44369,0,descendants,1.007905317916449
tol99,availability,100,null,56.0,44341,1,descendants,1.007269257854206
tol99,availability,100,null,57.0,43794,1,descendants,0.9948433702096726
tol99,availability,100,null,58.0,43748,2,descendants,0.9937984143931305
tol99,availability,100,null,59.0,43790,2,descendants,0.9947525044864951
tol99,availability,100,null,60.0,44225,0,descendants,1.0046341518820563
tol99,availability,100,null,61.0,43805,0,descendants,0.995093250948411
tol99,availability,100,null,62.0,43784,0,descendants,0.9946162059017287
tol99,availability,100,null,63.0,43717,4,descendants,0.9930942050385043
tol99,availability,100,null,64.0,43759,1,descendants,0.9940482951318689
tol99,availability,100,null,65.0,44870,1,descendants,1.0192862497444402
tol99,availability,100,null,66.0,43861,3,descendants,0.996365371072897
tol99,availability,100,null,67.0,43669,4,descendants,0.9920038163603735
tol99,availability,100,null,68.0,44422,3,descendants,1.0091092887485518
tol99,availability,100,null,69.0,45872,4,descendants,1.0420481134004225
tol99,availability,100,null,70.0,43744,0,descendants,0.9937075486699529
tol99,availability,100,null,71.0,43919,1,descendants,0.9976829240589719
tol99,availability,100,null,72.0,43790,2,descendants,0.9947525044864951
tol99,availability,100,null,73.0,43842,0,descendants,0.9959337588878036
tol99,availability,100,null,74.0,43794,0,descendants,0.9948433702096726
tol99,availability,100,null,75.0,43759,2,descendants,0.9940482951318689
tol99,availability,100,null,76.0,43915,0,descendants,0.9975920583357942
tol99,availability,100,null,77.0,43822,1,descendants,0.9954794302719157
tol99,availability,100,null,78.0,45145,2,descendants,1.0255332682128984
tol99,availability,100,null,79.0,43725,1,descendants,0.9932759364848595
tol99,availability,100,null,80.0,43730,1,descendants,0.9933895186388315
tol99,availability,100,null,81.0,43773,0,descendants,0.9943663251629904
tol99,availability,100,null,82.0,43757,0,descendants,0.9940028622702801
tol99,availability,100,null,83.0,43704,4,descendants,0.9927988914381772
tol99,availability,100,null,84.0,44031,0,descendants,1.000227164307944
tol99,availability,100,null,85.0,43752,0,descendants,0.9938892801163082
tol99,availability,100,null,86.0,43787,1,descendants,0.9946843551941119
tol99,availability,100,null,87.0,43737,2,descendants,0.9935485336543922
tol99,availability,100,null,88.0,43689,1,descendants,0.9924581449762613
tol99,availability,100,null,89.0,43681,0,descendants,0.9922764135299061
tol99,availability,100,null,90.0,43807,0,descendants,0.9951386838099998
tol99,availability,100,null,91.0,43827,2,descendants,0.9955930124258876
tol99,availability,100,null,92.0,43923,1,descendants,0.9977737897821495
tol99,availability,100,null,93.0,43913,0,descendants,0.9975466254742055
tol99,availability,100,null,94.0,43808,0,descendants,0.9951614002407941
tol99,availability,100,null,95.0,45218,3,descendants,1.0271915676608891
tol99,availability,100,null,96.0,43775,0,descendants,0.9944117580245792
tol99,availability,100,null,97.0,43756,1,descendants,0.9939801458394857
tol99,availability,100,null,98.0,43761,3,descendants,0.9940937279934576
tol99,availability,100,null,99.0,43802,0,descendants,0.9950251016560278
tol99,availability,100,null,100.0,43823,0,descendants,0.9955021467027101
tol99,availability,100,null,101.0,43831,0,descendants,0.9956838781490652
tol99,availability,100,null,102.0,43774,2,descendants,0.9943890415937848
tol99,availability,100,null,103.0,43728,1,descendants,0.9933440857772426
tol99,availability,100,null,104.0,43821,1,descendants,0.9954567138411213
tol99,availability,100,null,105.0,44736,2,descendants,1.0162422480179913
tol99,availability,100,null,106.0,45273,2,descendants,1.0284409713545808
tol99,availability,100,null,107.0,43752,0,descendants,0.9938892801163082
tol99,availability,100,null,108.0,44290,4,descendants,1.0061107198836918
tol99,availability,100,null,109.0,43759,0,descendants,0.9940482951318689
tol99,availability,100,null,110.0,43811,3,descendants,0.9952295495331773
tol99,availability,100,null,111.0,43781,3,descendants,0.9945480566093455
tol99,availability,100,null,112.0,43776,0,descendants,0.9944344744553736
tol99,availability,100,null,113.0,43948,1,descendants,0.9983417005520092
tol99,availability,100,null,114.0,43720,0,descendants,0.9931623543308875
tol99,availability,100,null,115.0,43953,2,descendants,0.9984552827059813
tol99,availability,100,null,116.0,43977,1,descendants,0.9990004770450467
tol99,availability,100,null,117.0,43761,2,descendants,0.9940937279934576
tol99,availability,100,null,118.0,44089,3,descendants,1.0015447172940188
tol99,availability,100,null,119.0,44481,3,descendants,1.0104495581654211
tol99,availability,100,null,120.0,43740,0,descendants,0.9936166829467754
tol99,availability,100,null,121.0,43772,0,descendants,0.994343608732196
tol99,availability,100,null,122.0,43762,2,descendants,0.9941164444242521
tol99,availability,100,null,123.0,43772,6,descendants,0.994343608732196
tol99,availability,100,null,124.0,43754,0,descendants,0.9939347129778969
tol99,availability,100,null,125.0,43830,4,descendants,0.9956611617182708
tol99,availability,100,null,126.0,44267,0,descendants,1.0055882419754207
tol99,availability,100,null,127.0,43864,2,descendants,0.9964335203652802
tol99,availability,100,null,128.0,43798,2,descendants,0.9949342359328502
tol99,availability,100,null,129.0,43722,1,descendants,0.9932077871924763
tol99,availability,100,null,130.0,43893,2,descendants,0.9970922968583176
tol99,availability,100,null,131.0,43664,0,descendants,0.9918902342064015
tol99,availability,100,null,132.0,44355,2,descendants,1.0075872878853274
tol99,availability,100,null,133.0,43723,2,descendants,0.9932305036232707
tol99,availability,100,null,134.0,44925,0,descendants,1.0205356534381318
tol99,availability,100,null,135.0,44056,0,descendants,1.0007950750778039
tol99,availability,100,null,136.0,43803,0,descendants,0.9950478180868222
tol99,availability,100,null,137.0,43816,2,descendants,0.9953431316871493
tol99,availability,100,null,138.0,43708,3,descendants,0.9928897571613549
tol99,availability,100,null,139.0,43674,1,descendants,0.9921173985143454
tol99,availability,100,null,140.0,43839,1,descendants,0.9958656095954204
tol99,availability,100,null,141.0,43830,1,descendants,0.9956611617182708
tol99,availability,100,null,142.0,43663,2,descendants,0.9918675177756071
tol99,availability,100,null,143.0,43808,1,descendants,0.9951614002407941
tol99,availability,100,null,144.0,44033,2,descendants,1.0002725971695328
tol99,availability,100,null,145.0,43823,1,descendants,0.9955021467027101
tol99,availability,100,null,146.0,43909,0,descendants,0.997455759751028
tol99,availability,100,null,147.0,43981,2,descendants,0.9990913427682243
tol99,availability,100,null,148.0,47528,3,descendants,1.0796665227959383
tol99,availability,100,null,149.0,44586,0,descendants,1.0128347833988325
tol99,availability,100,null,150.0,43796,2,descendants,0.9948888030712615
tol99,availability,100,null,151.0,43654,1,descendants,0.9916630698984575
tol99,availability,100,null,152.0,43780,3,descendants,0.9945253401785511
tol99,availability,100,null,153.0,43729,0,descendants,0.9933668022080371
tol99,availability,100,null,154.0,44010,2,descendants,0.9997501192612617
tol99,availability,100,null,155.0,43800,1,descendants,0.994979668794439
tol99,availability,100,null,156.0,43739,1,descendants,0.993593966515981
tol99,availability,100,null,157.0,46552,2,descendants,1.0574952863406102
tol99,availability,100,null,158.0,43757,0,descendants,0.9940028622702801
tol99,availability,100,null,159.0,43818,1,descendants,0.9953885645487381
tol99,availability,100,null,160.0,43732,0,descendants,0.9934349515004203
tol99,availability,100,null,161.0,45028,2,descendants,1.0228754458099543
tol99,availability,100,null,162.0,43798,0,descendants,0.9949342359328502
tol99,availability,100,null,163.0,44332,3,descendants,1.0070648099770565
tol99,availability,100,null,164.0,43746,1,descendants,0.9937529815315418
tol99,availability,100,null,165.0,43890,2,descendants,0.9970241475659345
tol99,availability,100,null,166.0,43793,1,descendants,0.9948206537788783
tol99,availability,100,null,167.0,43723,1,descendants,0.9932305036232707
tol99,availability,100,null,168.0,43764,0,descendants,0.9941618772858408
tol99,availability,100,null,169.0,43798,0,descendants,0.9949342359328502
tol99,availability,100,null,170.0,43773,0,descendants,0.9943663251629904
tol99,availability,100,null,171.0,43763,0,descendants,0.9941391608550465
tol99,availability,100,null,172.0,43787,1,descendants,0.9946843551941119
tol99,availability,100,null,173.0,43882,1,descendants,0.9968424161195792
tol99,availability,100,null,174.0,43940,0,descendants,0.9981599691056541
tol99,availability,100,null,175.0,43770,0,descendants,0.9942981758706072
tol99,availability,100,null,176.0,45451,2,descendants,1.032484496035983
tol99,availability,100,null,177.0,43820,0,descendants,0.9954339974103269
tol99,availability,100,null,178.0,43848,2,descendants,0.9960700574725699
tol99,availability,100,null,179.0,43983,2,descendants,0.9991367756298131
tol99,availability,100,null,180.0,44386,1,descendants,1.0082914972399537
tol99,availability,100,null,181.0,44566,2,descendants,1.0123804547829445
tol99,availability,100,null,182.0,43629,3,descendants,0.9910951591285977
tol99,availability,100,null,183.0,43937,2,descendants,0.9980918198132709
tol99,availability,100,null,184.0,43741,0,descendants,0.9936393993775698
tol99,availability,100,null,185.0,44079,0,descendants,1.0013175529860747
tol99,availability,100,null,186.0,44471,0,descendants,1.010222393857477
tol99,availability,100,null,187.0,43897,0,descendants,0.9971831625814952
tol99,availability,100,null,188.0,43841,2,descendants,0.9959110424570091
tol99,availability,100,null,189.0,43878,1,descendants,0.9967515503964017
tol99,availability,100,null,190.0,43888,3,descendants,0.9969787147043456
tol99,availability,100,null,191.0,43960,0,descendants,0.998614297721542
tol99,availability,100,null,192.0,43825,3,descendants,0.9955475795642988
tol99,availability,100,null,193.0,44409,1,descendants,1.0088139751482248
tol99,availability,100,null,194.0,44100,0,descendants,1.0017945980327572
tol99,availability,100,null,195.0,43717,0,descendants,0.9930942050385043
tol99,availability,100,null,196.0,44146,2,descendants,1.0028395538492991
tol99,availability,100,null,197.0,43830,2,descendants,0.9956611617182708
tol99,availability,100,null,198.0,43727,0,descendants,0.9933213693464483
tol99,availability,100,null,199.0,43748,2,descendants,0.9937984143931305
tol99,availability,100,null,200.0,43837,2,descendants,0.9958201767338316
tol99,availability,100,null,201.0,43747,0,descendants,0.9937756979623361
tol99,availability,100,null,202.0,43819,1,descendants,0.9954112809795325
tol99,availability,100,null,203.0,43711,0,descendants,0.9929579064537379
tol99,availability,100,null,204.0,43725,1,descendants,0.9932759364848595
tol99,availability,100,null,205.0,43707,3,descendants,0.9928670407305604
tol99,availability,100,null,206.0,43819,3,descendants,0.9954112809795325
tol99,availability,100,null,207.0,43958,1,descendants,0.9985688648599532
tol99,availability,100,null,208.0,43748,2,descendants,0.9937984143931305
tol99,availability,100,null,209.0,43738,3,descendants,0.9935712500851867
tol99,availability,100,null,210.0,43798,1,descendants,0.9949342359328502
tol99,availability,100,null,211.0,43735,0,descendants,0.9935031007928035
tol99,availability,100,null,212.0,43780,3,descendants,0.9945253401785511
tol99,availability,100,null,213.0,43715,0,descendants,0.9930487721769156
tol99,availability,100,null,214.0,43822,1,descendants,0.9954794302719157
tol99,availability,100,null,215.0,43776,1,descendants,0.9944344744553736
tol99,availability,100,null,216.0,43772,1,descendants,0.994343608732196
tol99,availability,100,null,217.0,43736,2,descendants,0.9935258172235978
tol99,availability,100,null,218.0,43932,3,descendants,0.9979782376592989
tol99,availability,100,null,219.0,43774,3,descendants,0.9943890415937848
tol99,availability,100,null,220.0,43766,1,descendants,0.9942073101474297
tol99,availability,100,null,221.0,43765,3,descendants,0.9941845937166353
tol99,availability,100,null,222.0,43856,2,descendants,0.9962517889189251
tol99,availability,100,null,223.0,43735,1,descendants,0.9935031007928035
tol99,availability,100,null,224.0,43764,3,descendants,0.9941618772858408
tol99,availability,100,null,225.0,43770,0,descendants,0.9942981758706072
tol99,availability,100,null,226.0,43701,3,descendants,0.992730742145794
tol99,availability,100,null,227.0,43786,1,descendants,0.9946616387633175
tol99,availability,100,null,228.0,45333,5,descendants,1.0298039572022444
tol99,availability,100,null,229.0,43768,1,descendants,0.9942527430090184
tol99,availability,100,null,230.0,45987,1,descendants,1.0446605029417777
tol99,availability,100,null,231.0,47740,0,descendants,1.0844824061243497
tol99,availability,100,null,232.0,43809,3,descendants,0.9951841166715886
tol99,availability,100,null,233.0,43783,1,descendants,0.9945934894709343
tol99,availability,100,null,234.0,43857,0,descendants,0.9962745053497194
tol99,availability,100,null,235.0,45142,0,descendants,1.0254651189205153
tol99,availability,100,null,236.0,43876,1,descendants,0.996706117534813
tol99,availability,100,null,237.0,43941,3,descendants,0.9981826855364485
tol99,availability,100,null,238.0,43692,1,descendants,0.9925262942686445
tol99,availability,100,null,239.0,43848,0,descendants,0.9960700574725699
tol99,availability,100,null,240.0,43730,2,descendants,0.9933895186388315
tol99,availability,100,null,241.0,43807,4,descendants,0.9951386838099998
tol99,availability,100,null,242.0,43698,3,descendants,0.9926625928534109
tol99,availability,100,null,243.0,43900,0,descendants,0.9972513118738784
tol99,availability,100,null,244.0,44794,1,descendants,1.0175598010040663
tol99,availability,100,null,245.0,43819,0,descendants,0.9954112809795325
tol99,availability,100,null,246.0,43851,3,descendants,0.9961382067649531
tol99,availability,100,null,247.0,43789,0,descendants,0.9947297880557007
tol99,availability,100,null,248.0,43729,0,descendants,0.9933668022080371
tol99,availability,100,null,249.0,43840,1,descendants,0.9958883260262148
tol99,availability,100,null,250.0,44956,1,descendants,1.021239862792758
tol99,availability,100,null,251.0,43755,1,descendants,0.9939574294086913
tol99,availability,100,null,252.0,43717,3,descendants,0.9930942050385043
tol99,availability,100,null,253.0,43821,0,descendants,0.9954567138411213
tol99,availability,100,null,254.0,43777,2,descendants,0.994457190886168
tol99,availability,100,null,255.0,43739,4,descendants,0.993593966515981
tol99,availability,100,null,256.0,43792,1,descendants,0.9947979373480839
tol99,availability,100,null,257.0,43696,2,descendants,0.9926171599918221
tol99,availability,100,null,258.0,43771,1,descendants,0.9943208923014016
tol99,availability,100,null,259.0,43817,1,descendants,0.9953658481179437
tol99,availability,100,null,260.0,43853,3,descendants,0.9961836396265419
tol99,availability,100,null,261.0,44378,1,descendants,1.0081097657935985
tol99,availability,100,null,262.0,43813,3,descendants,0.9952749823947661
tol99,availability,100,null,263.0,44724,2,descendants,1.0159696508484586
tol99,availability,100,null,264.0,43727,2,descendants,0.9933213693464483
tol99,availability,100,null,265.0,44779,1,descendants,1.0172190545421504
tol99,availability,100,null,266.0,43776,2,descendants,0.9944344744553736
tol99,availability,100,null,267.0,43904,0,descendants,0.9973421775970559
tol99,availability,100,null,268.0,43901,4,descendants,0.9972740283046728
tol99,availability,100,null,269.0,44006,2,descendants,0.999659253538084
tol99,availability,100,null,270.0,43741,3,descendants,0.9936393993775698
tol99,availability,100,null,271.0,43981,0,descendants,0.9990913427682243
tol99,availability,100,null,272.0,43913,2,descendants,0.9975466254742055
tol99,availability,100,null,273.0,43821,0,descendants,0.9954567138411213
tol99,availability,100,null,274.0,44507,2,descendants,1.0110401853660753
tol99,availability,100,null,275.0,43745,0,descendants,0.9937302651007474
tol99,availability,100,null,276.0,43890,1,descendants,0.9970241475659345
tol99,availability,100,null,277.0,43744,2,descendants,0.9937075486699529
tol99,availability,100,null,278.0,44015,3,descendants,0.9998637014152336
tol99,availability,100,null,279.0,43833,2,descendants,0.995729311010654
tol99,availability,100,null,280.0,48427,3,descendants,1.1000885940800982
tol99,availability,100,null,281.0,43747,3,descendants,0.9937756979623361
tol99,availability,100,null,282.0,43791,0,descendants,0.9947752209172894
tol99,availability,100,null,283.0,44013,3,descendants,0.9998182685536449
tol99,availability,100,null,284.0,45279,1,descendants,1.0285772699393472
tol99,availability,100,null,285.0,45766,0,descendants,1.0396401717362167
tol99,availability,100,null,286.0,44431,0,descendants,1.0093137366257015
tol99,availability,100,null,287.0,43644,1,descendants,0.9914359055905136
tol99,availability,100,null,288.0,43821,2,descendants,0.9954567138411213
tol99,availability,100,null,289.0,43870,0,descendants,0.9965698189500466
tol99,availability,100,null,290.0,43758,3,descendants,0.9940255787010744
tol99,availability,100,null,291.0,43783,0,descendants,0.9945934894709343
tol99,availability,100,null,292.0,44008,0,descendants,0.9997046863996729
tol99,availability,100,null,293.0,43943,1,descendants,0.9982281183980373
tol99,availability,100,null,294.0,43719,3,descendants,0.9931396379000932
tol99,availability,100,null,295.0,43781,2,descendants,0.9945480566093455
tol99,availability,100,null,296.0,43793,0,descendants,0.9948206537788783
tol99,availability,100,null,297.0,43911,0,descendants,0.9975011926126167
tol99,availability,100,null,298.0,45616,2,descendants,1.0362327071170578
tol99,availability,100,null,299.0,44294,3,descendants,1.0062015856068693
tol99,availability,100,null,300.0,43779,1,descendants,0.9945026237477568
tol99,availability,100,null,301.0,43947,0,descendants,0.9983189841212149
tol99,availability,100,null,302.0,43653,0,descendants,0.9916403534676632
tol99,availability,100,null,303.0,43748,0,descendants,0.9937984143931305
tol99,availability,100,null,304.0,43694,0,descendants,0.9925717271302333
tol99,availability,100,null,305.0,44630,1,descendants,1.0138343063537858
tol99,availability,100,null,306.0,43892,2,descendants,0.9970695804275232
tol99,availability,100,null,307.0,43814,0,descendants,0.9952976988255605
tol99,availability,100,null,308.0,43719,1,descendants,0.9931396379000932
tol99,availability,100,null,309.0,43728,0,descendants,0.9933440857772426
tol99,availability,100,null,310.0,43722,0,descendants,0.9932077871924763
tol99,availability,100,null,311.0,43808,2,descendants,0.9951614002407941
tol99,availability,100,null,312.0,43783,1,descendants,0.9945934894709343
tol99,availability,100,null,313.0,44497,4,descendants,1.0108130210581314
tol99,availability,100,null,314.0,43812,0,descendants,0.9952522659639718
tol99,availability,100,null,315.0,43810,1,descendants,0.995206833102383
tol99,availability,100,null,316.0,43778,0,descendants,0.9944799073169623
tol99,availability,100,null,317.0,43830,2,descendants,0.9956611617182708
tol99,availability,100,null,318.0,43696,0,descendants,0.9926171599918221
tol99,availability,100,null,319.0,43740,1,descendants,0.9936166829467754
tol99,availability,100,null,320.0,43803,0,descendants,0.9950478180868222
tol99,availability,100,null,321.0,44052,0,descendants,1.0007042093546261
tol99,availability,100,null,322.0,43750,1,descendants,0.9938438472547193
tol99,availability,100,null,323.0,43794,2,descendants,0.9948433702096726
tol99,availability,100,null,324.0,44161,1,descendants,1.0031803003112152
tol99,availability,100,null,325.0,46228,0,descendants,1.0501351627632267
tol99,availability,100,null,326.0,44002,1,descendants,0.9995683878149065
tol99,availability,100,null,327.0,43723,2,descendants,0.9932305036232707
tol99,availability,100,null,328.0,43728,3,descendants,0.9933440857772426
tol99,availability,100,null,329.0,43931,0,descendants,0.9979555212285046
tol99,availability,100,null,330.0,43789,2,descendants,0.9947297880557007
tol99,availability,100,null,331.0,43760,1,descendants,0.9940710115626633
tol99,availability,100,null,332.0,45087,1,descendants,1.0242157152268236
tol99,availability,100,null,333.0,43747,1,descendants,0.9937756979623361
tol99,availability,100,null,334.0,43744,3,descendants,0.9937075486699529
tol99,availability,100,null,335.0,43904,1,descendants,0.9973421775970559
tol99,availability,100,null,336.0,43748,2,descendants,0.9937984143931305
tol99,availability,100,null,337.0,43910,2,descendants,0.9974784761818223
tol99,availability,100,null,338.0,43760,0,descendants,0.9940710115626633
tol99,availability,100,null,339.0,43886,1,descendants,0.9969332818427569
tol99,availability,100,null,340.0,43810,1,descendants,0.995206833102383
tol99,availability,100,null,341.0,43777,2,descendants,0.994457190886168
tol99,availability,100,null,342.0,45565,1,descendants,1.0350741691465437
tol99,availability,100,null,343.0,43675,1,descendants,0.9921401149451399
tol99,availability,100,null,344.0,43735,3,descendants,0.9935031007928035
tol99,availability,100,null,345.0,44257,2,descendants,1.0053610776674768
tol99,availability,100,null,346.0,43819,1,descendants,0.9954112809795325
tol99,availability,100,null,347.0,43854,2,descendants,0.9962063560573363
tol99,availability,100,null,348.0,43719,2,descendants,0.9931396379000932
tol99,availability,100,null,349.0,43762,2,descendants,0.9941164444242521
tol99,availability,100,null,350.0,43702,5,descendants,0.9927534585765885
tol99,availability,100,null,351.0,43695,0,descendants,0.9925944435610277
tol99,availability,100,null,352.0,43975,2,descendants,0.9989550441834579
tol99,availability,100,null,353.0,43775,0,descendants,0.9944117580245792
tol99,availability,100,null,354.0,43743,2,descendants,0.9936848322391586
tol99,availability,100,null,355.0,44273,1,descendants,1.0057245405601871
tol99,availability,100,null,356.0,43821,0,descendants,0.9954567138411213
tol99,availability,100,null,357.0,43753,1,descendants,0.9939119965471025
tol99,availability,100,null,358.0,45273,1,descendants,1.0284409713545808
tol99,availability,100,null,359.0,45528,3,descendants,1.0342336612071512
tol99,availability,100,null,360.0,44055,0,descendants,1.0007723586470094
tol99,availability,100,null,361.0,43750,2,descendants,0.9938438472547193
tol99,availability,100,null,362.0,43752,2,descendants,0.9938892801163082
tol99,availability,100,null,363.0,43768,2,descendants,0.9942527430090184
tol99,availability,100,null,364.0,43820,4,descendants,0.9954339974103269
tol99,availability,100,null,365.0,43988,1,descendants,0.999250357783785
tol99,availability,100,null,366.0,43728,1,descendants,0.9933440857772426
tol99,availability,100,null,367.0,44295,3,descendants,1.0062243020376638
tol99,availability,100,null,368.0,44428,1,descendants,1.0092455873333182
tol99,availability,100,null,369.0,43700,1,descendants,0.9927080257149996
tol99,availability,100,null,370.0,43669,2,descendants,0.9920038163603735
tol99,availability,100,null,371.0,43766,3,descendants,0.9942073101474297
tol99,availability,100,null,372.0,43684,3,descendants,0.9923445628222893
tol99,availability,100,null,373.0,43743,2,descendants,0.9936848322391586
tol99,availability,100,null,374.0,43768,3,descendants,0.9942527430090184
tol99,availability,100,null,375.0,43768,0,descendants,0.9942527430090184
tol99,availability,100,null,376.0,43815,0,descendants,0.995320415256355
tol99,availability,100,null,377.0,43739,2,descendants,0.993593966515981
tol99,availability,100,null,378.0,43918,3,descendants,0.9976602076281774
tol99,availability,100,null,379.0,43788,1,descendants,0.9947070716249063
tol99,availability,100,null,380.0,44893,3,descendants,1.0198087276527112
tol99,availability,100,null,381.0,43743,1,descendants,0.9936848322391586
tol99,availability,100,null,382.0,43731,0,descendants,0.9934122350696258
tol99,availability,100,null,383.0,43734,0,descendants,0.993480384362009
tol99,availability,100,null,384.0,43670,2,descendants,0.9920265327911678
tol99,availability,100,null,385.0,43863,0,descendants,0.9964108039344858
tol99,availability,100,null,386.0,43950,0,descendants,0.9983871334135981
tol99,availability,100,null,387.0,43800,3,descendants,0.994979668794439
tol99,availability,100,null,388.0,43815,2,descendants,0.995320415256355
tol99,availability,100,null,389.0,43785,2,descendants,0.9946389223325232
tol99,availability,100,null,390.0,43884,1,descendants,0.9968878489811681
tol99,availability,100,null,391.0,43711,2,descendants,0.9929579064537379
tol99,availability,100,null,392.0,43715,1,descendants,0.9930487721769156
tol99,availability,100,null,393.0,43743,2,descendants,0.9936848322391586
tol99,availability,100,null,394.0,43892,2,descendants,0.9970695804275232
tol99,availability,100,null,395.0,43843,2,descendants,0.995956475318598
tol99,availability,100,null,396.0,44694,4,descendants,1.015288157924627
tol99,availability,100,null,397.0,43692,2,descendants,0.9925262942686445
tol99,availability,100,null,398.0,43712,1,descendants,0.9929806228845324
tol99,availability,100,null,399.0,43623,2,descendants,0.9909588605438313
tol99,availability,100,null,400.0,44604,3,descendants,1.0132436791531314
tol99,availability,100,null,401.0,43750,3,descendants,0.9938438472547193
tol99,availability,100,null,402.0,44047,0,descendants,1.0005906272006542
tol99,availability,100,null,403.0,43845,0,descendants,0.9960019081801867
tol99,availability,100,null,404.0,43902,1,descendants,0.9972967447354671
tol99,availability,100,null,405.0,43840,3,descendants,0.9958883260262148
tol99,availability,100,null,406.0,44008,2,descendants,0.9997046863996729
tol99,availability,100,null,407.0,43819,3,descendants,0.9954112809795325
tol99,availability,100,null,408.0,43765,1,descendants,0.9941845937166353
tol99,availability,100,null,409.0,43877,1,descendants,0.9967288339656073
tol99,availability,100,null,410.0,44098,3,descendants,1.0017491651711683
tol99,availability,100,null,411.0,43752,0,descendants,0.9938892801163082
tol99,availability,100,null,412.0,43764,0,descendants,0.9941618772858408
tol99,availability,100,null,413.0,43832,0,descendants,0.9957065945798597
tol99,availability,100,null,414.0,44825,0,descendants,1.0182640103586924
tol99,availability,100,null,415.0,43748,3,descendants,0.9937984143931305
tol99,availability,100,null,416.0,43804,0,descendants,0.9950705345176166
tol99,availability,100,null,417.0,43843,1,descendants,0.995956475318598
tol99,availability,100,null,418.0,43781,3,descendants,0.9945480566093455
tol99,availability,100,null,419.0,43807,3,descendants,0.9951386838099998
tol99,availability,100,null,420.0,43743,3,descendants,0.9936848322391586
tol99,availability,100,null,421.0,43771,4,descendants,0.9943208923014016
tol99,availability,100,null,422.0,43780,2,descendants,0.9945253401785511
tol99,availability,100,null,423.0,43778,0,descendants,0.9944799073169623
tol99,availability,100,null,424.0,43849,2,descendants,0.9960927739033643
tol99,availability,100,null,425.0,45481,2,descendants,1.0331659889598146
tol99,availability,100,null,426.0,43821,1,descendants,0.9954567138411213
tol99,availability,100,null,427.0,44040,2,descendants,1.0004316121850936
tol99,availability,100,null,428.0,43822,1,descendants,0.9954794302719157
tol99,availability,100,null,429.0,44153,0,descendants,1.00299856886486
tol99,availability,100,null,430.0,44958,1,descendants,1.0212852956543468
tol99,availability,100,null,431.0,43661,0,descendants,0.9918220849140184
tol99,availability,100,null,432.0,43687,0,descendants,0.9924127121146725
tol99,availability,100,null,433.0,43750,0,descendants,0.9938438472547193
tol99,availability,100,null,434.0,43907,1,descendants,0.9974103268894391
tol99,availability,100,null,435.0,44233,0,descendants,1.0048158833284115
tol99,availability,100,null,436.0,43756,4,descendants,0.9939801458394857
tol99,availability,100,null,437.0,43714,0,descendants,0.9930260557461211
tol99,availability,100,null,438.0,43783,0,descendants,0.9945934894709343
tol99,availability,100,null,439.0,44500,1,descendants,1.0108811703505145
tol99,availability,100,null,440.0,44233,1,descendants,1.0048158833284115
tol99,availability,100,null,441.0,43748,2,descendants,0.9937984143931305
tol99,availability,100,null,442.0,43682,2,descendants,0.9922991299607006
tol99,availability,100,null,443.0,43748,0,descendants,0.9937984143931305
tol99,availability,100,null,444.0,43740,2,descendants,0.9936166829467754
tol99,availability,100,null,445.0,43744,0,descendants,0.9937075486699529
tol99,availability,100,null,446.0,43688,0,descendants,0.992435428545467
tol99,availability,100,null,447.0,43831,1,descendants,0.9956838781490652
tol99,availability,100,null,448.0,43767,3,descendants,0.994230026578224
tol99,availability,100,null,449.0,43705,1,descendants,0.9928216078689717
tol99,availability,100,null,450.0,43786,1,descendants,0.9946616387633175
tol99,availability,100,null,451.0,43950,3,descendants,0.9983871334135981
tol99,availability,100,null,452.0,43724,0,descendants,0.9932532200540651
tol99,availability,100,null,453.0,43708,2,descendants,0.9928897571613549
tol99,availability,100,null,454.0,43753,2,descendants,0.9939119965471025
tol99,availability,100,null,455.0,43743,1,descendants,0.9936848322391586
tol99,availability,100,null,456.0,43747,1,descendants,0.9937756979623361
tol99,availability,100,null,457.0,43751,2,descendants,0.9938665636855137
tol99,availability,100,null,458.0,43833,2,descendants,0.995729311010654
tol99,availability,100,null,459.0,43955,1,descendants,0.99850071556757
tol99,availability,100,null,460.0,43767,2,descendants,0.994230026578224
tol99,availability,100,null,461.0,43947,0,descendants,0.9983189841212149
tol99,availability,100,null,462.0,43789,1,descendants,0.9947297880557007
tol99,availability,100,null,463.0,45080,0,descendants,1.0240567002112628
tol99,availability,100,null,464.0,43799,3,descendants,0.9949569523636447
tol99,availability,100,null,465.0,43755,1,descendants,0.9939574294086913
tol99,availability,100,null,466.0,43784,2,descendants,0.9946162059017287
tol99,availability,100,null,467.0,43765,0,descendants,0.9941845937166353
tol99,availability,100,null,468.0,43763,1,descendants,0.9941391608550465
tol99,availability,100,null,469.0,43885,0,descendants,0.9969105654119624
tol99,availability,100,null,470.0,43759,2,descendants,0.9940482951318689
tol99,availability,100,null,471.0,44195,2,descendants,1.0039526589582244
tol99,availability,100,null,472.0,43765,0,descendants,0.9941845937166353
tol99,availability,100,null,473.0,43774,0,descendants,0.9943890415937848
tol99,availability,100,null,474.0,43727,2,descendants,0.9933213693464483
tol99,availability,100,null,475.0,43783,2,descendants,0.9945934894709343
tol99,availability,100,null,476.0,43831,4,descendants,0.9956838781490652
tol99,availability,100,null,477.0,43741,1,descendants,0.9936393993775698
tol99,availability,100,null,478.0,44455,1,descendants,1.0098589309647668
tol99,availability,100,null,479.0,44194,2,descendants,1.0039299425274302
tol99,availability,100,null,480.0,43917,0,descendants,0.9976374911973831
tol99,availability,100,null,481.0,43757,2,descendants,0.9940028622702801
tol99,availability,100,null,482.0,43994,1,descendants,0.9993866563685514
tol99,availability,100,null,483.0,45478,1,descendants,1.0330978396674315
tol99,availability,100,null,484.0,43840,0,descendants,0.9958883260262148
tol99,availability,100,null,485.0,44269,1,descendants,1.0056336748370096
tol99,availability,100,null,486.0,48255,0,descendants,1.0961813679834624
tol99,availability,100,null,487.0,43749,2,descendants,0.993821130823925
tol99,availability,100,null,488.0,43760,2,descendants,0.9940710115626633
tol99,availability,100,null,489.0,43813,3,descendants,0.9952749823947661
tol99,availability,100,null,490.0,43759,0,descendants,0.9940482951318689
tol99,availability,100,null,491.0,43750,2,descendants,0.9938438472547193
tol99,availability,100,null,492.0,43960,2,descendants,0.998614297721542
tol99,availability,100,null,493.0,43762,5,descendants,0.9941164444242521
tol99,availability,100,null,494.0,43867,2,descendants,0.9965016696576634
tol99,availability,100,null,495.0,43729,0,descendants,0.9933668022080371
tol99,availability,100,null,496.0,43947,2,descendants,0.9983189841212149
tol99,availability,100,null,497.0,43969,1,descendants,0.9988187455986915
tol99,availability,100,null,498.0,43796,0,descendants,0.9948888030712615
tol99,availability,100,null,499.0,43787,4,descendants,0.9946843551941119
tol99,availability,100,descendant_authors,,45159,1,,
tol99,availability,100,null,0.0,44995,0,descendant_authors,0.9963683872539251
tol99,availability,100,null,1.0,44853,0,descendant_authors,0.9932239420713479
tol99,availability,100,null,2.0,44859,1,descendant_authors,0.9933568059523019
tol99,availability,100,null,3.0,44932,2,descendant_authors,0.9949733165039084
tol99,availability,100,null,4.0,45320,2,descendant_authors,1.003565180805598
tol99,availability,100,null,5.0,44896,1,descendant_authors,0.9941761332181847
tol99,availability,100,null,6.0,45128,2,descendant_authors,0.9993135366150712
tol99,availability,100,null,7.0,44749,1,descendant_authors,0.9909209681348126
tol99,availability,100,null,8.0,45486,0,descendant_authors,1.007241081511991
tol99,availability,100,null,9.0,44999,3,descendant_authors,0.996456963174561
tol99,availability,100,null,10.0,44894,0,descendant_authors,0.9941318452578667
tol99,availability,100,null,11.0,44922,0,descendant_authors,0.9947518767023185
tol99,availability,100,null,12.0,44884,1,descendant_authors,0.9939104054562767
tol99,availability,100,null,13.0,44833,3,descendant_authors,0.992781062468168
tol99,availability,100,null,14.0,48435,0,descendant_authors,1.0725436790008636
tol99,availability,100,null,15.0,44890,1,descendant_authors,0.9940432693372306
tol99,availability,100,null,16.0,44875,0,descendant_authors,0.9937111096348458
tol99,availability,100,null,17.0,44916,0,descendant_authors,0.9946190128213646
tol99,availability,100,null,18.0,45023,1,descendant_authors,0.9969884186983768
tol99,availability,100,null,19.0,44912,4,descendant_authors,0.9945304369007285
tol99,availability,100,null,20.0,44879,1,descendant_authors,0.9937996855554817
tol99,availability,100,null,21.0,45468,4,descendant_authors,1.006842489869129
tol99,availability,100,null,22.0,44866,0,descendant_authors,0.9935118138134148
tol99,availability,100,null,23.0,44853,0,descendant_authors,0.9932239420713479
tol99,availability,100,null,24.0,44857,3,descendant_authors,0.9933125179919838
tol99,availability,100,null,25.0,44864,0,descendant_authors,0.9934675258530968
tol99,availability,100,null,26.0,44889,3,descendant_authors,0.9940211253570717
tol99,availability,100,null,27.0,44847,2,descendant_authors,0.993091078190394
tol99,availability,100,null,28.0,44919,2,descendant_authors,0.9946854447618415
tol99,availability,100,null,29.0,44881,3,descendant_authors,0.9938439735157998
tol99,availability,100,null,30.0,44903,0,descendant_authors,0.9943311410792975
tol99,availability,100,null,31.0,45655,1,descendant_authors,1.010983414158861
tol99,availability,100,null,32.0,44787,1,descendant_authors,0.9917624393808543
tol99,availability,100,null,33.0,44815,1,descendant_authors,0.9923824708253062
tol99,availability,100,null,34.0,44893,1,descendant_authors,0.9941097012777077
tol99,availability,100,null,35.0,44852,2,descendant_authors,0.9932017980911889
tol99,availability,100,null,36.0,44924,2,descendant_authors,0.9947961646626364
tol99,availability,100,null,37.0,45032,2,descendant_authors,0.9971877145198078
tol99,availability,100,null,38.0,45015,2,descendant_authors,0.9968112668571049
tol99,availability,100,null,39.0,45238,3,descendant_authors,1.0017493744325605
tol99,availability,100,null,40.0,45003,0,descendant_authors,0.9965455390951969
tol99,availability,100,null,41.0,44890,2,descendant_authors,0.9940432693372306
tol99,availability,100,null,42.0,45327,4,descendant_authors,1.0037201886667109
tol99,availability,100,null,43.0,44896,1,descendant_authors,0.9941761332181847
tol99,availability,100,null,44.0,44927,3,descendant_authors,0.9948625966031135
tol99,availability,100,null,45.0,44896,1,descendant_authors,0.9941761332181847
tol99,availability,100,null,46.0,44880,2,descendant_authors,0.9938218295356407
tol99,availability,100,null,47.0,45173,2,descendant_authors,1.000310015722226
tol99,availability,100,null,48.0,44888,0,descendant_authors,0.9939989813769127
tol99,availability,100,null,49.0,44892,0,descendant_authors,0.9940875572975486
tol99,availability,100,null,50.0,46791,1,descendant_authors,1.0361389756194779
tol99,availability,100,null,51.0,44927,3,descendant_authors,0.9948625966031135
tol99,availability,100,null,52.0,45281,2,descendant_authors,1.0027015655793972
tol99,availability,100,null,53.0,44887,2,descendant_authors,0.9939768373967537
tol99,availability,100,null,54.0,44924,0,descendant_authors,0.9947961646626364
tol99,availability,100,null,55.0,44908,3,descendant_authors,0.9944418609800926
tol99,availability,100,null,56.0,44872,3,descendant_authors,0.9936446776943688
tol99,availability,100,null,57.0,44816,3,descendant_authors,0.9924046148054652
tol99,availability,100,null,58.0,44910,2,descendant_authors,0.9944861489404105
tol99,availability,100,null,59.0,45405,0,descendant_authors,1.0054474191191125
tol99,availability,100,null,60.0,45074,2,descendant_authors,0.9981177616864856
tol99,availability,100,null,61.0,45543,1,descendant_authors,1.0085032883810536
tol99,availability,100,null,62.0,44885,0,descendant_authors,0.9939325494364357
tol99,availability,100,null,63.0,46142,2,descendant_authors,1.021767532496291
tol99,availability,100,null,64.0,46302,0,descendant_authors,1.02531056932173
tol99,availability,100,null,65.0,44812,0,descendant_authors,0.9923160388848291
tol99,availability,100,null,66.0,44963,3,descendant_authors,0.9956597798888372
tol99,availability,100,null,67.0,45341,1,descendant_authors,1.0040302043889369
tol99,availability,100,null,68.0,44839,1,descendant_authors,0.992913926349122
tol99,availability,100,null,69.0,44816,0,descendant_authors,0.9924046148054652
tol99,availability,100,null,70.0,44846,1,descendant_authors,0.9930689342102349
tol99,availability,100,null,71.0,44831,2,descendant_authors,0.99273677450785
tol99,availability,100,null,72.0,44872,1,descendant_authors,0.9936446776943688
tol99,availability,100,null,73.0,44940,2,descendant_authors,0.9951504683451804
tol99,availability,100,null,74.0,44904,1,descendant_authors,0.9943532850594566
tol99,availability,100,null,75.0,44877,2,descendant_authors,0.9937553975951637
tol99,availability,100,null,76.0,47046,2,descendant_authors,1.0417856905600213
tol99,availability,100,null,77.0,44860,1,descendant_authors,0.9933789499324609
tol99,availability,100,null,78.0,44934,2,descendant_authors,0.9950176044642264
tol99,availability,100,null,79.0,45137,2,descendant_authors,0.9995128324365021
tol99,availability,100,null,80.0,44726,0,descendant_authors,0.9904116565911557
tol99,availability,100,null,81.0,44837,2,descendant_authors,0.992869638388804
tol99,availability,100,null,82.0,44803,3,descendant_authors,0.9921167430633983
tol99,availability,100,null,83.0,44851,0,descendant_authors,0.9931796541110299
tol99,availability,100,null,84.0,44935,1,descendant_authors,0.9950397484443854
tol99,availability,100,null,85.0,46287,1,descendant_authors,1.024978409619345
tol99,availability,100,null,86.0,45020,0,descendant_authors,0.9969219867578999
tol99,availability,100,null,87.0,46176,1,descendant_authors,1.0225204278216966
tol99,availability,100,null,88.0,45723,1,descendant_authors,1.0124892048096725
tol99,availability,100,null,89.0,44874,2,descendant_authors,0.9936889656546868
tol99,availability,100,null,90.0,44861,0,descendant_authors,0.9934010939126199
tol99,availability,100,null,91.0,46858,2,descendant_authors,1.0376226222901304
tol99,availability,100,null,92.0,44837,2,descendant_authors,0.992869638388804
tol99,availability,100,null,93.0,45054,3,descendant_authors,0.9976748820833057
tol99,availability,100,null,94.0,44954,0,descendant_authors,0.9954604840674063
tol99,availability,100,null,95.0,44940,1,descendant_authors,0.9951504683451804
tol99,availability,100,null,96.0,44945,2,descendant_authors,0.9952611882459753
tol99,availability,100,null,97.0,44863,0,descendant_authors,0.9934453818729378
tol99,availability,100,null,98.0,44838,0,descendant_authors,0.992891782368963
tol99,availability,100,null,99.0,44808,0,descendant_authors,0.9922274629641932
tol99,availability,100,null,100.0,44872,2,descendant_authors,0.9936446776943688
tol99,availability,100,null,101.0,44993,0,descendant_authors,0.996324099293607
tol99,availability,100,null,102.0,44882,3,descendant_authors,0.9938661174959588
tol99,availability,100,null,103.0,44901,4,descendant_authors,0.9942868531189796
tol99,availability,100,null,104.0,45051,0,descendant_authors,0.9976084501428286
tol99,availability,100,null,105.0,44876,3,descendant_authors,0.9937332536150048
tol99,availability,100,null,106.0,44912,2,descendant_authors,0.9945304369007285
tol99,availability,100,null,107.0,45119,0,descendant_authors,0.9991142407936402
tol99,availability,100,null,108.0,44966,0,descendant_authors,0.9957262118293142
tol99,availability,100,null,109.0,44902,1,descendant_authors,0.9943089970991386
tol99,availability,100,null,110.0,45738,0,descendant_authors,1.0128213645120574
tol99,availability,100,null,111.0,44870,1,descendant_authors,0.9936003897340508
tol99,availability,100,null,112.0,44928,3,descendant_authors,0.9948847405832725
tol99,availability,100,null,113.0,45048,1,descendant_authors,0.9975420182023517
tol99,availability,100,null,114.0,44915,0,descendant_authors,0.9945968688412056
tol99,availability,100,null,115.0,45466,2,descendant_authors,1.006798201908811
tol99,availability,100,null,116.0,44881,1,descendant_authors,0.9938439735157998
tol99,availability,100,null,117.0,45417,2,descendant_authors,1.0057131468810203
tol99,availability,100,null,118.0,45842,1,descendant_authors,1.0151243384485928
tol99,availability,100,null,119.0,46726,0,descendant_authors,1.0346996169091434
tol99,availability,100,null,120.0,44894,0,descendant_authors,0.9941318452578667
tol99,availability,100,null,121.0,44912,0,descendant_authors,0.9945304369007285
tol99,availability,100,null,122.0,44750,2,descendant_authors,0.9909431121149715
tol99,availability,100,null,123.0,44893,3,descendant_authors,0.9941097012777077
tol99,availability,100,null,124.0,44846,0,descendant_authors,0.9930689342102349
tol99,availability,100,null,125.0,44883,0,descendant_authors,0.9938882614761178
tol99,availability,100,null,126.0,44934,0,descendant_authors,0.9950176044642264
tol99,availability,100,null,127.0,45922,3,descendant_authors,1.0168958568613122
tol99,availability,100,null,128.0,44873,1,descendant_authors,0.9936668216745278
tol99,availability,100,null,129.0,47089,2,descendant_authors,1.042737881706858
tol99,availability,100,null,130.0,44900,0,descendant_authors,0.9942647091388206
tol99,availability,100,null,131.0,45091,0,descendant_authors,0.9984942093491884
tol99,availability,100,null,132.0,45055,0,descendant_authors,0.9976970260634647
tol99,availability,100,null,133.0,44931,0,descendant_authors,0.9949511725237494
tol99,availability,100,null,134.0,45016,4,descendant_authors,0.9968334108372638
tol99,availability,100,null,135.0,44899,4,descendant_authors,0.9942425651586616
tol99,availability,100,null,136.0,45242,2,descendant_authors,1.0018379503531964
tol99,availability,100,null,137.0,44830,1,descendant_authors,0.992714630527691
tol99,availability,100,null,138.0,44831,1,descendant_authors,0.99273677450785
tol99,availability,100,null,139.0,44904,1,descendant_authors,0.9943532850594566
tol99,availability,100,null,140.0,44898,0,descendant_authors,0.9942204211785026
tol99,availability,100,null,141.0,45068,2,descendant_authors,0.9979848978055316
tol99,availability,100,null,142.0,58113,3,descendant_authors,1.2868531189796053
tol99,availability,100,null,143.0,44928,1,descendant_authors,0.9948847405832725
tol99,availability,100,null,144.0,44848,1,descendant_authors,0.993113222170553
tol99,availability,100,null,145.0,45792,2,descendant_authors,1.014017139440643
tol99,availability,100,null,146.0,44889,2,descendant_authors,0.9940211253570717
tol99,availability,100,null,147.0,44890,5,descendant_authors,0.9940432693372306
tol99,availability,100,null,148.0,44865,0,descendant_authors,0.9934896698332558
tol99,availability,100,null,149.0,44995,1,descendant_authors,0.9963683872539251
tol99,availability,100,null,150.0,45380,2,descendant_authors,1.0048938196151376
tol99,availability,100,null,151.0,45069,0,descendant_authors,0.9980070417856906
tol99,availability,100,null,152.0,45166,2,descendant_authors,1.000155007861113
tol99,availability,100,null,153.0,44829,0,descendant_authors,0.9926924865475321
tol99,availability,100,null,154.0,44955,1,descendant_authors,0.9954826280475653
tol99,availability,100,null,155.0,44915,1,descendant_authors,0.9945968688412056
tol99,availability,100,null,156.0,45569,0,descendant_authors,1.0090790318651874
tol99,availability,100,null,157.0,44875,3,descendant_authors,0.9937111096348458
tol99,availability,100,null,158.0,44894,2,descendant_authors,0.9941318452578667
tol99,availability,100,null,159.0,44862,3,descendant_authors,0.9934232378927789
tol99,availability,100,null,160.0,44848,0,descendant_authors,0.993113222170553
tol99,availability,100,null,161.0,44864,0,descendant_authors,0.9934675258530968
tol99,availability,100,null,162.0,44838,2,descendant_authors,0.992891782368963
tol99,availability,100,null,163.0,44889,1,descendant_authors,0.9940211253570717
tol99,availability,100,null,164.0,44885,3,descendant_authors,0.9939325494364357
tol99,availability,100,null,165.0,44749,3,descendant_authors,0.9909209681348126
tol99,availability,100,null,166.0,46288,2,descendant_authors,1.025000553599504
tol99,availability,100,null,167.0,44859,0,descendant_authors,0.9933568059523019
tol99,availability,100,null,168.0,45861,3,descendant_authors,1.0155450740716137
tol99,availability,100,null,169.0,47477,1,descendant_authors,1.0513297460085476
tol99,availability,100,null,170.0,45058,1,descendant_authors,0.9977634580039416
tol99,availability,100,null,171.0,44872,3,descendant_authors,0.9936446776943688
tol99,availability,100,null,172.0,44861,0,descendant_authors,0.9934010939126199
tol99,availability,100,null,173.0,45258,2,descendant_authors,1.0021922540357404
tol99,availability,100,null,174.0,44939,2,descendant_authors,0.9951283243650214
tol99,availability,100,null,175.0,44877,1,descendant_authors,0.9937553975951637
tol99,availability,100,null,176.0,44912,0,descendant_authors,0.9945304369007285
tol99,availability,100,null,177.0,44893,0,descendant_authors,0.9941097012777077
tol99,availability,100,null,178.0,44927,0,descendant_authors,0.9948625966031135
tol99,availability,100,null,179.0,45129,3,descendant_authors,0.9993356805952301
tol99,availability,100,null,180.0,45312,4,descendant_authors,1.003388028964326
tol99,availability,100,null,181.0,44857,1,descendant_authors,0.9933125179919838
tol99,availability,100,null,182.0,44836,1,descendant_authors,0.9928474944086451
tol99,availability,100,null,183.0,44899,3,descendant_authors,0.9942425651586616
tol99,availability,100,null,184.0,46341,1,descendant_authors,1.0261741845479306
tol99,availability,100,null,185.0,45141,0,descendant_authors,0.9996014083571381
tol99,availability,100,null,186.0,44903,1,descendant_authors,0.9943311410792975
tol99,availability,100,null,187.0,44895,3,descendant_authors,0.9941539892380257
tol99,availability,100,null,188.0,44892,1,descendant_authors,0.9940875572975486
tol99,availability,100,null,189.0,44815,0,descendant_authors,0.9923824708253062
tol99,availability,100,null,190.0,44830,2,descendant_authors,0.992714630527691
tol99,availability,100,null,191.0,44882,3,descendant_authors,0.9938661174959588
tol99,availability,100,null,192.0,45814,4,descendant_authors,1.0145043070041408
tol99,availability,100,null,193.0,44927,3,descendant_authors,0.9948625966031135
tol99,availability,100,null,194.0,45806,1,descendant_authors,1.014327155162869
tol99,availability,100,null,195.0,44824,1,descendant_authors,0.992581766646737
tol99,availability,100,null,196.0,44946,0,descendant_authors,0.9952833322261343
tol99,availability,100,null,197.0,45340,1,descendant_authors,1.0040080604087778
tol99,availability,100,null,198.0,44897,5,descendant_authors,0.9941982771983436
tol99,availability,100,null,199.0,44920,3,descendant_authors,0.9947075887420005
tol99,availability,100,null,200.0,44857,2,descendant_authors,0.9933125179919838
tol99,availability,100,null,201.0,44817,3,descendant_authors,0.9924267587856241
tol99,availability,100,null,202.0,45012,1,descendant_authors,0.9967448349166279
tol99,availability,100,null,203.0,45112,2,descendant_authors,0.9989592329325273
tol99,availability,100,null,204.0,45031,4,descendant_authors,0.9971655705396488
tol99,availability,100,null,205.0,45055,1,descendant_authors,0.9976970260634647
tol99,availability,100,null,206.0,44882,2,descendant_authors,0.9938661174959588
tol99,availability,100,null,207.0,44871,0,descendant_authors,0.9936225337142098
tol99,availability,100,null,208.0,45444,1,descendant_authors,1.0063110343453132
tol99,availability,100,null,209.0,44883,2,descendant_authors,0.9938882614761178
tol99,availability,100,null,210.0,45325,3,descendant_authors,1.003675900706393
tol99,availability,100,null,211.0,44930,1,descendant_authors,0.9949290285435904
tol99,availability,100,null,212.0,45077,1,descendant_authors,0.9981841936269625
tol99,availability,100,null,213.0,44862,3,descendant_authors,0.9934232378927789
tol99,availability,100,null,214.0,44924,1,descendant_authors,0.9947961646626364
tol99,availability,100,null,215.0,45789,4,descendant_authors,1.0139507075001661
tol99,availability,100,null,216.0,45548,3,descendant_authors,1.0086140082818487
tol99,availability,100,null,217.0,44798,1,descendant_authors,0.9920060231626032
tol99,availability,100,null,218.0,44898,1,descendant_authors,0.9942204211785026
tol99,availability,100,null,219.0,46250,1,descendant_authors,1.0241590823534623
tol99,availability,100,null,220.0,44780,1,descendant_authors,0.9916074315197414
tol99,availability,100,null,221.0,44821,0,descendant_authors,0.9925153347062601
tol99,availability,100,null,222.0,44960,0,descendant_authors,0.9955933479483602
tol99,availability,100,null,223.0,44893,0,descendant_authors,0.9941097012777077
tol99,availability,100,null,224.0,44927,0,descendant_authors,0.9948625966031135
tol99,availability,100,null,225.0,44874,2,descendant_authors,0.9936889656546868
tol99,availability,100,null,226.0,45133,0,descendant_authors,0.9994242565158662
tol99,availability,100,null,227.0,45023,0,descendant_authors,0.9969884186983768
tol99,availability,100,null,228.0,44836,1,descendant_authors,0.9928474944086451
tol99,availability,100,null,229.0,46342,2,descendant_authors,1.0261963285280897
tol99,availability,100,null,230.0,44884,2,descendant_authors,0.9939104054562767
tol99,availability,100,null,231.0,44861,2,descendant_authors,0.9934010939126199
tol99,availability,100,null,232.0,44851,4,descendant_authors,0.9931796541110299
tol99,availability,100,null,233.0,45444,2,descendant_authors,1.0063110343453132
tol99,availability,100,null,234.0,47534,1,descendant_authors,1.0525919528776102
tol99,availability,100,null,235.0,44891,1,descendant_authors,0.9940654133173896
tol99,availability,100,null,236.0,45885,1,descendant_authors,1.0160765295954295
tol99,availability,100,null,237.0,44857,0,descendant_authors,0.9933125179919838
tol99,availability,100,null,238.0,44981,0,descendant_authors,0.9960583715316991
tol99,availability,100,null,239.0,46412,3,descendant_authors,1.0277464071392193
tol99,availability,100,null,240.0,44938,3,descendant_authors,0.9951061803848624
tol99,availability,100,null,241.0,44815,4,descendant_authors,0.9923824708253062
tol99,availability,100,null,242.0,44857,3,descendant_authors,0.9933125179919838
tol99,availability,100,null,243.0,44832,2,descendant_authors,0.992758918488009
tol99,availability,100,null,244.0,44870,2,descendant_authors,0.9936003897340508
tol99,availability,100,null,245.0,44851,0,descendant_authors,0.9931796541110299
tol99,availability,100,null,246.0,44903,2,descendant_authors,0.9943311410792975
tol99,availability,100,null,247.0,44821,0,descendant_authors,0.9925153347062601
tol99,availability,100,null,248.0,45009,4,descendant_authors,0.996678402976151
tol99,availability,100,null,249.0,44929,3,descendant_authors,0.9949068845634315
tol99,availability,100,null,250.0,46738,0,descendant_authors,1.0349653446710512
tol99,availability,100,null,251.0,45044,1,descendant_authors,0.9974534422817157
tol99,availability,100,null,252.0,44853,1,descendant_authors,0.9932239420713479
tol99,availability,100,null,253.0,44902,3,descendant_authors,0.9943089970991386
tol99,availability,100,null,254.0,45624,1,descendant_authors,1.0102969507739321
tol99,availability,100,null,255.0,44938,3,descendant_authors,0.9951061803848624
tol99,availability,100,null,256.0,44853,1,descendant_authors,0.9932239420713479
tol99,availability,100,null,257.0,44873,0,descendant_authors,0.9936668216745278
tol99,availability,100,null,258.0,45469,1,descendant_authors,1.0068646338492881
tol99,availability,100,null,259.0,44875,2,descendant_authors,0.9937111096348458
tol99,availability,100,null,260.0,44871,0,descendant_authors,0.9936225337142098
tol99,availability,100,null,261.0,44815,0,descendant_authors,0.9923824708253062
tol99,availability,100,null,262.0,44905,0,descendant_authors,0.9943754290396156
tol99,availability,100,null,263.0,44883,1,descendant_authors,0.9938882614761178
tol99,availability,100,null,264.0,47029,3,descendant_authors,1.0414092428973183
tol99,availability,100,null,265.0,46105,3,descendant_authors,1.0209482052304082
tol99,availability,100,null,266.0,44826,4,descendant_authors,0.9926260546070551
tol99,availability,100,null,267.0,44815,1,descendant_authors,0.9923824708253062
tol99,availability,100,null,268.0,44933,1,descendant_authors,0.9949954604840674
tol99,availability,100,null,269.0,44892,1,descendant_authors,0.9940875572975486
tol99,availability,100,null,270.0,47290,1,descendant_authors,1.0471888217188157
tol99,availability,100,null,271.0,44924,1,descendant_authors,0.9947961646626364
tol99,availability,100,null,272.0,45077,1,descendant_authors,0.9981841936269625
tol99,availability,100,null,273.0,44895,1,descendant_authors,0.9941539892380257
tol99,availability,100,null,274.0,44943,1,descendant_authors,0.9952169002856573
tol99,availability,100,null,275.0,45033,2,descendant_authors,0.9972098584999668
tol99,availability,100,null,276.0,45260,4,descendant_authors,1.0022365419960584
tol99,availability,100,null,277.0,44939,2,descendant_authors,0.9951283243650214
tol99,availability,100,null,278.0,45096,1,descendant_authors,0.9986049292499833
tol99,availability,100,null,279.0,44888,1,descendant_authors,0.9939989813769127
tol99,availability,100,null,280.0,46850,0,descendant_authors,1.0374454704488585
tol99,availability,100,null,281.0,45071,3,descendant_authors,0.9980513297460085
tol99,availability,100,null,282.0,45241,2,descendant_authors,1.0018158063730376
tol99,availability,100,null,283.0,44898,3,descendant_authors,0.9942204211785026
tol99,availability,100,null,284.0,45080,2,descendant_authors,0.9982506255674395
tol99,availability,100,null,285.0,44901,1,descendant_authors,0.9942868531189796
tol99,availability,100,null,286.0,45152,3,descendant_authors,0.999844992138887
tol99,availability,100,null,287.0,44894,1,descendant_authors,0.9941318452578667
tol99,availability,100,null,288.0,44867,2,descendant_authors,0.9935339577935738
tol99,availability,100,null,289.0,45084,1,descendant_authors,0.9983392014880754
tol99,availability,100,null,290.0,46110,0,descendant_authors,1.021058925131203
tol99,availability,100,null,291.0,44918,1,descendant_authors,0.9946633007816825
tol99,availability,100,null,292.0,44755,2,descendant_authors,0.9910538320157665
tol99,availability,100,null,293.0,44848,3,descendant_authors,0.993113222170553
tol99,availability,100,null,294.0,44879,0,descendant_authors,0.9937996855554817
tol99,availability,100,null,295.0,44813,2,descendant_authors,0.9923381828649882
tol99,availability,100,null,296.0,44927,1,descendant_authors,0.9948625966031135
tol99,availability,100,null,297.0,44767,1,descendant_authors,0.9913195597776744
tol99,availability,100,null,298.0,44881,1,descendant_authors,0.9938439735157998
tol99,availability,100,null,299.0,44824,4,descendant_authors,0.992581766646737
tol99,availability,100,null,300.0,44900,1,descendant_authors,0.9942647091388206
tol99,availability,100,null,301.0,47332,0,descendant_authors,1.0481188688854934
tol99,availability,100,null,302.0,44840,2,descendant_authors,0.992936070329281
tol99,availability,100,null,303.0,44875,3,descendant_authors,0.9937111096348458
tol99,availability,100,null,304.0,44965,2,descendant_authors,0.9957040678491552
tol99,availability,100,null,305.0,47023,1,descendant_authors,1.0412763790163644
tol99,availability,100,null,306.0,45083,0,descendant_authors,0.9983170575079164
tol99,availability,100,null,307.0,44921,3,descendant_authors,0.9947297327221595
tol99,availability,100,null,308.0,44774,4,descendant_authors,0.9914745676387874
tol99,availability,100,null,309.0,44848,3,descendant_authors,0.993113222170553
tol99,availability,100,null,310.0,44860,0,descendant_authors,0.9933789499324609
tol99,availability,100,null,311.0,44860,3,descendant_authors,0.9933789499324609
tol99,availability,100,null,312.0,47242,4,descendant_authors,1.046125910671184
tol99,availability,100,null,313.0,44879,0,descendant_authors,0.9937996855554817
tol99,availability,100,null,314.0,44813,2,descendant_authors,0.9923381828649882
tol99,availability,100,null,315.0,47315,1,descendant_authors,1.0477424212227906
tol99,availability,100,null,316.0,44817,1,descendant_authors,0.9924267587856241
tol99,availability,100,null,317.0,44912,0,descendant_authors,0.9945304369007285
tol99,availability,100,null,318.0,45230,1,descendant_authors,1.0015722225912886
tol99,availability,100,null,319.0,44826,0,descendant_authors,0.9926260546070551
tol99,availability,100,null,320.0,44868,0,descendant_authors,0.9935561017737328
tol99,availability,100,null,321.0,45003,4,descendant_authors,0.9965455390951969
tol99,availability,100,null,322.0,44893,1,descendant_authors,0.9941097012777077
tol99,availability,100,null,323.0,44913,0,descendant_authors,0.9945525808808875
tol99,availability,100,null,324.0,44900,0,descendant_authors,0.9942647091388206
tol99,availability,100,null,325.0,44925,1,descendant_authors,0.9948183086427954
tol99,availability,100,null,326.0,45038,2,descendant_authors,0.9973205784007617
tol99,availability,100,null,327.0,45036,4,descendant_authors,0.9972762904404437
tol99,availability,100,null,328.0,44766,1,descendant_authors,0.9912974157975154
tol99,availability,100,null,329.0,44854,0,descendant_authors,0.9932460860515069
tol99,availability,100,null,330.0,44954,4,descendant_authors,0.9954604840674063
tol99,availability,100,null,331.0,44874,1,descendant_authors,0.9936889656546868
tol99,availability,100,null,332.0,44967,2,descendant_authors,0.9957483558094732
tol99,availability,100,null,333.0,44901,3,descendant_authors,0.9942868531189796
tol99,availability,100,null,334.0,44823,2,descendant_authors,0.992559622666578
tol99,availability,100,null,335.0,44873,4,descendant_authors,0.9936668216745278
tol99,availability,100,null,336.0,44774,0,descendant_authors,0.9914745676387874
tol99,availability,100,null,337.0,44933,1,descendant_authors,0.9949954604840674
tol99,availability,100,null,338.0,45986,0,descendant_authors,1.0183130715914879
tol99,availability,100,null,339.0,49462,1,descendant_authors,1.0952855466241502
tol99,availability,100,null,340.0,45141,2,descendant_authors,0.9996014083571381
tol99,availability,100,null,341.0,44858,3,descendant_authors,0.9933346619721428
tol99,availability,100,null,342.0,44943,0,descendant_authors,0.9952169002856573
tol99,availability,100,null,343.0,45576,1,descendant_authors,1.0092340397263004
tol99,availability,100,null,344.0,44882,0,descendant_authors,0.9938661174959588
tol99,availability,100,null,345.0,44937,1,descendant_authors,0.9950840364047033
tol99,availability,100,null,346.0,44973,1,descendant_authors,0.9958812196904272
tol99,availability,100,null,347.0,45881,0,descendant_authors,1.0159879536747936
tol99,availability,100,null,348.0,44846,0,descendant_authors,0.9930689342102349
tol99,availability,100,null,349.0,44865,2,descendant_authors,0.9934896698332558
tol99,availability,100,null,350.0,44943,3,descendant_authors,0.9952169002856573
tol99,availability,100,null,351.0,46481,1,descendant_authors,1.0292743417701897
tol99,availability,100,null,352.0,44868,0,descendant_authors,0.9935561017737328
tol99,availability,100,null,353.0,45952,2,descendant_authors,1.017560176266082
tol99,availability,100,null,354.0,44838,1,descendant_authors,0.992891782368963
tol99,availability,100,null,355.0,45404,2,descendant_authors,1.0054252751389534
tol99,availability,100,null,356.0,44974,2,descendant_authors,0.9959033636705862
tol99,availability,100,null,357.0,44950,3,descendant_authors,0.9953719081467703
tol99,availability,100,null,358.0,45040,3,descendant_authors,0.9973648663610798
tol99,availability,100,null,359.0,44880,1,descendant_authors,0.9938218295356407
tol99,availability,100,null,360.0,44859,2,descendant_authors,0.9933568059523019
tol99,availability,100,null,361.0,45975,1,descendant_authors,1.018069487809739
tol99,availability,100,null,362.0,44834,2,descendant_authors,0.992803206448327
tol99,availability,100,null,363.0,45458,0,descendant_authors,1.0066210500675392
tol99,availability,100,null,364.0,44833,4,descendant_authors,0.992781062468168
tol99,availability,100,null,365.0,44922,0,descendant_authors,0.9947518767023185
tol99,availability,100,null,366.0,44792,0,descendant_authors,0.9918731592816493
tol99,availability,100,null,367.0,44797,1,descendant_authors,0.9919838791824442
tol99,availability,100,null,368.0,44922,4,descendant_authors,0.9947518767023185
tol99,availability,100,null,369.0,44875,2,descendant_authors,0.9937111096348458
tol99,availability,100,null,370.0,45250,0,descendant_authors,1.0020151021944685
tol99,availability,100,null,371.0,44879,1,descendant_authors,0.9937996855554817
tol99,availability,100,null,372.0,44822,1,descendant_authors,0.9925374786864191
tol99,availability,100,null,373.0,45387,2,descendant_authors,1.0050488274762506
tol99,availability,100,null,374.0,44946,2,descendant_authors,0.9952833322261343
tol99,availability,100,null,375.0,44900,3,descendant_authors,0.9942647091388206
tol99,availability,100,null,376.0,45155,4,descendant_authors,0.9999114240793641
tol99,availability,100,null,377.0,44939,3,descendant_authors,0.9951283243650214
tol99,availability,100,null,378.0,44973,1,descendant_authors,0.9958812196904272
tol99,availability,100,null,379.0,44900,2,descendant_authors,0.9942647091388206
tol99,availability,100,null,380.0,44930,2,descendant_authors,0.9949290285435904
tol99,availability,100,null,381.0,44868,3,descendant_authors,0.9935561017737328
tol99,availability,100,null,382.0,44892,2,descendant_authors,0.9940875572975486
tol99,availability,100,null,383.0,46290,0,descendant_authors,1.025044841559822
tol99,availability,100,null,384.0,44877,1,descendant_authors,0.9937553975951637
tol99,availability,100,null,385.0,45061,1,descendant_authors,0.9978298899444186
tol99,availability,100,null,386.0,45202,0,descendant_authors,1.0009521911468366
tol99,availability,100,null,387.0,44946,3,descendant_authors,0.9952833322261343
tol99,availability,100,null,388.0,44854,1,descendant_authors,0.9932460860515069
tol99,availability,100,null,389.0,44877,3,descendant_authors,0.9937553975951637
tol99,availability,100,null,390.0,44865,0,descendant_authors,0.9934896698332558
tol99,availability,100,null,391.0,44929,1,descendant_authors,0.9949068845634315
tol99,availability,100,null,392.0,44871,1,descendant_authors,0.9936225337142098
tol99,availability,100,null,393.0,44926,1,descendant_authors,0.9948404526229544
tol99,availability,100,null,394.0,44908,1,descendant_authors,0.9944418609800926
tol99,availability,100,null,395.0,44863,4,descendant_authors,0.9934453818729378
tol99,availability,100,null,396.0,44934,0,descendant_authors,0.9950176044642264
tol99,availability,100,null,397.0,50106,1,descendant_authors,1.1095462698465421
tol99,availability,100,null,398.0,45194,0,descendant_authors,1.0007750393055648
tol99,availability,100,null,399.0,44925,1,descendant_authors,0.9948183086427954
tol99,availability,100,null,400.0,44898,0,descendant_authors,0.9942204211785026
tol99,availability,100,null,401.0,44908,0,descendant_authors,0.9944418609800926
tol99,availability,100,null,402.0,44961,0,descendant_authors,0.9956154919285193
tol99,availability,100,null,403.0,44952,3,descendant_authors,0.9954161961070883
tol99,availability,100,null,404.0,44857,0,descendant_authors,0.9933125179919838
tol99,availability,100,null,405.0,44858,1,descendant_authors,0.9933346619721428
tol99,availability,100,null,406.0,44920,1,descendant_authors,0.9947075887420005
tol99,availability,100,null,407.0,45989,1,descendant_authors,1.018379503531965
tol99,availability,100,null,408.0,44972,2,descendant_authors,0.9958590757102682
tol99,availability,100,null,409.0,44916,0,descendant_authors,0.9946190128213646
tol99,availability,100,null,410.0,44823,2,descendant_authors,0.992559622666578
tol99,availability,100,null,411.0,44857,1,descendant_authors,0.9933125179919838
tol99,availability,100,null,412.0,44880,0,descendant_authors,0.9938218295356407
tol99,availability,100,null,413.0,46006,2,descendant_authors,1.0187559511946678
tol99,availability,100,null,414.0,44835,2,descendant_authors,0.992825350428486
tol99,availability,100,null,415.0,44884,0,descendant_authors,0.9939104054562767
tol99,availability,100,null,416.0,44847,1,descendant_authors,0.993091078190394
tol99,availability,100,null,417.0,45112,3,descendant_authors,0.9989592329325273
tol99,availability,100,null,418.0,44941,0,descendant_authors,0.9951726123253394
tol99,availability,100,null,419.0,44848,1,descendant_authors,0.993113222170553
tol99,availability,100,null,420.0,44912,3,descendant_authors,0.9945304369007285
tol99,availability,100,null,421.0,44919,1,descendant_authors,0.9946854447618415
tol99,availability,100,null,422.0,45061,3,descendant_authors,0.9978298899444186
tol99,availability,100,null,423.0,44978,0,descendant_authors,0.9959919395912221
tol99,availability,100,null,424.0,45123,1,descendant_authors,0.9992028167142762
tol99,availability,100,null,425.0,48671,4,descendant_authors,1.0777696583183862
tol99,availability,100,null,426.0,48417,1,descendant_authors,1.0721450873580016
tol99,availability,100,null,427.0,44951,3,descendant_authors,0.9953940521269293
tol99,availability,100,null,428.0,44912,0,descendant_authors,0.9945304369007285
tol99,availability,100,null,429.0,44840,3,descendant_authors,0.992936070329281
tol99,availability,100,null,430.0,44858,3,descendant_authors,0.9933346619721428
tol99,availability,100,null,431.0,45049,1,descendant_authors,0.9975641621825106
tol99,availability,100,null,432.0,44890,1,descendant_authors,0.9940432693372306
tol99,availability,100,null,433.0,44828,1,descendant_authors,0.9926703425673731
tol99,availability,100,null,434.0,44916,0,descendant_authors,0.9946190128213646
tol99,availability,100,null,435.0,44919,0,descendant_authors,0.9946854447618415
tol99,availability,100,null,436.0,44901,2,descendant_authors,0.9942868531189796
tol99,availability,100,null,437.0,44823,2,descendant_authors,0.992559622666578
tol99,availability,100,null,438.0,44897,1,descendant_authors,0.9941982771983436
tol99,availability,100,null,439.0,44761,3,descendant_authors,0.9911866958967205
tol99,availability,100,null,440.0,44836,3,descendant_authors,0.9928474944086451
tol99,availability,100,null,441.0,44848,3,descendant_authors,0.993113222170553
tol99,availability,100,null,442.0,44872,1,descendant_authors,0.9936446776943688
tol99,availability,100,null,443.0,45869,0,descendant_authors,1.0157222259128855
tol99,availability,100,null,444.0,44948,2,descendant_authors,0.9953276201864523
tol99,availability,100,null,445.0,44786,0,descendant_authors,0.9917402954006953
tol99,availability,100,null,446.0,44924,1,descendant_authors,0.9947961646626364
tol99,availability,100,null,447.0,44949,1,descendant_authors,0.9953497641666114
tol99,availability,100,null,448.0,44932,0,descendant_authors,0.9949733165039084
tol99,availability,100,null,449.0,45390,4,descendant_authors,1.0051152594167276
tol99,availability,100,null,450.0,44894,2,descendant_authors,0.9941318452578667
tol99,availability,100,null,451.0,45098,2,descendant_authors,0.9986492172103014
tol99,availability,100,null,452.0,45206,1,descendant_authors,1.0010407670674728
tol99,availability,100,null,453.0,44914,1,descendant_authors,0.9945747248610465
tol99,availability,100,null,454.0,44820,3,descendant_authors,0.9924931907261011
tol99,availability,100,null,455.0,45091,4,descendant_authors,0.9984942093491884
tol99,availability,100,null,456.0,44882,0,descendant_authors,0.9938661174959588
tol99,availability,100,null,457.0,44875,2,descendant_authors,0.9937111096348458
tol99,availability,100,null,458.0,44836,0,descendant_authors,0.9928474944086451
tol99,availability,100,null,459.0,44810,0,descendant_authors,0.9922717509245111
tol99,availability,100,null,460.0,45725,0,descendant_authors,1.0125334927699905
tol99,availability,100,null,461.0,45763,0,descendant_authors,1.0133749640160323
tol99,availability,100,null,462.0,44934,2,descendant_authors,0.9950176044642264
tol99,availability,100,null,463.0,44804,1,descendant_authors,0.9921388870435572
tol99,availability,100,null,464.0,44897,1,descendant_authors,0.9941982771983436
tol99,availability,100,null,465.0,44996,2,descendant_authors,0.996390531234084
tol99,availability,100,null,466.0,44851,0,descendant_authors,0.9931796541110299
tol99,availability,100,null,467.0,49097,0,descendant_authors,1.0872029938661174
tol99,availability,100,null,468.0,45113,3,descendant_authors,0.9989813769126863
tol99,availability,100,null,469.0,50189,1,descendant_authors,1.1113842201997386
tol99,availability,100,null,470.0,44916,2,descendant_authors,0.9946190128213646
tol99,availability,100,null,471.0,44874,0,descendant_authors,0.9936889656546868
tol99,availability,100,null,472.0,45040,1,descendant_authors,0.9973648663610798
tol99,availability,100,null,473.0,44847,2,descendant_authors,0.993091078190394
tol99,availability,100,null,474.0,44833,0,descendant_authors,0.992781062468168
tol99,availability,100,null,475.0,45272,1,descendant_authors,1.0025022697579662
tol99,availability,100,null,476.0,44939,1,descendant_authors,0.9951283243650214
tol99,availability,100,null,477.0,45003,4,descendant_authors,0.9965455390951969
tol99,availability,100,null,478.0,44882,0,descendant_authors,0.9938661174959588
tol99,availability,100,null,479.0,44874,0,descendant_authors,0.9936889656546868
tol99,availability,100,null,480.0,44837,2,descendant_authors,0.992869638388804
tol99,availability,100,null,481.0,44806,3,descendant_authors,0.9921831750038752
tol99,availability,100,null,482.0,44854,4,descendant_authors,0.9932460860515069
tol99,availability,100,null,483.0,45236,2,descendant_authors,1.0017050864722425
tol99,availability,100,null,484.0,47281,2,descendant_authors,1.0469895258973847
tol99,availability,100,null,485.0,45079,0,descendant_authors,0.9982284815872805
tol99,availability,100,null,486.0,44887,2,descendant_authors,0.9939768373967537
tol99,availability,100,null,487.0,45237,0,descendant_authors,1.0017272304524014
tol99,availability,100,null,488.0,44917,3,descendant_authors,0.9946411568015235
tol99,availability,100,null,489.0,45896,0,descendant_authors,1.0163201133771784
tol99,availability,100,null,490.0,44932,1,descendant_authors,0.9949733165039084
tol99,availability,100,null,491.0,44897,0,descendant_authors,0.9941982771983436
tol99,availability,100,null,492.0,45116,2,descendant_authors,0.9990478088531632
tol99,availability,100,null,493.0,49596,2,descendant_authors,1.0982528399654554
tol99,availability,100,null,494.0,44886,0,descendant_authors,0.9939546934165947
tol99,availability,100,null,495.0,44921,4,descendant_authors,0.9947297327221595
tol99,availability,100,null,496.0,44804,0,descendant_authors,0.9921388870435572
tol99,availability,100,null,497.0,44916,2,descendant_authors,0.9946190128213646
tol99,availability,100,null,498.0,45207,2,descendant_authors,1.0010629110476317
tol99,availability,100,null,499.0,44912,3,descendant_authors,0.9945304369007285
tol99,availability,100,downloads,,13498,2,,
tol99,availability,100,null,0.0,13586,0,downloads,1.0065194843680545
tol99,availability,100,null,1.0,13831,0,downloads,1.0246703215291155
tol99,availability,100,null,2.0,13454,0,downloads,0.9967402578159728
tol99,availability,100,null,3.0,15299,0,downloads,1.1334271743962068
tol99,availability,100,null,4.0,15425,0,downloads,1.1427618906504666
tol99,availability,100,null,5.0,13480,0,downloads,0.9986664691065343
tol99,availability,100,null,6.0,13479,0,downloads,0.9985923840568973
tol99,availability,100,null,7.0,13476,0,downloads,0.9983701289079864
tol99,availability,100,null,8.0,14513,0,downloads,1.075196325381538
tol99,availability,100,null,9.0,13585,1,downloads,1.0064453993184175
tol99,availability,100,null,10.0,15081,0,downloads,1.1172766335753446
tol99,availability,100,null,11.0,14533,0,downloads,1.0766780263742777
tol99,availability,100,null,12.0,15525,0,downloads,1.1501703956141651
tol99,availability,100,null,13.0,13473,0,downloads,0.9981478737590754
tol99,availability,100,null,14.0,15989,1,downloads,1.1845458586457254
tol99,availability,100,null,15.0,14643,0,downloads,1.084827381834346
tol99,availability,100,null,16.0,13470,1,downloads,0.9979256186101645
tol99,availability,100,null,17.0,13461,0,downloads,0.9972588531634317
tol99,availability,100,null,18.0,13469,1,downloads,0.9978515335605275
tol99,availability,100,null,19.0,13479,2,downloads,0.9985923840568973
tol99,availability,100,null,20.0,13469,0,downloads,0.9978515335605275
tol99,availability,100,null,21.0,13548,0,downloads,1.0037042524818491
tol99,availability,100,null,22.0,14584,1,downloads,1.0804563639057638
tol99,availability,100,null,23.0,13467,1,downloads,0.9977033634612535
tol99,availability,100,null,24.0,13801,0,downloads,1.0224477700400059
tol99,availability,100,null,25.0,14794,0,downloads,1.0960142243295303
tol99,availability,100,null,26.0,13480,3,downloads,0.9986664691065343
tol99,availability,100,null,27.0,14238,2,downloads,1.0548229367313675
tol99,availability,100,null,28.0,14887,0,downloads,1.1029041339457697
tol99,availability,100,null,29.0,13476,0,downloads,0.9983701289079864
tol99,availability,100,null,30.0,13455,1,downloads,0.9968143428656098
tol99,availability,100,null,31.0,13478,0,downloads,0.9985182990072603
tol99,availability,100,null,32.0,13471,0,downloads,0.9979997036598015
tol99,availability,100,null,33.0,13922,0,downloads,1.0314120610460809
tol99,availability,100,null,34.0,13485,0,downloads,0.9990368943547192
tol99,availability,100,null,35.0,13470,1,downloads,0.9979256186101645
tol99,availability,100,null,36.0,13530,2,downloads,1.0023707215883835
tol99,availability,100,null,37.0,13476,0,downloads,0.9983701289079864
tol99,availability,100,null,38.0,13444,0,downloads,0.9959994073196029
tol99,availability,100,null,39.0,13480,0,downloads,0.9986664691065343
tol99,availability,100,null,40.0,13464,1,downloads,0.9974811083123426
tol99,availability,100,null,41.0,13482,0,downloads,0.9988146392058083
tol99,availability,100,null,42.0,13764,0,downloads,1.0197066232034375
tol99,availability,100,null,43.0,13478,1,downloads,0.9985182990072603
tol99,availability,100,null,44.0,13468,0,downloads,0.9977774485108905
tol99,availability,100,null,45.0,13479,0,downloads,0.9985923840568973
tol99,availability,100,null,46.0,13584,0,downloads,1.0063713142687805
tol99,availability,100,null,47.0,13477,1,downloads,0.9984442139576234
tol99,availability,100,null,48.0,13456,4,downloads,0.9968884279152467
tol99,availability,100,null,49.0,15198,2,downloads,1.1259445843828715
tol99,availability,100,null,50.0,13478,1,downloads,0.9985182990072603
tol99,availability,100,null,51.0,13477,0,downloads,0.9984442139576234
tol99,availability,100,null,52.0,13512,0,downloads,1.0010371906949178
tol99,availability,100,null,53.0,14116,1,downloads,1.0457845606756557
tol99,availability,100,null,54.0,13561,0,downloads,1.00466735812713
tol99,availability,100,null,55.0,13478,0,downloads,0.9985182990072603
tol99,availability,100,null,56.0,13561,0,downloads,1.00466735812713
tol99,availability,100,null,57.0,14213,1,downloads,1.052970810490443
tol99,availability,100,null,58.0,13489,0,downloads,0.9993332345532672
tol99,availability,100,null,59.0,13445,0,downloads,0.9960734923692399
tol99,availability,100,null,60.0,13833,0,downloads,1.0248184916283893
tol99,availability,100,null,61.0,14495,0,downloads,1.0738627944880723
tol99,availability,100,null,62.0,13951,0,downloads,1.0335605274855535
tol99,availability,100,null,63.0,16669,0,downloads,1.234923692398874
tol99,availability,100,null,64.0,13472,0,downloads,0.9980737887094384
tol99,availability,100,null,65.0,14052,0,downloads,1.0410431174988888
tol99,availability,100,null,66.0,15747,0,downloads,1.1666172766335754
tol99,availability,100,null,67.0,13470,0,downloads,0.9979256186101645
tol99,availability,100,null,68.0,14231,0,downloads,1.0543043413839088
tol99,availability,100,null,69.0,13484,1,downloads,0.9989628093050822
tol99,availability,100,null,70.0,13475,0,downloads,0.9982960438583494
tol99,availability,100,null,71.0,13458,1,downloads,0.9970365980145207
tol99,availability,100,null,72.0,13460,0,downloads,0.9971847681137946
tol99,availability,100,null,73.0,13481,1,downloads,0.9987405541561712
tol99,availability,100,null,74.0,13441,0,downloads,0.995777152170692
tol99,availability,100,null,75.0,13470,0,downloads,0.9979256186101645
tol99,availability,100,null,76.0,13479,0,downloads,0.9985923840568973
tol99,availability,100,null,77.0,13456,0,downloads,0.9968884279152467
tol99,availability,100,null,78.0,13484,0,downloads,0.9989628093050822
tol99,availability,100,null,79.0,13480,1,downloads,0.9986664691065343
tol99,availability,100,null,80.0,13501,0,downloads,1.000222255148911
tol99,availability,100,null,81.0,13463,0,downloads,0.9974070232627056
tol99,availability,100,null,82.0,14655,0,downloads,1.0857164024299897
tol99,availability,100,null,83.0,13459,0,downloads,0.9971106830641576
tol99,availability,100,null,84.0,13463,0,downloads,0.9974070232627056
tol99,availability,100,null,85.0,14605,1,downloads,1.0820121499481405
tol99,availability,100,null,86.0,13572,0,downloads,1.0054822936731367
tol99,availability,100,null,87.0,13476,0,downloads,0.9983701289079864
tol99,availability,100,null,88.0,13486,0,downloads,0.9991109794043562
tol99,availability,100,null,89.0,13475,0,downloads,0.9982960438583494
tol99,availability,100,null,90.0,13475,1,downloads,0.9982960438583494
tol99,availability,100,null,91.0,13486,2,downloads,0.9991109794043562
tol99,availability,100,null,92.0,13483,0,downloads,0.9988887242554453
tol99,availability,100,null,93.0,13702,0,downloads,1.0151133501259446
tol99,availability,100,null,94.0,14691,0,downloads,1.088383464216921
tol99,availability,100,null,95.0,13477,2,downloads,0.9984442139576234
tol99,availability,100,null,96.0,13476,1,downloads,0.9983701289079864
tol99,availability,100,null,97.0,13476,2,downloads,0.9983701289079864
tol99,availability,100,null,98.0,13470,0,downloads,0.9979256186101645
tol99,availability,100,null,99.0,13474,0,downloads,0.9982219588087125
tol99,availability,100,null,100.0,13474,0,downloads,0.9982219588087125
tol99,availability,100,null,101.0,13463,2,downloads,0.9974070232627056
tol99,availability,100,null,102.0,13484,0,downloads,0.9989628093050822
tol99,availability,100,null,103.0,13453,2,downloads,0.9966661727663357
tol99,availability,100,null,104.0,13478,0,downloads,0.9985182990072603
tol99,availability,100,null,105.0,17768,0,downloads,1.3163431619499184
tol99,availability,100,null,106.0,13472,1,downloads,0.9980737887094384
tol99,availability,100,null,107.0,13464,1,downloads,0.9974811083123426
tol99,availability,100,null,108.0,13485,0,downloads,0.9990368943547192
tol99,availability,100,null,109.0,13466,2,downloads,0.9976292784116165
tol99,availability,100,null,110.0,13489,1,downloads,0.9993332345532672
tol99,availability,100,null,111.0,13506,0,downloads,1.000592680397096
tol99,availability,100,null,112.0,15928,1,downloads,1.1800266706178693
tol99,availability,100,null,113.0,13528,1,downloads,1.0022225514891094
tol99,availability,100,null,114.0,13451,0,downloads,0.9965180026670618
tol99,availability,100,null,115.0,13475,1,downloads,0.9982960438583494
tol99,availability,100,null,116.0,13481,2,downloads,0.9987405541561712
tol99,availability,100,null,117.0,13482,0,downloads,0.9988146392058083
tol99,availability,100,null,118.0,13466,0,downloads,0.9976292784116165
tol99,availability,100,null,119.0,13482,0,downloads,0.9988146392058083
tol99,availability,100,null,120.0,13463,0,downloads,0.9974070232627056
tol99,availability,100,null,121.0,14274,0,downloads,1.057489998518299
tol99,availability,100,null,122.0,13485,0,downloads,0.9990368943547192
tol99,availability,100,null,123.0,13474,0,downloads,0.9982219588087125
tol99,availability,100,null,124.0,13473,0,downloads,0.9981478737590754
tol99,availability,100,null,125.0,13486,0,downloads,0.9991109794043562
tol99,availability,100,null,126.0,13467,0,downloads,0.9977033634612535
tol99,availability,100,null,127.0,13485,0,downloads,0.9990368943547192
tol99,availability,100,null,128.0,13479,0,downloads,0.9985923840568973
tol99,availability,100,null,129.0,14592,0,downloads,1.0810490443028598
tol99,availability,100,null,130.0,13614,1,downloads,1.0085938657578901
tol99,availability,100,null,131.0,13482,0,downloads,0.9988146392058083
tol99,availability,100,null,132.0,13476,0,downloads,0.9983701289079864
tol99,availability,100,null,133.0,13573,0,downloads,1.0055563787227737
tol99,availability,100,null,134.0,13471,0,downloads,0.9979997036598015
tol99,availability,100,null,135.0,13684,2,downloads,1.013779819232479
tol99,availability,100,null,136.0,13584,0,downloads,1.0063713142687805
tol99,availability,100,null,137.0,13470,0,downloads,0.9979256186101645
tol99,availability,100,null,138.0,13459,0,downloads,0.9971106830641576
tol99,availability,100,null,139.0,13475,0,downloads,0.9982960438583494
tol99,availability,100,null,140.0,13472,0,downloads,0.9980737887094384
tol99,availability,100,null,141.0,13481,0,downloads,0.9987405541561712
tol99,availability,100,null,142.0,13806,0,downloads,1.0228181952881907
tol99,availability,100,null,143.0,13476,2,downloads,0.9983701289079864
tol99,availability,100,null,144.0,13693,0,downloads,1.0144465846792117
tol99,availability,100,null,145.0,13477,2,downloads,0.9984442139576234
tol99,availability,100,null,146.0,13913,0,downloads,1.0307452955993481
tol99,availability,100,null,147.0,13509,1,downloads,1.0008149355460068
tol99,availability,100,null,148.0,14584,0,downloads,1.0804563639057638
tol99,availability,100,null,149.0,13475,1,downloads,0.9982960438583494
tol99,availability,100,null,150.0,13468,0,downloads,0.9977774485108905
tol99,availability,100,null,151.0,13542,3,downloads,1.0032597421840272
tol99,availability,100,null,152.0,13487,0,downloads,0.9991850644539931
tol99,availability,100,null,153.0,13477,0,downloads,0.9984442139576234
tol99,availability,100,null,154.0,13475,2,downloads,0.9982960438583494
tol99,availability,100,null,155.0,13576,0,downloads,1.0057786338716848
tol99,availability,100,null,156.0,13484,0,downloads,0.9989628093050822
tol99,availability,100,null,157.0,13816,0,downloads,1.0235590457845607
tol99,availability,100,null,158.0,13777,0,downloads,1.0206697288487183
tol99,availability,100,null,159.0,13488,0,downloads,0.9992591495036302
tol99,availability,100,null,160.0,13477,0,downloads,0.9984442139576234
tol99,availability,100,null,161.0,13492,0,downloads,0.9995554897021781
tol99,availability,100,null,162.0,13472,2,downloads,0.9980737887094384
tol99,availability,100,null,163.0,13493,0,downloads,0.9996295747518151
tol99,availability,100,null,164.0,13473,0,downloads,0.9981478737590754
tol99,availability,100,null,165.0,13467,2,downloads,0.9977033634612535
tol99,availability,100,null,166.0,13474,3,downloads,0.9982219588087125
tol99,availability,100,null,167.0,15431,0,downloads,1.1432064009482887
tol99,availability,100,null,168.0,13467,0,downloads,0.9977033634612535
tol99,availability,100,null,169.0,13506,0,downloads,1.000592680397096
tol99,availability,100,null,170.0,13447,1,downloads,0.9962216624685138
tol99,availability,100,null,171.0,13490,0,downloads,0.9994073196029042
tol99,availability,100,null,172.0,13489,0,downloads,0.9993332345532672
tol99,availability,100,null,173.0,14161,2,downloads,1.04911838790932
tol99,availability,100,null,174.0,18216,0,downloads,1.349533264187287
tol99,availability,100,null,175.0,13554,0,downloads,1.004148762779671
tol99,availability,100,null,176.0,13463,0,downloads,0.9974070232627056
tol99,availability,100,null,177.0,13481,0,downloads,0.9987405541561712
tol99,availability,100,null,178.0,13680,1,downloads,1.0134834790339309
tol99,availability,100,null,179.0,13741,0,downloads,1.018002667061787
tol99,availability,100,null,180.0,13470,0,downloads,0.9979256186101645
tol99,availability,100,null,181.0,13620,1,downloads,1.009038376055712
tol99,availability,100,null,182.0,13490,3,downloads,0.9994073196029042
tol99,availability,100,null,183.0,13468,2,downloads,0.9977774485108905
tol99,availability,100,null,184.0,13477,0,downloads,0.9984442139576234
tol99,availability,100,null,185.0,13715,0,downloads,1.0160764557712254
tol99,availability,100,null,186.0,13470,0,downloads,0.9979256186101645
tol99,availability,100,null,187.0,13466,0,downloads,0.9976292784116165
tol99,availability,100,null,188.0,13470,3,downloads,0.9979256186101645
tol99,availability,100,null,189.0,13487,0,downloads,0.9991850644539931
tol99,availability,100,null,190.0,17658,0,downloads,1.3081938064898504
tol99,availability,100,null,191.0,13473,1,downloads,0.9981478737590754
tol99,availability,100,null,192.0,13474,3,downloads,0.9982219588087125
tol99,availability,100,null,193.0,13483,1,downloads,0.9988887242554453
tol99,availability,100,null,194.0,13551,0,downloads,1.0039265076307602
tol99,availability,100,null,195.0,13502,0,downloads,1.0002963401985479
tol99,availability,100,null,196.0,13452,0,downloads,0.9965920877166987
tol99,availability,100,null,197.0,13696,0,downloads,1.0146688398281227
tol99,availability,100,null,198.0,13710,0,downloads,1.0157060305230405
tol99,availability,100,null,199.0,13492,0,downloads,0.9995554897021781
tol99,availability,100,null,200.0,13638,1,downloads,1.0103719069491777
tol99,availability,100,null,201.0,13544,1,downloads,1.0034079122833013
tol99,availability,100,null,202.0,13447,2,downloads,0.9962216624685138
tol99,availability,100,null,203.0,13459,0,downloads,0.9971106830641576
tol99,availability,100,null,204.0,13477,0,downloads,0.9984442139576234
tol99,availability,100,null,205.0,13679,0,downloads,1.0134093939842939
tol99,availability,100,null,206.0,13489,3,downloads,0.9993332345532672
tol99,availability,100,null,207.0,13470,0,downloads,0.9979256186101645
tol99,availability,100,null,208.0,16873,1,downloads,1.2500370425248184
tol99,availability,100,null,209.0,13552,1,downloads,1.004000592680397
tol99,availability,100,null,210.0,13488,1,downloads,0.9992591495036302
tol99,availability,100,null,211.0,14131,2,downloads,1.0468958364202103
tol99,availability,100,null,212.0,13471,0,downloads,0.9979997036598015
tol99,availability,100,null,213.0,13474,0,downloads,0.9982219588087125
tol99,availability,100,null,214.0,13497,1,downloads,0.999925914950363
tol99,availability,100,null,215.0,13477,1,downloads,0.9984442139576234
tol99,availability,100,null,216.0,13948,0,downloads,1.0333382723366424
tol99,availability,100,null,217.0,13624,1,downloads,1.0093347162542599
tol99,availability,100,null,218.0,13482,0,downloads,0.9988146392058083
tol99,availability,100,null,219.0,13492,0,downloads,0.9995554897021781
tol99,availability,100,null,220.0,13595,0,downloads,1.0071862498147874
tol99,availability,100,null,221.0,13764,0,downloads,1.0197066232034375
tol99,availability,100,null,222.0,13843,0,downloads,1.0255593421247593
tol99,availability,100,null,223.0,13814,0,downloads,1.0234108756852867
tol99,availability,100,null,224.0,13465,0,downloads,0.9975551933619795
tol99,availability,100,null,225.0,13476,1,downloads,0.9983701289079864
tol99,availability,100,null,226.0,13477,1,downloads,0.9984442139576234
tol99,availability,100,null,227.0,13484,0,downloads,0.9989628093050822
tol99,availability,100,null,228.0,13482,0,downloads,0.9988146392058083
tol99,availability,100,null,229.0,14750,0,downloads,1.092754482145503
tol99,availability,100,null,230.0,14372,1,downloads,1.0647503333827233
tol99,availability,100,null,231.0,13552,0,downloads,1.004000592680397
tol99,availability,100,null,232.0,13455,1,downloads,0.9968143428656098
tol99,availability,100,null,233.0,13674,0,downloads,1.013038968736109
tol99,availability,100,null,234.0,13485,0,downloads,0.9990368943547192
tol99,availability,100,null,235.0,13482,2,downloads,0.9988146392058083
tol99,availability,100,null,236.0,13470,0,downloads,0.9979256186101645
tol99,availability,100,null,237.0,13473,0,downloads,0.9981478737590754
tol99,availability,100,null,238.0,13474,0,downloads,0.9982219588087125
tol99,availability,100,null,239.0,13457,0,downloads,0.9969625129648837
tol99,availability,100,null,240.0,13455,0,downloads,0.9968143428656098
tol99,availability,100,null,241.0,13495,0,downloads,0.9997777448510891
tol99,availability,100,null,242.0,13452,0,downloads,0.9965920877166987
tol99,availability,100,null,243.0,13462,0,downloads,0.9973329382130686
tol99,availability,100,null,244.0,13473,0,downloads,0.9981478737590754
tol99,availability,100,null,245.0,13459,0,downloads,0.9971106830641576
tol99,availability,100,null,246.0,13490,0,downloads,0.9994073196029042
tol99,availability,100,null,247.0,13488,0,downloads,0.9992591495036302
tol99,availability,100,null,248.0,13469,0,downloads,0.9978515335605275
tol99,availability,100,null,249.0,13474,0,downloads,0.9982219588087125
tol99,availability,100,null,250.0,13478,0,downloads,0.9985182990072603
tol99,availability,100,null,251.0,13474,2,downloads,0.9982219588087125
tol99,availability,100,null,252.0,13468,0,downloads,0.9977774485108905
tol99,availability,100,null,253.0,15814,0,downloads,1.1715809749592532
tol99,availability,100,null,254.0,13474,0,downloads,0.9982219588087125
tol99,availability,100,null,255.0,13521,0,downloads,1.0017039561416505
tol99,availability,100,null,256.0,14504,0,downloads,1.0745295599348053
tol99,availability,100,null,257.0,13486,0,downloads,0.9991109794043562
tol99,availability,100,null,258.0,13453,0,downloads,0.9966661727663357
tol99,availability,100,null,259.0,13479,2,downloads,0.9985923840568973
tol99,availability,100,null,260.0,13473,2,downloads,0.9981478737590754
tol99,availability,100,null,261.0,13475,0,downloads,0.9982960438583494
tol99,availability,100,null,262.0,13525,0,downloads,1.0020002963401986
tol99,availability,100,null,263.0,13467,2,downloads,0.9977033634612535
tol99,availability,100,null,264.0,13492,1,downloads,0.9995554897021781
tol99,availability,100,null,265.0,13586,1,downloads,1.0065194843680545
tol99,availability,100,null,266.0,13915,0,downloads,1.030893465698622
tol99,availability,100,null,267.0,13987,0,downloads,1.0362275892724848
tol99,availability,100,null,268.0,13476,0,downloads,0.9983701289079864
tol99,availability,100,null,269.0,13493,0,downloads,0.9996295747518151
tol99,availability,100,null,270.0,13453,0,downloads,0.9966661727663357
tol99,availability,100,null,271.0,13448,1,downloads,0.9962957475181509
tol99,availability,100,null,272.0,13470,0,downloads,0.9979256186101645
tol99,availability,100,null,273.0,13641,1,downloads,1.0105941620980885
tol99,availability,100,null,274.0,13617,0,downloads,1.008816120906801
tol99,availability,100,null,275.0,14174,0,downloads,1.0500814935546008
tol99,availability,100,null,276.0,13564,0,downloads,1.004889613276041
tol99,availability,100,null,277.0,13578,1,downloads,1.0059268039709586
tol99,availability,100,null,278.0,13482,2,downloads,0.9988146392058083
tol99,availability,100,null,279.0,13519,0,downloads,1.0015557860423767
tol99,availability,100,null,280.0,13474,0,downloads,0.9982219588087125
tol99,availability,100,null,281.0,13473,2,downloads,0.9981478737590754
tol99,availability,100,null,282.0,13484,0,downloads,0.9989628093050822
tol99,availability,100,null,283.0,13805,0,downloads,1.022744110238554
tol99,availability,100,null,284.0,13497,0,downloads,0.999925914950363
tol99,availability,100,null,285.0,13475,1,downloads,0.9982960438583494
tol99,availability,100,null,286.0,13603,0,downloads,1.0077789302118831
tol99,availability,100,null,287.0,13481,0,downloads,0.9987405541561712
tol99,availability,100,null,288.0,13483,0,downloads,0.9988887242554453
tol99,availability,100,null,289.0,13472,1,downloads,0.9980737887094384
tol99,availability,100,null,290.0,15447,0,downloads,1.1443917617424804
tol99,availability,100,null,291.0,13730,0,downloads,1.01718773151578
tol99,availability,100,null,292.0,14072,0,downloads,1.0425248184916285
tol99,availability,100,null,293.0,13450,1,downloads,0.9964439176174248
tol99,availability,100,null,294.0,13477,1,downloads,0.9984442139576234
tol99,availability,100,null,295.0,13476,1,downloads,0.9983701289079864
tol99,availability,100,null,296.0,13459,0,downloads,0.9971106830641576
tol99,availability,100,null,297.0,13469,0,downloads,0.9978515335605275
tol99,availability,100,null,298.0,13480,0,downloads,0.9986664691065343
tol99,availability,100,null,299.0,13475,0,downloads,0.9982960438583494
tol99,availability,100,null,300.0,13473,2,downloads,0.9981478737590754
tol99,availability,100,null,301.0,13483,0,downloads,0.9988887242554453
tol99,availability,100,null,302.0,13488,0,downloads,0.9992591495036302
tol99,availability,100,null,303.0,13449,0,downloads,0.9963698325677878
tol99,availability,100,null,304.0,13476,0,downloads,0.9983701289079864
tol99,availability,100,null,305.0,13898,0,downloads,1.0296340198547933
tol99,availability,100,null,306.0,13483,1,downloads,0.9988887242554453
tol99,availability,100,null,307.0,13483,1,downloads,0.9988887242554453
tol99,availability,100,null,308.0,14508,0,downloads,1.074825900133353
tol99,availability,100,null,309.0,15713,0,downloads,1.1640983849459179
tol99,availability,100,null,310.0,13513,0,downloads,1.0011112757445548
tol99,availability,100,null,311.0,15850,1,downloads,1.1742480367461847
tol99,availability,100,null,312.0,13481,0,downloads,0.9987405541561712
tol99,availability,100,null,313.0,13479,0,downloads,0.9985923840568973
tol99,availability,100,null,314.0,13708,1,downloads,1.0155578604237665
tol99,availability,100,null,315.0,13888,0,downloads,1.0288931693584236
tol99,availability,100,null,316.0,13441,1,downloads,0.995777152170692
tol99,availability,100,null,317.0,16786,1,downloads,1.243591643206401
tol99,availability,100,null,318.0,13468,0,downloads,0.9977774485108905
tol99,availability,100,null,319.0,13472,1,downloads,0.9980737887094384
tol99,availability,100,null,320.0,16555,1,downloads,1.226477996740258
tol99,availability,100,null,321.0,13482,1,downloads,0.9988146392058083
tol99,availability,100,null,322.0,14539,0,downloads,1.0771225366720996
tol99,availability,100,null,323.0,13683,0,downloads,1.013705734182842
tol99,availability,100,null,324.0,13474,0,downloads,0.9982219588087125
tol99,availability,100,null,325.0,13464,0,downloads,0.9974811083123426
tol99,availability,100,null,326.0,13473,0,downloads,0.9981478737590754
tol99,availability,100,null,327.0,13470,1,downloads,0.9979256186101645
tol99,availability,100,null,328.0,13489,0,downloads,0.9993332345532672
tol99,availability,100,null,329.0,13470,0,downloads,0.9979256186101645
tol99,availability,100,null,330.0,13470,0,downloads,0.9979256186101645
tol99,availability,100,null,331.0,13758,0,downloads,1.0192621129056156
tol99,availability,100,null,332.0,13460,0,downloads,0.9971847681137946
tol99,availability,100,null,333.0,14438,0,downloads,1.0696399466587643
tol99,availability,100,null,334.0,14445,0,downloads,1.0701585420062232
tol99,availability,100,null,335.0,13520,0,downloads,1.0016298710920137
tol99,availability,100,null,336.0,13470,0,downloads,0.9979256186101645
tol99,availability,100,null,337.0,13470,4,downloads,0.9979256186101645
tol99,availability,100,null,338.0,13471,0,downloads,0.9979997036598015
tol99,availability,100,null,339.0,13473,0,downloads,0.9981478737590754
tol99,availability,100,null,340.0,13487,0,downloads,0.9991850644539931
tol99,availability,100,null,341.0,13471,3,downloads,0.9979997036598015
tol99,availability,100,null,342.0,13482,0,downloads,0.9988146392058083
tol99,availability,100,null,343.0,14400,1,downloads,1.066824714772559
tol99,availability,100,null,344.0,13484,1,downloads,0.9989628093050822
tol99,availability,100,null,345.0,13745,0,downloads,1.0182990072603348
tol99,availability,100,null,346.0,13485,1,downloads,0.9990368943547192
tol99,availability,100,null,347.0,13813,0,downloads,1.0233367906356496
tol99,availability,100,null,348.0,13461,0,downloads,0.9972588531634317
tol99,availability,100,null,349.0,13472,1,downloads,0.9980737887094384
tol99,availability,100,null,350.0,13466,0,downloads,0.9976292784116165
tol99,availability,100,null,351.0,13483,0,downloads,0.9988887242554453
tol99,availability,100,null,352.0,13515,2,downloads,1.0012594458438286
tol99,availability,100,null,353.0,13471,0,downloads,0.9979997036598015
tol99,availability,100,null,354.0,13492,0,downloads,0.9995554897021781
tol99,availability,100,null,355.0,13478,2,downloads,0.9985182990072603
tol99,availability,100,null,356.0,13458,0,downloads,0.9970365980145207
tol99,availability,100,null,357.0,13496,1,downloads,0.9998518299007261
tol99,availability,100,null,358.0,13467,0,downloads,0.9977033634612535
tol99,availability,100,null,359.0,13475,1,downloads,0.9982960438583494
tol99,availability,100,null,360.0,13470,0,downloads,0.9979256186101645
tol99,availability,100,null,361.0,13479,1,downloads,0.9985923840568973
tol99,availability,100,null,362.0,13483,0,downloads,0.9988887242554453
tol99,availability,100,null,363.0,13481,0,downloads,0.9987405541561712
tol99,availability,100,null,364.0,13483,2,downloads,0.9988887242554453
tol99,availability,100,null,365.0,13570,1,downloads,1.0053341235738629
tol99,availability,100,null,366.0,13501,2,downloads,1.000222255148911
tol99,availability,100,null,367.0,13485,0,downloads,0.9990368943547192
tol99,availability,100,null,368.0,13463,0,downloads,0.9974070232627056
tol99,availability,100,null,369.0,13645,0,downloads,1.0108905022966366
tol99,availability,100,null,370.0,13589,0,downloads,1.0067417395169656
tol99,availability,100,null,371.0,14236,0,downloads,1.0546747666320937
tol99,availability,100,null,372.0,13474,0,downloads,0.9982219588087125
tol99,availability,100,null,373.0,13468,0,downloads,0.9977774485108905
tol99,availability,100,null,374.0,13445,0,downloads,0.9960734923692399
tol99,availability,100,null,375.0,13461,1,downloads,0.9972588531634317
tol99,availability,100,null,376.0,15328,0,downloads,1.1355756408356794
tol99,availability,100,null,377.0,13470,1,downloads,0.9979256186101645
tol99,availability,100,null,378.0,16581,0,downloads,1.2284042080308193
tol99,availability,100,null,379.0,13469,0,downloads,0.9978515335605275
tol99,availability,100,null,380.0,13471,0,downloads,0.9979997036598015
tol99,availability,100,null,381.0,13457,0,downloads,0.9969625129648837
tol99,availability,100,null,382.0,14657,1,downloads,1.0858645725292635
tol99,availability,100,null,383.0,13466,0,downloads,0.9976292784116165
tol99,availability,100,null,384.0,13469,0,downloads,0.9978515335605275
tol99,availability,100,null,385.0,13450,1,downloads,0.9964439176174248
tol99,availability,100,null,386.0,13492,1,downloads,0.9995554897021781
tol99,availability,100,null,387.0,13480,3,downloads,0.9986664691065343
tol99,availability,100,null,388.0,13490,0,downloads,0.9994073196029042
tol99,availability,100,null,389.0,13481,2,downloads,0.9987405541561712
tol99,availability,100,null,390.0,13483,0,downloads,0.9988887242554453
tol99,availability,100,null,391.0,13482,0,downloads,0.9988146392058083
tol99,availability,100,null,392.0,13477,1,downloads,0.9984442139576234
tol99,availability,100,null,393.0,13471,1,downloads,0.9979997036598015
tol99,availability,100,null,394.0,13480,1,downloads,0.9986664691065343
tol99,availability,100,null,395.0,13467,0,downloads,0.9977033634612535
tol99,availability,100,null,396.0,13480,2,downloads,0.9986664691065343
tol99,availability,100,null,397.0,13464,0,downloads,0.9974811083123426
tol99,availability,100,null,398.0,13443,0,downloads,0.9959253222699659
tol99,availability,100,null,399.0,13480,2,downloads,0.9986664691065343
tol99,availability,100,null,400.0,13453,0,downloads,0.9966661727663357
tol99,availability,100,null,401.0,13552,1,downloads,1.004000592680397
tol99,availability,100,null,402.0,13478,0,downloads,0.9985182990072603
tol99,availability,100,null,403.0,13479,0,downloads,0.9985923840568973
tol99,availability,100,null,404.0,13561,2,downloads,1.00466735812713
tol99,availability,100,null,405.0,13424,0,downloads,0.9945177063268632
tol99,availability,100,null,406.0,14158,0,downloads,1.048896132760409
tol99,availability,100,null,407.0,13530,0,downloads,1.0023707215883835
tol99,availability,100,null,408.0,13630,1,downloads,1.0097792265520817
tol99,availability,100,null,409.0,13475,2,downloads,0.9982960438583494
tol99,availability,100,null,410.0,13467,1,downloads,0.9977033634612535
tol99,availability,100,null,411.0,13659,2,downloads,1.0119276929915544
tol99,availability,100,null,412.0,13479,0,downloads,0.9985923840568973
tol99,availability,100,null,413.0,14521,0,downloads,1.075789005778634
tol99,availability,100,null,414.0,14000,0,downloads,1.0371906949177656
tol99,availability,100,null,415.0,13497,0,downloads,0.999925914950363
tol99,availability,100,null,416.0,13475,0,downloads,0.9982960438583494
tol99,availability,100,null,417.0,13480,0,downloads,0.9986664691065343
tol99,availability,100,null,418.0,13474,0,downloads,0.9982219588087125
tol99,availability,100,null,419.0,13476,0,downloads,0.9983701289079864
tol99,availability,100,null,420.0,14218,0,downloads,1.053341235738628
tol99,availability,100,null,421.0,13482,0,downloads,0.9988146392058083
tol99,availability,100,null,422.0,13479,0,downloads,0.9985923840568973
tol99,availability,100,null,423.0,13469,0,downloads,0.9978515335605275
tol99,availability,100,null,424.0,14356,1,downloads,1.0635649725885317
tol99,availability,100,null,425.0,13475,0,downloads,0.9982960438583494
tol99,availability,100,null,426.0,13589,0,downloads,1.0067417395169656
tol99,availability,100,null,427.0,13480,0,downloads,0.9986664691065343
tol99,availability,100,null,428.0,13455,1,downloads,0.9968143428656098
tol99,availability,100,null,429.0,14492,0,downloads,1.0736405393391613
tol99,availability,100,null,430.0,13468,0,downloads,0.9977774485108905
tol99,availability,100,null,431.0,14501,0,downloads,1.0743073047858942
tol99,availability,100,null,432.0,13485,1,downloads,0.9990368943547192
tol99,availability,100,null,433.0,13880,1,downloads,1.0283004889613276
tol99,availability,100,null,434.0,13976,0,downloads,1.035412653726478
tol99,availability,100,null,435.0,13464,0,downloads,0.9974811083123426
tol99,availability,100,null,436.0,13546,2,downloads,1.003556082382575
tol99,availability,100,null,437.0,13461,0,downloads,0.9972588531634317
tol99,availability,100,null,438.0,15699,2,downloads,1.163061194251
tol99,availability,100,null,439.0,14271,0,downloads,1.057267743369388
tol99,availability,100,null,440.0,13514,0,downloads,1.0011853607941916
tol99,availability,100,null,441.0,14288,0,downloads,1.0585271892132169
tol99,availability,100,null,442.0,13477,1,downloads,0.9984442139576234
tol99,availability,100,null,443.0,13465,0,downloads,0.9975551933619795
tol99,availability,100,null,444.0,13518,0,downloads,1.0014817009927397
tol99,availability,100,null,445.0,13458,1,downloads,0.9970365980145207
tol99,availability,100,null,446.0,13476,0,downloads,0.9983701289079864
tol99,availability,100,null,447.0,13480,2,downloads,0.9986664691065343
tol99,availability,100,null,448.0,13476,0,downloads,0.9983701289079864
tol99,availability,100,null,449.0,13469,1,downloads,0.9978515335605275
tol99,availability,100,null,450.0,13482,1,downloads,0.9988146392058083
tol99,availability,100,null,451.0,13486,0,downloads,0.9991109794043562
tol99,availability,100,null,452.0,13751,0,downloads,1.0187435175581567
tol99,availability,100,null,453.0,13710,3,downloads,1.0157060305230405
tol99,availability,100,null,454.0,13472,0,downloads,0.9980737887094384
tol99,availability,100,null,455.0,13530,0,downloads,1.0023707215883835
tol99,availability,100,null,456.0,13472,0,downloads,0.9980737887094384
tol99,availability,100,null,457.0,13488,1,downloads,0.9992591495036302
tol99,availability,100,null,458.0,13472,0,downloads,0.9980737887094384
tol99,availability,100,null,459.0,13494,0,downloads,0.999703659801452
tol99,availability,100,null,460.0,13493,2,downloads,0.9996295747518151
tol99,availability,100,null,461.0,13477,0,downloads,0.9984442139576234
tol99,availability,100,null,462.0,13489,1,downloads,0.9993332345532672
tol99,availability,100,null,463.0,13540,0,downloads,1.0031115720847532
tol99,availability,100,null,464.0,15204,2,downloads,1.1263890946806934
tol99,availability,100,null,465.0,13661,0,downloads,1.0120758630908282
tol99,availability,100,null,466.0,13509,0,downloads,1.0008149355460068
tol99,availability,100,null,467.0,13478,0,downloads,0.9985182990072603
tol99,availability,100,null,468.0,13474,0,downloads,0.9982219588087125
tol99,availability,100,null,469.0,14892,0,downloads,1.1032745591939546
tol99,availability,100,null,470.0,13614,0,downloads,1.0085938657578901
tol99,availability,100,null,471.0,13478,0,downloads,0.9985182990072603
tol99,availability,100,null,472.0,13468,0,downloads,0.9977774485108905
tol99,availability,100,null,473.0,13873,2,downloads,1.0277818936138687
tol99,availability,100,null,474.0,13574,1,downloads,1.0056304637724107
tol99,availability,100,null,475.0,13767,1,downloads,1.0199288783523486
tol99,availability,100,null,476.0,13612,3,downloads,1.008445695658616
tol99,availability,100,null,477.0,13491,0,downloads,0.9994814046525411
tol99,availability,100,null,478.0,13649,0,downloads,1.0111868424951844
tol99,availability,100,null,479.0,14032,0,downloads,1.039561416506149
tol99,availability,100,null,480.0,15410,0,downloads,1.141650614905912
tol99,availability,100,null,481.0,13552,1,downloads,1.004000592680397
tol99,availability,100,null,482.0,13484,1,downloads,0.9989628093050822
tol99,availability,100,null,483.0,14260,0,downloads,1.0564528078233812
tol99,availability,100,null,484.0,13481,0,downloads,0.9987405541561712
tol99,availability,100,null,485.0,13781,0,downloads,1.0209660690472662
tol99,availability,100,null,486.0,13434,0,downloads,0.995258556823233
tol99,availability,100,null,487.0,13465,0,downloads,0.9975551933619795
tol99,availability,100,null,488.0,13881,0,downloads,1.0283745740109647
tol99,availability,100,null,489.0,13479,0,downloads,0.9985923840568973
tol99,availability,100,null,490.0,13477,0,downloads,0.9984442139576234
tol99,availability,100,null,491.0,13891,0,downloads,1.0291154245073344
tol99,availability,100,null,492.0,13558,1,downloads,1.004445102978219
tol99,availability,100,null,493.0,13477,1,downloads,0.9984442139576234
tol99,availability,100,null,494.0,13452,0,downloads,0.9965920877166987
tol99,availability,100,null,495.0,13470,1,downloads,0.9979256186101645
tol99,availability,100,null,496.0,13465,1,downloads,0.9975551933619795
tol99,availability,100,null,497.0,13820,2,downloads,1.0238553859831085
tol99,availability,100,null,498.0,13485,0,downloads,0.9990368943547192
tol99,availability,100,null,499.0,13467,0,downloads,0.9977033634612535
tol99,availability,100,outdegree,,47612,1,,
tol99,availability,100,null,0.0,47916,1,outdegree,1.0063849449718558
tol99,availability,100,null,1.0,47309,3,outdegree,0.9936360581366043
tol99,availability,100,null,2.0,47239,0,outdegree,0.9921658405444006
tol99,availability,100,null,3.0,47356,2,outdegree,0.9946232042342267
tol99,availability,100,null,4.0,47321,0,outdegree,0.9938880954381248
tol99,availability,100,null,5.0,47287,1,outdegree,0.9931739897504831
tol99,availability,100,null,6.0,47330,0,outdegree,0.9940771234142654
tol99,availability,100,null,7.0,47320,1,outdegree,0.9938670923296647
tol99,availability,100,null,8.0,47394,3,outdegree,0.9954213223557087
tol99,availability,100,null,9.0,47410,4,outdegree,0.9957573720910695
tol99,availability,100,null,10.0,47810,1,outdegree,1.0041586154750903
tol99,availability,100,null,11.0,47601,1,outdegree,0.9997689658069394
tol99,availability,100,null,12.0,47342,1,outdegree,0.9943291607157859
tol99,availability,100,null,13.0,47298,0,outdegree,0.9934050239435437
tol99,availability,100,null,14.0,47239,2,outdegree,0.9921658405444006
tol99,availability,100,null,15.0,47478,3,outdegree,0.997185583466353
tol99,availability,100,null,16.0,47329,2,outdegree,0.9940561203058053
tol99,availability,100,null,17.0,47463,3,outdegree,0.9968705368394523
tol99,availability,100,null,18.0,48349,1,outdegree,1.0154792909350583
tol99,availability,100,null,19.0,47357,2,outdegree,0.9946442073426868
tol99,availability,100,null,20.0,47443,1,outdegree,0.9964504746702512
tol99,availability,100,null,21.0,47469,1,outdegree,0.9969965554902126
tol99,availability,100,null,22.0,48951,1,outdegree,1.0281231622280098
tol99,availability,100,null,23.0,47283,2,outdegree,0.9930899773166428
tol99,availability,100,null,24.0,47251,2,outdegree,0.9924178778459212
tol99,availability,100,null,25.0,47621,2,outdegree,1.0001890279761405
tol99,availability,100,null,26.0,47339,3,outdegree,0.9942661513904058
tol99,availability,100,null,27.0,47792,2,outdegree,1.0037805595228093
tol99,availability,100,null,28.0,47977,3,outdegree,1.007666134587919
tol99,availability,100,null,29.0,48551,0,outdegree,1.019721918843989
tol99,availability,100,null,30.0,47316,2,outdegree,0.9937830798958246
tol99,availability,100,null,31.0,47284,1,outdegree,0.9931109804251029
tol99,availability,100,null,32.0,47273,1,outdegree,0.9928799462320423
tol99,availability,100,null,33.0,47565,1,outdegree,0.9990128539023776
tol99,availability,100,null,34.0,47273,2,outdegree,0.9928799462320423
tol99,availability,100,null,35.0,47755,1,outdegree,1.0030034445097875
tol99,availability,100,null,36.0,47367,2,outdegree,0.9948542384272873
tol99,availability,100,null,37.0,47328,0,outdegree,0.9940351171973452
tol99,availability,100,null,38.0,47784,1,outdegree,1.003612534655129
tol99,availability,100,null,39.0,47406,0,outdegree,0.9956733596572293
tol99,availability,100,null,40.0,47699,2,outdegree,1.0018272704360245
tol99,availability,100,null,41.0,47258,1,outdegree,0.9925648996051416
tol99,availability,100,null,42.0,47330,1,outdegree,0.9940771234142654
tol99,availability,100,null,43.0,47347,1,outdegree,0.9944341762580862
tol99,availability,100,null,44.0,47498,0,outdegree,0.9976056456355541
tol99,availability,100,null,45.0,48241,1,outdegree,1.0132109552213728
tol99,availability,100,null,46.0,47287,0,outdegree,0.9931739897504831
tol99,availability,100,null,47.0,48931,2,outdegree,1.0277031000588086
tol99,availability,100,null,48.0,47273,4,outdegree,0.9928799462320423
tol99,availability,100,null,49.0,47322,2,outdegree,0.9939090985465849
tol99,availability,100,null,50.0,47299,1,outdegree,0.9934260270520037
tol99,availability,100,null,51.0,47317,0,outdegree,0.9938040830042847
tol99,availability,100,null,52.0,47224,1,outdegree,0.9918507939174998
tol99,availability,100,null,53.0,47191,1,outdegree,0.9911576913383181
tol99,availability,100,null,54.0,47459,1,outdegree,0.996786524405612
tol99,availability,100,null,55.0,47916,3,outdegree,1.0063849449718558
tol99,availability,100,null,56.0,47312,0,outdegree,0.9936990674619843
tol99,availability,100,null,57.0,47612,1,outdegree,1.0
tol99,availability,100,null,58.0,47310,1,outdegree,0.9936570612450643
tol99,availability,100,null,59.0,47281,0,outdegree,0.9930479710997228
tol99,availability,100,null,60.0,48492,1,outdegree,1.0184827354448458
tol99,availability,100,null,61.0,49762,1,outdegree,1.045156683189112
tol99,availability,100,null,62.0,48488,3,outdegree,1.0183987230110056
tol99,availability,100,null,63.0,47281,2,outdegree,0.9930479710997228
tol99,availability,100,null,64.0,47536,2,outdegree,0.998403763757036
tol99,availability,100,null,65.0,47324,1,outdegree,0.993951104763505
tol99,availability,100,null,66.0,47949,1,outdegree,1.0070780475510375
tol99,availability,100,null,67.0,47311,0,outdegree,0.9936780643535243
tol99,availability,100,null,68.0,47275,2,outdegree,0.9929219524489624
tol99,availability,100,null,69.0,47563,1,outdegree,0.9989708476854574
tol99,availability,100,null,70.0,47381,1,outdegree,0.995148281945728
tol99,availability,100,null,71.0,47438,1,outdegree,0.9963454591279509
tol99,availability,100,null,72.0,48767,1,outdegree,1.0242585902713601
tol99,availability,100,null,73.0,47984,1,outdegree,1.0078131563471393
tol99,availability,100,null,74.0,47265,2,outdegree,0.9927119213643619
tol99,availability,100,null,75.0,47460,0,outdegree,0.9968075275140721
tol99,availability,100,null,76.0,47254,2,outdegree,0.9924808871713013
tol99,availability,100,null,77.0,47294,0,outdegree,0.9933210115097034
tol99,availability,100,null,78.0,47256,1,outdegree,0.9925228933882214
tol99,availability,100,null,79.0,47271,5,outdegree,0.9928379400151223
tol99,availability,100,null,80.0,47772,0,outdegree,1.0033604973536083
tol99,availability,100,null,81.0,47667,1,outdegree,1.0011551709653028
tol99,availability,100,null,82.0,51323,0,outdegree,1.0779425354952532
tol99,availability,100,null,83.0,47383,1,outdegree,0.9951902881626481
tol99,availability,100,null,84.0,47363,0,outdegree,0.994770225993447
tol99,availability,100,null,85.0,47440,3,outdegree,0.996387465344871
tol99,availability,100,null,86.0,47345,1,outdegree,0.9943921700411661
tol99,availability,100,null,87.0,47361,1,outdegree,0.9947282197765269
tol99,availability,100,null,88.0,47227,3,outdegree,0.9919138032428799
tol99,availability,100,null,89.0,47712,2,outdegree,1.0021003108460051
tol99,availability,100,null,90.0,48367,1,outdegree,1.0158573468873393
tol99,availability,100,null,91.0,47267,2,outdegree,0.992753927581282
tol99,availability,100,null,92.0,47354,1,outdegree,0.9945811980173066
tol99,availability,100,null,93.0,47270,0,outdegree,0.9928169369066622
tol99,availability,100,null,94.0,47377,1,outdegree,0.9950642695118878
tol99,availability,100,null,95.0,47279,3,outdegree,0.9930059648828027
tol99,availability,100,null,96.0,47275,2,outdegree,0.9929219524489624
tol99,availability,100,null,97.0,47365,4,outdegree,0.9948122322103672
tol99,availability,100,null,98.0,47650,0,outdegree,1.000798118121482
tol99,availability,100,null,99.0,47319,1,outdegree,0.9938460892212048
tol99,availability,100,null,100.0,47825,0,outdegree,1.0044736621019912
tol99,availability,100,null,101.0,47492,2,outdegree,0.9974796269847938
tol99,availability,100,null,102.0,47532,1,outdegree,0.9983197513231958
tol99,availability,100,null,103.0,47319,3,outdegree,0.9938460892212048
tol99,availability,100,null,104.0,47361,0,outdegree,0.9947282197765269
tol99,availability,100,null,105.0,47310,0,outdegree,0.9936570612450643
tol99,availability,100,null,106.0,47344,1,outdegree,0.994371166932706
tol99,availability,100,null,107.0,47322,1,outdegree,0.9939090985465849
tol99,availability,100,null,108.0,48194,2,outdegree,1.0122238091237503
tol99,availability,100,null,109.0,47339,2,outdegree,0.9942661513904058
tol99,availability,100,null,110.0,47281,3,outdegree,0.9930479710997228
tol99,availability,100,null,111.0,47326,1,outdegree,0.9939931109804251
tol99,availability,100,null,112.0,47287,2,outdegree,0.9931739897504831
tol99,availability,100,null,113.0,47287,3,outdegree,0.9931739897504831
tol99,availability,100,null,114.0,47324,1,outdegree,0.993951104763505
tol99,availability,100,null,115.0,47318,1,outdegree,0.9938250861127447
tol99,availability,100,null,116.0,47327,3,outdegree,0.9940141140888852
tol99,availability,100,null,117.0,47386,4,outdegree,0.9952532974880283
tol99,availability,100,null,118.0,47371,0,outdegree,0.9949382508611274
tol99,availability,100,null,119.0,47574,1,outdegree,0.999201881878518
tol99,availability,100,null,120.0,47381,2,outdegree,0.995148281945728
tol99,availability,100,null,121.0,47323,0,outdegree,0.9939301016550449
tol99,availability,100,null,122.0,47345,0,outdegree,0.9943921700411661
tol99,availability,100,null,123.0,47287,2,outdegree,0.9931739897504831
tol99,availability,100,null,124.0,47365,2,outdegree,0.9948122322103672
tol99,availability,100,null,125.0,47353,1,outdegree,0.9945601949088465
tol99,availability,100,null,126.0,47381,0,outdegree,0.995148281945728
tol99,availability,100,null,127.0,47342,0,outdegree,0.9943291607157859
tol99,availability,100,null,128.0,47333,1,outdegree,0.9941401327396455
tol99,availability,100,null,129.0,51524,2,outdegree,1.0821641602957237
tol99,availability,100,null,130.0,47308,4,outdegree,0.9936150550281442
tol99,availability,100,null,131.0,47339,2,outdegree,0.9942661513904058
tol99,availability,100,null,132.0,47435,1,outdegree,0.9962824498025707
tol99,availability,100,null,133.0,47292,0,outdegree,0.9932790052927833
tol99,availability,100,null,134.0,47324,3,outdegree,0.993951104763505
tol99,availability,100,null,135.0,47603,2,outdegree,0.9998109720238595
tol99,availability,100,null,136.0,47362,2,outdegree,0.994749222884987
tol99,availability,100,null,137.0,47246,4,outdegree,0.9923128623036209
tol99,availability,100,null,138.0,47285,0,outdegree,0.9931319835335629
tol99,availability,100,null,139.0,47368,0,outdegree,0.9948752415357472
tol99,availability,100,null,140.0,47293,1,outdegree,0.9933000084012434
tol99,availability,100,null,141.0,47298,3,outdegree,0.9934050239435437
tol99,availability,100,null,142.0,47361,0,outdegree,0.9947282197765269
tol99,availability,100,null,143.0,47240,2,outdegree,0.9921868436528606
tol99,availability,100,null,144.0,47582,0,outdegree,0.9993699067461984
tol99,availability,100,null,145.0,47300,2,outdegree,0.9934470301604638
tol99,availability,100,null,146.0,47573,0,outdegree,0.999180878770058
tol99,availability,100,null,147.0,48074,3,outdegree,1.009703436108544
tol99,availability,100,null,148.0,47333,1,outdegree,0.9941401327396455
tol99,availability,100,null,149.0,47281,1,outdegree,0.9930479710997228
tol99,availability,100,null,150.0,48028,2,outdegree,1.0087372931193817
tol99,availability,100,null,151.0,47267,4,outdegree,0.992753927581282
tol99,availability,100,null,152.0,47317,1,outdegree,0.9938040830042847
tol99,availability,100,null,153.0,47350,0,outdegree,0.9944971855834663
tol99,availability,100,null,154.0,47270,3,outdegree,0.9928169369066622
tol99,availability,100,null,155.0,47362,0,outdegree,0.994749222884987
tol99,availability,100,null,156.0,47323,0,outdegree,0.9939301016550449
tol99,availability,100,null,157.0,47412,2,outdegree,0.9957993783079896
tol99,availability,100,null,158.0,48826,0,outdegree,1.0254977736705033
tol99,availability,100,null,159.0,47325,0,outdegree,0.9939721078719651
tol99,availability,100,null,160.0,47670,1,outdegree,1.001218180290683
tol99,availability,100,null,161.0,47246,3,outdegree,0.9923128623036209
tol99,availability,100,null,162.0,47353,3,outdegree,0.9945601949088465
tol99,availability,100,null,163.0,47269,1,outdegree,0.9927959337982021
tol99,availability,100,null,164.0,47232,1,outdegree,0.9920188187851802
tol99,availability,100,null,165.0,48434,3,outdegree,1.0172645551541628
tol99,availability,100,null,166.0,47294,4,outdegree,0.9933210115097034
tol99,availability,100,null,167.0,47285,0,outdegree,0.9931319835335629
tol99,availability,100,null,168.0,47263,1,outdegree,0.9926699151474419
tol99,availability,100,null,169.0,47239,1,outdegree,0.9921658405444006
tol99,availability,100,null,170.0,47508,3,outdegree,0.9978156767201546
tol99,availability,100,null,171.0,47312,0,outdegree,0.9936990674619843
tol99,availability,100,null,172.0,47301,2,outdegree,0.9934680332689239
tol99,availability,100,null,173.0,47300,2,outdegree,0.9934470301604638
tol99,availability,100,null,174.0,47454,1,outdegree,0.9966815088633117
tol99,availability,100,null,175.0,47325,2,outdegree,0.9939721078719651
tol99,availability,100,null,176.0,47368,1,outdegree,0.9948752415357472
tol99,availability,100,null,177.0,47316,1,outdegree,0.9937830798958246
tol99,availability,100,null,178.0,47242,1,outdegree,0.9922288498697808
tol99,availability,100,null,179.0,47364,1,outdegree,0.9947912291019071
tol99,availability,100,null,180.0,47306,3,outdegree,0.9935730488112241
tol99,availability,100,null,181.0,47272,2,outdegree,0.9928589431235822
tol99,availability,100,null,182.0,47315,4,outdegree,0.9937620767873645
tol99,availability,100,null,183.0,47339,3,outdegree,0.9942661513904058
tol99,availability,100,null,184.0,47307,0,outdegree,0.9935940519196841
tol99,availability,100,null,185.0,47327,0,outdegree,0.9940141140888852
tol99,availability,100,null,186.0,48252,0,outdegree,1.0134419894144333
tol99,availability,100,null,187.0,47315,2,outdegree,0.9937620767873645
tol99,availability,100,null,188.0,48502,3,outdegree,1.0186927665294463
tol99,availability,100,null,189.0,47342,1,outdegree,0.9943291607157859
tol99,availability,100,null,190.0,47591,2,outdegree,0.9995589347223389
tol99,availability,100,null,191.0,47363,1,outdegree,0.994770225993447
tol99,availability,100,null,192.0,48828,4,outdegree,1.0255397798874233
tol99,availability,100,null,193.0,47275,3,outdegree,0.9929219524489624
tol99,availability,100,null,194.0,47334,0,outdegree,0.9941611358481055
tol99,availability,100,null,195.0,47293,1,outdegree,0.9933000084012434
tol99,availability,100,null,196.0,47242,1,outdegree,0.9922288498697808
tol99,availability,100,null,197.0,47875,0,outdegree,1.0055238175249936
tol99,availability,100,null,198.0,47261,2,outdegree,0.9926279089305217
tol99,availability,100,null,199.0,47285,2,outdegree,0.9931319835335629
tol99,availability,100,null,200.0,47320,1,outdegree,0.9938670923296647
tol99,availability,100,null,201.0,47265,3,outdegree,0.9927119213643619
tol99,availability,100,null,202.0,47199,2,outdegree,0.9913257162059985
tol99,availability,100,null,203.0,47274,1,outdegree,0.9929009493405024
tol99,availability,100,null,204.0,47340,2,outdegree,0.9942871544988658
tol99,availability,100,null,205.0,47303,0,outdegree,0.9935100394858439
tol99,availability,100,null,206.0,47287,4,outdegree,0.9931739897504831
tol99,availability,100,null,207.0,47238,1,outdegree,0.9921448374359405
tol99,availability,100,null,208.0,47325,1,outdegree,0.9939721078719651
tol99,availability,100,null,209.0,47241,1,outdegree,0.9922078467613207
tol99,availability,100,null,210.0,47330,1,outdegree,0.9940771234142654
tol99,availability,100,null,211.0,47327,2,outdegree,0.9940141140888852
tol99,availability,100,null,212.0,47227,1,outdegree,0.9919138032428799
tol99,availability,100,null,213.0,47646,0,outdegree,1.0007141056876419
tol99,availability,100,null,214.0,47316,2,outdegree,0.9937830798958246
tol99,availability,100,null,215.0,47247,2,outdegree,0.992333865412081
tol99,availability,100,null,216.0,47349,0,outdegree,0.9944761824750064
tol99,availability,100,null,217.0,47435,1,outdegree,0.9962824498025707
tol99,availability,100,null,218.0,49713,1,outdegree,1.0441275308745694
tol99,availability,100,null,219.0,47528,0,outdegree,0.9982357388893556
tol99,availability,100,null,220.0,47312,3,outdegree,0.9936990674619843
tol99,availability,100,null,221.0,47716,4,outdegree,1.0021843232798455
tol99,availability,100,null,222.0,47352,0,outdegree,0.9945391918003864
tol99,availability,100,null,223.0,47274,0,outdegree,0.9929009493405024
tol99,availability,100,null,224.0,47315,0,outdegree,0.9937620767873645
tol99,availability,100,null,225.0,47378,1,outdegree,0.9950852726203478
tol99,availability,100,null,226.0,47444,3,outdegree,0.9964714777787113
tol99,availability,100,null,227.0,48047,2,outdegree,1.0091363521801227
tol99,availability,100,null,228.0,49100,1,outdegree,1.0312526253885574
tol99,availability,100,null,229.0,47244,2,outdegree,0.9922708560867008
tol99,availability,100,null,230.0,47284,3,outdegree,0.9931109804251029
tol99,availability,100,null,231.0,47326,1,outdegree,0.9939931109804251
tol99,availability,100,null,232.0,47231,3,outdegree,0.9919978156767202
tol99,availability,100,null,233.0,47337,2,outdegree,0.9942241451734857
tol99,availability,100,null,234.0,47319,0,outdegree,0.9938460892212048
tol99,availability,100,null,235.0,47558,5,outdegree,0.9988658321431572
tol99,availability,100,null,236.0,47539,3,outdegree,0.9984667730824162
tol99,availability,100,null,237.0,47179,2,outdegree,0.9909056540367974
tol99,availability,100,null,238.0,47354,2,outdegree,0.9945811980173066
tol99,availability,100,null,239.0,47296,0,outdegree,0.9933630177266235
tol99,availability,100,null,240.0,47355,1,outdegree,0.9946022011257666
tol99,availability,100,null,241.0,47218,0,outdegree,0.9917247752667395
tol99,availability,100,null,242.0,47876,1,outdegree,1.0055448206334539
tol99,availability,100,null,243.0,47379,0,outdegree,0.9951062757288078
tol99,availability,100,null,244.0,47296,0,outdegree,0.9933630177266235
tol99,availability,100,null,245.0,47270,0,outdegree,0.9928169369066622
tol99,availability,100,null,246.0,47281,2,outdegree,0.9930479710997228
tol99,availability,100,null,247.0,47546,3,outdegree,0.9986137948416366
tol99,availability,100,null,248.0,48840,3,outdegree,1.025791817188944
tol99,availability,100,null,249.0,47290,1,outdegree,0.9932369990758633
tol99,availability,100,null,250.0,49322,0,outdegree,1.0359153154666891
tol99,availability,100,null,251.0,47300,3,outdegree,0.9934470301604638
tol99,availability,100,null,252.0,47317,3,outdegree,0.9938040830042847
tol99,availability,100,null,253.0,47273,3,outdegree,0.9928799462320423
tol99,availability,100,null,254.0,47293,1,outdegree,0.9933000084012434
tol99,availability,100,null,255.0,47399,1,outdegree,0.9955263378980089
tol99,availability,100,null,256.0,47280,0,outdegree,0.9930269679912627
tol99,availability,100,null,257.0,47353,2,outdegree,0.9945601949088465
tol99,availability,100,null,258.0,47358,0,outdegree,0.9946652104511468
tol99,availability,100,null,259.0,47499,2,outdegree,0.9976266487440141
tol99,availability,100,null,260.0,52511,3,outdegree,1.1028942283457952
tol99,availability,100,null,261.0,47192,0,outdegree,0.9911786944467781
tol99,availability,100,null,262.0,47339,1,outdegree,0.9942661513904058
tol99,availability,100,null,263.0,47364,4,outdegree,0.9947912291019071
tol99,availability,100,null,264.0,47334,2,outdegree,0.9941611358481055
tol99,availability,100,null,265.0,48414,2,outdegree,1.0168444929849618
tol99,availability,100,null,266.0,47339,0,outdegree,0.9942661513904058
tol99,availability,100,null,267.0,47305,0,outdegree,0.993552045702764
tol99,availability,100,null,268.0,47313,3,outdegree,0.9937200705704444
tol99,availability,100,null,269.0,47250,2,outdegree,0.9923968747374612
tol99,availability,100,null,270.0,47351,2,outdegree,0.9945181886919264
tol99,availability,100,null,271.0,47283,2,outdegree,0.9930899773166428
tol99,availability,100,null,272.0,48961,2,outdegree,1.0283331933126103
tol99,availability,100,null,273.0,47259,2,outdegree,0.9925859027136016
tol99,availability,100,null,274.0,47548,0,outdegree,0.9986558010585567
tol99,availability,100,null,275.0,48814,0,outdegree,1.0252457363689826
tol99,availability,100,null,276.0,47313,1,outdegree,0.9937200705704444
tol99,availability,100,null,277.0,47348,2,outdegree,0.9944551793665463
tol99,availability,100,null,278.0,47343,2,outdegree,0.994350163824246
tol99,availability,100,null,279.0,47252,0,outdegree,0.9924388809543813
tol99,availability,100,null,280.0,47369,3,outdegree,0.9948962446442073
tol99,availability,100,null,281.0,47302,2,outdegree,0.9934890363773838
tol99,availability,100,null,282.0,47806,1,outdegree,1.0040746030412502
tol99,availability,100,null,283.0,47253,1,outdegree,0.9924598840628412
tol99,availability,100,null,284.0,47263,1,outdegree,0.9926699151474419
tol99,availability,100,null,285.0,47342,2,outdegree,0.9943291607157859
tol99,availability,100,null,286.0,47354,2,outdegree,0.9945811980173066
tol99,availability,100,null,287.0,47284,0,outdegree,0.9931109804251029
tol99,availability,100,null,288.0,47450,0,outdegree,0.9965974964294716
tol99,availability,100,null,289.0,47342,4,outdegree,0.9943291607157859
tol99,availability,100,null,290.0,47443,2,outdegree,0.9964504746702512
tol99,availability,100,null,291.0,47261,2,outdegree,0.9926279089305217
tol99,availability,100,null,292.0,47306,0,outdegree,0.9935730488112241
tol99,availability,100,null,293.0,47290,2,outdegree,0.9932369990758633
tol99,availability,100,null,294.0,47251,4,outdegree,0.9924178778459212
tol99,availability,100,null,295.0,47320,1,outdegree,0.9938670923296647
tol99,availability,100,null,296.0,47292,0,outdegree,0.9932790052927833
tol99,availability,100,null,297.0,47337,0,outdegree,0.9942241451734857
tol99,availability,100,null,298.0,47552,0,outdegree,0.9987398134923968
tol99,availability,100,null,299.0,47279,0,outdegree,0.9930059648828027
tol99,availability,100,null,300.0,47352,2,outdegree,0.9945391918003864
tol99,availability,100,null,301.0,47308,2,outdegree,0.9936150550281442
tol99,availability,100,null,302.0,47285,3,outdegree,0.9931319835335629
tol99,availability,100,null,303.0,47394,4,outdegree,0.9954213223557087
tol99,availability,100,null,304.0,47255,3,outdegree,0.9925018902797614
tol99,availability,100,null,305.0,47378,3,outdegree,0.9950852726203478
tol99,availability,100,null,306.0,47362,1,outdegree,0.994749222884987
tol99,availability,100,null,307.0,47335,1,outdegree,0.9941821389565656
tol99,availability,100,null,308.0,47369,1,outdegree,0.9948962446442073
tol99,availability,100,null,309.0,47295,1,outdegree,0.9933420146181635
tol99,availability,100,null,310.0,47533,4,outdegree,0.9983407544316559
tol99,availability,100,null,311.0,47269,1,outdegree,0.9927959337982021
tol99,availability,100,null,312.0,47261,0,outdegree,0.9926279089305217
tol99,availability,100,null,313.0,49806,0,outdegree,1.0460808199613543
tol99,availability,100,null,314.0,47361,1,outdegree,0.9947282197765269
tol99,availability,100,null,315.0,47227,0,outdegree,0.9919138032428799
tol99,availability,100,null,316.0,47949,2,outdegree,1.0070780475510375
tol99,availability,100,null,317.0,47339,1,outdegree,0.9942661513904058
tol99,availability,100,null,318.0,47287,2,outdegree,0.9931739897504831
tol99,availability,100,null,319.0,49800,4,outdegree,1.045954801310594
tol99,availability,100,null,320.0,47296,1,outdegree,0.9933630177266235
tol99,availability,100,null,321.0,47280,2,outdegree,0.9930269679912627
tol99,availability,100,null,322.0,47683,0,outdegree,1.0014912207006637
tol99,availability,100,null,323.0,48379,0,outdegree,1.01610938418886
tol99,availability,100,null,324.0,47303,3,outdegree,0.9935100394858439
tol99,availability,100,null,325.0,47218,0,outdegree,0.9917247752667395
tol99,availability,100,null,326.0,47309,1,outdegree,0.9936360581366043
tol99,availability,100,null,327.0,48002,1,outdegree,1.0081912122994203
tol99,availability,100,null,328.0,47303,3,outdegree,0.9935100394858439
tol99,availability,100,null,329.0,47712,1,outdegree,1.0021003108460051
tol99,availability,100,null,330.0,47863,1,outdegree,1.005271780223473
tol99,availability,100,null,331.0,47342,3,outdegree,0.9943291607157859
tol99,availability,100,null,332.0,47335,1,outdegree,0.9941821389565656
tol99,availability,100,null,333.0,47623,1,outdegree,1.0002310341930605
tol99,availability,100,null,334.0,47227,1,outdegree,0.9919138032428799
tol99,availability,100,null,335.0,47254,1,outdegree,0.9924808871713013
tol99,availability,100,null,336.0,47241,1,outdegree,0.9922078467613207
tol99,availability,100,null,337.0,47528,4,outdegree,0.9982357388893556
tol99,availability,100,null,338.0,47345,0,outdegree,0.9943921700411661
tol99,availability,100,null,339.0,47310,0,outdegree,0.9936570612450643
tol99,availability,100,null,340.0,48865,0,outdegree,1.0263168949004453
tol99,availability,100,null,341.0,47272,4,outdegree,0.9928589431235822
tol99,availability,100,null,342.0,47380,0,outdegree,0.9951272788372679
tol99,availability,100,null,343.0,47225,2,outdegree,0.9918717970259598
tol99,availability,100,null,344.0,47200,3,outdegree,0.9913467193144585
tol99,availability,100,null,345.0,47381,3,outdegree,0.995148281945728
tol99,availability,100,null,346.0,47371,2,outdegree,0.9949382508611274
tol99,availability,100,null,347.0,47290,1,outdegree,0.9932369990758633
tol99,availability,100,null,348.0,47232,1,outdegree,0.9920188187851802
tol99,availability,100,null,349.0,47324,3,outdegree,0.993951104763505
tol99,availability,100,null,350.0,47291,0,outdegree,0.9932580021843233
tol99,availability,100,null,351.0,47306,3,outdegree,0.9935730488112241
tol99,availability,100,null,352.0,47208,2,outdegree,0.9915147441821389
tol99,availability,100,null,353.0,47268,0,outdegree,0.9927749306897421
tol99,availability,100,null,354.0,47402,0,outdegree,0.9955893472233891
tol99,availability,100,null,355.0,47343,3,outdegree,0.994350163824246
tol99,availability,100,null,356.0,47291,1,outdegree,0.9932580021843233
tol99,availability,100,null,357.0,47358,2,outdegree,0.9946652104511468
tol99,availability,100,null,358.0,47668,0,outdegree,1.001176174073763
tol99,availability,100,null,359.0,47280,1,outdegree,0.9930269679912627
tol99,availability,100,null,360.0,47314,2,outdegree,0.9937410736789045
tol99,availability,100,null,361.0,47459,1,outdegree,0.996786524405612
tol99,availability,100,null,362.0,47309,1,outdegree,0.9936360581366043
tol99,availability,100,null,363.0,47411,2,outdegree,0.9957783751995295
tol99,availability,100,null,364.0,47353,3,outdegree,0.9945601949088465
tol99,availability,100,null,365.0,47483,2,outdegree,0.9972905990086532
tol99,availability,100,null,366.0,47387,4,outdegree,0.9952743005964882
tol99,availability,100,null,367.0,47603,1,outdegree,0.9998109720238595
tol99,availability,100,null,368.0,47446,0,outdegree,0.9965134839956313
tol99,availability,100,null,369.0,47520,1,outdegree,0.9980677140216752
tol99,availability,100,null,370.0,47326,0,outdegree,0.9939931109804251
tol99,availability,100,null,371.0,47312,1,outdegree,0.9936990674619843
tol99,availability,100,null,372.0,50738,0,outdegree,1.0656557170461227
tol99,availability,100,null,373.0,47352,1,outdegree,0.9945391918003864
tol99,availability,100,null,374.0,47370,1,outdegree,0.9949172477526674
tol99,availability,100,null,375.0,47265,2,outdegree,0.9927119213643619
tol99,availability,100,null,376.0,47385,1,outdegree,0.9952322943795682
tol99,availability,100,null,377.0,47246,2,outdegree,0.9923128623036209
tol99,availability,100,null,378.0,47309,0,outdegree,0.9936360581366043
tol99,availability,100,null,379.0,47868,4,outdegree,1.0053767957657733
tol99,availability,100,null,380.0,47325,1,outdegree,0.9939721078719651
tol99,availability,100,null,381.0,47258,0,outdegree,0.9925648996051416
tol99,availability,100,null,382.0,47329,3,outdegree,0.9940561203058053
tol99,availability,100,null,383.0,47252,3,outdegree,0.9924388809543813
tol99,availability,100,null,384.0,47281,1,outdegree,0.9930479710997228
tol99,availability,100,null,385.0,47259,1,outdegree,0.9925859027136016
tol99,availability,100,null,386.0,48738,1,outdegree,1.0236495001260186
tol99,availability,100,null,387.0,49681,4,outdegree,1.0434554314038478
tol99,availability,100,null,388.0,47503,1,outdegree,0.9977106611778543
tol99,availability,100,null,389.0,47280,2,outdegree,0.9930269679912627
tol99,availability,100,null,390.0,47367,3,outdegree,0.9948542384272873
tol99,availability,100,null,391.0,47217,2,outdegree,0.9917037721582794
tol99,availability,100,null,392.0,47395,3,outdegree,0.9954423254641687
tol99,availability,100,null,393.0,47423,1,outdegree,0.9960304125010502
tol99,availability,100,null,394.0,47321,2,outdegree,0.9938880954381248
tol99,availability,100,null,395.0,47737,0,outdegree,1.0026253885575065
tol99,availability,100,null,396.0,47883,2,outdegree,1.0056918423926742
tol99,availability,100,null,397.0,47208,3,outdegree,0.9915147441821389
tol99,availability,100,null,398.0,47619,0,outdegree,1.0001470217592203
tol99,availability,100,null,399.0,47314,2,outdegree,0.9937410736789045
tol99,availability,100,null,400.0,47522,1,outdegree,0.9981097202385953
tol99,availability,100,null,401.0,47465,1,outdegree,0.9969125430563723
tol99,availability,100,null,402.0,47831,0,outdegree,1.0045996807527513
tol99,availability,100,null,403.0,47277,1,outdegree,0.9929639586658825
tol99,availability,100,null,404.0,47283,3,outdegree,0.9930899773166428
tol99,availability,100,null,405.0,48156,0,outdegree,1.0114256910022683
tol99,availability,100,null,406.0,47269,0,outdegree,0.9927959337982021
tol99,availability,100,null,407.0,47343,0,outdegree,0.994350163824246
tol99,availability,100,null,408.0,47227,1,outdegree,0.9919138032428799
tol99,availability,100,null,409.0,47356,2,outdegree,0.9946232042342267
tol99,availability,100,null,410.0,47367,1,outdegree,0.9948542384272873
tol99,availability,100,null,411.0,47359,2,outdegree,0.9946862135596068
tol99,availability,100,null,412.0,47364,0,outdegree,0.9947912291019071
tol99,availability,100,null,413.0,47471,3,outdegree,0.9970385617071327
tol99,availability,100,null,414.0,47440,4,outdegree,0.996387465344871
tol99,availability,100,null,415.0,47348,1,outdegree,0.9944551793665463
tol99,availability,100,null,416.0,47850,1,outdegree,1.0049987398134923
tol99,availability,100,null,417.0,47244,0,outdegree,0.9922708560867008
tol99,availability,100,null,418.0,47280,0,outdegree,0.9930269679912627
tol99,availability,100,null,419.0,47339,0,outdegree,0.9942661513904058
tol99,availability,100,null,420.0,47343,2,outdegree,0.994350163824246
tol99,availability,100,null,421.0,47443,4,outdegree,0.9964504746702512
tol99,availability,100,null,422.0,47388,0,outdegree,0.9952953037049483
tol99,availability,100,null,423.0,47453,2,outdegree,0.9966605057548518
tol99,availability,100,null,424.0,47630,2,outdegree,1.000378055952281
tol99,availability,100,null,425.0,47335,1,outdegree,0.9941821389565656
tol99,availability,100,null,426.0,47331,0,outdegree,0.9940981265227253
tol99,availability,100,null,427.0,48263,2,outdegree,1.013673023607494
tol99,availability,100,null,428.0,47318,3,outdegree,0.9938250861127447
tol99,availability,100,null,429.0,47351,0,outdegree,0.9945181886919264
tol99,availability,100,null,430.0,47379,0,outdegree,0.9951062757288078
tol99,availability,100,null,431.0,47354,0,outdegree,0.9945811980173066
tol99,availability,100,null,432.0,51732,4,outdegree,1.0865328068554145
tol99,availability,100,null,433.0,48925,2,outdegree,1.0275770814080485
tol99,availability,100,null,434.0,47295,0,outdegree,0.9933420146181635
tol99,availability,100,null,435.0,47302,3,outdegree,0.9934890363773838
tol99,availability,100,null,436.0,47543,2,outdegree,0.9985507855162564
tol99,availability,100,null,437.0,47746,3,outdegree,1.002814416533647
tol99,availability,100,null,438.0,47293,3,outdegree,0.9933000084012434
tol99,availability,100,null,439.0,47354,2,outdegree,0.9945811980173066
tol99,availability,100,null,440.0,48254,1,outdegree,1.0134839956313535
tol99,availability,100,null,441.0,47246,0,outdegree,0.9923128623036209
tol99,availability,100,null,442.0,47833,1,outdegree,1.0046416869696715
tol99,availability,100,null,443.0,48834,0,outdegree,1.0256657985381836
tol99,availability,100,null,444.0,47368,3,outdegree,0.9948752415357472
tol99,availability,100,null,445.0,47461,1,outdegree,0.9968285306225322
tol99,availability,100,null,446.0,47362,0,outdegree,0.994749222884987
tol99,availability,100,null,447.0,47876,3,outdegree,1.0055448206334539
tol99,availability,100,null,448.0,47888,1,outdegree,1.0057968579349743
tol99,availability,100,null,449.0,47295,1,outdegree,0.9933420146181635
tol99,availability,100,null,450.0,47333,1,outdegree,0.9941401327396455
tol99,availability,100,null,451.0,47357,2,outdegree,0.9946442073426868
tol99,availability,100,null,452.0,47605,2,outdegree,0.9998529782407797
tol99,availability,100,null,453.0,47488,4,outdegree,0.9973956145509535
tol99,availability,100,null,454.0,47331,1,outdegree,0.9940981265227253
tol99,availability,100,null,455.0,47277,2,outdegree,0.9929639586658825
tol99,availability,100,null,456.0,47310,4,outdegree,0.9936570612450643
tol99,availability,100,null,457.0,47388,3,outdegree,0.9952953037049483
tol99,availability,100,null,458.0,47404,2,outdegree,0.9956313534403092
tol99,availability,100,null,459.0,47347,1,outdegree,0.9944341762580862
tol99,availability,100,null,460.0,49262,2,outdegree,1.034655128959086
tol99,availability,100,null,461.0,47229,2,outdegree,0.9919558094598
tol99,availability,100,null,462.0,47301,1,outdegree,0.9934680332689239
tol99,availability,100,null,463.0,47371,0,outdegree,0.9949382508611274
tol99,availability,100,null,464.0,47337,2,outdegree,0.9942241451734857
tol99,availability,100,null,465.0,47291,2,outdegree,0.9932580021843233
tol99,availability,100,null,466.0,47422,2,outdegree,0.9960094093925901
tol99,availability,100,null,467.0,47432,2,outdegree,0.9962194404771906
tol99,availability,100,null,468.0,47328,2,outdegree,0.9940351171973452
tol99,availability,100,null,469.0,48058,2,outdegree,1.0093673863731831
tol99,availability,100,null,470.0,47258,3,outdegree,0.9925648996051416
tol99,availability,100,null,471.0,47299,2,outdegree,0.9934260270520037
tol99,availability,100,null,472.0,47342,3,outdegree,0.9943291607157859
tol99,availability,100,null,473.0,47273,2,outdegree,0.9928799462320423
tol99,availability,100,null,474.0,48041,1,outdegree,1.0090103335293623
tol99,availability,100,null,475.0,47464,1,outdegree,0.9968915399479122
tol99,availability,100,null,476.0,47285,4,outdegree,0.9931319835335629
tol99,availability,100,null,477.0,47547,2,outdegree,0.9986347979500966
tol99,availability,100,null,478.0,47346,0,outdegree,0.9944131731496262
tol99,availability,100,null,479.0,47318,2,outdegree,0.9938250861127447
tol99,availability,100,null,480.0,52245,0,outdegree,1.0973074014954214
tol99,availability,100,null,481.0,47488,1,outdegree,0.9973956145509535
tol99,availability,100,null,482.0,47512,1,outdegree,0.9978996891539947
tol99,availability,100,null,483.0,47462,2,outdegree,0.9968495337309922
tol99,availability,100,null,484.0,47360,0,outdegree,0.9947072166680668
tol99,availability,100,null,485.0,47302,0,outdegree,0.9934890363773838
tol99,availability,100,null,486.0,47865,2,outdegree,1.0053137864403932
tol99,availability,100,null,487.0,47333,1,outdegree,0.9941401327396455
tol99,availability,100,null,488.0,47938,0,outdegree,1.006847013357977
tol99,availability,100,null,489.0,47330,0,outdegree,0.9940771234142654
tol99,availability,100,null,490.0,47281,0,outdegree,0.9930479710997228
tol99,availability,100,null,491.0,47350,1,outdegree,0.9944971855834663
tol99,availability,100,null,492.0,49432,3,outdegree,1.0382256573972948
tol99,availability,100,null,493.0,47342,3,outdegree,0.9943291607157859
tol99,availability,100,null,494.0,47285,0,outdegree,0.9931319835335629
tol99,availability,100,null,495.0,47510,4,outdegree,0.9978576829370747
tol99,availability,100,null,496.0,47186,3,outdegree,0.9910526757960179
tol99,availability,100,null,497.0,47318,2,outdegree,0.9938250861127447
tol99,availability,100,null,498.0,47371,0,outdegree,0.9949382508611274
tol99,availability,100,null,499.0,47290,2,outdegree,0.9932369990758633
