setting,semantics,k,strategy,seed,removed_providers,options_lost,matched_to,size_ratio
nearest,legal,10,descendants,,129368,3,,
nearest,legal,10,null,0.0,130466,8,descendants,1.0084874157442334
nearest,legal,10,null,1.0,129369,3,descendants,1.0000077298868344
nearest,legal,10,null,2.0,129366,7,descendants,0.9999845402263311
nearest,legal,10,null,3.0,128416,6,descendants,0.9926411477335971
nearest,legal,10,null,4.0,129782,6,descendants,1.003200173149465
nearest,legal,10,null,5.0,129369,27,descendants,1.0000077298868344
nearest,legal,10,null,6.0,129366,6,descendants,0.9999845402263311
nearest,legal,10,null,7.0,129367,6,descendants,0.9999922701131655
nearest,legal,10,null,8.0,129809,27,descendants,1.0034088800939953
nearest,legal,10,null,9.0,127199,29,descendants,0.9832338754560633
nearest,legal,10,null,10.0,129371,0,descendants,1.0000231896605034
nearest,legal,10,null,11.0,124378,7,descendants,0.9614278646960609
nearest,legal,10,null,12.0,129511,4,descendants,1.0011053738173272
nearest,legal,10,null,13.0,129371,2,descendants,1.0000231896605034
nearest,legal,10,null,14.0,129369,16,descendants,1.0000077298868344
nearest,legal,10,null,15.0,129256,10,descendants,0.9991342526745408
nearest,legal,10,null,16.0,139391,4,descendants,1.0774766557417599
nearest,legal,10,null,17.0,118988,4,descendants,0.919763774658339
nearest,legal,10,null,18.0,129274,7,descendants,0.999273390637561
nearest,legal,10,null,19.0,128772,6,descendants,0.9953929874466638
nearest,legal,10,null,20.0,129562,34,descendants,1.0014995980458845
nearest,legal,10,null,21.0,129930,1,descendants,1.0043441964009647
nearest,legal,10,null,22.0,135032,1,descendants,1.043782079030363
nearest,legal,10,null,23.0,127988,5,descendants,0.9893327561684497
nearest,legal,10,null,24.0,128700,22,descendants,0.9948364355945829
nearest,legal,10,null,25.0,129547,10,descendants,1.0013836497433677
nearest,legal,10,null,26.0,129367,3,descendants,0.9999922701131655
nearest,legal,10,null,27.0,132361,4,descendants,1.0231355512955291
nearest,legal,10,null,28.0,131075,6,descendants,1.0131949168264176
nearest,legal,10,null,29.0,129371,5,descendants,1.0000231896605034
nearest,legal,10,null,30.0,130001,13,descendants,1.004893018366211
nearest,legal,10,null,31.0,130436,6,descendants,1.0082555191391998
nearest,legal,10,null,32.0,129413,6,descendants,1.0003478449075505
nearest,legal,10,null,33.0,129375,3,descendants,1.0000541092078412
nearest,legal,10,null,34.0,129367,8,descendants,0.9999922701131655
nearest,legal,10,null,35.0,129445,6,descendants,1.0005952012862531
nearest,legal,10,null,36.0,129812,18,descendants,1.0034320697544987
nearest,legal,10,null,37.0,129384,4,descendants,1.0001236781893512
nearest,legal,10,null,38.0,129326,6,descendants,0.9996753447529528
nearest,legal,10,null,39.0,129426,10,descendants,1.0004483334363985
nearest,legal,10,null,40.0,129366,6,descendants,0.9999845402263311
nearest,legal,10,null,41.0,129365,5,descendants,0.9999768103394966
nearest,legal,10,null,42.0,129386,12,descendants,1.0001391379630202
nearest,legal,10,null,43.0,131587,8,descendants,1.0171526188856594
nearest,legal,10,null,44.0,126187,19,descendants,0.9754112299795931
nearest,legal,10,null,45.0,119257,7,descendants,0.9218431142168079
nearest,legal,10,null,46.0,129372,10,descendants,1.0000309195473378
nearest,legal,10,null,47.0,129355,5,descendants,0.9998995114711521
nearest,legal,10,null,48.0,129386,3,descendants,1.0001391379630202
nearest,legal,10,null,49.0,127810,9,descendants,0.9879568363119164
nearest,legal,10,null,50.0,129368,16,descendants,1.0
nearest,legal,10,null,51.0,129360,6,descendants,0.9999381609053244
nearest,legal,10,null,52.0,129444,29,descendants,1.0005874713994187
nearest,legal,10,null,53.0,132036,6,descendants,1.0206233380743306
nearest,legal,10,null,54.0,129308,5,descendants,0.9995362067899326
nearest,legal,10,null,55.0,133795,12,descendants,1.03422020901614
nearest,legal,10,null,56.0,129368,7,descendants,1.0
nearest,legal,10,null,57.0,129369,8,descendants,1.0000077298868344
nearest,legal,10,null,58.0,128514,6,descendants,0.9933986766433739
nearest,legal,10,null,59.0,130628,11,descendants,1.0097396574114155
nearest,legal,10,null,60.0,129405,9,descendants,1.0002860058128749
nearest,legal,10,null,61.0,129381,7,descendants,1.000100488528848
nearest,legal,10,null,62.0,129373,7,descendants,1.0000386494341722
nearest,legal,10,null,63.0,128538,6,descendants,0.9935841939274009
nearest,legal,10,null,64.0,129323,5,descendants,0.9996521550924494
nearest,legal,10,null,65.0,129352,13,descendants,0.9998763218106487
nearest,legal,10,null,66.0,129445,28,descendants,1.0005952012862531
nearest,legal,10,null,67.0,128335,7,descendants,0.9920150269000062
nearest,legal,10,null,68.0,129369,11,descendants,1.0000077298868344
nearest,legal,10,null,69.0,129146,13,descendants,0.9982839651227506
nearest,legal,10,null,70.0,129382,5,descendants,1.0001082184156824
nearest,legal,10,null,71.0,128376,5,descendants,0.9923319522602189
nearest,legal,10,null,72.0,129377,7,descendants,1.00006956898151
nearest,legal,10,null,73.0,129365,5,descendants,0.9999768103394966
nearest,legal,10,null,74.0,129493,9,descendants,1.000966235854307
nearest,legal,10,null,75.0,129366,4,descendants,0.9999845402263311
nearest,legal,10,null,76.0,129425,6,descendants,1.000440603549564
nearest,legal,10,null,77.0,129368,10,descendants,1.0
nearest,legal,10,null,78.0,129368,15,descendants,1.0
nearest,legal,10,null,79.0,130106,5,descendants,1.005704656483829
nearest,legal,10,null,80.0,129367,9,descendants,0.9999922701131655
nearest,legal,10,null,81.0,126198,6,descendants,0.9754962587347721
nearest,legal,10,null,82.0,129403,9,descendants,1.000270546039206
nearest,legal,10,null,83.0,129368,34,descendants,1.0
nearest,legal,10,null,84.0,129372,10,descendants,1.0000309195473378
nearest,legal,10,null,85.0,129370,2,descendants,1.000015459773669
nearest,legal,10,null,86.0,129369,6,descendants,1.0000077298868344
nearest,legal,10,null,87.0,128994,7,descendants,0.9971090223239132
nearest,legal,10,null,88.0,126896,10,descendants,0.9808917197452229
nearest,legal,10,null,89.0,129339,5,descendants,0.9997758332818008
nearest,legal,10,null,90.0,129370,20,descendants,1.000015459773669
nearest,legal,10,null,91.0,129317,5,descendants,0.9996057757714427
nearest,legal,10,null,92.0,129407,4,descendants,1.0003014655865439
nearest,legal,10,null,93.0,129365,4,descendants,0.9999768103394966
nearest,legal,10,null,94.0,129368,17,descendants,1.0
nearest,legal,10,null,95.0,129426,9,descendants,1.0004483334363985
nearest,legal,10,null,96.0,129709,8,descendants,1.0026358914105498
nearest,legal,10,null,97.0,129371,7,descendants,1.0000231896605034
nearest,legal,10,null,98.0,130283,6,descendants,1.007072846453528
nearest,legal,10,null,99.0,129925,5,descendants,1.0043055469667923
nearest,legal,10,null,100.0,128191,8,descendants,0.9909019231958444
nearest,legal,10,null,101.0,129372,10,descendants,1.0000309195473378
nearest,legal,10,null,102.0,127055,17,descendants,0.9821207717519016
nearest,legal,10,null,103.0,129025,9,descendants,0.9973486488157813
nearest,legal,10,null,104.0,129368,29,descendants,1.0
nearest,legal,10,null,105.0,129369,6,descendants,1.0000077298868344
nearest,legal,10,null,106.0,129334,6,descendants,0.9997371838476284
nearest,legal,10,null,107.0,129366,3,descendants,0.9999845402263311
nearest,legal,10,null,108.0,131129,5,descendants,1.0136123307154783
nearest,legal,10,null,109.0,129347,31,descendants,0.9998376723764764
nearest,legal,10,null,110.0,129492,20,descendants,1.0009585059674726
nearest,legal,10,null,111.0,129369,2,descendants,1.0000077298868344
nearest,legal,10,null,112.0,129367,10,descendants,0.9999922701131655
nearest,legal,10,null,113.0,129740,8,descendants,1.0028755179024178
nearest,legal,10,null,114.0,129382,3,descendants,1.0001082184156824
nearest,legal,10,null,115.0,129068,4,descendants,0.997681033949663
nearest,legal,10,null,116.0,132787,2,descendants,1.0264284830870076
nearest,legal,10,null,117.0,129371,7,descendants,1.0000231896605034
nearest,legal,10,null,118.0,129235,10,descendants,0.9989719250510173
nearest,legal,10,null,119.0,129366,13,descendants,0.9999845402263311
nearest,legal,10,null,120.0,129368,4,descendants,1.0
nearest,legal,10,null,121.0,129368,6,descendants,1.0
nearest,legal,10,null,122.0,129358,3,descendants,0.9999227011316554
nearest,legal,10,null,123.0,131952,7,descendants,1.0199740275802363
nearest,legal,10,null,124.0,129366,12,descendants,0.9999845402263311
nearest,legal,10,null,125.0,129386,7,descendants,1.0001391379630202
nearest,legal,10,null,126.0,129249,5,descendants,0.9990801434666996
nearest,legal,10,null,127.0,129369,6,descendants,1.0000077298868344
nearest,legal,10,null,128.0,129367,10,descendants,0.9999922701131655
nearest,legal,10,null,129.0,138559,4,descendants,1.071045389895492
nearest,legal,10,null,130.0,123052,8,descendants,0.9511780347535712
nearest,legal,10,null,131.0,129492,6,descendants,1.0009585059674726
nearest,legal,10,null,132.0,129688,4,descendants,1.0024735637870261
nearest,legal,10,null,133.0,129116,5,descendants,0.9980520685177169
nearest,legal,10,null,134.0,131287,4,descendants,1.0148336528353226
nearest,legal,10,null,135.0,129368,11,descendants,1.0
nearest,legal,10,null,136.0,129349,5,descendants,0.9998531321501454
nearest,legal,10,null,137.0,129161,11,descendants,0.9983999134252675
nearest,legal,10,null,138.0,131259,9,descendants,1.0146172160039577
nearest,legal,10,null,139.0,130532,6,descendants,1.0089975882753077
nearest,legal,10,null,140.0,129520,6,descendants,1.0011749427988375
nearest,legal,10,null,141.0,129369,8,descendants,1.0000077298868344
nearest,legal,10,null,142.0,129885,28,descendants,1.003996351493414
nearest,legal,10,null,143.0,127455,8,descendants,0.9852127264856843
nearest,legal,10,null,144.0,128981,11,descendants,0.9970085337950653
nearest,legal,10,null,145.0,129614,5,descendants,1.0019015521612764
nearest,legal,10,null,146.0,130287,5,descendants,1.0071037660008657
nearest,legal,10,null,147.0,129442,1,descendants,1.0005720116257497
nearest,legal,10,null,148.0,129366,0,descendants,0.9999845402263311
nearest,legal,10,null,149.0,121941,8,descendants,0.9425901304804898
nearest,legal,10,null,150.0,129825,5,descendants,1.0035325582833468
nearest,legal,10,null,151.0,129386,13,descendants,1.0001391379630202
nearest,legal,10,null,152.0,130016,7,descendants,1.005008966668728
nearest,legal,10,null,153.0,129043,6,descendants,0.9974877867788016
nearest,legal,10,null,154.0,129309,29,descendants,0.999543936676767
nearest,legal,10,null,155.0,129369,11,descendants,1.0000077298868344
nearest,legal,10,null,156.0,129369,10,descendants,1.0000077298868344
nearest,legal,10,null,157.0,130075,2,descendants,1.005465029991961
nearest,legal,10,null,158.0,129613,3,descendants,1.0018938222744418
nearest,legal,10,null,159.0,129369,4,descendants,1.0000077298868344
nearest,legal,10,null,160.0,128064,3,descendants,0.9899202275678685
nearest,legal,10,null,161.0,129453,8,descendants,1.0006570403809287
nearest,legal,10,null,162.0,110775,4,descendants,0.8562782140869458
nearest,legal,10,null,163.0,128592,6,descendants,0.9940016078164615
nearest,legal,10,null,164.0,129351,3,descendants,0.9998685919238143
nearest,legal,10,null,165.0,129753,12,descendants,1.0029760064312658
nearest,legal,10,null,166.0,129367,2,descendants,0.9999922701131655
nearest,legal,10,null,167.0,129360,2,descendants,0.9999381609053244
nearest,legal,10,null,168.0,129277,6,descendants,0.9992965802980645
nearest,legal,10,null,169.0,129371,13,descendants,1.0000231896605034
nearest,legal,10,null,170.0,129587,5,descendants,1.001692845216746
nearest,legal,10,null,171.0,128635,6,descendants,0.9943339929503432
nearest,legal,10,null,172.0,129906,5,descendants,1.0041586791169377
nearest,legal,10,null,173.0,129369,7,descendants,1.0000077298868344
nearest,legal,10,null,174.0,127872,7,descendants,0.9884360892956527
nearest,legal,10,null,175.0,129143,7,descendants,0.9982607754622472
nearest,legal,10,null,176.0,128704,9,descendants,0.9948673551419207
nearest,legal,10,null,177.0,129439,10,descendants,1.0005488219652465
nearest,legal,10,null,178.0,129368,28,descendants,1.0
nearest,legal,10,null,179.0,129113,12,descendants,0.9980288788572135
nearest,legal,10,null,180.0,128005,7,descendants,0.9894641642446355
nearest,legal,10,null,181.0,129350,30,descendants,0.9998608620369798
nearest,legal,10,null,182.0,130216,9,descendants,1.0065549440356194
nearest,legal,10,null,183.0,129367,11,descendants,0.9999922701131655
nearest,legal,10,null,184.0,129371,8,descendants,1.0000231896605034
nearest,legal,10,null,185.0,129330,15,descendants,0.9997062643002906
nearest,legal,10,null,186.0,129366,4,descendants,0.9999845402263311
nearest,legal,10,null,187.0,129352,5,descendants,0.9998763218106487
nearest,legal,10,null,188.0,129370,3,descendants,1.000015459773669
nearest,legal,10,null,189.0,129367,8,descendants,0.9999922701131655
nearest,legal,10,null,190.0,129568,4,descendants,1.0015459773668913
nearest,legal,10,null,191.0,129374,14,descendants,1.0000463793210068
nearest,legal,10,null,192.0,129367,11,descendants,0.9999922701131655
nearest,legal,10,null,193.0,130257,13,descendants,1.006871869395832
nearest,legal,10,null,194.0,129349,15,descendants,0.9998531321501454
nearest,legal,10,null,195.0,129369,5,descendants,1.0000077298868344
nearest,legal,10,null,196.0,131943,2,descendants,1.019904458598726
nearest,legal,10,null,197.0,129300,12,descendants,0.999474367695257
nearest,legal,10,null,198.0,117223,5,descendants,0.9061205243955228
nearest,legal,10,null,199.0,129336,5,descendants,0.9997526436212973
nearest,legal,10,null,200.0,127934,27,descendants,0.988915342279389
nearest,legal,10,null,201.0,129075,13,descendants,0.9977351431575042
nearest,legal,10,null,202.0,129754,9,descendants,1.0029837363181002
nearest,legal,10,null,203.0,129672,7,descendants,1.002349885597675
nearest,legal,10,null,204.0,129359,16,descendants,0.9999304310184899
nearest,legal,10,null,205.0,129359,14,descendants,0.9999304310184899
nearest,legal,10,null,206.0,129407,7,descendants,1.0003014655865439
nearest,legal,10,null,207.0,129363,15,descendants,0.9999613505658277
nearest,legal,10,null,208.0,129385,9,descendants,1.0001314080761858
nearest,legal,10,null,209.0,129372,5,descendants,1.0000309195473378
nearest,legal,10,null,210.0,129370,8,descendants,1.000015459773669
nearest,legal,10,null,211.0,129369,6,descendants,1.0000077298868344
nearest,legal,10,null,212.0,129368,5,descendants,1.0
nearest,legal,10,null,213.0,129380,9,descendants,1.0000927586420134
nearest,legal,10,null,214.0,129347,6,descendants,0.9998376723764764
nearest,legal,10,null,215.0,127796,7,descendants,0.987848617896234
nearest,legal,10,null,216.0,128952,14,descendants,0.996784367076866
nearest,legal,10,null,217.0,129606,8,descendants,1.0018397130666008
nearest,legal,10,null,218.0,129796,8,descendants,1.0033083915651475
nearest,legal,10,null,219.0,127754,27,descendants,0.9875239626491868
nearest,legal,10,null,220.0,129493,10,descendants,1.000966235854307
nearest,legal,10,null,221.0,129363,10,descendants,0.9999613505658277
nearest,legal,10,null,222.0,130779,4,descendants,1.0109068703234185
nearest,legal,10,null,223.0,129360,7,descendants,0.9999381609053244
nearest,legal,10,null,224.0,129412,5,descendants,1.000340115020716
nearest,legal,10,null,225.0,130819,17,descendants,1.0112160657967968
nearest,legal,10,null,226.0,128908,12,descendants,0.99644425205615
nearest,legal,10,null,227.0,129368,8,descendants,1.0
nearest,legal,10,null,228.0,129257,8,descendants,0.9991419825613753
nearest,legal,10,null,229.0,129332,14,descendants,0.9997217240739595
nearest,legal,10,null,230.0,129283,12,descendants,0.9993429596190712
nearest,legal,10,null,231.0,130712,7,descendants,1.0103889679055098
nearest,legal,10,null,232.0,129648,6,descendants,1.0021643683136479
nearest,legal,10,null,233.0,129714,7,descendants,1.002674540844722
nearest,legal,10,null,234.0,125950,9,descendants,0.9735792467998269
nearest,legal,10,null,235.0,129984,4,descendants,1.0047616102900254
nearest,legal,10,null,236.0,128678,10,descendants,0.9946663780842249
nearest,legal,10,null,237.0,129369,5,descendants,1.0000077298868344
nearest,legal,10,null,238.0,129274,8,descendants,0.999273390637561
nearest,legal,10,null,239.0,129369,6,descendants,1.0000077298868344
nearest,legal,10,null,240.0,129370,11,descendants,1.000015459773669
nearest,legal,10,null,241.0,129479,7,descendants,1.0008580174386248
nearest,legal,10,null,242.0,129508,7,descendants,1.001082184156824
nearest,legal,10,null,243.0,129023,6,descendants,0.9973331890421124
nearest,legal,10,null,244.0,129042,6,descendants,0.9974800568919671
nearest,legal,10,null,245.0,127778,5,descendants,0.9877094799332138
nearest,legal,10,null,246.0,129367,8,descendants,0.9999922701131655
nearest,legal,10,null,247.0,128930,2,descendants,0.996614309566508
nearest,legal,10,null,248.0,132441,13,descendants,1.0237539422422857
nearest,legal,10,null,249.0,129198,6,descendants,0.9986859192381423
nearest,legal,10,null,250.0,133946,5,descendants,1.035387421928143
nearest,legal,10,null,251.0,129487,7,descendants,1.0009198565333004
nearest,legal,10,null,252.0,129369,7,descendants,1.0000077298868344
nearest,legal,10,null,253.0,129052,3,descendants,0.9975573557603117
nearest,legal,10,null,254.0,129240,4,descendants,0.9990105744851895
nearest,legal,10,null,255.0,129236,9,descendants,0.9989796549378517
nearest,legal,10,null,256.0,129369,12,descendants,1.0000077298868344
nearest,legal,10,null,257.0,129053,6,descendants,0.9975650856471461
nearest,legal,10,null,258.0,129329,11,descendants,0.9996985344134562
nearest,legal,10,null,259.0,127175,6,descendants,0.9830483581720364
nearest,legal,10,null,260.0,129368,5,descendants,1.0
nearest,legal,10,null,261.0,129368,9,descendants,1.0
nearest,legal,10,null,262.0,128114,3,descendants,0.9903067219095912
nearest,legal,10,null,263.0,129554,5,descendants,1.001437758951209
nearest,legal,10,null,264.0,126735,6,descendants,0.9796472079648754
nearest,legal,10,null,265.0,129387,7,descendants,1.0001468678498546
nearest,legal,10,null,266.0,129367,15,descendants,0.9999922701131655
nearest,legal,10,null,267.0,132666,12,descendants,1.0254931667800384
nearest,legal,10,null,268.0,129249,8,descendants,0.9990801434666996
nearest,legal,10,null,269.0,129459,9,descendants,1.0007034197019355
nearest,legal,10,null,270.0,129375,5,descendants,1.0000541092078412
nearest,legal,10,null,271.0,129369,17,descendants,1.0000077298868344
nearest,legal,10,null,272.0,129404,7,descendants,1.0002782759260405
nearest,legal,10,null,273.0,129268,2,descendants,0.9992270113165543
nearest,legal,10,null,274.0,129173,15,descendants,0.998492672067281
nearest,legal,10,null,275.0,129287,8,descendants,0.999373879166409
nearest,legal,10,null,276.0,130536,5,descendants,1.0090285078226455
nearest,legal,10,null,277.0,129298,8,descendants,0.999458907921588
nearest,legal,10,null,278.0,129354,15,descendants,0.9998917815843176
nearest,legal,10,null,279.0,128878,9,descendants,0.9962123554511162
nearest,legal,10,null,280.0,129366,9,descendants,0.9999845402263311
nearest,legal,10,null,281.0,138437,10,descendants,1.070102343701688
nearest,legal,10,null,282.0,129119,15,descendants,0.9980752581782203
nearest,legal,10,null,283.0,129355,7,descendants,0.9998995114711521
nearest,legal,10,null,284.0,128716,10,descendants,0.9949601137839342
nearest,legal,10,null,285.0,129490,3,descendants,1.0009430461938038
nearest,legal,10,null,286.0,129392,13,descendants,1.000185517284027
nearest,legal,10,null,287.0,129361,10,descendants,0.9999458907921588
nearest,legal,10,null,288.0,130283,5,descendants,1.007072846453528
nearest,legal,10,null,289.0,129400,5,descendants,1.0002473563787027
nearest,legal,10,null,290.0,129369,7,descendants,1.0000077298868344
nearest,legal,10,null,291.0,129282,6,descendants,0.9993352297322368
nearest,legal,10,null,292.0,129381,17,descendants,1.000100488528848
nearest,legal,10,null,293.0,127175,25,descendants,0.9830483581720364
nearest,legal,10,null,294.0,129367,22,descendants,0.9999922701131655
nearest,legal,10,null,295.0,129902,6,descendants,1.0041277595695999
nearest,legal,10,null,296.0,129369,9,descendants,1.0000077298868344
nearest,legal,10,null,297.0,129367,7,descendants,0.9999922701131655
nearest,legal,10,null,298.0,129368,7,descendants,1.0
nearest,legal,10,null,299.0,129370,3,descendants,1.000015459773669
nearest,legal,10,null,300.0,128144,4,descendants,0.990538618514625
nearest,legal,10,null,301.0,130356,2,descendants,1.0076371281924432
nearest,legal,10,null,302.0,129368,7,descendants,1.0
nearest,legal,10,null,303.0,126882,4,descendants,0.9807835013295405
nearest,legal,10,null,304.0,129502,10,descendants,1.0010358048358172
nearest,legal,10,null,305.0,130905,36,descendants,1.01188083606456
nearest,legal,10,null,306.0,129590,9,descendants,1.0017160348772494
nearest,legal,10,null,307.0,127539,11,descendants,0.9858620369797786
nearest,legal,10,null,308.0,129941,12,descendants,1.0044292251561437
nearest,legal,10,null,309.0,128171,5,descendants,0.9907473254591552
nearest,legal,10,null,310.0,129369,8,descendants,1.0000077298868344
nearest,legal,10,null,311.0,129370,4,descendants,1.000015459773669
nearest,legal,10,null,312.0,129376,12,descendants,1.0000618390946756
nearest,legal,10,null,313.0,128002,6,descendants,0.989440974584132
nearest,legal,10,null,314.0,128860,4,descendants,0.996073217488096
nearest,legal,10,null,315.0,129368,6,descendants,1.0
nearest,legal,10,null,316.0,129095,14,descendants,0.9978897408941934
nearest,legal,10,null,317.0,129683,5,descendants,1.002434914352854
nearest,legal,10,null,318.0,129436,18,descendants,1.0005256323047431
nearest,legal,10,null,319.0,128854,9,descendants,0.9960268381670893
nearest,legal,10,null,320.0,129069,1,descendants,0.9976887638364974
nearest,legal,10,null,321.0,146199,6,descendants,1.1301017253107415
nearest,legal,10,null,322.0,129433,7,descendants,1.0005024426442397
nearest,legal,10,null,323.0,129353,8,descendants,0.9998840516974832
nearest,legal,10,null,324.0,129268,6,descendants,0.9992270113165543
nearest,legal,10,null,325.0,129331,10,descendants,0.9997139941871251
nearest,legal,10,null,326.0,127786,4,descendants,0.9877713190278894
nearest,legal,10,null,327.0,123165,7,descendants,0.9520515119658648
nearest,legal,10,null,328.0,130864,9,descendants,1.0115639107043473
nearest,legal,10,null,329.0,122882,8,descendants,0.9498639539917135
nearest,legal,10,null,330.0,129368,9,descendants,1.0
nearest,legal,10,null,331.0,129375,14,descendants,1.0000541092078412
nearest,legal,10,null,332.0,129369,5,descendants,1.0000077298868344
nearest,legal,10,null,333.0,129796,5,descendants,1.0033083915651475
nearest,legal,10,null,334.0,129367,5,descendants,0.9999922701131655
nearest,legal,10,null,335.0,126836,6,descendants,0.9804279265351555
nearest,legal,10,null,336.0,128788,7,descendants,0.995516665636015
nearest,legal,10,null,337.0,129369,7,descendants,1.0000077298868344
nearest,legal,10,null,338.0,129255,13,descendants,0.9991265227877064
nearest,legal,10,null,339.0,128857,3,descendants,0.9960500278275926
nearest,legal,10,null,340.0,129394,11,descendants,1.0002009770576958
nearest,legal,10,null,341.0,128890,6,descendants,0.9963051140931297
nearest,legal,10,null,342.0,128081,4,descendants,0.9900516356440542
nearest,legal,10,null,343.0,129368,5,descendants,1.0
nearest,legal,10,null,344.0,129497,24,descendants,1.000997155401645
nearest,legal,10,null,345.0,130630,13,descendants,1.0097551171850845
nearest,legal,10,null,346.0,126378,12,descendants,0.9768876383649744
nearest,legal,10,null,347.0,129369,4,descendants,1.0000077298868344
nearest,legal,10,null,348.0,131378,11,descendants,1.0155370725372581
nearest,legal,10,null,349.0,128610,5,descendants,0.9941407457794817
nearest,legal,10,null,350.0,129744,8,descendants,1.0029064374497558
nearest,legal,10,null,351.0,131999,30,descendants,1.0203373322614557
nearest,legal,10,null,352.0,129363,10,descendants,0.9999613505658277
nearest,legal,10,null,353.0,129368,10,descendants,1.0
nearest,legal,10,null,354.0,129533,6,descendants,1.0012754313276853
nearest,legal,10,null,355.0,129847,13,descendants,1.0037026157937048
nearest,legal,10,null,356.0,129368,6,descendants,1.0
nearest,legal,10,null,357.0,130045,4,descendants,1.0052331333869273
nearest,legal,10,null,358.0,129175,12,descendants,0.9985081318409499
nearest,legal,10,null,359.0,129368,6,descendants,1.0
nearest,legal,10,null,360.0,130422,7,descendants,1.0081473007235173
nearest,legal,10,null,361.0,147127,8,descendants,1.1372750602931172
nearest,legal,10,null,362.0,129027,5,descendants,0.9973641085894502
nearest,legal,10,null,363.0,129327,9,descendants,0.9996830746397872
nearest,legal,10,null,364.0,129365,7,descendants,0.9999768103394966
nearest,legal,10,null,365.0,129381,7,descendants,1.000100488528848
nearest,legal,10,null,366.0,128983,9,descendants,0.9970239935687342
nearest,legal,10,null,367.0,129369,8,descendants,1.0000077298868344
nearest,legal,10,null,368.0,128100,9,descendants,0.9901985034939088
nearest,legal,10,null,369.0,129368,11,descendants,1.0
nearest,legal,10,null,370.0,130530,5,descendants,1.0089821285016387
nearest,legal,10,null,371.0,128241,10,descendants,0.9912884175375672
nearest,legal,10,null,372.0,129266,7,descendants,0.9992115515428854
nearest,legal,10,null,373.0,134931,7,descendants,1.043001360460083
nearest,legal,10,null,374.0,129368,9,descendants,1.0
nearest,legal,10,null,375.0,128711,5,descendants,0.9949214643497619
nearest,legal,10,null,376.0,129367,6,descendants,0.9999922701131655
nearest,legal,10,null,377.0,129171,9,descendants,0.998477212293612
nearest,legal,10,null,378.0,128016,10,descendants,0.9895491929998145
nearest,legal,10,null,379.0,129386,6,descendants,1.0001391379630202
nearest,legal,10,null,380.0,129368,13,descendants,1.0
nearest,legal,10,null,381.0,129303,19,descendants,0.9994975573557603
nearest,legal,10,null,382.0,129369,8,descendants,1.0000077298868344
nearest,legal,10,null,383.0,129368,4,descendants,1.0
nearest,legal,10,null,384.0,129054,7,descendants,0.9975728155339806
nearest,legal,10,null,385.0,124851,5,descendants,0.9650841011687589
nearest,legal,10,null,386.0,133339,11,descendants,1.0306953806196277
nearest,legal,10,null,387.0,129351,0,descendants,0.9998685919238143
nearest,legal,10,null,388.0,129750,2,descendants,1.0029528167707624
nearest,legal,10,null,389.0,126461,12,descendants,0.9775292189722342
nearest,legal,10,null,390.0,129312,4,descendants,0.9995671263372704
nearest,legal,10,null,391.0,129450,7,descendants,1.0006338507204255
nearest,legal,10,null,392.0,129173,7,descendants,0.998492672067281
nearest,legal,10,null,393.0,129334,5,descendants,0.9997371838476284
nearest,legal,10,null,394.0,128350,3,descendants,0.992130975202523
nearest,legal,10,null,395.0,131246,10,descendants,1.0145167274751097
nearest,legal,10,null,396.0,129363,15,descendants,0.9999613505658277
nearest,legal,10,null,397.0,129366,6,descendants,0.9999845402263311
nearest,legal,10,null,398.0,113560,9,descendants,0.8778059489209078
nearest,legal,10,null,399.0,130269,30,descendants,1.0069646280378455
nearest,legal,10,null,400.0,134231,7,descendants,1.0375904396759632
nearest,legal,10,null,401.0,129367,10,descendants,0.9999922701131655
nearest,legal,10,null,402.0,129367,13,descendants,0.9999922701131655
nearest,legal,10,null,403.0,133839,26,descendants,1.0345603240368562
nearest,legal,10,null,404.0,129372,1,descendants,1.0000309195473378
nearest,legal,10,null,405.0,128280,6,descendants,0.9915898831241111
nearest,legal,10,null,406.0,129365,34,descendants,0.9999768103394966
nearest,legal,10,null,407.0,130521,8,descendants,1.0089125595201287
nearest,legal,10,null,408.0,129638,3,descendants,1.0020870694453032
nearest,legal,10,null,409.0,129456,5,descendants,1.0006802300414321
nearest,legal,10,null,410.0,129281,8,descendants,0.9993274998454023
nearest,legal,10,null,411.0,129267,4,descendants,0.9992192814297198
nearest,legal,10,null,412.0,128446,10,descendants,0.9928730443386309
nearest,legal,10,null,413.0,129369,4,descendants,1.0000077298868344
nearest,legal,10,null,414.0,129368,13,descendants,1.0
nearest,legal,10,null,415.0,129369,4,descendants,1.0000077298868344
nearest,legal,10,null,416.0,129195,7,descendants,0.998662729577639
nearest,legal,10,null,417.0,129578,7,descendants,1.001623276235236
nearest,legal,10,null,418.0,129414,13,descendants,1.000355574794385
nearest,legal,10,null,419.0,129386,4,descendants,1.0001391379630202
nearest,legal,10,null,420.0,132701,8,descendants,1.0257637128192443
nearest,legal,10,null,421.0,129352,7,descendants,0.9998763218106487
nearest,legal,10,null,422.0,129351,10,descendants,0.9998685919238143
nearest,legal,10,null,423.0,129360,5,descendants,0.9999381609053244
nearest,legal,10,null,424.0,129931,9,descendants,1.0043519262877991
nearest,legal,10,null,425.0,129369,6,descendants,1.0000077298868344
nearest,legal,10,null,426.0,127949,4,descendants,0.9890312905819059
nearest,legal,10,null,427.0,129387,3,descendants,1.0001468678498546
nearest,legal,10,null,428.0,129367,4,descendants,0.9999922701131655
nearest,legal,10,null,429.0,128962,3,descendants,0.9968616659452105
nearest,legal,10,null,430.0,129327,5,descendants,0.9996830746397872
nearest,legal,10,null,431.0,129585,8,descendants,1.0016773854430772
nearest,legal,10,null,432.0,131886,4,descendants,1.0194638550491621
nearest,legal,10,null,433.0,129418,8,descendants,1.0003864943417229
nearest,legal,10,null,434.0,129368,7,descendants,1.0
nearest,legal,10,null,435.0,129375,18,descendants,1.0000541092078412
nearest,legal,10,null,436.0,130302,6,descendants,1.0072197143033825
nearest,legal,10,null,437.0,129364,15,descendants,0.9999690804526622
nearest,legal,10,null,438.0,129304,9,descendants,0.9995052872425948
nearest,legal,10,null,439.0,129644,2,descendants,1.00213344876631
nearest,legal,10,null,440.0,129368,8,descendants,1.0
nearest,legal,10,null,441.0,129480,6,descendants,1.0008657473254592
nearest,legal,10,null,442.0,129121,4,descendants,0.9980907179518892
nearest,legal,10,null,443.0,131368,10,descendants,1.0154597736689135
nearest,legal,10,null,444.0,129367,6,descendants,0.9999922701131655
nearest,legal,10,null,445.0,129348,8,descendants,0.9998454022633109
nearest,legal,10,null,446.0,129368,6,descendants,1.0
nearest,legal,10,null,447.0,129265,3,descendants,0.9992038216560509
nearest,legal,10,null,448.0,129333,3,descendants,0.999729453960794
nearest,legal,10,null,449.0,129368,10,descendants,1.0
nearest,legal,10,null,450.0,129410,3,descendants,1.0003246552470473
nearest,legal,10,null,451.0,129372,11,descendants,1.0000309195473378
nearest,legal,10,null,452.0,129584,11,descendants,1.0016696555562428
nearest,legal,10,null,453.0,129368,7,descendants,1.0
nearest,legal,10,null,454.0,129368,5,descendants,1.0
nearest,legal,10,null,455.0,128812,7,descendants,0.9957021829200421
nearest,legal,10,null,456.0,121845,7,descendants,0.9418480613443819
nearest,legal,10,null,457.0,129369,3,descendants,1.0000077298868344
nearest,legal,10,null,458.0,129872,4,descendants,1.0038958629645662
nearest,legal,10,null,459.0,129365,4,descendants,0.9999768103394966
nearest,legal,10,null,460.0,129378,12,descendants,1.0000772988683446
nearest,legal,10,null,461.0,129367,13,descendants,0.9999922701131655
nearest,legal,10,null,462.0,129182,8,descendants,0.9985622410487911
nearest,legal,10,null,463.0,130598,4,descendants,1.0095077608063818
nearest,legal,10,null,464.0,129423,4,descendants,1.000425143775895
nearest,legal,10,null,465.0,129369,1,descendants,1.0000077298868344
nearest,legal,10,null,466.0,129332,12,descendants,0.9997217240739595
nearest,legal,10,null,467.0,127442,2,descendants,0.9851122379568363
nearest,legal,10,null,468.0,129816,1,descendants,1.0034629893018365
nearest,legal,10,null,469.0,129307,2,descendants,0.9995284769030981
nearest,legal,10,null,470.0,129183,29,descendants,0.9985699709356255
nearest,legal,10,null,471.0,129398,28,descendants,1.0002318966050336
nearest,legal,10,null,472.0,126172,13,descendants,0.9752952816770762
nearest,legal,10,null,473.0,116724,5,descendants,0.9022633108651289
nearest,legal,10,null,474.0,127429,7,descendants,0.9850117494279884
nearest,legal,10,null,475.0,129369,11,descendants,1.0000077298868344
nearest,legal,10,null,476.0,129367,12,descendants,0.9999922701131655
nearest,legal,10,null,477.0,129375,5,descendants,1.0000541092078412
nearest,legal,10,null,478.0,129369,8,descendants,1.0000077298868344
nearest,legal,10,null,479.0,129724,5,descendants,1.0027518397130666
nearest,legal,10,null,480.0,129368,6,descendants,1.0
nearest,legal,10,null,481.0,129675,8,descendants,1.0023730752581783
nearest,legal,10,null,482.0,129367,7,descendants,0.9999922701131655
nearest,legal,10,null,483.0,129368,17,descendants,1.0
nearest,legal,10,null,484.0,129367,7,descendants,0.9999922701131655
nearest,legal,10,null,485.0,129366,5,descendants,0.9999845402263311
nearest,legal,10,null,486.0,129373,7,descendants,1.0000386494341722
nearest,legal,10,null,487.0,128574,5,descendants,0.9938624698534414
nearest,legal,10,null,488.0,129368,1,descendants,1.0
nearest,legal,10,null,489.0,129368,21,descendants,1.0
nearest,legal,10,null,490.0,129346,18,descendants,0.999829942489642
nearest,legal,10,null,491.0,126957,15,descendants,0.9813632428421248
nearest,legal,10,null,492.0,129509,8,descendants,1.0010899140436584
nearest,legal,10,null,493.0,128570,3,descendants,0.9938315503061035
nearest,legal,10,null,494.0,128615,9,descendants,0.9941793952136541
nearest,legal,10,null,495.0,129315,10,descendants,0.9995903159977738
nearest,legal,10,null,496.0,130053,4,descendants,1.005294972481603
nearest,legal,10,null,497.0,129368,9,descendants,1.0
nearest,legal,10,null,498.0,129147,5,descendants,0.998291695009585
nearest,legal,10,null,499.0,130537,6,descendants,1.00903623770948
nearest,legal,10,descendant_authors,,126201,3,,
nearest,legal,10,null,0.0,126202,10,descendant_authors,1.0000079238674813
nearest,legal,10,null,1.0,129249,2,descendant_authors,1.0241519480828203
nearest,legal,10,null,2.0,126302,3,descendant_authors,1.0008003106156054
nearest,legal,10,null,3.0,126351,11,descendant_authors,1.001188580122186
nearest,legal,10,null,4.0,126049,2,descendant_authors,0.9987955721428515
nearest,legal,10,null,5.0,126900,2,descendant_authors,1.005538783369387
nearest,legal,10,null,6.0,126134,4,descendant_authors,0.999469100878757
nearest,legal,10,null,7.0,124003,11,descendant_authors,0.982583339276234
nearest,legal,10,null,8.0,126215,28,descendant_authors,1.0001109341447374
nearest,legal,10,null,9.0,126233,3,descendant_authors,1.0002535637593997
nearest,legal,10,null,10.0,126244,7,descendant_authors,1.0003407263016932
nearest,legal,10,null,11.0,126201,4,descendant_authors,1.0
nearest,legal,10,null,12.0,126258,3,descendant_authors,1.0004516604464306
nearest,legal,10,null,13.0,125263,15,descendant_authors,0.9925674123025966
nearest,legal,10,null,14.0,126199,5,descendant_authors,0.9999841522650376
nearest,legal,10,null,15.0,126499,10,descendant_authors,1.0023613125094095
nearest,legal,10,null,16.0,124841,1,descendant_authors,0.9892235402255133
nearest,legal,10,null,17.0,126200,13,descendant_authors,0.9999920761325187
nearest,legal,10,null,18.0,126080,9,descendant_authors,0.9990412120347699
nearest,legal,10,null,19.0,125993,5,descendant_authors,0.9983518355639021
nearest,legal,10,null,20.0,126201,17,descendant_authors,1.0
nearest,legal,10,null,21.0,126182,11,descendant_authors,0.9998494465178565
nearest,legal,10,null,22.0,125569,6,descendant_authors,0.9949921157518562
nearest,legal,10,null,23.0,126337,8,descendant_authors,1.0010776459774486
nearest,legal,10,null,24.0,126165,6,descendant_authors,0.9997147407706753
nearest,legal,10,null,25.0,126098,4,descendant_authors,0.9991838416494323
nearest,legal,10,null,26.0,126152,5,descendant_authors,0.9996117304934192
nearest,legal,10,null,27.0,126203,3,descendant_authors,1.0000158477349625
nearest,legal,10,null,28.0,125209,8,descendant_authors,0.9921395234586097
nearest,legal,10,null,29.0,126507,4,descendant_authors,1.0024247034492595
nearest,legal,10,null,30.0,126224,15,descendant_authors,1.0001822489520684
nearest,legal,10,null,31.0,126710,4,descendant_authors,1.0040332485479513
nearest,legal,10,null,32.0,126206,3,descendant_authors,1.0000396193374061
nearest,legal,10,null,33.0,125821,4,descendant_authors,0.9969889303571287
nearest,legal,10,null,34.0,122831,6,descendant_authors,0.9732965665882204
nearest,legal,10,null,35.0,126201,2,descendant_authors,1.0
nearest,legal,10,null,36.0,126373,5,descendant_authors,1.0013629052067734
nearest,legal,10,null,37.0,126202,4,descendant_authors,1.0000079238674813
nearest,legal,10,null,38.0,128978,12,descendant_authors,1.022004579995404
nearest,legal,10,null,39.0,126278,5,descendant_authors,1.0006101377960555
nearest,legal,10,null,40.0,126201,13,descendant_authors,1.0
nearest,legal,10,null,41.0,126195,6,descendant_authors,0.9999524567951126
nearest,legal,10,null,42.0,125740,6,descendant_authors,0.9963470970911482
nearest,legal,10,null,43.0,126202,9,descendant_authors,1.0000079238674813
nearest,legal,10,null,44.0,124403,7,descendant_authors,0.98575288626873
nearest,legal,10,null,45.0,119838,13,descendant_authors,0.9495804312168683
nearest,legal,10,null,46.0,125964,5,descendant_authors,0.9981220434069461
nearest,legal,10,null,47.0,126199,8,descendant_authors,0.9999841522650376
nearest,legal,10,null,48.0,126201,9,descendant_authors,1.0
nearest,legal,10,null,49.0,126199,4,descendant_authors,0.9999841522650376
nearest,legal,10,null,50.0,125572,7,descendant_authors,0.9950158873542999
nearest,legal,10,null,51.0,126204,4,descendant_authors,1.0000237716024438
nearest,legal,10,null,52.0,126194,3,descendant_authors,0.9999445329276313
nearest,legal,10,null,53.0,126277,14,descendant_authors,1.0006022139285742
nearest,legal,10,null,54.0,127059,1,descendant_authors,1.0067986782989042
nearest,legal,10,null,55.0,126173,3,descendant_authors,0.9997781317105253
nearest,legal,10,null,56.0,126683,10,descendant_authors,1.0038193041259578
nearest,legal,10,null,57.0,125848,4,descendant_authors,0.9972028747791222
nearest,legal,10,null,58.0,126059,8,descendant_authors,0.9988748108176639
nearest,legal,10,null,59.0,126095,5,descendant_authors,0.9991600700469885
nearest,legal,10,null,60.0,125155,11,descendant_authors,0.9917116346146228
nearest,legal,10,null,61.0,126199,9,descendant_authors,0.9999841522650376
nearest,legal,10,null,62.0,125978,9,descendant_authors,0.9982329775516834
nearest,legal,10,null,63.0,126405,7,descendant_authors,1.001616468966173
nearest,legal,10,null,64.0,126348,6,descendant_authors,1.0011648085197422
nearest,legal,10,null,65.0,126624,9,descendant_authors,1.0033517959445646
nearest,legal,10,null,66.0,126202,13,descendant_authors,1.0000079238674813
nearest,legal,10,null,67.0,126205,3,descendant_authors,1.0000316954699249
nearest,legal,10,null,68.0,126239,16,descendant_authors,1.000301106964287
nearest,legal,10,null,69.0,125987,5,descendant_authors,0.9983042923590146
nearest,legal,10,null,70.0,126195,3,descendant_authors,0.9999524567951126
nearest,legal,10,null,71.0,123908,4,descendant_authors,0.9818305718655161
nearest,legal,10,null,72.0,115549,4,descendant_authors,0.915594963589829
nearest,legal,10,null,73.0,126384,9,descendant_authors,1.001450067749067
nearest,legal,10,null,74.0,128487,22,descendant_authors,1.0181139610621153
nearest,legal,10,null,75.0,135114,2,descendant_authors,1.0706254308602943
nearest,legal,10,null,76.0,126179,26,descendant_authors,0.9998256749154127
nearest,legal,10,null,77.0,126319,9,descendant_authors,1.0009350163627864
nearest,legal,10,null,78.0,126201,1,descendant_authors,1.0
nearest,legal,10,null,79.0,126201,17,descendant_authors,1.0
nearest,legal,10,null,80.0,125822,8,descendant_authors,0.9969968542246099
nearest,legal,10,null,81.0,126184,6,descendant_authors,0.9998652942528189
nearest,legal,10,null,82.0,127964,7,descendant_authors,1.0139697783694266
nearest,legal,10,null,83.0,126265,7,descendant_authors,1.0005071275187993
nearest,legal,10,null,84.0,127004,1,descendant_authors,1.006362865587436
nearest,legal,10,null,85.0,129253,13,descendant_authors,1.0241836435527452
nearest,legal,10,null,86.0,125653,8,descendant_authors,0.9956577206202804
nearest,legal,10,null,87.0,127705,3,descendant_authors,1.0119174966917854
nearest,legal,10,null,88.0,128968,5,descendant_authors,1.0219253413205918
nearest,legal,10,null,89.0,126213,16,descendant_authors,1.0000950864097748
nearest,legal,10,null,90.0,126201,9,descendant_authors,1.0
nearest,legal,10,null,91.0,126192,3,descendant_authors,0.9999286851926689
nearest,legal,10,null,92.0,127068,3,descendant_authors,1.0068699931062353
nearest,legal,10,null,93.0,126217,7,descendant_authors,1.0001267818797
nearest,legal,10,null,94.0,129023,3,descendant_authors,1.02236115403206
nearest,legal,10,null,95.0,130451,2,descendant_authors,1.033676436795271
nearest,legal,10,null,96.0,126199,7,descendant_authors,0.9999841522650376
nearest,legal,10,null,97.0,127079,3,descendant_authors,1.0069571556485288
nearest,legal,10,null,98.0,124287,7,descendant_authors,0.9848337176409062
nearest,legal,10,null,99.0,126505,7,descendant_authors,1.002408855714297
nearest,legal,10,null,100.0,126330,2,descendant_authors,1.00102217890508
nearest,legal,10,null,101.0,122169,2,descendant_authors,0.9680509663156394
nearest,legal,10,null,102.0,126208,7,descendant_authors,1.0000554670723687
nearest,legal,10,null,103.0,126133,12,descendant_authors,0.9994611770112757
nearest,legal,10,null,104.0,124324,9,descendant_authors,0.985126900737712
nearest,legal,10,null,105.0,126792,11,descendant_authors,1.0046830056814129
nearest,legal,10,null,106.0,129447,3,descendant_authors,1.025720873844106
nearest,legal,10,null,107.0,126171,7,descendant_authors,0.9997622839755628
nearest,legal,10,null,108.0,123916,10,descendant_authors,0.981893962805366
nearest,legal,10,null,109.0,126196,25,descendant_authors,0.9999603806625939
nearest,legal,10,null,110.0,126291,8,descendant_authors,1.0007131480733116
nearest,legal,10,null,111.0,126202,9,descendant_authors,1.0000079238674813
nearest,legal,10,null,112.0,126203,10,descendant_authors,1.0000158477349625
nearest,legal,10,null,113.0,126607,10,descendant_authors,1.0032170901973836
nearest,legal,10,null,114.0,127705,5,descendant_authors,1.0119174966917854
nearest,legal,10,null,115.0,126331,10,descendant_authors,1.0010301027725612
nearest,legal,10,null,116.0,127075,7,descendant_authors,1.006925460178604
nearest,legal,10,null,117.0,126236,12,descendant_authors,1.0002773353618435
nearest,legal,10,null,118.0,126186,12,descendant_authors,0.9998811419877814
nearest,legal,10,null,119.0,126201,10,descendant_authors,1.0
nearest,legal,10,null,120.0,120948,5,descendant_authors,0.958375924121045
nearest,legal,10,null,121.0,126200,5,descendant_authors,0.9999920761325187
nearest,legal,10,null,122.0,125042,7,descendant_authors,0.9908162375892425
nearest,legal,10,null,123.0,126130,10,descendant_authors,0.999437405408832
nearest,legal,10,null,124.0,126201,19,descendant_authors,1.0
nearest,legal,10,null,125.0,125887,1,descendant_authors,0.9975119056108905
nearest,legal,10,null,126.0,126037,8,descendant_authors,0.9987004857330766
nearest,legal,10,null,127.0,126218,7,descendant_authors,1.000134705747181
nearest,legal,10,null,128.0,126193,3,descendant_authors,0.99993660906015
nearest,legal,10,null,129.0,126187,5,descendant_authors,0.9998890658552626
nearest,legal,10,null,130.0,126697,10,descendant_authors,1.0039302382706952
nearest,legal,10,null,131.0,126209,9,descendant_authors,1.00006339093985
nearest,legal,10,null,132.0,121699,3,descendant_authors,0.9643267485994564
nearest,legal,10,null,133.0,127189,7,descendant_authors,1.0078287810714655
nearest,legal,10,null,134.0,133684,38,descendant_authors,1.0592943003621207
nearest,legal,10,null,135.0,126201,11,descendant_authors,1.0
nearest,legal,10,null,136.0,126640,2,descendant_authors,1.0034785778242645
nearest,legal,10,null,137.0,127905,33,descendant_authors,1.0135022701880334
nearest,legal,10,null,138.0,126098,8,descendant_authors,0.9991838416494323
nearest,legal,10,null,139.0,126385,9,descendant_authors,1.0014579916165482
nearest,legal,10,null,140.0,125155,15,descendant_authors,0.9917116346146228
nearest,legal,10,null,141.0,126199,8,descendant_authors,0.9999841522650376
nearest,legal,10,null,142.0,126198,7,descendant_authors,0.9999762283975563
nearest,legal,10,null,143.0,126203,11,descendant_authors,1.0000158477349625
nearest,legal,10,null,144.0,126232,11,descendant_authors,1.0002456398919184
nearest,legal,10,null,145.0,125740,5,descendant_authors,0.9963470970911482
nearest,legal,10,null,146.0,126201,12,descendant_authors,1.0
nearest,legal,10,null,147.0,124731,7,descendant_authors,0.9883519148025769
nearest,legal,10,null,148.0,126224,7,descendant_authors,1.0001822489520684
nearest,legal,10,null,149.0,125903,6,descendant_authors,0.9976386874905904
nearest,legal,10,null,150.0,125505,3,descendant_authors,0.9944849882330568
nearest,legal,10,null,151.0,126320,7,descendant_authors,1.0009429402302676
nearest,legal,10,null,152.0,126150,8,descendant_authors,0.9995958827584568
nearest,legal,10,null,153.0,126586,26,descendant_authors,1.0030506889802775
nearest,legal,10,null,154.0,126202,9,descendant_authors,1.0000079238674813
nearest,legal,10,null,155.0,126200,11,descendant_authors,0.9999920761325187
nearest,legal,10,null,156.0,126167,9,descendant_authors,0.9997305885056378
nearest,legal,10,null,157.0,126211,9,descendant_authors,1.0000792386748123
nearest,legal,10,null,158.0,126150,14,descendant_authors,0.9995958827584568
nearest,legal,10,null,159.0,126137,11,descendant_authors,0.9994928724812007
nearest,legal,10,null,160.0,126781,7,descendant_authors,1.0045958431391193
nearest,legal,10,null,161.0,126240,3,descendant_authors,1.0003090308317684
nearest,legal,10,null,162.0,122602,6,descendant_authors,0.9714820009350164
nearest,legal,10,null,163.0,126202,5,descendant_authors,1.0000079238674813
nearest,legal,10,null,164.0,126205,4,descendant_authors,1.0000316954699249
nearest,legal,10,null,165.0,126286,12,descendant_authors,1.0006735287359054
nearest,legal,10,null,166.0,126202,5,descendant_authors,1.0000079238674813
nearest,legal,10,null,167.0,125060,3,descendant_authors,0.9909588672039049
nearest,legal,10,null,168.0,126060,8,descendant_authors,0.9988827346851451
nearest,legal,10,null,169.0,125955,10,descendant_authors,0.9980507285996149
nearest,legal,10,null,170.0,126200,9,descendant_authors,0.9999920761325187
nearest,legal,10,null,171.0,126638,8,descendant_authors,1.003462730089302
nearest,legal,10,null,172.0,126200,6,descendant_authors,0.9999920761325187
nearest,legal,10,null,173.0,126201,6,descendant_authors,1.0
nearest,legal,10,null,174.0,130672,9,descendant_authors,1.0354276115086252
nearest,legal,10,null,175.0,126665,4,descendant_authors,1.0036766745112955
nearest,legal,10,null,176.0,126021,12,descendant_authors,0.9985737038533767
nearest,legal,10,null,177.0,132731,15,descendant_authors,1.0517428546524987
nearest,legal,10,null,178.0,127816,5,descendant_authors,1.012797045982203
nearest,legal,10,null,179.0,127700,7,descendant_authors,1.011877877354379
nearest,legal,10,null,180.0,126201,8,descendant_authors,1.0
nearest,legal,10,null,181.0,126257,5,descendant_authors,1.0004437365789494
nearest,legal,10,null,182.0,126589,5,descendant_authors,1.0030744605827213
nearest,legal,10,null,183.0,125269,3,descendant_authors,0.9926149555074841
nearest,legal,10,null,184.0,127312,8,descendant_authors,1.008803416771658
nearest,legal,10,null,185.0,126202,12,descendant_authors,1.0000079238674813
nearest,legal,10,null,186.0,126201,8,descendant_authors,1.0
nearest,legal,10,null,187.0,126157,12,descendant_authors,0.9996513498308254
nearest,legal,10,null,188.0,129736,17,descendant_authors,1.0280108715461842
nearest,legal,10,null,189.0,127392,12,descendant_authors,1.009437326170157
nearest,legal,10,null,190.0,126655,7,descendant_authors,1.003597435836483
nearest,legal,10,null,191.0,126201,7,descendant_authors,1.0
nearest,legal,10,null,192.0,125931,1,descendant_authors,0.9978605557800652
nearest,legal,10,null,193.0,120112,6,descendant_authors,0.9517515709067281
nearest,legal,10,null,194.0,126772,8,descendant_authors,1.004524528331788
nearest,legal,10,null,195.0,125793,10,descendant_authors,0.996767062067654
nearest,legal,10,null,196.0,125913,7,descendant_authors,0.9977179261654028
nearest,legal,10,null,197.0,126198,12,descendant_authors,0.9999762283975563
nearest,legal,10,null,198.0,124986,7,descendant_authors,0.9903725010102931
nearest,legal,10,null,199.0,125753,12,descendant_authors,0.9964501073684043
nearest,legal,10,null,200.0,126534,9,descendant_authors,1.002638647871253
nearest,legal,10,null,201.0,126199,4,descendant_authors,0.9999841522650376
nearest,legal,10,null,202.0,125893,4,descendant_authors,0.997559448815778
nearest,legal,10,null,203.0,126202,15,descendant_authors,1.0000079238674813
nearest,legal,10,null,204.0,126202,9,descendant_authors,1.0000079238674813
nearest,legal,10,null,205.0,126201,15,descendant_authors,1.0
nearest,legal,10,null,206.0,124964,5,descendant_authors,0.9901981759257058
nearest,legal,10,null,207.0,126176,4,descendant_authors,0.999801903312969
nearest,legal,10,null,208.0,126201,15,descendant_authors,1.0
nearest,legal,10,null,209.0,126078,3,descendant_authors,0.9990253642998075
nearest,legal,10,null,210.0,128741,3,descendant_authors,1.0201266234023503
nearest,legal,10,null,211.0,126202,11,descendant_authors,1.0000079238674813
nearest,legal,10,null,212.0,126221,26,descendant_authors,1.0001584773496248
nearest,legal,10,null,213.0,126070,9,descendant_authors,0.9989619733599575
nearest,legal,10,null,214.0,124056,18,descendant_authors,0.9830033042527396
nearest,legal,10,null,215.0,126208,10,descendant_authors,1.0000554670723687
nearest,legal,10,null,216.0,125974,13,descendant_authors,0.9982012820817585
nearest,legal,10,null,217.0,126211,4,descendant_authors,1.0000792386748123
nearest,legal,10,null,218.0,126177,8,descendant_authors,0.9998098271804502
nearest,legal,10,null,219.0,125633,9,descendant_authors,0.9954992432706555
nearest,legal,10,null,220.0,126201,8,descendant_authors,1.0
nearest,legal,10,null,221.0,126209,1,descendant_authors,1.00006339093985
nearest,legal,10,null,222.0,128659,12,descendant_authors,1.0194768662688884
nearest,legal,10,null,223.0,126210,4,descendant_authors,1.0000713148073312
nearest,legal,10,null,224.0,125804,5,descendant_authors,0.9968542246099477
nearest,legal,10,null,225.0,126201,8,descendant_authors,1.0
nearest,legal,10,null,226.0,126236,5,descendant_authors,1.0002773353618435
nearest,legal,10,null,227.0,126814,8,descendant_authors,1.0048573307660003
nearest,legal,10,null,228.0,126200,7,descendant_authors,0.9999920761325187
nearest,legal,10,null,229.0,126240,9,descendant_authors,1.0003090308317684
nearest,legal,10,null,230.0,126094,8,descendant_authors,0.9991521461795073
nearest,legal,10,null,231.0,126217,7,descendant_authors,1.0001267818797
nearest,legal,10,null,232.0,125292,6,descendant_authors,0.9927972044595527
nearest,legal,10,null,233.0,125768,10,descendant_authors,0.996568965380623
nearest,legal,10,null,234.0,128658,5,descendant_authors,1.0194689424014072
nearest,legal,10,null,235.0,126201,9,descendant_authors,1.0
nearest,legal,10,null,236.0,120967,11,descendant_authors,0.9585264776031885
nearest,legal,10,null,237.0,123553,4,descendant_authors,0.9790175989096759
nearest,legal,10,null,238.0,125604,10,descendant_authors,0.9952694511136996
nearest,legal,10,null,239.0,126201,9,descendant_authors,1.0
nearest,legal,10,null,240.0,129145,9,descendant_authors,1.0233278658647713
nearest,legal,10,null,241.0,126194,9,descendant_authors,0.9999445329276313
nearest,legal,10,null,242.0,130723,7,descendant_authors,1.0358317287501684
nearest,legal,10,null,243.0,126146,4,descendant_authors,0.9995641872885318
nearest,legal,10,null,244.0,124640,5,descendant_authors,0.9876308428617839
nearest,legal,10,null,245.0,126209,13,descendant_authors,1.00006339093985
nearest,legal,10,null,246.0,126191,16,descendant_authors,0.9999207613251876
nearest,legal,10,null,247.0,126201,6,descendant_authors,1.0
nearest,legal,10,null,248.0,126256,16,descendant_authors,1.0004358127114683
nearest,legal,10,null,249.0,125996,10,descendant_authors,0.9983756071663458
nearest,legal,10,null,250.0,126201,6,descendant_authors,1.0
nearest,legal,10,null,251.0,125320,11,descendant_authors,0.9930190727490273
nearest,legal,10,null,252.0,126201,6,descendant_authors,1.0
nearest,legal,10,null,253.0,126523,9,descendant_authors,1.0025514853289594
nearest,legal,10,null,254.0,126078,11,descendant_authors,0.9990253642998075
nearest,legal,10,null,255.0,126201,7,descendant_authors,1.0
nearest,legal,10,null,256.0,119785,13,descendant_authors,0.9491604662403625
nearest,legal,10,null,257.0,126218,6,descendant_authors,1.000134705747181
nearest,legal,10,null,258.0,126201,3,descendant_authors,1.0
nearest,legal,10,null,259.0,126200,5,descendant_authors,0.9999920761325187
nearest,legal,10,null,260.0,126200,5,descendant_authors,0.9999920761325187
nearest,legal,10,null,261.0,126303,3,descendant_authors,1.0008082344830864
nearest,legal,10,null,262.0,126265,2,descendant_authors,1.0005071275187993
nearest,legal,10,null,263.0,126201,3,descendant_authors,1.0
nearest,legal,10,null,264.0,126200,10,descendant_authors,0.9999920761325187
nearest,legal,10,null,265.0,125955,10,descendant_authors,0.9980507285996149
nearest,legal,10,null,266.0,126489,10,descendant_authors,1.0022820738345972
nearest,legal,10,null,267.0,126128,6,descendant_authors,0.9994215576738694
nearest,legal,10,null,268.0,111099,6,descendant_authors,0.8803337532983099
nearest,legal,10,null,269.0,126202,8,descendant_authors,1.0000079238674813
nearest,legal,10,null,270.0,126178,10,descendant_authors,0.9998177510479315
nearest,legal,10,null,271.0,126179,3,descendant_authors,0.9998256749154127
nearest,legal,10,null,272.0,124384,3,descendant_authors,0.9856023327865865
nearest,legal,10,null,273.0,126326,18,descendant_authors,1.000990483435155
nearest,legal,10,null,274.0,126744,6,descendant_authors,1.0043026600423135
nearest,legal,10,null,275.0,126200,14,descendant_authors,0.9999920761325187
nearest,legal,10,null,276.0,126202,1,descendant_authors,1.0000079238674813
nearest,legal,10,null,277.0,132972,5,descendant_authors,1.0536525067154776
nearest,legal,10,null,278.0,126271,6,descendant_authors,1.0005546707236868
nearest,legal,10,null,279.0,126201,12,descendant_authors,1.0
nearest,legal,10,null,280.0,127109,29,descendant_authors,1.0071948716729662
nearest,legal,10,null,281.0,126571,9,descendant_authors,1.0029318309680588
nearest,legal,10,null,282.0,126201,7,descendant_authors,1.0
nearest,legal,10,null,283.0,126191,5,descendant_authors,0.9999207613251876
nearest,legal,10,null,284.0,124851,10,descendant_authors,0.9893027789003257
nearest,legal,10,null,285.0,126883,8,descendant_authors,1.0054040776222057
nearest,legal,10,null,286.0,125776,9,descendant_authors,0.9966323563204729
nearest,legal,10,null,287.0,126191,4,descendant_authors,0.9999207613251876
nearest,legal,10,null,288.0,126181,5,descendant_authors,0.9998415226503752
nearest,legal,10,null,289.0,126201,6,descendant_authors,1.0
nearest,legal,10,null,290.0,125959,20,descendant_authors,0.9980824240695398
nearest,legal,10,null,291.0,125478,11,descendant_authors,0.9942710438110633
nearest,legal,10,null,292.0,126200,8,descendant_authors,0.9999920761325187
nearest,legal,10,null,293.0,127934,20,descendant_authors,1.0137320623449892
nearest,legal,10,null,294.0,125820,5,descendant_authors,0.9969810064896475
nearest,legal,10,null,295.0,125996,6,descendant_authors,0.9983756071663458
nearest,legal,10,null,296.0,126096,4,descendant_authors,0.9991679939144698
nearest,legal,10,null,297.0,126182,6,descendant_authors,0.9998494465178565
nearest,legal,10,null,298.0,125388,6,descendant_authors,0.9935578957377517
nearest,legal,10,null,299.0,125641,6,descendant_authors,0.9955626342105055
nearest,legal,10,null,300.0,126479,13,descendant_authors,1.0022028351597847
nearest,legal,10,null,301.0,126021,6,descendant_authors,0.9985737038533767
nearest,legal,10,null,302.0,126214,11,descendant_authors,1.0001030102772561
nearest,legal,10,null,303.0,126569,7,descendant_authors,1.0029159832330965
nearest,legal,10,null,304.0,126182,14,descendant_authors,0.9998494465178565
nearest,legal,10,null,305.0,126265,8,descendant_authors,1.0005071275187993
nearest,legal,10,null,306.0,126190,9,descendant_authors,0.9999128374577063
nearest,legal,10,null,307.0,118207,4,descendant_authors,0.9366566033549655
nearest,legal,10,null,308.0,126159,27,descendant_authors,0.9996671975657879
nearest,legal,10,null,309.0,126201,7,descendant_authors,1.0
nearest,legal,10,null,310.0,126720,1,descendant_authors,1.0041124872227636
nearest,legal,10,null,311.0,126202,1,descendant_authors,1.0000079238674813
nearest,legal,10,null,312.0,125688,8,descendant_authors,0.9959350559821237
nearest,legal,10,null,313.0,126191,2,descendant_authors,0.9999207613251876
nearest,legal,10,null,314.0,126219,29,descendant_authors,1.0001426296146623
nearest,legal,10,null,315.0,122870,26,descendant_authors,0.9736055974199888
nearest,legal,10,null,316.0,126202,7,descendant_authors,1.0000079238674813
nearest,legal,10,null,317.0,126190,5,descendant_authors,0.9999128374577063
nearest,legal,10,null,318.0,126396,8,descendant_authors,1.0015451541588418
nearest,legal,10,null,319.0,125794,28,descendant_authors,0.9967749859351352
nearest,legal,10,null,320.0,134709,28,descendant_authors,1.067416264530392
nearest,legal,10,null,321.0,126202,6,descendant_authors,1.0000079238674813
nearest,legal,10,null,322.0,126167,4,descendant_authors,0.9997305885056378
nearest,legal,10,null,323.0,123969,4,descendant_authors,0.9823139277818718
nearest,legal,10,null,324.0,128665,4,descendant_authors,1.0195244094737759
nearest,legal,10,null,325.0,125595,15,descendant_authors,0.9951981363063684
nearest,legal,10,null,326.0,126093,8,descendant_authors,0.999144222312026
nearest,legal,10,null,327.0,126201,14,descendant_authors,1.0
nearest,legal,10,null,328.0,122856,7,descendant_authors,0.9734946632752514
nearest,legal,10,null,329.0,126366,4,descendant_authors,1.0013074381344047
nearest,legal,10,null,330.0,126201,15,descendant_authors,1.0
nearest,legal,10,null,331.0,125627,7,descendant_authors,0.9954517000657681
nearest,legal,10,null,332.0,126201,14,descendant_authors,1.0
nearest,legal,10,null,333.0,126202,2,descendant_authors,1.0000079238674813
nearest,legal,10,null,334.0,127117,1,descendant_authors,1.0072582626128161
nearest,legal,10,null,335.0,124300,4,descendant_authors,0.9849367279181623
nearest,legal,10,null,336.0,125754,3,descendant_authors,0.9964580312358856
nearest,legal,10,null,337.0,124431,10,descendant_authors,0.9859747545582047
nearest,legal,10,null,338.0,125309,12,descendant_authors,0.9929319102067337
nearest,legal,10,null,339.0,126196,8,descendant_authors,0.9999603806625939
nearest,legal,10,null,340.0,128003,12,descendant_authors,1.014278809201195
nearest,legal,10,null,341.0,126183,13,descendant_authors,0.9998573703853377
nearest,legal,10,null,342.0,127066,6,descendant_authors,1.0068541453712727
nearest,legal,10,null,343.0,126195,8,descendant_authors,0.9999524567951126
nearest,legal,10,null,344.0,127602,9,descendant_authors,1.0111013383412175
nearest,legal,10,null,345.0,126251,2,descendant_authors,1.000396193374062
nearest,legal,10,null,346.0,126202,14,descendant_authors,1.0000079238674813
nearest,legal,10,null,347.0,120443,3,descendant_authors,0.9543743710430187
nearest,legal,10,null,348.0,127162,3,descendant_authors,1.007614836649472
nearest,legal,10,null,349.0,126214,8,descendant_authors,1.0001030102772561
nearest,legal,10,null,350.0,124405,6,descendant_authors,0.9857687340036925
nearest,legal,10,null,351.0,128076,7,descendant_authors,1.0148572515273255
nearest,legal,10,null,352.0,127036,6,descendant_authors,1.0066164293468356
nearest,legal,10,null,353.0,124651,16,descendant_authors,0.9877180054040776
nearest,legal,10,null,354.0,125698,3,descendant_authors,0.9960142946569361
nearest,legal,10,null,355.0,126522,6,descendant_authors,1.0025435614614782
nearest,legal,10,null,356.0,126203,3,descendant_authors,1.0000158477349625
nearest,legal,10,null,357.0,126200,7,descendant_authors,0.9999920761325187
nearest,legal,10,null,358.0,126092,4,descendant_authors,0.9991362984445448
nearest,legal,10,null,359.0,137121,8,descendant_authors,1.0865286328951436
nearest,legal,10,null,360.0,126229,7,descendant_authors,1.0002218682894748
nearest,legal,10,null,361.0,126199,5,descendant_authors,0.9999841522650376
nearest,legal,10,null,362.0,126215,10,descendant_authors,1.0001109341447374
nearest,legal,10,null,363.0,126206,6,descendant_authors,1.0000396193374061
nearest,legal,10,null,364.0,126201,5,descendant_authors,1.0
nearest,legal,10,null,365.0,125777,11,descendant_authors,0.9966402801879541
nearest,legal,10,null,366.0,131423,4,descendant_authors,1.0413784359870366
nearest,legal,10,null,367.0,126195,12,descendant_authors,0.9999524567951126
nearest,legal,10,null,368.0,126220,5,descendant_authors,1.0001505534821435
nearest,legal,10,null,369.0,126115,6,descendant_authors,0.9993185473966133
nearest,legal,10,null,370.0,120798,6,descendant_authors,0.957187343998859
nearest,legal,10,null,371.0,126201,3,descendant_authors,1.0
nearest,legal,10,null,372.0,126208,17,descendant_authors,1.0000554670723687
nearest,legal,10,null,373.0,114807,12,descendant_authors,0.9097154539187486
nearest,legal,10,null,374.0,126212,9,descendant_authors,1.0000871625422936
nearest,legal,10,null,375.0,126202,10,descendant_authors,1.0000079238674813
nearest,legal,10,null,376.0,125876,15,descendant_authors,0.997424743068597
nearest,legal,10,null,377.0,126201,8,descendant_authors,1.0
nearest,legal,10,null,378.0,126106,9,descendant_authors,0.9992472325892822
nearest,legal,10,null,379.0,124523,2,descendant_authors,0.9867037503664788
nearest,legal,10,null,380.0,126415,4,descendant_authors,1.0016957076409854
nearest,legal,10,null,381.0,126218,3,descendant_authors,1.000134705747181
nearest,legal,10,null,382.0,125748,12,descendant_authors,0.9964104880309982
nearest,legal,10,null,383.0,126212,9,descendant_authors,1.0000871625422936
nearest,legal,10,null,384.0,126201,16,descendant_authors,1.0
nearest,legal,10,null,385.0,128269,15,descendant_authors,1.0163865579512048
nearest,legal,10,null,386.0,126057,9,descendant_authors,0.9988589630827014
nearest,legal,10,null,387.0,126201,9,descendant_authors,1.0
nearest,legal,10,null,388.0,126065,2,descendant_authors,0.9989223540225514
nearest,legal,10,null,389.0,126058,6,descendant_authors,0.9988668869501827
nearest,legal,10,null,390.0,126202,2,descendant_authors,1.0000079238674813
nearest,legal,10,null,391.0,126066,12,descendant_authors,0.9989302778900325
nearest,legal,10,null,392.0,127500,1,descendant_authors,1.010293103858131
nearest,legal,10,null,393.0,126202,6,descendant_authors,1.0000079238674813
nearest,legal,10,null,394.0,126202,11,descendant_authors,1.0000079238674813
nearest,legal,10,null,395.0,126256,7,descendant_authors,1.0004358127114683
nearest,legal,10,null,396.0,126201,3,descendant_authors,1.0
nearest,legal,10,null,397.0,126166,12,descendant_authors,0.9997226646381566
nearest,legal,10,null,398.0,121223,7,descendant_authors,0.9605549876783861
nearest,legal,10,null,399.0,125918,5,descendant_authors,0.997757545502809
nearest,legal,10,null,400.0,126201,9,descendant_authors,1.0
nearest,legal,10,null,401.0,127477,33,descendant_authors,1.0101108549060624
nearest,legal,10,null,402.0,123911,8,descendant_authors,0.9818543434679599
nearest,legal,10,null,403.0,126202,7,descendant_authors,1.0000079238674813
nearest,legal,10,null,404.0,126237,11,descendant_authors,1.0002852592293245
nearest,legal,10,null,405.0,126191,8,descendant_authors,0.9999207613251876
nearest,legal,10,null,406.0,126143,6,descendant_authors,0.9995404156860881
nearest,legal,10,null,407.0,126202,5,descendant_authors,1.0000079238674813
nearest,legal,10,null,408.0,126192,14,descendant_authors,0.9999286851926689
nearest,legal,10,null,409.0,126220,8,descendant_authors,1.0001505534821435
nearest,legal,10,null,410.0,126199,6,descendant_authors,0.9999841522650376
nearest,legal,10,null,411.0,126195,6,descendant_authors,0.9999524567951126
nearest,legal,10,null,412.0,136705,4,descendant_authors,1.0832323040229475
nearest,legal,10,null,413.0,126201,4,descendant_authors,1.0
nearest,legal,10,null,414.0,125240,12,descendant_authors,0.9923851633505282
nearest,legal,10,null,415.0,126358,6,descendant_authors,1.0012440471945547
nearest,legal,10,null,416.0,126213,7,descendant_authors,1.0000950864097748
nearest,legal,10,null,417.0,126202,8,descendant_authors,1.0000079238674813
nearest,legal,10,null,418.0,125550,9,descendant_authors,0.9948415622697127
nearest,legal,10,null,419.0,126633,3,descendant_authors,1.0034231107518958
nearest,legal,10,null,420.0,126202,8,descendant_authors,1.0000079238674813
nearest,legal,10,null,421.0,126205,5,descendant_authors,1.0000316954699249
nearest,legal,10,null,422.0,125947,8,descendant_authors,0.997987337659765
nearest,legal,10,null,423.0,126201,10,descendant_authors,1.0
nearest,legal,10,null,424.0,129394,18,descendant_authors,1.0253009088676002
nearest,legal,10,null,425.0,125879,9,descendant_authors,0.9974485146710407
nearest,legal,10,null,426.0,126188,7,descendant_authors,0.9998969897227439
nearest,legal,10,null,427.0,126222,12,descendant_authors,1.000166401217106
nearest,legal,10,null,428.0,126149,4,descendant_authors,0.9995879588909755
nearest,legal,10,null,429.0,126194,15,descendant_authors,0.9999445329276313
nearest,legal,10,null,430.0,126370,6,descendant_authors,1.0013391336043296
nearest,legal,10,null,431.0,126369,9,descendant_authors,1.0013312097368483
nearest,legal,10,null,432.0,127354,2,descendant_authors,1.00913621920587
nearest,legal,10,null,433.0,126379,3,descendant_authors,1.0014104484116608
nearest,legal,10,null,434.0,121678,25,descendant_authors,0.9641603473823503
nearest,legal,10,null,435.0,125551,19,descendant_authors,0.9948494861371938
nearest,legal,10,null,436.0,126326,14,descendant_authors,1.000990483435155
nearest,legal,10,null,437.0,126396,2,descendant_authors,1.0015451541588418
nearest,legal,10,null,438.0,124194,17,descendant_authors,0.9840967979651508
nearest,legal,10,null,439.0,126208,5,descendant_authors,1.0000554670723687
nearest,legal,10,null,440.0,125896,6,descendant_authors,0.9975832204182217
nearest,legal,10,null,441.0,125988,5,descendant_authors,0.9983122162264958
nearest,legal,10,null,442.0,126203,13,descendant_authors,1.0000158477349625
nearest,legal,10,null,443.0,130274,5,descendant_authors,1.0322739122510916
nearest,legal,10,null,444.0,125791,12,descendant_authors,0.9967512143326915
nearest,legal,10,null,445.0,126305,9,descendant_authors,1.000824082218049
nearest,legal,10,null,446.0,126212,8,descendant_authors,1.0000871625422936
nearest,legal,10,null,447.0,126210,7,descendant_authors,1.0000713148073312
nearest,legal,10,null,448.0,126201,7,descendant_authors,1.0
nearest,legal,10,null,449.0,124601,5,descendant_authors,0.9873218120300156
nearest,legal,10,null,450.0,132210,14,descendant_authors,1.0476145196947726
nearest,legal,10,null,451.0,125261,5,descendant_authors,0.9925515645676342
nearest,legal,10,null,452.0,126314,13,descendant_authors,1.0008953970253802
nearest,legal,10,null,453.0,126235,3,descendant_authors,1.0002694114943622
nearest,legal,10,null,454.0,124468,8,descendant_authors,0.9862679376550106
nearest,legal,10,null,455.0,127291,8,descendant_authors,1.0086370155545519
nearest,legal,10,null,456.0,123921,7,descendant_authors,0.9819335821427723
nearest,legal,10,null,457.0,125401,4,descendant_authors,0.9936609060150078
nearest,legal,10,null,458.0,126338,3,descendant_authors,1.00108556984493
nearest,legal,10,null,459.0,125989,19,descendant_authors,0.9983201400939771
nearest,legal,10,null,460.0,126146,6,descendant_authors,0.9995641872885318
nearest,legal,10,null,461.0,126389,6,descendant_authors,1.0014896870864731
nearest,legal,10,null,462.0,126202,14,descendant_authors,1.0000079238674813
nearest,legal,10,null,463.0,126189,9,descendant_authors,0.9999049135902252
nearest,legal,10,null,464.0,126220,6,descendant_authors,1.0001505534821435
nearest,legal,10,null,465.0,117080,17,descendant_authors,0.9277264047036078
nearest,legal,10,null,466.0,126202,12,descendant_authors,1.0000079238674813
nearest,legal,10,null,467.0,126270,10,descendant_authors,1.0005467468562055
nearest,legal,10,null,468.0,125905,5,descendant_authors,0.9976545352255529
nearest,legal,10,null,469.0,126208,6,descendant_authors,1.0000554670723687
nearest,legal,10,null,470.0,126202,7,descendant_authors,1.0000079238674813
nearest,legal,10,null,471.0,126339,6,descendant_authors,1.0010934937124112
nearest,legal,10,null,472.0,126202,35,descendant_authors,1.0000079238674813
nearest,legal,10,null,473.0,126870,10,descendant_authors,1.0053010673449496
nearest,legal,10,null,474.0,129706,6,descendant_authors,1.027773155521747
nearest,legal,10,null,475.0,126437,2,descendant_authors,1.0018700327255727
nearest,legal,10,null,476.0,128415,15,descendant_authors,1.017543442603466
nearest,legal,10,null,477.0,126197,2,descendant_authors,0.999968304530075
nearest,legal,10,null,478.0,126172,1,descendant_authors,0.999770207843044
nearest,legal,10,null,479.0,126166,9,descendant_authors,0.9997226646381566
nearest,legal,10,null,480.0,128737,7,descendant_authors,1.0200949279324252
nearest,legal,10,null,481.0,126200,9,descendant_authors,0.9999920761325187
nearest,legal,10,null,482.0,129531,11,descendant_authors,1.02638647871253
nearest,legal,10,null,483.0,126210,5,descendant_authors,1.0000713148073312
nearest,legal,10,null,484.0,126473,5,descendant_authors,1.0021552919548973
nearest,legal,10,null,485.0,128052,7,descendant_authors,1.0146670787077756
nearest,legal,10,null,486.0,128779,12,descendant_authors,1.0204277303666374
nearest,legal,10,null,487.0,126573,4,descendant_authors,1.0029476787030214
nearest,legal,10,null,488.0,126777,5,descendant_authors,1.0045641476691944
nearest,legal,10,null,489.0,125880,12,descendant_authors,0.9974564385385218
nearest,legal,10,null,490.0,124741,13,descendant_authors,0.9884311534773892
nearest,legal,10,null,491.0,126181,8,descendant_authors,0.9998415226503752
nearest,legal,10,null,492.0,126195,16,descendant_authors,0.9999524567951126
nearest,legal,10,null,493.0,126201,8,descendant_authors,1.0
nearest,legal,10,null,494.0,126249,2,descendant_authors,1.0003803456390996
nearest,legal,10,null,495.0,126200,8,descendant_authors,0.9999920761325187
nearest,legal,10,null,496.0,126204,4,descendant_authors,1.0000237716024438
nearest,legal,10,null,497.0,124870,3,descendant_authors,0.9894533323824692
nearest,legal,10,null,498.0,126163,6,descendant_authors,0.9996988930357129
nearest,legal,10,null,499.0,126535,9,descendant_authors,1.0026465717387343
nearest,legal,10,downloads,,13504,0,,
nearest,legal,10,null,0.0,13513,0,downloads,1.0006664691943128
nearest,legal,10,null,1.0,13499,0,downloads,0.9996297393364929
nearest,legal,10,null,2.0,13496,0,downloads,0.9994075829383886
nearest,legal,10,null,3.0,13504,1,downloads,1.0
nearest,legal,10,null,4.0,13504,0,downloads,1.0
nearest,legal,10,null,5.0,13560,1,downloads,1.0041469194312795
nearest,legal,10,null,6.0,14167,1,downloads,1.0490965639810426
nearest,legal,10,null,7.0,14894,2,downloads,1.1029324644549763
nearest,legal,10,null,8.0,14191,0,downloads,1.0508738151658767
nearest,legal,10,null,9.0,13354,1,downloads,0.9888921800947867
nearest,legal,10,null,10.0,13516,1,downloads,1.000888625592417
nearest,legal,10,null,11.0,13504,0,downloads,1.0
nearest,legal,10,null,12.0,13503,0,downloads,0.9999259478672986
nearest,legal,10,null,13.0,13328,1,downloads,0.9869668246445498
nearest,legal,10,null,14.0,13025,1,downloads,0.964529028436019
nearest,legal,10,null,15.0,13495,0,downloads,0.9993335308056872
nearest,legal,10,null,16.0,13985,3,downloads,1.035619075829384
nearest,legal,10,null,17.0,13516,0,downloads,1.000888625592417
nearest,legal,10,null,18.0,12664,1,downloads,0.9377962085308057
nearest,legal,10,null,19.0,14538,0,downloads,1.0765699052132702
nearest,legal,10,null,20.0,13503,6,downloads,0.9999259478672986
nearest,legal,10,null,21.0,13493,0,downloads,0.9991854265402843
nearest,legal,10,null,22.0,14183,0,downloads,1.0502813981042654
nearest,legal,10,null,23.0,13687,0,downloads,1.0135515402843602
nearest,legal,10,null,24.0,13504,0,downloads,1.0
nearest,legal,10,null,25.0,11772,1,downloads,0.8717417061611374
nearest,legal,10,null,26.0,12934,0,downloads,0.9577902843601895
nearest,legal,10,null,27.0,13306,3,downloads,0.9853376777251185
nearest,legal,10,null,28.0,12240,0,downloads,0.9063981042654028
nearest,legal,10,null,29.0,13361,0,downloads,0.9894105450236966
nearest,legal,10,null,30.0,13461,0,downloads,0.9968157582938388
nearest,legal,10,null,31.0,13513,1,downloads,1.0006664691943128
nearest,legal,10,null,32.0,13502,0,downloads,0.9998518957345972
nearest,legal,10,null,33.0,13512,0,downloads,1.0005924170616114
nearest,legal,10,null,34.0,13685,1,downloads,1.0134034360189574
nearest,legal,10,null,35.0,13521,4,downloads,1.0012588862559242
nearest,legal,10,null,36.0,11684,0,downloads,0.8652251184834123
nearest,legal,10,null,37.0,13572,0,downloads,1.0050355450236967
nearest,legal,10,null,38.0,13457,0,downloads,0.9965195497630331
nearest,legal,10,null,39.0,13504,0,downloads,1.0
nearest,legal,10,null,40.0,14829,1,downloads,1.098119075829384
nearest,legal,10,null,41.0,13504,0,downloads,1.0
nearest,legal,10,null,42.0,13504,0,downloads,1.0
nearest,legal,10,null,43.0,14750,0,downloads,1.0922689573459716
nearest,legal,10,null,44.0,13485,1,downloads,0.998593009478673
nearest,legal,10,null,45.0,14025,0,downloads,1.0385811611374407
nearest,legal,10,null,46.0,12336,1,downloads,0.9135071090047393
nearest,legal,10,null,47.0,12877,3,downloads,0.9535693127962085
nearest,legal,10,null,48.0,13559,0,downloads,1.0040728672985781
nearest,legal,10,null,49.0,13972,1,downloads,1.0346563981042654
nearest,legal,10,null,50.0,14731,0,downloads,1.0908619668246446
nearest,legal,10,null,51.0,13638,1,downloads,1.0099229857819905
nearest,legal,10,null,52.0,13323,0,downloads,0.9865965639810427
nearest,legal,10,null,53.0,13751,2,downloads,1.0182908767772512
nearest,legal,10,null,54.0,13493,2,downloads,0.9991854265402843
nearest,legal,10,null,55.0,13388,1,downloads,0.9914099526066351
nearest,legal,10,null,56.0,13471,1,downloads,0.997556279620853
nearest,legal,10,null,57.0,13502,0,downloads,0.9998518957345972
nearest,legal,10,null,58.0,13439,0,downloads,0.9951866113744076
nearest,legal,10,null,59.0,13642,0,downloads,1.0102191943127963
nearest,legal,10,null,60.0,12776,0,downloads,0.9460900473933649
nearest,legal,10,null,61.0,13211,0,downloads,0.9783027251184834
nearest,legal,10,null,62.0,13524,0,downloads,1.0014810426540284
nearest,legal,10,null,63.0,13137,1,downloads,0.9728228672985783
nearest,legal,10,null,64.0,13357,0,downloads,0.989114336492891
nearest,legal,10,null,65.0,13541,0,downloads,1.0027399289099526
nearest,legal,10,null,66.0,13507,0,downloads,1.0002221563981042
nearest,legal,10,null,67.0,13487,1,downloads,0.9987411137440758
nearest,legal,10,null,68.0,13705,0,downloads,1.0148844786729858
nearest,legal,10,null,69.0,13553,2,downloads,1.0036285545023698
nearest,legal,10,null,70.0,13426,0,downloads,0.9942239336492891
nearest,legal,10,null,71.0,13510,0,downloads,1.0004443127962086
nearest,legal,10,null,72.0,13427,0,downloads,0.9942979857819905
nearest,legal,10,null,73.0,13385,1,downloads,0.9911877962085308
nearest,legal,10,null,74.0,13180,0,downloads,0.9760071090047393
nearest,legal,10,null,75.0,13507,0,downloads,1.0002221563981042
nearest,legal,10,null,76.0,13730,0,downloads,1.0167357819905214
nearest,legal,10,null,77.0,13152,0,downloads,0.9739336492890995
nearest,legal,10,null,78.0,13287,1,downloads,0.9839306872037915
nearest,legal,10,null,79.0,13504,0,downloads,1.0
nearest,legal,10,null,80.0,13505,0,downloads,1.0000740521327014
nearest,legal,10,null,81.0,9367,0,downloads,0.693646327014218
nearest,legal,10,null,82.0,13488,0,downloads,0.9988151658767772
nearest,legal,10,null,83.0,15267,0,downloads,1.1305539099526067
nearest,legal,10,null,84.0,13499,1,downloads,0.9996297393364929
nearest,legal,10,null,85.0,13120,1,downloads,0.9715639810426541
nearest,legal,10,null,86.0,13430,0,downloads,0.9945201421800948
nearest,legal,10,null,87.0,13664,3,downloads,1.0118483412322274
nearest,legal,10,null,88.0,15154,0,downloads,1.122186018957346
nearest,legal,10,null,89.0,11491,0,downloads,0.8509330568720379
nearest,legal,10,null,90.0,12325,0,downloads,0.9126925355450237
nearest,legal,10,null,91.0,17121,1,downloads,1.2678465639810426
nearest,legal,10,null,92.0,14323,0,downloads,1.0606486966824644
nearest,legal,10,null,93.0,13312,2,downloads,0.985781990521327
nearest,legal,10,null,94.0,15891,3,downloads,1.176762440758294
nearest,legal,10,null,95.0,13532,1,downloads,1.0020734597156398
nearest,legal,10,null,96.0,15044,1,downloads,1.1140402843601895
nearest,legal,10,null,97.0,13563,0,downloads,1.004369075829384
nearest,legal,10,null,98.0,13504,0,downloads,1.0
nearest,legal,10,null,99.0,13299,1,downloads,0.9848193127962085
nearest,legal,10,null,100.0,13467,0,downloads,0.9972600710900474
nearest,legal,10,null,101.0,13909,1,downloads,1.0299911137440758
nearest,legal,10,null,102.0,11750,0,downloads,0.8701125592417062
nearest,legal,10,null,103.0,13507,0,downloads,1.0002221563981042
nearest,legal,10,null,104.0,17295,0,downloads,1.28073163507109
nearest,legal,10,null,105.0,12905,1,downloads,0.9556427725118484
nearest,legal,10,null,106.0,13330,0,downloads,0.9871149289099526
nearest,legal,10,null,107.0,13990,0,downloads,1.035989336492891
nearest,legal,10,null,108.0,13525,0,downloads,1.0015550947867298
nearest,legal,10,null,109.0,13504,0,downloads,1.0
nearest,legal,10,null,110.0,13500,0,downloads,0.9997037914691943
nearest,legal,10,null,111.0,13505,0,downloads,1.0000740521327014
nearest,legal,10,null,112.0,13504,0,downloads,1.0
nearest,legal,10,null,113.0,13525,0,downloads,1.0015550947867298
nearest,legal,10,null,114.0,13475,1,downloads,0.9978524881516587
nearest,legal,10,null,115.0,13583,0,downloads,1.0058501184834123
nearest,legal,10,null,116.0,15256,0,downloads,1.129739336492891
nearest,legal,10,null,117.0,13500,0,downloads,0.9997037914691943
nearest,legal,10,null,118.0,13506,2,downloads,1.0001481042654028
nearest,legal,10,null,119.0,13512,0,downloads,1.0005924170616114
nearest,legal,10,null,120.0,13499,1,downloads,0.9996297393364929
nearest,legal,10,null,121.0,13504,1,downloads,1.0
nearest,legal,10,null,122.0,12883,0,downloads,0.9540136255924171
nearest,legal,10,null,123.0,13580,1,downloads,1.0056279620853081
nearest,legal,10,null,124.0,16518,0,downloads,1.2231931279620853
nearest,legal,10,null,125.0,13533,2,downloads,1.0021475118483412
nearest,legal,10,null,126.0,13488,0,downloads,0.9988151658767772
nearest,legal,10,null,127.0,13505,0,downloads,1.0000740521327014
nearest,legal,10,null,128.0,13511,0,downloads,1.00051836492891
nearest,legal,10,null,129.0,13753,0,downloads,1.018438981042654
nearest,legal,10,null,130.0,13496,1,downloads,0.9994075829383886
nearest,legal,10,null,131.0,14165,1,downloads,1.0489484597156398
nearest,legal,10,null,132.0,13216,2,downloads,0.9786729857819905
nearest,legal,10,null,133.0,11981,0,downloads,0.8872186018957346
nearest,legal,10,null,134.0,13221,0,downloads,0.9790432464454977
nearest,legal,10,null,135.0,13825,0,downloads,1.0237707345971565
nearest,legal,10,null,136.0,13507,1,downloads,1.0002221563981042
nearest,legal,10,null,137.0,13496,0,downloads,0.9994075829383886
nearest,legal,10,null,138.0,16913,0,downloads,1.252443720379147
nearest,legal,10,null,139.0,13404,3,downloads,0.9925947867298578
nearest,legal,10,null,140.0,11004,0,downloads,0.8148696682464455
nearest,legal,10,null,141.0,12135,0,downloads,0.8986226303317536
nearest,legal,10,null,142.0,13505,0,downloads,1.0000740521327014
nearest,legal,10,null,143.0,13513,0,downloads,1.0006664691943128
nearest,legal,10,null,144.0,15481,0,downloads,1.146401066350711
nearest,legal,10,null,145.0,15556,1,downloads,1.1519549763033174
nearest,legal,10,null,146.0,13505,2,downloads,1.0000740521327014
nearest,legal,10,null,147.0,11802,0,downloads,0.8739632701421801
nearest,legal,10,null,148.0,13504,2,downloads,1.0
nearest,legal,10,null,149.0,13870,1,downloads,1.0271030805687205
nearest,legal,10,null,150.0,12703,0,downloads,0.9406842417061612
nearest,legal,10,null,151.0,13314,0,downloads,0.9859300947867299
nearest,legal,10,null,152.0,13504,0,downloads,1.0
nearest,legal,10,null,153.0,13497,0,downloads,0.99948163507109
nearest,legal,10,null,154.0,11916,0,downloads,0.8824052132701422
nearest,legal,10,null,155.0,13514,0,downloads,1.0007405213270142
nearest,legal,10,null,156.0,13533,0,downloads,1.0021475118483412
nearest,legal,10,null,157.0,13504,0,downloads,1.0
nearest,legal,10,null,158.0,14509,0,downloads,1.0744223933649288
nearest,legal,10,null,159.0,13498,0,downloads,0.9995556872037915
nearest,legal,10,null,160.0,13784,0,downloads,1.0207345971563981
nearest,legal,10,null,161.0,13168,2,downloads,0.9751184834123223
nearest,legal,10,null,162.0,13700,0,downloads,1.0145142180094786
nearest,legal,10,null,163.0,13708,0,downloads,1.01510663507109
nearest,legal,10,null,164.0,14860,0,downloads,1.100414691943128
nearest,legal,10,null,165.0,13522,0,downloads,1.0013329383886256
nearest,legal,10,null,166.0,9554,1,downloads,0.7074940758293838
nearest,legal,10,null,167.0,13816,0,downloads,1.0231042654028435
nearest,legal,10,null,168.0,13504,0,downloads,1.0
nearest,legal,10,null,169.0,13034,0,downloads,0.9651954976303317
nearest,legal,10,null,170.0,13521,1,downloads,1.0012588862559242
nearest,legal,10,null,171.0,14362,2,downloads,1.06353672985782
nearest,legal,10,null,172.0,15385,0,downloads,1.1392920616113744
nearest,legal,10,null,173.0,13558,1,downloads,1.0039988151658767
nearest,legal,10,null,174.0,12808,0,downloads,0.9484597156398105
nearest,legal,10,null,175.0,13522,0,downloads,1.0013329383886256
nearest,legal,10,null,176.0,13473,0,downloads,0.9977043838862559
nearest,legal,10,null,177.0,13501,0,downloads,0.9997778436018957
nearest,legal,10,null,178.0,13505,2,downloads,1.0000740521327014
nearest,legal,10,null,179.0,13487,1,downloads,0.9987411137440758
nearest,legal,10,null,180.0,14397,0,downloads,1.0661285545023698
nearest,legal,10,null,181.0,13292,0,downloads,0.9843009478672986
nearest,legal,10,null,182.0,13502,0,downloads,0.9998518957345972
nearest,legal,10,null,183.0,13503,0,downloads,0.9999259478672986
nearest,legal,10,null,184.0,13462,0,downloads,0.9968898104265402
nearest,legal,10,null,185.0,13479,0,downloads,0.9981486966824644
nearest,legal,10,null,186.0,13449,0,downloads,0.9959271327014217
nearest,legal,10,null,187.0,13732,1,downloads,1.0168838862559242
nearest,legal,10,null,188.0,14059,1,downloads,1.041098933649289
nearest,legal,10,null,189.0,13503,0,downloads,0.9999259478672986
nearest,legal,10,null,190.0,13505,0,downloads,1.0000740521327014
nearest,legal,10,null,191.0,13538,6,downloads,1.0025177725118484
nearest,legal,10,null,192.0,13509,0,downloads,1.0003702606635072
nearest,legal,10,null,193.0,13505,0,downloads,1.0000740521327014
nearest,legal,10,null,194.0,14406,0,downloads,1.0667950236966826
nearest,legal,10,null,195.0,13504,0,downloads,1.0
nearest,legal,10,null,196.0,13029,0,downloads,0.9648252369668247
nearest,legal,10,null,197.0,11219,0,downloads,0.8307908767772512
nearest,legal,10,null,198.0,14378,0,downloads,1.0647215639810426
nearest,legal,10,null,199.0,13505,0,downloads,1.0000740521327014
nearest,legal,10,null,200.0,13401,0,downloads,0.9923726303317536
nearest,legal,10,null,201.0,13491,1,downloads,0.9990373222748815
nearest,legal,10,null,202.0,13510,0,downloads,1.0004443127962086
nearest,legal,10,null,203.0,13608,2,downloads,1.007701421800948
nearest,legal,10,null,204.0,13628,0,downloads,1.0091824644549763
nearest,legal,10,null,205.0,13485,0,downloads,0.998593009478673
nearest,legal,10,null,206.0,13527,0,downloads,1.0017031990521328
nearest,legal,10,null,207.0,13504,0,downloads,1.0
nearest,legal,10,null,208.0,13505,0,downloads,1.0000740521327014
nearest,legal,10,null,209.0,13394,0,downloads,0.9918542654028436
nearest,legal,10,null,210.0,13115,0,downloads,0.971193720379147
nearest,legal,10,null,211.0,13503,1,downloads,0.9999259478672986
nearest,legal,10,null,212.0,13503,0,downloads,0.9999259478672986
nearest,legal,10,null,213.0,15335,0,downloads,1.1355894549763033
nearest,legal,10,null,214.0,14818,0,downloads,1.0973045023696681
nearest,legal,10,null,215.0,13934,1,downloads,1.0318424170616114
nearest,legal,10,null,216.0,13503,0,downloads,0.9999259478672986
nearest,legal,10,null,217.0,13503,0,downloads,0.9999259478672986
nearest,legal,10,null,218.0,13526,0,downloads,1.0016291469194314
nearest,legal,10,null,219.0,13511,6,downloads,1.00051836492891
nearest,legal,10,null,220.0,13091,0,downloads,0.9694164691943128
nearest,legal,10,null,221.0,13715,0,downloads,1.015625
nearest,legal,10,null,222.0,13515,4,downloads,1.0008145734597156
nearest,legal,10,null,223.0,13504,0,downloads,1.0
nearest,legal,10,null,224.0,13343,2,downloads,0.988077606635071
nearest,legal,10,null,225.0,14039,0,downloads,1.0396178909952607
nearest,legal,10,null,226.0,13504,1,downloads,1.0
nearest,legal,10,null,227.0,13399,0,downloads,0.9922245260663507
nearest,legal,10,null,228.0,13097,3,downloads,0.9698607819905213
nearest,legal,10,null,229.0,13488,0,downloads,0.9988151658767772
nearest,legal,10,null,230.0,13511,1,downloads,1.00051836492891
nearest,legal,10,null,231.0,13548,0,downloads,1.0032582938388626
nearest,legal,10,null,232.0,12864,0,downloads,0.95260663507109
nearest,legal,10,null,233.0,13517,0,downloads,1.0009626777251184
nearest,legal,10,null,234.0,13476,0,downloads,0.9979265402843602
nearest,legal,10,null,235.0,14029,0,downloads,1.0388773696682465
nearest,legal,10,null,236.0,15370,0,downloads,1.138181279620853
nearest,legal,10,null,237.0,13547,1,downloads,1.0031842417061612
nearest,legal,10,null,238.0,14096,1,downloads,1.0438388625592416
nearest,legal,10,null,239.0,13504,0,downloads,1.0
nearest,legal,10,null,240.0,13747,2,downloads,1.0179946682464456
nearest,legal,10,null,241.0,13474,0,downloads,0.9977784360189573
nearest,legal,10,null,242.0,13607,1,downloads,1.0076273696682465
nearest,legal,10,null,243.0,13667,0,downloads,1.0120704976303319
nearest,legal,10,null,244.0,13526,0,downloads,1.0016291469194314
nearest,legal,10,null,245.0,13455,0,downloads,0.9963714454976303
nearest,legal,10,null,246.0,13507,0,downloads,1.0002221563981042
nearest,legal,10,null,247.0,7849,1,downloads,0.5812351895734598
nearest,legal,10,null,248.0,15467,1,downloads,1.145364336492891
nearest,legal,10,null,249.0,13377,0,downloads,0.9905953791469194
nearest,legal,10,null,250.0,12085,0,downloads,0.8949200236966824
nearest,legal,10,null,251.0,3988,0,downloads,0.2953199052132701
nearest,legal,10,null,252.0,23000,2,downloads,1.7031990521327014
nearest,legal,10,null,253.0,13312,2,downloads,0.985781990521327
nearest,legal,10,null,254.0,13509,1,downloads,1.0003702606635072
nearest,legal,10,null,255.0,13116,1,downloads,0.9712677725118484
nearest,legal,10,null,256.0,13466,0,downloads,0.9971860189573459
nearest,legal,10,null,257.0,11449,0,downloads,0.8478228672985783
nearest,legal,10,null,258.0,13504,0,downloads,1.0
nearest,legal,10,null,259.0,13423,0,downloads,0.9940017772511849
nearest,legal,10,null,260.0,13499,0,downloads,0.9996297393364929
nearest,legal,10,null,261.0,12839,0,downloads,0.9507553317535545
nearest,legal,10,null,262.0,13476,0,downloads,0.9979265402843602
nearest,legal,10,null,263.0,13661,0,downloads,1.0116261848341233
nearest,legal,10,null,264.0,13707,0,downloads,1.0150325829383886
nearest,legal,10,null,265.0,13501,1,downloads,0.9997778436018957
nearest,legal,10,null,266.0,10960,0,downloads,0.8116113744075829
nearest,legal,10,null,267.0,13504,0,downloads,1.0
nearest,legal,10,null,268.0,13552,3,downloads,1.0035545023696681
nearest,legal,10,null,269.0,13431,0,downloads,0.9945941943127962
nearest,legal,10,null,270.0,12051,3,downloads,0.8924022511848341
nearest,legal,10,null,271.0,13244,0,downloads,0.9807464454976303
nearest,legal,10,null,272.0,13520,0,downloads,1.0011848341232228
nearest,legal,10,null,273.0,13881,1,downloads,1.027917654028436
nearest,legal,10,null,274.0,13505,0,downloads,1.0000740521327014
nearest,legal,10,null,275.0,13681,0,downloads,1.0131072274881516
nearest,legal,10,null,276.0,13732,3,downloads,1.0168838862559242
nearest,legal,10,null,277.0,13338,0,downloads,0.987707345971564
nearest,legal,10,null,278.0,13488,0,downloads,0.9988151658767772
nearest,legal,10,null,279.0,13446,1,downloads,0.9957049763033176
nearest,legal,10,null,280.0,13505,1,downloads,1.0000740521327014
nearest,legal,10,null,281.0,13504,0,downloads,1.0
nearest,legal,10,null,282.0,13613,0,downloads,1.0080716824644549
nearest,legal,10,null,283.0,13745,0,downloads,1.0178465639810426
nearest,legal,10,null,284.0,12827,0,downloads,0.9498667061611374
nearest,legal,10,null,285.0,13483,1,downloads,0.9984449052132701
nearest,legal,10,null,286.0,13499,2,downloads,0.9996297393364929
nearest,legal,10,null,287.0,12972,0,downloads,0.9606042654028436
nearest,legal,10,null,288.0,14353,0,downloads,1.0628702606635072
nearest,legal,10,null,289.0,14042,0,downloads,1.0398400473933649
nearest,legal,10,null,290.0,11708,0,downloads,0.8670023696682464
nearest,legal,10,null,291.0,13503,0,downloads,0.9999259478672986
nearest,legal,10,null,292.0,13517,0,downloads,1.0009626777251184
nearest,legal,10,null,293.0,13254,1,downloads,0.9814869668246445
nearest,legal,10,null,294.0,13504,3,downloads,1.0
nearest,legal,10,null,295.0,14019,0,downloads,1.0381368483412323
nearest,legal,10,null,296.0,13504,0,downloads,1.0
nearest,legal,10,null,297.0,13509,2,downloads,1.0003702606635072
nearest,legal,10,null,298.0,14371,0,downloads,1.0642031990521328
nearest,legal,10,null,299.0,13535,0,downloads,1.0022956161137442
nearest,legal,10,null,300.0,7392,0,downloads,0.54739336492891
nearest,legal,10,null,301.0,13504,3,downloads,1.0
nearest,legal,10,null,302.0,13505,0,downloads,1.0000740521327014
nearest,legal,10,null,303.0,13506,0,downloads,1.0001481042654028
nearest,legal,10,null,304.0,13516,0,downloads,1.000888625592417
nearest,legal,10,null,305.0,13425,0,downloads,0.9941498815165877
nearest,legal,10,null,306.0,11027,0,downloads,0.8165728672985783
nearest,legal,10,null,307.0,13517,0,downloads,1.0009626777251184
nearest,legal,10,null,308.0,15650,1,downloads,1.1589158767772512
nearest,legal,10,null,309.0,14575,0,downloads,1.0793098341232228
nearest,legal,10,null,310.0,13464,0,downloads,0.9970379146919431
nearest,legal,10,null,311.0,13796,0,downloads,1.0216232227488151
nearest,legal,10,null,312.0,11207,0,downloads,0.8299022511848341
nearest,legal,10,null,313.0,13743,1,downloads,1.0176984597156398
nearest,legal,10,null,314.0,13504,0,downloads,1.0
nearest,legal,10,null,315.0,13153,0,downloads,0.9740077014218009
nearest,legal,10,null,316.0,15235,0,downloads,1.1281842417061612
nearest,legal,10,null,317.0,13505,0,downloads,1.0000740521327014
nearest,legal,10,null,318.0,14078,0,downloads,1.042505924170616
nearest,legal,10,null,319.0,13441,1,downloads,0.9953347156398105
nearest,legal,10,null,320.0,16746,2,downloads,1.2400770142180095
nearest,legal,10,null,321.0,13460,1,downloads,0.9967417061611374
nearest,legal,10,null,322.0,13483,2,downloads,0.9984449052132701
nearest,legal,10,null,323.0,15878,1,downloads,1.1757997630331753
nearest,legal,10,null,324.0,13641,0,downloads,1.0101451421800949
nearest,legal,10,null,325.0,13477,0,downloads,0.9980005924170616
nearest,legal,10,null,326.0,14872,2,downloads,1.1013033175355451
nearest,legal,10,null,327.0,13633,1,downloads,1.0095527251184835
nearest,legal,10,null,328.0,13510,2,downloads,1.0004443127962086
nearest,legal,10,null,329.0,13504,0,downloads,1.0
nearest,legal,10,null,330.0,12083,0,downloads,0.8947719194312796
nearest,legal,10,null,331.0,13504,0,downloads,1.0
nearest,legal,10,null,332.0,12514,0,downloads,0.9266883886255924
nearest,legal,10,null,333.0,13525,1,downloads,1.0015550947867298
nearest,legal,10,null,334.0,13508,0,downloads,1.0002962085308056
nearest,legal,10,null,335.0,13444,0,downloads,0.9955568720379147
nearest,legal,10,null,336.0,13612,2,downloads,1.0079976303317535
nearest,legal,10,null,337.0,13530,0,downloads,1.001925355450237
nearest,legal,10,null,338.0,13487,0,downloads,0.9987411137440758
nearest,legal,10,null,339.0,13504,4,downloads,1.0
nearest,legal,10,null,340.0,13623,0,downloads,1.0088122037914693
nearest,legal,10,null,341.0,13424,1,downloads,0.9940758293838863
nearest,legal,10,null,342.0,12652,0,downloads,0.9369075829383886
nearest,legal,10,null,343.0,13938,0,downloads,1.032138625592417
nearest,legal,10,null,344.0,13514,2,downloads,1.0007405213270142
nearest,legal,10,null,345.0,13503,2,downloads,0.9999259478672986
nearest,legal,10,null,346.0,13497,1,downloads,0.99948163507109
nearest,legal,10,null,347.0,13504,0,downloads,1.0
nearest,legal,10,null,348.0,13504,0,downloads,1.0
nearest,legal,10,null,349.0,13503,1,downloads,0.9999259478672986
nearest,legal,10,null,350.0,13467,0,downloads,0.9972600710900474
nearest,legal,10,null,351.0,12875,0,downloads,0.9534212085308057
nearest,legal,10,null,352.0,13688,0,downloads,1.0136255924170616
nearest,legal,10,null,353.0,13490,2,downloads,0.9989632701421801
nearest,legal,10,null,354.0,13504,0,downloads,1.0
nearest,legal,10,null,355.0,13504,2,downloads,1.0
nearest,legal,10,null,356.0,13615,0,downloads,1.008219786729858
nearest,legal,10,null,357.0,13504,0,downloads,1.0
nearest,legal,10,null,358.0,13636,0,downloads,1.0097748815165877
nearest,legal,10,null,359.0,13497,0,downloads,0.99948163507109
nearest,legal,10,null,360.0,20790,0,downloads,1.5395438388625593
nearest,legal,10,null,361.0,13504,0,downloads,1.0
nearest,legal,10,null,362.0,13504,1,downloads,1.0
nearest,legal,10,null,363.0,11616,0,downloads,0.8601895734597157
nearest,legal,10,null,364.0,13527,0,downloads,1.0017031990521328
nearest,legal,10,null,365.0,13510,0,downloads,1.0004443127962086
nearest,legal,10,null,366.0,13498,0,downloads,0.9995556872037915
nearest,legal,10,null,367.0,13501,0,downloads,0.9997778436018957
nearest,legal,10,null,368.0,13112,2,downloads,0.9709715639810427
nearest,legal,10,null,369.0,13889,1,downloads,1.0285100710900474
nearest,legal,10,null,370.0,13705,1,downloads,1.0148844786729858
nearest,legal,10,null,371.0,13412,3,downloads,0.9931872037914692
nearest,legal,10,null,372.0,13427,0,downloads,0.9942979857819905
nearest,legal,10,null,373.0,13506,0,downloads,1.0001481042654028
nearest,legal,10,null,374.0,13505,1,downloads,1.0000740521327014
nearest,legal,10,null,375.0,13508,0,downloads,1.0002962085308056
nearest,legal,10,null,376.0,13206,0,downloads,0.9779324644549763
nearest,legal,10,null,377.0,13505,0,downloads,1.0000740521327014
nearest,legal,10,null,378.0,13073,0,downloads,0.9680835308056872
nearest,legal,10,null,379.0,12816,2,downloads,0.9490521327014217
nearest,legal,10,null,380.0,13460,0,downloads,0.9967417061611374
nearest,legal,10,null,381.0,14117,0,downloads,1.0453939573459716
nearest,legal,10,null,382.0,13473,0,downloads,0.9977043838862559
nearest,legal,10,null,383.0,13176,0,downloads,0.9757109004739336
nearest,legal,10,null,384.0,13671,0,downloads,1.0123667061611374
nearest,legal,10,null,385.0,13505,1,downloads,1.0000740521327014
nearest,legal,10,null,386.0,13613,0,downloads,1.0080716824644549
nearest,legal,10,null,387.0,13507,0,downloads,1.0002221563981042
nearest,legal,10,null,388.0,13335,0,downloads,0.9874851895734598
nearest,legal,10,null,389.0,13652,1,downloads,1.0109597156398105
nearest,legal,10,null,390.0,22970,2,downloads,1.7009774881516588
nearest,legal,10,null,391.0,13630,0,downloads,1.009330568720379
nearest,legal,10,null,392.0,13504,3,downloads,1.0
nearest,legal,10,null,393.0,13980,0,downloads,1.0352488151658767
nearest,legal,10,null,394.0,12748,0,downloads,0.9440165876777251
nearest,legal,10,null,395.0,9769,1,downloads,0.7234152843601895
nearest,legal,10,null,396.0,13505,2,downloads,1.0000740521327014
nearest,legal,10,null,397.0,13750,1,downloads,1.0182168246445498
nearest,legal,10,null,398.0,13830,0,downloads,1.0241409952606635
nearest,legal,10,null,399.0,13508,0,downloads,1.0002962085308056
nearest,legal,10,null,400.0,13521,0,downloads,1.0012588862559242
nearest,legal,10,null,401.0,14041,0,downloads,1.0397659952606635
nearest,legal,10,null,402.0,13357,0,downloads,0.989114336492891
nearest,legal,10,null,403.0,13533,4,downloads,1.0021475118483412
nearest,legal,10,null,404.0,13808,3,downloads,1.0225118483412323
nearest,legal,10,null,405.0,13502,1,downloads,0.9998518957345972
nearest,legal,10,null,406.0,10519,0,downloads,0.7789543838862559
nearest,legal,10,null,407.0,13101,1,downloads,0.970156990521327
nearest,legal,10,null,408.0,13508,0,downloads,1.0002962085308056
nearest,legal,10,null,409.0,13143,0,downloads,0.9732671800947867
nearest,legal,10,null,410.0,13925,1,downloads,1.0311759478672986
nearest,legal,10,null,411.0,11438,1,downloads,0.8470082938388626
nearest,legal,10,null,412.0,13505,0,downloads,1.0000740521327014
nearest,legal,10,null,413.0,13252,0,downloads,0.9813388625592417
nearest,legal,10,null,414.0,13503,0,downloads,0.9999259478672986
nearest,legal,10,null,415.0,13439,2,downloads,0.9951866113744076
nearest,legal,10,null,416.0,13872,0,downloads,1.0272511848341233
nearest,legal,10,null,417.0,13521,0,downloads,1.0012588862559242
nearest,legal,10,null,418.0,13511,0,downloads,1.00051836492891
nearest,legal,10,null,419.0,13332,1,downloads,0.9872630331753555
nearest,legal,10,null,420.0,13412,1,downloads,0.9931872037914692
nearest,legal,10,null,421.0,13462,0,downloads,0.9968898104265402
nearest,legal,10,null,422.0,13343,0,downloads,0.988077606635071
nearest,legal,10,null,423.0,13516,3,downloads,1.000888625592417
nearest,legal,10,null,424.0,13407,0,downloads,0.9928169431279621
nearest,legal,10,null,425.0,14915,0,downloads,1.104487559241706
nearest,legal,10,null,426.0,13483,0,downloads,0.9984449052132701
nearest,legal,10,null,427.0,13506,0,downloads,1.0001481042654028
nearest,legal,10,null,428.0,13143,0,downloads,0.9732671800947867
nearest,legal,10,null,429.0,13502,0,downloads,0.9998518957345972
nearest,legal,10,null,430.0,13485,0,downloads,0.998593009478673
nearest,legal,10,null,431.0,13852,0,downloads,1.0257701421800949
nearest,legal,10,null,432.0,13499,0,downloads,0.9996297393364929
nearest,legal,10,null,433.0,14500,0,downloads,1.073755924170616
nearest,legal,10,null,434.0,13036,0,downloads,0.9653436018957346
nearest,legal,10,null,435.0,14199,0,downloads,1.0514662322274881
nearest,legal,10,null,436.0,13506,3,downloads,1.0001481042654028
nearest,legal,10,null,437.0,13508,1,downloads,1.0002962085308056
nearest,legal,10,null,438.0,13413,0,downloads,0.9932612559241706
nearest,legal,10,null,439.0,12889,0,downloads,0.9544579383886256
nearest,legal,10,null,440.0,13497,0,downloads,0.99948163507109
nearest,legal,10,null,441.0,13540,1,downloads,1.0026658767772512
nearest,legal,10,null,442.0,13506,0,downloads,1.0001481042654028
nearest,legal,10,null,443.0,13324,1,downloads,0.9866706161137441
nearest,legal,10,null,444.0,9831,0,downloads,0.7280065165876777
nearest,legal,10,null,445.0,13425,0,downloads,0.9941498815165877
nearest,legal,10,null,446.0,14827,0,downloads,1.097970971563981
nearest,legal,10,null,447.0,13385,1,downloads,0.9911877962085308
nearest,legal,10,null,448.0,13487,0,downloads,0.9987411137440758
nearest,legal,10,null,449.0,13505,0,downloads,1.0000740521327014
nearest,legal,10,null,450.0,13515,2,downloads,1.0008145734597156
nearest,legal,10,null,451.0,13525,0,downloads,1.0015550947867298
nearest,legal,10,null,452.0,11897,0,downloads,0.8809982227488151
nearest,legal,10,null,453.0,13850,1,downloads,1.0256220379146919
nearest,legal,10,null,454.0,13846,0,downloads,1.0253258293838863
nearest,legal,10,null,455.0,13533,1,downloads,1.0021475118483412
nearest,legal,10,null,456.0,13503,2,downloads,0.9999259478672986
nearest,legal,10,null,457.0,13530,0,downloads,1.001925355450237
nearest,legal,10,null,458.0,13535,0,downloads,1.0022956161137442
nearest,legal,10,null,459.0,13540,0,downloads,1.0026658767772512
nearest,legal,10,null,460.0,13666,4,downloads,1.0119964454976302
nearest,legal,10,null,461.0,13646,0,downloads,1.0105154028436019
nearest,legal,10,null,462.0,13523,0,downloads,1.001406990521327
nearest,legal,10,null,463.0,13510,0,downloads,1.0004443127962086
nearest,legal,10,null,464.0,13720,0,downloads,1.0159952606635072
nearest,legal,10,null,465.0,13491,0,downloads,0.9990373222748815
nearest,legal,10,null,466.0,14491,0,downloads,1.0730894549763033
nearest,legal,10,null,467.0,13503,0,downloads,0.9999259478672986
nearest,legal,10,null,468.0,13591,0,downloads,1.0064425355450237
nearest,legal,10,null,469.0,13496,0,downloads,0.9994075829383886
nearest,legal,10,null,470.0,13503,3,downloads,0.9999259478672986
nearest,legal,10,null,471.0,14756,2,downloads,1.09271327014218
nearest,legal,10,null,472.0,13520,0,downloads,1.0011848341232228
nearest,legal,10,null,473.0,13241,0,downloads,0.980524289099526
nearest,legal,10,null,474.0,13415,0,downloads,0.9934093601895735
nearest,legal,10,null,475.0,10495,0,downloads,0.7771771327014217
nearest,legal,10,null,476.0,13504,0,downloads,1.0
nearest,legal,10,null,477.0,13653,0,downloads,1.0110337677725119
nearest,legal,10,null,478.0,9155,0,downloads,0.6779472748815166
nearest,legal,10,null,479.0,14737,0,downloads,1.091306279620853
nearest,legal,10,null,480.0,13353,0,downloads,0.9888181279620853
nearest,legal,10,null,481.0,13505,2,downloads,1.0000740521327014
nearest,legal,10,null,482.0,14516,0,downloads,1.0749407582938388
nearest,legal,10,null,483.0,13460,0,downloads,0.9967417061611374
nearest,legal,10,null,484.0,13664,0,downloads,1.0118483412322274
nearest,legal,10,null,485.0,13508,0,downloads,1.0002962085308056
nearest,legal,10,null,486.0,14061,1,downloads,1.0412470379146919
nearest,legal,10,null,487.0,13505,0,downloads,1.0000740521327014
nearest,legal,10,null,488.0,14216,0,downloads,1.0527251184834123
nearest,legal,10,null,489.0,13573,4,downloads,1.0051095971563981
nearest,legal,10,null,490.0,15854,0,downloads,1.1740225118483412
nearest,legal,10,null,491.0,13501,1,downloads,0.9997778436018957
nearest,legal,10,null,492.0,13507,2,downloads,1.0002221563981042
nearest,legal,10,null,493.0,13329,1,downloads,0.9870408767772512
nearest,legal,10,null,494.0,14279,0,downloads,1.0573904028436019
nearest,legal,10,null,495.0,13600,2,downloads,1.0071090047393365
nearest,legal,10,null,496.0,13516,0,downloads,1.000888625592417
nearest,legal,10,null,497.0,13506,5,downloads,1.0001481042654028
nearest,legal,10,null,498.0,13685,2,downloads,1.0134034360189574
nearest,legal,10,null,499.0,13503,0,downloads,0.9999259478672986
nearest,legal,10,outdegree,,84606,1,,
nearest,legal,10,null,0.0,84289,2,outdegree,0.9962532208117627
nearest,legal,10,null,1.0,84270,4,outdegree,0.9960286504503226
nearest,legal,10,null,2.0,84607,1,outdegree,1.0000118194927075
nearest,legal,10,null,3.0,84650,4,outdegree,1.0005200576791244
nearest,legal,10,null,4.0,85006,3,outdegree,1.0047277970829491
nearest,legal,10,null,5.0,84607,1,outdegree,1.0000118194927075
nearest,legal,10,null,6.0,84606,4,outdegree,1.0
nearest,legal,10,null,7.0,83420,3,outdegree,0.9859820816490557
nearest,legal,10,null,8.0,85254,3,outdegree,1.0076590312743776
nearest,legal,10,null,9.0,84604,2,outdegree,0.9999763610145852
nearest,legal,10,null,10.0,80190,3,outdegree,0.9478051202042408
nearest,legal,10,null,11.0,84617,4,outdegree,1.000130014419781
nearest,legal,10,null,12.0,84607,3,outdegree,1.0000118194927075
nearest,legal,10,null,13.0,84362,2,outdegree,0.997116043779401
nearest,legal,10,null,14.0,84607,1,outdegree,1.0000118194927075
nearest,legal,10,null,15.0,84569,12,outdegree,0.9995626787698272
nearest,legal,10,null,16.0,84588,3,outdegree,0.9997872491312673
nearest,legal,10,null,17.0,84301,2,outdegree,0.9963950547242513
nearest,legal,10,null,18.0,84612,4,outdegree,1.0000709169562443
nearest,legal,10,null,19.0,84549,2,outdegree,0.9993262889156798
nearest,legal,10,null,20.0,84518,10,outdegree,0.9989598846417512
nearest,legal,10,null,21.0,84623,12,outdegree,1.0002009313760254
nearest,legal,10,null,22.0,84570,7,outdegree,0.9995744982625345
nearest,legal,10,null,23.0,85523,4,outdegree,1.010838474812661
nearest,legal,10,null,24.0,88204,6,outdegree,1.042526534761128
nearest,legal,10,null,25.0,84610,3,outdegree,1.0000472779708296
nearest,legal,10,null,26.0,84310,7,outdegree,0.9965014301586176
nearest,legal,10,null,27.0,84477,12,outdegree,0.9984752854407489
nearest,legal,10,null,28.0,84605,2,outdegree,0.9999881805072927
nearest,legal,10,null,29.0,84603,3,outdegree,0.9999645415218779
nearest,legal,10,null,30.0,84566,2,outdegree,0.999527220291705
nearest,legal,10,null,31.0,84522,2,outdegree,0.9990071626125807
nearest,legal,10,null,32.0,84567,5,outdegree,0.9995390397844125
nearest,legal,10,null,33.0,81677,3,outdegree,0.9653807058601045
nearest,legal,10,null,34.0,80470,2,outdegree,0.9511145781623053
nearest,legal,10,null,35.0,78539,7,outdegree,0.928291137744368
nearest,legal,10,null,36.0,84595,3,outdegree,0.9998699855802189
nearest,legal,10,null,37.0,79872,3,outdegree,0.9440465215232963
nearest,legal,10,null,38.0,84597,6,outdegree,0.9998936245656337
nearest,legal,10,null,39.0,84816,5,outdegree,1.0024820934685483
nearest,legal,10,null,40.0,85206,6,outdegree,1.0070916956244238
nearest,legal,10,null,41.0,83261,13,outdegree,0.9841027823085833
nearest,legal,10,null,42.0,84613,7,outdegree,1.0000827364489515
nearest,legal,10,null,43.0,93353,1,outdegree,1.1033851027113917
nearest,legal,10,null,44.0,84476,4,outdegree,0.9984634659480415
nearest,legal,10,null,45.0,86227,1,outdegree,1.0191593976786517
nearest,legal,10,null,46.0,84178,6,outdegree,0.9949412571212444
nearest,legal,10,null,47.0,84614,5,outdegree,1.000094555941659
nearest,legal,10,null,48.0,84903,7,outdegree,1.0035103893340898
nearest,legal,10,null,49.0,84607,8,outdegree,1.0000118194927075
nearest,legal,10,null,50.0,84605,2,outdegree,0.9999881805072927
nearest,legal,10,null,51.0,90529,4,outdegree,1.0700068553057702
nearest,legal,10,null,52.0,85766,1,outdegree,1.0137106115405528
nearest,legal,10,null,53.0,84549,6,outdegree,0.9993262889156798
nearest,legal,10,null,54.0,84607,12,outdegree,1.0000118194927075
nearest,legal,10,null,55.0,83817,6,outdegree,0.9906744202538827
nearest,legal,10,null,56.0,85044,4,outdegree,1.0051769378058293
nearest,legal,10,null,57.0,84607,1,outdegree,1.0000118194927075
nearest,legal,10,null,58.0,84610,7,outdegree,1.0000472779708296
nearest,legal,10,null,59.0,84616,2,outdegree,1.0001181949270737
nearest,legal,10,null,60.0,84616,6,outdegree,1.0001181949270737
nearest,legal,10,null,61.0,86102,4,outdegree,1.01768196109023
nearest,legal,10,null,62.0,84607,4,outdegree,1.0000118194927075
nearest,legal,10,null,63.0,84613,2,outdegree,1.0000827364489515
nearest,legal,10,null,64.0,84607,2,outdegree,1.0000118194927075
nearest,legal,10,null,65.0,87939,0,outdegree,1.0393943691936742
nearest,legal,10,null,66.0,84701,4,outdegree,1.0011228518072004
nearest,legal,10,null,67.0,84607,6,outdegree,1.0000118194927075
nearest,legal,10,null,68.0,84601,4,outdegree,0.9999409025364632
nearest,legal,10,null,69.0,84607,8,outdegree,1.0000118194927075
nearest,legal,10,null,70.0,85027,3,outdegree,1.0049760064298041
nearest,legal,10,null,71.0,84605,9,outdegree,0.9999881805072927
nearest,legal,10,null,72.0,79416,4,outdegree,0.9386568328487341
nearest,legal,10,null,73.0,83160,4,outdegree,0.9829090135451386
nearest,legal,10,null,74.0,84801,12,outdegree,1.0023048010779378
nearest,legal,10,null,75.0,85104,5,outdegree,1.0058861073682717
nearest,legal,10,null,76.0,84561,2,outdegree,0.9994681228281682
nearest,legal,10,null,77.0,84637,5,outdegree,1.0003664042739286
nearest,legal,10,null,78.0,81863,10,outdegree,0.9675791315036759
nearest,legal,10,null,79.0,85397,3,outdegree,1.009349218731532
nearest,legal,10,null,80.0,84700,3,outdegree,1.0011110323144932
nearest,legal,10,null,81.0,84606,3,outdegree,1.0
nearest,legal,10,null,82.0,84629,5,outdegree,1.0002718483322697
nearest,legal,10,null,83.0,84600,1,outdegree,0.9999290830437557
nearest,legal,10,null,84.0,84587,6,outdegree,0.9997754296385599
nearest,legal,10,null,85.0,82584,4,outdegree,0.9761009857456918
nearest,legal,10,null,86.0,84641,11,outdegree,1.000413682244758
nearest,legal,10,null,87.0,83662,4,outdegree,0.9888423988842399
nearest,legal,10,null,88.0,84621,2,outdegree,1.0001772923906107
nearest,legal,10,null,89.0,98656,3,outdegree,1.1660638725385906
nearest,legal,10,null,90.0,89010,3,outdegree,1.0520530458832706
nearest,legal,10,null,91.0,81835,6,outdegree,0.9672481857078694
nearest,legal,10,null,92.0,84617,6,outdegree,1.000130014419781
nearest,legal,10,null,93.0,84430,6,outdegree,0.9979197692835023
nearest,legal,10,null,94.0,84425,10,outdegree,0.9978606718199655
nearest,legal,10,null,95.0,84624,1,outdegree,1.0002127508687326
nearest,legal,10,null,96.0,81768,4,outdegree,0.9664562796964754
nearest,legal,10,null,97.0,83390,4,outdegree,0.9856274968678345
nearest,legal,10,null,98.0,84606,3,outdegree,1.0
nearest,legal,10,null,99.0,84607,5,outdegree,1.0000118194927075
nearest,legal,10,null,100.0,84591,3,outdegree,0.9998227076093894
nearest,legal,10,null,101.0,84607,5,outdegree,1.0000118194927075
nearest,legal,10,null,102.0,84703,6,outdegree,1.001146490792615
nearest,legal,10,null,103.0,85329,7,outdegree,1.0085454932274307
nearest,legal,10,null,104.0,84612,1,outdegree,1.0000709169562443
nearest,legal,10,null,105.0,69923,5,outdegree,0.8264543885776422
nearest,legal,10,null,106.0,83828,2,outdegree,0.9908044346736639
nearest,legal,10,null,107.0,84531,1,outdegree,0.999113538046947
nearest,legal,10,null,108.0,84607,4,outdegree,1.0000118194927075
nearest,legal,10,null,109.0,84049,8,outdegree,0.9934165425619932
nearest,legal,10,null,110.0,84605,4,outdegree,0.9999881805072927
nearest,legal,10,null,111.0,84606,24,outdegree,1.0
nearest,legal,10,null,112.0,84603,0,outdegree,0.9999645415218779
nearest,legal,10,null,113.0,84605,32,outdegree,0.9999881805072927
nearest,legal,10,null,114.0,84606,10,outdegree,1.0
nearest,legal,10,null,115.0,83865,25,outdegree,0.9912417559038366
nearest,legal,10,null,116.0,84606,5,outdegree,1.0
nearest,legal,10,null,117.0,81159,3,outdegree,0.9592582086376853
nearest,legal,10,null,118.0,84604,7,outdegree,0.9999763610145852
nearest,legal,10,null,119.0,77512,5,outdegree,0.9161525187338959
nearest,legal,10,null,120.0,84401,5,outdegree,0.9975770039949885
nearest,legal,10,null,121.0,84594,6,outdegree,0.9998581660875115
nearest,legal,10,null,122.0,85722,2,outdegree,1.0131905538614283
nearest,legal,10,null,123.0,85306,6,outdegree,1.008273644895161
nearest,legal,10,null,124.0,82958,1,outdegree,0.9805214760182493
nearest,legal,10,null,125.0,83639,8,outdegree,0.9885705505519703
nearest,legal,10,null,126.0,87138,3,outdegree,1.0299269555350685
nearest,legal,10,null,127.0,84156,4,outdegree,0.9946812282816822
nearest,legal,10,null,128.0,84612,7,outdegree,1.0000709169562443
nearest,legal,10,null,129.0,84604,2,outdegree,0.9999763610145852
nearest,legal,10,null,130.0,84605,6,outdegree,0.9999881805072927
nearest,legal,10,null,131.0,83654,9,outdegree,0.9887478429425809
nearest,legal,10,null,132.0,84608,9,outdegree,1.0000236389854147
nearest,legal,10,null,133.0,71591,4,outdegree,0.8461693024135404
nearest,legal,10,null,134.0,84953,2,outdegree,1.0041013639694585
nearest,legal,10,null,135.0,84607,5,outdegree,1.0000118194927075
nearest,legal,10,null,136.0,84606,4,outdegree,1.0
nearest,legal,10,null,137.0,84607,1,outdegree,1.0000118194927075
nearest,legal,10,null,138.0,84607,5,outdegree,1.0000118194927075
nearest,legal,10,null,139.0,82496,9,outdegree,0.9750608703874429
nearest,legal,10,null,140.0,84781,4,outdegree,1.0020684112237903
nearest,legal,10,null,141.0,84603,5,outdegree,0.9999645415218779
nearest,legal,10,null,142.0,84646,4,outdegree,1.0004727797082948
nearest,legal,10,null,143.0,84476,3,outdegree,0.9984634659480415
nearest,legal,10,null,144.0,84590,4,outdegree,0.9998108881166821
nearest,legal,10,null,145.0,85051,3,outdegree,1.005259674254781
nearest,legal,10,null,146.0,86134,10,outdegree,1.018060184856866
nearest,legal,10,null,147.0,84603,2,outdegree,0.9999645415218779
nearest,legal,10,null,148.0,84631,7,outdegree,1.0002954873176844
nearest,legal,10,null,149.0,84596,3,outdegree,0.9998818050729262
nearest,legal,10,null,150.0,84001,3,outdegree,0.9928492069120394
nearest,legal,10,null,151.0,83263,6,outdegree,0.9841264212939981
nearest,legal,10,null,152.0,84610,2,outdegree,1.0000472779708296
nearest,legal,10,null,153.0,84609,11,outdegree,1.0000354584781221
nearest,legal,10,null,154.0,84624,6,outdegree,1.0002127508687326
nearest,legal,10,null,155.0,84602,1,outdegree,0.9999527220291705
nearest,legal,10,null,156.0,84607,8,outdegree,1.0000118194927075
nearest,legal,10,null,157.0,82526,3,outdegree,0.9754154551686641
nearest,legal,10,null,158.0,84606,2,outdegree,1.0
nearest,legal,10,null,159.0,78178,0,outdegree,0.9240243008770064
nearest,legal,10,null,160.0,84728,5,outdegree,1.0014419781102994
nearest,legal,10,null,161.0,83752,8,outdegree,0.9899061532279034
nearest,legal,10,null,162.0,84607,6,outdegree,1.0000118194927075
nearest,legal,10,null,163.0,84656,1,outdegree,1.0005909746353687
nearest,legal,10,null,164.0,84645,4,outdegree,1.0004609602155876
nearest,legal,10,null,165.0,84605,2,outdegree,0.9999881805072927
nearest,legal,10,null,166.0,84607,5,outdegree,1.0000118194927075
nearest,legal,10,null,167.0,84626,0,outdegree,1.0002363898541475
nearest,legal,10,null,168.0,84606,4,outdegree,1.0
nearest,legal,10,null,169.0,83020,3,outdegree,0.9812542845661064
nearest,legal,10,null,170.0,84314,7,outdegree,0.9965487081294471
nearest,legal,10,null,171.0,84609,4,outdegree,1.0000354584781221
nearest,legal,10,null,172.0,85295,10,outdegree,1.00814363047538
nearest,legal,10,null,173.0,84607,5,outdegree,1.0000118194927075
nearest,legal,10,null,174.0,84609,5,outdegree,1.0000354584781221
nearest,legal,10,null,175.0,85171,3,outdegree,1.0066780133796658
nearest,legal,10,null,176.0,84599,2,outdegree,0.9999172635510484
nearest,legal,10,null,177.0,84541,6,outdegree,0.9992317329740208
nearest,legal,10,null,178.0,84602,4,outdegree,0.9999527220291705
nearest,legal,10,null,179.0,84628,7,outdegree,1.0002600288395622
nearest,legal,10,null,180.0,84824,1,outdegree,1.0025766494102073
nearest,legal,10,null,181.0,84445,8,outdegree,0.9980970616741129
nearest,legal,10,null,182.0,84665,1,outdegree,1.000697350069735
nearest,legal,10,null,183.0,84204,5,outdegree,0.9952485639316361
nearest,legal,10,null,184.0,84631,2,outdegree,1.0002954873176844
nearest,legal,10,null,185.0,84643,2,outdegree,1.0004373212301727
nearest,legal,10,null,186.0,84608,1,outdegree,1.0000236389854147
nearest,legal,10,null,187.0,87424,4,outdegree,1.0333073304493772
nearest,legal,10,null,188.0,85943,4,outdegree,1.0158026617497578
nearest,legal,10,null,189.0,84794,1,outdegree,1.002222064628986
nearest,legal,10,null,190.0,84808,2,outdegree,1.0023875375268894
nearest,legal,10,null,191.0,84543,10,outdegree,0.9992553719594355
nearest,legal,10,null,192.0,84606,2,outdegree,1.0
nearest,legal,10,null,193.0,84606,6,outdegree,1.0
nearest,legal,10,null,194.0,84603,9,outdegree,0.9999645415218779
nearest,legal,10,null,195.0,86772,2,outdegree,1.02560102120417
nearest,legal,10,null,196.0,84698,4,outdegree,1.0010873933290783
nearest,legal,10,null,197.0,85088,4,outdegree,1.0056969954849537
nearest,legal,10,null,198.0,82834,3,outdegree,0.979055858922535
nearest,legal,10,null,199.0,84646,3,outdegree,1.0004727797082948
nearest,legal,10,null,200.0,84606,2,outdegree,1.0
nearest,legal,10,null,201.0,85155,4,outdegree,1.0064889014963478
nearest,legal,10,null,202.0,84592,3,outdegree,0.9998345271020967
nearest,legal,10,null,203.0,85522,10,outdegree,1.0108266553199536
nearest,legal,10,null,204.0,84606,4,outdegree,1.0
nearest,legal,10,null,205.0,84607,3,outdegree,1.0000118194927075
nearest,legal,10,null,206.0,85724,0,outdegree,1.013214192846843
nearest,legal,10,null,207.0,84622,4,outdegree,1.000189111883318
nearest,legal,10,null,208.0,84604,1,outdegree,0.9999763610145852
nearest,legal,10,null,209.0,79300,6,outdegree,0.9372857716946789
nearest,legal,10,null,210.0,86563,9,outdegree,1.0231307472283289
nearest,legal,10,null,211.0,84782,12,outdegree,1.0020802307164975
nearest,legal,10,null,212.0,103235,2,outdegree,1.2201853296456515
nearest,legal,10,null,213.0,83727,4,outdegree,0.9896106659102192
nearest,legal,10,null,214.0,84603,12,outdegree,0.9999645415218779
nearest,legal,10,null,215.0,84728,4,outdegree,1.0014419781102994
nearest,legal,10,null,216.0,84405,3,outdegree,0.997624281965818
nearest,legal,10,null,217.0,86325,3,outdegree,1.0203177079639743
nearest,legal,10,null,218.0,84555,4,outdegree,0.9993972058719239
nearest,legal,10,null,219.0,82019,7,outdegree,0.969422972366026
nearest,legal,10,null,220.0,84606,5,outdegree,1.0
nearest,legal,10,null,221.0,82271,5,outdegree,0.972401484528284
nearest,legal,10,null,222.0,84805,8,outdegree,1.0023520790487672
nearest,legal,10,null,223.0,84644,10,outdegree,1.0004491407228802
nearest,legal,10,null,224.0,89305,12,outdegree,1.0555397962319457
nearest,legal,10,null,225.0,88512,11,outdegree,1.046166938514999
nearest,legal,10,null,226.0,84603,3,outdegree,0.9999645415218779
nearest,legal,10,null,227.0,84618,9,outdegree,1.0001418339124886
nearest,legal,10,null,228.0,84751,6,outdegree,1.0017138264425691
nearest,legal,10,null,229.0,85802,5,outdegree,1.014136113278018
nearest,legal,10,null,230.0,84816,5,outdegree,1.0024820934685483
nearest,legal,10,null,231.0,84607,5,outdegree,1.0000118194927075
nearest,legal,10,null,232.0,80188,2,outdegree,0.9477814812188261
nearest,legal,10,null,233.0,84576,2,outdegree,0.9996454152187788
nearest,legal,10,null,234.0,91146,0,outdegree,1.0772994823062194
nearest,legal,10,null,235.0,85210,1,outdegree,1.0071389735952534
nearest,legal,10,null,236.0,84573,1,outdegree,0.9996099567406567
nearest,legal,10,null,237.0,84545,6,outdegree,0.9992790109448503
nearest,legal,10,null,238.0,84083,8,outdegree,0.993818405314044
nearest,legal,10,null,239.0,84712,1,outdegree,1.0012528662269815
nearest,legal,10,null,240.0,87355,6,outdegree,1.0324917854525684
nearest,legal,10,null,241.0,84182,2,outdegree,0.9949885350920739
nearest,legal,10,null,242.0,84627,3,outdegree,1.0002482093468548
nearest,legal,10,null,243.0,84992,4,outdegree,1.0045623241850459
nearest,legal,10,null,244.0,84522,5,outdegree,0.9990071626125807
nearest,legal,10,null,245.0,84503,6,outdegree,0.9987825922511406
nearest,legal,10,null,246.0,84184,4,outdegree,0.9950121740774885
nearest,legal,10,null,247.0,84820,3,outdegree,1.002529371439378
nearest,legal,10,null,248.0,83695,2,outdegree,0.9892324421435832
nearest,legal,10,null,249.0,84602,0,outdegree,0.9999527220291705
nearest,legal,10,null,250.0,83742,10,outdegree,0.9897879583008298
nearest,legal,10,null,251.0,84587,2,outdegree,0.9997754296385599
nearest,legal,10,null,252.0,86516,5,outdegree,1.0225752310710825
nearest,legal,10,null,253.0,84617,7,outdegree,1.000130014419781
nearest,legal,10,null,254.0,84769,13,outdegree,1.0019265773113017
nearest,legal,10,null,255.0,84608,3,outdegree,1.0000236389854147
nearest,legal,10,null,256.0,84140,2,outdegree,0.9944921163983642
nearest,legal,10,null,257.0,85028,1,outdegree,1.0049878259225113
nearest,legal,10,null,258.0,84661,1,outdegree,1.0006500720989056
nearest,legal,10,null,259.0,84603,10,outdegree,0.9999645415218779
nearest,legal,10,null,260.0,84093,1,outdegree,0.9939366002411176
nearest,legal,10,null,261.0,84116,4,outdegree,0.9942084485733872
nearest,legal,10,null,262.0,84608,3,outdegree,1.0000236389854147
nearest,legal,10,null,263.0,86494,10,outdegree,1.0223152022315203
nearest,legal,10,null,264.0,84607,6,outdegree,1.0000118194927075
nearest,legal,10,null,265.0,84800,6,outdegree,1.0022929815852304
nearest,legal,10,null,266.0,83666,5,outdegree,0.9888896768550693
nearest,legal,10,null,267.0,84630,13,outdegree,1.000283667824977
nearest,legal,10,null,268.0,85052,4,outdegree,1.0052714937474883
nearest,legal,10,null,269.0,67474,3,outdegree,0.7975084509372857
nearest,legal,10,null,270.0,84855,10,outdegree,1.002943053684136
nearest,legal,10,null,271.0,84606,4,outdegree,1.0
nearest,legal,10,null,272.0,84604,3,outdegree,0.9999763610145852
nearest,legal,10,null,273.0,85430,3,outdegree,1.0097392619908754
nearest,legal,10,null,274.0,85883,0,outdegree,1.0150934921873154
nearest,legal,10,null,275.0,82380,2,outdegree,0.9736898092333877
nearest,legal,10,null,276.0,84609,7,outdegree,1.0000354584781221
nearest,legal,10,null,277.0,84814,5,outdegree,1.0024584544831336
nearest,legal,10,null,278.0,84988,3,outdegree,1.0045150462142165
nearest,legal,10,null,279.0,84599,10,outdegree,0.9999172635510484
nearest,legal,10,null,280.0,82905,7,outdegree,0.9798950429047585
nearest,legal,10,null,281.0,84605,5,outdegree,0.9999881805072927
nearest,legal,10,null,282.0,84434,6,outdegree,0.9979670472543318
nearest,legal,10,null,283.0,84607,12,outdegree,1.0000118194927075
nearest,legal,10,null,284.0,84603,4,outdegree,0.9999645415218779
nearest,legal,10,null,285.0,84633,11,outdegree,1.000319126303099
nearest,legal,10,null,286.0,84629,4,outdegree,1.0002718483322697
nearest,legal,10,null,287.0,83790,3,outdegree,0.9903552939507836
nearest,legal,10,null,288.0,83475,2,outdegree,0.9866321537479611
nearest,legal,10,null,289.0,84523,7,outdegree,0.9990189821052881
nearest,legal,10,null,290.0,84619,4,outdegree,1.0001536534051958
nearest,legal,10,null,291.0,84573,28,outdegree,0.9996099567406567
nearest,legal,10,null,292.0,84557,4,outdegree,0.9994208448573387
nearest,legal,10,null,293.0,84585,9,outdegree,0.9997517906531451
nearest,legal,10,null,294.0,85597,4,outdegree,1.0117131172730067
nearest,legal,10,null,295.0,85059,0,outdegree,1.00535423019644
nearest,legal,10,null,296.0,84561,6,outdegree,0.9994681228281682
nearest,legal,10,null,297.0,84359,7,outdegree,0.9970805853012789
nearest,legal,10,null,298.0,84637,2,outdegree,1.0003664042739286
nearest,legal,10,null,299.0,84554,3,outdegree,0.9993853863792166
nearest,legal,10,null,300.0,84606,2,outdegree,1.0
nearest,legal,10,null,301.0,84606,6,outdegree,1.0
nearest,legal,10,null,302.0,84617,3,outdegree,1.000130014419781
nearest,legal,10,null,303.0,84595,4,outdegree,0.9998699855802189
nearest,legal,10,null,304.0,84607,7,outdegree,1.0000118194927075
nearest,legal,10,null,305.0,83137,0,outdegree,0.982637165212869
nearest,legal,10,null,306.0,90299,3,outdegree,1.0672883719830746
nearest,legal,10,null,307.0,86752,3,outdegree,1.0253646313500224
nearest,legal,10,null,308.0,84892,3,outdegree,1.0033803749143086
nearest,legal,10,null,309.0,84608,1,outdegree,1.0000236389854147
nearest,legal,10,null,310.0,92425,3,outdegree,1.0924166134789495
nearest,legal,10,null,311.0,84606,1,outdegree,1.0
nearest,legal,10,null,312.0,84605,27,outdegree,0.9999881805072927
nearest,legal,10,null,313.0,84609,10,outdegree,1.0000354584781221
nearest,legal,10,null,314.0,101035,4,outdegree,1.194182445689431
nearest,legal,10,null,315.0,83814,2,outdegree,0.9906389617757606
nearest,legal,10,null,316.0,76677,7,outdegree,0.9062832423232395
nearest,legal,10,null,317.0,84607,1,outdegree,1.0000118194927075
nearest,legal,10,null,318.0,84514,9,outdegree,0.9989126066709216
nearest,legal,10,null,319.0,86920,3,outdegree,1.0273503061248612
nearest,legal,10,null,320.0,84411,9,outdegree,0.9976951989220623
nearest,legal,10,null,321.0,86273,5,outdegree,1.0197030943431908
nearest,legal,10,null,322.0,84592,4,outdegree,0.9998345271020967
nearest,legal,10,null,323.0,84440,2,outdegree,0.9980379642105761
nearest,legal,10,null,324.0,84634,9,outdegree,1.0003309457958065
nearest,legal,10,null,325.0,84020,4,outdegree,0.9930737772734795
nearest,legal,10,null,326.0,84661,5,outdegree,1.0006500720989056
nearest,legal,10,null,327.0,84776,4,outdegree,1.0020093137602535
nearest,legal,10,null,328.0,84860,9,outdegree,1.0030021511476728
nearest,legal,10,null,329.0,95856,1,outdegree,1.1329692929579462
nearest,legal,10,null,330.0,85478,3,outdegree,1.0103065976408292
nearest,legal,10,null,331.0,84069,1,outdegree,0.9936529324161407
nearest,legal,10,null,332.0,85149,4,outdegree,1.0064179845401036
nearest,legal,10,null,333.0,84607,6,outdegree,1.0000118194927075
nearest,legal,10,null,334.0,83305,3,outdegree,0.9846228399877077
nearest,legal,10,null,335.0,85022,1,outdegree,1.004916908966267
nearest,legal,10,null,336.0,93156,4,outdegree,1.1010566626480391
nearest,legal,10,null,337.0,84816,2,outdegree,1.0024820934685483
nearest,legal,10,null,338.0,84582,1,outdegree,0.9997163321750231
nearest,legal,10,null,339.0,85241,6,outdegree,1.0075053778691818
nearest,legal,10,null,340.0,86137,4,outdegree,1.0180956433349881
nearest,legal,10,null,341.0,84309,3,outdegree,0.9964896106659102
nearest,legal,10,null,342.0,84658,2,outdegree,1.0006146136207834
nearest,legal,10,null,343.0,84603,6,outdegree,0.9999645415218779
nearest,legal,10,null,344.0,84549,7,outdegree,0.9993262889156798
nearest,legal,10,null,345.0,84514,4,outdegree,0.9989126066709216
nearest,legal,10,null,346.0,84589,9,outdegree,0.9997990686239746
nearest,legal,10,null,347.0,83483,8,outdegree,0.9867267096896202
nearest,legal,10,null,348.0,84613,2,outdegree,1.0000827364489515
nearest,legal,10,null,349.0,85615,10,outdegree,1.0119258681417393
nearest,legal,10,null,350.0,85274,3,outdegree,1.0078954211285251
nearest,legal,10,null,351.0,84616,2,outdegree,1.0001181949270737
nearest,legal,10,null,352.0,84818,5,outdegree,1.002505732453963
nearest,legal,10,null,353.0,84924,8,outdegree,1.0037585986809445
nearest,legal,10,null,354.0,84610,4,outdegree,1.0000472779708296
nearest,legal,10,null,355.0,84291,6,outdegree,0.9962768597971775
nearest,legal,10,null,356.0,84870,4,outdegree,1.0031203460747464
nearest,legal,10,null,357.0,100938,6,outdegree,1.193035954896816
nearest,legal,10,null,358.0,84673,0,outdegree,1.000791906011394
nearest,legal,10,null,359.0,86922,3,outdegree,1.027373945110276
nearest,legal,10,null,360.0,85366,1,outdegree,1.0089828144576034
nearest,legal,10,null,361.0,84616,7,outdegree,1.0001181949270737
nearest,legal,10,null,362.0,84607,5,outdegree,1.0000118194927075
nearest,legal,10,null,363.0,84612,4,outdegree,1.0000709169562443
nearest,legal,10,null,364.0,83978,12,outdegree,0.9925773585797698
nearest,legal,10,null,365.0,83580,0,outdegree,0.9878732004822353
nearest,legal,10,null,366.0,84607,4,outdegree,1.0000118194927075
nearest,legal,10,null,367.0,84616,3,outdegree,1.0001181949270737
nearest,legal,10,null,368.0,84702,6,outdegree,1.0011346712999079
nearest,legal,10,null,369.0,85477,6,outdegree,1.010294778148122
nearest,legal,10,null,370.0,90745,5,outdegree,1.0725598657305628
nearest,legal,10,null,371.0,85787,6,outdegree,1.0139588208874075
nearest,legal,10,null,372.0,84608,4,outdegree,1.0000236389854147
nearest,legal,10,null,373.0,87989,4,outdegree,1.039985343829043
nearest,legal,10,null,374.0,84633,1,outdegree,1.000319126303099
nearest,legal,10,null,375.0,84606,3,outdegree,1.0
nearest,legal,10,null,376.0,84880,5,outdegree,1.0032385410018203
nearest,legal,10,null,377.0,84341,2,outdegree,0.9968678344325461
nearest,legal,10,null,378.0,82198,4,outdegree,0.9715386615606458
nearest,legal,10,null,379.0,84606,8,outdegree,1.0
nearest,legal,10,null,380.0,85541,2,outdegree,1.0110512256813937
nearest,legal,10,null,381.0,84376,3,outdegree,0.9972815166773042
nearest,legal,10,null,382.0,84359,2,outdegree,0.9970805853012789
nearest,legal,10,null,383.0,84600,4,outdegree,0.9999290830437557
nearest,legal,10,null,384.0,85713,5,outdegree,1.0130841784270619
nearest,legal,10,null,385.0,87590,4,outdegree,1.035269366238801
nearest,legal,10,null,386.0,85577,5,outdegree,1.0114767274188592
nearest,legal,10,null,387.0,84601,3,outdegree,0.9999409025364632
nearest,legal,10,null,388.0,84801,5,outdegree,1.0023048010779378
nearest,legal,10,null,389.0,81489,4,outdegree,0.9631586412311184
nearest,legal,10,null,390.0,84792,4,outdegree,1.0021984256435714
nearest,legal,10,null,391.0,81899,4,outdegree,0.9680046332411413
nearest,legal,10,null,392.0,84652,3,outdegree,1.0005436966645391
nearest,legal,10,null,393.0,85750,5,outdegree,1.0135214996572348
nearest,legal,10,null,394.0,84607,0,outdegree,1.0000118194927075
nearest,legal,10,null,395.0,84606,5,outdegree,1.0
nearest,legal,10,null,396.0,83336,7,outdegree,0.9849892442616363
nearest,legal,10,null,397.0,84644,13,outdegree,1.0004491407228802
nearest,legal,10,null,398.0,78160,5,outdegree,0.9238115500082736
nearest,legal,10,null,399.0,84607,3,outdegree,1.0000118194927075
nearest,legal,10,null,400.0,77423,3,outdegree,0.9151005838829397
nearest,legal,10,null,401.0,84540,7,outdegree,0.9992199134813133
nearest,legal,10,null,402.0,84606,2,outdegree,1.0
nearest,legal,10,null,403.0,84446,17,outdegree,0.9981088811668203
nearest,legal,10,null,404.0,85545,4,outdegree,1.0110985036522233
nearest,legal,10,null,405.0,84610,3,outdegree,1.0000472779708296
nearest,legal,10,null,406.0,84603,1,outdegree,0.9999645415218779
nearest,legal,10,null,407.0,84569,24,outdegree,0.9995626787698272
nearest,legal,10,null,408.0,84946,6,outdegree,1.0040186275205067
nearest,legal,10,null,409.0,84641,1,outdegree,1.000413682244758
nearest,legal,10,null,410.0,84606,3,outdegree,1.0
nearest,legal,10,null,411.0,84608,26,outdegree,1.0000236389854147
nearest,legal,10,null,412.0,84606,4,outdegree,1.0
nearest,legal,10,null,413.0,85913,5,outdegree,1.0154480769685366
nearest,legal,10,null,414.0,84634,4,outdegree,1.0003309457958065
nearest,legal,10,null,415.0,84631,9,outdegree,1.0002954873176844
nearest,legal,10,null,416.0,84636,1,outdegree,1.0003545847812212
nearest,legal,10,null,417.0,84605,2,outdegree,0.9999881805072927
nearest,legal,10,null,418.0,87452,1,outdegree,1.0336382762451835
nearest,legal,10,null,419.0,84965,3,outdegree,1.0042431978819468
nearest,legal,10,null,420.0,84552,9,outdegree,0.9993617473938019
nearest,legal,10,null,421.0,84558,2,outdegree,0.9994326643500461
nearest,legal,10,null,422.0,84645,2,outdegree,1.0004609602155876
nearest,legal,10,null,423.0,84550,3,outdegree,0.9993381084083871
nearest,legal,10,null,424.0,67888,6,outdegree,0.8024017209181382
nearest,legal,10,null,425.0,83774,1,outdegree,0.9901661820674657
nearest,legal,10,null,426.0,87345,5,outdegree,1.0323735905254947
nearest,legal,10,null,427.0,84667,16,outdegree,1.0007209890551498
nearest,legal,10,null,428.0,82450,1,outdegree,0.9745171737229038
nearest,legal,10,null,429.0,87788,2,outdegree,1.0376096257948608
nearest,legal,10,null,430.0,84688,6,outdegree,1.0009691984020046
nearest,legal,10,null,431.0,84607,1,outdegree,1.0000118194927075
nearest,legal,10,null,432.0,84593,5,outdegree,0.9998463465948042
nearest,legal,10,null,433.0,84607,3,outdegree,1.0000118194927075
nearest,legal,10,null,434.0,84585,3,outdegree,0.9997517906531451
nearest,legal,10,null,435.0,87397,2,outdegree,1.0329882041462781
nearest,legal,10,null,436.0,84665,31,outdegree,1.000697350069735
nearest,legal,10,null,437.0,80867,5,outdegree,0.9558069167671324
nearest,legal,10,null,438.0,85075,6,outdegree,1.005543342079758
nearest,legal,10,null,439.0,84477,6,outdegree,0.9984752854407489
nearest,legal,10,null,440.0,84606,25,outdegree,1.0
nearest,legal,10,null,441.0,83668,8,outdegree,0.9889133158404841
nearest,legal,10,null,442.0,82372,3,outdegree,0.9735952532917287
nearest,legal,10,null,443.0,86281,4,outdegree,1.0197976502848498
nearest,legal,10,null,444.0,85707,0,outdegree,1.0130132614708176
nearest,legal,10,null,445.0,85158,5,outdegree,1.00652435997447
nearest,legal,10,null,446.0,84071,11,outdegree,0.9936765714015554
nearest,legal,10,null,447.0,84606,7,outdegree,1.0
nearest,legal,10,null,448.0,84650,2,outdegree,1.0005200576791244
nearest,legal,10,null,449.0,84591,6,outdegree,0.9998227076093894
nearest,legal,10,null,450.0,84464,4,outdegree,0.998321632035553
nearest,legal,10,null,451.0,84542,2,outdegree,0.9992435524667281
nearest,legal,10,null,452.0,84605,8,outdegree,0.9999881805072927
nearest,legal,10,null,453.0,84605,4,outdegree,0.9999881805072927
nearest,legal,10,null,454.0,84607,1,outdegree,1.0000118194927075
nearest,legal,10,null,455.0,83723,8,outdegree,0.9895633879393897
nearest,legal,10,null,456.0,84725,4,outdegree,1.0014065196321773
nearest,legal,10,null,457.0,84606,7,outdegree,1.0
nearest,legal,10,null,458.0,84027,12,outdegree,0.9931565137224311
nearest,legal,10,null,459.0,99335,4,outdegree,1.1740893080868968
nearest,legal,10,null,460.0,84678,4,outdegree,1.000851003474931
nearest,legal,10,null,461.0,85744,13,outdegree,1.0134505827009905
nearest,legal,10,null,462.0,84605,1,outdegree,0.9999881805072927
nearest,legal,10,null,463.0,84587,6,outdegree,0.9997754296385599
nearest,legal,10,null,464.0,84610,28,outdegree,1.0000472779708296
nearest,legal,10,null,465.0,84605,1,outdegree,0.9999881805072927
nearest,legal,10,null,466.0,85135,7,outdegree,1.0062525116422003
nearest,legal,10,null,467.0,84607,6,outdegree,1.0000118194927075
nearest,legal,10,null,468.0,83118,1,outdegree,0.982412594851429
nearest,legal,10,null,469.0,84910,3,outdegree,1.0035931257830415
nearest,legal,10,null,470.0,84559,16,outdegree,0.9994444838427534
nearest,legal,10,null,471.0,84577,5,outdegree,0.9996572347114862
nearest,legal,10,null,472.0,84607,6,outdegree,1.0000118194927075
nearest,legal,10,null,473.0,78480,4,outdegree,0.927593787674633
nearest,legal,10,null,474.0,78707,5,outdegree,0.9302768125192067
nearest,legal,10,null,475.0,70892,2,outdegree,0.8379074770110867
nearest,legal,10,null,476.0,85079,3,outdegree,1.0055906200505875
nearest,legal,10,null,477.0,84509,5,outdegree,0.9988535092073848
nearest,legal,10,null,478.0,84162,4,outdegree,0.9947521452379264
nearest,legal,10,null,479.0,82604,1,outdegree,0.9763373755998392
nearest,legal,10,null,480.0,81136,0,outdegree,0.9589863603054157
nearest,legal,10,null,481.0,84223,27,outdegree,0.9954731342930762
nearest,legal,10,null,482.0,81344,3,outdegree,0.9614448147885493
nearest,legal,10,null,483.0,78365,1,outdegree,0.9262345460132851
nearest,legal,10,null,484.0,84595,2,outdegree,0.9998699855802189
nearest,legal,10,null,485.0,84637,3,outdegree,1.0003664042739286
nearest,legal,10,null,486.0,84694,4,outdegree,1.0010401153582489
nearest,legal,10,null,487.0,84605,3,outdegree,0.9999881805072927
nearest,legal,10,null,488.0,84606,3,outdegree,1.0
nearest,legal,10,null,489.0,84356,6,outdegree,0.9970451268231567
nearest,legal,10,null,490.0,84607,2,outdegree,1.0000118194927075
nearest,legal,10,null,491.0,84605,3,outdegree,0.9999881805072927
nearest,legal,10,null,492.0,84437,8,outdegree,0.998002505732454
nearest,legal,10,null,493.0,84637,6,outdegree,1.0003664042739286
nearest,legal,10,null,494.0,84606,5,outdegree,1.0
nearest,legal,10,null,495.0,84601,8,outdegree,0.9999409025364632
nearest,legal,10,null,496.0,84607,6,outdegree,1.0000118194927075
nearest,legal,10,null,497.0,84604,7,outdegree,0.9999763610145852
nearest,legal,10,null,498.0,84607,4,outdegree,1.0000118194927075
nearest,legal,10,null,499.0,84611,5,outdegree,1.0000590974635368
