k,strategy,seed,options_total,options_lost,pct_options_lost,pct_option_demand_lost,pct_commercial_options_lost,models_lost,models_lost_incl_flagged,pct_downloads_lost,pct_options_degraded90,demand_weighted_degradation,pct_collateral_options_lost,pct_collateral_commercial_lost
1,descendants,,12418,79,0.6361732968271864,0.0,1.1148599090509022,43689,43689,0.1054098567659533,0.04878048780487805,0.00010323718405297065,0.6361732968271864,1.1148599090509022
1,descendant_authors,,12418,79,0.6361732968271864,0.0,1.1148599090509022,43689,43689,0.1054098567659533,0.04878048780487805,0.00010323718405297065,0.6361732968271864,1.1148599090509022
1,downloads,,12418,0,0.0,0.0,0.0,1396,1396,5.341224066836978,0.0,0.009962972189646318,0.0,0.0
1,outdegree,,12418,79,0.6361732968271864,0.0,1.1148599090509022,43689,43689,0.1054098567659533,0.04878048780487805,0.00010323718405297065,0.6361732968271864,1.1148599090509022
1,random,0.0,12418,0,0.0,0.0,0.0,2,2,0.0005780653039845715,0.0,0.0,0.0,0.0
1,random_matched,0.0,12418,25,0.20132066355290706,6.070085763608201e-06,0.35206102391081123,22275,22275,0.48107096504962393,0.25365853658536586,0.006134547716841173,0.20132066355290706,0.35206102391081123
1,random,1.0,12418,0,0.0,0.0,0.0,2,2,1.0059607823760467e-07,0.0,0.0,0.0,0.0
1,random_matched,1.0,12418,0,0.0,0.0,0.0,24236,24236,0.018490401504566847,0.0,1.5752004340254977e-10,0.0,0.0
1,random,2.0,12418,0,0.0,0.0,0.0,8,8,2.863635027163813e-05,0.0,0.0,0.0,0.0
1,random_matched,2.0,12418,0,0.0,0.0,0.0,30672,30672,0.0051780476578953405,0.0,0.0,0.0,0.0
1,random,3.0,12418,0,0.0,0.0,0.0,5,5,5.340981113895224e-06,0.0,0.0,0.0,0.0
1,random_matched,3.0,12418,0,0.0,0.0,0.0,32596,32596,0.006959606886045406,0.0,0.0,0.0,0.0
1,random,4.0,12418,0,0.0,0.0,0.0,2,2,4.157971233820993e-08,0.0,0.0,0.0,0.0
1,random_matched,4.0,12418,5,0.040264132710581414,1.2150756874133053e-06,0.044007627988851404,22775,22775,0.4743033437669734,0.04878048780487805,1.4560099731854937e-07,0.040264132710581414,0.044007627988851404
1,random,5.0,12418,0,0.0,0.0,0.0,12,12,6.543171312886758e-05,0.0,0.0,0.0,0.0
1,random_matched,5.0,12418,5,0.040264132710581414,1.2150756874133053e-06,0.044007627988851404,22775,22775,0.4743033437669734,0.04878048780487805,1.4560099731854937e-07,0.040264132710581414,0.044007627988851404
1,random,6.0,12418,0,0.0,0.0,0.0,2,2,9.965718150738702e-07,0.0,0.0,0.0,0.0
1,random_matched,6.0,12418,0,0.0,0.0,0.0,24236,24236,0.018490401504566847,0.0,1.5752004340254977e-10,0.0,0.0
1,random,7.0,12418,0,0.0,0.0,0.0,5,5,1.4955283631323895e-06,0.0,0.0,0.0,0.0
1,random_matched,7.0,12418,25,0.20132066355290706,6.070085763608201e-06,0.35206102391081123,22275,22275,0.48107096504962393,0.25365853658536586,0.006134547716841173,0.20132066355290706,0.35206102391081123
1,random,8.0,12418,0,0.0,0.0,0.0,3,3,1.2613406929952458e-05,0.0,0.0,0.0,0.0
1,random_matched,8.0,12418,0,0.0,0.0,0.0,30672,30672,0.0051780476578953405,0.0,0.0,0.0,0.0
1,random,9.0,12418,0,0.0,0.0,0.0,2,2,6.035764694256281e-06,0.0,0.0,0.0,0.0
1,random_matched,9.0,12418,5,0.040264132710581414,1.2150756874133053e-06,0.044007627988851404,22775,22775,0.4743033437669734,0.04878048780487805,1.4560099731854937e-07,0.040264132710581414,0.044007627988851404
1,random,10.0,12418,0,0.0,0.0,0.0,34,34,0.0034244246313123797,0.0,7.507140553743774e-08,0.0,0.0
1,random_matched,10.0,12418,5,0.040264132710581414,1.2150756874133053e-06,0.044007627988851404,22775,22775,0.4743033437669734,0.04878048780487805,1.4560099731854937e-07,0.040264132710581414,0.044007627988851404
1,random,11.0,12418,0,0.0,0.0,0.0,2,2,1.257048593657108e-05,0.0,0.0,0.0,0.0
1,random_matched,11.0,12418,0,0.0,0.0,0.0,32596,32596,0.006959606886045406,0.0,0.0,0.0,0.0
1,random,12.0,12418,0,0.0,0.0,0.0,425,425,0.007305588989849564,0.0,3.8776484702623677e-07,0.0,0.0
1,random_matched,12.0,12418,0,0.0,0.0,0.0,30672,30672,0.0051780476578953405,0.0,0.0,0.0,0.0
1,random,13.0,12418,0,0.0,0.0,0.0,2,2,1.8563329637445982e-06,0.0,0.0,0.0,0.0
1,random_matched,13.0,12418,5,0.040264132710581414,1.2150756874133053e-06,0.044007627988851404,22775,22775,0.4743033437669734,0.04878048780487805,1.4560099731854937e-07,0.040264132710581414,0.044007627988851404
1,random,14.0,12418,0,0.0,0.0,0.0,2,2,6.995451280643028e-05,0.0,0.0,0.0,0.0
1,random_matched,14.0,12418,5,0.040264132710581414,1.2150756874133053e-06,0.044007627988851404,22775,22775,0.4743033437669734,0.04878048780487805,1.4560099731854937e-07,0.040264132710581414,0.044007627988851404
1,random,15.0,12418,0,0.0,0.0,0.0,3,3,2.719044930710296e-05,0.0,0.0,0.0,0.0
1,random_matched,15.0,12418,25,0.20132066355290706,6.070085763608201e-06,0.35206102391081123,22275,22275,0.48107096504962393,0.25365853658536586,0.006134547716841173,0.20132066355290706,0.35206102391081123
1,random,16.0,12418,0,0.0,0.0,0.0,5,5,1.0077044477321652e-05,0.0,0.0,0.0,0.0
1,random_matched,16.0,12418,0,0.0,0.0,0.0,24236,24236,0.018490401504566847,0.0,1.5752004340254977e-10,0.0,0.0
1,random,17.0,12418,0,0.0,0.0,0.0,5,5,0.0059562334348016305,0.0,0.0,0.0,0.0
1,random_matched,17.0,12418,5,0.040264132710581414,1.2150756874133053e-06,0.044007627988851404,22775,22775,0.4743033437669734,0.04878048780487805,1.4560099731854937e-07,0.040264132710581414,0.044007627988851404
1,random,18.0,12418,0,0.0,0.0,0.0,2,2,6.049177504687961e-06,0.0,0.0,0.0,0.0
1,random_matched,18.0,12418,0,0.0,0.0,0.0,30672,30672,0.0051780476578953405,0.0,0.0,0.0,0.0
1,random,19.0,12418,0,0.0,0.0,0.0,2,2,1.6967205196075987e-06,0.0,0.0,0.0,0.0
1,random_matched,19.0,12418,0,0.0,0.0,0.0,24236,24236,0.018490401504566847,0.0,1.5752004340254977e-10,0.0,0.0
1,random,20.0,12418,0,0.0,0.0,0.0,2,2,2.2265265316589835e-07,0.0,0.0,0.0,0.0
1,random_matched,20.0,12418,0,0.0,0.0,0.0,30672,30672,0.0051780476578953405,0.0,0.0,0.0,0.0
1,random,21.0,12418,0,0.0,0.0,0.0,5,5,1.461996337053188e-07,0.0,0.0,0.0,0.0
1,random_matched,21.0,12418,25,0.20132066355290706,6.070085763608201e-06,0.35206102391081123,22275,22275,0.48107096504962393,0.25365853658536586,0.006134547716841173,0.20132066355290706,0.35206102391081123
1,random,22.0,12418,0,0.0,0.0,0.0,2,2,5.1773448266287205e-06,0.0,0.0,0.0,0.0
1,random_matched,22.0,12418,0,0.0,0.0,0.0,30672,30672,0.0051780476578953405,0.0,0.0,0.0,0.0
1,random,23.0,12418,0,0.0,0.0,0.0,2,2,6.210131229868129e-07,0.0,0.0,0.0,0.0
1,random_matched,23.0,12418,25,0.20132066355290706,6.070085763608201e-06,0.35206102391081123,22275,22275,0.48107096504962393,0.25365853658536586,0.006134547716841173,0.20132066355290706,0.35206102391081123
1,random,24.0,12418,0,0.0,0.0,0.0,8,8,1.6487026582621822e-05,0.0,0.0,0.0,0.0
1,random_matched,24.0,12418,0,0.0,0.0,0.0,30672,30672,0.0051780476578953405,0.0,0.0,0.0,0.0
1,random,25.0,12418,0,0.0,0.0,0.0,2,2,7.446792351669082e-06,0.0,0.0,0.0,0.0
1,random_matched,25.0,12418,0,0.0,0.0,0.0,32596,32596,0.006959606886045406,0.0,0.0,0.0,0.0
1,random,26.0,12418,0,0.0,0.0,0.0,2,2,3.219074503603349e-07,0.0,0.0,0.0,0.0
1,random_matched,26.0,12418,0,0.0,0.0,0.0,24236,24236,0.018490401504566847,0.0,1.5752004340254977e-10,0.0,0.0
1,random,27.0,12418,0,0.0,0.0,0.0,2,2,0.0005597876672093203,0.0,0.0,0.0,0.0
1,random_matched,27.0,12418,25,0.20132066355290706,6.070085763608201e-06,0.35206102391081123,22275,22275,0.48107096504962393,0.25365853658536586,0.006134547716841173,0.20132066355290706,0.35206102391081123
1,random,28.0,12418,0,0.0,0.0,0.0,7,7,6.37390164523895e-05,0.0,5.922175762127478e-08,0.0,0.0
1,random_matched,28.0,12418,5,0.040264132710581414,1.2150756874133053e-06,0.044007627988851404,22775,22775,0.4743033437669734,0.04878048780487805,1.4560099731854937e-07,0.040264132710581414,0.044007627988851404
1,random,29.0,12418,0,0.0,0.0,0.0,3,3,1.826824780794901e-06,0.0,0.0,0.0,0.0
1,random_matched,29.0,12418,0,0.0,0.0,0.0,32596,32596,0.006959606886045406,0.0,0.0,0.0,0.0
1,random,30.0,12418,0,0.0,0.0,0.0,2,2,5.177344826628721e-07,0.0,0.0,0.0,0.0
1,random_matched,30.0,12418,0,0.0,0.0,0.0,30672,30672,0.0051780476578953405,0.0,0.0,0.0,0.0
1,random,31.0,12418,0,0.0,0.0,0.0,9,9,1.1257371795309547e-05,0.0,0.0,0.0,0.0
1,random_matched,31.0,12418,5,0.040264132710581414,1.2150756874133053e-06,0.044007627988851404,22775,22775,0.4743033437669734,0.04878048780487805,1.4560099731854937e-07,0.040264132710581414,0.044007627988851404
1,random,32.0,12418,0,0.0,0.0,0.0,2,2,6.558864301091825e-07,0.0,0.0,0.0,0.0
1,random_matched,32.0,12418,0,0.0,0.0,0.0,32596,32596,0.006959606886045406,0.0,0.0,0.0,0.0
1,random,33.0,12418,0,0.0,0.0,0.0,29,29,2.565468251267553e-05,0.0,0.0,0.0,0.0
1,random_matched,33.0,12418,0,0.0,0.0,0.0,24236,24236,0.018490401504566847,0.0,1.5752004340254977e-10,0.0,0.0
1,random,34.0,12418,0,0.0,0.0,0.0,6,6,9.103676824294589e-05,0.0,0.0,0.0,0.0
1,random_matched,34.0,12418,0,0.0,0.0,0.0,32596,32596,0.006959606886045406,0.0,0.0,0.0,0.0
1,random,35.0,12418,0,0.0,0.0,0.0,2,2,8.584198676275599e-08,0.0,0.0,0.0,0.0
1,random_matched,35.0,12418,0,0.0,0.0,0.0,30672,30672,0.0051780476578953405,0.0,0.0,0.0,0.0
1,random,36.0,12418,0,0.0,0.0,0.0,886,886,0.0007290412394846118,0.0,0.0,0.0,0.0
1,random_matched,36.0,12418,0,0.0,0.0,0.0,32596,32596,0.006959606886045406,0.0,0.0,0.0,0.0
1,random,37.0,12418,0,0.0,0.0,0.0,2,2,1.2031290957217519e-06,0.0,0.0,0.0,0.0
1,random_matched,37.0,12418,25,0.20132066355290706,6.070085763608201e-06,0.35206102391081123,22275,22275,0.48107096504962393,0.25365853658536586,0.006134547716841173,0.20132066355290706,0.35206102391081123
1,random,38.0,12418,0,0.0,0.0,0.0,453,453,0.001021237973457731,0.0,0.0,0.0,0.0
1,random_matched,38.0,12418,0,0.0,0.0,0.0,24236,24236,0.018490401504566847,0.0,1.5752004340254977e-10,0.0,0.0
1,random,39.0,12418,0,0.0,0.0,0.0,3,3,8.086583409260248e-06,0.0,0.0,0.0,0.0
1,random_matched,39.0,12418,0,0.0,0.0,0.0,24236,24236,0.018490401504566847,0.0,1.5752004340254977e-10,0.0,0.0
1,random,40.0,12418,0,0.0,0.0,0.0,2,2,2.5497752630624863e-06,0.0,0.0,0.0,0.0
1,random_matched,40.0,12418,25,0.20132066355290706,6.070085763608201e-06,0.35206102391081123,22275,22275,0.48107096504962393,0.25365853658536586,0.006134547716841173,0.20132066355290706,0.35206102391081123
1,random,41.0,12418,0,0.0,0.0,0.0,2,2,1.636362872665036e-07,0.0,0.0,0.0,0.0
1,random_matched,41.0,12418,5,0.040264132710581414,1.2150756874133053e-06,0.044007627988851404,22775,22775,0.4743033437669734,0.04878048780487805,1.4560099731854937e-07,0.040264132710581414,0.044007627988851404
1,random,42.0,12418,0,0.0,0.0,0.0,6,6,2.4706396815155707e-06,0.0,0.0,0.0,0.0
1,random_matched,42.0,12418,25,0.20132066355290706,6.070085763608201e-06,0.35206102391081123,22275,22275,0.48107096504962393,0.25365853658536586,0.006134547716841173,0.20132066355290706,0.35206102391081123
1,random,43.0,12418,0,0.0,0.0,0.0,3,3,6.662142941415765e-06,0.0,0.0,0.0,0.0
1,random_matched,43.0,12418,25,0.20132066355290706,6.070085763608201e-06,0.35206102391081123,22275,22275,0.48107096504962393,0.25365853658536586,0.006134547716841173,0.20132066355290706,0.35206102391081123
1,random,44.0,12418,0,0.0,0.0,0.0,3,3,1.1937401284195754e-07,0.0,0.0,0.0,0.0
1,random_matched,44.0,12418,0,0.0,0.0,0.0,32596,32596,0.006959606886045406,0.0,0.0,0.0,0.0
1,random,45.0,12418,0,0.0,0.0,0.0,3,3,5.339639832852056e-06,0.0,0.0,0.0,0.0
1,random_matched,45.0,12418,0,0.0,0.0,0.0,24236,24236,0.018490401504566847,0.0,1.5752004340254977e-10,0.0,0.0
1,random,46.0,12418,0,0.0,0.0,0.0,165,165,0.00016310916381653855,0.0,0.0,0.0,0.0
1,random_matched,46.0,12418,5,0.040264132710581414,1.2150756874133053e-06,0.044007627988851404,22775,22775,0.4743033437669734,0.04878048780487805,1.4560099731854937e-07,0.040264132710581414,0.044007627988851404
1,random,47.0,12418,0,0.0,0.0,0.0,8,8,3.86704737555784e-05,0.0,0.0,0.0,0.0
1,random_matched,47.0,12418,25,0.20132066355290706,6.070085763608201e-06,0.35206102391081123,22275,22275,0.48107096504962393,0.25365853658536586,0.006134547716841173,0.20132066355290706,0.35206102391081123
1,random,48.0,12418,0,0.0,0.0,0.0,2,2,1.1608787428619579e-05,0.0,0.0,0.0,0.0
1,random_matched,48.0,12418,0,0.0,0.0,0.0,30672,30672,0.0051780476578953405,0.0,0.0,0.0,0.0
1,random,49.0,12418,0,0.0,0.0,0.0,3,3,0.00015203420624309986,0.0,0.0,0.0,0.0
1,random_matched,49.0,12418,0,0.0,0.0,0.0,30672,30672,0.0051780476578953405,0.0,0.0,0.0,0.0
1,random,50.0,12418,0,0.0,0.0,0.0,2,2,4.6944836510882183e-07,0.0,0.0,0.0,0.0
1,random_matched,50.0,12418,25,0.20132066355290706,6.070085763608201e-06,0.35206102391081123,22275,22275,0.48107096504962393,0.25365853658536586,0.006134547716841173,0.20132066355290706,0.35206102391081123
1,random,51.0,12418,0,0.0,0.0,0.0,2,2,3.3223531439272903e-06,0.0,0.0,0.0,0.0
1,random_matched,51.0,12418,5,0.040264132710581414,1.2150756874133053e-06,0.044007627988851404,22775,22775,0.4743033437669734,0.04878048780487805,1.4560099731854937e-07,0.040264132710581414,0.044007627988851404
1,random,52.0,12418,0,0.0,0.0,0.0,2,2,1.1387476056496849e-06,0.0,0.0,0.0,0.0
1,random_matched,52.0,12418,25,0.20132066355290706,6.070085763608201e-06,0.35206102391081123,22275,22275,0.48107096504962393,0.25365853658536586,0.006134547716841173,0.20132066355290706,0.35206102391081123
1,random,53.0,12418,0,0.0,0.0,0.0,86,86,0.002557938299491207,0.0,0.0,0.0,0.0
1,random_matched,53.0,12418,0,0.0,0.0,0.0,32596,32596,0.006959606886045406,0.0,0.0,0.0,0.0
1,random,54.0,12418,0,0.0,0.0,0.0,2,2,7.068551097495688e-07,0.0,0.0,0.0,0.0
1,random_matched,54.0,12418,0,0.0,0.0,0.0,30672,30672,0.0051780476578953405,0.0,0.0,0.0,0.0
1,random,55.0,12418,0,0.0,0.0,0.0,2,2,7.511173841741149e-07,0.0,0.0,0.0,0.0
1,random_matched,55.0,12418,5,0.040264132710581414,1.2150756874133053e-06,0.044007627988851404,22775,22775,0.4743033437669734,0.04878048780487805,1.4560099731854937e-07,0.040264132710581414,0.044007627988851404
1,random,56.0,12418,0,0.0,0.0,0.0,13,13,0.00013937117191455017,0.0,0.0,0.0,0.0
1,random_matched,56.0,12418,25,0.20132066355290706,6.070085763608201e-06,0.35206102391081123,22275,22275,0.48107096504962393,0.25365853658536586,0.006134547716841173,0.20132066355290706,0.35206102391081123
1,random,57.0,12418,0,0.0,0.0,0.0,2,2,2.9669136674877538e-05,0.0,0.0,0.0,0.0
1,random_matched,57.0,12418,25,0.20132066355290706,6.070085763608201e-06,0.35206102391081123,22275,22275,0.48107096504962393,0.25365853658536586,0.006134547716841173,0.20132066355290706,0.35206102391081123
1,random,58.0,12418,0,0.0,0.0,0.0,2,2,9.91206690901198e-07,0.0,0.0,0.0,0.0
1,random_matched,58.0,12418,0,0.0,0.0,0.0,30672,30672,0.0051780476578953405,0.0,0.0,0.0,0.0
1,random,59.0,12418,0,0.0,0.0,0.0,3,3,2.604767785832377e-06,0.0,0.0,0.0,0.0
1,random_matched,59.0,12418,0,0.0,0.0,0.0,24236,24236,0.018490401504566847,0.0,1.5752004340254977e-10,0.0,0.0
1,random,60.0,12418,0,0.0,0.0,0.0,3,3,7.008193450553126e-06,0.0,0.0,0.0,0.0
1,random_matched,60.0,12418,0,0.0,0.0,0.0,30672,30672,0.0051780476578953405,0.0,0.0,0.0,0.0
1,random,61.0,12418,0,0.0,0.0,0.0,29,29,3.9326360185687587e-05,0.0,0.0,0.0,0.0
1,random_matched,61.0,12418,0,0.0,0.0,0.0,30672,30672,0.0051780476578953405,0.0,0.0,0.0,0.0
1,random,62.0,12418,1,0.008052826542116283,5.6998021858891854e-08,0.014669209329617133,55,55,0.0014632128789593413,0.00975609756097561,5.699802185889186e-10,0.008052826542116283,0.014669209329617133
1,random_matched,62.0,12418,25,0.20132066355290706,6.070085763608201e-06,0.35206102391081123,22275,22275,0.48107096504962393,0.25365853658536586,0.006134547716841173,0.20132066355290706,0.35206102391081123
1,random,63.0,12418,0,0.0,0.0,0.0,2,2,3.224439627776022e-06,0.0,0.0,0.0,0.0
1,random_matched,63.0,12418,0,0.0,0.0,0.0,24236,24236,0.018490401504566847,0.0,1.5752004340254977e-10,0.0,0.0
1,random,64.0,12418,0,0.0,0.0,0.0,3,3,8.022201919188181e-06,0.0,0.0,0.0,0.0
1,random_matched,64.0,12418,5,0.040264132710581414,1.2150756874133053e-06,0.044007627988851404,22775,22775,0.4743033437669734,0.04878048780487805,1.4560099731854937e-07,0.040264132710581414,0.044007627988851404
1,random,65.0,12418,0,0.0,0.0,0.0,3,3,6.910279934401857e-06,0.0,0.0,0.0,0.0
1,random_matched,65.0,12418,0,0.0,0.0,0.0,32596,32596,0.006959606886045406,0.0,0.0,0.0,0.0
1,random,66.0,12418,0,0.0,0.0,0.0,2,2,4.7171513007177584e-05,0.0,0.0,0.0,0.0
1,random_matched,66.0,12418,5,0.040264132710581414,1.2150756874133053e-06,0.044007627988851404,22775,22775,0.4743033437669734,0.04878048780487805,1.4560099731854937e-07,0.040264132710581414,0.044007627988851404
1,random,67.0,12418,0,0.0,0.0,0.0,63,63,0.00014386312212812002,0.0,0.0,0.0,0.0
1,random_matched,67.0,12418,0,0.0,0.0,0.0,24236,24236,0.018490401504566847,0.0,1.5752004340254977e-10,0.0,0.0
1,random,68.0,12418,0,0.0,0.0,0.0,3,3,6.6809208760201185e-06,0.0,0.0,0.0,0.0
1,random_matched,68.0,12418,0,0.0,0.0,0.0,24236,24236,0.018490401504566847,0.0,1.5752004340254977e-10,0.0,0.0
1,random,69.0,12418,0,0.0,0.0,0.0,4,4,9.937551248832173e-06,0.0,0.0,0.0,0.0
1,random_matched,69.0,12418,0,0.0,0.0,0.0,24236,24236,0.018490401504566847,0.0,1.5752004340254977e-10,0.0,0.0
1,random,70.0,12418,0,0.0,0.0,0.0,4,4,1.0585389992682348e-05,0.0,0.0,0.0,0.0
1,random_matched,70.0,12418,0,0.0,0.0,0.0,30672,30672,0.0051780476578953405,0.0,0.0,0.0,0.0
1,random,71.0,12418,0,0.0,0.0,0.0,2,2,2.1460496690688998e-07,0.0,0.0,0.0,0.0
1,random_matched,71.0,12418,0,0.0,0.0,0.0,30672,30672,0.0051780476578953405,0.0,0.0,0.0,0.0
1,random,72.0,12418,0,0.0,0.0,0.0,2,2,6.706405215840312e-09,0.0,0.0,0.0,0.0
1,random_matched,72.0,12418,5,0.040264132710581414,1.2150756874133053e-06,0.044007627988851404,22775,22775,0.4743033437669734,0.04878048780487805,1.4560099731854937e-07,0.040264132710581414,0.044007627988851404
1,random,73.0,12418,0,0.0,0.0,0.0,2,2,1.770490976981842e-07,0.0,0.0,0.0,0.0
1,random_matched,73.0,12418,0,0.0,0.0,0.0,24236,24236,0.018490401504566847,0.0,1.5752004340254977e-10,0.0,0.0
1,random,74.0,12418,0,0.0,0.0,0.0,8,8,0.00013127251697590142,0.0,0.0,0.0,0.0
1,random_matched,74.0,12418,5,0.040264132710581414,1.2150756874133053e-06,0.044007627988851404,22775,22775,0.4743033437669734,0.04878048780487805,1.4560099731854937e-07,0.040264132710581414,0.044007627988851404
1,random,75.0,12418,0,0.0,0.0,0.0,3,3,4.560355546771412e-08,0.0,0.0,0.0,0.0
1,random_matched,75.0,12418,0,0.0,0.0,0.0,30672,30672,0.0051780476578953405,0.0,0.0,0.0,0.0
1,random,76.0,12418,0,0.0,0.0,0.0,3,3,8.906106126635934e-06,0.0,0.0,0.0,0.0
1,random_matched,76.0,12418,5,0.040264132710581414,1.2150756874133053e-06,0.044007627988851404,22775,22775,0.4743033437669734,0.04878048780487805,1.4560099731854937e-07,0.040264132710581414,0.044007627988851404
1,random,77.0,12418,0,0.0,0.0,0.0,2,2,5.031681705340669e-05,0.0,0.0,0.0,0.0
1,random_matched,77.0,12418,25,0.20132066355290706,6.070085763608201e-06,0.35206102391081123,22275,22275,0.48107096504962393,0.25365853658536586,0.006134547716841173,0.20132066355290706,0.35206102391081123
1,random,78.0,12418,0,0.0,0.0,0.0,2,2,1.043919035897703e-05,0.0,0.0,0.0,0.0
1,random_matched,78.0,12418,0,0.0,0.0,0.0,24236,24236,0.018490401504566847,0.0,1.5752004340254977e-10,0.0,0.0
1,random,79.0,12418,0,0.0,0.0,0.0,2,2,7.108789528790731e-07,0.0,0.0,0.0,0.0
1,random_matched,79.0,12418,5,0.040264132710581414,1.2150756874133053e-06,0.044007627988851404,22775,22775,0.4743033437669734,0.04878048780487805,1.4560099731854937e-07,0.040264132710581414,0.044007627988851404
1,random,80.0,12418,0,0.0,0.0,0.0,4,4,2.1129200273026486e-05,0.0,0.0,0.0,0.0
1,random_matched,80.0,12418,25,0.20132066355290706,6.070085763608201e-06,0.35206102391081123,22275,22275,0.48107096504962393,0.25365853658536586,0.006134547716841173,0.20132066355290706,0.35206102391081123
1,random,81.0,12418,0,0.0,0.0,0.0,5,5,1.6940379575212627e-06,0.0,0.0,0.0,0.0
1,random_matched,81.0,12418,0,0.0,0.0,0.0,24236,24236,0.018490401504566847,0.0,1.5752004340254977e-10,0.0,0.0
1,random,82.0,12418,0,0.0,0.0,0.0,2,2,2.9105798636746953e-07,0.0,0.0,0.0,0.0
1,random_matched,82.0,12418,5,0.040264132710581414,1.2150756874133053e-06,0.044007627988851404,22775,22775,0.4743033437669734,0.04878048780487805,1.4560099731854937e-07,0.040264132710581414,0.044007627988851404
1,random,83.0,12418,0,0.0,0.0,0.0,11,11,0.0001695701146014791,0.0,0.0,0.0,0.0
1,random_matched,83.0,12418,0,0.0,0.0,0.0,30672,30672,0.0051780476578953405,0.0,0.0,0.0,0.0
1,random,84.0,12418,0,0.0,0.0,0.0,2,2,2.722800517631166e-07,0.0,0.0,0.0,0.0
1,random_matched,84.0,12418,25,0.20132066355290706,6.070085763608201e-06,0.35206102391081123,22275,22275,0.48107096504962393,0.25365853658536586,0.006134547716841173,0.20132066355290706,0.35206102391081123
1,random,85.0,12418,0,0.0,0.0,0.0,2,2,1.982413381802396e-06,0.0,0.0,0.0,0.0
1,random_matched,85.0,12418,0,0.0,0.0,0.0,32596,32596,0.006959606886045406,0.0,0.0,0.0,0.0
1,random,86.0,12418,0,0.0,0.0,0.0,3,3,1.3123093726356321e-05,0.0,0.0,0.0,0.0
1,random_matched,86.0,12418,25,0.20132066355290706,6.070085763608201e-06,0.35206102391081123,22275,22275,0.48107096504962393,0.25365853658536586,0.006134547716841173,0.20132066355290706,0.35206102391081123
1,random,87.0,12418,0,0.0,0.0,0.0,27,27,0.0016042163899034271,0.0,0.0,0.0,0.0
1,random_matched,87.0,12418,0,0.0,0.0,0.0,24236,24236,0.018490401504566847,0.0,1.5752004340254977e-10,0.0,0.0
1,random,88.0,12418,0,0.0,0.0,0.0,2,2,2.1165414861192024e-06,0.0,0.0,0.0,0.0
1,random_matched,88.0,12418,0,0.0,0.0,0.0,30672,30672,0.0051780476578953405,0.0,0.0,0.0,0.0
1,random,89.0,12418,0,0.0,0.0,0.0,2,2,1.1266760762611723e-07,0.0,0.0,0.0,0.0
1,random_matched,89.0,12418,0,0.0,0.0,0.0,24236,24236,0.018490401504566847,0.0,1.5752004340254977e-10,0.0,0.0
1,random,90.0,12418,0,0.0,0.0,0.0,4,4,1.5419366872260045e-05,0.0,0.0,0.0,0.0
1,random_matched,90.0,12418,0,0.0,0.0,0.0,30672,30672,0.0051780476578953405,0.0,0.0,0.0,0.0
1,random,91.0,12418,0,0.0,0.0,0.0,2,2,4.0238431295041866e-08,0.0,0.0,0.0,0.0
1,random_matched,91.0,12418,0,0.0,0.0,0.0,30672,30672,0.0051780476578953405,0.0,0.0,0.0,0.0
1,random,92.0,12418,0,0.0,0.0,0.0,2,2,1.0059607823760467e-07,0.0,0.0,0.0,0.0
1,random_matched,92.0,12418,25,0.20132066355290706,6.070085763608201e-06,0.35206102391081123,22275,22275,0.48107096504962393,0.25365853658536586,0.006134547716841173,0.20132066355290706,0.35206102391081123
1,random,93.0,12418,0,0.0,0.0,0.0,2,2,2.548433982019318e-07,0.0,0.0,0.0,0.0
1,random_matched,93.0,12418,5,0.040264132710581414,1.2150756874133053e-06,0.044007627988851404,22775,22775,0.4743033437669734,0.04878048780487805,1.4560099731854937e-07,0.040264132710581414,0.044007627988851404
1,random,94.0,12418,0,0.0,0.0,0.0,2,2,1.9639037034066768e-05,0.0,0.0,0.0,0.0
1,random_matched,94.0,12418,0,0.0,0.0,0.0,30672,30672,0.0051780476578953405,0.0,0.0,0.0,0.0
1,random,95.0,12418,0,0.0,0.0,0.0,2,2,1.960952885111707e-06,0.0,0.0,0.0,0.0
1,random_matched,95.0,12418,0,0.0,0.0,0.0,24236,24236,0.018490401504566847,0.0,1.5752004340254977e-10,0.0,0.0
1,random,96.0,12418,0,0.0,0.0,0.0,3,3,2.816690190652931e-07,0.0,0.0,0.0,0.0
1,random_matched,96.0,12418,25,0.20132066355290706,6.070085763608201e-06,0.35206102391081123,22275,22275,0.48107096504962393,0.25365853658536586,0.006134547716841173,0.20132066355290706,0.35206102391081123
1,random,97.0,12418,0,0.0,0.0,0.0,6,6,6.078953943846292e-05,0.0,0.0,0.0,0.0
1,random_matched,97.0,12418,25,0.20132066355290706,6.070085763608201e-06,0.35206102391081123,22275,22275,0.48107096504962393,0.25365853658536586,0.006134547716841173,0.20132066355290706,0.35206102391081123
1,random,98.0,12418,0,0.0,0.0,0.0,3,3,1.211981550606661e-05,0.0,0.0,0.0,0.0
1,random_matched,98.0,12418,5,0.040264132710581414,1.2150756874133053e-06,0.044007627988851404,22775,22775,0.4743033437669734,0.04878048780487805,1.4560099731854937e-07,0.040264132710581414,0.044007627988851404
1,random,99.0,12418,0,0.0,0.0,0.0,3,3,3.402830006517374e-06,0.0,0.0,0.0,0.0
1,random_matched,99.0,12418,0,0.0,0.0,0.0,24236,24236,0.018490401504566847,0.0,1.5752004340254977e-10,0.0,0.0
1,random,100.0,12418,0,0.0,0.0,0.0,2,2,3.044707967991501e-07,0.0,0.0,0.0,0.0
1,random_matched,100.0,12418,5,0.040264132710581414,1.2150756874133053e-06,0.044007627988851404,22775,22775,0.4743033437669734,0.04878048780487805,1.4560099731854937e-07,0.040264132710581414,0.044007627988851404
1,random,101.0,12418,0,0.0,0.0,0.0,36,36,3.0172117066065563e-05,0.0,0.0,0.0,0.0
1,random_matched,101.0,12418,5,0.040264132710581414,1.2150756874133053e-06,0.044007627988851404,22775,22775,0.4743033437669734,0.04878048780487805,1.4560099731854937e-07,0.040264132710581414,0.044007627988851404
1,random,102.0,12418,0,0.0,0.0,0.0,10,10,3.3990744195965036e-05,0.0,0.0,0.0,0.0
1,random_matched,102.0,12418,0,0.0,0.0,0.0,32596,32596,0.006959606886045406,0.0,0.0,0.0,0.0
1,random,103.0,12418,0,0.0,0.0,0.0,2,2,4.1177328025259515e-07,0.0,0.0,0.0,0.0
1,random_matched,103.0,12418,0,0.0,0.0,0.0,30672,30672,0.0051780476578953405,0.0,0.0,0.0,0.0
1,random,104.0,12418,0,0.0,0.0,0.0,4,4,4.7293569582105876e-06,0.0,0.0,0.0,0.0
1,random_matched,104.0,12418,5,0.040264132710581414,1.2150756874133053e-06,0.044007627988851404,22775,22775,0.4743033437669734,0.04878048780487805,1.4560099731854937e-07,0.040264132710581414,0.044007627988851404
1,random,105.0,12418,0,0.0,0.0,0.0,3,3,3.0178823471281403e-05,0.0,0.0,0.0,0.0
1,random_matched,105.0,12418,25,0.20132066355290706,6.070085763608201e-06,0.35206102391081123,22275,22275,0.48107096504962393,0.25365853658536586,0.006134547716841173,0.20132066355290706,0.35206102391081123
1,random,106.0,12418,0,0.0,0.0,0.0,2,2,5.230996068355443e-07,0.0,0.0,0.0,0.0
1,random_matched,106.0,12418,5,0.040264132710581414,1.2150756874133053e-06,0.044007627988851404,22775,22775,0.4743033437669734,0.04878048780487805,1.4560099731854937e-07,0.040264132710581414,0.044007627988851404
1,random,107.0,12418,0,0.0,0.0,0.0,3,3,4.5737683572030924e-07,0.0,0.0,0.0,0.0
1,random_matched,107.0,12418,25,0.20132066355290706,6.070085763608201e-06,0.35206102391081123,22275,22275,0.48107096504962393,0.25365853658536586,0.006134547716841173,0.20132066355290706,0.35206102391081123
1,random,108.0,12418,0,0.0,0.0,0.0,2,2,7.401188796201368e-06,0.0,0.0,0.0,0.0
1,random_matched,108.0,12418,5,0.040264132710581414,1.2150756874133053e-06,0.044007627988851404,22775,22775,0.4743033437669734,0.04878048780487805,1.4560099731854937e-07,0.040264132710581414,0.044007627988851404
1,random,109.0,12418,0,0.0,0.0,0.0,5,5,4.764230265332958e-06,0.0,0.0,0.0,0.0
1,random_matched,109.0,12418,0,0.0,0.0,0.0,24236,24236,0.018490401504566847,0.0,1.5752004340254977e-10,0.0,0.0
1,random,110.0,12418,0,0.0,0.0,0.0,3,3,6.359013425659783e-06,0.0,0.0,0.0,0.0
1,random_matched,110.0,12418,5,0.040264132710581414,1.2150756874133053e-06,0.044007627988851404,22775,22775,0.4743033437669734,0.04878048780487805,1.4560099731854937e-07,0.040264132710581414,0.044007627988851404
1,random,111.0,12418,0,0.0,0.0,0.0,2,2,4.828611755405024e-08,0.0,0.0,0.0,0.0
1,random_matched,111.0,12418,0,0.0,0.0,0.0,32596,32596,0.006959606886045406,0.0,0.0,0.0,0.0
1,random,112.0,12418,0,0.0,0.0,0.0,2,2,4.238448096411077e-07,0.0,0.0,0.0,0.0
1,random_matched,112.0,12418,0,0.0,0.0,0.0,32596,32596,0.006959606886045406,0.0,0.0,0.0,0.0
1,random,113.0,12418,0,0.0,0.0,0.0,4,4,4.988224199542023e-06,0.0,0.0,0.0,0.0
1,random_matched,113.0,12418,0,0.0,0.0,0.0,32596,32596,0.006959606886045406,0.0,0.0,0.0,0.0
1,random,114.0,12418,0,0.0,0.0,0.0,2,2,0.014859864897912918,0.0,0.0,0.0,0.0
1,random_matched,114.0,12418,25,0.20132066355290706,6.070085763608201e-06,0.35206102391081123,22275,22275,0.48107096504962393,0.25365853658536586,0.006134547716841173,0.20132066355290706,0.35206102391081123
1,random,115.0,12418,0,0.0,0.0,0.0,9,9,7.283156064402578e-07,0.0,0.0,0.0,0.0
1,random_matched,115.0,12418,25,0.20132066355290706,6.070085763608201e-06,0.35206102391081123,22275,22275,0.48107096504962393,0.25365853658536586,0.006134547716841173,0.20132066355290706,0.35206102391081123
1,random,116.0,12418,0,0.0,0.0,0.0,3,3,1.2339785597146172e-07,0.0,0.0,0.0,0.0
1,random_matched,116.0,12418,0,0.0,0.0,0.0,32596,32596,0.006959606886045406,0.0,0.0,0.0,0.0
1,random,117.0,12418,0,0.0,0.0,0.0,2,2,5.119669741772494e-06,0.0,0.0,0.0,0.0
1,random_matched,117.0,12418,5,0.040264132710581414,1.2150756874133053e-06,0.044007627988851404,22775,22775,0.4743033437669734,0.04878048780487805,1.4560099731854937e-07,0.040264132710581414,0.044007627988851404
1,random,118.0,12418,0,0.0,0.0,0.0,2,2,2.9360642034948883e-06,0.0,0.0,0.0,0.0
1,random_matched,118.0,12418,5,0.040264132710581414,1.2150756874133053e-06,0.044007627988851404,22775,22775,0.4743033437669734,0.04878048780487805,1.4560099731854937e-07,0.040264132710581414,0.044007627988851404
1,random,119.0,12418,0,0.0,0.0,0.0,2,2,7.511173841741149e-08,0.0,0.0,0.0,0.0
1,random_matched,119.0,12418,5,0.040264132710581414,1.2150756874133053e-06,0.044007627988851404,22775,22775,0.4743033437669734,0.04878048780487805,1.4560099731854937e-07,0.040264132710581414,0.044007627988851404
1,random,120.0,12418,0,0.0,0.0,0.0,2,2,4.037255939935868e-07,0.0,0.0,0.0,0.0
1,random_matched,120.0,12418,5,0.040264132710581414,1.2150756874133053e-06,0.044007627988851404,22775,22775,0.4743033437669734,0.04878048780487805,1.4560099731854937e-07,0.040264132710581414,0.044007627988851404
1,random,121.0,12418,0,0.0,0.0,0.0,6,6,1.1498802383079798e-05,0.0,0.0,0.0,0.0
1,random_matched,121.0,12418,25,0.20132066355290706,6.070085763608201e-06,0.35206102391081123,22275,22275,0.48107096504962393,0.25365853658536586,0.006134547716841173,0.20132066355290706,0.35206102391081123
1,random,122.0,12418,0,0.0,0.0,0.0,3,3,8.745152401455767e-07,0.0,0.0,0.0,0.0
1,random_matched,122.0,12418,5,0.040264132710581414,1.2150756874133053e-06,0.044007627988851404,22775,22775,0.4743033437669734,0.04878048780487805,1.4560099731854937e-07,0.040264132710581414,0.044007627988851404
1,random,123.0,12418,0,0.0,0.0,0.0,2,2,3.211026817344341e-06,0.0,0.0,0.0,0.0
1,random_matched,123.0,12418,25,0.20132066355290706,6.070085763608201e-06,0.35206102391081123,22275,22275,0.48107096504962393,0.25365853658536586,0.006134547716841173,0.20132066355290706,0.35206102391081123
1,random,124.0,12418,0,0.0,0.0,0.0,13,13,6.199400981522784e-06,0.0,0.0,0.0,0.0
1,random_matched,124.0,12418,25,0.20132066355290706,6.070085763608201e-06,0.35206102391081123,22275,22275,0.48107096504962393,0.25365853658536586,0.006134547716841173,0.20132066355290706,0.35206102391081123
1,random,125.0,12418,0,0.0,0.0,0.0,3,3,1.3184792654342052e-05,0.0,0.0,0.0,0.0
1,random_matched,125.0,12418,5,0.040264132710581414,1.2150756874133053e-06,0.044007627988851404,22775,22775,0.4743033437669734,0.04878048780487805,1.4560099731854937e-07,0.040264132710581414,0.044007627988851404
1,random,126.0,12418,0,0.0,0.0,0.0,3,3,9.423840609298806e-06,0.0,0.0,0.0,0.0
1,random_matched,126.0,12418,0,0.0,0.0,0.0,32596,32596,0.006959606886045406,0.0,0.0,0.0,0.0
1,random,127.0,12418,0,0.0,0.0,0.0,2,2,2.669149275904444e-07,0.0,0.0,0.0,0.0
1,random_matched,127.0,12418,0,0.0,0.0,0.0,32596,32596,0.006959606886045406,0.0,0.0,0.0,0.0
1,random,128.0,12418,0,0.0,0.0,0.0,2,2,3.125184830581585e-07,0.0,0.0,0.0,0.0
1,random_matched,128.0,12418,25,0.20132066355290706,6.070085763608201e-06,0.35206102391081123,22275,22275,0.48107096504962393,0.25365853658536586,0.006134547716841173,0.20132066355290706,0.35206102391081123
1,random,129.0,12418,0,0.0,0.0,0.0,2,2,1.0461992136710885e-07,0.0,0.0,0.0,0.0
1,random_matched,129.0,12418,0,0.0,0.0,0.0,30672,30672,0.0051780476578953405,0.0,0.0,0.0,0.0
1,random,130.0,12418,0,0.0,0.0,0.0,3,3,8.498356689512843e-06,0.0,0.0,0.0,0.0
1,random_matched,130.0,12418,0,0.0,0.0,0.0,24236,24236,0.018490401504566847,0.0,1.5752004340254977e-10,0.0,0.0
1,random,131.0,12418,0,0.0,0.0,0.0,2,2,1.5022347683482298e-07,0.0,0.0,0.0,0.0
1,random_matched,131.0,12418,25,0.20132066355290706,6.070085763608201e-06,0.35206102391081123,22275,22275,0.48107096504962393,0.25365853658536586,0.006134547716841173,0.20132066355290706,0.35206102391081123
1,random,132.0,12418,0,0.0,0.0,0.0,2,2,7.96720939641829e-07,0.0,0.0,0.0,0.0
1,random_matched,132.0,12418,0,0.0,0.0,0.0,32596,32596,0.006959606886045406,0.0,0.0,0.0,0.0
1,random,133.0,12418,0,0.0,0.0,0.0,2,2,3.5490296402226928e-06,0.0,0.0,0.0,0.0
1,random_matched,133.0,12418,5,0.040264132710581414,1.2150756874133053e-06,0.044007627988851404,22775,22775,0.4743033437669734,0.04878048780487805,1.4560099731854937e-07,0.040264132710581414,0.044007627988851404
1,random,134.0,12418,0,0.0,0.0,0.0,12,12,0.0005714782727815731,0.0,0.0,0.0,0.0
1,random_matched,134.0,12418,5,0.040264132710581414,1.2150756874133053e-06,0.044007627988851404,22775,22775,0.4743033437669734,0.04878048780487805,1.4560099731854937e-07,0.040264132710581414,0.044007627988851404
1,random,135.0,12418,0,0.0,0.0,0.0,2,2,1.0864376449661305e-06,0.0,0.0,0.0,0.0
1,random_matched,135.0,12418,0,0.0,0.0,0.0,24236,24236,0.018490401504566847,0.0,1.5752004340254977e-10,0.0,0.0
1,random,136.0,12418,0,0.0,0.0,0.0,4,4,5.298060120513846e-06,0.0,0.0,0.0,0.0
1,random_matched,136.0,12418,0,0.0,0.0,0.0,32596,32596,0.006959606886045406,0.0,0.0,0.0,0.0
1,random,137.0,12418,0,0.0,0.0,0.0,3,3,6.867358941020479e-07,0.0,0.0,0.0,0.0
1,random_matched,137.0,12418,5,0.040264132710581414,1.2150756874133053e-06,0.044007627988851404,22775,22775,0.4743033437669734,0.04878048780487805,1.4560099731854937e-07,0.040264132710581414,0.044007627988851404
1,random,138.0,12418,0,0.0,0.0,0.0,2,2,2.603426504789209e-06,0.0,0.0,0.0,0.0
1,random_matched,138.0,12418,0,0.0,0.0,0.0,24236,24236,0.018490401504566847,0.0,1.5752004340254977e-10,0.0,0.0
1,random,139.0,12418,0,0.0,0.0,0.0,2,2,3.0849463992865434e-07,0.0,0.0,0.0,0.0
1,random_matched,139.0,12418,0,0.0,0.0,0.0,24236,24236,0.018490401504566847,0.0,1.5752004340254977e-10,0.0,0.0
1,random,140.0,12418,0,0.0,0.0,0.0,2,2,8.946344557930975e-07,0.0,0.0,0.0,0.0
1,random_matched,140.0,12418,25,0.20132066355290706,6.070085763608201e-06,0.35206102391081123,22275,22275,0.48107096504962393,0.25365853658536586,0.006134547716841173,0.20132066355290706,0.35206102391081123
1,random,141.0,12418,0,0.0,0.0,0.0,6,6,1.020312489537945e-05,0.0,0.0,0.0,0.0
1,random_matched,141.0,12418,25,0.20132066355290706,6.070085763608201e-06,0.35206102391081123,22275,22275,0.48107096504962393,0.25365853658536586,0.006134547716841173,0.20132066355290706,0.35206102391081123
1,random,142.0,12418,0,0.0,0.0,0.0,38,38,0.09243226118331672,0.0,0.0001709885957627725,0.0,0.0
1,random_matched,142.0,12418,0,0.0,0.0,0.0,32596,32596,0.006959606886045406,0.0,0.0,0.0,0.0
1,random,143.0,12418,0,0.0,0.0,0.0,2,2,8.530547434548876e-07,0.0,0.0,0.0,0.0
1,random_matched,143.0,12418,0,0.0,0.0,0.0,24236,24236,0.018490401504566847,0.0,1.5752004340254977e-10,0.0,0.0
1,random,144.0,12418,0,0.0,0.0,0.0,4,4,3.339789797488475e-07,0.0,0.0,0.0,0.0
1,random_matched,144.0,12418,25,0.20132066355290706,6.070085763608201e-06,0.35206102391081123,22275,22275,0.48107096504962393,0.25365853658536586,0.006134547716841173,0.20132066355290706,0.35206102391081123
1,random,145.0,12418,0,0.0,0.0,0.0,2,2,3.5611011696112054e-06,0.0,0.0,0.0,0.0
1,random_matched,145.0,12418,25,0.20132066355290706,6.070085763608201e-06,0.35206102391081123,22275,22275,0.48107096504962393,0.25365853658536586,0.006134547716841173,0.20132066355290706,0.35206102391081123
1,random,146.0,12418,0,0.0,0.0,0.0,2,2,2.67183183799078e-06,0.0,0.0,0.0,0.0
1,random_matched,146.0,12418,5,0.040264132710581414,1.2150756874133053e-06,0.044007627988851404,22775,22775,0.4743033437669734,0.04878048780487805,1.4560099731854937e-07,0.040264132710581414,0.044007627988851404
1,random,147.0,12418,0,0.0,0.0,0.0,12,12,0.018517361253534526,0.0,0.0,0.0,0.0
1,random_matched,147.0,12418,5,0.040264132710581414,1.2150756874133053e-06,0.044007627988851404,22775,22775,0.4743033437669734,0.04878048780487805,1.4560099731854937e-07,0.040264132710581414,0.044007627988851404
1,random,148.0,12418,0,0.0,0.0,0.0,4,4,5.613663549971291e-05,0.0,0.0,0.0,0.0
1,random_matched,148.0,12418,25,0.20132066355290706,6.070085763608201e-06,0.35206102391081123,22275,22275,0.48107096504962393,0.25365853658536586,0.006134547716841173,0.20132066355290706,0.35206102391081123
1,random,149.0,12418,0,0.0,0.0,0.0,2,2,1.3949322848947847e-07,0.0,0.0,0.0,0.0
1,random_matched,149.0,12418,0,0.0,0.0,0.0,32596,32596,0.006959606886045406,0.0,0.0,0.0,0.0
1,random,150.0,12418,0,0.0,0.0,0.0,3,3,7.660056037532803e-06,0.0,0.0,0.0,0.0
1,random_matched,150.0,12418,0,0.0,0.0,0.0,32596,32596,0.006959606886045406,0.0,0.0,0.0,0.0
1,random,151.0,12418,0,0.0,0.0,0.0,2,2,2.2073462127416802e-05,0.0,0.0,0.0,0.0
1,random_matched,151.0,12418,0,0.0,0.0,0.0,24236,24236,0.018490401504566847,0.0,1.5752004340254977e-10,0.0,0.0
1,random,152.0,12418,0,0.0,0.0,0.0,2,2,1.1548429781677017e-06,0.0,0.0,0.0,0.0
1,random_matched,152.0,12418,0,0.0,0.0,0.0,30672,30672,0.0051780476578953405,0.0,0.0,0.0,0.0
1,random,153.0,12418,0,0.0,0.0,0.0,3,3,2.899849615329351e-06,0.0,0.0,0.0,0.0
1,random_matched,153.0,12418,5,0.040264132710581414,1.2150756874133053e-06,0.044007627988851404,22775,22775,0.4743033437669734,0.04878048780487805,1.4560099731854937e-07,0.040264132710581414,0.044007627988851404
1,random,154.0,12418,0,0.0,0.0,0.0,3,3,8.781366989621304e-06,0.0,0.0,0.0,0.0
1,random_matched,154.0,12418,0,0.0,0.0,0.0,24236,24236,0.018490401504566847,0.0,1.5752004340254977e-10,0.0,0.0
1,random,155.0,12418,0,0.0,0.0,0.0,4,4,6.999072739459582e-05,0.0,0.0,0.0,0.0
1,random_matched,155.0,12418,0,0.0,0.0,0.0,30672,30672,0.0051780476578953405,0.0,0.0,0.0,0.0
1,random,156.0,12418,0,0.0,0.0,0.0,2,2,2.5980613806165365e-06,0.0,0.0,0.0,0.0
1,random_matched,156.0,12418,0,0.0,0.0,0.0,32596,32596,0.006959606886045406,0.0,0.0,0.0,0.0
1,random,157.0,12418,0,0.0,0.0,0.0,57,57,0.018865261389230416,0.0,0.00034294337528560247,0.0,0.0
1,random_matched,157.0,12418,0,0.0,0.0,0.0,30672,30672,0.0051780476578953405,0.0,0.0,0.0,0.0
1,random,158.0,12418,0,0.0,0.0,0.0,278,278,0.0006507493237138487,0.0,0.0,0.0,0.0
1,random_matched,158.0,12418,5,0.040264132710581414,1.2150756874133053e-06,0.044007627988851404,22775,22775,0.4743033437669734,0.04878048780487805,1.4560099731854937e-07,0.040264132710581414,0.044007627988851404
1,random,159.0,12418,0,0.0,0.0,0.0,4,4,2.0333820614427826e-06,0.0,0.0,0.0,0.0
1,random_matched,159.0,12418,5,0.040264132710581414,1.2150756874133053e-06,0.044007627988851404,22775,22775,0.4743033437669734,0.04878048780487805,1.4560099731854937e-07,0.040264132710581414,0.044007627988851404
1,random,160.0,12418,0,0.0,0.0,0.0,2,2,5.432188224830653e-07,0.0,0.0,0.0,0.0
1,random_matched,160.0,12418,0,0.0,0.0,0.0,24236,24236,0.018490401504566847,0.0,1.5752004340254977e-10,0.0,0.0
1,random,161.0,12418,0,0.0,0.0,0.0,2,2,2.756332543710368e-06,0.0,0.0,0.0,0.0
1,random_matched,161.0,12418,0,0.0,0.0,0.0,24236,24236,0.018490401504566847,0.0,1.5752004340254977e-10,0.0,0.0
1,random,162.0,12418,0,0.0,0.0,0.0,3,3,6.8204141045095965e-06,0.0,0.0,0.0,0.0
1,random_matched,162.0,12418,0,0.0,0.0,0.0,32596,32596,0.006959606886045406,0.0,0.0,0.0,0.0
1,random,163.0,12418,0,0.0,0.0,0.0,244,244,0.0002163969183805625,0.0,0.0,0.0,0.0
1,random_matched,163.0,12418,5,0.040264132710581414,1.2150756874133053e-06,0.044007627988851404,22775,22775,0.4743033437669734,0.04878048780487805,1.4560099731854937e-07,0.040264132710581414,0.044007627988851404
1,random,164.0,12418,0,0.0,0.0,0.0,2,2,4.962739859721831e-08,0.0,0.0,0.0,0.0
1,random_matched,164.0,12418,0,0.0,0.0,0.0,32596,32596,0.006959606886045406,0.0,0.0,0.0,0.0
1,random,165.0,12418,0,0.0,0.0,0.0,2,2,8.061099069440054e-07,0.0,0.0,0.0,0.0
1,random_matched,165.0,12418,0,0.0,0.0,0.0,24236,24236,0.018490401504566847,0.0,1.5752004340254977e-10,0.0,0.0
1,random,166.0,12418,0,0.0,0.0,0.0,2,2,1.7959753168020355e-06,0.0,0.0,0.0,0.0
1,random_matched,166.0,12418,25,0.20132066355290706,6.070085763608201e-06,0.35206102391081123,22275,22275,0.48107096504962393,0.25365853658536586,0.006134547716841173,0.20132066355290706,0.35206102391081123
1,random,167.0,12418,0,0.0,0.0,0.0,2,2,1.1387476056496849e-06,0.0,0.0,0.0,0.0
1,random_matched,167.0,12418,0,0.0,0.0,0.0,32596,32596,0.006959606886045406,0.0,0.0,0.0,0.0
1,random,168.0,12418,0,0.0,0.0,0.0,22,22,1.8147532514063882e-05,0.0,0.0,0.0,0.0
1,random_matched,168.0,12418,0,0.0,0.0,0.0,30672,30672,0.0051780476578953405,0.0,0.0,0.0,0.0
1,random,169.0,12418,0,0.0,0.0,0.0,4,4,1.0944853312251388e-05,0.0,0.0,0.0,0.0
1,random_matched,169.0,12418,0,0.0,0.0,0.0,24236,24236,0.018490401504566847,0.0,1.5752004340254977e-10,0.0,0.0
1,random,170.0,12418,0,0.0,0.0,0.0,2,2,3.2324873140350303e-07,0.0,0.0,0.0,0.0
1,random_matched,170.0,12418,25,0.20132066355290706,6.070085763608201e-06,0.35206102391081123,22275,22275,0.48107096504962393,0.25365853658536586,0.006134547716841173,0.20132066355290706,0.35206102391081123
1,random,171.0,12418,0,0.0,0.0,0.0,2,2,1.2768995530959953e-06,0.0,0.0,0.0,0.0
1,random_matched,171.0,12418,0,0.0,0.0,0.0,32596,32596,0.006959606886045406,0.0,0.0,0.0,0.0
1,random,172.0,12418,0,0.0,0.0,0.0,2,2,1.4485835266215072e-06,0.0,0.0,0.0,0.0
1,random_matched,172.0,12418,0,0.0,0.0,0.0,32596,32596,0.006959606886045406,0.0,0.0,0.0,0.0
1,random,173.0,12418,0,0.0,0.0,0.0,5,5,1.0067655510019475e-05,0.0,0.0,0.0,0.0
1,random_matched,173.0,12418,0,0.0,0.0,0.0,32596,32596,0.006959606886045406,0.0,0.0,0.0,0.0
1,random,174.0,12418,0,0.0,0.0,0.0,18,18,7.752872685720033e-05,0.0,0.0,0.0,0.0
1,random_matched,174.0,12418,5,0.040264132710581414,1.2150756874133053e-06,0.044007627988851404,22775,22775,0.4743033437669734,0.04878048780487805,1.4560099731854937e-07,0.040264132710581414,0.044007627988851404
1,random,175.0,12418,0,0.0,0.0,0.0,2,2,1.3412810431680624e-08,0.0,0.0,0.0,0.0
1,random_matched,175.0,12418,0,0.0,0.0,0.0,24236,24236,0.018490401504566847,0.0,1.5752004340254977e-10,0.0,0.0
1,random,176.0,12418,0,0.0,0.0,0.0,13,13,1.3215642118334918e-05,0.0,0.0,0.0,0.0
1,random_matched,176.0,12418,5,0.040264132710581414,1.2150756874133053e-06,0.044007627988851404,22775,22775,0.4743033437669734,0.04878048780487805,1.4560099731854937e-07,0.040264132710581414,0.044007627988851404
1,random,177.0,12418,0,0.0,0.0,0.0,2,2,3.487330712236962e-08,0.0,0.0,0.0,0.0
1,random_matched,177.0,12418,0,0.0,0.0,0.0,24236,24236,0.018490401504566847,0.0,1.5752004340254977e-10,0.0,0.0
1,random,178.0,12418,0,0.0,0.0,0.0,28,28,0.0001249698373540547,0.0,0.0,0.0,0.0
1,random_matched,178.0,12418,25,0.20132066355290706,6.070085763608201e-06,0.35206102391081123,22275,22275,0.48107096504962393,0.25365853658536586,0.006134547716841173,0.20132066355290706,0.35206102391081123
1,random,179.0,12418,0,0.0,0.0,0.0,2,2,0.0,0.0,0.0,0.0,0.0
1,random_matched,179.0,12418,5,0.040264132710581414,1.2150756874133053e-06,0.044007627988851404,22775,22775,0.4743033437669734,0.04878048780487805,1.4560099731854937e-07,0.040264132710581414,0.044007627988851404
1,random,180.0,12418,0,0.0,0.0,0.0,2,2,4.922501428426789e-07,0.0,0.0,0.0,0.0
1,random_matched,180.0,12418,0,0.0,0.0,0.0,24236,24236,0.018490401504566847,0.0,1.5752004340254977e-10,0.0,0.0
1,random,181.0,12418,0,0.0,0.0,0.0,6,6,2.669819916426028e-05,0.0,0.0,0.0,0.0
1,random_matched,181.0,12418,25,0.20132066355290706,6.070085763608201e-06,0.35206102391081123,22275,22275,0.48107096504962393,0.25365853658536586,0.006134547716841173,0.20132066355290706,0.35206102391081123
1,random,182.0,12418,0,0.0,0.0,0.0,3,3,1.6216087811901873e-06,0.0,0.0,0.0,0.0
1,random_matched,182.0,12418,0,0.0,0.0,0.0,32596,32596,0.006959606886045406,0.0,0.0,0.0,0.0
1,random,183.0,12418,0,0.0,0.0,0.0,13,13,3.182725787333495e-05,0.0,0.0,0.0,0.0
1,random_matched,183.0,12418,5,0.040264132710581414,1.2150756874133053e-06,0.044007627988851404,22775,22775,0.4743033437669734,0.04878048780487805,1.4560099731854937e-07,0.040264132710581414,0.044007627988851404
1,random,184.0,12418,0,0.0,0.0,0.0,3,3,7.721754965518535e-06,0.0,0.0,0.0,0.0
1,random_matched,184.0,12418,0,0.0,0.0,0.0,32596,32596,0.006959606886045406,0.0,0.0,0.0,0.0
1,random,185.0,12418,0,0.0,0.0,0.0,5,5,0.00014724985676211938,0.0,0.0,0.0,0.0
1,random_matched,185.0,12418,0,0.0,0.0,0.0,30672,30672,0.0051780476578953405,0.0,0.0,0.0,0.0
1,random,186.0,12418,0,0.0,0.0,0.0,2,2,2.258717276695017e-06,0.0,0.0,0.0,0.0
1,random_matched,186.0,12418,0,0.0,0.0,0.0,24236,24236,0.018490401504566847,0.0,1.5752004340254977e-10,0.0,0.0
1,random,187.0,12418,0,0.0,0.0,0.0,7,7,2.3027112949109292e-05,0.0,0.0,0.0,0.0
1,random_matched,187.0,12418,0,0.0,0.0,0.0,30672,30672,0.0051780476578953405,0.0,0.0,0.0,0.0
1,random,188.0,12418,0,0.0,0.0,0.0,2,2,1.7529201953163405e-05,0.0,0.0,0.0,0.0
1,random_matched,188.0,12418,0,0.0,0.0,0.0,32596,32596,0.006959606886045406,0.0,0.0,0.0,0.0
1,random,189.0,12418,0,0.0,0.0,0.0,2,2,3.7555869208705745e-08,0.0,0.0,0.0,0.0
1,random_matched,189.0,12418,0,0.0,0.0,0.0,24236,24236,0.018490401504566847,0.0,1.5752004340254977e-10,0.0,0.0
1,random,190.0,12418,0,0.0,0.0,0.0,3,3,1.4343659475639258e-05,0.0,0.0,0.0,0.0
1,random_matched,190.0,12418,0,0.0,0.0,0.0,24236,24236,0.018490401504566847,0.0,1.5752004340254977e-10,0.0,0.0
1,random,191.0,12418,0,0.0,0.0,0.0,3,3,8.543960244980557e-07,0.0,0.0,0.0,0.0
1,random_matched,191.0,12418,5,0.040264132710581414,1.2150756874133053e-06,0.044007627988851404,22775,22775,0.4743033437669734,0.04878048780487805,1.4560099731854937e-07,0.040264132710581414,0.044007627988851404
1,random,192.0,12418,0,0.0,0.0,0.0,9,9,7.123543620265579e-06,0.0,0.0,0.0,0.0
1,random_matched,192.0,12418,25,0.20132066355290706,6.070085763608201e-06,0.35206102391081123,22275,22275,0.48107096504962393,0.25365853658536586,0.006134547716841173,0.20132066355290706,0.35206102391081123
1,random,193.0,12418,0,0.0,0.0,0.0,2,2,1.6229500622333554e-07,0.0,0.0,0.0,0.0
1,random_matched,193.0,12418,0,0.0,0.0,0.0,24236,24236,0.018490401504566847,0.0,1.5752004340254977e-10,0.0,0.0
1,random,194.0,12418,0,0.0,0.0,0.0,4,4,3.9797149831839575e-05,0.0,0.0,0.0,0.0
1,random_matched,194.0,12418,5,0.040264132710581414,1.2150756874133053e-06,0.044007627988851404,22775,22775,0.4743033437669734,0.04878048780487805,1.4560099731854937e-07,0.040264132710581414,0.044007627988851404
1,random,195.0,12418,0,0.0,0.0,0.0,2,2,8.986582989226017e-08,0.0,0.0,0.0,0.0
1,random_matched,195.0,12418,0,0.0,0.0,0.0,32596,32596,0.006959606886045406,0.0,0.0,0.0,0.0
1,random,196.0,12418,0,0.0,0.0,0.0,3,3,3.817285848856306e-06,0.0,0.0,0.0,0.0
1,random_matched,196.0,12418,5,0.040264132710581414,1.2150756874133053e-06,0.044007627988851404,22775,22775,0.4743033437669734,0.04878048780487805,1.4560099731854937e-07,0.040264132710581414,0.044007627988851404
1,random,197.0,12418,0,0.0,0.0,0.0,5,5,5.632039100262693e-06,0.0,0.0,0.0,0.0
1,random_matched,197.0,12418,5,0.040264132710581414,1.2150756874133053e-06,0.044007627988851404,22775,22775,0.4743033437669734,0.04878048780487805,1.4560099731854937e-07,0.040264132710581414,0.044007627988851404
1,random,198.0,12418,0,0.0,0.0,0.0,2,2,2.221161407486311e-06,0.0,0.0,0.0,0.0
1,random_matched,198.0,12418,25,0.20132066355290706,6.070085763608201e-06,0.35206102391081123,22275,22275,0.48107096504962393,0.25365853658536586,0.006134547716841173,0.20132066355290706,0.35206102391081123
1,random,199.0,12418,0,0.0,0.0,0.0,2,2,1.963635447198043e-06,0.0,0.0,0.0,0.0
1,random_matched,199.0,12418,25,0.20132066355290706,6.070085763608201e-06,0.35206102391081123,22275,22275,0.48107096504962393,0.25365853658536586,0.006134547716841173,0.20132066355290706,0.35206102391081123
1,random,200.0,12418,0,0.0,0.0,0.0,2,2,0.00028081059919766554,0.0,0.0,0.0,0.0
1,random_matched,200.0,12418,25,0.20132066355290706,6.070085763608201e-06,0.35206102391081123,22275,22275,0.48107096504962393,0.25365853658536586,0.006134547716841173,0.20132066355290706,0.35206102391081123
1,random,201.0,12418,0,0.0,0.0,0.0,2,2,0.0008516343268301726,0.0,0.0,0.0,0.0
1,random_matched,201.0,12418,5,0.040264132710581414,1.2150756874133053e-06,0.044007627988851404,22775,22775,0.4743033437669734,0.04878048780487805,1.4560099731854937e-07,0.040264132710581414,0.044007627988851404
1,random,202.0,12418,0,0.0,0.0,0.0,6,6,2.603292376684892e-05,0.0,0.0,0.0,0.0
1,random_matched,202.0,12418,0,0.0,0.0,0.0,30672,30672,0.0051780476578953405,0.0,0.0,0.0,0.0
1,random,203.0,12418,0,0.0,0.0,0.0,3,3,1.7570781665501616e-07,0.0,0.0,0.0,0.0
1,random_matched,203.0,12418,25,0.20132066355290706,6.070085763608201e-06,0.35206102391081123,22275,22275,0.48107096504962393,0.25365853658536586,0.006134547716841173,0.20132066355290706,0.35206102391081123
1,random,204.0,12418,0,0.0,0.0,0.0,2,2,4.6676580302248567e-07,0.0,0.0,0.0,0.0
1,random_matched,204.0,12418,0,0.0,0.0,0.0,24236,24236,0.018490401504566847,0.0,1.5752004340254977e-10,0.0,0.0
1,random,205.0,12418,0,0.0,0.0,0.0,2,2,3.366615418351836e-07,0.0,0.0,0.0,0.0
1,random_matched,205.0,12418,5,0.040264132710581414,1.2150756874133053e-06,0.044007627988851404,22775,22775,0.4743033437669734,0.04878048780487805,1.4560099731854937e-07,0.040264132710581414,0.044007627988851404
1,random,206.0,12418,0,0.0,0.0,0.0,2,2,2.131295577594051e-06,0.0,0.0,0.0,0.0
1,random_matched,206.0,12418,5,0.040264132710581414,1.2150756874133053e-06,0.044007627988851404,22775,22775,0.4743033437669734,0.04878048780487805,1.4560099731854937e-07,0.040264132710581414,0.044007627988851404
1,random,207.0,12418,0,0.0,0.0,0.0,3,3,7.201337920769327e-05,0.0,0.0,0.0,0.0
1,random_matched,207.0,12418,0,0.0,0.0,0.0,30672,30672,0.0051780476578953405,0.0,0.0,0.0,0.0
1,random,208.0,12418,0,0.0,0.0,0.0,3,3,2.1031286756875216e-06,0.0,0.0,0.0,0.0
1,random_matched,208.0,12418,5,0.040264132710581414,1.2150756874133053e-06,0.044007627988851404,22775,22775,0.4743033437669734,0.04878048780487805,1.4560099731854937e-07,0.040264132710581414,0.044007627988851404
1,random,209.0,12418,0,0.0,0.0,0.0,2,2,3.180177353351476e-06,0.0,0.0,0.0,0.0
1,random_matched,209.0,12418,0,0.0,0.0,0.0,30672,30672,0.0051780476578953405,0.0,0.0,0.0,0.0
1,random,210.0,12418,0,0.0,0.0,0.0,7,7,5.487180747600543e-06,0.0,0.0,0.0,0.0
1,random_matched,210.0,12418,25,0.20132066355290706,6.070085763608201e-06,0.35206102391081123,22275,22275,0.48107096504962393,0.25365853658536586,0.006134547716841173,0.20132066355290706,0.35206102391081123
1,random,211.0,12418,0,0.0,0.0,0.0,17,17,7.390324419751707e-05,0.0,0.0,0.0,0.0
1,random_matched,211.0,12418,0,0.0,0.0,0.0,24236,24236,0.018490401504566847,0.0,1.5752004340254977e-10,0.0,0.0
1,random,212.0,12418,0,0.0,0.0,0.0,2,2,3.3934410392151975e-06,0.0,0.0,0.0,0.0
1,random_matched,212.0,12418,0,0.0,0.0,0.0,24236,24236,0.018490401504566847,0.0,1.5752004340254977e-10,0.0,0.0
1,random,213.0,12418,0,0.0,0.0,0.0,2,2,1.0596120241027692e-06,0.0,0.0,0.0,0.0
1,random_matched,213.0,12418,25,0.20132066355290706,6.070085763608201e-06,0.35206102391081123,22275,22275,0.48107096504962393,0.25365853658536586,0.006134547716841173,0.20132066355290706,0.35206102391081123
1,random,214.0,12418,0,0.0,0.0,0.0,2,2,2.2381956767345456e-05,0.0,0.0,0.0,0.0
1,random_matched,214.0,12418,0,0.0,0.0,0.0,32596,32596,0.006959606886045406,0.0,0.0,0.0,0.0
1,random,215.0,12418,0,0.0,0.0,0.0,3,3,3.823858125967829e-05,0.0,0.0,0.0,0.0
1,random_matched,215.0,12418,5,0.040264132710581414,1.2150756874133053e-06,0.044007627988851404,22775,22775,0.4743033437669734,0.04878048780487805,1.4560099731854937e-07,0.040264132710581414,0.044007627988851404
1,random,216.0,12418,0,0.0,0.0,0.0,6,6,4.15475215931739e-05,0.0,0.0,0.0,0.0
1,random_matched,216.0,12418,5,0.040264132710581414,1.2150756874133053e-06,0.044007627988851404,22775,22775,0.4743033437669734,0.04878048780487805,1.4560099731854937e-07,0.040264132710581414,0.044007627988851404
1,random,217.0,12418,0,0.0,0.0,0.0,2,2,7.430696979151066e-07,0.0,0.0,0.0,0.0
1,random_matched,217.0,12418,5,0.040264132710581414,1.2150756874133053e-06,0.044007627988851404,22775,22775,0.4743033437669734,0.04878048780487805,1.4560099731854937e-07,0.040264132710581414,0.044007627988851404
1,random,218.0,12418,0,0.0,0.0,0.0,2,2,7.779430050374761e-08,0.0,0.0,0.0,0.0
1,random_matched,218.0,12418,5,0.040264132710581414,1.2150756874133053e-06,0.044007627988851404,22775,22775,0.4743033437669734,0.04878048780487805,1.4560099731854937e-07,0.040264132710581414,0.044007627988851404
1,random,219.0,12418,0,0.0,0.0,0.0,1663,1663,0.004120519984533655,0.0,0.0,0.0,0.0
1,random_matched,219.0,12418,25,0.20132066355290706,6.070085763608201e-06,0.35206102391081123,22275,22275,0.48107096504962393,0.25365853658536586,0.006134547716841173,0.20132066355290706,0.35206102391081123
1,random,220.0,12418,0,0.0,0.0,0.0,3,3,1.1069592449266017e-05,0.0,0.0,0.0,0.0
1,random_matched,220.0,12418,5,0.040264132710581414,1.2150756874133053e-06,0.044007627988851404,22775,22775,0.4743033437669734,0.04878048780487805,1.4560099731854937e-07,0.040264132710581414,0.044007627988851404
1,random,221.0,12418,0,0.0,0.0,0.0,2,2,9.751113183831814e-07,0.0,0.0,0.0,0.0
1,random_matched,221.0,12418,0,0.0,0.0,0.0,24236,24236,0.018490401504566847,0.0,1.5752004340254977e-10,0.0,0.0
1,random,222.0,12418,0,0.0,0.0,0.0,64,64,2.7934860286061234e-05,0.0,0.0,0.0,0.0
1,random_matched,222.0,12418,0,0.0,0.0,0.0,30672,30672,0.0051780476578953405,0.0,0.0,0.0,0.0
1,random,223.0,12418,0,0.0,0.0,0.0,2,2,4.392695416375404e-06,0.0,0.0,0.0,0.0
1,random_matched,223.0,12418,5,0.040264132710581414,1.2150756874133053e-06,0.044007627988851404,22775,22775,0.4743033437669734,0.04878048780487805,1.4560099731854937e-07,0.040264132710581414,0.044007627988851404
1,random,224.0,12418,0,0.0,0.0,0.0,4,4,2.606109066875545e-06,0.0,0.0,0.0,0.0
1,random_matched,224.0,12418,0,0.0,0.0,0.0,24236,24236,0.018490401504566847,0.0,1.5752004340254977e-10,0.0,0.0
1,random,225.0,12418,0,0.0,0.0,0.0,2,2,3.166764542919795e-06,0.0,0.0,0.0,0.0
1,random_matched,225.0,12418,25,0.20132066355290706,6.070085763608201e-06,0.35206102391081123,22275,22275,0.48107096504962393,0.25365853658536586,0.006134547716841173,0.20132066355290706,0.35206102391081123
1,random,226.0,12418,0,0.0,0.0,0.0,2,2,2.7093877071994857e-07,0.0,0.0,0.0,0.0
1,random_matched,226.0,12418,25,0.20132066355290706,6.070085763608201e-06,0.35206102391081123,22275,22275,0.48107096504962393,0.25365853658536586,0.006134547716841173,0.20132066355290706,0.35206102391081123
1,random,227.0,12418,0,0.0,0.0,0.0,2,2,2.1405504167919106e-05,0.0,0.0,0.0,0.0
1,random_matched,227.0,12418,0,0.0,0.0,0.0,24236,24236,0.018490401504566847,0.0,1.5752004340254977e-10,0.0,0.0
1,random,228.0,12418,0,0.0,0.0,0.0,3,3,1.3183451373298885e-05,0.0,0.0,0.0,0.0
1,random_matched,228.0,12418,25,0.20132066355290706,6.070085763608201e-06,0.35206102391081123,22275,22275,0.48107096504962393,0.25365853658536586,0.006134547716841173,0.20132066355290706,0.35206102391081123
1,random,229.0,12418,0,0.0,0.0,0.0,58,58,0.010883896112682529,0.0,0.0,0.0,0.0
1,random_matched,229.0,12418,5,0.040264132710581414,1.2150756874133053e-06,0.044007627988851404,22775,22775,0.4743033437669734,0.04878048780487805,1.4560099731854937e-07,0.040264132710581414,0.044007627988851404
1,random,230.0,12418,0,0.0,0.0,0.0,13,13,0.006701375411928431,0.0,0.0,0.0,0.0
1,random_matched,230.0,12418,0,0.0,0.0,0.0,32596,32596,0.006959606886045406,0.0,0.0,0.0,0.0
1,random,231.0,12418,0,0.0,0.0,0.0,2,2,1.6658710556147335e-06,0.0,0.0,0.0,0.0
1,random_matched,231.0,12418,0,0.0,0.0,0.0,24236,24236,0.018490401504566847,0.0,1.5752004340254977e-10,0.0,0.0
1,random,232.0,12418,0,0.0,0.0,0.0,2,2,7.10878952879073e-08,0.0,0.0,0.0,0.0
1,random_matched,232.0,12418,0,0.0,0.0,0.0,24236,24236,0.018490401504566847,0.0,1.5752004340254977e-10,0.0,0.0
1,random,233.0,12418,0,0.0,0.0,0.0,372,372,0.0011645323924235477,0.0,0.0,0.0,0.0
1,random_matched,233.0,12418,0,0.0,0.0,0.0,32596,32596,0.006959606886045406,0.0,0.0,0.0,0.0
1,random,234.0,12418,0,0.0,0.0,0.0,4,4,3.668269524960334e-05,0.0,0.0,0.0,0.0
1,random_matched,234.0,12418,5,0.040264132710581414,1.2150756874133053e-06,0.044007627988851404,22775,22775,0.4743033437669734,0.04878048780487805,1.4560099731854937e-07,0.040264132710581414,0.044007627988851404
1,random,235.0,12418,0,0.0,0.0,0.0,2,2,1.606720561611022e-05,0.0,0.0,0.0,0.0
1,random_matched,235.0,12418,0,0.0,0.0,0.0,24236,24236,0.018490401504566847,0.0,1.5752004340254977e-10,0.0,0.0
1,random,236.0,12418,0,0.0,0.0,0.0,2,2,3.0728748698980307e-06,0.0,0.0,0.0,0.0
1,random_matched,236.0,12418,5,0.040264132710581414,1.2150756874133053e-06,0.044007627988851404,22775,22775,0.4743033437669734,0.04878048780487805,1.4560099731854937e-07,0.040264132710581414,0.044007627988851404
1,random,237.0,12418,0,0.0,0.0,0.0,2,2,4.488328754753287e-05,0.0,0.0,0.0,0.0
1,random_matched,237.0,12418,0,0.0,0.0,0.0,24236,24236,0.018490401504566847,0.0,1.5752004340254977e-10,0.0,0.0
1,random,238.0,12418,0,0.0,0.0,0.0,6,6,4.613067891767917e-05,0.0,5.531258706144103e-08,0.0,0.0
1,random_matched,238.0,12418,0,0.0,0.0,0.0,24236,24236,0.018490401504566847,0.0,1.5752004340254977e-10,0.0,0.0
1,random,239.0,12418,0,0.0,0.0,0.0,3,3,4.2659443577960224e-05,0.0,0.0,0.0,0.0
1,random_matched,239.0,12418,0,0.0,0.0,0.0,32596,32596,0.006959606886045406,0.0,0.0,0.0,0.0
1,random,240.0,12418,0,0.0,0.0,0.0,2,2,1.1583303088799386e-05,0.0,0.0,0.0,0.0
1,random_matched,240.0,12418,25,0.20132066355290706,6.070085763608201e-06,0.35206102391081123,22275,22275,0.48107096504962393,0.25365853658536586,0.006134547716841173,0.20132066355290706,0.35206102391081123
1,random,241.0,12418,0,0.0,0.0,0.0,2,2,1.9931436301477404e-06,0.0,0.0,0.0,0.0
1,random_matched,241.0,12418,0,0.0,0.0,0.0,30672,30672,0.0051780476578953405,0.0,0.0,0.0,0.0
1,random,242.0,12418,0,0.0,0.0,0.0,2,2,4.976152670153511e-07,0.0,0.0,0.0,0.0
1,random_matched,242.0,12418,0,0.0,0.0,0.0,32596,32596,0.006959606886045406,0.0,0.0,0.0,0.0
1,random,243.0,12418,0,0.0,0.0,0.0,2,2,6.800294888862076e-07,0.0,0.0,0.0,0.0
1,random_matched,243.0,12418,0,0.0,0.0,0.0,24236,24236,0.018490401504566847,0.0,1.5752004340254977e-10,0.0,0.0
1,random,244.0,12418,0,0.0,0.0,0.0,2,2,8.570785865843918e-07,0.0,0.0,0.0,0.0
1,random_matched,244.0,12418,0,0.0,0.0,0.0,32596,32596,0.006959606886045406,0.0,0.0,0.0,0.0
1,random,245.0,12418,0,0.0,0.0,0.0,2,2,2.7040225830268134e-06,0.0,0.0,0.0,0.0
1,random_matched,245.0,12418,0,0.0,0.0,0.0,24236,24236,0.018490401504566847,0.0,1.5752004340254977e-10,0.0,0.0
1,random,246.0,12418,0,0.0,0.0,0.0,2,2,2.776451759357889e-07,0.0,0.0,0.0,0.0
1,random_matched,246.0,12418,0,0.0,0.0,0.0,30672,30672,0.0051780476578953405,0.0,0.0,0.0,0.0
1,random,247.0,12418,0,0.0,0.0,0.0,2,2,0.0,0.0,0.0,0.0,0.0
1,random_matched,247.0,12418,25,0.20132066355290706,6.070085763608201e-06,0.35206102391081123,22275,22275,0.48107096504962393,0.25365853658536586,0.006134547716841173,0.20132066355290706,0.35206102391081123
1,random,248.0,12418,0,0.0,0.0,0.0,2,2,7.242917633107537e-08,0.0,0.0,0.0,0.0
1,random_matched,248.0,12418,25,0.20132066355290706,6.070085763608201e-06,0.35206102391081123,22275,22275,0.48107096504962393,0.25365853658536586,0.006134547716841173,0.20132066355290706,0.35206102391081123
1,random,249.0,12418,0,0.0,0.0,0.0,2,2,4.241130658497413e-06,0.0,0.0,0.0,0.0
1,random_matched,249.0,12418,5,0.040264132710581414,1.2150756874133053e-06,0.044007627988851404,22775,22775,0.4743033437669734,0.04878048780487805,1.4560099731854937e-07,0.040264132710581414,0.044007627988851404
1,random,250.0,12418,0,0.0,0.0,0.0,3,3,2.317733642594412e-06,0.0,0.0,0.0,0.0
1,random_matched,250.0,12418,0,0.0,0.0,0.0,30672,30672,0.0051780476578953405,0.0,0.0,0.0,0.0
1,random,251.0,12418,0,0.0,0.0,0.0,5,5,0.00012207669414394118,0.0,0.0,0.0,0.0
1,random_matched,251.0,12418,0,0.0,0.0,0.0,24236,24236,0.018490401504566847,0.0,1.5752004340254977e-10,0.0,0.0
1,random,252.0,12418,0,0.0,0.0,0.0,3,3,2.5081955507242766e-07,0.0,0.0,0.0,0.0
1,random_matched,252.0,12418,0,0.0,0.0,0.0,24236,24236,0.018490401504566847,0.0,1.5752004340254977e-10,0.0,0.0
1,random,253.0,12418,0,0.0,0.0,0.0,7,7,3.299551366193433e-07,0.0,0.0,0.0,0.0
1,random_matched,253.0,12418,0,0.0,0.0,0.0,30672,30672,0.0051780476578953405,0.0,0.0,0.0,0.0
1,random,254.0,12418,0,0.0,0.0,0.0,4,4,3.7668536816331864e-05,0.0,0.0,0.0,0.0
1,random_matched,254.0,12418,0,0.0,0.0,0.0,24236,24236,0.018490401504566847,0.0,1.5752004340254977e-10,0.0,0.0
1,random,255.0,12418,0,0.0,0.0,0.0,3,3,6.81102513720742e-06,0.0,0.0,0.0,0.0
1,random_matched,255.0,12418,5,0.040264132710581414,1.2150756874133053e-06,0.044007627988851404,22775,22775,0.4743033437669734,0.04878048780487805,1.4560099731854937e-07,0.040264132710581414,0.044007627988851404
1,random,256.0,12418,0,0.0,0.0,0.0,2,2,2.370043603277966e-06,0.0,0.0,0.0,0.0
1,random_matched,256.0,12418,25,0.20132066355290706,6.070085763608201e-06,0.35206102391081123,22275,22275,0.48107096504962393,0.25365853658536586,0.006134547716841173,0.20132066355290706,0.35206102391081123
1,random,257.0,12418,0,0.0,0.0,0.0,7,7,7.935018651382257e-06,0.0,0.0,0.0,0.0
1,random_matched,257.0,12418,25,0.20132066355290706,6.070085763608201e-06,0.35206102391081123,22275,22275,0.48107096504962393,0.25365853658536586,0.006134547716841173,0.20132066355290706,0.35206102391081123
1,random,258.0,12418,0,0.0,0.0,0.0,3,3,1.1321753285381614e-05,0.0,0.0,0.0,0.0
1,random_matched,258.0,12418,0,0.0,0.0,0.0,30672,30672,0.0051780476578953405,0.0,0.0,0.0,0.0
1,random,259.0,12418,0,0.0,0.0,0.0,2,2,1.9918023491045727e-06,0.0,0.0,0.0,0.0
1,random_matched,259.0,12418,0,0.0,0.0,0.0,24236,24236,0.018490401504566847,0.0,1.5752004340254977e-10,0.0,0.0
1,random,260.0,12418,0,0.0,0.0,0.0,35,35,0.00013156223368122574,0.0,0.0,0.0,0.0
1,random_matched,260.0,12418,5,0.040264132710581414,1.2150756874133053e-06,0.044007627988851404,22775,22775,0.4743033437669734,0.04878048780487805,1.4560099731854937e-07,0.040264132710581414,0.044007627988851404
1,random,261.0,12418,0,0.0,0.0,0.0,3,3,3.335765954358971e-06,0.0,0.0,0.0,0.0
1,random_matched,261.0,12418,0,0.0,0.0,0.0,30672,30672,0.0051780476578953405,0.0,0.0,0.0,0.0
1,random,262.0,12418,0,0.0,0.0,0.0,8,8,3.498597472999574e-05,0.00975609756097561,6.717037781899206e-08,0.0,0.0
1,random_matched,262.0,12418,5,0.040264132710581414,1.2150756874133053e-06,0.044007627988851404,22775,22775,0.4743033437669734,0.04878048780487805,1.4560099731854937e-07,0.040264132710581414,0.044007627988851404
1,random,263.0,12418,0,0.0,0.0,0.0,2,2,1.8321899049675732e-06,0.0,0.0,0.0,0.0
1,random_matched,263.0,12418,0,0.0,0.0,0.0,30672,30672,0.0051780476578953405,0.0,0.0,0.0,0.0
1,random,264.0,12418,0,0.0,0.0,0.0,3,3,0.00015618412979066185,0.0,0.0,0.0,0.0
1,random_matched,264.0,12418,0,0.0,0.0,0.0,30672,30672,0.0051780476578953405,0.0,0.0,0.0,0.0
1,random,265.0,12418,0,0.0,0.0,0.0,67,67,0.0003106769041858888,0.0,0.0,0.0,0.0
1,random_matched,265.0,12418,0,0.0,0.0,0.0,30672,30672,0.0051780476578953405,0.0,0.0,0.0,0.0
1,random,266.0,12418,0,0.0,0.0,0.0,3,3,9.791351615126855e-08,0.0,0.0,0.0,0.0
1,random_matched,266.0,12418,0,0.0,0.0,0.0,30672,30672,0.0051780476578953405,0.0,0.0,0.0,0.0
1,random,267.0,12418,0,0.0,0.0,0.0,3,3,1.1132632658294918e-07,0.0,0.0,0.0,0.0
1,random_matched,267.0,12418,0,0.0,0.0,0.0,24236,24236,0.018490401504566847,0.0,1.5752004340254977e-10,0.0,0.0
1,random,268.0,12418,0,0.0,0.0,0.0,50,50,0.0004741777220670324,0.00975609756097561,8.037725779194462e-07,0.0,0.0
1,random_matched,268.0,12418,5,0.040264132710581414,1.2150756874133053e-06,0.044007627988851404,22775,22775,0.4743033437669734,0.04878048780487805,1.4560099731854937e-07,0.040264132710581414,0.044007627988851404
1,random,269.0,12418,0,0.0,0.0,0.0,2,2,1.8241422187085648e-07,0.0,0.0,0.0,0.0
1,random_matched,269.0,12418,0,0.0,0.0,0.0,30672,30672,0.0051780476578953405,0.0,0.0,0.0,0.0
1,random,270.0,12418,0,0.0,0.0,0.0,5,5,3.1654232618766272e-06,0.0,0.0,0.0,0.0
1,random_matched,270.0,12418,0,0.0,0.0,0.0,30672,30672,0.0051780476578953405,0.0,0.0,0.0,0.0
1,random,271.0,12418,0,0.0,0.0,0.0,3,3,1.3520112915134067e-06,0.0,0.0,0.0,0.0
1,random_matched,271.0,12418,25,0.20132066355290706,6.070085763608201e-06,0.35206102391081123,22275,22275,0.48107096504962393,0.25365853658536586,0.006134547716841173,0.20132066355290706,0.35206102391081123
1,random,272.0,12418,0,0.0,0.0,0.0,2,2,6.359281681868417e-05,0.0,0.0,0.0,0.0
1,random_matched,272.0,12418,0,0.0,0.0,0.0,24236,24236,0.018490401504566847,0.0,1.5752004340254977e-10,0.0,0.0
1,random,273.0,12418,0,0.0,0.0,0.0,3,3,1.7530543234206575e-06,0.0,0.0,0.0,0.0
1,random_matched,273.0,12418,0,0.0,0.0,0.0,32596,32596,0.006959606886045406,0.0,0.0,0.0,0.0
1,random,274.0,12418,0,0.0,0.0,0.0,2,2,8.18181436332518e-08,0.0,0.0,0.0,0.0
1,random_matched,274.0,12418,5,0.040264132710581414,1.2150756874133053e-06,0.044007627988851404,22775,22775,0.4743033437669734,0.04878048780487805,1.4560099731854937e-07,0.040264132710581414,0.044007627988851404
1,random,275.0,12418,0,0.0,0.0,0.0,3,3,1.828166061838069e-06,0.0,0.0,0.0,0.0
1,random_matched,275.0,12418,5,0.040264132710581414,1.2150756874133053e-06,0.044007627988851404,22775,22775,0.4743033437669734,0.04878048780487805,1.4560099731854937e-07,0.040264132710581414,0.044007627988851404
1,random,276.0,12418,0,0.0,0.0,0.0,5,5,4.630102161016151e-06,0.0,0.0,0.0,0.0
1,random_matched,276.0,12418,5,0.040264132710581414,1.2150756874133053e-06,0.044007627988851404,22775,22775,0.4743033437669734,0.04878048780487805,1.4560099731854937e-07,0.040264132710581414,0.044007627988851404
1,random,277.0,12418,0,0.0,0.0,0.0,2,2,3.916540646050742e-07,0.0,0.0,0.0,0.0
1,random_matched,277.0,12418,0,0.0,0.0,0.0,24236,24236,0.018490401504566847,0.0,1.5752004340254977e-10,0.0,0.0
1,random,278.0,12418,0,0.0,0.0,0.0,2,2,2.3057962413102157e-05,0.0,0.0,0.0,0.0
1,random_matched,278.0,12418,25,0.20132066355290706,6.070085763608201e-06,0.35206102391081123,22275,22275,0.48107096504962393,0.25365853658536586,0.006134547716841173,0.20132066355290706,0.35206102391081123
1,random,279.0,12418,0,0.0,0.0,0.0,2,2,5.043216722311914e-07,0.0,0.0,0.0,0.0
1,random_matched,279.0,12418,0,0.0,0.0,0.0,32596,32596,0.006959606886045406,0.0,0.0,0.0,0.0
1,random,280.0,12418,0,0.0,0.0,0.0,3,3,2.2892984844792486e-05,0.0,0.0,0.0,0.0
1,random_matched,280.0,12418,5,0.040264132710581414,1.2150756874133053e-06,0.044007627988851404,22775,22775,0.4743033437669734,0.04878048780487805,1.4560099731854937e-07,0.040264132710581414,0.044007627988851404
1,random,281.0,12418,0,0.0,0.0,0.0,2,2,2.3606546359757897e-07,0.0,0.0,0.0,0.0
1,random_matched,281.0,12418,0,0.0,0.0,0.0,24236,24236,0.018490401504566847,0.0,1.5752004340254977e-10,0.0,0.0
1,random,282.0,12418,0,0.0,0.0,0.0,2,2,1.117287108958996e-06,0.0,0.0,0.0,0.0
1,random_matched,282.0,12418,25,0.20132066355290706,6.070085763608201e-06,0.35206102391081123,22275,22275,0.48107096504962393,0.25365853658536586,0.006134547716841173,0.20132066355290706,0.35206102391081123
1,random,283.0,12418,0,0.0,0.0,0.0,2,2,1.4512660887078434e-06,0.0,0.0,0.0,0.0
1,random_matched,283.0,12418,25,0.20132066355290706,6.070085763608201e-06,0.35206102391081123,22275,22275,0.48107096504962393,0.25365853658536586,0.006134547716841173,0.20132066355290706,0.35206102391081123
1,random,284.0,12418,0,0.0,0.0,0.0,2,2,1.4552899318373476e-06,0.0,0.0,0.0,0.0
1,random_matched,284.0,12418,25,0.20132066355290706,6.070085763608201e-06,0.35206102391081123,22275,22275,0.48107096504962393,0.25365853658536586,0.006134547716841173,0.20132066355290706,0.35206102391081123
1,random,285.0,12418,0,0.0,0.0,0.0,4,4,7.480324377748283e-06,0.0,0.0,0.0,0.0
1,random_matched,285.0,12418,0,0.0,0.0,0.0,32596,32596,0.006959606886045406,0.0,0.0,0.0,0.0
1,random,286.0,12418,0,0.0,0.0,0.0,3,3,1.1604763585490074e-05,0.0,0.0,0.0,0.0
1,random_matched,286.0,12418,0,0.0,0.0,0.0,24236,24236,0.018490401504566847,0.0,1.5752004340254977e-10,0.0,0.0
1,random,287.0,12418,0,0.0,0.0,0.0,3,3,4.6140067884981345e-07,0.0,0.0,0.0,0.0
1,random_matched,287.0,12418,5,0.040264132710581414,1.2150756874133053e-06,0.044007627988851404,22775,22775,0.4743033437669734,0.04878048780487805,1.4560099731854937e-07,0.040264132710581414,0.044007627988851404
1,random,288.0,12418,0,0.0,0.0,0.0,2,2,1.2970187687435163e-06,0.0,0.0,0.0,0.0
1,random_matched,288.0,12418,25,0.20132066355290706,6.070085763608201e-06,0.35206102391081123,22275,22275,0.48107096504962393,0.25365853658536586,0.006134547716841173,0.20132066355290706,0.35206102391081123
1,random,289.0,12418,0,0.0,0.0,0.0,2,2,1.636362872665036e-07,0.0,0.0,0.0,0.0
1,random_matched,289.0,12418,5,0.040264132710581414,1.2150756874133053e-06,0.044007627988851404,22775,22775,0.4743033437669734,0.04878048780487805,1.4560099731854937e-07,0.040264132710581414,0.044007627988851404
1,random,290.0,12418,0,0.0,0.0,0.0,4,4,5.485839466557375e-07,0.0,0.0,0.0,0.0
1,random_matched,290.0,12418,0,0.0,0.0,0.0,30672,30672,0.0051780476578953405,0.0,0.0,0.0,0.0
1,random,291.0,12418,0,0.0,0.0,0.0,3,3,7.430696979151066e-07,0.0,0.0,0.0,0.0
1,random_matched,291.0,12418,0,0.0,0.0,0.0,32596,32596,0.006959606886045406,0.0,0.0,0.0,0.0
1,random,292.0,12418,0,0.0,0.0,0.0,3,3,5.834572537781071e-07,0.0,0.0,0.0,0.0
1,random_matched,292.0,12418,25,0.20132066355290706,6.070085763608201e-06,0.35206102391081123,22275,22275,0.48107096504962393,0.25365853658536586,0.006134547716841173,0.20132066355290706,0.35206102391081123
1,random,293.0,12418,0,0.0,0.0,0.0,2,2,3.66169724784881e-06,0.0,0.0,0.0,0.0
1,random_matched,293.0,12418,25,0.20132066355290706,6.070085763608201e-06,0.35206102391081123,22275,22275,0.48107096504962393,0.25365853658536586,0.006134547716841173,0.20132066355290706,0.35206102391081123
1,random,294.0,12418,0,0.0,0.0,0.0,3,3,5.3114729309455265e-06,0.0,0.0,0.0,0.0
1,random_matched,294.0,12418,25,0.20132066355290706,6.070085763608201e-06,0.35206102391081123,22275,22275,0.48107096504962393,0.25365853658536586,0.006134547716841173,0.20132066355290706,0.35206102391081123
1,random,295.0,12418,0,0.0,0.0,0.0,2,2,2.308344675292235e-06,0.0,0.0,0.0,0.0
1,random_matched,295.0,12418,0,0.0,0.0,0.0,32596,32596,0.006959606886045406,0.0,0.0,0.0,0.0
1,random,296.0,12418,0,0.0,0.0,0.0,2,2,0.0033618122909362517,0.0,0.0,0.0,0.0
1,random_matched,296.0,12418,25,0.20132066355290706,6.070085763608201e-06,0.35206102391081123,22275,22275,0.48107096504962393,0.25365853658536586,0.006134547716841173,0.20132066355290706,0.35206102391081123
1,random,297.0,12418,0,0.0,0.0,0.0,5,5,1.5006252310964282e-05,0.0,0.0,0.0,0.0
1,random_matched,297.0,12418,0,0.0,0.0,0.0,32596,32596,0.006959606886045406,0.0,0.0,0.0,0.0
1,random,298.0,12418,0,0.0,0.0,0.0,4,4,3.4162428169490546e-06,0.0,0.0,0.0,0.0
1,random_matched,298.0,12418,0,0.0,0.0,0.0,24236,24236,0.018490401504566847,0.0,1.5752004340254977e-10,0.0,0.0
1,random,299.0,12418,0,0.0,0.0,0.0,2,2,2.561846792450999e-07,0.0,0.0,0.0,0.0
1,random_matched,299.0,12418,25,0.20132066355290706,6.070085763608201e-06,0.35206102391081123,22275,22275,0.48107096504962393,0.25365853658536586,0.006134547716841173,0.20132066355290706,0.35206102391081123
1,random,300.0,12418,0,0.0,0.0,0.0,2,2,2.8783891186386615e-06,0.0,0.0,0.0,0.0
1,random_matched,300.0,12418,25,0.20132066355290706,6.070085763608201e-06,0.35206102391081123,22275,22275,0.48107096504962393,0.25365853658536586,0.006134547716841173,0.20132066355290706,0.35206102391081123
1,random,301.0,12418,0,0.0,0.0,0.0,5,5,2.4057216790262364e-05,0.0,0.0,0.0,0.0
1,random_matched,301.0,12418,0,0.0,0.0,0.0,24236,24236,0.018490401504566847,0.0,1.5752004340254977e-10,0.0,0.0
1,random,302.0,12418,0,0.0,0.0,0.0,4,4,5.622650132960517e-06,0.0,0.0,0.0,0.0
1,random_matched,302.0,12418,25,0.20132066355290706,6.070085763608201e-06,0.35206102391081123,22275,22275,0.48107096504962393,0.25365853658536586,0.006134547716841173,0.20132066355290706,0.35206102391081123
1,random,303.0,12418,0,0.0,0.0,0.0,3,3,1.2567803374484744e-06,0.0,0.0,0.0,0.0
1,random_matched,303.0,12418,0,0.0,0.0,0.0,30672,30672,0.0051780476578953405,0.0,0.0,0.0,0.0
1,random,304.0,12418,0,0.0,0.0,0.0,2,2,4.935914238858469e-07,0.0,0.0,0.0,0.0
1,random_matched,304.0,12418,0,0.0,0.0,0.0,24236,24236,0.018490401504566847,0.0,1.5752004340254977e-10,0.0,0.0
1,random,305.0,12418,0,0.0,0.0,0.0,8,8,2.1802523356696853e-05,0.0,0.0,0.0,0.0
1,random_matched,305.0,12418,25,0.20132066355290706,6.070085763608201e-06,0.35206102391081123,22275,22275,0.48107096504962393,0.25365853658536586,0.006134547716841173,0.20132066355290706,0.35206102391081123
1,random,306.0,12418,0,0.0,0.0,0.0,2,2,5.767508485622668e-08,0.0,0.0,0.0,0.0
1,random_matched,306.0,12418,0,0.0,0.0,0.0,32596,32596,0.006959606886045406,0.0,0.0,0.0,0.0
1,random,307.0,12418,0,0.0,0.0,0.0,3,3,0.002461455930212999,0.0,0.0,0.0,0.0
1,random_matched,307.0,12418,25,0.20132066355290706,6.070085763608201e-06,0.35206102391081123,22275,22275,0.48107096504962393,0.25365853658536586,0.006134547716841173,0.20132066355290706,0.35206102391081123
1,random,308.0,12418,0,0.0,0.0,0.0,4,4,1.7899395521077793e-05,0.0,0.0,0.0,0.0
1,random_matched,308.0,12418,25,0.20132066355290706,6.070085763608201e-06,0.35206102391081123,22275,22275,0.48107096504962393,0.25365853658536586,0.006134547716841173,0.20132066355290706,0.35206102391081123
1,random,309.0,12418,0,0.0,0.0,0.0,3,3,6.4381490072067e-08,0.0,0.0,0.0,0.0
1,random_matched,309.0,12418,0,0.0,0.0,0.0,30672,30672,0.0051780476578953405,0.0,0.0,0.0,0.0
1,random,310.0,12418,0,0.0,0.0,0.0,6,6,5.393693458891729e-05,0.0,0.0,0.0,0.0
1,random_matched,310.0,12418,0,0.0,0.0,0.0,24236,24236,0.018490401504566847,0.0,1.5752004340254977e-10,0.0,0.0
1,random,311.0,12418,1,0.008052826542116283,2.0091802705259378e-07,0.014669209329617133,4081,4081,0.08874047229526444,0.01951219512195122,1.0376301076733383e-07,0.008052826542116283,0.014669209329617133
1,random_matched,311.0,12418,0,0.0,0.0,0.0,32596,32596,0.006959606886045406,0.0,0.0,0.0,0.0
1,random,312.0,12418,0,0.0,0.0,0.0,3,3,1.5438144806864397e-06,0.0,0.0,0.0,0.0
1,random_matched,312.0,12418,0,0.0,0.0,0.0,24236,24236,0.018490401504566847,0.0,1.5752004340254977e-10,0.0,0.0
1,random,313.0,12418,0,0.0,0.0,0.0,37,37,3.55882099183782e-05,0.0,0.0,0.0,0.0
1,random_matched,313.0,12418,25,0.20132066355290706,6.070085763608201e-06,0.35206102391081123,22275,22275,0.48107096504962393,0.25365853658536586,0.006134547716841173,0.20132066355290706,0.35206102391081123
1,random,314.0,12418,0,0.0,0.0,0.0,3,3,1.248732651189466e-06,0.0,0.0,0.0,0.0
1,random_matched,314.0,12418,5,0.040264132710581414,1.2150756874133053e-06,0.044007627988851404,22775,22775,0.4743033437669734,0.04878048780487805,1.4560099731854937e-07,0.040264132710581414,0.044007627988851404
1,random,315.0,12418,0,0.0,0.0,0.0,5,5,2.0630243724967966e-05,0.0,0.0,0.0,0.0
1,random_matched,315.0,12418,25,0.20132066355290706,6.070085763608201e-06,0.35206102391081123,22275,22275,0.48107096504962393,0.25365853658536586,0.006134547716841173,0.20132066355290706,0.35206102391081123
1,random,316.0,12418,0,0.0,0.0,0.0,2,2,1.0557223090775819e-05,0.0,0.0,0.0,0.0
1,random_matched,316.0,12418,5,0.040264132710581414,1.2150756874133053e-06,0.044007627988851404,22775,22775,0.4743033437669734,0.04878048780487805,1.4560099731854937e-07,0.040264132710581414,0.044007627988851404
1,random,317.0,12418,0,0.0,0.0,0.0,5,5,4.922501428426789e-07,0.0,0.0,0.0,0.0
1,random_matched,317.0,12418,5,0.040264132710581414,1.2150756874133053e-06,0.044007627988851404,22775,22775,0.4743033437669734,0.04878048780487805,1.4560099731854937e-07,0.040264132710581414,0.044007627988851404
1,random,318.0,12418,0,0.0,0.0,0.0,5,5,4.7733509764265e-05,0.0,0.0,0.0,0.0
1,random_matched,318.0,12418,5,0.040264132710581414,1.2150756874133053e-06,0.044007627988851404,22775,22775,0.4743033437669734,0.04878048780487805,1.4560099731854937e-07,0.040264132710581414,0.044007627988851404
1,random,319.0,12418,0,0.0,0.0,0.0,35,35,0.0008461444635204857,0.0,0.0,0.0,0.0
1,random_matched,319.0,12418,0,0.0,0.0,0.0,30672,30672,0.0051780476578953405,0.0,0.0,0.0,0.0
1,random,320.0,12418,0,0.0,0.0,0.0,4,4,1.1928012316893578e-05,0.0,0.0,0.0,0.0
1,random_matched,320.0,12418,5,0.040264132710581414,1.2150756874133053e-06,0.044007627988851404,22775,22775,0.4743033437669734,0.04878048780487805,1.4560099731854937e-07,0.040264132710581414,0.044007627988851404
1,random,321.0,12418,0,0.0,0.0,0.0,2,2,4.064081560799229e-07,0.0,0.0,0.0,0.0
1,random_matched,321.0,12418,25,0.20132066355290706,6.070085763608201e-06,0.35206102391081123,22275,22275,0.48107096504962393,0.25365853658536586,0.006134547716841173,0.20132066355290706,0.35206102391081123
1,random,322.0,12418,0,0.0,0.0,0.0,2,2,1.3815194744631042e-07,0.0,0.0,0.0,0.0
1,random_matched,322.0,12418,0,0.0,0.0,0.0,30672,30672,0.0051780476578953405,0.0,0.0,0.0,0.0
1,random,323.0,12418,0,0.0,0.0,0.0,6,6,3.2579716538552233e-06,0.0,0.0,0.0,0.0
1,random_matched,323.0,12418,0,0.0,0.0,0.0,30672,30672,0.0051780476578953405,0.0,0.0,0.0,0.0
1,random,324.0,12418,0,0.0,0.0,0.0,14,14,2.395125558785209e-05,0.0,0.0,0.0,0.0
1,random_matched,324.0,12418,0,0.0,0.0,0.0,30672,30672,0.0051780476578953405,0.0,0.0,0.0,0.0
1,random,325.0,12418,0,0.0,0.0,0.0,2,2,1.8388963101834134e-06,0.0,0.0,0.0,0.0
1,random_matched,325.0,12418,0,0.0,0.0,0.0,24236,24236,0.018490401504566847,0.0,1.5752004340254977e-10,0.0,0.0
1,random,326.0,12418,0,0.0,0.0,0.0,2,2,7.57957917494272e-06,0.0,0.0,0.0,0.0
1,random_matched,326.0,12418,0,0.0,0.0,0.0,32596,32596,0.006959606886045406,0.0,0.0,0.0,0.0
1,random,327.0,12418,0,0.0,0.0,0.0,2,2,1.850967839571926e-06,0.0,0.0,0.0,0.0
1,random_matched,327.0,12418,25,0.20132066355290706,6.070085763608201e-06,0.35206102391081123,22275,22275,0.48107096504962393,0.25365853658536586,0.006134547716841173,0.20132066355290706,0.35206102391081123
1,random,328.0,12418,0,0.0,0.0,0.0,2,2,1.0117282908616694e-05,0.0,0.0,0.0,0.0
1,random_matched,328.0,12418,5,0.040264132710581414,1.2150756874133053e-06,0.044007627988851404,22775,22775,0.4743033437669734,0.04878048780487805,1.4560099731854937e-07,0.040264132710581414,0.044007627988851404
1,random,329.0,12418,0,0.0,0.0,0.0,3,3,0.0013442506393976364,0.0,0.0,0.0,0.0
1,random_matched,329.0,12418,0,0.0,0.0,0.0,30672,30672,0.0051780476578953405,0.0,0.0,0.0,0.0
1,random,330.0,12418,0,0.0,0.0,0.0,2,2,1.770490976981842e-07,0.0,0.0,0.0,0.0
1,random_matched,330.0,12418,5,0.040264132710581414,1.2150756874133053e-06,0.044007627988851404,22775,22775,0.4743033437669734,0.04878048780487805,1.4560099731854937e-07,0.040264132710581414,0.044007627988851404
1,random,331.0,12418,0,0.0,0.0,0.0,5,5,2.2121748244970853e-05,0.0,0.0,0.0,0.0
1,random_matched,331.0,12418,0,0.0,0.0,0.0,30672,30672,0.0051780476578953405,0.0,0.0,0.0,0.0
1,random,332.0,12418,0,0.0,0.0,0.0,2,2,7.497761031309468e-07,0.0,0.0,0.0,0.0
1,random_matched,332.0,12418,0,0.0,0.0,0.0,32596,32596,0.006959606886045406,0.0,0.0,0.0,0.0
1,random,333.0,12418,0,0.0,0.0,0.0,2,2,0.0,0.0,0.0,0.0,0.0
1,random_matched,333.0,12418,5,0.040264132710581414,1.2150756874133053e-06,0.044007627988851404,22775,22775,0.4743033437669734,0.04878048780487805,1.4560099731854937e-07,0.040264132710581414,0.044007627988851404
1,random,334.0,12418,0,0.0,0.0,0.0,82,82,0.00016908054702072277,0.0,0.0,0.0,0.0
1,random_matched,334.0,12418,0,0.0,0.0,0.0,24236,24236,0.018490401504566847,0.0,1.5752004340254977e-10,0.0,0.0
1,random,335.0,12418,0,0.0,0.0,0.0,2,2,1.1937401284195754e-07,0.0,0.0,0.0,0.0
1,random_matched,335.0,12418,0,0.0,0.0,0.0,30672,30672,0.0051780476578953405,0.0,0.0,0.0,0.0
1,random,336.0,12418,0,0.0,0.0,0.0,2,2,2.105811237773858e-07,0.0,0.0,0.0,0.0
1,random_matched,336.0,12418,5,0.040264132710581414,1.2150756874133053e-06,0.044007627988851404,22775,22775,0.4743033437669734,0.04878048780487805,1.4560099731854937e-07,0.040264132710581414,0.044007627988851404
1,random,337.0,12418,0,0.0,0.0,0.0,3,3,1.314455422304701e-07,0.0,0.0,0.0,0.0
1,random_matched,337.0,12418,0,0.0,0.0,0.0,32596,32596,0.006959606886045406,0.0,0.0,0.0,0.0
1,random,338.0,12418,0,0.0,0.0,0.0,2,2,2.6557364654727636e-07,0.0,0.0,0.0,0.0
1,random_matched,338.0,12418,25,0.20132066355290706,6.070085763608201e-06,0.35206102391081123,22275,22275,0.48107096504962393,0.25365853658536586,0.006134547716841173,0.20132066355290706,0.35206102391081123
1,random,339.0,12418,0,0.0,0.0,0.0,2,2,7.71102471717319e-06,0.0,0.0,0.0,0.0
1,random_matched,339.0,12418,0,0.0,0.0,0.0,30672,30672,0.0051780476578953405,0.0,0.0,0.0,0.0
1,random,340.0,12418,0,0.0,0.0,0.0,2,2,1.1253347952180042e-06,0.0,0.0,0.0,0.0
1,random_matched,340.0,12418,5,0.040264132710581414,1.2150756874133053e-06,0.044007627988851404,22775,22775,0.4743033437669734,0.04878048780487805,1.4560099731854937e-07,0.040264132710581414,0.044007627988851404
1,random,341.0,12418,0,0.0,0.0,0.0,2,2,6.88077175145216e-07,0.0,0.0,0.0,0.0
1,random_matched,341.0,12418,25,0.20132066355290706,6.070085763608201e-06,0.35206102391081123,22275,22275,0.48107096504962393,0.25365853658536586,0.006134547716841173,0.20132066355290706,0.35206102391081123
1,random,342.0,12418,0,0.0,0.0,0.0,2,2,4.488328754753287e-05,0.0,0.0,0.0,0.0
1,random_matched,342.0,12418,0,0.0,0.0,0.0,24236,24236,0.018490401504566847,0.0,1.5752004340254977e-10,0.0,0.0
1,random,343.0,12418,0,0.0,0.0,0.0,15,15,0.0027088646075926503,0.0,0.0,0.0,0.0
1,random_matched,343.0,12418,25,0.20132066355290706,6.070085763608201e-06,0.35206102391081123,22275,22275,0.48107096504962393,0.25365853658536586,0.006134547716841173,0.20132066355290706,0.35206102391081123
1,random,344.0,12418,0,0.0,0.0,0.0,2,2,7.108789528790731e-07,0.0,0.0,0.0,0.0
1,random_matched,344.0,12418,25,0.20132066355290706,6.070085763608201e-06,0.35206102391081123,22275,22275,0.48107096504962393,0.25365853658536586,0.006134547716841173,0.20132066355290706,0.35206102391081123
1,random,345.0,12418,0,0.0,0.0,0.0,297,297,0.0006265874870022193,0.0,0.0,0.0,0.0
1,random_matched,345.0,12418,25,0.20132066355290706,6.070085763608201e-06,0.35206102391081123,22275,22275,0.48107096504962393,0.25365853658536586,0.006134547716841173,0.20132066355290706,0.35206102391081123
1,random,346.0,12418,0,0.0,0.0,0.0,3,3,2.4648721730299482e-05,0.0,0.0,0.0,0.0
1,random_matched,346.0,12418,0,0.0,0.0,0.0,30672,30672,0.0051780476578953405,0.0,0.0,0.0,0.0
1,random,347.0,12418,0,0.0,0.0,0.0,2,2,0.0,0.0,0.0,0.0,0.0
1,random_matched,347.0,12418,0,0.0,0.0,0.0,30672,30672,0.0051780476578953405,0.0,0.0,0.0,0.0
1,random,348.0,12418,0,0.0,0.0,0.0,2,2,2.5886724133143604e-07,0.0,0.0,0.0,0.0
1,random_matched,348.0,12418,0,0.0,0.0,0.0,30672,30672,0.0051780476578953405,0.0,0.0,0.0,0.0
1,random,349.0,12418,0,0.0,0.0,0.0,2,2,1.7101333300392794e-06,0.0,0.0,0.0,0.0
1,random_matched,349.0,12418,0,0.0,0.0,0.0,30672,30672,0.0051780476578953405,0.0,0.0,0.0,0.0
1,random,350.0,12418,0,0.0,0.0,0.0,5,5,8.61102429713896e-06,0.0,0.0,0.0,0.0
1,random_matched,350.0,12418,5,0.040264132710581414,1.2150756874133053e-06,0.044007627988851404,22775,22775,0.4743033437669734,0.04878048780487805,1.4560099731854937e-07,0.040264132710581414,0.044007627988851404
1,random,351.0,12418,0,0.0,0.0,0.0,2,2,4.037255939935868e-07,0.0,0.0,0.0,0.0
1,random_matched,351.0,12418,25,0.20132066355290706,6.070085763608201e-06,0.35206102391081123,22275,22275,0.48107096504962393,0.25365853658536586,0.006134547716841173,0.20132066355290706,0.35206102391081123
1,random,352.0,12418,0,0.0,0.0,0.0,4,4,5.03583967657449e-05,0.0,0.0,0.0,0.0
1,random_matched,352.0,12418,0,0.0,0.0,0.0,30672,30672,0.0051780476578953405,0.0,0.0,0.0,0.0
1,random,353.0,12418,0,0.0,0.0,0.0,3,3,2.154097355327908e-06,0.0,0.0,0.0,0.0
1,random_matched,353.0,12418,25,0.20132066355290706,6.070085763608201e-06,0.35206102391081123,22275,22275,0.48107096504962393,0.25365853658536586,0.006134547716841173,0.20132066355290706,0.35206102391081123
1,random,354.0,12418,0,0.0,0.0,0.0,3,3,7.3971649530718635e-06,0.0,0.0,0.0,0.0
1,random_matched,354.0,12418,25,0.20132066355290706,6.070085763608201e-06,0.35206102391081123,22275,22275,0.48107096504962393,0.25365853658536586,0.006134547716841173,0.20132066355290706,0.35206102391081123
1,random,355.0,12418,0,0.0,0.0,0.0,2,2,2.133978139680387e-06,0.0,0.0,0.0,0.0
1,random_matched,355.0,12418,0,0.0,0.0,0.0,30672,30672,0.0051780476578953405,0.0,0.0,0.0,0.0
1,random,356.0,12418,0,0.0,0.0,0.0,86,86,0.0017191990486100524,0.0,1.0088739347865083e-10,0.0,0.0
1,random_matched,356.0,12418,0,0.0,0.0,0.0,30672,30672,0.0051780476578953405,0.0,0.0,0.0,0.0
1,random,357.0,12418,0,0.0,0.0,0.0,2,2,8.906106126635934e-07,0.0,0.0,0.0,0.0
1,random_matched,357.0,12418,0,0.0,0.0,0.0,30672,30672,0.0051780476578953405,0.0,0.0,0.0,0.0
1,random,358.0,12418,0,0.0,0.0,0.0,106,106,0.00037096614579525,0.0,0.0,0.0,0.0
1,random_matched,358.0,12418,25,0.20132066355290706,6.070085763608201e-06,0.35206102391081123,22275,22275,0.48107096504962393,0.25365853658536586,0.006134547716841173,0.20132066355290706,0.35206102391081123
1,random,359.0,12418,0,0.0,0.0,0.0,20,20,0.0002470800635240751,0.0,0.0,0.0,0.0
1,random_matched,359.0,12418,0,0.0,0.0,0.0,24236,24236,0.018490401504566847,0.0,1.5752004340254977e-10,0.0,0.0
1,random,360.0,12418,0,0.0,0.0,0.0,3,3,9.20655308030558e-06,0.0,0.0,0.0,0.0
1,random_matched,360.0,12418,5,0.040264132710581414,1.2150756874133053e-06,0.044007627988851404,22775,22775,0.4743033437669734,0.04878048780487805,1.4560099731854937e-07,0.040264132710581414,0.044007627988851404
1,random,361.0,12418,0,0.0,0.0,0.0,2,2,3.768999731302255e-07,0.0,0.0,0.0,0.0
1,random_matched,361.0,12418,0,0.0,0.0,0.0,30672,30672,0.0051780476578953405,0.0,0.0,0.0,0.0
1,random,362.0,12418,0,0.0,0.0,0.0,2,2,1.636362872665036e-07,0.0,0.0,0.0,0.0
1,random_matched,362.0,12418,0,0.0,0.0,0.0,32596,32596,0.006959606886045406,0.0,0.0,0.0,0.0
1,random,363.0,12418,0,0.0,0.0,0.0,3,3,8.396419330232069e-07,0.0,0.0,0.0,0.0
1,random_matched,363.0,12418,5,0.040264132710581414,1.2150756874133053e-06,0.044007627988851404,22775,22775,0.4743033437669734,0.04878048780487805,1.4560099731854937e-07,0.040264132710581414,0.044007627988851404
1,random,364.0,12418,0,0.0,0.0,0.0,2,2,2.4008930672708313e-07,0.0,0.0,0.0,0.0
1,random_matched,364.0,12418,0,0.0,0.0,0.0,32596,32596,0.006959606886045406,0.0,0.0,0.0,0.0
1,random,365.0,12418,0,0.0,0.0,0.0,5,5,1.201653686574267e-05,0.0,0.0,0.0,0.0
1,random_matched,365.0,12418,25,0.20132066355290706,6.070085763608201e-06,0.35206102391081123,22275,22275,0.48107096504962393,0.25365853658536586,0.006134547716841173,0.20132066355290706,0.35206102391081123
1,random,366.0,12418,0,0.0,0.0,0.0,2,2,0.0011199093133983894,0.0,0.0,0.0,0.0
1,random_matched,366.0,12418,0,0.0,0.0,0.0,32596,32596,0.006959606886045406,0.0,0.0,0.0,0.0
1,random,367.0,12418,0,0.0,0.0,0.0,2,2,2.5564816682783266e-06,0.0,0.0,0.0,0.0
1,random_matched,367.0,12418,0,0.0,0.0,0.0,30672,30672,0.0051780476578953405,0.0,0.0,0.0,0.0
1,random,368.0,12418,0,0.0,0.0,0.0,2,2,0.0,0.0,0.0,0.0,0.0
1,random_matched,368.0,12418,0,0.0,0.0,0.0,30672,30672,0.0051780476578953405,0.0,0.0,0.0,0.0
1,random,369.0,12418,0,0.0,0.0,0.0,8,8,6.701308347876272e-05,0.0,0.0,0.0,0.0
1,random_matched,369.0,12418,25,0.20132066355290706,6.070085763608201e-06,0.35206102391081123,22275,22275,0.48107096504962393,0.25365853658536586,0.006134547716841173,0.20132066355290706,0.35206102391081123
1,random,370.0,12418,0,0.0,0.0,0.0,2,2,4.560355546771412e-08,0.0,0.0,0.0,0.0
1,random_matched,370.0,12418,5,0.040264132710581414,1.2150756874133053e-06,0.044007627988851404,22775,22775,0.4743033437669734,0.04878048780487805,1.4560099731854937e-07,0.040264132710581414,0.044007627988851404
1,random,371.0,12418,0,0.0,0.0,0.0,49,49,0.0009663903090405025,0.0,0.0,0.0,0.0
1,random_matched,371.0,12418,0,0.0,0.0,0.0,30672,30672,0.0051780476578953405,0.0,0.0,0.0,0.0
1,random,372.0,12418,0,0.0,0.0,0.0,2,2,3.715348489575533e-07,0.0,0.0,0.0,0.0
1,random_matched,372.0,12418,25,0.20132066355290706,6.070085763608201e-06,0.35206102391081123,22275,22275,0.48107096504962393,0.25365853658536586,0.006134547716841173,0.20132066355290706,0.35206102391081123
1,random,373.0,12418,0,0.0,0.0,0.0,2,2,4.774960513678301e-07,0.0,0.0,0.0,0.0
1,random_matched,373.0,12418,5,0.040264132710581414,1.2150756874133053e-06,0.044007627988851404,22775,22775,0.4743033437669734,0.04878048780487805,1.4560099731854937e-07,0.040264132710581414,0.044007627988851404
1,random,374.0,12418,0,0.0,0.0,0.0,2,2,8.450070571958792e-08,0.0,0.0,0.0,0.0
1,random_matched,374.0,12418,0,0.0,0.0,0.0,32596,32596,0.006959606886045406,0.0,0.0,0.0,0.0
1,random,375.0,12418,0,0.0,0.0,0.0,2,2,1.3742765568299967e-05,0.0,0.0,0.0,0.0
1,random_matched,375.0,12418,5,0.040264132710581414,1.2150756874133053e-06,0.044007627988851404,22775,22775,0.4743033437669734,0.04878048780487805,1.4560099731854937e-07,0.040264132710581414,0.044007627988851404
1,random,376.0,12418,0,0.0,0.0,0.0,2,2,1.9046190812986485e-07,0.0,0.0,0.0,0.0
1,random_matched,376.0,12418,0,0.0,0.0,0.0,24236,24236,0.018490401504566847,0.0,1.5752004340254977e-10,0.0,0.0
1,random,377.0,12418,0,0.0,0.0,0.0,2,2,1.055588180973265e-06,0.0,0.0,0.0,0.0
1,random_matched,377.0,12418,0,0.0,0.0,0.0,30672,30672,0.0051780476578953405,0.0,0.0,0.0,0.0
1,random,378.0,12418,0,0.0,0.0,0.0,3,3,8.478237473865322e-06,0.0,0.0,0.0,0.0
1,random_matched,378.0,12418,0,0.0,0.0,0.0,24236,24236,0.018490401504566847,0.0,1.5752004340254977e-10,0.0,0.0
1,random,379.0,12418,0,0.0,0.0,0.0,2,2,8.315942467641986e-07,0.0,0.0,0.0,0.0
1,random_matched,379.0,12418,25,0.20132066355290706,6.070085763608201e-06,0.35206102391081123,22275,22275,0.48107096504962393,0.25365853658536586,0.006134547716841173,0.20132066355290706,0.35206102391081123
1,random,380.0,12418,0,0.0,0.0,0.0,5,5,4.301488305439976e-06,0.0,0.0,0.0,0.0
1,random_matched,380.0,12418,0,0.0,0.0,0.0,30672,30672,0.0051780476578953405,0.0,0.0,0.0,0.0
1,random,381.0,12418,0,0.0,0.0,0.0,3,3,3.811920724683633e-06,0.0,0.0,0.0,0.0
1,random_matched,381.0,12418,5,0.040264132710581414,1.2150756874133053e-06,0.044007627988851404,22775,22775,0.4743033437669734,0.04878048780487805,1.4560099731854937e-07,0.040264132710581414,0.044007627988851404
1,random,382.0,12418,0,0.0,0.0,0.0,3,3,4.740087206555932e-06,0.0,0.0,0.0,0.0
1,random_matched,382.0,12418,0,0.0,0.0,0.0,30672,30672,0.0051780476578953405,0.0,0.0,0.0,0.0
1,random,383.0,12418,0,0.0,0.0,0.0,3,3,1.6334120543700662e-05,0.0,0.0,0.0,0.0
1,random_matched,383.0,12418,0,0.0,0.0,0.0,32596,32596,0.006959606886045406,0.0,0.0,0.0,0.0
1,random,384.0,12418,0,0.0,0.0,0.0,2,2,1.4818472964920752e-05,0.0,0.0,0.0,0.0
1,random_matched,384.0,12418,0,0.0,0.0,0.0,24236,24236,0.018490401504566847,0.0,1.5752004340254977e-10,0.0,0.0
1,random,385.0,12418,0,0.0,0.0,0.0,3,3,1.5577638035353877e-05,0.0,0.0,0.0,0.0
1,random_matched,385.0,12418,0,0.0,0.0,0.0,30672,30672,0.0051780476578953405,0.0,0.0,0.0,0.0
1,random,386.0,12418,0,0.0,0.0,0.0,5,5,1.4230991868013141e-06,0.0,0.0,0.0,0.0
1,random_matched,386.0,12418,0,0.0,0.0,0.0,30672,30672,0.0051780476578953405,0.0,0.0,0.0,0.0
1,random,387.0,12418,0,0.0,0.0,0.0,2,2,1.8885237087806317e-06,0.0,0.0,0.0,0.0
1,random_matched,387.0,12418,0,0.0,0.0,0.0,30672,30672,0.0051780476578953405,0.0,0.0,0.0,0.0
1,random,388.0,12418,0,0.0,0.0,0.0,2,2,5.230996068355443e-07,0.0,0.0,0.0,0.0
1,random_matched,388.0,12418,0,0.0,0.0,0.0,32596,32596,0.006959606886045406,0.0,0.0,0.0,0.0
1,random,389.0,12418,0,0.0,0.0,0.0,2,2,1.743665356118481e-07,0.0,0.0,0.0,0.0
1,random_matched,389.0,12418,0,0.0,0.0,0.0,32596,32596,0.006959606886045406,0.0,0.0,0.0,0.0
1,random,390.0,12418,0,0.0,0.0,0.0,2,2,3.773157702536076e-05,0.0,0.0,0.0,0.0
1,random_matched,390.0,12418,25,0.20132066355290706,6.070085763608201e-06,0.35206102391081123,22275,22275,0.48107096504962393,0.25365853658536586,0.006134547716841173,0.20132066355290706,0.35206102391081123
1,random,391.0,12418,0,0.0,0.0,0.0,21,21,2.1192240482055384e-05,0.0,0.0,0.0,0.0
1,random_matched,391.0,12418,0,0.0,0.0,0.0,32596,32596,0.006959606886045406,0.0,0.0,0.0,0.0
1,random,392.0,12418,0,0.0,0.0,0.0,2,2,1.0918027691388027e-06,0.0,0.0,0.0,0.0
1,random_matched,392.0,12418,0,0.0,0.0,0.0,30672,30672,0.0051780476578953405,0.0,0.0,0.0,0.0
1,random,393.0,12418,0,0.0,0.0,0.0,63,63,0.004080108527984044,0.0,0.0,0.0,0.0
1,random_matched,393.0,12418,0,0.0,0.0,0.0,30672,30672,0.0051780476578953405,0.0,0.0,0.0,0.0
1,random,394.0,12418,0,0.0,0.0,0.0,2,2,7.615793763108258e-06,0.0,0.0,0.0,0.0
1,random_matched,394.0,12418,25,0.20132066355290706,6.070085763608201e-06,0.35206102391081123,22275,22275,0.48107096504962393,0.25365853658536586,0.006134547716841173,0.20132066355290706,0.35206102391081123
1,random,395.0,12418,0,0.0,0.0,0.0,2,2,4.385989011159564e-07,0.0,0.0,0.0,0.0
1,random_matched,395.0,12418,0,0.0,0.0,0.0,32596,32596,0.006959606886045406,0.0,0.0,0.0,0.0
1,random,396.0,12418,0,0.0,0.0,0.0,2,2,2.7885232887464015e-06,0.0,0.0,0.0,0.0
1,random_matched,396.0,12418,0,0.0,0.0,0.0,30672,30672,0.0051780476578953405,0.0,0.0,0.0,0.0
1,random,397.0,12418,0,0.0,0.0,0.0,4,4,9.20024905940269e-05,0.0,0.0,0.0,0.0
1,random_matched,397.0,12418,0,0.0,0.0,0.0,24236,24236,0.018490401504566847,0.0,1.5752004340254977e-10,0.0,0.0
1,random,398.0,12418,0,0.0,0.0,0.0,23,23,0.00022030809390244057,0.0,0.0,0.0,0.0
1,random_matched,398.0,12418,5,0.040264132710581414,1.2150756874133053e-06,0.044007627988851404,22775,22775,0.4743033437669734,0.04878048780487805,1.4560099731854937e-07,0.040264132710581414,0.044007627988851404
1,random,399.0,12418,0,0.0,0.0,0.0,2,2,8.302529657210305e-07,0.0,0.0,0.0,0.0
1,random_matched,399.0,12418,25,0.20132066355290706,6.070085763608201e-06,0.35206102391081123,22275,22275,0.48107096504962393,0.25365853658536586,0.006134547716841173,0.20132066355290706,0.35206102391081123
1,random,400.0,12418,0,0.0,0.0,0.0,3,3,1.1400888866928529e-06,0.0,0.0,0.0,0.0
1,random_matched,400.0,12418,0,0.0,0.0,0.0,32596,32596,0.006959606886045406,0.0,0.0,0.0,0.0
1,random,401.0,12418,0,0.0,0.0,0.0,4,4,1.2693883792542541e-05,0.0,0.0,0.0,0.0
1,random_matched,401.0,12418,25,0.20132066355290706,6.070085763608201e-06,0.35206102391081123,22275,22275,0.48107096504962393,0.25365853658536586,0.006134547716841173,0.20132066355290706,0.35206102391081123
1,random,402.0,12418,0,0.0,0.0,0.0,14,14,2.931637976052434e-05,0.0,0.0,0.0,0.0
1,random_matched,402.0,12418,0,0.0,0.0,0.0,30672,30672,0.0051780476578953405,0.0,0.0,0.0,0.0
1,random,403.0,12418,0,0.0,0.0,0.0,2,2,3.5275691435320037e-07,0.0,0.0,0.0,0.0
1,random_matched,403.0,12418,0,0.0,0.0,0.0,32596,32596,0.006959606886045406,0.0,0.0,0.0,0.0
1,random,404.0,12418,0,0.0,0.0,0.0,2,2,2.132636858637219e-06,0.0,0.0,0.0,0.0
1,random_matched,404.0,12418,0,0.0,0.0,0.0,30672,30672,0.0051780476578953405,0.0,0.0,0.0,0.0
1,random,405.0,12418,0,0.0,0.0,0.0,2,2,2.260058557738185e-06,0.0,0.0,0.0,0.0
1,random_matched,405.0,12418,5,0.040264132710581414,1.2150756874133053e-06,0.044007627988851404,22775,22775,0.4743033437669734,0.04878048780487805,1.4560099731854937e-07,0.040264132710581414,0.044007627988851404
1,random,406.0,12418,0,0.0,0.0,0.0,4,4,4.2920993381377995e-07,0.0,0.0,0.0,0.0
1,random_matched,406.0,12418,0,0.0,0.0,0.0,32596,32596,0.006959606886045406,0.0,0.0,0.0,0.0
1,random,407.0,12418,0,0.0,0.0,0.0,3,3,1.9850959438887323e-07,0.0,0.0,0.0,0.0
1,random_matched,407.0,12418,0,0.0,0.0,0.0,32596,32596,0.006959606886045406,0.0,0.0,0.0,0.0
1,random,408.0,12418,0,0.0,0.0,0.0,2,2,1.0448579326279206e-06,0.0,0.0,0.0,0.0
1,random_matched,408.0,12418,0,0.0,0.0,0.0,24236,24236,0.018490401504566847,0.0,1.5752004340254977e-10,0.0,0.0
1,random,409.0,12418,0,0.0,0.0,0.0,4,4,5.245079519308708e-05,0.0,0.0,0.0,0.0
1,random_matched,409.0,12418,0,0.0,0.0,0.0,30672,30672,0.0051780476578953405,0.0,0.0,0.0,0.0
1,random,410.0,12418,0,0.0,0.0,0.0,2,2,1.9515639178095305e-06,0.0,0.0,0.0,0.0
1,random_matched,410.0,12418,0,0.0,0.0,0.0,24236,24236,0.018490401504566847,0.0,1.5752004340254977e-10,0.0,0.0
1,random,411.0,12418,0,0.0,0.0,0.0,2,2,1.5116237356504062e-06,0.0,0.0,0.0,0.0
1,random_matched,411.0,12418,0,0.0,0.0,0.0,32596,32596,0.006959606886045406,0.0,0.0,0.0,0.0
1,random,412.0,12418,0,0.0,0.0,0.0,2,2,5.767508485622668e-08,0.0,0.0,0.0,0.0
1,random_matched,412.0,12418,25,0.20132066355290706,6.070085763608201e-06,0.35206102391081123,22275,22275,0.48107096504962393,0.25365853658536586,0.006134547716841173,0.20132066355290706,0.35206102391081123
1,random,413.0,12418,0,0.0,0.0,0.0,5,5,1.6014895655426665e-06,0.0,5.768518621917099e-10,0.0,0.0
1,random_matched,413.0,12418,0,0.0,0.0,0.0,32596,32596,0.006959606886045406,0.0,0.0,0.0,0.0
1,random,414.0,12418,0,0.0,0.0,0.0,3,3,6.7426198040058495e-06,0.0,0.0,0.0,0.0
1,random_matched,414.0,12418,0,0.0,0.0,0.0,24236,24236,0.018490401504566847,0.0,1.5752004340254977e-10,0.0,0.0
1,random,415.0,12418,0,0.0,0.0,0.0,2,2,1.6497756830967166e-06,0.0,0.0,0.0,0.0
1,random_matched,415.0,12418,25,0.20132066355290706,6.070085763608201e-06,0.35206102391081123,22275,22275,0.48107096504962393,0.25365853658536586,0.006134547716841173,0.20132066355290706,0.35206102391081123
1,random,416.0,12418,0,0.0,0.0,0.0,2,2,7.511173841741149e-08,0.0,0.0,0.0,0.0
1,random_matched,416.0,12418,0,0.0,0.0,0.0,32596,32596,0.006959606886045406,0.0,0.0,0.0,0.0
1,random,417.0,12418,0,0.0,0.0,0.0,2,2,1.0059607823760467e-07,0.0,0.0,0.0,0.0
1,random_matched,417.0,12418,5,0.040264132710581414,1.2150756874133053e-06,0.044007627988851404,22775,22775,0.4743033437669734,0.04878048780487805,1.4560099731854937e-07,0.040264132710581414,0.044007627988851404
1,random,418.0,12418,0,0.0,0.0,0.0,6,6,1.0547834123473642e-05,0.0,0.0,0.0,0.0
1,random_matched,418.0,12418,0,0.0,0.0,0.0,30672,30672,0.0051780476578953405,0.0,0.0,0.0,0.0
1,random,419.0,12418,0,0.0,0.0,0.0,2,2,3.312964176625114e-07,0.0,0.0,0.0,0.0
1,random_matched,419.0,12418,5,0.040264132710581414,1.2150756874133053e-06,0.044007627988851404,22775,22775,0.4743033437669734,0.04878048780487805,1.4560099731854937e-07,0.040264132710581414,0.044007627988851404
1,random,420.0,12418,0,0.0,0.0,0.0,6,6,6.792917843124651e-05,0.0,0.0,0.0,0.0
1,random_matched,420.0,12418,25,0.20132066355290706,6.070085763608201e-06,0.35206102391081123,22275,22275,0.48107096504962393,0.25365853658536586,0.006134547716841173,0.20132066355290706,0.35206102391081123
1,random,421.0,12418,0,0.0,0.0,0.0,2,2,3.567807574827046e-07,0.0,0.0,0.0,0.0
1,random_matched,421.0,12418,0,0.0,0.0,0.0,32596,32596,0.006959606886045406,0.0,0.0,0.0,0.0
1,random,422.0,12418,0,0.0,0.0,0.0,10,10,0.00016951646335975238,0.0,0.0,0.0,0.0
1,random_matched,422.0,12418,25,0.20132066355290706,6.070085763608201e-06,0.35206102391081123,22275,22275,0.48107096504962393,0.25365853658536586,0.006134547716841173,0.20132066355290706,0.35206102391081123
1,random,423.0,12418,0,0.0,0.0,0.0,99,99,2.1134565397199157e-05,0.0,0.0,0.0,0.0
1,random_matched,423.0,12418,0,0.0,0.0,0.0,24236,24236,0.018490401504566847,0.0,1.5752004340254977e-10,0.0,0.0
1,random,424.0,12418,0,0.0,0.0,0.0,3,3,3.9970175086408256e-07,0.0,0.0,0.0,0.0
1,random_matched,424.0,12418,25,0.20132066355290706,6.070085763608201e-06,0.35206102391081123,22275,22275,0.48107096504962393,0.25365853658536586,0.006134547716841173,0.20132066355290706,0.35206102391081123
1,random,425.0,12418,0,0.0,0.0,0.0,2,2,6.625928353250228e-07,0.0,0.0,0.0,0.0
1,random_matched,425.0,12418,0,0.0,0.0,0.0,32596,32596,0.006959606886045406,0.0,0.0,0.0,0.0
1,random,426.0,12418,0,0.0,0.0,0.0,3,3,5.928462210802835e-07,0.0,0.0,0.0,0.0
1,random_matched,426.0,12418,0,0.0,0.0,0.0,24236,24236,0.018490401504566847,0.0,1.5752004340254977e-10,0.0,0.0
1,random,427.0,12418,0,0.0,0.0,0.0,2,2,2.6825620863361245e-09,0.0,0.0,0.0,0.0
1,random_matched,427.0,12418,0,0.0,0.0,0.0,24236,24236,0.018490401504566847,0.0,1.5752004340254977e-10,0.0,0.0
1,random,428.0,12418,0,0.0,0.0,0.0,2,2,2.1675101657595886e-06,0.0,0.0,0.0,0.0
1,random_matched,428.0,12418,25,0.20132066355290706,6.070085763608201e-06,0.35206102391081123,22275,22275,0.48107096504962393,0.25365853658536586,0.006134547716841173,0.20132066355290706,0.35206102391081123
1,random,429.0,12418,0,0.0,0.0,0.0,9,9,5.3651241726722494e-08,0.0,0.0,0.0,0.0
1,random_matched,429.0,12418,0,0.0,0.0,0.0,24236,24236,0.018490401504566847,0.0,1.5752004340254977e-10,0.0,0.0
1,random,430.0,12418,0,0.0,0.0,0.0,3,3,5.9586410342741165e-05,0.0,0.0,0.0,0.0
1,random_matched,430.0,12418,25,0.20132066355290706,6.070085763608201e-06,0.35206102391081123,22275,22275,0.48107096504962393,0.25365853658536586,0.006134547716841173,0.20132066355290706,0.35206102391081123
1,random,431.0,12418,0,0.0,0.0,0.0,2,2,6.438149007206699e-07,0.0,0.0,0.0,0.0
1,random_matched,431.0,12418,0,0.0,0.0,0.0,32596,32596,0.006959606886045406,0.0,0.0,0.0,0.0
1,random,432.0,12418,0,0.0,0.0,0.0,4,4,1.2768995530959952e-05,0.0,0.0,0.0,0.0
1,random_matched,432.0,12418,25,0.20132066355290706,6.070085763608201e-06,0.35206102391081123,22275,22275,0.48107096504962393,0.25365853658536586,0.006134547716841173,0.20132066355290706,0.35206102391081123
1,random,433.0,12418,0,0.0,0.0,0.0,5,5,0.00013144822479255644,0.0,0.0,0.0,0.0
1,random_matched,433.0,12418,0,0.0,0.0,0.0,30672,30672,0.0051780476578953405,0.0,0.0,0.0,0.0
1,random,434.0,12418,0,0.0,0.0,0.0,3,3,1.8659901872554084e-05,0.0,0.0,0.0,0.0
1,random_matched,434.0,12418,0,0.0,0.0,0.0,30672,30672,0.0051780476578953405,0.0,0.0,0.0,0.0
1,random,435.0,12418,0,0.0,0.0,0.0,21,21,0.0001680625147089582,0.0,0.0,0.0,0.0
1,random_matched,435.0,12418,25,0.20132066355290706,6.070085763608201e-06,0.35206102391081123,22275,22275,0.48107096504962393,0.25365853658536586,0.006134547716841173,0.20132066355290706,0.35206102391081123
1,random,436.0,12418,0,0.0,0.0,0.0,4,4,3.0216379340490108e-05,0.0,0.0,0.0,0.0
1,random_matched,436.0,12418,0,0.0,0.0,0.0,30672,30672,0.0051780476578953405,0.0,0.0,0.0,0.0
1,random,437.0,12418,0,0.0,0.0,0.0,3,3,7.210726888071503e-06,0.0,0.0,0.0,0.0
1,random_matched,437.0,12418,0,0.0,0.0,0.0,30672,30672,0.0051780476578953405,0.0,0.0,0.0,0.0
1,random,438.0,12418,0,0.0,0.0,0.0,2,2,1.2813257805384499e-05,0.0,0.0,0.0,0.0
1,random_matched,438.0,12418,5,0.040264132710581414,1.2150756874133053e-06,0.044007627988851404,22775,22775,0.4743033437669734,0.04878048780487805,1.4560099731854937e-07,0.040264132710581414,0.044007627988851404
1,random,439.0,12418,0,0.0,0.0,0.0,2,2,2.391504099968655e-06,0.0,0.0,0.0,0.0
1,random_matched,439.0,12418,5,0.040264132710581414,1.2150756874133053e-06,0.044007627988851404,22775,22775,0.4743033437669734,0.04878048780487805,1.4560099731854937e-07,0.040264132710581414,0.044007627988851404
1,random,440.0,12418,0,0.0,0.0,0.0,2,2,8.338744245375844e-06,0.0,0.0,0.0,0.0
1,random_matched,440.0,12418,5,0.040264132710581414,1.2150756874133053e-06,0.044007627988851404,22775,22775,0.4743033437669734,0.04878048780487805,1.4560099731854937e-07,0.040264132710581414,0.044007627988851404
1,random,441.0,12418,0,0.0,0.0,0.0,12,12,1.1333824814770126e-06,0.0,0.0,0.0,0.0
1,random_matched,441.0,12418,0,0.0,0.0,0.0,30672,30672,0.0051780476578953405,0.0,0.0,0.0,0.0
1,random,442.0,12418,0,0.0,0.0,0.0,5,5,0.0001535619253512683,0.0,0.0,0.0,0.0
1,random_matched,442.0,12418,0,0.0,0.0,0.0,24236,24236,0.018490401504566847,0.0,1.5752004340254977e-10,0.0,0.0
1,random,443.0,12418,0,0.0,0.0,0.0,2,2,2.828761720041443e-06,0.0,0.0,0.0,0.0
1,random_matched,443.0,12418,0,0.0,0.0,0.0,32596,32596,0.006959606886045406,0.0,0.0,0.0,0.0
1,random,444.0,12418,0,0.0,0.0,0.0,2,2,1.5424731996432717e-06,0.0,0.0,0.0,0.0
1,random_matched,444.0,12418,5,0.040264132710581414,1.2150756874133053e-06,0.044007627988851404,22775,22775,0.4743033437669734,0.04878048780487805,1.4560099731854937e-07,0.040264132710581414,0.044007627988851404
1,random,445.0,12418,0,0.0,0.0,0.0,2,2,2.926675236192712e-06,0.0,0.0,0.0,0.0
1,random_matched,445.0,12418,0,0.0,0.0,0.0,24236,24236,0.018490401504566847,0.0,1.5752004340254977e-10,0.0,0.0
1,random,446.0,12418,0,0.0,0.0,0.0,2,2,2.539045014717142e-06,0.0,0.0,0.0,0.0
1,random_matched,446.0,12418,25,0.20132066355290706,6.070085763608201e-06,0.35206102391081123,22275,22275,0.48107096504962393,0.25365853658536586,0.006134547716841173,0.20132066355290706,0.35206102391081123
1,random,447.0,12418,0,0.0,0.0,0.0,3,3,4.618030631627638e-06,0.0,0.0,0.0,0.0
1,random_matched,447.0,12418,25,0.20132066355290706,6.070085763608201e-06,0.35206102391081123,22275,22275,0.48107096504962393,0.25365853658536586,0.006134547716841173,0.20132066355290706,0.35206102391081123
1,random,448.0,12418,0,0.0,0.0,0.0,2,2,5.915049400371155e-07,0.0,0.0,0.0,0.0
1,random_matched,448.0,12418,0,0.0,0.0,0.0,32596,32596,0.006959606886045406,0.0,0.0,0.0,0.0
1,random,449.0,12418,0,0.0,0.0,0.0,2,2,1.3466461673407345e-06,0.0,0.0,0.0,0.0
1,random_matched,449.0,12418,5,0.040264132710581414,1.2150756874133053e-06,0.044007627988851404,22775,22775,0.4743033437669734,0.04878048780487805,1.4560099731854937e-07,0.040264132710581414,0.044007627988851404
1,random,450.0,12418,0,0.0,0.0,0.0,5,5,0.0016155032698816863,0.0,0.0,0.0,0.0
1,random_matched,450.0,12418,0,0.0,0.0,0.0,24236,24236,0.018490401504566847,0.0,1.5752004340254977e-10,0.0,0.0
1,random,451.0,12418,0,0.0,0.0,0.0,8,8,3.0168093222936057e-05,0.0,0.0,0.0,0.0
1,random_matched,451.0,12418,0,0.0,0.0,0.0,24236,24236,0.018490401504566847,0.0,1.5752004340254977e-10,0.0,0.0
1,random,452.0,12418,0,0.0,0.0,0.0,2,2,1.2974211530564667e-05,0.0,0.0,0.0,0.0
1,random_matched,452.0,12418,5,0.040264132710581414,1.2150756874133053e-06,0.044007627988851404,22775,22775,0.4743033437669734,0.04878048780487805,1.4560099731854937e-07,0.040264132710581414,0.044007627988851404
1,random,453.0,12418,0,0.0,0.0,0.0,2,2,1.9448575125936904e-07,0.0,0.0,0.0,0.0
1,random_matched,453.0,12418,0,0.0,0.0,0.0,32596,32596,0.006959606886045406,0.0,0.0,0.0,0.0
1,random,454.0,12418,0,0.0,0.0,0.0,2,2,2.06289024439248e-06,0.0,0.0,0.0,0.0
1,random_matched,454.0,12418,0,0.0,0.0,0.0,32596,32596,0.006959606886045406,0.0,0.0,0.0,0.0
1,random,455.0,12418,0,0.0,0.0,0.0,8,8,4.091175437871224e-05,0.0,0.0,0.0,0.0
1,random_matched,455.0,12418,0,0.0,0.0,0.0,24236,24236,0.018490401504566847,0.0,1.5752004340254977e-10,0.0,0.0
1,random,456.0,12418,0,0.0,0.0,0.0,36,36,2.7780612966096905e-05,0.0,0.0,0.0,0.0
1,random_matched,456.0,12418,0,0.0,0.0,0.0,24236,24236,0.018490401504566847,0.0,1.5752004340254977e-10,0.0,0.0
1,random,457.0,12418,0,0.0,0.0,0.0,2,2,2.8073012233507543e-06,0.0,0.0,0.0,0.0
1,random_matched,457.0,12418,0,0.0,0.0,0.0,30672,30672,0.0051780476578953405,0.0,0.0,0.0,0.0
1,random,458.0,12418,0,0.0,0.0,0.0,11,11,0.0008515551912486257,0.0,0.0,0.0,0.0
1,random_matched,458.0,12418,25,0.20132066355290706,6.070085763608201e-06,0.35206102391081123,22275,22275,0.48107096504962393,0.25365853658536586,0.006134547716841173,0.20132066355290706,0.35206102391081123
1,random,459.0,12418,0,0.0,0.0,0.0,8,8,1.3072125046715935e-05,0.0,0.0,0.0,0.0
1,random_matched,459.0,12418,5,0.040264132710581414,1.2150756874133053e-06,0.044007627988851404,22775,22775,0.4743033437669734,0.04878048780487805,1.4560099731854937e-07,0.040264132710581414,0.044007627988851404
1,random,460.0,12418,0,0.0,0.0,0.0,2,2,1.59210059824049e-06,0.0,0.0,0.0,0.0
1,random_matched,460.0,12418,0,0.0,0.0,0.0,32596,32596,0.006959606886045406,0.0,0.0,0.0,0.0
1,random,461.0,12418,0,0.0,0.0,0.0,3,3,7.998058860411156e-06,0.0,0.0,0.0,0.0
1,random_matched,461.0,12418,5,0.040264132710581414,1.2150756874133053e-06,0.044007627988851404,22775,22775,0.4743033437669734,0.04878048780487805,1.4560099731854937e-07,0.040264132710581414,0.044007627988851404
1,random,462.0,12418,0,0.0,0.0,0.0,2,2,0.0,0.0,0.0,0.0,0.0
1,random_matched,462.0,12418,5,0.040264132710581414,1.2150756874133053e-06,0.044007627988851404,22775,22775,0.4743033437669734,0.04878048780487805,1.4560099731854937e-07,0.040264132710581414,0.044007627988851404
1,random,463.0,12418,0,0.0,0.0,0.0,3,3,8.345450650591683e-06,0.0,0.0,0.0,0.0
1,random_matched,463.0,12418,5,0.040264132710581414,1.2150756874133053e-06,0.044007627988851404,22775,22775,0.4743033437669734,0.04878048780487805,1.4560099731854937e-07,0.040264132710581414,0.044007627988851404
1,random,464.0,12418,0,0.0,0.0,0.0,2,2,1.5156475787799103e-07,0.0,0.0,0.0,0.0
1,random_matched,464.0,12418,0,0.0,0.0,0.0,24236,24236,0.018490401504566847,0.0,1.5752004340254977e-10,0.0,0.0
1,random,465.0,12418,0,0.0,0.0,0.0,2,2,1.3090902981320288e-06,0.0,0.0,0.0,0.0
1,random_matched,465.0,12418,5,0.040264132710581414,1.2150756874133053e-06,0.044007627988851404,22775,22775,0.4743033437669734,0.04878048780487805,1.4560099731854937e-07,0.040264132710581414,0.044007627988851404
1,random,466.0,12418,0,0.0,0.0,0.0,2,2,1.5827116309383136e-07,0.0,0.0,0.0,0.0
1,random_matched,466.0,12418,0,0.0,0.0,0.0,32596,32596,0.006959606886045406,0.0,0.0,0.0,0.0
1,random,467.0,12418,0,0.0,0.0,0.0,2,2,4.27734524666295e-06,0.0,0.0,0.0,0.0
1,random_matched,467.0,12418,0,0.0,0.0,0.0,24236,24236,0.018490401504566847,0.0,1.5752004340254977e-10,0.0,0.0
1,random,468.0,12418,0,0.0,0.0,0.0,2,2,3.2230983467328536e-06,0.0,0.0,0.0,0.0
1,random_matched,468.0,12418,25,0.20132066355290706,6.070085763608201e-06,0.35206102391081123,22275,22275,0.48107096504962393,0.25365853658536586,0.006134547716841173,0.20132066355290706,0.35206102391081123
1,random,469.0,12418,0,0.0,0.0,0.0,2,2,6.478387438501741e-06,0.0,0.0,0.0,0.0
1,random_matched,469.0,12418,0,0.0,0.0,0.0,24236,24236,0.018490401504566847,0.0,1.5752004340254977e-10,0.0,0.0
1,random,470.0,12418,0,0.0,0.0,0.0,3,3,1.6041721276290025e-06,0.0,0.0,0.0,0.0
1,random_matched,470.0,12418,0,0.0,0.0,0.0,24236,24236,0.018490401504566847,0.0,1.5752004340254977e-10,0.0,0.0
1,random,471.0,12418,0,0.0,0.0,0.0,4,4,0.00014811498303496278,0.0,0.0,0.0,0.0
1,random_matched,471.0,12418,0,0.0,0.0,0.0,30672,30672,0.0051780476578953405,0.0,0.0,0.0,0.0
1,random,472.0,12418,0,0.0,0.0,0.0,2,2,3.298210085150265e-06,0.0,0.0,0.0,0.0
1,random_matched,472.0,12418,0,0.0,0.0,0.0,24236,24236,0.018490401504566847,0.0,1.5752004340254977e-10,0.0,0.0
1,random,473.0,12418,0,0.0,0.0,0.0,3,3,1.5692988205066328e-07,0.0,0.0,0.0,0.0
1,random_matched,473.0,12418,25,0.20132066355290706,6.070085763608201e-06,0.35206102391081123,22275,22275,0.48107096504962393,0.25365853658536586,0.006134547716841173,0.20132066355290706,0.35206102391081123
1,random,474.0,12418,0,0.0,0.0,0.0,5,5,1.6414597406290746e-05,0.0,0.0,0.0,0.0
1,random_matched,474.0,12418,25,0.20132066355290706,6.070085763608201e-06,0.35206102391081123,22275,22275,0.48107096504962393,0.25365853658536586,0.006134547716841173,0.20132066355290706,0.35206102391081123
1,random,475.0,12418,0,0.0,0.0,0.0,6,6,1.649507426888083e-05,0.0,0.0,0.0,0.0
1,random_matched,475.0,12418,0,0.0,0.0,0.0,32596,32596,0.006959606886045406,0.0,0.0,0.0,0.0
1,random,476.0,12418,0,0.0,0.0,0.0,2,2,2.2265265316589835e-07,0.0,0.0,0.0,0.0
1,random_matched,476.0,12418,0,0.0,0.0,0.0,32596,32596,0.006959606886045406,0.0,0.0,0.0,0.0
1,random,477.0,12418,0,0.0,0.0,0.0,2,2,1.0664525574229264e-05,0.0,0.0,0.0,0.0
1,random_matched,477.0,12418,5,0.040264132710581414,1.2150756874133053e-06,0.044007627988851404,22775,22775,0.4743033437669734,0.04878048780487805,1.4560099731854937e-07,0.040264132710581414,0.044007627988851404
1,random,478.0,12418,0,0.0,0.0,0.0,2,2,2.3606546359757897e-07,0.0,0.0,0.0,0.0
1,random_matched,478.0,12418,0,0.0,0.0,0.0,24236,24236,0.018490401504566847,0.0,1.5752004340254977e-10,0.0,0.0
1,random,479.0,12418,0,0.0,0.0,0.0,2,2,1.8241422187085648e-07,0.0,0.0,0.0,0.0
1,random_matched,479.0,12418,0,0.0,0.0,0.0,30672,30672,0.0051780476578953405,0.0,0.0,0.0,0.0
1,random,480.0,12418,0,0.0,0.0,0.0,2,2,8.997179109467045e-05,0.0,0.0,0.0,0.0
1,random_matched,480.0,12418,25,0.20132066355290706,6.070085763608201e-06,0.35206102391081123,22275,22275,0.48107096504962393,0.25365853658536586,0.006134547716841173,0.20132066355290706,0.35206102391081123
1,random,481.0,12418,0,0.0,0.0,0.0,61,61,6.360354706702952e-06,0.0,0.0,0.0,0.0
1,random_matched,481.0,12418,5,0.040264132710581414,1.2150756874133053e-06,0.044007627988851404,22775,22775,0.4743033437669734,0.04878048780487805,1.4560099731854937e-07,0.040264132710581414,0.044007627988851404
1,random,482.0,12418,0,0.0,0.0,0.0,15,15,0.0012001581582111347,0.0,0.0,0.0,0.0
1,random_matched,482.0,12418,25,0.20132066355290706,6.070085763608201e-06,0.35206102391081123,22275,22275,0.48107096504962393,0.25365853658536586,0.006134547716841173,0.20132066355290706,0.35206102391081123
1,random,483.0,12418,0,0.0,0.0,0.0,2,2,1.441877121405667e-06,0.0,0.0,0.0,0.0
1,random_matched,483.0,12418,0,0.0,0.0,0.0,32596,32596,0.006959606886045406,0.0,0.0,0.0,0.0
1,random,484.0,12418,0,0.0,0.0,0.0,2,2,3.015199785041804e-06,0.0,0.0,0.0,0.0
1,random_matched,484.0,12418,0,0.0,0.0,0.0,32596,32596,0.006959606886045406,0.0,0.0,0.0,0.0
1,random,485.0,12418,0,0.0,0.0,0.0,3,3,4.211622475547716e-07,0.0,0.0,0.0,0.0
1,random_matched,485.0,12418,0,0.0,0.0,0.0,24236,24236,0.018490401504566847,0.0,1.5752004340254977e-10,0.0,0.0
1,random,486.0,12418,0,0.0,0.0,0.0,5,5,6.801636169905244e-06,0.0,0.0,0.0,0.0
1,random_matched,486.0,12418,5,0.040264132710581414,1.2150756874133053e-06,0.044007627988851404,22775,22775,0.4743033437669734,0.04878048780487805,1.4560099731854937e-07,0.040264132710581414,0.044007627988851404
1,random,487.0,12418,0,0.0,0.0,0.0,2,2,2.580624727055352e-06,0.0,0.0,0.0,0.0
1,random_matched,487.0,12418,0,0.0,0.0,0.0,24236,24236,0.018490401504566847,0.0,1.5752004340254977e-10,0.0,0.0
1,random,488.0,12418,0,0.0,0.0,0.0,2,2,1.3681066640314236e-06,0.0,0.0,0.0,0.0
1,random_matched,488.0,12418,0,0.0,0.0,0.0,32596,32596,0.006959606886045406,0.0,0.0,0.0,0.0
1,random,489.0,12418,0,0.0,0.0,0.0,2,2,2.0320407803996144e-06,0.0,0.0,0.0,0.0
1,random_matched,489.0,12418,25,0.20132066355290706,6.070085763608201e-06,0.35206102391081123,22275,22275,0.48107096504962393,0.25365853658536586,0.006134547716841173,0.20132066355290706,0.35206102391081123
1,random,490.0,12418,0,0.0,0.0,0.0,2,2,3.727420018964045e-06,0.0,0.0,0.0,0.0
1,random_matched,490.0,12418,0,0.0,0.0,0.0,30672,30672,0.0051780476578953405,0.0,0.0,0.0,0.0
1,random,491.0,12418,0,0.0,0.0,0.0,2,2,8.865867695340892e-07,0.0,0.0,0.0,0.0
1,random_matched,491.0,12418,25,0.20132066355290706,6.070085763608201e-06,0.35206102391081123,22275,22275,0.48107096504962393,0.25365853658536586,0.006134547716841173,0.20132066355290706,0.35206102391081123
1,random,492.0,12418,0,0.0,0.0,0.0,2,2,2.3780912895369746e-06,0.0,0.0,0.0,0.0
1,random_matched,492.0,12418,0,0.0,0.0,0.0,24236,24236,0.018490401504566847,0.0,1.5752004340254977e-10,0.0,0.0
1,random,493.0,12418,0,0.0,0.0,0.0,2,2,2.561846792450999e-07,0.0,0.0,0.0,0.0
1,random_matched,493.0,12418,5,0.040264132710581414,1.2150756874133053e-06,0.044007627988851404,22775,22775,0.4743033437669734,0.04878048780487805,1.4560099731854937e-07,0.040264132710581414,0.044007627988851404
1,random,494.0,12418,0,0.0,0.0,0.0,3,3,4.904125878135386e-05,0.0,0.0,0.0,0.0
1,random_matched,494.0,12418,5,0.040264132710581414,1.2150756874133053e-06,0.044007627988851404,22775,22775,0.4743033437669734,0.04878048780487805,1.4560099731854937e-07,0.040264132710581414,0.044007627988851404
1,random,495.0,12418,0,0.0,0.0,0.0,5,5,4.882397125236064e-05,0.0,0.0,0.0,0.0
1,random_matched,495.0,12418,25,0.20132066355290706,6.070085763608201e-06,0.35206102391081123,22275,22275,0.48107096504962393,0.25365853658536586,0.006134547716841173,0.20132066355290706,0.35206102391081123
1,random,496.0,12418,0,0.0,0.0,0.0,4,4,1.750640017542955e-05,0.0,0.0,0.0,0.0
1,random_matched,496.0,12418,5,0.040264132710581414,1.2150756874133053e-06,0.044007627988851404,22775,22775,0.4743033437669734,0.04878048780487805,1.4560099731854937e-07,0.040264132710581414,0.044007627988851404
1,random,497.0,12418,0,0.0,0.0,0.0,2,2,1.3494628575313874e-05,0.0,0.0,0.0,0.0
1,random_matched,497.0,12418,0,0.0,0.0,0.0,24236,24236,0.018490401504566847,0.0,1.5752004340254977e-10,0.0,0.0
1,random,498.0,12418,0,0.0,0.0,0.0,2,2,1.4351707161898266e-07,0.0,0.0,0.0,0.0
1,random_matched,498.0,12418,25,0.20132066355290706,6.070085763608201e-06,0.35206102391081123,22275,22275,0.48107096504962393,0.25365853658536586,0.006134547716841173,0.20132066355290706,0.35206102391081123
1,random,499.0,12418,0,0.0,0.0,0.0,2,2,2.80327738022125e-06,0.0,0.0,0.0,0.0
1,random_matched,499.0,12418,5,0.040264132710581414,1.2150756874133053e-06,0.044007627988851404,22775,22775,0.4743033437669734,0.04878048780487805,1.4560099731854937e-07,0.040264132710581414,0.044007627988851404
1,random,500.0,12418,0,0.0,0.0,0.0,3,3,2.606109066875545e-06,0.0,0.0,0.0,0.0
1,random_matched,500.0,12418,0,0.0,0.0,0.0,24236,24236,0.018490401504566847,0.0,1.5752004340254977e-10,0.0,0.0
1,random,501.0,12418,0,0.0,0.0,0.0,2,2,8.986582989226017e-07,0.0,0.0,0.0,0.0
1,random_matched,501.0,12418,5,0.040264132710581414,1.2150756874133053e-06,0.044007627988851404,22775,22775,0.4743033437669734,0.04878048780487805,1.4560099731854937e-07,0.040264132710581414,0.044007627988851404
1,random,502.0,12418,0,0.0,0.0,0.0,2,2,1.4150515005423057e-06,0.0,0.0,0.0,0.0
1,random_matched,502.0,12418,0,0.0,0.0,0.0,32596,32596,0.006959606886045406,0.0,0.0,0.0,0.0
1,random,503.0,12418,0,0.0,0.0,0.0,3,3,8.369593709368708e-07,0.0,0.0,0.0,0.0
1,random_matched,503.0,12418,0,0.0,0.0,0.0,24236,24236,0.018490401504566847,0.0,1.5752004340254977e-10,0.0,0.0
1,random,504.0,12418,0,0.0,0.0,0.0,3,3,8.101337500735097e-07,0.0,0.0,0.0,0.0
1,random_matched,504.0,12418,0,0.0,0.0,0.0,32596,32596,0.006959606886045406,0.0,0.0,0.0,0.0
1,random,505.0,12418,0,0.0,0.0,0.0,4,4,3.7193723327050367e-06,0.0,0.0,0.0,0.0
1,random_matched,505.0,12418,5,0.040264132710581414,1.2150756874133053e-06,0.044007627988851404,22775,22775,0.4743033437669734,0.04878048780487805,1.4560099731854937e-07,0.040264132710581414,0.044007627988851404
1,random,506.0,12418,0,0.0,0.0,0.0,3,3,4.962739859721831e-08,0.0,0.0,0.0,0.0
1,random_matched,506.0,12418,0,0.0,0.0,0.0,30672,30672,0.0051780476578953405,0.0,0.0,0.0,0.0
1,random,507.0,12418,0,0.0,0.0,0.0,5,5,0.00047948382987380526,0.0,0.0,0.0,0.0
1,random_matched,507.0,12418,0,0.0,0.0,0.0,30672,30672,0.0051780476578953405,0.0,0.0,0.0,0.0
1,random,508.0,12418,0,0.0,0.0,0.0,2,2,1.8147532514063883e-06,0.0,0.0,0.0,0.0
1,random_matched,508.0,12418,5,0.040264132710581414,1.2150756874133053e-06,0.044007627988851404,22775,22775,0.4743033437669734,0.04878048780487805,1.4560099731854937e-07,0.040264132710581414,0.044007627988851404
1,random,509.0,12418,0,0.0,0.0,0.0,4,4,1.9475400746800263e-06,0.0,0.0,0.0,0.0
1,random_matched,509.0,12418,0,0.0,0.0,0.0,30672,30672,0.0051780476578953405,0.0,0.0,0.0,0.0
1,random,510.0,12418,0,0.0,0.0,0.0,2,2,4.842024565836705e-07,0.0,0.0,0.0,0.0
1,random_matched,510.0,12418,0,0.0,0.0,0.0,24236,24236,0.018490401504566847,0.0,1.5752004340254977e-10,0.0,0.0
1,random,511.0,12418,0,0.0,0.0,0.0,2,2,1.1669145075562142e-07,0.0,0.0,0.0,0.0
1,random_matched,511.0,12418,5,0.040264132710581414,1.2150756874133053e-06,0.044007627988851404,22775,22775,0.4743033437669734,0.04878048780487805,1.4560099731854937e-07,0.040264132710581414,0.044007627988851404
1,random,512.0,12418,0,0.0,0.0,0.0,4,4,9.755137026961317e-06,0.0,0.0,0.0,0.0
1,random_matched,512.0,12418,0,0.0,0.0,0.0,32596,32596,0.006959606886045406,0.0,0.0,0.0,0.0
1,random,513.0,12418,0,0.0,0.0,0.0,2,2,0.0,0.0,0.0,0.0,0.0
1,random_matched,513.0,12418,0,0.0,0.0,0.0,30672,30672,0.0051780476578953405,0.0,0.0,0.0,0.0
1,random,514.0,12418,0,0.0,0.0,0.0,3,3,1.0743661155776179e-06,0.0,0.0,0.0,0.0
1,random_matched,514.0,12418,25,0.20132066355290706,6.070085763608201e-06,0.35206102391081123,22275,22275,0.48107096504962393,0.25365853658536586,0.006134547716841173,0.20132066355290706,0.35206102391081123
1,random,515.0,12418,0,0.0,0.0,0.0,2,2,7.10878952879073e-08,0.0,0.0,0.0,0.0
1,random_matched,515.0,12418,25,0.20132066355290706,6.070085763608201e-06,0.35206102391081123,22275,22275,0.48107096504962393,0.25365853658536586,0.006134547716841173,0.20132066355290706,0.35206102391081123
1,random,516.0,12418,0,0.0,0.0,0.0,2,2,1.0461992136710885e-07,0.0,0.0,0.0,0.0
1,random_matched,516.0,12418,0,0.0,0.0,0.0,32596,32596,0.006959606886045406,0.0,0.0,0.0,0.0
1,random,517.0,12418,0,0.0,0.0,0.0,2,2,2.4679571194292345e-07,0.0,0.0,0.0,0.0
1,random_matched,517.0,12418,25,0.20132066355290706,6.070085763608201e-06,0.35206102391081123,22275,22275,0.48107096504962393,0.25365853658536586,0.006134547716841173,0.20132066355290706,0.35206102391081123
1,random,518.0,12418,0,0.0,0.0,0.0,2,2,3.021906190257644e-06,0.0,0.0,0.0,0.0
1,random_matched,518.0,12418,0,0.0,0.0,0.0,30672,30672,0.0051780476578953405,0.0,0.0,0.0,0.0
1,random,519.0,12418,0,0.0,0.0,0.0,3,3,0.0013300129411244073,0.0,0.0,0.0,0.0
1,random_matched,519.0,12418,0,0.0,0.0,0.0,32596,32596,0.006959606886045406,0.0,0.0,0.0,0.0
1,random,520.0,12418,0,0.0,0.0,0.0,4,4,2.9768391472071973e-05,0.0,0.0,0.0,0.0
1,random_matched,520.0,12418,0,0.0,0.0,0.0,30672,30672,0.0051780476578953405,0.0,0.0,0.0,0.0
1,random,521.0,12418,0,0.0,0.0,0.0,12,12,0.00045647415357825716,0.0,0.0,0.0,0.0
1,random_matched,521.0,12418,25,0.20132066355290706,6.070085763608201e-06,0.35206102391081123,22275,22275,0.48107096504962393,0.25365853658536586,0.006134547716841173,0.20132066355290706,0.35206102391081123
1,random,522.0,12418,0,0.0,0.0,0.0,2,2,6.706405215840312e-08,0.0,0.0,0.0,0.0
1,random_matched,522.0,12418,0,0.0,0.0,0.0,32596,32596,0.006959606886045406,0.0,0.0,0.0,0.0
1,random,523.0,12418,0,0.0,0.0,0.0,3,3,9.135465185017673e-06,0.0,0.0,0.0,0.0
1,random_matched,523.0,12418,0,0.0,0.0,0.0,32596,32596,0.006959606886045406,0.0,0.0,0.0,0.0
1,random,524.0,12418,0,0.0,0.0,0.0,8,8,0.00023480734197908732,0.0,0.0,0.0,0.0
1,random_matched,524.0,12418,0,0.0,0.0,0.0,32596,32596,0.006959606886045406,0.0,0.0,0.0,0.0
1,random,525.0,12418,0,0.0,0.0,0.0,2,2,2.8569286219479727e-07,0.0,0.0,0.0,0.0
1,random_matched,525.0,12418,25,0.20132066355290706,6.070085763608201e-06,0.35206102391081123,22275,22275,0.48107096504962393,0.25365853658536586,0.006134547716841173,0.20132066355290706,0.35206102391081123
1,random,526.0,12418,0,0.0,0.0,0.0,2,2,1.4888219579165493e-07,0.0,0.0,0.0,0.0
1,random_matched,526.0,12418,0,0.0,0.0,0.0,30672,30672,0.0051780476578953405,0.0,0.0,0.0,0.0
1,random,527.0,12418,0,0.0,0.0,0.0,2,2,0.0,0.0,0.0,0.0,0.0
1,random_matched,527.0,12418,0,0.0,0.0,0.0,24236,24236,0.018490401504566847,0.0,1.5752004340254977e-10,0.0,0.0
1,random,528.0,12418,0,0.0,0.0,0.0,2,2,1.7530543234206575e-06,0.0,0.0,0.0,0.0
1,random_matched,528.0,12418,5,0.040264132710581414,1.2150756874133053e-06,0.044007627988851404,22775,22775,0.4743033437669734,0.04878048780487805,1.4560099731854937e-07,0.040264132710581414,0.044007627988851404
1,random,529.0,12418,0,0.0,0.0,0.0,2,2,4.09090718166259e-07,0.0,0.0,0.0,0.0
1,random_matched,529.0,12418,0,0.0,0.0,0.0,32596,32596,0.006959606886045406,0.0,0.0,0.0,0.0
1,random,530.0,12418,0,0.0,0.0,0.0,10,10,0.0012114088236012284,0.0,0.0,0.0,0.0
1,random_matched,530.0,12418,25,0.20132066355290706,6.070085763608201e-06,0.35206102391081123,22275,22275,0.48107096504962393,0.25365853658536586,0.006134547716841173,0.20132066355290706,0.35206102391081123
1,random,531.0,12418,0,0.0,0.0,0.0,2,2,4.3725762007278833e-07,0.0,0.0,0.0,0.0
1,random_matched,531.0,12418,5,0.040264132710581414,1.2150756874133053e-06,0.044007627988851404,22775,22775,0.4743033437669734,0.04878048780487805,1.4560099731854937e-07,0.040264132710581414,0.044007627988851404
1,random,532.0,12418,0,0.0,0.0,0.0,2,2,1.270193147880155e-06,0.0,0.0,0.0,0.0
1,random_matched,532.0,12418,0,0.0,0.0,0.0,32596,32596,0.006959606886045406,0.0,0.0,0.0,0.0
1,random,533.0,12418,0,0.0,0.0,0.0,2,2,1.2929949256140121e-06,0.0,0.0,0.0,0.0
1,random_matched,533.0,12418,0,0.0,0.0,0.0,24236,24236,0.018490401504566847,0.0,1.5752004340254977e-10,0.0,0.0
1,random,534.0,12418,0,0.0,0.0,0.0,2,2,3.809238162597297e-07,0.0,0.0,0.0,0.0
1,random_matched,534.0,12418,0,0.0,0.0,0.0,24236,24236,0.018490401504566847,0.0,1.5752004340254977e-10,0.0,0.0
1,random,535.0,12418,0,0.0,0.0,0.0,3,3,8.010130389799668e-06,0.0,0.0,0.0,0.0
1,random_matched,535.0,12418,5,0.040264132710581414,1.2150756874133053e-06,0.044007627988851404,22775,22775,0.4743033437669734,0.04878048780487805,1.4560099731854937e-07,0.040264132710581414,0.044007627988851404
1,random,536.0,12418,0,0.0,0.0,0.0,3,3,1.3300142824054505e-05,0.0,0.0,0.0,0.0
1,random_matched,536.0,12418,0,0.0,0.0,0.0,30672,30672,0.0051780476578953405,0.0,0.0,0.0,0.0
1,random,537.0,12418,0,0.0,0.0,0.0,2,2,1.8643806500036067e-07,0.0,0.0,0.0,0.0
1,random_matched,537.0,12418,0,0.0,0.0,0.0,30672,30672,0.0051780476578953405,0.0,0.0,0.0,0.0
1,random,538.0,12418,0,0.0,0.0,0.0,4,4,3.279432150545912e-06,0.0,0.0,0.0,0.0
1,random_matched,538.0,12418,0,0.0,0.0,0.0,24236,24236,0.018490401504566847,0.0,1.5752004340254977e-10,0.0,0.0
1,random,539.0,12418,0,0.0,0.0,0.0,3,3,4.182114292598018e-06,0.0,0.0,0.0,0.0
1,random_matched,539.0,12418,0,0.0,0.0,0.0,32596,32596,0.006959606886045406,0.0,0.0,0.0,0.0
1,random,540.0,12418,0,0.0,0.0,0.0,3,3,3.4551399672009285e-06,0.0,0.0,0.0,0.0
1,random_matched,540.0,12418,0,0.0,0.0,0.0,30672,30672,0.0051780476578953405,0.0,0.0,0.0,0.0
1,random,541.0,12418,0,0.0,0.0,0.0,121,121,0.00017002212631302675,0.0,0.0,0.0,0.0
1,random_matched,541.0,12418,25,0.20132066355290706,6.070085763608201e-06,0.35206102391081123,22275,22275,0.48107096504962393,0.25365853658536586,0.006134547716841173,0.20132066355290706,0.35206102391081123
1,random,542.0,12418,0,0.0,0.0,0.0,3,3,2.8475396546457965e-06,0.0,0.0,0.0,0.0
1,random_matched,542.0,12418,5,0.040264132710581414,1.2150756874133053e-06,0.044007627988851404,22775,22775,0.4743033437669734,0.04878048780487805,1.4560099731854937e-07,0.040264132710581414,0.044007627988851404
1,random,543.0,12418,0,0.0,0.0,0.0,3,3,9.977789680127215e-06,0.0,0.0,0.0,0.0
1,random_matched,543.0,12418,0,0.0,0.0,0.0,24236,24236,0.018490401504566847,0.0,1.5752004340254977e-10,0.0,0.0
1,random,544.0,12418,0,0.0,0.0,0.0,2,2,1.0918027691388027e-06,0.0,0.0,0.0,0.0
1,random_matched,544.0,12418,0,0.0,0.0,0.0,30672,30672,0.0051780476578953405,0.0,0.0,0.0,0.0
1,random,545.0,12418,0,0.0,0.0,0.0,2,2,1.0864376449661304e-07,0.0,0.0,0.0,0.0
1,random_matched,545.0,12418,0,0.0,0.0,0.0,30672,30672,0.0051780476578953405,0.0,0.0,0.0,0.0
1,random,546.0,12418,0,0.0,0.0,0.0,2,2,1.5612511342476245e-06,0.0,0.0,0.0,0.0
1,random_matched,546.0,12418,25,0.20132066355290706,6.070085763608201e-06,0.35206102391081123,22275,22275,0.48107096504962393,0.25365853658536586,0.006134547716841173,0.20132066355290706,0.35206102391081123
1,random,547.0,12418,1,0.008052826542116283,6.106930913452699e-10,0.014669209329617133,2948,2948,0.010854705813340063,0.00975609756097561,6.106930913452699e-12,0.008052826542116283,0.014669209329617133
1,random_matched,547.0,12418,0,0.0,0.0,0.0,32596,32596,0.006959606886045406,0.0,0.0,0.0,0.0
1,random,548.0,12418,0,0.0,0.0,0.0,3,3,3.35722645104966e-06,0.0,0.0,0.0,0.0
1,random_matched,548.0,12418,0,0.0,0.0,0.0,30672,30672,0.0051780476578953405,0.0,0.0,0.0,0.0
1,random,549.0,12418,0,0.0,0.0,0.0,2,2,1.0475404947142566e-06,0.0,0.0,0.0,0.0
1,random_matched,549.0,12418,0,0.0,0.0,0.0,32596,32596,0.006959606886045406,0.0,0.0,0.0,0.0
1,random,550.0,12418,0,0.0,0.0,0.0,2,2,3.3062577714092734e-06,0.0,0.0,0.0,0.0
1,random_matched,550.0,12418,0,0.0,0.0,0.0,30672,30672,0.0051780476578953405,0.0,0.0,0.0,0.0
1,random,551.0,12418,0,0.0,0.0,0.0,2,2,1.1360650435633489e-06,0.0,0.0,0.0,0.0
1,random_matched,551.0,12418,5,0.040264132710581414,1.2150756874133053e-06,0.044007627988851404,22775,22775,0.4743033437669734,0.04878048780487805,1.4560099731854937e-07,0.040264132710581414,0.044007627988851404
1,random,552.0,12418,0,0.0,0.0,0.0,2,2,3.401488725474206e-06,0.0,0.0,0.0,0.0
1,random_matched,552.0,12418,0,0.0,0.0,0.0,32596,32596,0.006959606886045406,0.0,0.0,0.0,0.0
1,random,553.0,12418,0,0.0,0.0,0.0,3,3,9.148877995449352e-06,0.0,0.0,0.0,0.0
1,random_matched,553.0,12418,25,0.20132066355290706,6.070085763608201e-06,0.35206102391081123,22275,22275,0.48107096504962393,0.25365853658536586,0.006134547716841173,0.20132066355290706,0.35206102391081123
1,random,554.0,12418,0,0.0,0.0,0.0,9,9,2.7768541436708394e-05,0.0,0.0,0.0,0.0
1,random_matched,554.0,12418,5,0.040264132710581414,1.2150756874133053e-06,0.044007627988851404,22775,22775,0.4743033437669734,0.04878048780487805,1.4560099731854937e-07,0.040264132710581414,0.044007627988851404
1,random,555.0,12418,0,0.0,0.0,0.0,2,2,3.487330712236962e-08,0.0,0.0,0.0,0.0
1,random_matched,555.0,12418,0,0.0,0.0,0.0,30672,30672,0.0051780476578953405,0.0,0.0,0.0,0.0
1,random,556.0,12418,0,0.0,0.0,0.0,2,2,0.0001547288398588245,0.0,0.0,0.0,0.0
1,random_matched,556.0,12418,25,0.20132066355290706,6.070085763608201e-06,0.35206102391081123,22275,22275,0.48107096504962393,0.25365853658536586,0.006134547716841173,0.20132066355290706,0.35206102391081123
1,random,557.0,12418,0,0.0,0.0,0.0,2,2,3.2378524382077022e-06,0.0,0.0,0.0,0.0
1,random_matched,557.0,12418,5,0.040264132710581414,1.2150756874133053e-06,0.044007627988851404,22775,22775,0.4743033437669734,0.04878048780487805,1.4560099731854937e-07,0.040264132710581414,0.044007627988851404
1,random,558.0,12418,0,0.0,0.0,0.0,35,35,0.00013194449877852862,0.0,0.0,0.0,0.0
1,random_matched,558.0,12418,25,0.20132066355290706,6.070085763608201e-06,0.35206102391081123,22275,22275,0.48107096504962393,0.25365853658536586,0.006134547716841173,0.20132066355290706,0.35206102391081123
1,random,559.0,12418,0,0.0,0.0,0.0,4,4,6.630622836901317e-05,0.0,0.0,0.0,0.0
1,random_matched,559.0,12418,5,0.040264132710581414,1.2150756874133053e-06,0.044007627988851404,22775,22775,0.4743033437669734,0.04878048780487805,1.4560099731854937e-07,0.040264132710581414,0.044007627988851404
1,random,560.0,12418,0,0.0,0.0,0.0,2,2,1.7999991599315397e-06,0.0,0.0,0.0,0.0
1,random_matched,560.0,12418,0,0.0,0.0,0.0,24236,24236,0.018490401504566847,0.0,1.5752004340254977e-10,0.0,0.0
1,random,561.0,12418,0,0.0,0.0,0.0,2,2,1.2782408341391633e-06,0.0,0.0,0.0,0.0
1,random_matched,561.0,12418,25,0.20132066355290706,6.070085763608201e-06,0.35206102391081123,22275,22275,0.48107096504962393,0.25365853658536586,0.006134547716841173,0.20132066355290706,0.35206102391081123
1,random,562.0,12418,0,0.0,0.0,0.0,4,4,7.5822617370290564e-06,0.0,0.0,0.0,0.0
1,random_matched,562.0,12418,25,0.20132066355290706,6.070085763608201e-06,0.35206102391081123,22275,22275,0.48107096504962393,0.25365853658536586,0.006134547716841173,0.20132066355290706,0.35206102391081123
1,random,563.0,12418,0,0.0,0.0,0.0,2,2,6.800294888862076e-06,0.0,0.0,0.0,0.0
1,random_matched,563.0,12418,0,0.0,0.0,0.0,32596,32596,0.006959606886045406,0.0,0.0,0.0,0.0
1,random,564.0,12418,0,0.0,0.0,0.0,9,9,0.003074391858757854,0.0,5.531516312254145e-06,0.0,0.0
1,random_matched,564.0,12418,25,0.20132066355290706,6.070085763608201e-06,0.35206102391081123,22275,22275,0.48107096504962393,0.25365853658536586,0.006134547716841173,0.20132066355290706,0.35206102391081123
1,random,565.0,12418,0,0.0,0.0,0.0,4,4,8.641873761131825e-06,0.0,0.0,0.0,0.0
1,random_matched,565.0,12418,0,0.0,0.0,0.0,24236,24236,0.018490401504566847,0.0,1.5752004340254977e-10,0.0,0.0
1,random,566.0,12418,0,0.0,0.0,0.0,3,3,4.418179756195597e-06,0.0,0.0,0.0,0.0
1,random_matched,566.0,12418,5,0.040264132710581414,1.2150756874133053e-06,0.044007627988851404,22775,22775,0.4743033437669734,0.04878048780487805,1.4560099731854937e-07,0.040264132710581414,0.044007627988851404
1,random,567.0,12418,0,0.0,0.0,0.0,3,3,2.1987620140654047e-05,0.0,0.0,0.0,0.0
1,random_matched,567.0,12418,25,0.20132066355290706,6.070085763608201e-06,0.35206102391081123,22275,22275,0.48107096504962393,0.25365853658536586,0.006134547716841173,0.20132066355290706,0.35206102391081123
1,random,568.0,12418,0,0.0,0.0,0.0,6,6,4.711249664127819e-05,0.0,0.0,0.0,0.0
1,random_matched,568.0,12418,25,0.20132066355290706,6.070085763608201e-06,0.35206102391081123,22275,22275,0.48107096504962393,0.25365853658536586,0.006134547716841173,0.20132066355290706,0.35206102391081123
1,random,569.0,12418,0,0.0,0.0,0.0,2,2,5.6333803813058615e-08,0.0,0.0,0.0,0.0
1,random_matched,569.0,12418,5,0.040264132710581414,1.2150756874133053e-06,0.044007627988851404,22775,22775,0.4743033437669734,0.04878048780487805,1.4560099731854937e-07,0.040264132710581414,0.044007627988851404
1,random,570.0,12418,0,0.0,0.0,0.0,4,4,1.6323390295355318e-06,0.0,0.0,0.0,0.0
1,random_matched,570.0,12418,25,0.20132066355290706,6.070085763608201e-06,0.35206102391081123,22275,22275,0.48107096504962393,0.25365853658536586,0.006134547716841173,0.20132066355290706,0.35206102391081123
1,random,571.0,12418,0,0.0,0.0,0.0,2,2,1.1897162852900712e-06,0.0,0.0,0.0,0.0
1,random_matched,571.0,12418,25,0.20132066355290706,6.070085763608201e-06,0.35206102391081123,22275,22275,0.48107096504962393,0.25365853658536586,0.006134547716841173,0.20132066355290706,0.35206102391081123
1,random,572.0,12418,0,0.0,0.0,0.0,2,2,1.0193735928077273e-07,0.0,0.0,0.0,0.0
1,random_matched,572.0,12418,25,0.20132066355290706,6.070085763608201e-06,0.35206102391081123,22275,22275,0.48107096504962393,0.25365853658536586,0.006134547716841173,0.20132066355290706,0.35206102391081123
1,random,573.0,12418,0,0.0,0.0,0.0,3,3,2.1143954364501334e-05,0.0,0.0,0.0,0.0
1,random_matched,573.0,12418,0,0.0,0.0,0.0,32596,32596,0.006959606886045406,0.0,0.0,0.0,0.0
1,random,574.0,12418,0,0.0,0.0,0.0,2,2,6.974661424473924e-07,0.0,0.0,0.0,0.0
1,random_matched,574.0,12418,0,0.0,0.0,0.0,24236,24236,0.018490401504566847,0.0,1.5752004340254977e-10,0.0,0.0
1,random,575.0,12418,0,0.0,0.0,0.0,2,2,1.702085643780271e-06,0.0,0.0,0.0,0.0
1,random_matched,575.0,12418,0,0.0,0.0,0.0,32596,32596,0.006959606886045406,0.0,0.0,0.0,0.0
1,random,576.0,12418,0,0.0,0.0,0.0,4,4,0.0001050638853923975,0.0,0.0,0.0,0.0
1,random_matched,576.0,12418,5,0.040264132710581414,1.2150756874133053e-06,0.044007627988851404,22775,22775,0.4743033437669734,0.04878048780487805,1.4560099731854937e-07,0.040264132710581414,0.044007627988851404
1,random,577.0,12418,0,0.0,0.0,0.0,5,5,1.70423169344934e-05,0.0,0.0,0.0,0.0
1,random_matched,577.0,12418,25,0.20132066355290706,6.070085763608201e-06,0.35206102391081123,22275,22275,0.48107096504962393,0.25365853658536586,0.006134547716841173,0.20132066355290706,0.35206102391081123
1,random,578.0,12418,0,0.0,0.0,0.0,2,2,4.560355546771412e-08,0.0,0.0,0.0,0.0
1,random_matched,578.0,12418,0,0.0,0.0,0.0,30672,30672,0.0051780476578953405,0.0,0.0,0.0,0.0
1,random,579.0,12418,0,0.0,0.0,0.0,2,2,1.9019365192123124e-06,0.0,0.0,0.0,0.0
1,random_matched,579.0,12418,0,0.0,0.0,0.0,30672,30672,0.0051780476578953405,0.0,0.0,0.0,0.0
1,random,580.0,12418,0,0.0,0.0,0.0,2,2,1.2044703767649199e-06,0.0,0.0,0.0,0.0
1,random_matched,580.0,12418,0,0.0,0.0,0.0,32596,32596,0.006959606886045406,0.0,0.0,0.0,0.0
1,random,581.0,12418,0,0.0,0.0,0.0,2,2,8.129638530745943e-05,0.0,0.0,0.0,0.0
1,random_matched,581.0,12418,0,0.0,0.0,0.0,24236,24236,0.018490401504566847,0.0,1.5752004340254977e-10,0.0,0.0
1,random,582.0,12418,0,0.0,0.0,0.0,2,2,6.491800248933422e-07,0.0,0.0,0.0,0.0
1,random_matched,582.0,12418,0,0.0,0.0,0.0,30672,30672,0.0051780476578953405,0.0,0.0,0.0,0.0
1,random,583.0,12418,0,0.0,0.0,0.0,3,3,3.1345737978837617e-06,0.0,0.0,0.0,0.0
1,random_matched,583.0,12418,0,0.0,0.0,0.0,32596,32596,0.006959606886045406,0.0,0.0,0.0,0.0
1,random,584.0,12418,0,0.0,0.0,0.0,11,11,5.220534076218732e-05,0.0,0.0,0.0,0.0
1,random_matched,584.0,12418,5,0.040264132710581414,1.2150756874133053e-06,0.044007627988851404,22775,22775,0.4743033437669734,0.04878048780487805,1.4560099731854937e-07,0.040264132710581414,0.044007627988851404
1,random,585.0,12418,0,0.0,0.0,0.0,11,11,9.112261022970864e-05,0.0,0.0,0.0,0.0
1,random_matched,585.0,12418,0,0.0,0.0,0.0,30672,30672,0.0051780476578953405,0.0,0.0,0.0,0.0
1,random,586.0,12418,0,0.0,0.0,0.0,2,2,6.974661424473924e-08,0.0,0.0,0.0,0.0
1,random_matched,586.0,12418,0,0.0,0.0,0.0,30672,30672,0.0051780476578953405,0.0,0.0,0.0,0.0
1,random,587.0,12418,0,0.0,0.0,0.0,2,2,1.334574637952222e-06,0.0,0.0,0.0,0.0
1,random_matched,587.0,12418,0,0.0,0.0,0.0,30672,30672,0.0051780476578953405,0.0,0.0,0.0,0.0
1,random,588.0,12418,0,0.0,0.0,0.0,2,2,1.9276891152411392e-05,0.0,0.0,0.0,0.0
1,random_matched,588.0,12418,5,0.040264132710581414,1.2150756874133053e-06,0.044007627988851404,22775,22775,0.4743033437669734,0.04878048780487805,1.4560099731854937e-07,0.040264132710581414,0.044007627988851404
1,random,589.0,12418,0,0.0,0.0,0.0,2,2,6.746643647135353e-07,0.0,0.0,0.0,0.0
1,random_matched,589.0,12418,25,0.20132066355290706,6.070085763608201e-06,0.35206102391081123,22275,22275,0.48107096504962393,0.25365853658536586,0.006134547716841173,0.20132066355290706,0.35206102391081123
1,random,590.0,12418,0,0.0,0.0,0.0,2,2,2.0119215647520934e-07,0.0,0.0,0.0,0.0
1,random_matched,590.0,12418,25,0.20132066355290706,6.070085763608201e-06,0.35206102391081123,22275,22275,0.48107096504962393,0.25365853658536586,0.006134547716841173,0.20132066355290706,0.35206102391081123
1,random,591.0,12418,0,0.0,0.0,0.0,2,2,5.181368669758225e-06,0.0,0.0,0.0,0.0
1,random_matched,591.0,12418,0,0.0,0.0,0.0,30672,30672,0.0051780476578953405,0.0,0.0,0.0,0.0
1,random,592.0,12418,0,0.0,0.0,0.0,2,2,5.230996068355443e-08,0.0,0.0,0.0,0.0
1,random_matched,592.0,12418,0,0.0,0.0,0.0,32596,32596,0.006959606886045406,0.0,0.0,0.0,0.0
1,random,593.0,12418,0,0.0,0.0,0.0,9,9,0.00017512435940123804,0.0,0.0,0.0,0.0
1,random_matched,593.0,12418,25,0.20132066355290706,6.070085763608201e-06,0.35206102391081123,22275,22275,0.48107096504962393,0.25365853658536586,0.006134547716841173,0.20132066355290706,0.35206102391081123
1,random,594.0,12418,0,0.0,0.0,0.0,2,2,6.572277111523505e-08,0.0,0.0,0.0,0.0
1,random_matched,594.0,12418,0,0.0,0.0,0.0,30672,30672,0.0051780476578953405,0.0,0.0,0.0,0.0
1,random,595.0,12418,0,0.0,0.0,0.0,2,2,1.6484344020535486e-06,0.0,0.0,0.0,0.0
1,random_matched,595.0,12418,0,0.0,0.0,0.0,24236,24236,0.018490401504566847,0.0,1.5752004340254977e-10,0.0,0.0
1,random,596.0,12418,0,0.0,0.0,0.0,2,2,1.378836912376768e-05,0.0,0.0,0.0,0.0
1,random_matched,596.0,12418,25,0.20132066355290706,6.070085763608201e-06,0.35206102391081123,22275,22275,0.48107096504962393,0.25365853658536586,0.006134547716841173,0.20132066355290706,0.35206102391081123
1,random,597.0,12418,0,0.0,0.0,0.0,2,2,2.2935905838173865e-07,0.0,0.0,0.0,0.0
1,random_matched,597.0,12418,25,0.20132066355290706,6.070085763608201e-06,0.35206102391081123,22275,22275,0.48107096504962393,0.25365853658536586,0.006134547716841173,0.20132066355290706,0.35206102391081123
1,random,598.0,12418,0,0.0,0.0,0.0,2,2,0.0018699563553000562,0.0,0.0,0.0,0.0
1,random_matched,598.0,12418,5,0.040264132710581414,1.2150756874133053e-06,0.044007627988851404,22775,22775,0.4743033437669734,0.04878048780487805,1.4560099731854937e-07,0.040264132710581414,0.044007627988851404
1,random,599.0,12418,0,0.0,0.0,0.0,2,2,1.0663184293186094e-06,0.0,0.0,0.0,0.0
1,random_matched,599.0,12418,25,0.20132066355290706,6.070085763608201e-06,0.35206102391081123,22275,22275,0.48107096504962393,0.25365853658536586,0.006134547716841173,0.20132066355290706,0.35206102391081123
1,random,600.0,12418,0,0.0,0.0,0.0,7,7,1.0137402124264215e-05,0.0,0.0,0.0,0.0
1,random_matched,600.0,12418,0,0.0,0.0,0.0,30672,30672,0.0051780476578953405,0.0,0.0,0.0,0.0
1,random,601.0,12418,0,0.0,0.0,0.0,6,6,0.0002696149263303417,0.0,0.0,0.0,0.0
1,random_matched,601.0,12418,5,0.040264132710581414,1.2150756874133053e-06,0.044007627988851404,22775,22775,0.4743033437669734,0.04878048780487805,1.4560099731854937e-07,0.040264132710581414,0.044007627988851404
1,random,602.0,12418,0,0.0,0.0,0.0,4,4,2.6184488524726913e-05,0.0,0.0,0.0,0.0
1,random_matched,602.0,12418,0,0.0,0.0,0.0,30672,30672,0.0051780476578953405,0.0,0.0,0.0,0.0
1,random,603.0,12418,0,0.0,0.0,0.0,2,2,4.8634850625273935e-06,0.0,0.0,0.0,0.0
1,random_matched,603.0,12418,0,0.0,0.0,0.0,32596,32596,0.006959606886045406,0.0,0.0,0.0,0.0
1,random,604.0,12418,0,0.0,0.0,0.0,7,7,1.7538590920465582e-05,0.0,0.0,0.0,0.0
1,random_matched,604.0,12418,0,0.0,0.0,0.0,30672,30672,0.0051780476578953405,0.0,0.0,0.0,0.0
1,random,605.0,12418,0,0.0,0.0,0.0,18,18,0.0006735242758268425,0.0,0.0,0.0,0.0
1,random_matched,605.0,12418,0,0.0,0.0,0.0,32596,32596,0.006959606886045406,0.0,0.0,0.0,0.0
1,random,606.0,12418,0,0.0,0.0,0.0,7,7,4.971324058398106e-05,0.0,0.0,0.0,0.0
1,random_matched,606.0,12418,25,0.20132066355290706,6.070085763608201e-06,0.35206102391081123,22275,22275,0.48107096504962393,0.25365853658536586,0.006134547716841173,0.20132066355290706,0.35206102391081123
1,random,607.0,12418,0,0.0,0.0,0.0,4,4,2.2292090937453196e-06,0.0,0.0,0.0,0.0
1,random_matched,607.0,12418,25,0.20132066355290706,6.070085763608201e-06,0.35206102391081123,22275,22275,0.48107096504962393,0.25365853658536586,0.006134547716841173,0.20132066355290706,0.35206102391081123
1,random,608.0,12418,0,0.0,0.0,0.0,2,2,3.21907450360335e-08,0.0,0.0,0.0,0.0
1,random_matched,608.0,12418,0,0.0,0.0,0.0,24236,24236,0.018490401504566847,0.0,1.5752004340254977e-10,0.0,0.0
1,random,609.0,12418,0,0.0,0.0,0.0,2,2,1.0207148738508955e-06,0.0,0.0,0.0,0.0
1,random_matched,609.0,12418,25,0.20132066355290706,6.070085763608201e-06,0.35206102391081123,22275,22275,0.48107096504962393,0.25365853658536586,0.006134547716841173,0.20132066355290706,0.35206102391081123
1,random,610.0,12418,0,0.0,0.0,0.0,7,7,7.373021894294838e-06,0.0,0.0,0.0,0.0
1,random_matched,610.0,12418,0,0.0,0.0,0.0,30672,30672,0.0051780476578953405,0.0,0.0,0.0,0.0
1,random,611.0,12418,0,0.0,0.0,0.0,4,4,4.938596800944805e-06,0.0,0.0,0.0,0.0
1,random_matched,611.0,12418,25,0.20132066355290706,6.070085763608201e-06,0.35206102391081123,22275,22275,0.48107096504962393,0.25365853658536586,0.006134547716841173,0.20132066355290706,0.35206102391081123
1,random,612.0,12418,0,0.0,0.0,0.0,2,2,1.0059607823760467e-07,0.0,0.0,0.0,0.0
1,random_matched,612.0,12418,0,0.0,0.0,0.0,32596,32596,0.006959606886045406,0.0,0.0,0.0,0.0
1,random,613.0,12418,0,0.0,0.0,0.0,2,2,4.157971233820993e-07,0.0,0.0,0.0,0.0
1,random_matched,613.0,12418,5,0.040264132710581414,1.2150756874133053e-06,0.044007627988851404,22775,22775,0.4743033437669734,0.04878048780487805,1.4560099731854937e-07,0.040264132710581414,0.044007627988851404
1,random,614.0,12418,0,0.0,0.0,0.0,4,4,1.115141059289927e-05,0.0,0.0,0.0,0.0
1,random_matched,614.0,12418,0,0.0,0.0,0.0,32596,32596,0.006959606886045406,0.0,0.0,0.0,0.0
1,random,615.0,12418,0,0.0,0.0,0.0,4,4,1.0659160450056591e-05,0.0,0.0,0.0,0.0
1,random_matched,615.0,12418,5,0.040264132710581414,1.2150756874133053e-06,0.044007627988851404,22775,22775,0.4743033437669734,0.04878048780487805,1.4560099731854937e-07,0.040264132710581414,0.044007627988851404
1,random,616.0,12418,0,0.0,0.0,0.0,2,2,3.012517222955468e-06,0.0,0.0,0.0,0.0
1,random_matched,616.0,12418,0,0.0,0.0,0.0,30672,30672,0.0051780476578953405,0.0,0.0,0.0,0.0
1,random,617.0,12418,0,0.0,0.0,0.0,2,2,2.0092390026657573e-06,0.0,0.0,0.0,0.0
1,random_matched,617.0,12418,0,0.0,0.0,0.0,32596,32596,0.006959606886045406,0.0,0.0,0.0,0.0
1,random,618.0,12418,0,0.0,0.0,0.0,3,3,1.1814003428224294e-05,0.0,0.0,0.0,0.0
1,random_matched,618.0,12418,0,0.0,0.0,0.0,24236,24236,0.018490401504566847,0.0,1.5752004340254977e-10,0.0,0.0
1,random,619.0,12418,0,0.0,0.0,0.0,9,9,3.442263669186515e-05,0.0,0.0,0.0,0.0
1,random_matched,619.0,12418,0,0.0,0.0,0.0,32596,32596,0.006959606886045406,0.0,0.0,0.0,0.0
1,random,620.0,12418,0,0.0,0.0,0.0,3,3,1.002339323559493e-05,0.0,0.0,0.0,0.0
1,random_matched,620.0,12418,5,0.040264132710581414,1.2150756874133053e-06,0.044007627988851404,22775,22775,0.4743033437669734,0.04878048780487805,1.4560099731854937e-07,0.040264132710581414,0.044007627988851404
1,random,621.0,12418,0,0.0,0.0,0.0,12,12,0.0003401207056455141,0.0,6.620147952896589e-07,0.0,0.0
1,random_matched,621.0,12418,0,0.0,0.0,0.0,24236,24236,0.018490401504566847,0.0,1.5752004340254977e-10,0.0,0.0
1,random,622.0,12418,0,0.0,0.0,0.0,9,9,1.3007743556643868e-05,0.0,0.0,0.0,0.0
1,random_matched,622.0,12418,0,0.0,0.0,0.0,32596,32596,0.006959606886045406,0.0,0.0,0.0,0.0
1,random,623.0,12418,0,0.0,0.0,0.0,5,5,4.750817454901276e-06,0.0,0.0,0.0,0.0
1,random_matched,623.0,12418,0,0.0,0.0,0.0,32596,32596,0.006959606886045406,0.0,0.0,0.0,0.0
1,random,624.0,12418,0,0.0,0.0,0.0,3,3,1.9648426001368945e-05,0.0,0.0,0.0,0.0
1,random_matched,624.0,12418,0,0.0,0.0,0.0,32596,32596,0.006959606886045406,0.0,0.0,0.0,0.0
1,random,625.0,12418,0,0.0,0.0,0.0,6,6,4.886286840261251e-06,0.0,0.0,0.0,0.0
1,random_matched,625.0,12418,0,0.0,0.0,0.0,24236,24236,0.018490401504566847,0.0,1.5752004340254977e-10,0.0,0.0
1,random,626.0,12418,0,0.0,0.0,0.0,8,8,4.994930604757864e-05,0.0,0.0,0.0,0.0
1,random_matched,626.0,12418,0,0.0,0.0,0.0,24236,24236,0.018490401504566847,0.0,1.5752004340254977e-10,0.0,0.0
1,random,627.0,12418,0,0.0,0.0,0.0,3,3,1.6347533354132345e-05,0.0,0.0,0.0,0.0
1,random_matched,627.0,12418,0,0.0,0.0,0.0,32596,32596,0.006959606886045406,0.0,0.0,0.0,0.0
1,random,628.0,12418,0,0.0,0.0,0.0,2,2,5.689982441327554e-05,0.0,0.0,0.0,0.0
1,random_matched,628.0,12418,5,0.040264132710581414,1.2150756874133053e-06,0.044007627988851404,22775,22775,0.4743033437669734,0.04878048780487805,1.4560099731854937e-07,0.040264132710581414,0.044007627988851404
1,random,629.0,12418,0,0.0,0.0,0.0,2,2,2.7040225830268134e-06,0.0,0.0,0.0,0.0
1,random_matched,629.0,12418,5,0.040264132710581414,1.2150756874133053e-06,0.044007627988851404,22775,22775,0.4743033437669734,0.04878048780487805,1.4560099731854937e-07,0.040264132710581414,0.044007627988851404
1,random,630.0,12418,0,0.0,0.0,0.0,2,2,2.0119215647520934e-07,0.0,0.0,0.0,0.0
1,random_matched,630.0,12418,0,0.0,0.0,0.0,24236,24236,0.018490401504566847,0.0,1.5752004340254977e-10,0.0,0.0
1,random,631.0,12418,0,0.0,0.0,0.0,2,2,1.5585685721612883e-06,0.0,0.0,0.0,0.0
1,random_matched,631.0,12418,5,0.040264132710581414,1.2150756874133053e-06,0.044007627988851404,22775,22775,0.4743033437669734,0.04878048780487805,1.4560099731854937e-07,0.040264132710581414,0.044007627988851404
1,random,632.0,12418,0,0.0,0.0,0.0,2,2,2.5537991061919906e-06,0.0,0.0,0.0,0.0
1,random_matched,632.0,12418,0,0.0,0.0,0.0,32596,32596,0.006959606886045406,0.0,0.0,0.0,0.0
1,random,633.0,12418,0,0.0,0.0,0.0,4,4,1.4818472964920752e-05,0.0,0.0,0.0,0.0
1,random_matched,633.0,12418,0,0.0,0.0,0.0,32596,32596,0.006959606886045406,0.0,0.0,0.0,0.0
1,random,634.0,12418,0,0.0,0.0,0.0,2,2,7.913558154691568e-07,0.0,0.0,0.0,0.0
1,random_matched,634.0,12418,5,0.040264132710581414,1.2150756874133053e-06,0.044007627988851404,22775,22775,0.4743033437669734,0.04878048780487805,1.4560099731854937e-07,0.040264132710581414,0.044007627988851404
1,random,635.0,12418,0,0.0,0.0,0.0,6,6,1.6766013039600778e-07,0.0,0.0,0.0,0.0
1,random_matched,635.0,12418,5,0.040264132710581414,1.2150756874133053e-06,0.044007627988851404,22775,22775,0.4743033437669734,0.04878048780487805,1.4560099731854937e-07,0.040264132710581414,0.044007627988851404
1,random,636.0,12418,0,0.0,0.0,0.0,2,2,2.2801777733857057e-06,0.0,0.0,0.0,0.0
1,random_matched,636.0,12418,0,0.0,0.0,0.0,30672,30672,0.0051780476578953405,0.0,0.0,0.0,0.0
1,random,637.0,12418,0,0.0,0.0,0.0,5,5,4.0705197098064355e-05,0.0,0.0,0.0,0.0
1,random_matched,637.0,12418,0,0.0,0.0,0.0,30672,30672,0.0051780476578953405,0.0,0.0,0.0,0.0
1,random,638.0,12418,0,0.0,0.0,0.0,2,2,3.884349901014709e-06,0.0,0.0,0.0,0.0
1,random_matched,638.0,12418,0,0.0,0.0,0.0,30672,30672,0.0051780476578953405,0.0,0.0,0.0,0.0
1,random,639.0,12418,0,0.0,0.0,0.0,4,4,1.0421753705415844e-05,0.0,0.0,0.0,0.0
1,random_matched,639.0,12418,5,0.040264132710581414,1.2150756874133053e-06,0.044007627988851404,22775,22775,0.4743033437669734,0.04878048780487805,1.4560099731854937e-07,0.040264132710581414,0.044007627988851404
1,random,640.0,12418,0,0.0,0.0,0.0,2,2,1.4579724939236836e-06,0.0,0.0,0.0,0.0
1,random_matched,640.0,12418,0,0.0,0.0,0.0,24236,24236,0.018490401504566847,0.0,1.5752004340254977e-10,0.0,0.0
1,random,641.0,12418,0,0.0,0.0,0.0,3,3,6.625928353250228e-06,0.0,0.0,0.0,0.0
1,random_matched,641.0,12418,0,0.0,0.0,0.0,32596,32596,0.006959606886045406,0.0,0.0,0.0,0.0
1,random,642.0,12418,0,0.0,0.0,0.0,2,2,7.858565631921677e-06,0.0,0.0,0.0,0.0
1,random_matched,642.0,12418,0,0.0,0.0,0.0,24236,24236,0.018490401504566847,0.0,1.5752004340254977e-10,0.0,0.0
1,random,643.0,12418,0,0.0,0.0,0.0,2,2,5.202829166448914e-06,0.0,0.0,0.0,0.0
1,random_matched,643.0,12418,0,0.0,0.0,0.0,32596,32596,0.006959606886045406,0.0,0.0,0.0,0.0
1,random,644.0,12418,0,0.0,0.0,0.0,2,2,3.0487318111210054e-06,0.0,0.0,0.0,0.0
1,random_matched,644.0,12418,25,0.20132066355290706,6.070085763608201e-06,0.35206102391081123,22275,22275,0.48107096504962393,0.25365853658536586,0.006134547716841173,0.20132066355290706,0.35206102391081123
1,random,645.0,12418,0,0.0,0.0,0.0,62,62,0.0005125732332087613,0.0,0.0,0.0,0.0
1,random_matched,645.0,12418,25,0.20132066355290706,6.070085763608201e-06,0.35206102391081123,22275,22275,0.48107096504962393,0.25365853658536586,0.006134547716841173,0.20132066355290706,0.35206102391081123
1,random,646.0,12418,0,0.0,0.0,0.0,2,2,6.760056457567033e-07,0.0,0.0,0.0,0.0
1,random_matched,646.0,12418,0,0.0,0.0,0.0,24236,24236,0.018490401504566847,0.0,1.5752004340254977e-10,0.0,0.0
1,random,647.0,12418,0,0.0,0.0,0.0,12,12,0.008160254611837297,0.0,0.0,0.0,0.0
1,random_matched,647.0,12418,0,0.0,0.0,0.0,24236,24236,0.018490401504566847,0.0,1.5752004340254977e-10,0.0,0.0
1,random,648.0,12418,0,0.0,0.0,0.0,2,2,1.1937401284195754e-07,0.0,0.0,0.0,0.0
1,random_matched,648.0,12418,25,0.20132066355290706,6.070085763608201e-06,0.35206102391081123,22275,22275,0.48107096504962393,0.25365853658536586,0.006134547716841173,0.20132066355290706,0.35206102391081123
1,random,649.0,12418,0,0.0,0.0,0.0,3,3,6.11221771371686e-06,0.0,0.0,0.0,0.0
1,random_matched,649.0,12418,25,0.20132066355290706,6.070085763608201e-06,0.35206102391081123,22275,22275,0.48107096504962393,0.25365853658536586,0.006134547716841173,0.20132066355290706,0.35206102391081123
1,random,650.0,12418,0,0.0,0.0,0.0,3,3,0.00010090189031544699,0.0,0.0,0.0,0.0
1,random_matched,650.0,12418,0,0.0,0.0,0.0,24236,24236,0.018490401504566847,0.0,1.5752004340254977e-10,0.0,0.0
1,random,651.0,12418,0,0.0,0.0,0.0,2,2,6.585689921955186e-07,0.0,0.0,0.0,0.0
1,random_matched,651.0,12418,0,0.0,0.0,0.0,32596,32596,0.006959606886045406,0.0,0.0,0.0,0.0
1,random,652.0,12418,0,0.0,0.0,0.0,3,3,2.7952296939622417e-06,0.0,0.0,0.0,0.0
1,random_matched,652.0,12418,25,0.20132066355290706,6.070085763608201e-06,0.35206102391081123,22275,22275,0.48107096504962393,0.25365853658536586,0.006134547716841173,0.20132066355290706,0.35206102391081123
1,random,653.0,12418,0,0.0,0.0,0.0,2,2,1.030103841153072e-06,0.0,0.0,0.0,0.0
1,random_matched,653.0,12418,0,0.0,0.0,0.0,30672,30672,0.0051780476578953405,0.0,0.0,0.0,0.0
1,random,654.0,12418,0,0.0,0.0,0.0,23,23,0.0002824201364494672,0.0,0.0,0.0,0.0
1,random_matched,654.0,12418,0,0.0,0.0,0.0,30672,30672,0.0051780476578953405,0.0,0.0,0.0,0.0
1,random,655.0,12418,0,0.0,0.0,0.0,2,2,1.4928458010460533e-06,0.0,0.0,0.0,0.0
1,random_matched,655.0,12418,0,0.0,0.0,0.0,24236,24236,0.018490401504566847,0.0,1.5752004340254977e-10,0.0,0.0
1,random,656.0,12418,0,0.0,0.0,0.0,3,3,1.5384493565137675e-06,0.0,0.0,0.0,0.0
1,random_matched,656.0,12418,0,0.0,0.0,0.0,32596,32596,0.006959606886045406,0.0,0.0,0.0,0.0
1,random,657.0,12418,0,0.0,0.0,0.0,3,3,1.7275699836004642e-06,0.0,0.0,0.0,0.0
1,random_matched,657.0,12418,5,0.040264132710581414,1.2150756874133053e-06,0.044007627988851404,22775,22775,0.4743033437669734,0.04878048780487805,1.4560099731854937e-07,0.040264132710581414,0.044007627988851404
1,random,658.0,12418,0,0.0,0.0,0.0,4,4,5.652158315910214e-06,0.0,0.0,0.0,0.0
1,random_matched,658.0,12418,0,0.0,0.0,0.0,32596,32596,0.006959606886045406,0.0,0.0,0.0,0.0
1,random,659.0,12418,0,0.0,0.0,0.0,2,2,5.544855832456769e-06,0.0,0.0,0.0,0.0
1,random_matched,659.0,12418,0,0.0,0.0,0.0,32596,32596,0.006959606886045406,0.0,0.0,0.0,0.0
1,random,660.0,12418,0,0.0,0.0,0.0,5,5,1.4780917095712047e-06,0.0,0.0,0.0,0.0
1,random_matched,660.0,12418,0,0.0,0.0,0.0,24236,24236,0.018490401504566847,0.0,1.5752004340254977e-10,0.0,0.0
1,random,661.0,12418,0,0.0,0.0,0.0,3,3,0.0002942676719037707,0.0,0.0,0.0,0.0
1,random_matched,661.0,12418,0,0.0,0.0,0.0,30672,30672,0.0051780476578953405,0.0,0.0,0.0,0.0
1,random,662.0,12418,0,0.0,0.0,0.0,2,2,1.4540827788984963e-05,0.0,0.0,0.0,0.0
1,random_matched,662.0,12418,0,0.0,0.0,0.0,32596,32596,0.006959606886045406,0.0,0.0,0.0,0.0
1,random,663.0,12418,0,0.0,0.0,0.0,2,2,6.2691475957675234e-06,0.0,0.0,0.0,0.0
1,random_matched,663.0,12418,0,0.0,0.0,0.0,32596,32596,0.006959606886045406,0.0,0.0,0.0,0.0
1,random,664.0,12418,0,0.0,0.0,0.0,2,2,3.6214588165537685e-08,0.0,0.0,0.0,0.0
1,random_matched,664.0,12418,25,0.20132066355290706,6.070085763608201e-06,0.35206102391081123,22275,22275,0.48107096504962393,0.25365853658536586,0.006134547716841173,0.20132066355290706,0.35206102391081123
1,random,665.0,12418,0,0.0,0.0,0.0,4,4,9.375554491744755e-07,0.0,0.0,0.0,0.0
1,random_matched,665.0,12418,0,0.0,0.0,0.0,30672,30672,0.0051780476578953405,0.0,0.0,0.0,0.0
1,random,666.0,12418,0,0.0,0.0,0.0,3,3,1.3286730013622826e-05,0.0,0.0,0.0,0.0
1,random_matched,666.0,12418,25,0.20132066355290706,6.070085763608201e-06,0.35206102391081123,22275,22275,0.48107096504962393,0.25365853658536586,0.006134547716841173,0.20132066355290706,0.35206102391081123
1,random,667.0,12418,0,0.0,0.0,0.0,35,35,5.134692089455976e-05,0.0,0.0,0.0,0.0
1,random_matched,667.0,12418,0,0.0,0.0,0.0,32596,32596,0.006959606886045406,0.0,0.0,0.0,0.0
1,random,668.0,12418,0,0.0,0.0,0.0,2,2,7.645301946057956e-08,0.0,0.0,0.0,0.0
1,random_matched,668.0,12418,0,0.0,0.0,0.0,24236,24236,0.018490401504566847,0.0,1.5752004340254977e-10,0.0,0.0
1,random,669.0,12418,0,0.0,0.0,0.0,2,2,1.1243958984877865e-05,0.0,0.0,0.0,0.0
1,random_matched,669.0,12418,0,0.0,0.0,0.0,32596,32596,0.006959606886045406,0.0,0.0,0.0,0.0
1,random,670.0,12418,0,0.0,0.0,0.0,5,5,5.662888564255559e-06,0.0,0.0,0.0,0.0
1,random_matched,670.0,12418,0,0.0,0.0,0.0,30672,30672,0.0051780476578953405,0.0,0.0,0.0,0.0
1,random,671.0,12418,0,0.0,0.0,0.0,6,6,4.063276792173328e-05,0.0,0.0,0.0,0.0
1,random_matched,671.0,12418,0,0.0,0.0,0.0,24236,24236,0.018490401504566847,0.0,1.5752004340254977e-10,0.0,0.0
1,random,672.0,12418,0,0.0,0.0,0.0,3,3,1.7684790554170902e-05,0.0,0.0,0.0,0.0
1,random_matched,672.0,12418,25,0.20132066355290706,6.070085763608201e-06,0.35206102391081123,22275,22275,0.48107096504962393,0.25365853658536586,0.006134547716841173,0.20132066355290706,0.35206102391081123
1,random,673.0,12418,0,0.0,0.0,0.0,2,2,2.8944844911566784e-06,0.0,0.0,0.0,0.0
1,random_matched,673.0,12418,5,0.040264132710581414,1.2150756874133053e-06,0.044007627988851404,22775,22775,0.4743033437669734,0.04878048780487805,1.4560099731854937e-07,0.040264132710581414,0.044007627988851404
1,random,674.0,12418,0,0.0,0.0,0.0,2,2,1.1105807037431556e-06,0.0,0.0,0.0,0.0
1,random_matched,674.0,12418,0,0.0,0.0,0.0,30672,30672,0.0051780476578953405,0.0,0.0,0.0,0.0
1,random,675.0,12418,0,0.0,0.0,0.0,2,2,1.7932927547156992e-06,0.0,0.0,0.0,0.0
1,random_matched,675.0,12418,0,0.0,0.0,0.0,32596,32596,0.006959606886045406,0.0,0.0,0.0,0.0
1,random,676.0,12418,0,0.0,0.0,0.0,14,14,0.0817423800322474,0.0,0.0001110464013982416,0.0,0.0
1,random_matched,676.0,12418,0,0.0,0.0,0.0,30672,30672,0.0051780476578953405,0.0,0.0,0.0,0.0
1,random,677.0,12418,0,0.0,0.0,0.0,2,2,3.39880616338787e-06,0.0,0.0,0.0,0.0
1,random_matched,677.0,12418,0,0.0,0.0,0.0,32596,32596,0.006959606886045406,0.0,0.0,0.0,0.0
1,random,678.0,12418,0,0.0,0.0,0.0,10,10,3.540981953963684e-07,0.0,0.0,0.0,0.0
1,random_matched,678.0,12418,0,0.0,0.0,0.0,24236,24236,0.018490401504566847,0.0,1.5752004340254977e-10,0.0,0.0
1,random,679.0,12418,0,0.0,0.0,0.0,2,2,6.773469267998715e-07,0.0,0.0,0.0,0.0
1,random_matched,679.0,12418,0,0.0,0.0,0.0,30672,30672,0.0051780476578953405,0.0,0.0,0.0,0.0
1,random,680.0,12418,0,0.0,0.0,0.0,2,2,6.859311254761471e-06,0.0,0.0,0.0,0.0
1,random_matched,680.0,12418,0,0.0,0.0,0.0,32596,32596,0.006959606886045406,0.0,0.0,0.0,0.0
1,random,681.0,12418,0,0.0,0.0,0.0,2,2,3.6214588165537685e-08,0.0,0.0,0.0,0.0
1,random_matched,681.0,12418,0,0.0,0.0,0.0,24236,24236,0.018490401504566847,0.0,1.5752004340254977e-10,0.0,0.0
1,random,682.0,12418,0,0.0,0.0,0.0,2,2,2.1795816951481012e-06,0.0,0.0,0.0,0.0
1,random_matched,682.0,12418,0,0.0,0.0,0.0,24236,24236,0.018490401504566847,0.0,1.5752004340254977e-10,0.0,0.0
1,random,683.0,12418,0,0.0,0.0,0.0,2,2,1.9716831334570515e-07,0.0,0.0,0.0,0.0
1,random_matched,683.0,12418,5,0.040264132710581414,1.2150756874133053e-06,0.044007627988851404,22775,22775,0.4743033437669734,0.04878048780487805,1.4560099731854937e-07,0.040264132710581414,0.044007627988851404
1,random,684.0,12418,0,0.0,0.0,0.0,3,3,1.6095372518016747e-06,0.0,0.0,0.0,0.0
1,random_matched,684.0,12418,25,0.20132066355290706,6.070085763608201e-06,0.35206102391081123,22275,22275,0.48107096504962393,0.25365853658536586,0.006134547716841173,0.20132066355290706,0.35206102391081123
1,random,685.0,12418,2,0.016105653084232566,2.9883248603161874e-07,0.0,70,70,0.0013386749341011868,0.02926829268292683,4.4824872904742806e-09,0.016105653084232566,0.0
1,random_matched,685.0,12418,0,0.0,0.0,0.0,24236,24236,0.018490401504566847,0.0,1.5752004340254977e-10,0.0,0.0
1,random,686.0,12418,0,0.0,0.0,0.0,2,2,2.8690001513364853e-06,0.0,0.0,0.0,0.0
1,random_matched,686.0,12418,0,0.0,0.0,0.0,24236,24236,0.018490401504566847,0.0,1.5752004340254977e-10,0.0,0.0
1,random,687.0,12418,0,0.0,0.0,0.0,2,2,1.4110276574128015e-06,0.0,0.0,0.0,0.0
1,random_matched,687.0,12418,0,0.0,0.0,0.0,32596,32596,0.006959606886045406,0.0,0.0,0.0,0.0
1,random,688.0,12418,0,0.0,0.0,0.0,2,2,1.4217579057581461e-06,0.0,0.0,0.0,0.0
1,random_matched,688.0,12418,0,0.0,0.0,0.0,32596,32596,0.006959606886045406,0.0,0.0,0.0,0.0
1,random,689.0,12418,0,0.0,0.0,0.0,4,4,1.3930544914343495e-05,0.0,0.0,0.0,0.0
1,random_matched,689.0,12418,0,0.0,0.0,0.0,32596,32596,0.006959606886045406,0.0,0.0,0.0,0.0
1,random,690.0,12418,0,0.0,0.0,0.0,3,3,9.274958413507152e-06,0.0,0.0,0.0,0.0
1,random_matched,690.0,12418,5,0.040264132710581414,1.2150756874133053e-06,0.044007627988851404,22775,22775,0.4743033437669734,0.04878048780487805,1.4560099731854937e-07,0.040264132710581414,0.044007627988851404
1,random,691.0,12418,0,0.0,0.0,0.0,3,3,3.9782395740364725e-06,0.0,0.0,0.0,0.0
1,random_matched,691.0,12418,5,0.040264132710581414,1.2150756874133053e-06,0.044007627988851404,22775,22775,0.4743033437669734,0.04878048780487805,1.4560099731854937e-07,0.040264132710581414,0.044007627988851404
1,random,692.0,12418,0,0.0,0.0,0.0,4,4,2.7655873829082276e-05,0.0,0.0,0.0,0.0
1,random_matched,692.0,12418,0,0.0,0.0,0.0,32596,32596,0.006959606886045406,0.0,0.0,0.0,0.0
1,random,693.0,12418,0,0.0,0.0,0.0,2,2,1.0461992136710885e-07,0.0,0.0,0.0,0.0
1,random_matched,693.0,12418,5,0.040264132710581414,1.2150756874133053e-06,0.044007627988851404,22775,22775,0.4743033437669734,0.04878048780487805,1.4560099731854937e-07,0.040264132710581414,0.044007627988851404
1,random,694.0,12418,0,0.0,0.0,0.0,96,96,0.0006076579876399884,0.0,0.0,0.0,0.0
1,random_matched,694.0,12418,0,0.0,0.0,0.0,24236,24236,0.018490401504566847,0.0,1.5752004340254977e-10,0.0,0.0
1,random,695.0,12418,0,0.0,0.0,0.0,2,2,6.2691475957675234e-06,0.0,0.0,0.0,0.0
1,random_matched,695.0,12418,0,0.0,0.0,0.0,32596,32596,0.006959606886045406,0.0,0.0,0.0,0.0
1,random,696.0,12418,0,0.0,0.0,0.0,377,377,0.0003065725841937945,0.0,0.0,0.0,0.0
1,random_matched,696.0,12418,0,0.0,0.0,0.0,24236,24236,0.018490401504566847,0.0,1.5752004340254977e-10,0.0,0.0
1,random,697.0,12418,0,0.0,0.0,0.0,2,2,7.833081292101484e-07,0.0,0.0,0.0,0.0
1,random_matched,697.0,12418,0,0.0,0.0,0.0,32596,32596,0.006959606886045406,0.0,0.0,0.0,0.0
1,random,698.0,12418,0,0.0,0.0,0.0,3,3,3.7824125417339355e-07,0.0,0.0,0.0,0.0
1,random_matched,698.0,12418,25,0.20132066355290706,6.070085763608201e-06,0.35206102391081123,22275,22275,0.48107096504962393,0.25365853658536586,0.006134547716841173,0.20132066355290706,0.35206102391081123
1,random,699.0,12418,0,0.0,0.0,0.0,2,2,1.954246479895867e-06,0.0,0.0,0.0,0.0
1,random_matched,699.0,12418,25,0.20132066355290706,6.070085763608201e-06,0.35206102391081123,22275,22275,0.48107096504962393,0.25365853658536586,0.006134547716841173,0.20132066355290706,0.35206102391081123
1,random,700.0,12418,0,0.0,0.0,0.0,2,2,3.6751100582804907e-07,0.0,0.0,0.0,0.0
1,random_matched,700.0,12418,0,0.0,0.0,0.0,30672,30672,0.0051780476578953405,0.0,0.0,0.0,0.0
1,random,701.0,12418,1,0.008052826542116283,0.0,0.0,8,8,0.00031343323672959915,0.0,0.0,0.008052826542116283,0.0
1,random_matched,701.0,12418,5,0.040264132710581414,1.2150756874133053e-06,0.044007627988851404,22775,22775,0.4743033437669734,0.04878048780487805,1.4560099731854937e-07,0.040264132710581414,0.044007627988851404
1,random,702.0,12418,0,0.0,0.0,0.0,3,3,4.757523860117117e-06,0.0,0.0,0.0,0.0
1,random_matched,702.0,12418,0,0.0,0.0,0.0,32596,32596,0.006959606886045406,0.0,0.0,0.0,0.0
1,random,703.0,12418,0,0.0,0.0,0.0,3,3,1.3654241019450873e-06,0.0,0.0,0.0,0.0
1,random_matched,703.0,12418,0,0.0,0.0,0.0,24236,24236,0.018490401504566847,0.0,1.5752004340254977e-10,0.0,0.0
1,random,704.0,12418,0,0.0,0.0,0.0,3,3,5.230996068355443e-08,0.0,0.0,0.0,0.0
1,random_matched,704.0,12418,0,0.0,0.0,0.0,30672,30672,0.0051780476578953405,0.0,0.0,0.0,0.0
1,random,705.0,12418,0,0.0,0.0,0.0,36,36,0.01584856205198235,0.0,0.0,0.0,0.0
1,random_matched,705.0,12418,0,0.0,0.0,0.0,24236,24236,0.018490401504566847,0.0,1.5752004340254977e-10,0.0,0.0
1,random,706.0,12418,0,0.0,0.0,0.0,2,2,1.1647684578871454e-05,0.0,0.0,0.0,0.0
1,random_matched,706.0,12418,0,0.0,0.0,0.0,32596,32596,0.006959606886045406,0.0,0.0,0.0,0.0
1,random,707.0,12418,0,0.0,0.0,0.0,2,2,1.1803273179878948e-07,0.0,0.0,0.0,0.0
1,random_matched,707.0,12418,25,0.20132066355290706,6.070085763608201e-06,0.35206102391081123,22275,22275,0.48107096504962393,0.25365853658536586,0.006134547716841173,0.20132066355290706,0.35206102391081123
1,random,708.0,12418,0,0.0,0.0,0.0,10,10,0.0005110455141005929,0.0,0.0,0.0,0.0
1,random_matched,708.0,12418,0,0.0,0.0,0.0,24236,24236,0.018490401504566847,0.0,1.5752004340254977e-10,0.0,0.0
1,random,709.0,12418,0,0.0,0.0,0.0,14,14,0.0007475442114751151,0.0,0.0,0.0,0.0
1,random_matched,709.0,12418,25,0.20132066355290706,6.070085763608201e-06,0.35206102391081123,22275,22275,0.48107096504962393,0.25365853658536586,0.006134547716841173,0.20132066355290706,0.35206102391081123
1,random,710.0,12418,0,0.0,0.0,0.0,4,4,2.2801777733857057e-06,0.0,0.0,0.0,0.0
1,random_matched,710.0,12418,0,0.0,0.0,0.0,30672,30672,0.0051780476578953405,0.0,0.0,0.0,0.0
1,random,711.0,12418,0,0.0,0.0,0.0,2,2,4.554990422598739e-06,0.0,0.0,0.0,0.0
1,random_matched,711.0,12418,0,0.0,0.0,0.0,24236,24236,0.018490401504566847,0.0,1.5752004340254977e-10,0.0,0.0
1,random,712.0,12418,0,0.0,0.0,0.0,3,3,5.697359487064978e-05,0.0,0.0,0.0,0.0
1,random_matched,712.0,12418,0,0.0,0.0,0.0,30672,30672,0.0051780476578953405,0.0,0.0,0.0,0.0
1,random,713.0,12418,0,0.0,0.0,0.0,2,2,1.8241422187085647e-06,0.0,0.0,0.0,0.0
1,random_matched,713.0,12418,0,0.0,0.0,0.0,30672,30672,0.0051780476578953405,0.0,0.0,0.0,0.0
1,random,714.0,12418,0,0.0,0.0,0.0,2,2,1.5196714219094146e-06,0.0,0.0,0.0,0.0
1,random_matched,714.0,12418,0,0.0,0.0,0.0,24236,24236,0.018490401504566847,0.0,1.5752004340254977e-10,0.0,0.0
1,random,715.0,12418,0,0.0,0.0,0.0,2,2,1.1306999193906764e-06,0.0,0.0,0.0,0.0
1,random_matched,715.0,12418,0,0.0,0.0,0.0,30672,30672,0.0051780476578953405,0.0,0.0,0.0,0.0
1,random,716.0,12418,0,0.0,0.0,0.0,2,2,4.0238431295041866e-08,0.0,0.0,0.0,0.0
1,random_matched,716.0,12418,5,0.040264132710581414,1.2150756874133053e-06,0.044007627988851404,22775,22775,0.4743033437669734,0.04878048780487805,1.4560099731854937e-07,0.040264132710581414,0.044007627988851404
1,random,717.0,12418,0,0.0,0.0,0.0,2,2,1.892547551910136e-06,0.0,0.0,0.0,0.0
1,random_matched,717.0,12418,0,0.0,0.0,0.0,24236,24236,0.018490401504566847,0.0,1.5752004340254977e-10,0.0,0.0
1,random,718.0,12418,0,0.0,0.0,0.0,4,4,6.393886732782153e-06,0.0,0.0,0.0,0.0
1,random_matched,718.0,12418,5,0.040264132710581414,1.2150756874133053e-06,0.044007627988851404,22775,22775,0.4743033437669734,0.04878048780487805,1.4560099731854937e-07,0.040264132710581414,0.044007627988851404
1,random,719.0,12418,0,0.0,0.0,0.0,2,2,5.137106395333679e-07,0.0,0.0,0.0,0.0
1,random_matched,719.0,12418,25,0.20132066355290706,6.070085763608201e-06,0.35206102391081123,22275,22275,0.48107096504962393,0.25365853658536586,0.006134547716841173,0.20132066355290706,0.35206102391081123
1,random,720.0,12418,0,0.0,0.0,0.0,2,2,1.635021591621868e-06,0.0,0.0,0.0,0.0
1,random_matched,720.0,12418,0,0.0,0.0,0.0,30672,30672,0.0051780476578953405,0.0,0.0,0.0,0.0
1,random,721.0,12418,0,0.0,0.0,0.0,10,10,3.8763022147557003e-07,0.0,0.0,0.0,0.0
1,random_matched,721.0,12418,0,0.0,0.0,0.0,30672,30672,0.0051780476578953405,0.0,0.0,0.0,0.0
1,random,722.0,12418,0,0.0,0.0,0.0,7,7,3.870937090583028e-06,0.0,0.0,0.0,0.0
1,random_matched,722.0,12418,0,0.0,0.0,0.0,24236,24236,0.018490401504566847,0.0,1.5752004340254977e-10,0.0,0.0
1,random,723.0,12418,0,0.0,0.0,0.0,4,4,1.115141059289927e-05,0.0,0.0,0.0,0.0
1,random_matched,723.0,12418,0,0.0,0.0,0.0,30672,30672,0.0051780476578953405,0.0,0.0,0.0,0.0
1,random,724.0,12418,0,0.0,0.0,0.0,6,6,8.302529657210305e-07,0.0,0.0,0.0,0.0
1,random_matched,724.0,12418,0,0.0,0.0,0.0,32596,32596,0.006959606886045406,0.0,0.0,0.0,0.0
1,random,725.0,12418,0,0.0,0.0,0.0,2,2,2.0964222704716814e-06,0.0,0.0,0.0,0.0
1,random_matched,725.0,12418,0,0.0,0.0,0.0,24236,24236,0.018490401504566847,0.0,1.5752004340254977e-10,0.0,0.0
1,random,726.0,12418,0,0.0,0.0,0.0,3,3,0.00039420920499230933,0.0,0.0,0.0,0.0
1,random_matched,726.0,12418,0,0.0,0.0,0.0,30672,30672,0.0051780476578953405,0.0,0.0,0.0,0.0
1,random,727.0,12418,0,0.0,0.0,0.0,7,7,1.929701036805891e-05,0.0,0.0,0.0,0.0
1,random_matched,727.0,12418,0,0.0,0.0,0.0,30672,30672,0.0051780476578953405,0.0,0.0,0.0,0.0
1,random,728.0,12418,0,0.0,0.0,0.0,2,2,2.820714033782435e-06,0.0,0.0,0.0,0.0
1,random_matched,728.0,12418,5,0.040264132710581414,1.2150756874133053e-06,0.044007627988851404,22775,22775,0.4743033437669734,0.04878048780487805,1.4560099731854937e-07,0.040264132710581414,0.044007627988851404
1,random,729.0,12418,0,0.0,0.0,0.0,6,6,2.588001772792776e-05,0.0,0.0,0.0,0.0
1,random_matched,729.0,12418,25,0.20132066355290706,6.070085763608201e-06,0.35206102391081123,22275,22275,0.48107096504962393,0.25365853658536586,0.006134547716841173,0.20132066355290706,0.35206102391081123
1,random,730.0,12418,0,0.0,0.0,0.0,2,2,8.222052794620222e-07,0.0,0.0,0.0,0.0
1,random_matched,730.0,12418,0,0.0,0.0,0.0,30672,30672,0.0051780476578953405,0.0,0.0,0.0,0.0
1,random,731.0,12418,0,0.0,0.0,0.0,2,2,2.1420258259393955e-06,0.0,0.0,0.0,0.0
1,random_matched,731.0,12418,0,0.0,0.0,0.0,30672,30672,0.0051780476578953405,0.0,0.0,0.0,0.0
1,random,732.0,12418,0,0.0,0.0,0.0,16,16,4.624602908739162e-05,0.0,0.0,0.0,0.0
1,random_matched,732.0,12418,25,0.20132066355290706,6.070085763608201e-06,0.35206102391081123,22275,22275,0.48107096504962393,0.25365853658536586,0.006134547716841173,0.20132066355290706,0.35206102391081123
1,random,733.0,12418,0,0.0,0.0,0.0,2,2,1.810729408276884e-07,0.0,0.0,0.0,0.0
1,random_matched,733.0,12418,0,0.0,0.0,0.0,32596,32596,0.006959606886045406,0.0,0.0,0.0,0.0
1,random,734.0,12418,0,0.0,0.0,0.0,7,7,2.78396293319963e-05,0.0,0.0,0.0,0.0
1,random_matched,734.0,12418,25,0.20132066355290706,6.070085763608201e-06,0.35206102391081123,22275,22275,0.48107096504962393,0.25365853658536586,0.006134547716841173,0.20132066355290706,0.35206102391081123
1,random,735.0,12418,0,0.0,0.0,0.0,18,18,3.2889552459524054e-05,0.0,0.0,0.0,0.0
1,random_matched,735.0,12418,0,0.0,0.0,0.0,30672,30672,0.0051780476578953405,0.0,0.0,0.0,0.0
1,random,736.0,12418,0,0.0,0.0,0.0,2,2,2.1608037605437484e-06,0.0,0.0,0.0,0.0
1,random_matched,736.0,12418,25,0.20132066355290706,6.070085763608201e-06,0.35206102391081123,22275,22275,0.48107096504962393,0.25365853658536586,0.006134547716841173,0.20132066355290706,0.35206102391081123
1,random,737.0,12418,0,0.0,0.0,0.0,4,4,1.3439636052543984e-05,0.0,0.0,0.0,0.0
1,random_matched,737.0,12418,0,0.0,0.0,0.0,30672,30672,0.0051780476578953405,0.0,0.0,0.0,0.0
1,random,738.0,12418,0,0.0,0.0,0.0,3,3,6.947835803610563e-07,0.0,0.0,0.0,0.0
1,random_matched,738.0,12418,25,0.20132066355290706,6.070085763608201e-06,0.35206102391081123,22275,22275,0.48107096504962393,0.25365853658536586,0.006134547716841173,0.20132066355290706,0.35206102391081123
1,random,739.0,12418,0,0.0,0.0,0.0,21,21,9.444362209259277e-05,0.0,0.0,0.0,0.0
1,random_matched,739.0,12418,25,0.20132066355290706,6.070085763608201e-06,0.35206102391081123,22275,22275,0.48107096504962393,0.25365853658536586,0.006134547716841173,0.20132066355290706,0.35206102391081123
1,random,740.0,12418,0,0.0,0.0,0.0,2,2,1.0850963639229625e-06,0.0,0.0,0.0,0.0
1,random_matched,740.0,12418,0,0.0,0.0,0.0,30672,30672,0.0051780476578953405,0.0,0.0,0.0,0.0
1,random,741.0,12418,0,0.0,0.0,0.0,5,5,7.792842860806442e-07,0.0,0.0,0.0,0.0
1,random_matched,741.0,12418,0,0.0,0.0,0.0,30672,30672,0.0051780476578953405,0.0,0.0,0.0,0.0
1,random,742.0,12418,0,0.0,0.0,0.0,4,4,1.6304612360750966e-05,0.0,0.0,0.0,0.0
1,random_matched,742.0,12418,25,0.20132066355290706,6.070085763608201e-06,0.35206102391081123,22275,22275,0.48107096504962393,0.25365853658536586,0.006134547716841173,0.20132066355290706,0.35206102391081123
1,random,743.0,12418,0,0.0,0.0,0.0,2,2,2.1849468193207736e-06,0.0,0.0,0.0,0.0
1,random_matched,743.0,12418,0,0.0,0.0,0.0,32596,32596,0.006959606886045406,0.0,0.0,0.0,0.0
1,random,744.0,12418,0,0.0,0.0,0.0,10,10,2.437107655436369e-06,0.0,0.0,0.0,0.0
1,random_matched,744.0,12418,0,0.0,0.0,0.0,24236,24236,0.018490401504566847,0.0,1.5752004340254977e-10,0.0,0.0
1,random,745.0,12418,0,0.0,0.0,0.0,3,3,5.359759048499577e-06,0.0,0.0,0.0,0.0
1,random_matched,745.0,12418,0,0.0,0.0,0.0,30672,30672,0.0051780476578953405,0.0,0.0,0.0,0.0
1,random,746.0,12418,0,0.0,0.0,0.0,2,2,1.290312363527676e-06,0.0,0.0,0.0,0.0
1,random_matched,746.0,12418,0,0.0,0.0,0.0,24236,24236,0.018490401504566847,0.0,1.5752004340254977e-10,0.0,0.0
1,random,747.0,12418,0,0.0,0.0,0.0,27,27,0.000799945379269605,0.02926829268292683,2.457210741788238e-06,0.0,0.0
1,random_matched,747.0,12418,25,0.20132066355290706,6.070085763608201e-06,0.35206102391081123,22275,22275,0.48107096504962393,0.25365853658536586,0.006134547716841173,0.20132066355290706,0.35206102391081123
1,random,748.0,12418,0,0.0,0.0,0.0,3,3,1.613561094931179e-06,0.0,0.0,0.0,0.0
1,random_matched,748.0,12418,5,0.040264132710581414,1.2150756874133053e-06,0.044007627988851404,22775,22775,0.4743033437669734,0.04878048780487805,1.4560099731854937e-07,0.040264132710581414,0.044007627988851404
1,random,749.0,12418,0,0.0,0.0,0.0,4,4,3.608582518539355e-05,0.0,0.0,0.0,0.0
1,random_matched,749.0,12418,5,0.040264132710581414,1.2150756874133053e-06,0.044007627988851404,22775,22775,0.4743033437669734,0.04878048780487805,1.4560099731854937e-07,0.040264132710581414,0.044007627988851404
1,random,750.0,12418,0,0.0,0.0,0.0,2,2,1.0233974359372315e-06,0.0,0.0,0.0,0.0
1,random_matched,750.0,12418,25,0.20132066355290706,6.070085763608201e-06,0.35206102391081123,22275,22275,0.48107096504962393,0.25365853658536586,0.006134547716841173,0.20132066355290706,0.35206102391081123
1,random,751.0,12418,0,0.0,0.0,0.0,2,2,2.347241825544109e-06,0.0,0.0,0.0,0.0
1,random_matched,751.0,12418,0,0.0,0.0,0.0,32596,32596,0.006959606886045406,0.0,0.0,0.0,0.0
1,random,752.0,12418,0,0.0,0.0,0.0,2,2,4.351115704037194e-06,0.0,0.0,0.0,0.0
1,random_matched,752.0,12418,25,0.20132066355290706,6.070085763608201e-06,0.35206102391081123,22275,22275,0.48107096504962393,0.25365853658536586,0.006134547716841173,0.20132066355290706,0.35206102391081123
1,random,753.0,12418,0,0.0,0.0,0.0,2,2,2.282860335472042e-06,0.0,0.0,0.0,0.0
1,random_matched,753.0,12418,0,0.0,0.0,0.0,32596,32596,0.006959606886045406,0.0,0.0,0.0,0.0
1,random,754.0,12418,0,0.0,0.0,0.0,3,3,1.3681066640314236e-06,0.0,0.0,0.0,0.0
1,random_matched,754.0,12418,25,0.20132066355290706,6.070085763608201e-06,0.35206102391081123,22275,22275,0.48107096504962393,0.25365853658536586,0.006134547716841173,0.20132066355290706,0.35206102391081123
1,random,755.0,12418,0,0.0,0.0,0.0,2,2,9.791351615126855e-08,0.0,0.0,0.0,0.0
1,random_matched,755.0,12418,25,0.20132066355290706,6.070085763608201e-06,0.35206102391081123,22275,22275,0.48107096504962393,0.25365853658536586,0.006134547716841173,0.20132066355290706,0.35206102391081123
1,random,756.0,12418,0,0.0,0.0,0.0,2,2,8.074511879871736e-07,0.0,0.0,0.0,0.0
1,random_matched,756.0,12418,0,0.0,0.0,0.0,30672,30672,0.0051780476578953405,0.0,0.0,0.0,0.0
1,random,757.0,12418,0,0.0,0.0,0.0,2,2,0.0,0.0,0.0,0.0,0.0
1,random_matched,757.0,12418,25,0.20132066355290706,6.070085763608201e-06,0.35206102391081123,22275,22275,0.48107096504962393,0.25365853658536586,0.006134547716841173,0.20132066355290706,0.35206102391081123
1,random,758.0,12418,0,0.0,0.0,0.0,2,2,2.2962731459037226e-06,0.0,0.0,0.0,0.0
1,random_matched,758.0,12418,5,0.040264132710581414,1.2150756874133053e-06,0.044007627988851404,22775,22775,0.4743033437669734,0.04878048780487805,1.4560099731854937e-07,0.040264132710581414,0.044007627988851404
1,random,759.0,12418,0,0.0,0.0,0.0,3,3,8.059757788396886e-06,0.0,0.0,0.0,0.0
1,random_matched,759.0,12418,0,0.0,0.0,0.0,32596,32596,0.006959606886045406,0.0,0.0,0.0,0.0
1,random,760.0,12418,0,0.0,0.0,0.0,2,2,6.827120509725437e-07,0.0,0.0,0.0,0.0
1,random_matched,760.0,12418,5,0.040264132710581414,1.2150756874133053e-06,0.044007627988851404,22775,22775,0.4743033437669734,0.04878048780487805,1.4560099731854937e-07,0.040264132710581414,0.044007627988851404
1,random,761.0,12418,0,0.0,0.0,0.0,2,2,8.246195853397247e-06,0.0,0.0,0.0,0.0
1,random_matched,761.0,12418,25,0.20132066355290706,6.070085763608201e-06,0.35206102391081123,22275,22275,0.48107096504962393,0.25365853658536586,0.006134547716841173,0.20132066355290706,0.35206102391081123
1,random,762.0,12418,0,0.0,0.0,0.0,2,2,4.085542057489918e-06,0.0,0.0,0.0,0.0
1,random_matched,762.0,12418,0,0.0,0.0,0.0,30672,30672,0.0051780476578953405,0.0,0.0,0.0,0.0
1,random,763.0,12418,0,0.0,0.0,0.0,2,2,1.2540977753621382e-06,0.0,0.0,0.0,0.0
1,random_matched,763.0,12418,5,0.040264132710581414,1.2150756874133053e-06,0.044007627988851404,22775,22775,0.4743033437669734,0.04878048780487805,1.4560099731854937e-07,0.040264132710581414,0.044007627988851404
1,random,764.0,12418,0,0.0,0.0,0.0,2,2,2.4733222436019067e-06,0.0,0.0,0.0,0.0
1,random_matched,764.0,12418,5,0.040264132710581414,1.2150756874133053e-06,0.044007627988851404,22775,22775,0.4743033437669734,0.04878048780487805,1.4560099731854937e-07,0.040264132710581414,0.044007627988851404
1,random,765.0,12418,0,0.0,0.0,0.0,2,2,9.107298283111143e-07,0.0,0.0,0.0,0.0
1,random_matched,765.0,12418,25,0.20132066355290706,6.070085763608201e-06,0.35206102391081123,22275,22275,0.48107096504962393,0.25365853658536586,0.006134547716841173,0.20132066355290706,0.35206102391081123
1,random,766.0,12418,0,0.0,0.0,0.0,9,9,3.086824192746979e-05,0.0,0.0,0.0,0.0
1,random_matched,766.0,12418,0,0.0,0.0,0.0,30672,30672,0.0051780476578953405,0.0,0.0,0.0,0.0
1,random,767.0,12418,0,0.0,0.0,0.0,2,2,3.180177353351476e-06,0.0,0.0,0.0,0.0
1,random_matched,767.0,12418,25,0.20132066355290706,6.070085763608201e-06,0.35206102391081123,22275,22275,0.48107096504962393,0.25365853658536586,0.006134547716841173,0.20132066355290706,0.35206102391081123
1,random,768.0,12418,0,0.0,0.0,0.0,3,3,2.8356022533616006e-05,0.0,0.0,0.0,0.0
1,random_matched,768.0,12418,5,0.040264132710581414,1.2150756874133053e-06,0.044007627988851404,22775,22775,0.4743033437669734,0.04878048780487805,1.4560099731854937e-07,0.040264132710581414,0.044007627988851404
1,random,769.0,12418,0,0.0,0.0,0.0,2,2,1.5880767551109858e-06,0.0,0.0,0.0,0.0
1,random_matched,769.0,12418,5,0.040264132710581414,1.2150756874133053e-06,0.044007627988851404,22775,22775,0.4743033437669734,0.04878048780487805,1.4560099731854937e-07,0.040264132710581414,0.044007627988851404
1,random,770.0,12418,0,0.0,0.0,0.0,2,2,1.0193735928077273e-07,0.0,0.0,0.0,0.0
1,random_matched,770.0,12418,5,0.040264132710581414,1.2150756874133053e-06,0.044007627988851404,22775,22775,0.4743033437669734,0.04878048780487805,1.4560099731854937e-07,0.040264132710581414,0.044007627988851404
1,random,771.0,12418,0,0.0,0.0,0.0,4,4,5.078090029434284e-06,0.0,0.0,0.0,0.0
1,random_matched,771.0,12418,0,0.0,0.0,0.0,24236,24236,0.018490401504566847,0.0,1.5752004340254977e-10,0.0,0.0
1,random,772.0,12418,0,0.0,0.0,0.0,2,2,8.986582989226017e-08,0.0,0.0,0.0,0.0
1,random_matched,772.0,12418,0,0.0,0.0,0.0,32596,32596,0.006959606886045406,0.0,0.0,0.0,0.0
1,random,773.0,12418,0,0.0,0.0,0.0,12,12,0.003925300552543673,0.0,0.0,0.0,0.0
1,random_matched,773.0,12418,0,0.0,0.0,0.0,32596,32596,0.006959606886045406,0.0,0.0,0.0,0.0
1,random,774.0,12418,0,0.0,0.0,0.0,2,2,1.5236952650389188e-06,0.0,0.0,0.0,0.0
1,random_matched,774.0,12418,0,0.0,0.0,0.0,30672,30672,0.0051780476578953405,0.0,0.0,0.0,0.0
1,random,775.0,12418,0,0.0,0.0,0.0,3,3,6.591055046127858e-06,0.0,0.0,0.0,0.0
1,random_matched,775.0,12418,0,0.0,0.0,0.0,30672,30672,0.0051780476578953405,0.0,0.0,0.0,0.0
1,random,776.0,12418,0,0.0,0.0,0.0,3,3,1.6095372518016746e-07,0.0,0.0,0.0,0.0
1,random_matched,776.0,12418,0,0.0,0.0,0.0,32596,32596,0.006959606886045406,0.0,0.0,0.0,0.0
1,random,777.0,12418,0,0.0,0.0,0.0,33,33,0.0001050799807649155,0.0,0.0,0.0,0.0
1,random_matched,777.0,12418,25,0.20132066355290706,6.070085763608201e-06,0.35206102391081123,22275,22275,0.48107096504962393,0.25365853658536586,0.006134547716841173,0.20132066355290706,0.35206102391081123
1,random,778.0,12418,0,0.0,0.0,0.0,8,8,4.155288671734657e-06,0.0,0.0,0.0,0.0
1,random_matched,778.0,12418,0,0.0,0.0,0.0,30672,30672,0.0051780476578953405,0.0,0.0,0.0,0.0
1,random,779.0,12418,0,0.0,0.0,0.0,4,4,7.96720939641829e-06,0.0,0.0,0.0,0.0
1,random_matched,779.0,12418,0,0.0,0.0,0.0,30672,30672,0.0051780476578953405,0.0,0.0,0.0,0.0
1,random,780.0,12418,0,0.0,0.0,0.0,6,6,0.00031776289193694566,0.0,0.0,0.0,0.0
1,random_matched,780.0,12418,0,0.0,0.0,0.0,30672,30672,0.0051780476578953405,0.0,0.0,0.0,0.0
1,random,781.0,12418,0,0.0,0.0,0.0,3,3,9.814153392860711e-06,0.0,0.0,0.0,0.0
1,random_matched,781.0,12418,0,0.0,0.0,0.0,24236,24236,0.018490401504566847,0.0,1.5752004340254977e-10,0.0,0.0
1,random,782.0,12418,0,0.0,0.0,0.0,10,10,4.184260342267087e-05,0.0,0.0,0.0,0.0
1,random_matched,782.0,12418,0,0.0,0.0,0.0,32596,32596,0.006959606886045406,0.0,0.0,0.0,0.0
1,random,783.0,12418,0,0.0,0.0,0.0,2,2,1.4298055920171543e-06,0.0,0.0,0.0,0.0
1,random_matched,783.0,12418,0,0.0,0.0,0.0,30672,30672,0.0051780476578953405,0.0,0.0,0.0,0.0
1,random,784.0,12418,0,0.0,0.0,0.0,3,3,1.0931440501819707e-06,0.0,0.0,0.0,0.0
1,random_matched,784.0,12418,0,0.0,0.0,0.0,30672,30672,0.0051780476578953405,0.0,0.0,0.0,0.0
1,random,785.0,12418,0,0.0,0.0,0.0,85,85,0.00020320676060204778,0.0,0.0,0.0,0.0
1,random_matched,785.0,12418,0,0.0,0.0,0.0,24236,24236,0.018490401504566847,0.0,1.5752004340254977e-10,0.0,0.0
1,random,786.0,12418,0,0.0,0.0,0.0,2,2,4.479878684181328e-06,0.0,0.0,0.0,0.0
1,random_matched,786.0,12418,5,0.040264132710581414,1.2150756874133053e-06,0.044007627988851404,22775,22775,0.4743033437669734,0.04878048780487805,1.4560099731854937e-07,0.040264132710581414,0.044007627988851404
1,random,787.0,12418,0,0.0,0.0,0.0,2,2,1.3694479450745916e-06,0.0,0.0,0.0,0.0
1,random_matched,787.0,12418,0,0.0,0.0,0.0,32596,32596,0.006959606886045406,0.0,0.0,0.0,0.0
1,random,788.0,12418,0,0.0,0.0,0.0,3,3,1.2074211950598897e-05,0.0,0.0,0.0,0.0
1,random_matched,788.0,12418,0,0.0,0.0,0.0,30672,30672,0.0051780476578953405,0.0,0.0,0.0,0.0
1,random,789.0,12418,0,0.0,0.0,0.0,2,2,1.2366611218009533e-06,0.0,0.0,0.0,0.0
1,random_matched,789.0,12418,0,0.0,0.0,0.0,32596,32596,0.006959606886045406,0.0,0.0,0.0,0.0
1,random,790.0,12418,0,0.0,0.0,0.0,3,3,5.127717428031502e-06,0.0,0.0,0.0,0.0
1,random_matched,790.0,12418,25,0.20132066355290706,6.070085763608201e-06,0.35206102391081123,22275,22275,0.48107096504962393,0.25365853658536586,0.006134547716841173,0.20132066355290706,0.35206102391081123
1,random,791.0,12418,0,0.0,0.0,0.0,7,7,0.0001248893604914646,0.0,0.0,0.0,0.0
1,random_matched,791.0,12418,5,0.040264132710581414,1.2150756874133053e-06,0.044007627988851404,22775,22775,0.4743033437669734,0.04878048780487805,1.4560099731854937e-07,0.040264132710581414,0.044007627988851404
1,random,792.0,12418,20,0.16105653084232566,0.0,0.29338418659234267,5,5,6.453037226785865e-05,0.0,0.0,0.16105653084232566,0.29338418659234267
1,random_matched,792.0,12418,0,0.0,0.0,0.0,24236,24236,0.018490401504566847,0.0,1.5752004340254977e-10,0.0,0.0
1,random,793.0,12418,0,0.0,0.0,0.0,2,2,1.2071529388512562e-07,0.0,0.0,0.0,0.0
1,random_matched,793.0,12418,25,0.20132066355290706,6.070085763608201e-06,0.35206102391081123,22275,22275,0.48107096504962393,0.25365853658536586,0.006134547716841173,0.20132066355290706,0.35206102391081123
1,random,794.0,12418,0,0.0,0.0,0.0,3,3,1.1923988473764074e-05,0.0,0.0,0.0,0.0
1,random_matched,794.0,12418,0,0.0,0.0,0.0,24236,24236,0.018490401504566847,0.0,1.5752004340254977e-10,0.0,0.0
1,random,795.0,12418,0,0.0,0.0,0.0,3,3,3.9312947375255905e-06,0.0,0.0,0.0,0.0
1,random_matched,795.0,12418,25,0.20132066355290706,6.070085763608201e-06,0.35206102391081123,22275,22275,0.48107096504962393,0.25365853658536586,0.006134547716841173,0.20132066355290706,0.35206102391081123
1,random,796.0,12418,0,0.0,0.0,0.0,3,3,7.571531488683712e-06,0.0,0.0,0.0,0.0
1,random_matched,796.0,12418,0,0.0,0.0,0.0,24236,24236,0.018490401504566847,0.0,1.5752004340254977e-10,0.0,0.0
1,random,797.0,12418,0,0.0,0.0,0.0,4,4,3.337107235402139e-06,0.0,0.0,0.0,0.0
1,random_matched,797.0,12418,0,0.0,0.0,0.0,30672,30672,0.0051780476578953405,0.0,0.0,0.0,0.0
1,random,798.0,12418,0,0.0,0.0,0.0,6,6,2.899849615329351e-06,0.0,0.0,0.0,0.0
1,random_matched,798.0,12418,0,0.0,0.0,0.0,30672,30672,0.0051780476578953405,0.0,0.0,0.0,0.0
1,random,799.0,12418,0,0.0,0.0,0.0,6,6,9.358117838183571e-06,0.0,0.0,0.0,0.0
1,random_matched,799.0,12418,0,0.0,0.0,0.0,24236,24236,0.018490401504566847,0.0,1.5752004340254977e-10,0.0,0.0
1,random,800.0,12418,0,0.0,0.0,0.0,2,2,3.3451549216611474e-06,0.0,0.0,0.0,0.0
1,random_matched,800.0,12418,0,0.0,0.0,0.0,30672,30672,0.0051780476578953405,0.0,0.0,0.0,0.0
1,random,801.0,12418,0,0.0,0.0,0.0,203,203,0.00018015952843729096,0.0,0.0,0.0,0.0
1,random_matched,801.0,12418,0,0.0,0.0,0.0,32596,32596,0.006959606886045406,0.0,0.0,0.0,0.0
1,random,802.0,12418,0,0.0,0.0,0.0,2,2,2.02131053205427e-06,0.0,0.0,0.0,0.0
1,random_matched,802.0,12418,5,0.040264132710581414,1.2150756874133053e-06,0.044007627988851404,22775,22775,0.4743033437669734,0.04878048780487805,1.4560099731854937e-07,0.040264132710581414,0.044007627988851404
1,random,803.0,12418,0,0.0,0.0,0.0,4,4,1.6594329066075266e-05,0.0,0.0,0.0,0.0
1,random_matched,803.0,12418,0,0.0,0.0,0.0,24236,24236,0.018490401504566847,0.0,1.5752004340254977e-10,0.0,0.0
1,random,804.0,12418,0,0.0,0.0,0.0,2,2,4.4932914946130086e-07,0.0,0.0,0.0,0.0
1,random_matched,804.0,12418,5,0.040264132710581414,1.2150756874133053e-06,0.044007627988851404,22775,22775,0.4743033437669734,0.04878048780487805,1.4560099731854937e-07,0.040264132710581414,0.044007627988851404
1,random,805.0,12418,0,0.0,0.0,0.0,2,2,8.204616141059038e-06,0.0,0.0,0.0,0.0
1,random_matched,805.0,12418,0,0.0,0.0,0.0,32596,32596,0.006959606886045406,0.0,0.0,0.0,0.0
1,random,806.0,12418,0,0.0,0.0,0.0,29,29,0.0001980575826773256,0.0,0.0,0.0,0.0
1,random_matched,806.0,12418,0,0.0,0.0,0.0,24236,24236,0.018490401504566847,0.0,1.5752004340254977e-10,0.0,0.0
1,random,807.0,12418,0,0.0,0.0,0.0,2,2,3.688522868712171e-07,0.0,0.0,0.0,0.0
1,random_matched,807.0,12418,25,0.20132066355290706,6.070085763608201e-06,0.35206102391081123,22275,22275,0.48107096504962393,0.25365853658536586,0.006134547716841173,0.20132066355290706,0.35206102391081123
1,random,808.0,12418,0,0.0,0.0,0.0,2,2,1.0180323117645593e-06,0.0,0.0,0.0,0.0
1,random_matched,808.0,12418,0,0.0,0.0,0.0,24236,24236,0.018490401504566847,0.0,1.5752004340254977e-10,0.0,0.0
1,random,809.0,12418,0,0.0,0.0,0.0,3,3,3.001384590297173e-05,0.0,0.0,0.0,0.0
1,random_matched,809.0,12418,25,0.20132066355290706,6.070085763608201e-06,0.35206102391081123,22275,22275,0.48107096504962393,0.25365853658536586,0.006134547716841173,0.20132066355290706,0.35206102391081123
1,random,810.0,12418,0,0.0,0.0,0.0,2,2,5.096867964038637e-08,0.0,0.0,0.0,0.0
1,random_matched,810.0,12418,0,0.0,0.0,0.0,24236,24236,0.018490401504566847,0.0,1.5752004340254977e-10,0.0,0.0
1,random,811.0,12418,0,0.0,0.0,0.0,2,2,2.439790217522705e-06,0.0,0.0,0.0,0.0
1,random_matched,811.0,12418,25,0.20132066355290706,6.070085763608201e-06,0.35206102391081123,22275,22275,0.48107096504962393,0.25365853658536586,0.006134547716841173,0.20132066355290706,0.35206102391081123
1,random,812.0,12418,0,0.0,0.0,0.0,2,2,4.131145612957632e-07,0.0,0.0,0.0,0.0
1,random_matched,812.0,12418,0,0.0,0.0,0.0,24236,24236,0.018490401504566847,0.0,1.5752004340254977e-10,0.0,0.0
1,random,813.0,12418,0,0.0,0.0,0.0,2,2,7.377045737424342e-08,0.0,0.0,0.0,0.0
1,random_matched,813.0,12418,0,0.0,0.0,0.0,30672,30672,0.0051780476578953405,0.0,0.0,0.0,0.0
1,random,814.0,12418,0,0.0,0.0,0.0,9,9,0.00013823778943307318,0.0,0.0,0.0,0.0
1,random_matched,814.0,12418,0,0.0,0.0,0.0,24236,24236,0.018490401504566847,0.0,1.5752004340254977e-10,0.0,0.0
1,random,815.0,12418,0,0.0,0.0,0.0,8,8,1.1382110932324177e-05,0.0,0.0,0.0,0.0
1,random_matched,815.0,12418,25,0.20132066355290706,6.070085763608201e-06,0.35206102391081123,22275,22275,0.48107096504962393,0.25365853658536586,0.006134547716841173,0.20132066355290706,0.35206102391081123
1,random,816.0,12418,0,0.0,0.0,0.0,4,4,2.7735009410629192e-05,0.0,0.0,0.0,0.0
1,random_matched,816.0,12418,25,0.20132066355290706,6.070085763608201e-06,0.35206102391081123,22275,22275,0.48107096504962393,0.25365853658536586,0.006134547716841173,0.20132066355290706,0.35206102391081123
1,random,817.0,12418,0,0.0,0.0,0.0,21,21,1.9515639178095305e-06,0.0,0.0,0.0,0.0
1,random_matched,817.0,12418,0,0.0,0.0,0.0,32596,32596,0.006959606886045406,0.0,0.0,0.0,0.0
1,random,818.0,12418,0,0.0,0.0,0.0,4,4,1.2292840760635292e-05,0.0,0.0,0.0,0.0
1,random_matched,818.0,12418,0,0.0,0.0,0.0,32596,32596,0.006959606886045406,0.0,0.0,0.0,0.0
1,random,819.0,12418,0,0.0,0.0,0.0,2,2,6.6554365361999254e-06,0.0,0.0,0.0,0.0
1,random_matched,819.0,12418,0,0.0,0.0,0.0,30672,30672,0.0051780476578953405,0.0,0.0,0.0,0.0
1,random,820.0,12418,0,0.0,0.0,0.0,2,2,3.21907450360335e-08,0.0,0.0,0.0,0.0
1,random_matched,820.0,12418,5,0.040264132710581414,1.2150756874133053e-06,0.044007627988851404,22775,22775,0.4743033437669734,0.04878048780487805,1.4560099731854937e-07,0.040264132710581414,0.044007627988851404
1,random,821.0,12418,0,0.0,0.0,0.0,10,10,0.000101396823020376,0.0,0.0,0.0,0.0
1,random_matched,821.0,12418,5,0.040264132710581414,1.2150756874133053e-06,0.044007627988851404,22775,22775,0.4743033437669734,0.04878048780487805,1.4560099731854937e-07,0.040264132710581414,0.044007627988851404
1,random,822.0,12418,0,0.0,0.0,0.0,2,2,3.7824125417339355e-07,0.0,0.0,0.0,0.0
1,random_matched,822.0,12418,0,0.0,0.0,0.0,24236,24236,0.018490401504566847,0.0,1.5752004340254977e-10,0.0,0.0
1,random,823.0,12418,0,0.0,0.0,0.0,2,2,1.977048257629724e-06,0.0,0.0,0.0,0.0
1,random_matched,823.0,12418,0,0.0,0.0,0.0,24236,24236,0.018490401504566847,0.0,1.5752004340254977e-10,0.0,0.0
1,random,824.0,12418,0,0.0,0.0,0.0,12,12,6.393081964156253e-05,0.0,0.0,0.0,0.0
1,random_matched,824.0,12418,25,0.20132066355290706,6.070085763608201e-06,0.35206102391081123,22275,22275,0.48107096504962393,0.25365853658536586,0.006134547716841173,0.20132066355290706,0.35206102391081123
1,random,825.0,12418,0,0.0,0.0,0.0,5,5,1.0956924841639901e-05,0.0,0.0,0.0,0.0
1,random_matched,825.0,12418,0,0.0,0.0,0.0,32596,32596,0.006959606886045406,0.0,0.0,0.0,0.0
1,random,826.0,12418,0,0.0,0.0,0.0,2,2,1.3385984810817263e-06,0.0,0.0,0.0,0.0
1,random_matched,826.0,12418,0,0.0,0.0,0.0,30672,30672,0.0051780476578953405,0.0,0.0,0.0,0.0
1,random,827.0,12418,0,0.0,0.0,0.0,8,8,7.816583535270516e-05,0.0,1.0124883062709603e-08,0.0,0.0
1,random_matched,827.0,12418,5,0.040264132710581414,1.2150756874133053e-06,0.044007627988851404,22775,22775,0.4743033437669734,0.04878048780487805,1.4560099731854937e-07,0.040264132710581414,0.044007627988851404
1,random,828.0,12418,0,0.0,0.0,0.0,2,2,1.7584194475933297e-06,0.0,0.0,0.0,0.0
1,random_matched,828.0,12418,0,0.0,0.0,0.0,32596,32596,0.006959606886045406,0.0,0.0,0.0,0.0
1,random,829.0,12418,0,0.0,0.0,0.0,7,7,3.877106983381601e-05,0.0,0.0,0.0,0.0
1,random_matched,829.0,12418,0,0.0,0.0,0.0,24236,24236,0.018490401504566847,0.0,1.5752004340254977e-10,0.0,0.0
1,random,830.0,12418,0,0.0,0.0,0.0,2,2,1.2406849649304576e-06,0.0,0.0,0.0,0.0
1,random_matched,830.0,12418,0,0.0,0.0,0.0,30672,30672,0.0051780476578953405,0.0,0.0,0.0,0.0
1,random,831.0,12418,0,0.0,0.0,0.0,2,2,1.032786403239408e-07,0.0,0.0,0.0,0.0
1,random_matched,831.0,12418,25,0.20132066355290706,6.070085763608201e-06,0.35206102391081123,22275,22275,0.48107096504962393,0.25365853658536586,0.006134547716841173,0.20132066355290706,0.35206102391081123
1,random,832.0,12418,0,0.0,0.0,0.0,9,9,1.5613852623519413e-05,0.0,0.0,0.0,0.0
1,random_matched,832.0,12418,5,0.040264132710581414,1.2150756874133053e-06,0.044007627988851404,22775,22775,0.4743033437669734,0.04878048780487805,1.4560099731854937e-07,0.040264132710581414,0.044007627988851404
1,random,833.0,12418,0,0.0,0.0,0.0,21,21,4.915392638897998e-05,0.0,0.0,0.0,0.0
1,random_matched,833.0,12418,0,0.0,0.0,0.0,24236,24236,0.018490401504566847,0.0,1.5752004340254977e-10,0.0,0.0
1,random,834.0,12418,1,0.008052826542116283,6.235176462635205e-07,0.014669209329617133,4,4,6.996121921164613e-06,0.00975609756097561,6.2351764626352054e-09,0.008052826542116283,0.014669209329617133
1,random_matched,834.0,12418,0,0.0,0.0,0.0,24236,24236,0.018490401504566847,0.0,1.5752004340254977e-10,0.0,0.0
1,random,835.0,12418,0,0.0,0.0,0.0,3,3,0.005642890063901923,0.0,0.0,0.0,0.0
1,random_matched,835.0,12418,5,0.040264132710581414,1.2150756874133053e-06,0.044007627988851404,22775,22775,0.4743033437669734,0.04878048780487805,1.4560099731854937e-07,0.040264132710581414,0.044007627988851404
1,random,836.0,12418,0,0.0,0.0,0.0,2,2,5.767508485622668e-08,0.0,0.0,0.0,0.0
1,random_matched,836.0,12418,0,0.0,0.0,0.0,32596,32596,0.006959606886045406,0.0,0.0,0.0,0.0
1,random,837.0,12418,0,0.0,0.0,0.0,4,4,3.594633195690407e-06,0.0,0.0,0.0,0.0
1,random_matched,837.0,12418,25,0.20132066355290706,6.070085763608201e-06,0.35206102391081123,22275,22275,0.48107096504962393,0.25365853658536586,0.006134547716841173,0.20132066355290706,0.35206102391081123
1,random,838.0,12418,1,0.008052826542116283,3.257029820508106e-08,0.0,2,2,0.00042988191561640714,0.00975609756097561,3.257029820508106e-10,0.008052826542116283,0.0
1,random_matched,838.0,12418,5,0.040264132710581414,1.2150756874133053e-06,0.044007627988851404,22775,22775,0.4743033437669734,0.04878048780487805,1.4560099731854937e-07,0.040264132710581414,0.044007627988851404
1,random,839.0,12418,0,0.0,0.0,0.0,3,3,6.093439779112507e-06,0.0,0.0,0.0,0.0
1,random_matched,839.0,12418,0,0.0,0.0,0.0,24236,24236,0.018490401504566847,0.0,1.5752004340254977e-10,0.0,0.0
1,random,840.0,12418,0,0.0,0.0,0.0,2,2,4.214305037634052e-06,0.0,0.0,0.0,0.0
1,random_matched,840.0,12418,5,0.040264132710581414,1.2150756874133053e-06,0.044007627988851404,22775,22775,0.4743033437669734,0.04878048780487805,1.4560099731854937e-07,0.040264132710581414,0.044007627988851404
1,random,841.0,12418,0,0.0,0.0,0.0,2,2,4.577792200332597e-06,0.0,0.0,0.0,0.0
1,random_matched,841.0,12418,0,0.0,0.0,0.0,24236,24236,0.018490401504566847,0.0,1.5752004340254977e-10,0.0,0.0
1,random,842.0,12418,0,0.0,0.0,0.0,2,2,5.87199427888546e-05,0.0,0.0,0.0,0.0
1,random_matched,842.0,12418,0,0.0,0.0,0.0,24236,24236,0.018490401504566847,0.0,1.5752004340254977e-10,0.0,0.0
1,random,843.0,12418,0,0.0,0.0,0.0,4,4,2.1649617317775693e-05,0.0,0.0,0.0,0.0
1,random_matched,843.0,12418,5,0.040264132710581414,1.2150756874133053e-06,0.044007627988851404,22775,22775,0.4743033437669734,0.04878048780487805,1.4560099731854937e-07,0.040264132710581414,0.044007627988851404
1,random,844.0,12418,0,0.0,0.0,0.0,2,2,1.6336803105787e-06,0.0,0.0,0.0,0.0
1,random_matched,844.0,12418,25,0.20132066355290706,6.070085763608201e-06,0.35206102391081123,22275,22275,0.48107096504962393,0.25365853658536586,0.006134547716841173,0.20132066355290706,0.35206102391081123
1,random,845.0,12418,0,0.0,0.0,0.0,136,136,0.0002887576893784363,0.0,0.0,0.0,0.0
1,random_matched,845.0,12418,0,0.0,0.0,0.0,24236,24236,0.018490401504566847,0.0,1.5752004340254977e-10,0.0,0.0
1,random,846.0,12418,0,0.0,0.0,0.0,2,2,1.9944849111909087e-06,0.0,0.0,0.0,0.0
1,random_matched,846.0,12418,5,0.040264132710581414,1.2150756874133053e-06,0.044007627988851404,22775,22775,0.4743033437669734,0.04878048780487805,1.4560099731854937e-07,0.040264132710581414,0.044007627988851404
1,random,847.0,12418,0,0.0,0.0,0.0,2,2,1.291653644570844e-06,0.0,0.0,0.0,0.0
1,random_matched,847.0,12418,0,0.0,0.0,0.0,30672,30672,0.0051780476578953405,0.0,0.0,0.0,0.0
1,random,848.0,12418,0,0.0,0.0,0.0,5,5,7.854810045000806e-05,0.0,0.0,0.0,0.0
1,random_matched,848.0,12418,0,0.0,0.0,0.0,24236,24236,0.018490401504566847,0.0,1.5752004340254977e-10,0.0,0.0
1,random,849.0,12418,0,0.0,0.0,0.0,3,3,4.350310935411293e-05,0.0,0.0,0.0,0.0
1,random_matched,849.0,12418,25,0.20132066355290706,6.070085763608201e-06,0.35206102391081123,22275,22275,0.48107096504962393,0.25365853658536586,0.006134547716841173,0.20132066355290706,0.35206102391081123
1,random,850.0,12418,0,0.0,0.0,0.0,2,2,3.7824125417339355e-07,0.0,0.0,0.0,0.0
1,random_matched,850.0,12418,0,0.0,0.0,0.0,32596,32596,0.006959606886045406,0.0,0.0,0.0,0.0
1,random,851.0,12418,0,0.0,0.0,0.0,3,3,5.833231256737903e-06,0.0,0.0,0.0,0.0
1,random_matched,851.0,12418,5,0.040264132710581414,1.2150756874133053e-06,0.044007627988851404,22775,22775,0.4743033437669734,0.04878048780487805,1.4560099731854937e-07,0.040264132710581414,0.044007627988851404
1,random,852.0,12418,0,0.0,0.0,0.0,2,2,2.105811237773858e-06,0.0,0.0,0.0,0.0
1,random_matched,852.0,12418,25,0.20132066355290706,6.070085763608201e-06,0.35206102391081123,22275,22275,0.48107096504962393,0.25365853658536586,0.006134547716841173,0.20132066355290706,0.35206102391081123
1,random,853.0,12418,0,0.0,0.0,0.0,2,2,1.3494628575313874e-05,0.0,0.0,0.0,0.0
1,random_matched,853.0,12418,0,0.0,0.0,0.0,24236,24236,0.018490401504566847,0.0,1.5752004340254977e-10,0.0,0.0
1,random,854.0,12418,0,0.0,0.0,0.0,4,4,0.003917346755957686,0.0,0.0,0.0,0.0
1,random_matched,854.0,12418,5,0.040264132710581414,1.2150756874133053e-06,0.044007627988851404,22775,22775,0.4743033437669734,0.04878048780487805,1.4560099731854937e-07,0.040264132710581414,0.044007627988851404
1,random,855.0,12418,0,0.0,0.0,0.0,4,4,3.890251537604648e-05,0.0,0.0,0.0,0.0
1,random_matched,855.0,12418,5,0.040264132710581414,1.2150756874133053e-06,0.044007627988851404,22775,22775,0.4743033437669734,0.04878048780487805,1.4560099731854937e-07,0.040264132710581414,0.044007627988851404
1,random,856.0,12418,0,0.0,0.0,0.0,2,2,2.2305503747884878e-06,0.0,0.0,0.0,0.0
1,random_matched,856.0,12418,0,0.0,0.0,0.0,30672,30672,0.0051780476578953405,0.0,0.0,0.0,0.0
1,random,857.0,12418,0,0.0,0.0,0.0,2,2,2.843515811516292e-07,0.0,0.0,0.0,0.0
1,random_matched,857.0,12418,0,0.0,0.0,0.0,30672,30672,0.0051780476578953405,0.0,0.0,0.0,0.0
1,random,858.0,12418,0,0.0,0.0,0.0,17,17,5.623991414003685e-06,0.0,0.0,0.0,0.0
1,random_matched,858.0,12418,5,0.040264132710581414,1.2150756874133053e-06,0.044007627988851404,22775,22775,0.4743033437669734,0.04878048780487805,1.4560099731854937e-07,0.040264132710581414,0.044007627988851404
1,random,859.0,12418,0,0.0,0.0,0.0,2,2,2.0977635515148496e-06,0.0,0.0,0.0,0.0
1,random_matched,859.0,12418,0,0.0,0.0,0.0,32596,32596,0.006959606886045406,0.0,0.0,0.0,0.0
1,random,860.0,12418,0,0.0,0.0,0.0,2,2,1.140088886692853e-07,0.0,0.0,0.0,0.0
1,random_matched,860.0,12418,5,0.040264132710581414,1.2150756874133053e-06,0.044007627988851404,22775,22775,0.4743033437669734,0.04878048780487805,1.4560099731854937e-07,0.040264132710581414,0.044007627988851404
1,random,861.0,12418,0,0.0,0.0,0.0,17,17,0.00011259920229291567,0.0,0.0,0.0,0.0
1,random_matched,861.0,12418,5,0.040264132710581414,1.2150756874133053e-06,0.044007627988851404,22775,22775,0.4743033437669734,0.04878048780487805,1.4560099731854937e-07,0.040264132710581414,0.044007627988851404
1,random,862.0,12418,0,0.0,0.0,0.0,5,5,4.842024565836705e-07,0.0,0.0,0.0,0.0
1,random_matched,862.0,12418,25,0.20132066355290706,6.070085763608201e-06,0.35206102391081123,22275,22275,0.48107096504962393,0.25365853658536586,0.006134547716841173,0.20132066355290706,0.35206102391081123
1,random,863.0,12418,0,0.0,0.0,0.0,12,12,1.2447088080599618e-06,0.0,0.0,0.0,0.0
1,random_matched,863.0,12418,25,0.20132066355290706,6.070085763608201e-06,0.35206102391081123,22275,22275,0.48107096504962393,0.25365853658536586,0.006134547716841173,0.20132066355290706,0.35206102391081123
1,random,864.0,12418,0,0.0,0.0,0.0,760,760,0.002364689209353639,0.0,0.0,0.0,0.0
1,random_matched,864.0,12418,0,0.0,0.0,0.0,30672,30672,0.0051780476578953405,0.0,0.0,0.0,0.0
1,random,865.0,12418,0,0.0,0.0,0.0,4,4,2.6129496001957022e-05,0.0,0.0,0.0,0.0
1,random_matched,865.0,12418,5,0.040264132710581414,1.2150756874133053e-06,0.044007627988851404,22775,22775,0.4743033437669734,0.04878048780487805,1.4560099731854937e-07,0.040264132710581414,0.044007627988851404
1,random,866.0,12418,0,0.0,0.0,0.0,3,3,8.820264139873177e-06,0.0,0.0,0.0,0.0
1,random_matched,866.0,12418,0,0.0,0.0,0.0,30672,30672,0.0051780476578953405,0.0,0.0,0.0,0.0
1,random,867.0,12418,0,0.0,0.0,0.0,2,2,3.5798791042155583e-06,0.0,0.0,0.0,0.0
1,random_matched,867.0,12418,0,0.0,0.0,0.0,24236,24236,0.018490401504566847,0.0,1.5752004340254977e-10,0.0,0.0
1,random,868.0,12418,0,0.0,0.0,0.0,4,4,3.249923967596215e-06,0.0,0.0,0.0,0.0
1,random_matched,868.0,12418,0,0.0,0.0,0.0,24236,24236,0.018490401504566847,0.0,1.5752004340254977e-10,0.0,0.0
1,random,869.0,12418,0,0.0,0.0,0.0,3,3,3.0245887523439806e-06,0.0,0.0,0.0,0.0
1,random_matched,869.0,12418,0,0.0,0.0,0.0,24236,24236,0.018490401504566847,0.0,1.5752004340254977e-10,0.0,0.0
1,random,870.0,12418,0,0.0,0.0,0.0,9,9,0.00018520676900273238,0.0,0.0,0.0,0.0
1,random_matched,870.0,12418,0,0.0,0.0,0.0,32596,32596,0.006959606886045406,0.0,0.0,0.0,0.0
1,random,871.0,12418,0,0.0,0.0,0.0,2,2,1.7557368855069935e-06,0.0,0.0,0.0,0.0
1,random_matched,871.0,12418,0,0.0,0.0,0.0,32596,32596,0.006959606886045406,0.0,0.0,0.0,0.0
1,random,872.0,12418,0,0.0,0.0,0.0,29,29,5.334945349200968e-05,0.0,0.0,0.0,0.0
1,random_matched,872.0,12418,5,0.040264132710581414,1.2150756874133053e-06,0.044007627988851404,22775,22775,0.4743033437669734,0.04878048780487805,1.4560099731854937e-07,0.040264132710581414,0.044007627988851404
1,random,873.0,12418,0,0.0,0.0,0.0,3,3,1.785915708978275e-05,0.0,0.0,0.0,0.0
1,random_matched,873.0,12418,5,0.040264132710581414,1.2150756874133053e-06,0.044007627988851404,22775,22775,0.4743033437669734,0.04878048780487805,1.4560099731854937e-07,0.040264132710581414,0.044007627988851404
1,random,874.0,12418,0,0.0,0.0,0.0,3,3,2.219820126443143e-06,0.0,0.0,0.0,0.0
1,random_matched,874.0,12418,0,0.0,0.0,0.0,24236,24236,0.018490401504566847,0.0,1.5752004340254977e-10,0.0,0.0
1,random,875.0,12418,0,0.0,0.0,0.0,3,3,5.112963336556653e-06,0.0,0.0,0.0,0.0
1,random_matched,875.0,12418,0,0.0,0.0,0.0,30672,30672,0.0051780476578953405,0.0,0.0,0.0,0.0
1,random,876.0,12418,0,0.0,0.0,0.0,157,157,0.00010648966714128514,0.0,0.0,0.0,0.0
1,random_matched,876.0,12418,0,0.0,0.0,0.0,24236,24236,0.018490401504566847,0.0,1.5752004340254977e-10,0.0,0.0
1,random,877.0,12418,0,0.0,0.0,0.0,2,2,4.247837063713253e-06,0.0,0.0,0.0,0.0
1,random_matched,877.0,12418,0,0.0,0.0,0.0,30672,30672,0.0051780476578953405,0.0,0.0,0.0,0.0
1,random,878.0,12418,0,0.0,0.0,0.0,2,2,1.098509174354643e-06,0.0,0.0,0.0,0.0
1,random_matched,878.0,12418,0,0.0,0.0,0.0,24236,24236,0.018490401504566847,0.0,1.5752004340254977e-10,0.0,0.0
1,random,879.0,12418,0,0.0,0.0,0.0,2,2,6.357672144616615e-07,0.0,0.0,0.0,0.0
1,random_matched,879.0,12418,0,0.0,0.0,0.0,24236,24236,0.018490401504566847,0.0,1.5752004340254977e-10,0.0,0.0
1,random,880.0,12418,0,0.0,0.0,0.0,2,2,2.600743942702873e-06,0.0,0.0,0.0,0.0
1,random_matched,880.0,12418,0,0.0,0.0,0.0,32596,32596,0.006959606886045406,0.0,0.0,0.0,0.0
1,random,881.0,12418,0,0.0,0.0,0.0,4,4,8.315942467641987e-08,0.0,0.0,0.0,0.0
1,random_matched,881.0,12418,0,0.0,0.0,0.0,30672,30672,0.0051780476578953405,0.0,0.0,0.0,0.0
1,random,882.0,12418,0,0.0,0.0,0.0,2,2,5.096867964038637e-08,0.0,0.0,0.0,0.0
1,random_matched,882.0,12418,25,0.20132066355290706,6.070085763608201e-06,0.35206102391081123,22275,22275,0.48107096504962393,0.25365853658536586,0.006134547716841173,0.20132066355290706,0.35206102391081123
1,random,883.0,12418,0,0.0,0.0,0.0,3,3,8.03561472961986e-06,0.0,0.0,0.0,0.0
1,random_matched,883.0,12418,25,0.20132066355290706,6.070085763608201e-06,0.35206102391081123,22275,22275,0.48107096504962393,0.25365853658536586,0.006134547716841173,0.20132066355290706,0.35206102391081123
1,random,884.0,12418,0,0.0,0.0,0.0,2,2,9.362141681313074e-07,0.0,0.0,0.0,0.0
1,random_matched,884.0,12418,0,0.0,0.0,0.0,24236,24236,0.018490401504566847,0.0,1.5752004340254977e-10,0.0,0.0
1,random,885.0,12418,0,0.0,0.0,0.0,2,2,7.578237893899552e-07,0.0,0.0,0.0,0.0
1,random_matched,885.0,12418,5,0.040264132710581414,1.2150756874133053e-06,0.044007627988851404,22775,22775,0.4743033437669734,0.04878048780487805,1.4560099731854937e-07,0.040264132710581414,0.044007627988851404
1,random,886.0,12418,0,0.0,0.0,0.0,2,2,1.7490304802911533e-06,0.0,0.0,0.0,0.0
1,random_matched,886.0,12418,0,0.0,0.0,0.0,24236,24236,0.018490401504566847,0.0,1.5752004340254977e-10,0.0,0.0
1,random,887.0,12418,0,0.0,0.0,0.0,6,6,1.0005956582033744e-06,0.0,0.0,0.0,0.0
1,random_matched,887.0,12418,5,0.040264132710581414,1.2150756874133053e-06,0.044007627988851404,22775,22775,0.4743033437669734,0.04878048780487805,1.4560099731854937e-07,0.040264132710581414,0.044007627988851404
1,random,888.0,12418,1,0.008052826542116283,0.0,0.0,5,5,0.0019414023726264894,0.0,0.0,0.008052826542116283,0.0
1,random_matched,888.0,12418,0,0.0,0.0,0.0,30672,30672,0.0051780476578953405,0.0,0.0,0.0,0.0
1,random,889.0,12418,0,0.0,0.0,0.0,238,238,0.000204708995370396,0.0,0.0,0.0,0.0
1,random_matched,889.0,12418,0,0.0,0.0,0.0,32596,32596,0.006959606886045406,0.0,0.0,0.0,0.0
1,random,890.0,12418,0,0.0,0.0,0.0,2,2,4.184796854684354e-07,0.0,0.0,0.0,0.0
1,random_matched,890.0,12418,0,0.0,0.0,0.0,30672,30672,0.0051780476578953405,0.0,0.0,0.0,0.0
1,random,891.0,12418,0,0.0,0.0,0.0,3,3,5.196122761233073e-06,0.0,0.0,0.0,0.0
1,random_matched,891.0,12418,5,0.040264132710581414,1.2150756874133053e-06,0.044007627988851404,22775,22775,0.4743033437669734,0.04878048780487805,1.4560099731854937e-07,0.040264132710581414,0.044007627988851404
1,random,892.0,12418,0,0.0,0.0,0.0,5,5,1.067391454153144e-05,0.0,0.0,0.0,0.0
1,random_matched,892.0,12418,0,0.0,0.0,0.0,32596,32596,0.006959606886045406,0.0,0.0,0.0,0.0
1,random,893.0,12418,0,0.0,0.0,0.0,6,6,5.843961505083247e-06,0.0,0.0,0.0,0.0
1,random_matched,893.0,12418,0,0.0,0.0,0.0,24236,24236,0.018490401504566847,0.0,1.5752004340254977e-10,0.0,0.0
1,random,894.0,12418,0,0.0,0.0,0.0,2,2,1.6524582451830528e-06,0.0,0.0,0.0,0.0
1,random_matched,894.0,12418,0,0.0,0.0,0.0,32596,32596,0.006959606886045406,0.0,0.0,0.0,0.0
1,random,895.0,12418,0,0.0,0.0,0.0,2,2,2.0548425581334714e-06,0.0,0.0,0.0,0.0
1,random_matched,895.0,12418,25,0.20132066355290706,6.070085763608201e-06,0.35206102391081123,22275,22275,0.48107096504962393,0.25365853658536586,0.006134547716841173,0.20132066355290706,0.35206102391081123
1,random,896.0,12418,0,0.0,0.0,0.0,2,2,3.7555869208705745e-08,0.0,0.0,0.0,0.0
1,random_matched,896.0,12418,5,0.040264132710581414,1.2150756874133053e-06,0.044007627988851404,22775,22775,0.4743033437669734,0.04878048780487805,1.4560099731854937e-07,0.040264132710581414,0.044007627988851404
1,random,897.0,12418,0,0.0,0.0,0.0,5,5,3.1909076016968203e-06,0.0,0.0,0.0,0.0
1,random_matched,897.0,12418,25,0.20132066355290706,6.070085763608201e-06,0.35206102391081123,22275,22275,0.48107096504962393,0.25365853658536586,0.006134547716841173,0.20132066355290706,0.35206102391081123
1,random,898.0,12418,0,0.0,0.0,0.0,2,2,1.574127432262038e-05,0.0,0.0,0.0,0.0
1,random_matched,898.0,12418,5,0.040264132710581414,1.2150756874133053e-06,0.044007627988851404,22775,22775,0.4743033437669734,0.04878048780487805,1.4560099731854937e-07,0.040264132710581414,0.044007627988851404
1,random,899.0,12418,0,0.0,0.0,0.0,2,2,4.630236289120468e-05,0.0,0.0,0.0,0.0
1,random_matched,899.0,12418,5,0.040264132710581414,1.2150756874133053e-06,0.044007627988851404,22775,22775,0.4743033437669734,0.04878048780487805,1.4560099731854937e-07,0.040264132710581414,0.044007627988851404
1,random,900.0,12418,0,0.0,0.0,0.0,10,10,4.157971233820993e-07,0.0,0.0,0.0,0.0
1,random_matched,900.0,12418,0,0.0,0.0,0.0,32596,32596,0.006959606886045406,0.0,0.0,0.0,0.0
1,random,901.0,12418,0,0.0,0.0,0.0,3,3,5.326227022420376e-06,0.0,0.0,0.0,0.0
1,random_matched,901.0,12418,25,0.20132066355290706,6.070085763608201e-06,0.35206102391081123,22275,22275,0.48107096504962393,0.25365853658536586,0.006134547716841173,0.20132066355290706,0.35206102391081123
1,random,902.0,12418,0,0.0,0.0,0.0,4,4,6.05722519094697e-06,0.0,0.0,0.0,0.0
1,random_matched,902.0,12418,0,0.0,0.0,0.0,30672,30672,0.0051780476578953405,0.0,0.0,0.0,0.0
1,random,903.0,12418,0,0.0,0.0,0.0,2,2,8.208639984188541e-07,0.0,0.0,0.0,0.0
1,random_matched,903.0,12418,0,0.0,0.0,0.0,32596,32596,0.006959606886045406,0.0,0.0,0.0,0.0
1,random,904.0,12418,0,0.0,0.0,0.0,2,2,8.18181436332518e-08,0.0,0.0,0.0,0.0
1,random_matched,904.0,12418,0,0.0,0.0,0.0,30672,30672,0.0051780476578953405,0.0,0.0,0.0,0.0
1,random,905.0,12418,0,0.0,0.0,0.0,6,6,7.2268222605895195e-06,0.0,0.0,0.0,0.0
1,random_matched,905.0,12418,5,0.040264132710581414,1.2150756874133053e-06,0.044007627988851404,22775,22775,0.4743033437669734,0.04878048780487805,1.4560099731854937e-07,0.040264132710581414,0.044007627988851404
1,random,906.0,12418,0,0.0,0.0,0.0,6,6,9.116687250413319e-06,0.0,0.0,0.0,0.0
1,random_matched,906.0,12418,5,0.040264132710581414,1.2150756874133053e-06,0.044007627988851404,22775,22775,0.4743033437669734,0.04878048780487805,1.4560099731854937e-07,0.040264132710581414,0.044007627988851404
1,random,907.0,12418,0,0.0,0.0,0.0,3,3,3.7555869208705746e-06,0.0,0.0,0.0,0.0
1,random_matched,907.0,12418,25,0.20132066355290706,6.070085763608201e-06,0.35206102391081123,22275,22275,0.48107096504962393,0.25365853658536586,0.006134547716841173,0.20132066355290706,0.35206102391081123
1,random,908.0,12418,0,0.0,0.0,0.0,3,3,3.051414373207342e-06,0.0,0.0,0.0,0.0
1,random_matched,908.0,12418,0,0.0,0.0,0.0,24236,24236,0.018490401504566847,0.0,1.5752004340254977e-10,0.0,0.0
1,random,909.0,12418,1,0.008052826542116283,4.193425893904186e-08,0.014669209329617133,25,25,3.268433645991934e-05,0.00975609756097561,4.1934258939041864e-10,0.008052826542116283,0.014669209329617133
1,random_matched,909.0,12418,25,0.20132066355290706,6.070085763608201e-06,0.35206102391081123,22275,22275,0.48107096504962393,0.25365853658536586,0.006134547716841173,0.20132066355290706,0.35206102391081123
1,random,910.0,12418,0,0.0,0.0,0.0,3,3,7.935018651382257e-06,0.0,0.0,0.0,0.0
1,random_matched,910.0,12418,0,0.0,0.0,0.0,30672,30672,0.0051780476578953405,0.0,0.0,0.0,0.0
1,random,911.0,12418,0,0.0,0.0,0.0,6,6,2.635348993616609e-05,0.0,0.0,0.0,0.0
1,random_matched,911.0,12418,0,0.0,0.0,0.0,24236,24236,0.018490401504566847,0.0,1.5752004340254977e-10,0.0,0.0
1,random,912.0,12418,0,0.0,0.0,0.0,3,3,8.63248479382965e-06,0.0,0.0,0.0,0.0
1,random_matched,912.0,12418,5,0.040264132710581414,1.2150756874133053e-06,0.044007627988851404,22775,22775,0.4743033437669734,0.04878048780487805,1.4560099731854937e-07,0.040264132710581414,0.044007627988851404
1,random,913.0,12418,0,0.0,0.0,0.0,5,5,5.487180747600543e-05,0.0,0.0,0.0,0.0
1,random_matched,913.0,12418,0,0.0,0.0,0.0,30672,30672,0.0051780476578953405,0.0,0.0,0.0,0.0
1,random,914.0,12418,0,0.0,0.0,0.0,3,3,3.617434973424264e-06,0.0,0.0,0.0,0.0
1,random_matched,914.0,12418,25,0.20132066355290706,6.070085763608201e-06,0.35206102391081123,22275,22275,0.48107096504962393,0.25365853658536586,0.006134547716841173,0.20132066355290706,0.35206102391081123
1,random,915.0,12418,0,0.0,0.0,0.0,3,3,2.897167053243015e-07,0.0,0.0,0.0,0.0
1,random_matched,915.0,12418,0,0.0,0.0,0.0,32596,32596,0.006959606886045406,0.0,0.0,0.0,0.0
1,random,916.0,12418,0,0.0,0.0,0.0,29,29,1.7570781665501616e-07,0.0,0.0,0.0,0.0
1,random_matched,916.0,12418,0,0.0,0.0,0.0,32596,32596,0.006959606886045406,0.0,0.0,0.0,0.0
1,random,917.0,12418,0,0.0,0.0,0.0,3,3,1.8509678395719259e-07,0.0,0.0,0.0,0.0
1,random_matched,917.0,12418,0,0.0,0.0,0.0,30672,30672,0.0051780476578953405,0.0,0.0,0.0,0.0
1,random,918.0,12418,0,0.0,0.0,0.0,2,2,9.657223510810048e-08,0.0,0.0,0.0,0.0
1,random_matched,918.0,12418,0,0.0,0.0,0.0,30672,30672,0.0051780476578953405,0.0,0.0,0.0,0.0
1,random,919.0,12418,0,0.0,0.0,0.0,2,2,1.5907593171973218e-06,0.0,0.0,0.0,0.0
1,random_matched,919.0,12418,5,0.040264132710581414,1.2150756874133053e-06,0.044007627988851404,22775,22775,0.4743033437669734,0.04878048780487805,1.4560099731854937e-07,0.040264132710581414,0.044007627988851404
1,random,920.0,12418,0,0.0,0.0,0.0,38,38,4.07749437123091e-05,0.0,0.0,0.0,0.0
1,random_matched,920.0,12418,0,0.0,0.0,0.0,30672,30672,0.0051780476578953405,0.0,0.0,0.0,0.0
1,random,921.0,12418,0,0.0,0.0,0.0,5,5,1.918702532251913e-05,0.0,0.0,0.0,0.0
1,random_matched,921.0,12418,0,0.0,0.0,0.0,30672,30672,0.0051780476578953405,0.0,0.0,0.0,0.0
1,random,922.0,12418,0,0.0,0.0,0.0,2,2,2.543068857846646e-06,0.0,0.0,0.0,0.0
1,random_matched,922.0,12418,0,0.0,0.0,0.0,24236,24236,0.018490401504566847,0.0,1.5752004340254977e-10,0.0,0.0
1,random,923.0,12418,0,0.0,0.0,0.0,2,2,2.949477013926569e-06,0.0,0.0,0.0,0.0
1,random_matched,923.0,12418,5,0.040264132710581414,1.2150756874133053e-06,0.044007627988851404,22775,22775,0.4743033437669734,0.04878048780487805,1.4560099731854937e-07,0.040264132710581414,0.044007627988851404
1,random,924.0,12418,0,0.0,0.0,0.0,8,8,7.991754839508265e-05,0.0,0.0,0.0,0.0
1,random_matched,924.0,12418,5,0.040264132710581414,1.2150756874133053e-06,0.044007627988851404,22775,22775,0.4743033437669734,0.04878048780487805,1.4560099731854937e-07,0.040264132710581414,0.044007627988851404
1,random,925.0,12418,0,0.0,0.0,0.0,2,2,3.353202607920156e-08,0.0,0.0,0.0,0.0
1,random_matched,925.0,12418,5,0.040264132710581414,1.2150756874133053e-06,0.044007627988851404,22775,22775,0.4743033437669734,0.04878048780487805,1.4560099731854937e-07,0.040264132710581414,0.044007627988851404
1,random,926.0,12418,0,0.0,0.0,0.0,6,6,6.896062355344276e-05,0.0,0.0,0.0,0.0
1,random_matched,926.0,12418,0,0.0,0.0,0.0,24236,24236,0.018490401504566847,0.0,1.5752004340254977e-10,0.0,0.0
1,random,927.0,12418,0,0.0,0.0,0.0,4,4,8.746493682498934e-06,0.0,0.0,0.0,0.0
1,random_matched,927.0,12418,5,0.040264132710581414,1.2150756874133053e-06,0.044007627988851404,22775,22775,0.4743033437669734,0.04878048780487805,1.4560099731854937e-07,0.040264132710581414,0.044007627988851404
1,random,928.0,12418,0,0.0,0.0,0.0,17,17,1.8587472696223008e-05,0.0,0.0,0.0,0.0
1,random_matched,928.0,12418,0,0.0,0.0,0.0,30672,30672,0.0051780476578953405,0.0,0.0,0.0,0.0
1,random,929.0,12418,0,0.0,0.0,0.0,12,12,3.50168241939886e-05,0.0,1.775800844485619e-08,0.0,0.0
1,random_matched,929.0,12418,0,0.0,0.0,0.0,30672,30672,0.0051780476578953405,0.0,0.0,0.0,0.0
1,random,930.0,12418,0,0.0,0.0,0.0,3,3,4.474647688112973e-05,0.0,0.0,0.0,0.0
1,random_matched,930.0,12418,0,0.0,0.0,0.0,30672,30672,0.0051780476578953405,0.0,0.0,0.0,0.0
1,random,931.0,12418,0,0.0,0.0,0.0,2,2,1.0461992136710885e-07,0.0,0.0,0.0,0.0
1,random_matched,931.0,12418,0,0.0,0.0,0.0,24236,24236,0.018490401504566847,0.0,1.5752004340254977e-10,0.0,0.0
1,random,932.0,12418,0,0.0,0.0,0.0,2,2,1.4378532782761628e-06,0.0,0.0,0.0,0.0
1,random_matched,932.0,12418,5,0.040264132710581414,1.2150756874133053e-06,0.044007627988851404,22775,22775,0.4743033437669734,0.04878048780487805,1.4560099731854937e-07,0.040264132710581414,0.044007627988851404
1,random,933.0,12418,0,0.0,0.0,0.0,2,2,1.4995522062618935e-06,0.0,0.0,0.0,0.0
1,random_matched,933.0,12418,0,0.0,0.0,0.0,32596,32596,0.006959606886045406,0.0,0.0,0.0,0.0
1,random,934.0,12418,0,0.0,0.0,0.0,2,2,8.798803643182489e-07,0.0,0.0,0.0,0.0
1,random_matched,934.0,12418,0,0.0,0.0,0.0,30672,30672,0.0051780476578953405,0.0,0.0,0.0,0.0
1,random,935.0,12418,0,0.0,0.0,0.0,2,2,3.1587168566607866e-06,0.0,0.0,0.0,0.0
1,random_matched,935.0,12418,0,0.0,0.0,0.0,30672,30672,0.0051780476578953405,0.0,0.0,0.0,0.0
1,random,936.0,12418,0,0.0,0.0,0.0,3,3,8.106702624907768e-06,0.0,0.0,0.0,0.0
1,random_matched,936.0,12418,0,0.0,0.0,0.0,30672,30672,0.0051780476578953405,0.0,0.0,0.0,0.0
1,random,937.0,12418,0,0.0,0.0,0.0,2,2,9.120711093542824e-08,0.0,0.0,0.0,0.0
1,random_matched,937.0,12418,0,0.0,0.0,0.0,24236,24236,0.018490401504566847,0.0,1.5752004340254977e-10,0.0,0.0
1,random,938.0,12418,0,0.0,0.0,0.0,3,3,3.602546753845098e-05,0.0,0.0,0.0,0.0
1,random_matched,938.0,12418,5,0.040264132710581414,1.2150756874133053e-06,0.044007627988851404,22775,22775,0.4743033437669734,0.04878048780487805,1.4560099731854937e-07,0.040264132710581414,0.044007627988851404
1,random,939.0,12418,0,0.0,0.0,0.0,18,18,0.00010424168011293547,0.0,0.0,0.0,0.0
1,random_matched,939.0,12418,5,0.040264132710581414,1.2150756874133053e-06,0.044007627988851404,22775,22775,0.4743033437669734,0.04878048780487805,1.4560099731854937e-07,0.040264132710581414,0.044007627988851404
1,random,940.0,12418,0,0.0,0.0,0.0,3,3,2.0690601371910528e-05,0.0,0.0,0.0,0.0
1,random_matched,940.0,12418,0,0.0,0.0,0.0,24236,24236,0.018490401504566847,0.0,1.5752004340254977e-10,0.0,0.0
1,random,941.0,12418,0,0.0,0.0,0.0,24,24,2.435095733871617e-05,0.0,0.0,0.0,0.0
1,random_matched,941.0,12418,0,0.0,0.0,0.0,24236,24236,0.018490401504566847,0.0,1.5752004340254977e-10,0.0,0.0
1,random,942.0,12418,0,0.0,0.0,0.0,2,2,1.7973165978452035e-07,0.0,0.0,0.0,0.0
1,random_matched,942.0,12418,0,0.0,0.0,0.0,30672,30672,0.0051780476578953405,0.0,0.0,0.0,0.0
1,random,943.0,12418,0,0.0,0.0,0.0,9,9,8.800681436642924e-05,0.0,0.0,0.0,0.0
1,random_matched,943.0,12418,5,0.040264132710581414,1.2150756874133053e-06,0.044007627988851404,22775,22775,0.4743033437669734,0.04878048780487805,1.4560099731854937e-07,0.040264132710581414,0.044007627988851404
1,random,944.0,12418,0,0.0,0.0,0.0,4,4,1.7611020096796658e-05,0.0,0.0,0.0,0.0
1,random_matched,944.0,12418,0,0.0,0.0,0.0,30672,30672,0.0051780476578953405,0.0,0.0,0.0,0.0
1,random,945.0,12418,0,0.0,0.0,0.0,2,2,2.132636858637219e-07,0.0,0.0,0.0,0.0
1,random_matched,945.0,12418,0,0.0,0.0,0.0,24236,24236,0.018490401504566847,0.0,1.5752004340254977e-10,0.0,0.0
1,random,946.0,12418,0,0.0,0.0,0.0,18,18,4.3897445980804346e-05,0.0,0.0,0.0,0.0
1,random_matched,946.0,12418,0,0.0,0.0,0.0,30672,30672,0.0051780476578953405,0.0,0.0,0.0,0.0
1,random,947.0,12418,0,0.0,0.0,0.0,30,30,0.03620714003190497,0.0,0.0,0.0,0.0
1,random_matched,947.0,12418,0,0.0,0.0,0.0,24236,24236,0.018490401504566847,0.0,1.5752004340254977e-10,0.0,0.0
1,random,948.0,12418,0,0.0,0.0,0.0,2,2,6.974661424473924e-08,0.0,0.0,0.0,0.0
1,random_matched,948.0,12418,25,0.20132066355290706,6.070085763608201e-06,0.35206102391081123,22275,22275,0.48107096504962393,0.25365853658536586,0.006134547716841173,0.20132066355290706,0.35206102391081123
1,random,949.0,12418,0,0.0,0.0,0.0,4,4,7.678833972137156e-06,0.0,0.0,0.0,0.0
1,random_matched,949.0,12418,0,0.0,0.0,0.0,24236,24236,0.018490401504566847,0.0,1.5752004340254977e-10,0.0,0.0
1,random,950.0,12418,0,0.0,0.0,0.0,2,2,2.308344675292235e-06,0.0,0.0,0.0,0.0
1,random_matched,950.0,12418,0,0.0,0.0,0.0,30672,30672,0.0051780476578953405,0.0,0.0,0.0,0.0
1,random,951.0,12418,0,0.0,0.0,0.0,5,5,8.40983214066375e-07,0.0,0.0,0.0,0.0
1,random_matched,951.0,12418,25,0.20132066355290706,6.070085763608201e-06,0.35206102391081123,22275,22275,0.48107096504962393,0.25365853658536586,0.006134547716841173,0.20132066355290706,0.35206102391081123
1,random,952.0,12418,0,0.0,0.0,0.0,4,4,1.5128308885892575e-05,0.0,0.0,0.0,0.0
1,random_matched,952.0,12418,0,0.0,0.0,0.0,32596,32596,0.006959606886045406,0.0,0.0,0.0,0.0
1,random,953.0,12418,0,0.0,0.0,0.0,2,2,9.68404913167341e-07,0.0,0.0,0.0,0.0
1,random_matched,953.0,12418,0,0.0,0.0,0.0,30672,30672,0.0051780476578953405,0.0,0.0,0.0,0.0
1,random,954.0,12418,0,0.0,0.0,0.0,2,2,4.524140958605874e-06,0.0,0.0,0.0,0.0
1,random_matched,954.0,12418,0,0.0,0.0,0.0,24236,24236,0.018490401504566847,0.0,1.5752004340254977e-10,0.0,0.0
1,random,955.0,12418,0,0.0,0.0,0.0,3,3,5.196122761233073e-06,0.0,0.0,0.0,0.0
1,random_matched,955.0,12418,0,0.0,0.0,0.0,30672,30672,0.0051780476578953405,0.0,0.0,0.0,0.0
1,random,956.0,12418,0,0.0,0.0,0.0,9,9,1.2841424707291028e-05,0.0,0.0,0.0,0.0
1,random_matched,956.0,12418,0,0.0,0.0,0.0,24236,24236,0.018490401504566847,0.0,1.5752004340254977e-10,0.0,0.0
1,random,957.0,12418,0,0.0,0.0,0.0,7,7,1.3846044208623908e-05,0.0,0.0,0.0,0.0
1,random_matched,957.0,12418,0,0.0,0.0,0.0,30672,30672,0.0051780476578953405,0.0,0.0,0.0,0.0
1,random,958.0,12418,0,0.0,0.0,0.0,2,2,2.6248870014798978e-06,0.0,0.0,0.0,0.0
1,random_matched,958.0,12418,0,0.0,0.0,0.0,24236,24236,0.018490401504566847,0.0,1.5752004340254977e-10,0.0,0.0
1,random,959.0,12418,0,0.0,0.0,0.0,2,2,1.7365565665896903e-05,0.0,0.0,0.0,0.0
1,random_matched,959.0,12418,25,0.20132066355290706,6.070085763608201e-06,0.35206102391081123,22275,22275,0.48107096504962393,0.25365853658536586,0.006134547716841173,0.20132066355290706,0.35206102391081123
1,random,960.0,12418,0,0.0,0.0,0.0,2,2,5.767508485622668e-08,0.0,0.0,0.0,0.0
1,random_matched,960.0,12418,0,0.0,0.0,0.0,32596,32596,0.006959606886045406,0.0,0.0,0.0,0.0
1,random,961.0,12418,0,0.0,0.0,0.0,29,29,7.732619341968196e-05,0.0,0.0,0.0,0.0
1,random_matched,961.0,12418,0,0.0,0.0,0.0,24236,24236,0.018490401504566847,0.0,1.5752004340254977e-10,0.0,0.0
1,random,962.0,12418,0,0.0,0.0,0.0,10,10,2.4860644135120035e-05,0.0,0.0,0.0,0.0
1,random_matched,962.0,12418,0,0.0,0.0,0.0,30672,30672,0.0051780476578953405,0.0,0.0,0.0,0.0
1,random,963.0,12418,0,0.0,0.0,0.0,2,2,1.709194433309062e-05,0.0,0.0,0.0,0.0
1,random_matched,963.0,12418,0,0.0,0.0,0.0,30672,30672,0.0051780476578953405,0.0,0.0,0.0,0.0
1,random,964.0,12418,0,0.0,0.0,0.0,10,10,1.1937401284195754e-06,0.0,0.0,0.0,0.0
1,random_matched,964.0,12418,0,0.0,0.0,0.0,24236,24236,0.018490401504566847,0.0,1.5752004340254977e-10,0.0,0.0
1,random,965.0,12418,0,0.0,0.0,0.0,3,3,2.329805171982924e-05,0.0,0.0,0.0,0.0
1,random_matched,965.0,12418,0,0.0,0.0,0.0,32596,32596,0.006959606886045406,0.0,0.0,0.0,0.0
1,random,966.0,12418,0,0.0,0.0,0.0,2,2,2.1380019828098913e-06,0.0,0.0,0.0,0.0
1,random_matched,966.0,12418,0,0.0,0.0,0.0,30672,30672,0.0051780476578953405,0.0,0.0,0.0,0.0
1,random,967.0,12418,0,0.0,0.0,0.0,2,2,2.06289024439248e-06,0.0,0.0,0.0,0.0
1,random_matched,967.0,12418,0,0.0,0.0,0.0,24236,24236,0.018490401504566847,0.0,1.5752004340254977e-10,0.0,0.0
1,random,968.0,12418,0,0.0,0.0,0.0,2,2,9.429205733471478e-07,0.0,0.0,0.0,0.0
1,random_matched,968.0,12418,25,0.20132066355290706,6.070085763608201e-06,0.35206102391081123,22275,22275,0.48107096504962393,0.25365853658536586,0.006134547716841173,0.20132066355290706,0.35206102391081123
1,random,969.0,12418,0,0.0,0.0,0.0,2,2,1.7932927547156992e-06,0.0,0.0,0.0,0.0
1,random_matched,969.0,12418,5,0.040264132710581414,1.2150756874133053e-06,0.044007627988851404,22775,22775,0.4743033437669734,0.04878048780487805,1.4560099731854937e-07,0.040264132710581414,0.044007627988851404
1,random,970.0,12418,0,0.0,0.0,0.0,4,4,8.507745656815019e-06,0.0,0.0,0.0,0.0
1,random_matched,970.0,12418,5,0.040264132710581414,1.2150756874133053e-06,0.044007627988851404,22775,22775,0.4743033437669734,0.04878048780487805,1.4560099731854937e-07,0.040264132710581414,0.044007627988851404
1,random,971.0,12418,0,0.0,0.0,0.0,3,3,1.3962735659379528e-06,0.0,0.0,0.0,0.0
1,random_matched,971.0,12418,0,0.0,0.0,0.0,32596,32596,0.006959606886045406,0.0,0.0,0.0,0.0
1,random,972.0,12418,0,0.0,0.0,0.0,3,3,5.008343415189544e-06,0.0,0.0,0.0,0.0
1,random_matched,972.0,12418,25,0.20132066355290706,6.070085763608201e-06,0.35206102391081123,22275,22275,0.48107096504962393,0.25365853658536586,0.006134547716841173,0.20132066355290706,0.35206102391081123
1,random,973.0,12418,0,0.0,0.0,0.0,2,2,5.713857243895945e-07,0.0,0.0,0.0,0.0
1,random_matched,973.0,12418,0,0.0,0.0,0.0,24236,24236,0.018490401504566847,0.0,1.5752004340254977e-10,0.0,0.0
1,random,974.0,12418,0,0.0,0.0,0.0,6,6,8.308699550008879e-05,0.0,0.0,0.0,0.0
1,random_matched,974.0,12418,25,0.20132066355290706,6.070085763608201e-06,0.35206102391081123,22275,22275,0.48107096504962393,0.25365853658536586,0.006134547716841173,0.20132066355290706,0.35206102391081123
1,random,975.0,12418,0,0.0,0.0,0.0,2,2,6.505213059365102e-07,0.0,0.0,0.0,0.0
1,random_matched,975.0,12418,0,0.0,0.0,0.0,30672,30672,0.0051780476578953405,0.0,0.0,0.0,0.0
1,random,976.0,12418,0,0.0,0.0,0.0,4,4,1.3815194744631042e-07,0.0,0.0,0.0,0.0
1,random_matched,976.0,12418,25,0.20132066355290706,6.070085763608201e-06,0.35206102391081123,22275,22275,0.48107096504962393,0.25365853658536586,0.006134547716841173,0.20132066355290706,0.35206102391081123
1,random,977.0,12418,0,0.0,0.0,0.0,3,3,7.878684847569198e-06,0.0,0.0,0.0,0.0
1,random_matched,977.0,12418,0,0.0,0.0,0.0,24236,24236,0.018490401504566847,0.0,1.5752004340254977e-10,0.0,0.0
1,random,978.0,12418,0,0.0,0.0,0.0,2,2,1.7034269248234392e-06,0.0,0.0,0.0,0.0
1,random_matched,978.0,12418,0,0.0,0.0,0.0,24236,24236,0.018490401504566847,0.0,1.5752004340254977e-10,0.0,0.0
1,random,979.0,12418,0,0.0,0.0,0.0,2,2,2.6825620863361247e-08,0.0,0.0,0.0,0.0
1,random_matched,979.0,12418,0,0.0,0.0,0.0,30672,30672,0.0051780476578953405,0.0,0.0,0.0,0.0
1,random,980.0,12418,0,0.0,0.0,0.0,4,4,1.2997013308298524e-05,0.0,0.0,0.0,0.0
1,random_matched,980.0,12418,25,0.20132066355290706,6.070085763608201e-06,0.35206102391081123,22275,22275,0.48107096504962393,0.25365853658536586,0.006134547716841173,0.20132066355290706,0.35206102391081123
1,random,981.0,12418,0,0.0,0.0,0.0,8,8,0.0002342372975357409,0.0,0.0,0.0,0.0
1,random_matched,981.0,12418,0,0.0,0.0,0.0,24236,24236,0.018490401504566847,0.0,1.5752004340254977e-10,0.0,0.0
1,random,982.0,12418,0,0.0,0.0,0.0,3,3,1.3746789411429471e-05,0.0,0.0,0.0,0.0
1,random_matched,982.0,12418,0,0.0,0.0,0.0,24236,24236,0.018490401504566847,0.0,1.5752004340254977e-10,0.0,0.0
1,random,983.0,12418,0,0.0,0.0,0.0,2,2,9.093885472679463e-07,0.0,0.0,0.0,0.0
1,random_matched,983.0,12418,0,0.0,0.0,0.0,24236,24236,0.018490401504566847,0.0,1.5752004340254977e-10,0.0,0.0
1,random,984.0,12418,0,0.0,0.0,0.0,2,2,8.718326780592405e-08,0.0,0.0,0.0,0.0
1,random_matched,984.0,12418,0,0.0,0.0,0.0,32596,32596,0.006959606886045406,0.0,0.0,0.0,0.0
1,random,985.0,12418,0,0.0,0.0,0.0,26,26,1.7957070605934017e-05,0.0,0.0,0.0,0.0
1,random_matched,985.0,12418,0,0.0,0.0,0.0,30672,30672,0.0051780476578953405,0.0,0.0,0.0,0.0
1,random,986.0,12418,41,0.3301658882267676,4.9483239805524525e-05,0.6014375825143025,6575,6575,0.07214575559896769,0.5951219512195122,6.547123963890948e-05,0.3301658882267676,0.6014375825143025
1,random_matched,986.0,12418,0,0.0,0.0,0.0,32596,32596,0.006959606886045406,0.0,0.0,0.0,0.0
1,random,987.0,12418,0,0.0,0.0,0.0,5,5,5.860056877601264e-06,0.0,0.0,0.0,0.0
1,random_matched,987.0,12418,5,0.040264132710581414,1.2150756874133053e-06,0.044007627988851404,22775,22775,0.4743033437669734,0.04878048780487805,1.4560099731854937e-07,0.040264132710581414,0.044007627988851404
1,random,988.0,12418,0,0.0,0.0,0.0,3,3,4.930549114685797e-06,0.0,0.0,0.0,0.0
1,random_matched,988.0,12418,0,0.0,0.0,0.0,24236,24236,0.018490401504566847,0.0,1.5752004340254977e-10,0.0,0.0
1,random,989.0,12418,0,0.0,0.0,0.0,2,2,0.0002928351837496672,0.0,0.0,0.0,0.0
1,random_matched,989.0,12418,0,0.0,0.0,0.0,24236,24236,0.018490401504566847,0.0,1.5752004340254977e-10,0.0,0.0
1,random,990.0,12418,0,0.0,0.0,0.0,2,2,2.8542460598616367e-06,0.0,0.0,0.0,0.0
1,random_matched,990.0,12418,0,0.0,0.0,0.0,32596,32596,0.006959606886045406,0.0,0.0,0.0,0.0
1,random,991.0,12418,0,0.0,0.0,0.0,2,2,1.3962735659379528e-06,0.0,0.0,0.0,0.0
1,random_matched,991.0,12418,25,0.20132066355290706,6.070085763608201e-06,0.35206102391081123,22275,22275,0.48107096504962393,0.25365853658536586,0.006134547716841173,0.20132066355290706,0.35206102391081123
1,random,992.0,12418,0,0.0,0.0,0.0,41,41,0.03275097532598706,0.0,0.0,0.0,0.0
1,random_matched,992.0,12418,25,0.20132066355290706,6.070085763608201e-06,0.35206102391081123,22275,22275,0.48107096504962393,0.25365853658536586,0.006134547716841173,0.20132066355290706,0.35206102391081123
1,random,993.0,12418,0,0.0,0.0,0.0,2,2,1.1803273179878948e-07,0.0,0.0,0.0,0.0
1,random_matched,993.0,12418,0,0.0,0.0,0.0,32596,32596,0.006959606886045406,0.0,0.0,0.0,0.0
1,random,994.0,12418,0,0.0,0.0,0.0,3,3,2.265423681910857e-06,0.0,0.0,0.0,0.0
1,random_matched,994.0,12418,0,0.0,0.0,0.0,24236,24236,0.018490401504566847,0.0,1.5752004340254977e-10,0.0,0.0
1,random,995.0,12418,0,0.0,0.0,0.0,2,2,4.0600577176697245e-06,0.0,0.0,0.0,0.0
1,random_matched,995.0,12418,0,0.0,0.0,0.0,32596,32596,0.006959606886045406,0.0,0.0,0.0,0.0
1,random,996.0,12418,0,0.0,0.0,0.0,2,2,1.8321899049675732e-06,0.0,0.0,0.0,0.0
1,random_matched,996.0,12418,0,0.0,0.0,0.0,32596,32596,0.006959606886045406,0.0,0.0,0.0,0.0
1,random,997.0,12418,0,0.0,0.0,0.0,2,2,4.439640252886286e-07,0.0,0.0,0.0,0.0
1,random_matched,997.0,12418,0,0.0,0.0,0.0,24236,24236,0.018490401504566847,0.0,1.5752004340254977e-10,0.0,0.0
1,random,998.0,12418,0,0.0,0.0,0.0,3,3,2.2439631852201682e-06,0.0,0.0,0.0,0.0
1,random_matched,998.0,12418,25,0.20132066355290706,6.070085763608201e-06,0.35206102391081123,22275,22275,0.48107096504962393,0.25365853658536586,0.006134547716841173,0.20132066355290706,0.35206102391081123
1,random,999.0,12418,0,0.0,0.0,0.0,2,2,1.0596120241027692e-07,0.0,0.0,0.0,0.0
1,random_matched,999.0,12418,25,0.20132066355290706,6.070085763608201e-06,0.35206102391081123,22275,22275,0.48107096504962393,0.25365853658536586,0.006134547716841173,0.20132066355290706,0.35206102391081123
