k,strategy,seed,options_total,options_lost,pct_options_lost,pct_option_demand_lost,pct_commercial_options_lost,models_lost,models_lost_incl_flagged,pct_downloads_lost,pct_options_degraded90,demand_weighted_degradation,pct_collateral_options_lost,pct_collateral_commercial_lost
10,descendants,,12418,110,0.8858109196327911,7.2851614510215055e-06,1.525597770280182,202471,202471,2.2108741037926625,0.35121951219512193,0.006237948417419951,0.8858109196327911,1.525597770280182
10,descendant_authors,,12418,140,1.1273957158962795,0.0021535684737563378,1.7749743288836732,155927,155927,3.1862865598892505,0.7024390243902439,0.006798956754043327,1.1273957158962795,1.7749743288836732
10,downloads,,12418,8,0.06442261233693027,2.4427723653810795e-08,0.05867683731846853,14862,14862,23.474540880978022,0.04878048780487805,0.05150944081557036,0.06442261233693027,0.05867683731846853
10,outdegree,,12418,91,0.7328072153325818,7.658091365469684e-07,1.2322135836878392,192321,192321,5.878357675617568,0.11707317073170732,0.01431026854576053,0.7328072153325818,1.2322135836878392
10,random,0.0,12418,0,0.0,0.0,0.0,28,28,0.00014302616275718315,0.0,0.0,0.0,0.0
10,random_matched,0.0,12418,31,0.24963762280560478,0.0021464398533010643,0.2640457679331084,62606,62606,1.145580584875007,0.37073170731707317,0.0005651932401177257,0.24963762280560478,0.2640457679331084
10,random,1.0,12418,0,0.0,0.0,0.0,80,80,0.00042530009957294503,0.0,0.0,0.0,0.0
10,random_matched,1.0,12418,31,0.24963762280560478,0.0021464398533010643,0.2640457679331084,62606,62606,1.145580584875007,0.37073170731707317,0.0005651932401177257,0.24963762280560478,0.2640457679331084
10,random,2.0,12418,0,0.0,0.0,0.0,35,35,0.0002478097204115585,0.0,0.0,0.0,0.0
10,random_matched,2.0,12418,24,0.19326783701079078,0.0021458305851602658,0.220038139944257,51064,51064,0.8849681531509063,0.32195121951219513,0.00018525906850673166,0.19326783701079078,0.220038139944257
10,random,3.0,12418,0,0.0,0.0,0.0,34,34,0.0006377603580918093,0.0,6.621446057313741e-07,0.0,0.0
10,random_matched,3.0,12418,31,0.24963762280560478,0.0021464398533010643,0.2640457679331084,62606,62606,1.145580584875007,0.37073170731707317,0.0005651932401177257,0.24963762280560478,0.2640457679331084
10,random,4.0,12418,0,0.0,0.0,0.0,125,125,0.008212863678193478,0.0,0.0,0.0,0.0
10,random_matched,4.0,12418,31,0.24963762280560478,0.0021464398533010643,0.2640457679331084,62606,62606,1.145580584875007,0.37073170731707317,0.0005651932401177257,0.24963762280560478,0.2640457679331084
10,random,5.0,12418,0,0.0,0.0,0.0,90,90,0.006039162159138625,0.0,0.00013121446641803657,0.0,0.0
10,random_matched,5.0,12418,30,0.24158479626348847,0.0021462833123053163,0.24937655860349128,52683,52683,1.1312984137462296,0.35121951219512193,0.0005609670490680272,0.24158479626348847,0.24937655860349128
10,random,6.0,12418,0,0.0,0.0,0.0,33,33,4.035378146475432e-05,0.0,0.0,0.0,0.0
10,random_matched,6.0,12418,31,0.24963762280560478,0.0021464398533010643,0.2640457679331084,62606,62606,1.145580584875007,0.37073170731707317,0.0005651932401177257,0.24963762280560478,0.2640457679331084
10,random,7.0,12418,0,0.0,0.0,0.0,36,36,0.0005031332972269446,0.0,0.0,0.0,0.0
10,random_matched,7.0,12418,24,0.19326783701079078,0.0021458305851602658,0.220038139944257,51064,51064,0.8849681531509063,0.32195121951219513,0.00018525906850673166,0.19326783701079078,0.220038139944257
10,random,8.0,12418,1,0.008052826542116283,6.880475495823374e-08,0.014669209329617133,284,284,0.02408258309735076,0.00975609756097561,2.0216970000276303e-05,0.008052826542116283,0.014669209329617133
10,random_matched,8.0,12418,31,0.24963762280560478,0.0021464398533010643,0.2640457679331084,62606,62606,1.145580584875007,0.37073170731707317,0.0005651932401177257,0.24963762280560478,0.2640457679331084
10,random,9.0,12418,0,0.0,0.0,0.0,33,33,0.0003194059612148265,0.0,0.0,0.0,0.0
10,random_matched,9.0,12418,16,0.12884522467386053,8.67387754074065e-07,0.14669209329617133,53518,53518,0.923705627918434,0.15609756097560976,0.0004112099244941513,0.12884522467386053,0.14669209329617133
10,random,10.0,12418,0,0.0,0.0,0.0,973,973,0.00230919773003569,0.0,0.0,0.0,0.0
10,random_matched,10.0,12418,31,0.24963762280560478,0.0021464398533010643,0.2640457679331084,62606,62606,1.145580584875007,0.37073170731707317,0.0005651932401177257,0.24963762280560478,0.2640457679331084
10,random,11.0,12418,0,0.0,0.0,0.0,77,77,0.0006002809419025641,0.0,0.0,0.0,0.0
10,random_matched,11.0,12418,31,0.24963762280560478,0.0021464398533010643,0.2640457679331084,51961,51961,1.0224874505198993,0.37073170731707317,0.0005651932401177257,0.24963762280560478,0.2640457679331084
10,random,12.0,12418,0,0.0,0.0,0.0,40,40,0.0037710934710106403,0.0,0.0,0.0,0.0
10,random_matched,12.0,12418,26,0.20937349009502335,0.002146360056070462,0.220038139944257,52130,52130,0.7380750033758122,0.33170731707317075,0.0005651924421454197,0.20937349009502335,0.220038139944257
10,random,13.0,12418,0,0.0,0.0,0.0,114,114,0.03148429499315896,0.0,0.0,0.0,0.0
10,random_matched,13.0,12418,24,0.19326783701079078,0.0021458305851602658,0.220038139944257,51064,51064,0.8849681531509063,0.32195121951219513,0.00018525906850673166,0.19326783701079078,0.220038139944257
10,random,14.0,12418,0,0.0,0.0,0.0,30,30,0.0007092814871566598,0.0,5.8707323473399804e-08,0.0,0.0
10,random_matched,14.0,12418,24,0.19326783701079078,0.0021458305851602658,0.220038139944257,51064,51064,0.8849681531509063,0.32195121951219513,0.00018525906850673166,0.19326783701079078,0.220038139944257
10,random,15.0,12418,0,0.0,0.0,0.0,26,26,7.422381036683423e-05,0.0,0.0,0.0,0.0
10,random_matched,15.0,12418,26,0.20937349009502335,0.002146360056070462,0.220038139944257,52130,52130,0.7380750033758122,0.33170731707317075,0.0005651924421454197,0.20937349009502335,0.220038139944257
10,random,16.0,12418,0,0.0,0.0,0.0,39,39,0.00020118008494582083,0.0,0.0,0.0,0.0
10,random_matched,16.0,12418,16,0.12884522467386053,8.67387754074065e-07,0.14669209329617133,53518,53518,0.923705627918434,0.15609756097560976,0.0004112099244941513,0.12884522467386053,0.14669209329617133
10,random,17.0,12418,0,0.0,0.0,0.0,70,70,0.0006788250185094427,0.0,0.0,0.0,0.0
10,random_matched,17.0,12418,31,0.24963762280560478,0.0021464398533010643,0.2640457679331084,62606,62606,1.145580584875007,0.37073170731707317,0.0005651932401177257,0.24963762280560478,0.2640457679331084
10,random,18.0,12418,1,0.008052826542116283,5.699802185889185e-09,0.0,86,86,0.04750693520532888,0.00975609756097561,5.699802185889185e-11,0.008052826542116283,0.0
10,random_matched,18.0,12418,31,0.24963762280560478,0.0021464398533010643,0.2640457679331084,62606,62606,1.145580584875007,0.37073170731707317,0.0005651932401177257,0.24963762280560478,0.2640457679331084
10,random,19.0,12418,0,0.0,0.0,0.0,46,46,0.0001914799404416294,0.0,0.0,0.0,0.0
10,random_matched,19.0,12418,31,0.24963762280560478,0.0021464398533010643,0.2640457679331084,62606,62606,1.145580584875007,0.37073170731707317,0.0005651932401177257,0.24963762280560478,0.2640457679331084
10,random,20.0,12418,0,0.0,0.0,0.0,1102,1102,0.002664999352356882,0.0,0.0,0.0,0.0
10,random_matched,20.0,12418,31,0.24963762280560478,0.0021464398533010643,0.2640457679331084,62606,62606,1.145580584875007,0.37073170731707317,0.0005651932401177257,0.24963762280560478,0.2640457679331084
10,random,21.0,12418,0,0.0,0.0,0.0,27,27,8.653542906207387e-05,0.0,0.0,0.0,0.0
10,random_matched,21.0,12418,31,0.24963762280560478,0.0021464398533010643,0.2640457679331084,51961,51961,1.0224874505198993,0.37073170731707317,0.0005651932401177257,0.24963762280560478,0.2640457679331084
10,random,22.0,12418,0,0.0,0.0,0.0,29,29,0.014673509992337234,0.0,0.0,0.0,0.0
10,random_matched,22.0,12418,31,0.24963762280560478,0.0021464398533010643,0.2640457679331084,62606,62606,1.145580584875007,0.37073170731707317,0.0005651932401177257,0.24963762280560478,0.2640457679331084
10,random,23.0,12418,0,0.0,0.0,0.0,27,27,8.578431167789976e-05,0.0,0.0,0.0,0.0
10,random_matched,23.0,12418,31,0.24963762280560478,0.0021464398533010643,0.2640457679331084,62606,62606,1.145580584875007,0.37073170731707317,0.0005651932401177257,0.24963762280560478,0.2640457679331084
10,random,24.0,12418,0,0.0,0.0,0.0,34,34,5.450295518913421e-05,0.0,0.0,0.0,0.0
10,random_matched,24.0,12418,31,0.24963762280560478,0.0021464398533010643,0.2640457679331084,62606,62606,1.145580584875007,0.37073170731707317,0.0005651932401177257,0.24963762280560478,0.2640457679331084
10,random,25.0,12418,0,0.0,0.0,0.0,389,389,0.02348396400266068,0.00975609756097561,3.5409450759128e-08,0.0,0.0
10,random_matched,25.0,12418,31,0.24963762280560478,0.0021464398533010643,0.2640457679331084,62606,62606,1.145580584875007,0.37073170731707317,0.0005651932401177257,0.24963762280560478,0.2640457679331084
10,random,26.0,12418,0,0.0,0.0,0.0,51,51,0.0002579444399737364,0.00975609756097561,1.0415815183264858e-07,0.0,0.0
10,random_matched,26.0,12418,31,0.24963762280560478,0.0021464398533010643,0.2640457679331084,62606,62606,1.145580584875007,0.37073170731707317,0.0005651932401177257,0.24963762280560478,0.2640457679331084
10,random,27.0,12418,0,0.0,0.0,0.0,118,118,0.006283196173413666,0.0,0.0,0.0,0.0
10,random_matched,27.0,12418,31,0.24963762280560478,0.0021464398533010643,0.2640457679331084,62606,62606,1.145580584875007,0.37073170731707317,0.0005651932401177257,0.24963762280560478,0.2640457679331084
10,random,28.0,12418,0,0.0,0.0,0.0,61,61,0.006520828253269665,0.0,4.2862033867391026e-05,0.0,0.0
10,random_matched,28.0,12418,31,0.24963762280560478,0.0021464398533010643,0.2640457679331084,62606,62606,1.145580584875007,0.37073170731707317,0.0005651932401177257,0.24963762280560478,0.2640457679331084
10,random,29.0,12418,0,0.0,0.0,0.0,171,171,0.003857761686895988,0.0,0.0,0.0,0.0
10,random_matched,29.0,12418,30,0.24158479626348847,0.0021462833123053163,0.24937655860349128,52683,52683,1.1312984137462296,0.35121951219512193,0.0005609670490680272,0.24158479626348847,0.24937655860349128
10,random,30.0,12418,0,0.0,0.0,0.0,629,629,0.00782737682382489,0.0,0.0,0.0,0.0
10,random_matched,30.0,12418,31,0.24963762280560478,0.0021464398533010643,0.2640457679331084,62606,62606,1.145580584875007,0.37073170731707317,0.0005651932401177257,0.24963762280560478,0.2640457679331084
10,random,31.0,12418,0,0.0,0.0,0.0,46,46,0.0016318239776149553,0.0,0.0,0.0,0.0
10,random_matched,31.0,12418,31,0.24963762280560478,0.0021464398533010643,0.2640457679331084,51961,51961,1.0224874505198993,0.37073170731707317,0.0005651932401177257,0.24963762280560478,0.2640457679331084
10,random,32.0,12418,0,0.0,0.0,0.0,54,54,0.0040885639636801755,0.0,0.0,0.0,0.0
10,random_matched,32.0,12418,16,0.12884522467386053,8.67387754074065e-07,0.14669209329617133,53518,53518,0.923705627918434,0.15609756097560976,0.0004112099244941513,0.12884522467386053,0.14669209329617133
10,random,33.0,12418,1,0.008052826542116283,0.0,0.014669209329617133,150,150,0.007165852989491272,0.00975609756097561,4.36176174582577e-06,0.008052826542116283,0.014669209329617133
10,random_matched,33.0,12418,31,0.24963762280560478,0.0021464398533010643,0.2640457679331084,62606,62606,1.145580584875007,0.37073170731707317,0.0005651932401177257,0.24963762280560478,0.2640457679331084
10,random,34.0,12418,0,0.0,0.0,0.0,53,53,0.0003305681020560711,0.0,0.0,0.0,0.0
10,random_matched,34.0,12418,30,0.24158479626348847,0.0021462833123053163,0.24937655860349128,52683,52683,1.1312984137462296,0.35121951219512193,0.0005609670490680272,0.24158479626348847,0.24937655860349128
10,random,35.0,12418,0,0.0,0.0,0.0,35,35,0.0014796475955812796,0.0,0.0,0.0,0.0
10,random_matched,35.0,12418,31,0.24963762280560478,0.0021464398533010643,0.2640457679331084,62606,62606,1.145580584875007,0.37073170731707317,0.0005651932401177257,0.24963762280560478,0.2640457679331084
10,random,36.0,12418,0,0.0,0.0,0.0,906,906,0.0008407766567857272,0.0,0.0,0.0,0.0
10,random_matched,36.0,12418,31,0.24963762280560478,0.0021464398533010643,0.2640457679331084,62606,62606,1.145580584875007,0.37073170731707317,0.0005651932401177257,0.24963762280560478,0.2640457679331084
10,random,37.0,12418,0,0.0,0.0,0.0,37,37,0.0003875215777110734,0.0,0.0,0.0,0.0
10,random_matched,37.0,12418,30,0.24158479626348847,0.0021462833123053163,0.24937655860349128,52683,52683,1.1312984137462296,0.35121951219512193,0.0005609670490680272,0.24158479626348847,0.24937655860349128
10,random,38.0,12418,0,0.0,0.0,0.0,32,32,0.00048528084654237764,0.0,0.0,0.0,0.0
10,random_matched,38.0,12418,31,0.24963762280560478,0.0021464398533010643,0.2640457679331084,62606,62606,1.145580584875007,0.37073170731707317,0.0005651932401177257,0.24963762280560478,0.2640457679331084
10,random,39.0,12418,0,0.0,0.0,0.0,86,86,0.0005918469667031233,0.0,0.0,0.0,0.0
10,random_matched,39.0,12418,31,0.24963762280560478,0.0021464398533010643,0.2640457679331084,62606,62606,1.145580584875007,0.37073170731707317,0.0005651932401177257,0.24963762280560478,0.2640457679331084
10,random,40.0,12418,0,0.0,0.0,0.0,23,23,0.0033202473326895163,0.0,0.0,0.0,0.0
10,random_matched,40.0,12418,30,0.24158479626348847,0.0021462833123053163,0.24937655860349128,52683,52683,1.1312984137462296,0.35121951219512193,0.0005609670490680272,0.24158479626348847,0.24937655860349128
10,random,41.0,12418,0,0.0,0.0,0.0,711,711,0.002351512464385556,0.0,0.0,0.0,0.0
10,random_matched,41.0,12418,31,0.24963762280560478,0.0021464398533010643,0.2640457679331084,51961,51961,1.0224874505198993,0.37073170731707317,0.0005651932401177257,0.24963762280560478,0.2640457679331084
10,random,42.0,12418,0,0.0,0.0,0.0,42,42,7.245868451402506e-05,0.0,0.0,0.0,0.0
10,random_matched,42.0,12418,31,0.24963762280560478,0.0021464398533010643,0.2640457679331084,62606,62606,1.145580584875007,0.37073170731707317,0.0005651932401177257,0.24963762280560478,0.2640457679331084
10,random,43.0,12418,0,0.0,0.0,0.0,108,108,0.040430132546855624,0.0,5.999245510404085e-05,0.0,0.0
10,random_matched,43.0,12418,31,0.24963762280560478,0.0021464398533010643,0.2640457679331084,62606,62606,1.145580584875007,0.37073170731707317,0.0005651932401177257,0.24963762280560478,0.2640457679331084
10,random,44.0,12418,0,0.0,0.0,0.0,763,763,0.00397247608939398,0.0,0.0,0.0,0.0
10,random_matched,44.0,12418,24,0.19326783701079078,0.0021458305851602658,0.220038139944257,51064,51064,0.8849681531509063,0.32195121951219513,0.00018525906850673166,0.19326783701079078,0.220038139944257
10,random,45.0,12418,0,0.0,0.0,0.0,40,40,0.00010322230652012774,0.0,0.0,0.0,0.0
10,random_matched,45.0,12418,24,0.19326783701079078,0.0021458305851602658,0.220038139944257,51064,51064,0.8849681531509063,0.32195121951219513,0.00018525906850673166,0.19326783701079078,0.220038139944257
10,random,46.0,12418,3,0.024158479626348848,1.5409822338278975e-07,0.029338418659234266,2953,2953,0.06386493994056523,0.02926829268292683,4.5228551210753613e-07,0.024158479626348848,0.029338418659234266
10,random_matched,46.0,12418,31,0.24963762280560478,0.0021464398533010643,0.2640457679331084,62606,62606,1.145580584875007,0.37073170731707317,0.0005651932401177257,0.24963762280560478,0.2640457679331084
10,random,47.0,12418,0,0.0,0.0,0.0,38,38,0.00042317819296265315,0.0,0.0,0.0,0.0
10,random_matched,47.0,12418,26,0.20937349009502335,0.002146360056070462,0.220038139944257,52130,52130,0.7380750033758122,0.33170731707317075,0.0005651924421454197,0.20937349009502335,0.220038139944257
10,random,48.0,12418,0,0.0,0.0,0.0,11958,11958,0.12785006805156562,0.0,0.0,0.0,0.0
10,random_matched,48.0,12418,31,0.24963762280560478,0.0021464398533010643,0.2640457679331084,62606,62606,1.145580584875007,0.37073170731707317,0.0005651932401177257,0.24963762280560478,0.2640457679331084
10,random,49.0,12418,0,0.0,0.0,0.0,125,125,0.0017934845579048724,0.0,0.0,0.0,0.0
10,random_matched,49.0,12418,16,0.12884522467386053,8.67387754074065e-07,0.14669209329617133,53518,53518,0.923705627918434,0.15609756097560976,0.0004112099244941513,0.12884522467386053,0.14669209329617133
10,random,50.0,12418,0,0.0,0.0,0.0,78,78,0.000380391327685592,0.0,0.0,0.0,0.0
10,random_matched,50.0,12418,31,0.24963762280560478,0.0021464398533010643,0.2640457679331084,62606,62606,1.145580584875007,0.37073170731707317,0.0005651932401177257,0.24963762280560478,0.2640457679331084
10,random,51.0,12418,0,0.0,0.0,0.0,31,31,6.644438031645947e-05,0.0,0.0,0.0,0.0
10,random_matched,51.0,12418,31,0.24963762280560478,0.0021464398533010643,0.2640457679331084,62606,62606,1.145580584875007,0.37073170731707317,0.0005651932401177257,0.24963762280560478,0.2640457679331084
10,random,52.0,12418,0,0.0,0.0,0.0,450,450,0.000660838439720559,0.0,0.0,0.0,0.0
10,random_matched,52.0,12418,30,0.24158479626348847,0.0021462833123053163,0.24937655860349128,52683,52683,1.1312984137462296,0.35121951219512193,0.0005609670490680272,0.24158479626348847,0.24937655860349128
10,random,53.0,12418,0,0.0,0.0,0.0,26,26,0.0013998950247545066,0.0,0.0,0.0,0.0
10,random_matched,53.0,12418,31,0.24963762280560478,0.0021464398533010643,0.2640457679331084,62606,62606,1.145580584875007,0.37073170731707317,0.0005651932401177257,0.24963762280560478,0.2640457679331084
10,random,54.0,12418,1,0.008052826542116283,9.038257751909994e-08,0.0,36,36,0.00019684372333325848,0.02926829268292683,3.59006111965506e-08,0.008052826542116283,0.0
10,random_matched,54.0,12418,31,0.24963762280560478,0.0021464398533010643,0.2640457679331084,51961,51961,1.0224874505198993,0.37073170731707317,0.0005651932401177257,0.24963762280560478,0.2640457679331084
10,random,55.0,12418,0,0.0,0.0,0.0,42,42,0.00013061260670266275,0.00975609756097561,4.2723654544706204e-08,0.0,0.0
10,random_matched,55.0,12418,31,0.24963762280560478,0.0021464398533010643,0.2640457679331084,62606,62606,1.145580584875007,0.37073170731707317,0.0005651932401177257,0.24963762280560478,0.2640457679331084
10,random,56.0,12418,0,0.0,0.0,0.0,26,26,0.001494256828703466,0.0,0.0,0.0,0.0
10,random_matched,56.0,12418,28,0.2254791431792559,0.0021464180719141398,0.220038139944257,51683,51683,1.027369245409947,0.32195121951219513,0.000538144476256573,0.2254791431792559,0.220038139944257
10,random,57.0,12418,0,0.0,0.0,0.0,260,260,0.0002901445739770721,0.0,0.0,0.0,0.0
10,random_matched,57.0,12418,31,0.24963762280560478,0.0021464398533010643,0.2640457679331084,62606,62606,1.145580584875007,0.37073170731707317,0.0005651932401177257,0.24963762280560478,0.2640457679331084
10,random,58.0,12418,0,0.0,0.0,0.0,41,41,5.87534748149338e-05,0.0,0.0,0.0,0.0
10,random_matched,58.0,12418,24,0.19326783701079078,0.0021458305851602658,0.220038139944257,51064,51064,0.8849681531509063,0.32195121951219513,0.00018525906850673166,0.19326783701079078,0.220038139944257
10,random,59.0,12418,0,0.0,0.0,0.0,26,26,5.253261333672033e-05,0.0,0.0,0.0,0.0
10,random_matched,59.0,12418,31,0.24963762280560478,0.0021464398533010643,0.2640457679331084,62606,62606,1.145580584875007,0.37073170731707317,0.0005651932401177257,0.24963762280560478,0.2640457679331084
10,random,60.0,12418,0,0.0,0.0,0.0,193,193,0.006476455993799579,0.0,0.0,0.0,0.0
10,random_matched,60.0,12418,31,0.24963762280560478,0.0021464398533010643,0.2640457679331084,62606,62606,1.145580584875007,0.37073170731707317,0.0005651932401177257,0.24963762280560478,0.2640457679331084
10,random,61.0,12418,0,0.0,0.0,0.0,52,52,0.00010045792629015836,0.0,0.0,0.0,0.0
10,random_matched,61.0,12418,31,0.24963762280560478,0.0021464398533010643,0.2640457679331084,62606,62606,1.145580584875007,0.37073170731707317,0.0005651932401177257,0.24963762280560478,0.2640457679331084
10,random,62.0,12418,0,0.0,0.0,0.0,142,142,0.026112355771506376,0.0,0.0,0.0,0.0
10,random_matched,62.0,12418,31,0.24963762280560478,0.0021464398533010643,0.2640457679331084,62606,62606,1.145580584875007,0.37073170731707317,0.0005651932401177257,0.24963762280560478,0.2640457679331084
10,random,63.0,12418,0,0.0,0.0,0.0,220,220,0.0011266479093592658,0.0,0.0,0.0,0.0
10,random_matched,63.0,12418,24,0.19326783701079078,0.0021458305851602658,0.220038139944257,51064,51064,0.8849681531509063,0.32195121951219513,0.00018525906850673166,0.19326783701079078,0.220038139944257
10,random,64.0,12418,0,0.0,0.0,0.0,32,32,0.0004952854618433682,0.0,0.0,0.0,0.0
10,random_matched,64.0,12418,16,0.12884522467386053,8.67387754074065e-07,0.14669209329617133,53518,53518,0.923705627918434,0.15609756097560976,0.0004112099244941513,0.12884522467386053,0.14669209329617133
10,random,65.0,12418,0,0.0,0.0,0.0,35,35,0.00010654868350718454,0.0,0.0,0.0,0.0
10,random_matched,65.0,12418,31,0.24963762280560478,0.0021464398533010643,0.2640457679331084,62606,62606,1.145580584875007,0.37073170731707317,0.0005651932401177257,0.24963762280560478,0.2640457679331084
10,random,66.0,12418,0,0.0,0.0,0.0,29,29,0.00015873792889685383,0.0,0.0,0.0,0.0
10,random_matched,66.0,12418,24,0.19326783701079078,0.0021458305851602658,0.220038139944257,51064,51064,0.8849681531509063,0.32195121951219513,0.00018525906850673166,0.19326783701079078,0.220038139944257
10,random,67.0,12418,0,0.0,0.0,0.0,96,96,0.00011259115460665665,0.0,0.0,0.0,0.0
10,random_matched,67.0,12418,24,0.19326783701079078,0.0021458305851602658,0.220038139944257,51064,51064,0.8849681531509063,0.32195121951219513,0.00018525906850673166,0.19326783701079078,0.220038139944257
10,random,68.0,12418,0,0.0,0.0,0.0,579,579,0.0022107879398984495,0.0,0.0,0.0,0.0
10,random_matched,68.0,12418,31,0.24963762280560478,0.0021464398533010643,0.2640457679331084,62606,62606,1.145580584875007,0.37073170731707317,0.0005651932401177257,0.24963762280560478,0.2640457679331084
10,random,69.0,12418,0,0.0,0.0,0.0,395,395,0.0031378384759428325,0.0,0.0,0.0,0.0
10,random_matched,69.0,12418,31,0.24963762280560478,0.0021464398533010643,0.2640457679331084,62606,62606,1.145580584875007,0.37073170731707317,0.0005651932401177257,0.24963762280560478,0.2640457679331084
10,random,70.0,12418,0,0.0,0.0,0.0,3008,3008,0.08143656258928092,0.0,0.0,0.0,0.0
10,random_matched,70.0,12418,31,0.24963762280560478,0.0021464398533010643,0.2640457679331084,62606,62606,1.145580584875007,0.37073170731707317,0.0005651932401177257,0.24963762280560478,0.2640457679331084
10,random,71.0,12418,0,0.0,0.0,0.0,395,395,0.0018066170405985308,0.0,0.0,0.0,0.0
10,random_matched,71.0,12418,31,0.24963762280560478,0.0021464398533010643,0.2640457679331084,62606,62606,1.145580584875007,0.37073170731707317,0.0005651932401177257,0.24963762280560478,0.2640457679331084
10,random,72.0,12418,0,0.0,0.0,0.0,38,38,0.0003226236944373867,0.0,0.0,0.0,0.0
10,random_matched,72.0,12418,31,0.24963762280560478,0.0021464398533010643,0.2640457679331084,62606,62606,1.145580584875007,0.37073170731707317,0.0005651932401177257,0.24963762280560478,0.2640457679331084
10,random,73.0,12418,0,0.0,0.0,0.0,100,100,0.002131995726298585,0.0,0.0,0.0,0.0
10,random_matched,73.0,12418,31,0.24963762280560478,0.0021464398533010643,0.2640457679331084,62606,62606,1.145580584875007,0.37073170731707317,0.0005651932401177257,0.24963762280560478,0.2640457679331084
10,random,74.0,12418,0,0.0,0.0,0.0,32,32,4.4181797561955975e-05,0.0,0.0,0.0,0.0
10,random_matched,74.0,12418,31,0.24963762280560478,0.0021464398533010643,0.2640457679331084,62606,62606,1.145580584875007,0.37073170731707317,0.0005651932401177257,0.24963762280560478,0.2640457679331084
10,random,75.0,12418,0,0.0,0.0,0.0,24,24,4.1959294873426494e-05,0.0,0.0,0.0,0.0
10,random_matched,75.0,12418,31,0.24963762280560478,0.0021464398533010643,0.2640457679331084,51961,51961,1.0224874505198993,0.37073170731707317,0.0005651932401177257,0.24963762280560478,0.2640457679331084
10,random,76.0,12418,0,0.0,0.0,0.0,47,47,0.001043696383244537,0.0,0.0,0.0,0.0
10,random_matched,76.0,12418,31,0.24963762280560478,0.0021464398533010643,0.2640457679331084,62606,62606,1.145580584875007,0.37073170731707317,0.0005651932401177257,0.24963762280560478,0.2640457679331084
10,random,77.0,12418,0,0.0,0.0,0.0,151,151,0.006285990061826585,0.0,0.0,0.0,0.0
10,random_matched,77.0,12418,24,0.19326783701079078,0.0021458305851602658,0.220038139944257,51064,51064,0.8849681531509063,0.32195121951219513,0.00018525906850673166,0.19326783701079078,0.220038139944257
10,random,78.0,12418,0,0.0,0.0,0.0,36,36,0.001632174051967222,0.0,0.0,0.0,0.0
10,random_matched,78.0,12418,31,0.24963762280560478,0.0021464398533010643,0.2640457679331084,62606,62606,1.145580584875007,0.37073170731707317,0.0005651932401177257,0.24963762280560478,0.2640457679331084
10,random,79.0,12418,0,0.0,0.0,0.0,141,141,0.0006387998509002645,0.0,0.0,0.0,0.0
10,random_matched,79.0,12418,31,0.24963762280560478,0.0021464398533010643,0.2640457679331084,62606,62606,1.145580584875007,0.37073170731707317,0.0005651932401177257,0.24963762280560478,0.2640457679331084
10,random,80.0,12418,0,0.0,0.0,0.0,76,76,0.010454309278895619,0.0,8.852731223709832e-07,0.0,0.0
10,random_matched,80.0,12418,28,0.2254791431792559,0.0021464180719141398,0.220038139944257,51683,51683,1.027369245409947,0.32195121951219513,0.000538144476256573,0.2254791431792559,0.220038139944257
10,random,81.0,12418,0,0.0,0.0,0.0,28,28,3.6010713446976135e-05,0.0,0.0,0.0,0.0
10,random_matched,81.0,12418,31,0.24963762280560478,0.0021464398533010643,0.2640457679331084,62606,62606,1.145580584875007,0.37073170731707317,0.0005651932401177257,0.24963762280560478,0.2640457679331084
10,random,82.0,12418,0,0.0,0.0,0.0,44,44,5.568596506920844e-05,0.0,0.0,0.0,0.0
10,random_matched,82.0,12418,31,0.24963762280560478,0.0021464398533010643,0.2640457679331084,62606,62606,1.145580584875007,0.37073170731707317,0.0005651932401177257,0.24963762280560478,0.2640457679331084
10,random,83.0,12418,0,0.0,0.0,0.0,58,58,0.0004129415360411945,0.0,0.0,0.0,0.0
10,random_matched,83.0,12418,31,0.24963762280560478,0.0021464398533010643,0.2640457679331084,62606,62606,1.145580584875007,0.37073170731707317,0.0005651932401177257,0.24963762280560478,0.2640457679331084
10,random,84.0,12418,0,0.0,0.0,0.0,78,78,0.0006730856769257265,0.0,0.0,0.0,0.0
10,random_matched,84.0,12418,26,0.20937349009502335,0.002146360056070462,0.220038139944257,52130,52130,0.7380750033758122,0.33170731707317075,0.0005651924421454197,0.20937349009502335,0.220038139944257
10,random,85.0,12418,0,0.0,0.0,0.0,54,54,0.0009554548446955533,0.0,0.0,0.0,0.0
10,random_matched,85.0,12418,16,0.12884522467386053,8.67387754074065e-07,0.14669209329617133,53518,53518,0.923705627918434,0.15609756097560976,0.0004112099244941513,0.12884522467386053,0.14669209329617133
10,random,86.0,12418,0,0.0,0.0,0.0,66,66,0.012454530849108157,0.13658536585365855,0.00027064939392348354,0.0,0.0
10,random_matched,86.0,12418,31,0.24963762280560478,0.0021464398533010643,0.2640457679331084,62606,62606,1.145580584875007,0.37073170731707317,0.0005651932401177257,0.24963762280560478,0.2640457679331084
10,random,87.0,12418,0,0.0,0.0,0.0,65,65,0.0003682674883363959,0.0,6.081312193027258e-10,0.0,0.0
10,random_matched,87.0,12418,30,0.24158479626348847,0.0021462833123053163,0.24937655860349128,52683,52683,1.1312984137462296,0.35121951219512193,0.0005609670490680272,0.24158479626348847,0.24937655860349128
10,random,88.0,12418,0,0.0,0.0,0.0,32,32,3.1289404175024556e-05,0.0,0.0,0.0,0.0
10,random_matched,88.0,12418,31,0.24963762280560478,0.0021464398533010643,0.2640457679331084,62606,62606,1.145580584875007,0.37073170731707317,0.0005651932401177257,0.24963762280560478,0.2640457679331084
10,random,89.0,12418,0,0.0,0.0,0.0,41,41,0.0004323699919514839,0.0,0.0,0.0,0.0
10,random_matched,89.0,12418,30,0.24158479626348847,0.0021462833123053163,0.24937655860349128,52683,52683,1.1312984137462296,0.35121951219512193,0.0005609670490680272,0.24158479626348847,0.24937655860349128
10,random,90.0,12418,0,0.0,0.0,0.0,47,47,0.0001670002201227691,0.0,0.0,0.0,0.0
10,random_matched,90.0,12418,31,0.24963762280560478,0.0021464398533010643,0.2640457679331084,62606,62606,1.145580584875007,0.37073170731707317,0.0005651932401177257,0.24963762280560478,0.2640457679331084
10,random,91.0,12418,1,0.008052826542116283,8.427564660564724e-08,0.014669209329617133,103,103,0.0008131315132049903,0.01951219512195122,2.2392573501650887e-07,0.008052826542116283,0.014669209329617133
10,random_matched,91.0,12418,26,0.20937349009502335,0.002146360056070462,0.220038139944257,52130,52130,0.7380750033758122,0.33170731707317075,0.0005651924421454197,0.20937349009502335,0.220038139944257
10,random,92.0,12418,2,0.016105653084232566,0.0,0.029338418659234266,128,128,0.03229097226198423,0.0,0.0,0.016105653084232566,0.029338418659234266
10,random_matched,92.0,12418,31,0.24963762280560478,0.0021464398533010643,0.2640457679331084,62606,62606,1.145580584875007,0.37073170731707317,0.0005651932401177257,0.24963762280560478,0.2640457679331084
10,random,93.0,12418,1,0.008052826542116283,6.491667561000219e-07,0.014669209329617133,662,662,0.01130484241398935,0.00975609756097561,6.491667561000219e-09,0.008052826542116283,0.014669209329617133
10,random_matched,93.0,12418,31,0.24963762280560478,0.0021464398533010643,0.2640457679331084,62606,62606,1.145580584875007,0.37073170731707317,0.0005651932401177257,0.24963762280560478,0.2640457679331084
10,random,94.0,12418,0,0.0,0.0,0.0,52,52,0.0006834350014548113,0.0,0.0,0.0,0.0
10,random_matched,94.0,12418,31,0.24963762280560478,0.0021464398533010643,0.2640457679331084,62606,62606,1.145580584875007,0.37073170731707317,0.0005651932401177257,0.24963762280560478,0.2640457679331084
10,random,95.0,12418,0,0.0,0.0,0.0,617,617,0.0009439761615281211,0.0,0.0,0.0,0.0
10,random_matched,95.0,12418,31,0.24963762280560478,0.0021464398533010643,0.2640457679331084,62606,62606,1.145580584875007,0.37073170731707317,0.0005651932401177257,0.24963762280560478,0.2640457679331084
10,random,96.0,12418,0,0.0,0.0,0.0,32,32,6.309117770853931e-05,0.0,0.0,0.0,0.0
10,random_matched,96.0,12418,31,0.24963762280560478,0.0021464398533010643,0.2640457679331084,62606,62606,1.145580584875007,0.37073170731707317,0.0005651932401177257,0.24963762280560478,0.2640457679331084
10,random,97.0,12418,0,0.0,0.0,0.0,968,968,0.0029216910358362993,0.0,0.0,0.0,0.0
10,random_matched,97.0,12418,31,0.24963762280560478,0.0021464398533010643,0.2640457679331084,62606,62606,1.145580584875007,0.37073170731707317,0.0005651932401177257,0.24963762280560478,0.2640457679331084
10,random,98.0,12418,0,0.0,0.0,0.0,297,297,0.0004660213920435274,0.0,0.0,0.0,0.0
10,random_matched,98.0,12418,26,0.20937349009502335,0.002146360056070462,0.220038139944257,52130,52130,0.7380750033758122,0.33170731707317075,0.0005651924421454197,0.20937349009502335,0.220038139944257
10,random,99.0,12418,0,0.0,0.0,0.0,144,144,0.0043693852931261865,0.0,0.0,0.0,0.0
10,random_matched,99.0,12418,31,0.24963762280560478,0.0021464398533010643,0.2640457679331084,62606,62606,1.145580584875007,0.37073170731707317,0.0005651932401177257,0.24963762280560478,0.2640457679331084
10,random,100.0,12418,0,0.0,0.0,0.0,31,31,0.00016118040167646287,0.0,0.0,0.0,0.0
10,random_matched,100.0,12418,16,0.12884522467386053,8.67387754074065e-07,0.14669209329617133,53518,53518,0.923705627918434,0.15609756097560976,0.0004112099244941513,0.12884522467386053,0.14669209329617133
10,random,101.0,12418,0,0.0,0.0,0.0,36,36,0.0001334614876383517,0.0,0.0,0.0,0.0
10,random_matched,101.0,12418,28,0.2254791431792559,0.0021464180719141398,0.220038139944257,51683,51683,1.027369245409947,0.32195121951219513,0.000538144476256573,0.2254791431792559,0.220038139944257
10,random,102.0,12418,0,0.0,0.0,0.0,57,57,0.0004409099283533349,0.0,0.0,0.0,0.0
10,random_matched,102.0,12418,31,0.24963762280560478,0.0021464398533010643,0.2640457679331084,62606,62606,1.145580584875007,0.37073170731707317,0.0005651932401177257,0.24963762280560478,0.2640457679331084
10,random,103.0,12418,0,0.0,0.0,0.0,1397,1397,0.012792415639254711,0.0,0.0,0.0,0.0
10,random_matched,103.0,12418,26,0.20937349009502335,0.002146360056070462,0.220038139944257,52130,52130,0.7380750033758122,0.33170731707317075,0.0005651924421454197,0.20937349009502335,0.220038139944257
10,random,104.0,12418,0,0.0,0.0,0.0,29,29,4.337702893605513e-05,0.0,0.0,0.0,0.0
10,random_matched,104.0,12418,31,0.24963762280560478,0.0021464398533010643,0.2640457679331084,62606,62606,1.145580584875007,0.37073170731707317,0.0005651932401177257,0.24963762280560478,0.2640457679331084
10,random,105.0,12418,0,0.0,0.0,0.0,150,150,0.014606578727002105,0.0,3.2654518179595567e-09,0.0,0.0
10,random_matched,105.0,12418,26,0.20937349009502335,0.002146360056070462,0.220038139944257,52130,52130,0.7380750033758122,0.33170731707317075,0.0005651924421454197,0.20937349009502335,0.220038139944257
10,random,106.0,12418,0,0.0,0.0,0.0,28,28,0.000424621411365102,0.0,0.0,0.0,0.0
10,random_matched,106.0,12418,31,0.24963762280560478,0.0021464398533010643,0.2640457679331084,51961,51961,1.0224874505198993,0.37073170731707317,0.0005651932401177257,0.24963762280560478,0.2640457679331084
10,random,107.0,12418,1,0.008052826542116283,4.745085319752747e-07,0.014669209329617133,325,325,0.001087941221015522,0.03902439024390244,5.0626457272522875e-09,0.008052826542116283,0.014669209329617133
10,random_matched,107.0,12418,31,0.24963762280560478,0.0021464398533010643,0.2640457679331084,62606,62606,1.145580584875007,0.37073170731707317,0.0005651932401177257,0.24963762280560478,0.2640457679331084
10,random,108.0,12418,0,0.0,0.0,0.0,753,753,0.001860960383343528,0.0,0.0,0.0,0.0
10,random_matched,108.0,12418,31,0.24963762280560478,0.0021464398533010643,0.2640457679331084,62606,62606,1.145580584875007,0.37073170731707317,0.0005651932401177257,0.24963762280560478,0.2640457679331084
10,random,109.0,12418,0,0.0,0.0,0.0,141,141,0.0006812098162041955,0.0,0.0,0.0,0.0
10,random_matched,109.0,12418,31,0.24963762280560478,0.0021464398533010643,0.2640457679331084,62606,62606,1.145580584875007,0.37073170731707317,0.0005651932401177257,0.24963762280560478,0.2640457679331084
10,random,110.0,12418,0,0.0,0.0,0.0,113,113,0.0006308031333208965,0.0,0.0,0.0,0.0
10,random_matched,110.0,12418,24,0.19326783701079078,0.0021458305851602658,0.220038139944257,51064,51064,0.8849681531509063,0.32195121951219513,0.00018525906850673166,0.19326783701079078,0.220038139944257
10,random,111.0,12418,0,0.0,0.0,0.0,35,35,6.356733247886398e-05,0.0,0.0,0.0,0.0
10,random_matched,111.0,12418,31,0.24963762280560478,0.0021464398533010643,0.2640457679331084,62606,62606,1.145580584875007,0.37073170731707317,0.0005651932401177257,0.24963762280560478,0.2640457679331084
10,random,112.0,12418,0,0.0,0.0,0.0,25,25,0.00017066862377583376,0.0,0.0,0.0,0.0
10,random_matched,112.0,12418,16,0.12884522467386053,8.67387754074065e-07,0.14669209329617133,53518,53518,0.923705627918434,0.15609756097560976,0.0004112099244941513,0.12884522467386053,0.14669209329617133
10,random,113.0,12418,0,0.0,0.0,0.0,124,124,0.0037303909564746626,0.0,0.0,0.0,0.0
10,random_matched,113.0,12418,31,0.24963762280560478,0.0021464398533010643,0.2640457679331084,62606,62606,1.145580584875007,0.37073170731707317,0.0005651932401177257,0.24963762280560478,0.2640457679331084
10,random,114.0,12418,0,0.0,0.0,0.0,111,111,0.03019017339146869,0.0,0.0,0.0,0.0
10,random_matched,114.0,12418,28,0.2254791431792559,0.0021464180719141398,0.220038139944257,51683,51683,1.027369245409947,0.32195121951219513,0.000538144476256573,0.2254791431792559,0.220038139944257
10,random,115.0,12418,0,0.0,0.0,0.0,497,497,0.001217321190439513,0.0,0.0,0.0,0.0
10,random_matched,115.0,12418,16,0.12884522467386053,8.67387754074065e-07,0.14669209329617133,53518,53518,0.923705627918434,0.15609756097560976,0.0004112099244941513,0.12884522467386053,0.14669209329617133
10,random,116.0,12418,0,0.0,0.0,0.0,64,64,0.00047187071867278333,0.0,0.0,0.0,0.0
10,random_matched,116.0,12418,31,0.24963762280560478,0.0021464398533010643,0.2640457679331084,62606,62606,1.145580584875007,0.37073170731707317,0.0005651932401177257,0.24963762280560478,0.2640457679331084
10,random,117.0,12418,0,0.0,0.0,0.0,54,54,0.0006336506729755423,0.0,0.0,0.0,0.0
10,random_matched,117.0,12418,16,0.12884522467386053,8.67387754074065e-07,0.14669209329617133,53518,53518,0.923705627918434,0.15609756097560976,0.0004112099244941513,0.12884522467386053,0.14669209329617133
10,random,118.0,12418,0,0.0,0.0,0.0,28,28,7.41406509421578e-05,0.0,0.0,0.0,0.0
10,random_matched,118.0,12418,31,0.24963762280560478,0.0021464398533010643,0.2640457679331084,62606,62606,1.145580584875007,0.37073170731707317,0.0005651932401177257,0.24963762280560478,0.2640457679331084
10,random,119.0,12418,0,0.0,0.0,0.0,33,33,0.0012703420300759465,0.0,0.0,0.0,0.0
10,random_matched,119.0,12418,30,0.24158479626348847,0.0021462833123053163,0.24937655860349128,52683,52683,1.1312984137462296,0.35121951219512193,0.0005609670490680272,0.24158479626348847,0.24937655860349128
10,random,120.0,12418,4,0.03221130616846513,2.222922852496782e-06,0.0,58,58,0.0008985872110273138,0.03902439024390244,2.2229228524967823e-08,0.03221130616846513,0.0
10,random_matched,120.0,12418,26,0.20937349009502335,0.002146360056070462,0.220038139944257,52130,52130,0.7380750033758122,0.33170731707317075,0.0005651924421454197,0.20937349009502335,0.220038139944257
10,random,121.0,12418,13,0.10468674504751167,1.5796594629464314e-06,0.19069972128502274,1733,1733,0.03145341199714002,0.15609756097560976,7.804225325990063e-08,0.10468674504751167,0.19069972128502274
10,random_matched,121.0,12418,31,0.24963762280560478,0.0021464398533010643,0.2640457679331084,62606,62606,1.145580584875007,0.37073170731707317,0.0005651932401177257,0.24963762280560478,0.2640457679331084
10,random,122.0,12418,0,0.0,0.0,0.0,56,56,0.006165583262581388,0.0,7.290375089557023e-05,0.0,0.0
10,random_matched,122.0,12418,31,0.24963762280560478,0.0021464398533010643,0.2640457679331084,62606,62606,1.145580584875007,0.37073170731707317,0.0005651932401177257,0.24963762280560478,0.2640457679331084
10,random,123.0,12418,0,0.0,0.0,0.0,33,33,0.00012262393680955377,0.0,0.0,0.0,0.0
10,random_matched,123.0,12418,31,0.24963762280560478,0.0021464398533010643,0.2640457679331084,62606,62606,1.145580584875007,0.37073170731707317,0.0005651932401177257,0.24963762280560478,0.2640457679331084
10,random,124.0,12418,0,0.0,0.0,0.0,97,97,0.0013731968255902463,0.0,0.0,0.0,0.0
10,random_matched,124.0,12418,31,0.24963762280560478,0.0021464398533010643,0.2640457679331084,62606,62606,1.145580584875007,0.37073170731707317,0.0005651932401177257,0.24963762280560478,0.2640457679331084
10,random,125.0,12418,0,0.0,0.0,0.0,45,45,0.0003469692866519302,0.0,0.0,0.0,0.0
10,random_matched,125.0,12418,31,0.24963762280560478,0.0021464398533010643,0.2640457679331084,51961,51961,1.0224874505198993,0.37073170731707317,0.0005651932401177257,0.24963762280560478,0.2640457679331084
10,random,126.0,12418,0,0.0,0.0,0.0,324,324,0.002899629645238271,0.0,0.0,0.0,0.0
10,random_matched,126.0,12418,31,0.24963762280560478,0.0021464398533010643,0.2640457679331084,62606,62606,1.145580584875007,0.37073170731707317,0.0005651932401177257,0.24963762280560478,0.2640457679331084
10,random,127.0,12418,1,0.008052826542116283,2.5649109836501335e-08,0.0,616,616,0.0017497990343288885,0.00975609756097561,2.5649109836501336e-10,0.008052826542116283,0.0
10,random_matched,127.0,12418,16,0.12884522467386053,8.67387754074065e-07,0.14669209329617133,53518,53518,0.923705627918434,0.15609756097560976,0.0004112099244941513,0.12884522467386053,0.14669209329617133
10,random,128.0,12418,0,0.0,0.0,0.0,42,42,0.0007109124849051522,0.0,0.0,0.0,0.0
10,random_matched,128.0,12418,16,0.12884522467386053,8.67387754074065e-07,0.14669209329617133,53518,53518,0.923705627918434,0.15609756097560976,0.0004112099244941513,0.12884522467386053,0.14669209329617133
10,random,129.0,12418,0,0.0,0.0,0.0,61,61,0.00013063138463726708,0.0,0.0,0.0,0.0
10,random_matched,129.0,12418,31,0.24963762280560478,0.0021464398533010643,0.2640457679331084,62606,62606,1.145580584875007,0.37073170731707317,0.0005651932401177257,0.24963762280560478,0.2640457679331084
10,random,130.0,12418,0,0.0,0.0,0.0,344,344,0.00033318091752816253,0.0,0.0,0.0,0.0
10,random_matched,130.0,12418,31,0.24963762280560478,0.0021464398533010643,0.2640457679331084,62606,62606,1.145580584875007,0.37073170731707317,0.0005651932401177257,0.24963762280560478,0.2640457679331084
10,random,131.0,12418,0,0.0,0.0,0.0,41,41,0.0006290769046183392,0.0,0.0,0.0,0.0
10,random_matched,131.0,12418,31,0.24963762280560478,0.0021464398533010643,0.2640457679331084,62606,62606,1.145580584875007,0.37073170731707317,0.0005651932401177257,0.24963762280560478,0.2640457679331084
10,random,132.0,12418,0,0.0,0.0,0.0,44,44,0.00015456788613364434,0.0,0.0,0.0,0.0
10,random_matched,132.0,12418,31,0.24963762280560478,0.0021464398533010643,0.2640457679331084,62606,62606,1.145580584875007,0.37073170731707317,0.0005651932401177257,0.24963762280560478,0.2640457679331084
10,random,133.0,12418,0,0.0,0.0,0.0,572,572,0.004229800857525772,0.00975609756097561,3.768516454928531e-06,0.0,0.0
10,random_matched,133.0,12418,24,0.19326783701079078,0.0021458305851602658,0.220038139944257,51064,51064,0.8849681531509063,0.32195121951219513,0.00018525906850673166,0.19326783701079078,0.220038139944257
10,random,134.0,12418,0,0.0,0.0,0.0,306,306,0.0005555062981195279,0.0,0.0,0.0,0.0
10,random_matched,134.0,12418,31,0.24963762280560478,0.0021464398533010643,0.2640457679331084,62606,62606,1.145580584875007,0.37073170731707317,0.0005651932401177257,0.24963762280560478,0.2640457679331084
10,random,135.0,12418,0,0.0,0.0,0.0,22,22,7.000816404815701e-05,0.0,1.1886446421184502e-09,0.0,0.0
10,random_matched,135.0,12418,24,0.19326783701079078,0.0021458305851602658,0.220038139944257,51064,51064,0.8849681531509063,0.32195121951219513,0.00018525906850673166,0.19326783701079078,0.220038139944257
10,random,136.0,12418,0,0.0,0.0,0.0,29,29,0.00057980896934069,0.0,0.0,0.0,0.0
10,random_matched,136.0,12418,16,0.12884522467386053,8.67387754074065e-07,0.14669209329617133,53518,53518,0.923705627918434,0.15609756097560976,0.0004112099244941513,0.12884522467386053,0.14669209329617133
10,random,137.0,12418,0,0.0,0.0,0.0,35,35,0.0025288673741615825,0.0,0.0,0.0,0.0
10,random_matched,137.0,12418,31,0.24963762280560478,0.0021464398533010643,0.2640457679331084,62606,62606,1.145580584875007,0.37073170731707317,0.0005651932401177257,0.24963762280560478,0.2640457679331084
10,random,138.0,12418,0,0.0,0.0,0.0,27,27,7.759847347144507e-05,0.0,0.0,0.0,0.0
10,random_matched,138.0,12418,31,0.24963762280560478,0.0021464398533010643,0.2640457679331084,62606,62606,1.145580584875007,0.37073170731707317,0.0005651932401177257,0.24963762280560478,0.2640457679331084
10,random,139.0,12418,0,0.0,0.0,0.0,60,60,0.000555012706695642,0.0,0.0,0.0,0.0
10,random_matched,139.0,12418,31,0.24963762280560478,0.0021464398533010643,0.2640457679331084,62606,62606,1.145580584875007,0.37073170731707317,0.0005651932401177257,0.24963762280560478,0.2640457679331084
10,random,140.0,12418,0,0.0,0.0,0.0,70,70,0.0012536940497681448,0.0,0.0,0.0,0.0
10,random_matched,140.0,12418,31,0.24963762280560478,0.0021464398533010643,0.2640457679331084,62606,62606,1.145580584875007,0.37073170731707317,0.0005651932401177257,0.24963762280560478,0.2640457679331084
10,random,141.0,12418,0,0.0,0.0,0.0,50,50,0.00027503370174474065,0.00975609756097561,5.589063171991911e-09,0.0,0.0
10,random_matched,141.0,12418,30,0.24158479626348847,0.0021462833123053163,0.24937655860349128,52683,52683,1.1312984137462296,0.35121951219512193,0.0005609670490680272,0.24158479626348847,0.24937655860349128
10,random,142.0,12418,0,0.0,0.0,0.0,193,193,0.09786306118226769,0.0,0.0001709885957627725,0.0,0.0
10,random_matched,142.0,12418,31,0.24963762280560478,0.0021464398533010643,0.2640457679331084,51961,51961,1.0224874505198993,0.37073170731707317,0.0005651932401177257,0.24963762280560478,0.2640457679331084
10,random,143.0,12418,0,0.0,0.0,0.0,95,95,0.0001587191509622495,0.0,0.0,0.0,0.0
10,random_matched,143.0,12418,31,0.24963762280560478,0.0021464398533010643,0.2640457679331084,62606,62606,1.145580584875007,0.37073170731707317,0.0005651932401177257,0.24963762280560478,0.2640457679331084
10,random,144.0,12418,0,0.0,0.0,0.0,167,167,0.0007371895218218577,0.0,0.0,0.0,0.0
10,random_matched,144.0,12418,31,0.24963762280560478,0.0021464398533010643,0.2640457679331084,62606,62606,1.145580584875007,0.37073170731707317,0.0005651932401177257,0.24963762280560478,0.2640457679331084
10,random,145.0,12418,0,0.0,0.0,0.0,36,36,0.0046239309269365345,0.0,0.0,0.0,0.0
10,random_matched,145.0,12418,16,0.12884522467386053,8.67387754074065e-07,0.14669209329617133,53518,53518,0.923705627918434,0.15609756097560976,0.0004112099244941513,0.12884522467386053,0.14669209329617133
10,random,146.0,12418,0,0.0,0.0,0.0,28,28,0.000237206893765315,0.0,0.0,0.0,0.0
10,random_matched,146.0,12418,31,0.24963762280560478,0.0021464398533010643,0.2640457679331084,62606,62606,1.145580584875007,0.37073170731707317,0.0005651932401177257,0.24963762280560478,0.2640457679331084
10,random,147.0,12418,0,0.0,0.0,0.0,47,47,0.01855856138333752,0.0,0.0,0.0,0.0
10,random_matched,147.0,12418,30,0.24158479626348847,0.0021462833123053163,0.24937655860349128,52683,52683,1.1312984137462296,0.35121951219512193,0.0005609670490680272,0.24158479626348847,0.24937655860349128
10,random,148.0,12418,0,0.0,0.0,0.0,243,243,0.0083820032415801,0.0,0.0,0.0,0.0
10,random_matched,148.0,12418,31,0.24963762280560478,0.0021464398533010643,0.2640457679331084,62606,62606,1.145580584875007,0.37073170731707317,0.0005651932401177257,0.24963762280560478,0.2640457679331084
10,random,149.0,12418,0,0.0,0.0,0.0,111,111,0.0027252657921885094,0.0,0.0,0.0,0.0
10,random_matched,149.0,12418,31,0.24963762280560478,0.0021464398533010643,0.2640457679331084,62606,62606,1.145580584875007,0.37073170731707317,0.0005651932401177257,0.24963762280560478,0.2640457679331084
10,random,150.0,12418,0,0.0,0.0,0.0,74,74,0.00025058617217091643,0.0,0.0,0.0,0.0
10,random_matched,150.0,12418,31,0.24963762280560478,0.0021464398533010643,0.2640457679331084,62606,62606,1.145580584875007,0.37073170731707317,0.0005651932401177257,0.24963762280560478,0.2640457679331084
10,random,151.0,12418,0,0.0,0.0,0.0,55,55,0.00014847847019766133,0.0,0.0,0.0,0.0
10,random_matched,151.0,12418,31,0.24963762280560478,0.0021464398533010643,0.2640457679331084,62606,62606,1.145580584875007,0.37073170731707317,0.0005651932401177257,0.24963762280560478,0.2640457679331084
10,random,152.0,12418,0,0.0,0.0,0.0,27,27,0.000625746503788153,0.0,0.0,0.0,0.0
10,random_matched,152.0,12418,31,0.24963762280560478,0.0021464398533010643,0.2640457679331084,62606,62606,1.145580584875007,0.37073170731707317,0.0005651932401177257,0.24963762280560478,0.2640457679331084
10,random,153.0,12418,0,0.0,0.0,0.0,36,36,0.0001051604576275056,0.0,0.0,0.0,0.0
10,random_matched,153.0,12418,31,0.24963762280560478,0.0021464398533010643,0.2640457679331084,62606,62606,1.145580584875007,0.37073170731707317,0.0005651932401177257,0.24963762280560478,0.2640457679331084
10,random,154.0,12418,0,0.0,0.0,0.0,61,61,7.341367661676072e-05,0.0,0.0,0.0,0.0
10,random_matched,154.0,12418,16,0.12884522467386053,8.67387754074065e-07,0.14669209329617133,53518,53518,0.923705627918434,0.15609756097560976,0.0004112099244941513,0.12884522467386053,0.14669209329617133
10,random,155.0,12418,0,0.0,0.0,0.0,89,89,0.0012114825940586025,0.0,3.7763838327869243e-06,0.0,0.0
10,random_matched,155.0,12418,30,0.24158479626348847,0.0021462833123053163,0.24937655860349128,52683,52683,1.1312984137462296,0.35121951219512193,0.0005609670490680272,0.24158479626348847,0.24937655860349128
10,random,156.0,12418,0,0.0,0.0,0.0,35,35,0.0002890259455870699,0.0,0.0,0.0,0.0
10,random_matched,156.0,12418,31,0.24963762280560478,0.0021464398533010643,0.2640457679331084,62606,62606,1.145580584875007,0.37073170731707317,0.0005651932401177257,0.24963762280560478,0.2640457679331084
10,random,157.0,12418,0,0.0,0.0,0.0,42,42,0.01013052403507485,0.0,0.0,0.0,0.0
10,random_matched,157.0,12418,31,0.24963762280560478,0.0021464398533010643,0.2640457679331084,62606,62606,1.145580584875007,0.37073170731707317,0.0005651932401177257,0.24963762280560478,0.2640457679331084
10,random,158.0,12418,0,0.0,0.0,0.0,294,294,0.0036299142522498995,0.0,0.0,0.0,0.0
10,random_matched,158.0,12418,31,0.24963762280560478,0.0021464398533010643,0.2640457679331084,62606,62606,1.145580584875007,0.37073170731707317,0.0005651932401177257,0.24963762280560478,0.2640457679331084
10,random,159.0,12418,0,0.0,0.0,0.0,21,21,0.0006012211799138249,0.0,0.0,0.0,0.0
10,random_matched,159.0,12418,31,0.24963762280560478,0.0021464398533010643,0.2640457679331084,62606,62606,1.145580584875007,0.37073170731707317,0.0005651932401177257,0.24963762280560478,0.2640457679331084
10,random,160.0,12418,0,0.0,0.0,0.0,38,38,0.000682044093013046,0.0,0.0,0.0,0.0
10,random_matched,160.0,12418,24,0.19326783701079078,0.0021458305851602658,0.220038139944257,51064,51064,0.8849681531509063,0.32195121951219513,0.00018525906850673166,0.19326783701079078,0.220038139944257
10,random,161.0,12418,0,0.0,0.0,0.0,61,61,0.00010476880356290052,0.0,0.0,0.0,0.0
10,random_matched,161.0,12418,31,0.24963762280560478,0.0021464398533010643,0.2640457679331084,62606,62606,1.145580584875007,0.37073170731707317,0.0005651932401177257,0.24963762280560478,0.2640457679331084
10,random,162.0,12418,0,0.0,0.0,0.0,31,31,0.00046680335889169437,0.0,0.0,0.0,0.0
10,random_matched,162.0,12418,31,0.24963762280560478,0.0021464398533010643,0.2640457679331084,62606,62606,1.145580584875007,0.37073170731707317,0.0005651932401177257,0.24963762280560478,0.2640457679331084
10,random,163.0,12418,5,0.040264132710581414,1.3906499511750703e-05,0.014669209329617133,341,341,0.042486541721247516,0.08780487804878048,4.099546447969458e-07,0.040264132710581414,0.014669209329617133
10,random_matched,163.0,12418,24,0.19326783701079078,0.0021458305851602658,0.220038139944257,51064,51064,0.8849681531509063,0.32195121951219513,0.00018525906850673166,0.19326783701079078,0.220038139944257
10,random,164.0,12418,0,0.0,0.0,0.0,39,39,0.001686770896829378,0.0,1.3334936568813046e-06,0.0,0.0
10,random_matched,164.0,12418,31,0.24963762280560478,0.0021464398533010643,0.2640457679331084,62606,62606,1.145580584875007,0.37073170731707317,0.0005651932401177257,0.24963762280560478,0.2640457679331084
10,random,165.0,12418,0,0.0,0.0,0.0,27,27,0.00014386312212812002,0.0,0.0,0.0,0.0
10,random_matched,165.0,12418,31,0.24963762280560478,0.0021464398533010643,0.2640457679331084,62606,62606,1.145580584875007,0.37073170731707317,0.0005651932401177257,0.24963762280560478,0.2640457679331084
10,random,166.0,12418,0,0.0,0.0,0.0,44,44,7.884988868472088e-05,0.0,0.0,0.0,0.0
10,random_matched,166.0,12418,31,0.24963762280560478,0.0021464398533010643,0.2640457679331084,62606,62606,1.145580584875007,0.37073170731707317,0.0005651932401177257,0.24963762280560478,0.2640457679331084
10,random,167.0,12418,0,0.0,0.0,0.0,504,504,0.004343030461908977,0.0,0.0,0.0,0.0
10,random_matched,167.0,12418,31,0.24963762280560478,0.0021464398533010643,0.2640457679331084,62606,62606,1.145580584875007,0.37073170731707317,0.0005651932401177257,0.24963762280560478,0.2640457679331084
10,random,168.0,12418,0,0.0,0.0,0.0,54,54,0.00021730094180365776,0.0,0.0,0.0,0.0
10,random_matched,168.0,12418,31,0.24963762280560478,0.0021464398533010643,0.2640457679331084,62606,62606,1.145580584875007,0.37073170731707317,0.0005651932401177257,0.24963762280560478,0.2640457679331084
10,random,169.0,12418,0,0.0,0.0,0.0,61,61,0.000288962905378041,0.0,0.0,0.0,0.0
10,random_matched,169.0,12418,16,0.12884522467386053,8.67387754074065e-07,0.14669209329617133,53518,53518,0.923705627918434,0.15609756097560976,0.0004112099244941513,0.12884522467386053,0.14669209329617133
10,random,170.0,12418,0,0.0,0.0,0.0,98,98,0.00028468690141242125,0.0,0.0,0.0,0.0
10,random_matched,170.0,12418,31,0.24963762280560478,0.0021464398533010643,0.2640457679331084,62606,62606,1.145580584875007,0.37073170731707317,0.0005651932401177257,0.24963762280560478,0.2640457679331084
10,random,171.0,12418,0,0.0,0.0,0.0,183,183,0.002443320469228324,0.0,0.0,0.0,0.0
10,random_matched,171.0,12418,31,0.24963762280560478,0.0021464398533010643,0.2640457679331084,62606,62606,1.145580584875007,0.37073170731707317,0.0005651932401177257,0.24963762280560478,0.2640457679331084
10,random,172.0,12418,5,0.040264132710581414,0.0,0.014669209329617133,196,196,0.17776210526407882,0.0,0.00036614586443482896,0.040264132710581414,0.014669209329617133
10,random_matched,172.0,12418,31,0.24963762280560478,0.0021464398533010643,0.2640457679331084,62606,62606,1.145580584875007,0.37073170731707317,0.0005651932401177257,0.24963762280560478,0.2640457679331084
10,random,173.0,12418,0,0.0,0.0,0.0,719,719,0.0006532213046764075,0.0,0.0,0.0,0.0
10,random_matched,173.0,12418,31,0.24963762280560478,0.0021464398533010643,0.2640457679331084,62606,62606,1.145580584875007,0.37073170731707317,0.0005651932401177257,0.24963762280560478,0.2640457679331084
10,random,174.0,12418,0,0.0,0.0,0.0,46,46,0.0009806669044639834,0.0,0.0,0.0,0.0
10,random_matched,174.0,12418,31,0.24963762280560478,0.0021464398533010643,0.2640457679331084,62606,62606,1.145580584875007,0.37073170731707317,0.0005651932401177257,0.24963762280560478,0.2640457679331084
10,random,175.0,12418,0,0.0,0.0,0.0,62,62,0.0011077063384676465,0.0,0.0,0.0,0.0
10,random_matched,175.0,12418,31,0.24963762280560478,0.0021464398533010643,0.2640457679331084,62606,62606,1.145580584875007,0.37073170731707317,0.0005651932401177257,0.24963762280560478,0.2640457679331084
10,random,176.0,12418,0,0.0,0.0,0.0,114,114,0.0017723057302332487,0.0,0.0,0.0,0.0
10,random_matched,176.0,12418,31,0.24963762280560478,0.0021464398533010643,0.2640457679331084,62606,62606,1.145580584875007,0.37073170731707317,0.0005651932401177257,0.24963762280560478,0.2640457679331084
10,random,177.0,12418,0,0.0,0.0,0.0,30,30,0.00017675938099285992,0.0,0.0,0.0,0.0
10,random_matched,177.0,12418,31,0.24963762280560478,0.0021464398533010643,0.2640457679331084,62606,62606,1.145580584875007,0.37073170731707317,0.0005651932401177257,0.24963762280560478,0.2640457679331084
10,random,178.0,12418,0,0.0,0.0,0.0,35,35,0.00010349190400980452,0.0,0.0,0.0,0.0
10,random_matched,178.0,12418,31,0.24963762280560478,0.0021464398533010643,0.2640457679331084,62606,62606,1.145580584875007,0.37073170731707317,0.0005651932401177257,0.24963762280560478,0.2640457679331084
10,random,179.0,12418,0,0.0,0.0,0.0,30,30,0.013465709214742128,0.0,0.0,0.0,0.0
10,random_matched,179.0,12418,31,0.24963762280560478,0.0021464398533010643,0.2640457679331084,62606,62606,1.145580584875007,0.37073170731707317,0.0005651932401177257,0.24963762280560478,0.2640457679331084
10,random,180.0,12418,0,0.0,0.0,0.0,77,77,0.000702882235299705,0.0,1.2207404827947842e-07,0.0,0.0
10,random_matched,180.0,12418,30,0.24158479626348847,0.0021462833123053163,0.24937655860349128,52683,52683,1.1312984137462296,0.35121951219512193,0.0005609670490680272,0.24158479626348847,0.24937655860349128
10,random,181.0,12418,0,0.0,0.0,0.0,39,39,0.00014702452154686716,0.0,0.0,0.0,0.0
10,random_matched,181.0,12418,31,0.24963762280560478,0.0021464398533010643,0.2640457679331084,62606,62606,1.145580584875007,0.37073170731707317,0.0005651932401177257,0.24963762280560478,0.2640457679331084
10,random,182.0,12418,0,0.0,0.0,0.0,30,30,6.687224896923009e-05,0.0,0.0,0.0,0.0
10,random_matched,182.0,12418,31,0.24963762280560478,0.0021464398533010643,0.2640457679331084,62606,62606,1.145580584875007,0.37073170731707317,0.0005651932401177257,0.24963762280560478,0.2640457679331084
10,random,183.0,12418,0,0.0,0.0,0.0,30,30,0.0005859560603615293,0.0,0.0,0.0,0.0
10,random_matched,183.0,12418,24,0.19326783701079078,0.0021458305851602658,0.220038139944257,51064,51064,0.8849681531509063,0.32195121951219513,0.00018525906850673166,0.19326783701079078,0.220038139944257
10,random,184.0,12418,0,0.0,0.0,0.0,35,35,0.0011243100565010238,0.0,0.0,0.0,0.0
10,random_matched,184.0,12418,31,0.24963762280560478,0.0021464398533010643,0.2640457679331084,62606,62606,1.145580584875007,0.37073170731707317,0.0005651932401177257,0.24963762280560478,0.2640457679331084
10,random,185.0,12418,0,0.0,0.0,0.0,44,44,0.00014599173514362774,0.0,0.0,0.0,0.0
10,random_matched,185.0,12418,16,0.12884522467386053,8.67387754074065e-07,0.14669209329617133,53518,53518,0.923705627918434,0.15609756097560976,0.0004112099244941513,0.12884522467386053,0.14669209329617133
10,random,186.0,12418,0,0.0,0.0,0.0,32,32,0.0010943471792776926,0.0,0.0,0.0,0.0
10,random_matched,186.0,12418,31,0.24963762280560478,0.0021464398533010643,0.2640457679331084,62606,62606,1.145580584875007,0.37073170731707317,0.0005651932401177257,0.24963762280560478,0.2640457679331084
10,random,187.0,12418,0,0.0,0.0,0.0,571,571,0.0008555696454108278,0.0,0.0,0.0,0.0
10,random_matched,187.0,12418,31,0.24963762280560478,0.0021464398533010643,0.2640457679331084,62606,62606,1.145580584875007,0.37073170731707317,0.0005651932401177257,0.24963762280560478,0.2640457679331084
10,random,188.0,12418,0,0.0,0.0,0.0,83,83,0.0002978032887335617,0.0,0.0,0.0,0.0
10,random_matched,188.0,12418,31,0.24963762280560478,0.0021464398533010643,0.2640457679331084,62606,62606,1.145580584875007,0.37073170731707317,0.0005651932401177257,0.24963762280560478,0.2640457679331084
10,random,189.0,12418,0,0.0,0.0,0.0,35,35,6.651680949279055e-05,0.0,0.0,0.0,0.0
10,random_matched,189.0,12418,31,0.24963762280560478,0.0021464398533010643,0.2640457679331084,62606,62606,1.145580584875007,0.37073170731707317,0.0005651932401177257,0.24963762280560478,0.2640457679331084
10,random,190.0,12418,0,0.0,0.0,0.0,66,66,0.008056916955147457,0.0,0.0,0.0,0.0
10,random_matched,190.0,12418,31,0.24963762280560478,0.0021464398533010643,0.2640457679331084,51961,51961,1.0224874505198993,0.37073170731707317,0.0005651932401177257,0.24963762280560478,0.2640457679331084
10,random,191.0,12418,0,0.0,0.0,0.0,45,45,0.0009096608273197093,0.0,0.0,0.0,0.0
10,random_matched,191.0,12418,24,0.19326783701079078,0.0021458305851602658,0.220038139944257,51064,51064,0.8849681531509063,0.32195121951219513,0.00018525906850673166,0.19326783701079078,0.220038139944257
10,random,192.0,12418,0,0.0,0.0,0.0,132,132,0.00041968281456415717,0.0,0.0,0.0,0.0
10,random_matched,192.0,12418,26,0.20937349009502335,0.002146360056070462,0.220038139944257,52130,52130,0.7380750033758122,0.33170731707317075,0.0005651924421454197,0.20937349009502335,0.220038139944257
10,random,193.0,12418,13,0.10468674504751167,0.00016035334915307558,0.014669209329617133,1781,1781,0.16422337805062764,0.07804878048780488,0.00024249993232413299,0.10468674504751167,0.014669209329617133
10,random_matched,193.0,12418,24,0.19326783701079078,0.0021458305851602658,0.220038139944257,51064,51064,0.8849681531509063,0.32195121951219513,0.00018525906850673166,0.19326783701079078,0.220038139944257
10,random,194.0,12418,0,0.0,0.0,0.0,59,59,0.017601729043010633,0.0,0.0,0.0,0.0
10,random_matched,194.0,12418,28,0.2254791431792559,0.0021464180719141398,0.220038139944257,51683,51683,1.027369245409947,0.32195121951219513,0.000538144476256573,0.2254791431792559,0.220038139944257
10,random,195.0,12418,0,0.0,0.0,0.0,25,25,5.186733793930897e-05,0.0,0.0,0.0,0.0
10,random_matched,195.0,12418,24,0.19326783701079078,0.0021458305851602658,0.220038139944257,51064,51064,0.8849681531509063,0.32195121951219513,0.00018525906850673166,0.19326783701079078,0.220038139944257
10,random,196.0,12418,0,0.0,0.0,0.0,518,518,0.0007619388396303948,0.0,1.4747168373295717e-07,0.0,0.0
10,random_matched,196.0,12418,31,0.24963762280560478,0.0021464398533010643,0.2640457679331084,62606,62606,1.145580584875007,0.37073170731707317,0.0005651932401177257,0.24963762280560478,0.2640457679331084
10,random,197.0,12418,0,0.0,0.0,0.0,63,63,0.00011172200449068374,0.0,0.0,0.0,0.0
10,random_matched,197.0,12418,28,0.2254791431792559,0.0021464180719141398,0.220038139944257,51683,51683,1.027369245409947,0.32195121951219513,0.000538144476256573,0.2254791431792559,0.220038139944257
10,random,198.0,12418,0,0.0,0.0,0.0,30,30,0.0005321934923082237,0.0,0.0,0.0,0.0
10,random_matched,198.0,12418,24,0.19326783701079078,0.0021458305851602658,0.220038139944257,51064,51064,0.8849681531509063,0.32195121951219513,0.00018525906850673166,0.19326783701079078,0.220038139944257
10,random,199.0,12418,0,0.0,0.0,0.0,49,49,0.00011958191140364859,0.0,0.0,0.0,0.0
10,random_matched,199.0,12418,31,0.24963762280560478,0.0021464398533010643,0.2640457679331084,62606,62606,1.145580584875007,0.37073170731707317,0.0005651932401177257,0.24963762280560478,0.2640457679331084
10,random,200.0,12418,0,0.0,0.0,0.0,115,115,0.02535778324736506,0.0,3.6101429388801863e-06,0.0,0.0
10,random_matched,200.0,12418,31,0.24963762280560478,0.0021464398533010643,0.2640457679331084,62606,62606,1.145580584875007,0.37073170731707317,0.0005651932401177257,0.24963762280560478,0.2640457679331084
10,random,201.0,12418,0,0.0,0.0,0.0,34,34,5.272039268276386e-05,0.0,0.0,0.0,0.0
10,random_matched,201.0,12418,31,0.24963762280560478,0.0021464398533010643,0.2640457679331084,62606,62606,1.145580584875007,0.37073170731707317,0.0005651932401177257,0.24963762280560478,0.2640457679331084
10,random,202.0,12418,0,0.0,0.0,0.0,974,974,0.0024007803996632052,0.0,0.0,0.0,0.0
10,random_matched,202.0,12418,24,0.19326783701079078,0.0021458305851602658,0.220038139944257,51064,51064,0.8849681531509063,0.32195121951219513,0.00018525906850673166,0.19326783701079078,0.220038139944257
10,random,203.0,12418,0,0.0,0.0,0.0,66,66,0.00042800278087492866,0.0,0.0,0.0,0.0
10,random_matched,203.0,12418,31,0.24963762280560478,0.0021464398533010643,0.2640457679331084,62606,62606,1.145580584875007,0.37073170731707317,0.0005651932401177257,0.24963762280560478,0.2640457679331084
10,random,204.0,12418,3,0.024158479626348848,2.1781386924647958e-08,0.044007627988851404,11179,11179,0.11910724277271977,0.04878048780487805,2.7048763861152756e-05,0.024158479626348848,0.044007627988851404
10,random_matched,204.0,12418,31,0.24963762280560478,0.0021464398533010643,0.2640457679331084,62606,62606,1.145580584875007,0.37073170731707317,0.0005651932401177257,0.24963762280560478,0.2640457679331084
10,random,205.0,12418,0,0.0,0.0,0.0,232,232,0.0005293875323659162,0.0,0.0,0.0,0.0
10,random_matched,205.0,12418,30,0.24158479626348847,0.0021462833123053163,0.24937655860349128,52683,52683,1.1312984137462296,0.35121951219512193,0.0005609670490680272,0.24158479626348847,0.24937655860349128
10,random,206.0,12418,0,0.0,0.0,0.0,133,133,0.004861277313930339,0.0,0.0,0.0,0.0
10,random_matched,206.0,12418,31,0.24963762280560478,0.0021464398533010643,0.2640457679331084,62606,62606,1.145580584875007,0.37073170731707317,0.0005651932401177257,0.24963762280560478,0.2640457679331084
10,random,207.0,12418,0,0.0,0.0,0.0,45,45,0.0001388950171442255,0.0,0.0,0.0,0.0
10,random_matched,207.0,12418,31,0.24963762280560478,0.0021464398533010643,0.2640457679331084,62606,62606,1.145580584875007,0.37073170731707317,0.0005651932401177257,0.24963762280560478,0.2640457679331084
10,random,208.0,12418,0,0.0,0.0,0.0,32,32,0.0019240032749345134,0.0,0.0,0.0,0.0
10,random_matched,208.0,12418,31,0.24963762280560478,0.0021464398533010643,0.2640457679331084,62606,62606,1.145580584875007,0.37073170731707317,0.0005651932401177257,0.24963762280560478,0.2640457679331084
10,random,209.0,12418,0,0.0,0.0,0.0,26,26,6.61492984869625e-05,0.0,0.0,0.0,0.0
10,random_matched,209.0,12418,28,0.2254791431792559,0.0021464180719141398,0.220038139944257,51683,51683,1.027369245409947,0.32195121951219513,0.000538144476256573,0.2254791431792559,0.220038139944257
10,random,210.0,12418,0,0.0,0.0,0.0,58,58,0.00012613675186161092,0.0,0.0,0.0,0.0
10,random_matched,210.0,12418,31,0.24963762280560478,0.0021464398533010643,0.2640457679331084,51961,51961,1.0224874505198993,0.37073170731707317,0.0005651932401177257,0.24963762280560478,0.2640457679331084
10,random,211.0,12418,0,0.0,0.0,0.0,35,35,0.00017183285572130362,0.0,0.0,0.0,0.0
10,random_matched,211.0,12418,24,0.19326783701079078,0.0021458305851602658,0.220038139944257,51064,51064,0.8849681531509063,0.32195121951219513,0.00018525906850673166,0.19326783701079078,0.220038139944257
10,random,212.0,12418,0,0.0,0.0,0.0,57,57,0.06448664918841346,0.0,0.0,0.0,0.0
10,random_matched,212.0,12418,31,0.24963762280560478,0.0021464398533010643,0.2640457679331084,62606,62606,1.145580584875007,0.37073170731707317,0.0005651932401177257,0.24963762280560478,0.2640457679331084
10,random,213.0,12418,0,0.0,0.0,0.0,61,61,0.0001003680604602661,0.0,0.0,0.0,0.0
10,random_matched,213.0,12418,31,0.24963762280560478,0.0021464398533010643,0.2640457679331084,62606,62606,1.145580584875007,0.37073170731707317,0.0005651932401177257,0.24963762280560478,0.2640457679331084
10,random,214.0,12418,0,0.0,0.0,0.0,44,44,0.0004006741796203794,0.0,0.0,0.0,0.0
10,random_matched,214.0,12418,30,0.24158479626348847,0.0021462833123053163,0.24937655860349128,52683,52683,1.1312984137462296,0.35121951219512193,0.0005609670490680272,0.24158479626348847,0.24937655860349128
10,random,215.0,12418,0,0.0,0.0,0.0,72,72,0.0013790863906507974,0.0,0.0,0.0,0.0
10,random_matched,215.0,12418,31,0.24963762280560478,0.0021464398533010643,0.2640457679331084,62606,62606,1.145580584875007,0.37073170731707317,0.0005651932401177257,0.24963762280560478,0.2640457679331084
10,random,216.0,12418,0,0.0,0.0,0.0,31,31,0.00396357266582943,0.0,0.0,0.0,0.0
10,random_matched,216.0,12418,28,0.2254791431792559,0.0021464180719141398,0.220038139944257,51683,51683,1.027369245409947,0.32195121951219513,0.000538144476256573,0.2254791431792559,0.220038139944257
10,random,217.0,12418,0,0.0,0.0,0.0,33,33,4.950265946020368e-05,0.0,0.0,0.0,0.0
10,random_matched,217.0,12418,31,0.24963762280560478,0.0021464398533010643,0.2640457679331084,62606,62606,1.145580584875007,0.37073170731707317,0.0005651932401177257,0.24963762280560478,0.2640457679331084
10,random,218.0,12418,0,0.0,0.0,0.0,30,30,0.0001232811645207061,0.0,1.3086458759240766e-07,0.0,0.0
10,random_matched,218.0,12418,31,0.24963762280560478,0.0021464398533010643,0.2640457679331084,62606,62606,1.145580584875007,0.37073170731707317,0.0005651932401177257,0.24963762280560478,0.2640457679331084
10,random,219.0,12418,0,0.0,0.0,0.0,363,363,0.0015675189405623489,0.0,0.0,0.0,0.0
10,random_matched,219.0,12418,31,0.24963762280560478,0.0021464398533010643,0.2640457679331084,62606,62606,1.145580584875007,0.37073170731707317,0.0005651932401177257,0.24963762280560478,0.2640457679331084
10,random,220.0,12418,0,0.0,0.0,0.0,59,59,0.0011225020096548334,0.0,0.0,0.0,0.0
10,random_matched,220.0,12418,26,0.20937349009502335,0.002146360056070462,0.220038139944257,52130,52130,0.7380750033758122,0.33170731707317075,0.0005651924421454197,0.20937349009502335,0.220038139944257
10,random,221.0,12418,0,0.0,0.0,0.0,35,35,0.00010276358840336426,0.0,0.0,0.0,0.0
10,random_matched,221.0,12418,31,0.24963762280560478,0.0021464398533010643,0.2640457679331084,62606,62606,1.145580584875007,0.37073170731707317,0.0005651932401177257,0.24963762280560478,0.2640457679331084
10,random,222.0,12418,0,0.0,0.0,0.0,730,730,0.043879179074277436,0.0,0.0,0.0,0.0
10,random_matched,222.0,12418,31,0.24963762280560478,0.0021464398533010643,0.2640457679331084,62606,62606,1.145580584875007,0.37073170731707317,0.0005651932401177257,0.24963762280560478,0.2640457679331084
10,random,223.0,12418,0,0.0,0.0,0.0,453,453,0.001246810595454606,0.0,0.0,0.0,0.0
10,random_matched,223.0,12418,31,0.24963762280560478,0.0021464398533010643,0.2640457679331084,62606,62606,1.145580584875007,0.37073170731707317,0.0005651932401177257,0.24963762280560478,0.2640457679331084
10,random,224.0,12418,0,0.0,0.0,0.0,130,130,0.00035515512485838487,0.0,0.0,0.0,0.0
10,random_matched,224.0,12418,31,0.24963762280560478,0.0021464398533010643,0.2640457679331084,62606,62606,1.145580584875007,0.37073170731707317,0.0005651932401177257,0.24963762280560478,0.2640457679331084
10,random,225.0,12418,0,0.0,0.0,0.0,74,74,6.471681033285901e-05,0.0,0.0,0.0,0.0
10,random_matched,225.0,12418,31,0.24963762280560478,0.0021464398533010643,0.2640457679331084,62606,62606,1.145580584875007,0.37073170731707317,0.0005651932401177257,0.24963762280560478,0.2640457679331084
10,random,226.0,12418,0,0.0,0.0,0.0,39,39,0.0003928853606027025,0.0,0.0,0.0,0.0
10,random_matched,226.0,12418,31,0.24963762280560478,0.0021464398533010643,0.2640457679331084,62606,62606,1.145580584875007,0.37073170731707317,0.0005651932401177257,0.24963762280560478,0.2640457679331084
10,random,227.0,12418,0,0.0,0.0,0.0,115,115,0.0016394183108813729,0.0,0.0,0.0,0.0
10,random_matched,227.0,12418,16,0.12884522467386053,8.67387754074065e-07,0.14669209329617133,53518,53518,0.923705627918434,0.15609756097560976,0.0004112099244941513,0.12884522467386053,0.14669209329617133
10,random,228.0,12418,0,0.0,0.0,0.0,44,44,0.00011479890320371128,0.0,0.0,0.0,0.0
10,random_matched,228.0,12418,30,0.24158479626348847,0.0021462833123053163,0.24937655860349128,52683,52683,1.1312984137462296,0.35121951219512193,0.0005609670490680272,0.24158479626348847,0.24937655860349128
10,random,229.0,12418,0,0.0,0.0,0.0,21,21,0.00013725060658530147,0.00975609756097561,3.969505093744254e-10,0.0,0.0
10,random_matched,229.0,12418,31,0.24963762280560478,0.0021464398533010643,0.2640457679331084,62606,62606,1.145580584875007,0.37073170731707317,0.0005651932401177257,0.24963762280560478,0.2640457679331084
10,random,230.0,12418,0,0.0,0.0,0.0,267,267,0.00015481602312663042,0.0,0.0,0.0,0.0
10,random_matched,230.0,12418,26,0.20937349009502335,0.002146360056070462,0.220038139944257,52130,52130,0.7380750033758122,0.33170731707317075,0.0005651924421454197,0.20937349009502335,0.220038139944257
10,random,231.0,12418,0,0.0,0.0,0.0,39,39,0.00015237891547119405,0.0,0.0,0.0,0.0
10,random_matched,231.0,12418,31,0.24963762280560478,0.0021464398533010643,0.2640457679331084,62606,62606,1.145580584875007,0.37073170731707317,0.0005651932401177257,0.24963762280560478,0.2640457679331084
10,random,232.0,12418,0,0.0,0.0,0.0,24,24,2.1699244716372912e-05,0.0,0.0,0.0,0.0
10,random_matched,232.0,12418,28,0.2254791431792559,0.0021464180719141398,0.220038139944257,51683,51683,1.027369245409947,0.32195121951219513,0.000538144476256573,0.2254791431792559,0.220038139944257
10,random,233.0,12418,0,0.0,0.0,0.0,84,84,0.08511578233267768,0.00975609756097561,0.000129250257835601,0.0,0.0
10,random_matched,233.0,12418,24,0.19326783701079078,0.0021458305851602658,0.220038139944257,51064,51064,0.8849681531509063,0.32195121951219513,0.00018525906850673166,0.19326783701079078,0.220038139944257
10,random,234.0,12418,0,0.0,0.0,0.0,1360,1360,0.006471799066017699,0.0,0.0,0.0,0.0
10,random_matched,234.0,12418,31,0.24963762280560478,0.0021464398533010643,0.2640457679331084,62606,62606,1.145580584875007,0.37073170731707317,0.0005651932401177257,0.24963762280560478,0.2640457679331084
10,random,235.0,12418,2,0.016105653084232566,0.0,0.029338418659234266,1749,1749,0.03749422393196174,0.0,0.0,0.016105653084232566,0.029338418659234266
10,random_matched,235.0,12418,30,0.24158479626348847,0.0021462833123053163,0.24937655860349128,52683,52683,1.1312984137462296,0.35121951219512193,0.0005609670490680272,0.24158479626348847,0.24937655860349128
10,random,236.0,12418,0,0.0,0.0,0.0,154,154,0.06297673826865517,0.0,0.0,0.0,0.0
10,random_matched,236.0,12418,31,0.24963762280560478,0.0021464398533010643,0.2640457679331084,62606,62606,1.145580584875007,0.37073170731707317,0.0005651932401177257,0.24963762280560478,0.2640457679331084
10,random,237.0,12418,0,0.0,0.0,0.0,52,52,0.0007655361553881716,0.0,0.0,0.0,0.0
10,random_matched,237.0,12418,28,0.2254791431792559,0.0021464180719141398,0.220038139944257,51683,51683,1.027369245409947,0.32195121951219513,0.000538144476256573,0.2254791431792559,0.220038139944257
10,random,238.0,12418,0,0.0,0.0,0.0,26,26,6.589445508876057e-05,0.0,0.0,0.0,0.0
10,random_matched,238.0,12418,31,0.24963762280560478,0.0021464398533010643,0.2640457679331084,62606,62606,1.145580584875007,0.37073170731707317,0.0005651932401177257,0.24963762280560478,0.2640457679331084
10,random,239.0,12418,0,0.0,0.0,0.0,1638,1638,0.00802015244175422,0.0,0.0,0.0,0.0
10,random_matched,239.0,12418,31,0.24963762280560478,0.0021464398533010643,0.2640457679331084,51961,51961,1.0224874505198993,0.37073170731707317,0.0005651932401177257,0.24963762280560478,0.2640457679331084
10,random,240.0,12418,0,0.0,0.0,0.0,28,28,7.17263450644553e-05,0.0,0.0,0.0,0.0
10,random_matched,240.0,12418,31,0.24963762280560478,0.0021464398533010643,0.2640457679331084,51961,51961,1.0224874505198993,0.37073170731707317,0.0005651932401177257,0.24963762280560478,0.2640457679331084
10,random,241.0,12418,0,0.0,0.0,0.0,30,30,5.045362771980983e-05,0.0,0.0,0.0,0.0
10,random_matched,241.0,12418,31,0.24963762280560478,0.0021464398533010643,0.2640457679331084,62606,62606,1.145580584875007,0.37073170731707317,0.0005651932401177257,0.24963762280560478,0.2640457679331084
10,random,242.0,12418,0,0.0,0.0,0.0,26,26,0.00011751097347299711,0.0,0.0,0.0,0.0
10,random_matched,242.0,12418,31,0.24963762280560478,0.0021464398533010643,0.2640457679331084,62606,62606,1.145580584875007,0.37073170731707317,0.0005651932401177257,0.24963762280560478,0.2640457679331084
10,random,243.0,12418,6,0.048316959252697696,2.402466621352292e-06,0.0,31,31,1.225126104829708e-05,0.07804878048780488,3.589795150964201e-08,0.048316959252697696,0.0
10,random_matched,243.0,12418,31,0.24963762280560478,0.0021464398533010643,0.2640457679331084,62606,62606,1.145580584875007,0.37073170731707317,0.0005651932401177257,0.24963762280560478,0.2640457679331084
10,random,244.0,12418,0,0.0,0.0,0.0,50,50,0.000237717921842762,0.0,0.0,0.0,0.0
10,random_matched,244.0,12418,24,0.19326783701079078,0.0021458305851602658,0.220038139944257,51064,51064,0.8849681531509063,0.32195121951219513,0.00018525906850673166,0.19326783701079078,0.220038139944257
10,random,245.0,12418,0,0.0,0.0,0.0,31,31,0.08459618615192689,0.0,0.0,0.0,0.0
10,random_matched,245.0,12418,31,0.24963762280560478,0.0021464398533010643,0.2640457679331084,62606,62606,1.145580584875007,0.37073170731707317,0.0005651932401177257,0.24963762280560478,0.2640457679331084
10,random,246.0,12418,0,0.0,0.0,0.0,30,30,4.9604596819484446e-05,0.0,0.0,0.0,0.0
10,random_matched,246.0,12418,31,0.24963762280560478,0.0021464398533010643,0.2640457679331084,51961,51961,1.0224874505198993,0.37073170731707317,0.0005651932401177257,0.24963762280560478,0.2640457679331084
10,random,247.0,12418,0,0.0,0.0,0.0,442,442,0.0005208435721209356,0.0,0.0,0.0,0.0
10,random_matched,247.0,12418,31,0.24963762280560478,0.0021464398533010643,0.2640457679331084,62606,62606,1.145580584875007,0.37073170731707317,0.0005651932401177257,0.24963762280560478,0.2640457679331084
10,random,248.0,12418,0,0.0,0.0,0.0,191,191,0.0510443359389073,0.0,0.0,0.0,0.0
10,random_matched,248.0,12418,31,0.24963762280560478,0.0021464398533010643,0.2640457679331084,62606,62606,1.145580584875007,0.37073170731707317,0.0005651932401177257,0.24963762280560478,0.2640457679331084
10,random,249.0,12418,0,0.0,0.0,0.0,34,34,0.0002741430911320771,0.0,0.0,0.0,0.0
10,random_matched,249.0,12418,31,0.24963762280560478,0.0021464398533010643,0.2640457679331084,62606,62606,1.145580584875007,0.37073170731707317,0.0005651932401177257,0.24963762280560478,0.2640457679331084
10,random,250.0,12418,0,0.0,0.0,0.0,79,79,0.0024893384805383767,0.0,0.0,0.0,0.0
10,random_matched,250.0,12418,31,0.24963762280560478,0.0021464398533010643,0.2640457679331084,62606,62606,1.145580584875007,0.37073170731707317,0.0005651932401177257,0.24963762280560478,0.2640457679331084
10,random,251.0,12418,0,0.0,0.0,0.0,107,107,0.00361305569081832,0.0,0.0,0.0,0.0
10,random_matched,251.0,12418,31,0.24963762280560478,0.0021464398533010643,0.2640457679331084,62606,62606,1.145580584875007,0.37073170731707317,0.0005651932401177257,0.24963762280560478,0.2640457679331084
10,random,252.0,12418,0,0.0,0.0,0.0,30,30,0.00014402675841538654,0.0,0.0,0.0,0.0
10,random_matched,252.0,12418,31,0.24963762280560478,0.0021464398533010643,0.2640457679331084,62606,62606,1.145580584875007,0.37073170731707317,0.0005651932401177257,0.24963762280560478,0.2640457679331084
10,random,253.0,12418,0,0.0,0.0,0.0,23,23,2.679611268041155e-05,0.0,0.0,0.0,0.0
10,random_matched,253.0,12418,31,0.24963762280560478,0.0021464398533010643,0.2640457679331084,51961,51961,1.0224874505198993,0.37073170731707317,0.0005651932401177257,0.24963762280560478,0.2640457679331084
10,random,254.0,12418,0,0.0,0.0,0.0,27,27,0.0002767746845387728,0.0,0.0,0.0,0.0
10,random_matched,254.0,12418,31,0.24963762280560478,0.0021464398533010643,0.2640457679331084,62606,62606,1.145580584875007,0.37073170731707317,0.0005651932401177257,0.24963762280560478,0.2640457679331084
10,random,255.0,12418,0,0.0,0.0,0.0,200,200,0.007281503606157395,0.0,0.0,0.0,0.0
10,random_matched,255.0,12418,31,0.24963762280560478,0.0021464398533010643,0.2640457679331084,51961,51961,1.0224874505198993,0.37073170731707317,0.0005651932401177257,0.24963762280560478,0.2640457679331084
10,random,256.0,12418,0,0.0,0.0,0.0,139,139,0.006861590091253813,0.00975609756097561,9.461433827213626e-06,0.0,0.0
10,random_matched,256.0,12418,31,0.24963762280560478,0.0021464398533010643,0.2640457679331084,62606,62606,1.145580584875007,0.37073170731707317,0.0005651932401177257,0.24963762280560478,0.2640457679331084
10,random,257.0,12418,0,0.0,0.0,0.0,52,52,0.00017334850330008353,0.0,0.0,0.0,0.0
10,random_matched,257.0,12418,31,0.24963762280560478,0.0021464398533010643,0.2640457679331084,62606,62606,1.145580584875007,0.37073170731707317,0.0005651932401177257,0.24963762280560478,0.2640457679331084
10,random,258.0,12418,0,0.0,0.0,0.0,65,65,0.0062054421113412125,0.0,0.0,0.0,0.0
10,random_matched,258.0,12418,31,0.24963762280560478,0.0021464398533010643,0.2640457679331084,62606,62606,1.145580584875007,0.37073170731707317,0.0005651932401177257,0.24963762280560478,0.2640457679331084
10,random,259.0,12418,0,0.0,0.0,0.0,47,47,4.0791039084827114e-05,0.0,0.0,0.0,0.0
10,random_matched,259.0,12418,31,0.24963762280560478,0.0021464398533010643,0.2640457679331084,51961,51961,1.0224874505198993,0.37073170731707317,0.0005651932401177257,0.24963762280560478,0.2640457679331084
10,random,260.0,12418,0,0.0,0.0,0.0,40,40,0.0010981939733094984,0.0,0.0,0.0,0.0
10,random_matched,260.0,12418,26,0.20937349009502335,0.002146360056070462,0.220038139944257,52130,52130,0.7380750033758122,0.33170731707317075,0.0005651924421454197,0.20937349009502335,0.220038139944257
10,random,261.0,12418,0,0.0,0.0,0.0,89,89,0.004125567225099096,0.0,0.0,0.0,0.0
10,random_matched,261.0,12418,31,0.24963762280560478,0.0021464398533010643,0.2640457679331084,62606,62606,1.145580584875007,0.37073170731707317,0.0005651932401177257,0.24963762280560478,0.2640457679331084
10,random,262.0,12418,0,0.0,0.0,0.0,24,24,3.628701734186876e-05,0.0,0.0,0.0,0.0
10,random_matched,262.0,12418,31,0.24963762280560478,0.0021464398533010643,0.2640457679331084,62606,62606,1.145580584875007,0.37073170731707317,0.0005651932401177257,0.24963762280560478,0.2640457679331084
10,random,263.0,12418,0,0.0,0.0,0.0,29,29,0.000640998210530017,0.0,0.0,0.0,0.0
10,random_matched,263.0,12418,31,0.24963762280560478,0.0021464398533010643,0.2640457679331084,62606,62606,1.145580584875007,0.37073170731707317,0.0005651932401177257,0.24963762280560478,0.2640457679331084
10,random,264.0,12418,0,0.0,0.0,0.0,437,437,0.0040212490919667,0.0,0.0,0.0,0.0
10,random_matched,264.0,12418,31,0.24963762280560478,0.0021464398533010643,0.2640457679331084,62606,62606,1.145580584875007,0.37073170731707317,0.0005651932401177257,0.24963762280560478,0.2640457679331084
10,random,265.0,12418,0,0.0,0.0,0.0,25,25,8.35148641528594e-05,0.0,0.0,0.0,0.0
10,random_matched,265.0,12418,31,0.24963762280560478,0.0021464398533010643,0.2640457679331084,51961,51961,1.0224874505198993,0.37073170731707317,0.0005651932401177257,0.24963762280560478,0.2640457679331084
10,random,266.0,12418,0,0.0,0.0,0.0,1404,1404,0.005657028507377958,0.0,0.0,0.0,0.0
10,random_matched,266.0,12418,31,0.24963762280560478,0.0021464398533010643,0.2640457679331084,62606,62606,1.145580584875007,0.37073170731707317,0.0005651932401177257,0.24963762280560478,0.2640457679331084
10,random,267.0,12418,0,0.0,0.0,0.0,33,33,0.00034859223671416357,0.0,0.0,0.0,0.0
10,random_matched,267.0,12418,31,0.24963762280560478,0.0021464398533010643,0.2640457679331084,62606,62606,1.145580584875007,0.37073170731707317,0.0005651932401177257,0.24963762280560478,0.2640457679331084
10,random,268.0,12418,0,0.0,0.0,0.0,30,30,0.0012187791629334368,0.0,0.0,0.0,0.0
10,random_matched,268.0,12418,26,0.20937349009502335,0.002146360056070462,0.220038139944257,52130,52130,0.7380750033758122,0.33170731707317075,0.0005651924421454197,0.20937349009502335,0.220038139944257
10,random,269.0,12418,0,0.0,0.0,0.0,104,104,0.0006640052042634787,0.0,0.0,0.0,0.0
10,random_matched,269.0,12418,31,0.24963762280560478,0.0021464398533010643,0.2640457679331084,62606,62606,1.145580584875007,0.37073170731707317,0.0005651932401177257,0.24963762280560478,0.2640457679331084
10,random,270.0,12418,0,0.0,0.0,0.0,26,26,5.4092523189924784e-05,0.0,0.0,0.0,0.0
10,random_matched,270.0,12418,31,0.24963762280560478,0.0021464398533010643,0.2640457679331084,62606,62606,1.145580584875007,0.37073170731707317,0.0005651932401177257,0.24963762280560478,0.2640457679331084
10,random,271.0,12418,0,0.0,0.0,0.0,51,51,0.00015588904796116486,0.0,0.0,0.0,0.0
10,random_matched,271.0,12418,31,0.24963762280560478,0.0021464398533010643,0.2640457679331084,62606,62606,1.145580584875007,0.37073170731707317,0.0005651932401177257,0.24963762280560478,0.2640457679331084
10,random,272.0,12418,0,0.0,0.0,0.0,458,458,0.002302198925552439,0.0,0.0,0.0,0.0
10,random_matched,272.0,12418,16,0.12884522467386053,8.67387754074065e-07,0.14669209329617133,53518,53518,0.923705627918434,0.15609756097560976,0.0004112099244941513,0.12884522467386053,0.14669209329617133
10,random,273.0,12418,0,0.0,0.0,0.0,32,32,0.00013211886531414046,0.0,0.0,0.0,0.0
10,random_matched,273.0,12418,16,0.12884522467386053,8.67387754074065e-07,0.14669209329617133,53518,53518,0.923705627918434,0.15609756097560976,0.0004112099244941513,0.12884522467386053,0.14669209329617133
10,random,274.0,12418,0,0.0,0.0,0.0,42,42,0.0034795365280951124,0.00975609756097561,6.561927178251928e-08,0.0,0.0
10,random_matched,274.0,12418,31,0.24963762280560478,0.0021464398533010643,0.2640457679331084,62606,62606,1.145580584875007,0.37073170731707317,0.0005651932401177257,0.24963762280560478,0.2640457679331084
10,random,275.0,12418,0,0.0,0.0,0.0,31,31,0.0024299680164435854,0.0,0.0,0.0,0.0
10,random_matched,275.0,12418,31,0.24963762280560478,0.0021464398533010643,0.2640457679331084,62606,62606,1.145580584875007,0.37073170731707317,0.0005651932401177257,0.24963762280560478,0.2640457679331084
10,random,276.0,12418,0,0.0,0.0,0.0,39,39,0.00012395046376124697,0.0,0.0,0.0,0.0
10,random_matched,276.0,12418,31,0.24963762280560478,0.0021464398533010643,0.2640457679331084,51961,51961,1.0224874505198993,0.37073170731707317,0.0005651932401177257,0.24963762280560478,0.2640457679331084
10,random,277.0,12418,0,0.0,0.0,0.0,449,449,0.0004414598535810339,0.0,0.0,0.0,0.0
10,random_matched,277.0,12418,31,0.24963762280560478,0.0021464398533010643,0.2640457679331084,62606,62606,1.145580584875007,0.37073170731707317,0.0005651932401177257,0.24963762280560478,0.2640457679331084
10,random,278.0,12418,0,0.0,0.0,0.0,47,47,8.206762190728106e-05,0.0,9.271770320694694e-09,0.0,0.0
10,random_matched,278.0,12418,24,0.19326783701079078,0.0021458305851602658,0.220038139944257,51064,51064,0.8849681531509063,0.32195121951219513,0.00018525906850673166,0.19326783701079078,0.220038139944257
10,random,279.0,12418,0,0.0,0.0,0.0,71,71,0.0004349479341164529,0.0,0.0,0.0,0.0
10,random_matched,279.0,12418,31,0.24963762280560478,0.0021464398533010643,0.2640457679331084,51961,51961,1.0224874505198993,0.37073170731707317,0.0005651932401177257,0.24963762280560478,0.2640457679331084
10,random,280.0,12418,0,0.0,0.0,0.0,60,60,0.0013482677761219248,0.0,3.657413798078068e-06,0.0,0.0
10,random_matched,280.0,12418,31,0.24963762280560478,0.0021464398533010643,0.2640457679331084,62606,62606,1.145580584875007,0.37073170731707317,0.0005651932401177257,0.24963762280560478,0.2640457679331084
10,random,281.0,12418,0,0.0,0.0,0.0,23,23,3.701265038622268e-05,0.0,0.0,0.0,0.0
10,random_matched,281.0,12418,31,0.24963762280560478,0.0021464398533010643,0.2640457679331084,62606,62606,1.145580584875007,0.37073170731707317,0.0005651932401177257,0.24963762280560478,0.2640457679331084
10,random,282.0,12418,0,0.0,0.0,0.0,39,39,0.0019977737323087566,0.0,0.0,0.0,0.0
10,random_matched,282.0,12418,28,0.2254791431792559,0.0021464180719141398,0.220038139944257,51683,51683,1.027369245409947,0.32195121951219513,0.000538144476256573,0.2254791431792559,0.220038139944257
10,random,283.0,12418,0,0.0,0.0,0.0,164,164,0.0005473969129325337,0.0,0.0,0.0,0.0
10,random_matched,283.0,12418,31,0.24963762280560478,0.0021464398533010643,0.2640457679331084,62606,62606,1.145580584875007,0.37073170731707317,0.0005651932401177257,0.24963762280560478,0.2640457679331084
10,random,284.0,12418,0,0.0,0.0,0.0,31,31,0.00031594009099928023,0.0,0.0,0.0,0.0
10,random_matched,284.0,12418,31,0.24963762280560478,0.0021464398533010643,0.2640457679331084,62606,62606,1.145580584875007,0.37073170731707317,0.0005651932401177257,0.24963762280560478,0.2640457679331084
10,random,285.0,12418,0,0.0,0.0,0.0,55,55,0.006817311721456749,0.0,0.0,0.0,0.0
10,random_matched,285.0,12418,31,0.24963762280560478,0.0021464398533010643,0.2640457679331084,51961,51961,1.0224874505198993,0.37073170731707317,0.0005651932401177257,0.24963762280560478,0.2640457679331084
10,random,286.0,12418,0,0.0,0.0,0.0,87,87,0.0016179484252233816,0.0,0.0,0.0,0.0
10,random_matched,286.0,12418,28,0.2254791431792559,0.0021464180719141398,0.220038139944257,51683,51683,1.027369245409947,0.32195121951219513,0.000538144476256573,0.2254791431792559,0.220038139944257
10,random,287.0,12418,0,0.0,0.0,0.0,44,44,0.0002501247714920666,0.0,0.0,0.0,0.0
10,random_matched,287.0,12418,31,0.24963762280560478,0.0021464398533010643,0.2640457679331084,62606,62606,1.145580584875007,0.37073170731707317,0.0005651932401177257,0.24963762280560478,0.2640457679331084
10,random,288.0,12418,0,0.0,0.0,0.0,41,41,0.005626162948012574,0.0,0.0,0.0,0.0
10,random_matched,288.0,12418,30,0.24158479626348847,0.0021462833123053163,0.24937655860349128,52683,52683,1.1312984137462296,0.35121951219512193,0.0005609670490680272,0.24158479626348847,0.24937655860349128
10,random,289.0,12418,0,0.0,0.0,0.0,30,30,0.0002822860083451504,0.0,0.0,0.0,0.0
10,random_matched,289.0,12418,31,0.24963762280560478,0.0021464398533010643,0.2640457679331084,62606,62606,1.145580584875007,0.37073170731707317,0.0005651932401177257,0.24963762280560478,0.2640457679331084
10,random,290.0,12418,0,0.0,0.0,0.0,56,56,0.0002254344700494289,0.0,0.0,0.0,0.0
10,random_matched,290.0,12418,31,0.24963762280560478,0.0021464398533010643,0.2640457679331084,62606,62606,1.145580584875007,0.37073170731707317,0.0005651932401177257,0.24963762280560478,0.2640457679331084
10,random,291.0,12418,0,0.0,0.0,0.0,236,236,0.0012063240271665782,0.0,0.0,0.0,0.0
10,random_matched,291.0,12418,31,0.24963762280560478,0.0021464398533010643,0.2640457679331084,62606,62606,1.145580584875007,0.37073170731707317,0.0005651932401177257,0.24963762280560478,0.2640457679331084
10,random,292.0,12418,0,0.0,0.0,0.0,33,33,0.00019615698743915644,0.0,5.292898871086712e-07,0.0,0.0
10,random_matched,292.0,12418,16,0.12884522467386053,8.67387754074065e-07,0.14669209329617133,53518,53518,0.923705627918434,0.15609756097560976,0.0004112099244941513,0.12884522467386053,0.14669209329617133
10,random,293.0,12418,0,0.0,0.0,0.0,135,135,0.007860930310400782,0.0,0.0,0.0,0.0
10,random_matched,293.0,12418,28,0.2254791431792559,0.0021464180719141398,0.220038139944257,51683,51683,1.027369245409947,0.32195121951219513,0.000538144476256573,0.2254791431792559,0.220038139944257
10,random,294.0,12418,0,0.0,0.0,0.0,126,126,0.0005793971960604374,0.0,0.0,0.0,0.0
10,random_matched,294.0,12418,31,0.24963762280560478,0.0021464398533010643,0.2640457679331084,62606,62606,1.145580584875007,0.37073170731707317,0.0005651932401177257,0.24963762280560478,0.2640457679331084
10,random,295.0,12418,0,0.0,0.0,0.0,58,58,0.0001469346557169749,0.0,0.0,0.0,0.0
10,random_matched,295.0,12418,31,0.24963762280560478,0.0021464398533010643,0.2640457679331084,62606,62606,1.145580584875007,0.37073170731707317,0.0005651932401177257,0.24963762280560478,0.2640457679331084
10,random,296.0,12418,0,0.0,0.0,0.0,182,182,0.0005938360864901416,0.0,0.0,0.0,0.0
10,random_matched,296.0,12418,26,0.20937349009502335,0.002146360056070462,0.220038139944257,52130,52130,0.7380750033758122,0.33170731707317075,0.0005651924421454197,0.20937349009502335,0.220038139944257
10,random,297.0,12418,0,0.0,0.0,0.0,87,87,0.0003156383027645674,0.0,0.0,0.0,0.0
10,random_matched,297.0,12418,16,0.12884522467386053,8.67387754074065e-07,0.14669209329617133,53518,53518,0.923705627918434,0.15609756097560976,0.0004112099244941513,0.12884522467386053,0.14669209329617133
10,random,298.0,12418,0,0.0,0.0,0.0,41,41,0.00019346906022864763,0.0,0.0,0.0,0.0
10,random_matched,298.0,12418,31,0.24963762280560478,0.0021464398533010643,0.2640457679331084,62606,62606,1.145580584875007,0.37073170731707317,0.0005651932401177257,0.24963762280560478,0.2640457679331084
10,random,299.0,12418,0,0.0,0.0,0.0,43,43,0.010406060717210779,0.0,0.0,0.0,0.0
10,random_matched,299.0,12418,31,0.24963762280560478,0.0021464398533010643,0.2640457679331084,62606,62606,1.145580584875007,0.37073170731707317,0.0005651932401177257,0.24963762280560478,0.2640457679331084
10,random,300.0,12418,0,0.0,0.0,0.0,473,473,0.0013870804256680789,0.0,0.0,0.0,0.0
10,random_matched,300.0,12418,31,0.24963762280560478,0.0021464398533010643,0.2640457679331084,62606,62606,1.145580584875007,0.37073170731707317,0.0005651932401177257,0.24963762280560478,0.2640457679331084
10,random,301.0,12418,0,0.0,0.0,0.0,80,80,0.004013811688582333,0.0,3.3451151755336176e-08,0.0,0.0
10,random_matched,301.0,12418,24,0.19326783701079078,0.0021458305851602658,0.220038139944257,51064,51064,0.8849681531509063,0.32195121951219513,0.00018525906850673166,0.19326783701079078,0.220038139944257
10,random,302.0,12418,0,0.0,0.0,0.0,40,40,0.00035286824067978334,0.0,0.0,0.0,0.0
10,random_matched,302.0,12418,31,0.24963762280560478,0.0021464398533010643,0.2640457679331084,62606,62606,1.145580584875007,0.37073170731707317,0.0005651932401177257,0.24963762280560478,0.2640457679331084
10,random,303.0,12418,0,0.0,0.0,0.0,22,22,2.6226068237065124e-05,0.0,0.0,0.0,0.0
10,random_matched,303.0,12418,28,0.2254791431792559,0.0021464180719141398,0.220038139944257,51683,51683,1.027369245409947,0.32195121951219513,0.000538144476256573,0.2254791431792559,0.220038139944257
10,random,304.0,12418,0,0.0,0.0,0.0,913,913,0.0007760035126490551,0.0,0.0,0.0,0.0
10,random_matched,304.0,12418,16,0.12884522467386053,8.67387754074065e-07,0.14669209329617133,53518,53518,0.923705627918434,0.15609756097560976,0.0004112099244941513,0.12884522467386053,0.14669209329617133
10,random,305.0,12418,0,0.0,0.0,0.0,33,33,0.0001515701230021637,0.0,0.0,0.0,0.0
10,random_matched,305.0,12418,31,0.24963762280560478,0.0021464398533010643,0.2640457679331084,62606,62606,1.145580584875007,0.37073170731707317,0.0005651932401177257,0.24963762280560478,0.2640457679331084
10,random,306.0,12418,0,0.0,0.0,0.0,25,25,0.00019039082023457693,0.0,0.0,0.0,0.0
10,random_matched,306.0,12418,31,0.24963762280560478,0.0021464398533010643,0.2640457679331084,62606,62606,1.145580584875007,0.37073170731707317,0.0005651932401177257,0.24963762280560478,0.2640457679331084
10,random,307.0,12418,0,0.0,0.0,0.0,30,30,0.0001410880116498053,0.0,0.0,0.0,0.0
10,random_matched,307.0,12418,30,0.24158479626348847,0.0021462833123053163,0.24937655860349128,52683,52683,1.1312984137462296,0.35121951219512193,0.0005609670490680272,0.24158479626348847,0.24937655860349128
10,random,308.0,12418,0,0.0,0.0,0.0,66,66,0.0001226051588749494,0.0,0.0,0.0,0.0
10,random_matched,308.0,12418,26,0.20937349009502335,0.002146360056070462,0.220038139944257,52130,52130,0.7380750033758122,0.33170731707317075,0.0005651924421454197,0.20937349009502335,0.220038139944257
10,random,309.0,12418,0,0.0,0.0,0.0,50,50,0.0056530905062352164,0.0,0.0,0.0,0.0
10,random_matched,309.0,12418,31,0.24963762280560478,0.0021464398533010643,0.2640457679331084,51961,51961,1.0224874505198993,0.37073170731707317,0.0005651932401177257,0.24963762280560478,0.2640457679331084
10,random,310.0,12418,0,0.0,0.0,0.0,154,154,0.010860133977721764,0.0,0.0,0.0,0.0
10,random_matched,310.0,12418,31,0.24963762280560478,0.0021464398533010643,0.2640457679331084,62606,62606,1.145580584875007,0.37073170731707317,0.0005651932401177257,0.24963762280560478,0.2640457679331084
10,random,311.0,12418,0,0.0,0.0,0.0,32,32,0.000648588519953305,0.0,0.0,0.0,0.0
10,random_matched,311.0,12418,31,0.24963762280560478,0.0021464398533010643,0.2640457679331084,62606,62606,1.145580584875007,0.37073170731707317,0.0005651932401177257,0.24963762280560478,0.2640457679331084
10,random,312.0,12418,0,0.0,0.0,0.0,35,35,0.001945317571991497,0.0,0.0,0.0,0.0
10,random_matched,312.0,12418,31,0.24963762280560478,0.0021464398533010643,0.2640457679331084,62606,62606,1.145580584875007,0.37073170731707317,0.0005651932401177257,0.24963762280560478,0.2640457679331084
10,random,313.0,12418,0,0.0,0.0,0.0,42,42,0.00012094733550559368,0.0,0.0,0.0,0.0
10,random_matched,313.0,12418,31,0.24963762280560478,0.0021464398533010643,0.2640457679331084,62606,62606,1.145580584875007,0.37073170731707317,0.0005651932401177257,0.24963762280560478,0.2640457679331084
10,random,314.0,12418,0,0.0,0.0,0.0,428,428,0.0018807013577368755,0.0,0.0,0.0,0.0
10,random_matched,314.0,12418,24,0.19326783701079078,0.0021458305851602658,0.220038139944257,51064,51064,0.8849681531509063,0.32195121951219513,0.00018525906850673166,0.19326783701079078,0.220038139944257
10,random,315.0,12418,0,0.0,0.0,0.0,470,470,0.01292888159642976,0.00975609756097561,2.2867475286212754e-05,0.0,0.0
10,random_matched,315.0,12418,31,0.24963762280560478,0.0021464398533010643,0.2640457679331084,62606,62606,1.145580584875007,0.37073170731707317,0.0005651932401177257,0.24963762280560478,0.2640457679331084
10,random,316.0,12418,0,0.0,0.0,0.0,24,24,0.0005525554798245582,0.0,0.0,0.0,0.0
10,random_matched,316.0,12418,31,0.24963762280560478,0.0021464398533010643,0.2640457679331084,62606,62606,1.145580584875007,0.37073170731707317,0.0005651932401177257,0.24963762280560478,0.2640457679331084
10,random,317.0,12418,0,0.0,0.0,0.0,29,29,0.0002548071836137663,0.0,0.0,0.0,0.0
10,random_matched,317.0,12418,16,0.12884522467386053,8.67387754074065e-07,0.14669209329617133,53518,53518,0.923705627918434,0.15609756097560976,0.0004112099244941513,0.12884522467386053,0.14669209329617133
10,random,318.0,12418,0,0.0,0.0,0.0,41,41,0.00023185786496516075,0.0,0.0,0.0,0.0
10,random_matched,318.0,12418,24,0.19326783701079078,0.0021458305851602658,0.220038139944257,51064,51064,0.8849681531509063,0.32195121951219513,0.00018525906850673166,0.19326783701079078,0.220038139944257
10,random,319.0,12418,0,0.0,0.0,0.0,74,74,0.0016739643454292095,0.0,0.0,0.0,0.0
10,random_matched,319.0,12418,31,0.24963762280560478,0.0021464398533010643,0.2640457679331084,62606,62606,1.145580584875007,0.37073170731707317,0.0005651932401177257,0.24963762280560478,0.2640457679331084
10,random,320.0,12418,0,0.0,0.0,0.0,25,25,8.923408652092802e-05,0.0,0.0,0.0,0.0
10,random_matched,320.0,12418,16,0.12884522467386053,8.67387754074065e-07,0.14669209329617133,53518,53518,0.923705627918434,0.15609756097560976,0.0004112099244941513,0.12884522467386053,0.14669209329617133
10,random,321.0,12418,0,0.0,0.0,0.0,92,92,0.0077312109968728695,0.0,0.0,0.0,0.0
10,random_matched,321.0,12418,31,0.24963762280560478,0.0021464398533010643,0.2640457679331084,62606,62606,1.145580584875007,0.37073170731707317,0.0005651932401177257,0.24963762280560478,0.2640457679331084
10,random,322.0,12418,0,0.0,0.0,0.0,431,431,0.0031100618868198653,0.0,0.0,0.0,0.0
10,random_matched,322.0,12418,31,0.24963762280560478,0.0021464398533010643,0.2640457679331084,62606,62606,1.145580584875007,0.37073170731707317,0.0005651932401177257,0.24963762280560478,0.2640457679331084
10,random,323.0,12418,0,0.0,0.0,0.0,375,375,0.01598282696696556,0.0,0.0,0.0,0.0
10,random_matched,323.0,12418,24,0.19326783701079078,0.0021458305851602658,0.220038139944257,51064,51064,0.8849681531509063,0.32195121951219513,0.00018525906850673166,0.19326783701079078,0.220038139944257
10,random,324.0,12418,0,0.0,0.0,0.0,146,146,0.0035488190590989154,0.0,0.0,0.0,0.0
10,random_matched,324.0,12418,26,0.20937349009502335,0.002146360056070462,0.220038139944257,52130,52130,0.7380750033758122,0.33170731707317075,0.0005651924421454197,0.20937349009502335,0.220038139944257
10,random,325.0,12418,0,0.0,0.0,0.0,33,33,0.00020408798224740918,0.0,0.0,0.0,0.0
10,random_matched,325.0,12418,31,0.24963762280560478,0.0021464398533010643,0.2640457679331084,51961,51961,1.0224874505198993,0.37073170731707317,0.0005651932401177257,0.24963762280560478,0.2640457679331084
10,random,326.0,12418,0,0.0,0.0,0.0,355,355,0.0003152077515497105,0.0,0.0,0.0,0.0
10,random_matched,326.0,12418,31,0.24963762280560478,0.0021464398533010643,0.2640457679331084,62606,62606,1.145580584875007,0.37073170731707317,0.0005651932401177257,0.24963762280560478,0.2640457679331084
10,random,327.0,12418,0,0.0,0.0,0.0,48,48,0.0001426881599343048,0.0,0.0,0.0,0.0
10,random_matched,327.0,12418,24,0.19326783701079078,0.0021458305851602658,0.220038139944257,51064,51064,0.8849681531509063,0.32195121951219513,0.00018525906850673166,0.19326783701079078,0.220038139944257
10,random,328.0,12418,0,0.0,0.0,0.0,26,26,3.101712412326144e-05,0.0,0.0,0.0,0.0
10,random_matched,328.0,12418,31,0.24963762280560478,0.0021464398533010643,0.2640457679331084,62606,62606,1.145580584875007,0.37073170731707317,0.0005651932401177257,0.24963762280560478,0.2640457679331084
10,random,329.0,12418,0,0.0,0.0,0.0,38,38,0.0015034070479799586,0.0,0.0,0.0,0.0
10,random_matched,329.0,12418,31,0.24963762280560478,0.0021464398533010643,0.2640457679331084,62606,62606,1.145580584875007,0.37073170731707317,0.0005651932401177257,0.24963762280560478,0.2640457679331084
10,random,330.0,12418,0,0.0,0.0,0.0,1093,1093,0.002956970751114749,0.0,0.0,0.0,0.0
10,random_matched,330.0,12418,31,0.24963762280560478,0.0021464398533010643,0.2640457679331084,51961,51961,1.0224874505198993,0.37073170731707317,0.0005651932401177257,0.24963762280560478,0.2640457679331084
10,random,331.0,12418,0,0.0,0.0,0.0,33,33,0.00017979067615041974,0.0,0.0,0.0,0.0
10,random_matched,331.0,12418,31,0.24963762280560478,0.0021464398533010643,0.2640457679331084,62606,62606,1.145580584875007,0.37073170731707317,0.0005651932401177257,0.24963762280560478,0.2640457679331084
10,random,332.0,12418,0,0.0,0.0,0.0,69,69,0.0038561548322062727,0.0,0.00014278222072785292,0.0,0.0
10,random_matched,332.0,12418,31,0.24963762280560478,0.0021464398533010643,0.2640457679331084,62606,62606,1.145580584875007,0.37073170731707317,0.0005651932401177257,0.24963762280560478,0.2640457679331084
10,random,333.0,12418,0,0.0,0.0,0.0,39,39,0.00010156716571285835,0.0,0.0,0.0,0.0
10,random_matched,333.0,12418,31,0.24963762280560478,0.0021464398533010643,0.2640457679331084,62606,62606,1.145580584875007,0.37073170731707317,0.0005651932401177257,0.24963762280560478,0.2640457679331084
10,random,334.0,12418,0,0.0,0.0,0.0,71,71,0.0003450633262895884,0.0,0.0,0.0,0.0
10,random_matched,334.0,12418,31,0.24963762280560478,0.0021464398533010643,0.2640457679331084,62606,62606,1.145580584875007,0.37073170731707317,0.0005651932401177257,0.24963762280560478,0.2640457679331084
10,random,335.0,12418,0,0.0,0.0,0.0,45,45,0.003104209877628523,0.0,0.0,0.0,0.0
10,random_matched,335.0,12418,31,0.24963762280560478,0.0021464398533010643,0.2640457679331084,62606,62606,1.145580584875007,0.37073170731707317,0.0005651932401177257,0.24963762280560478,0.2640457679331084
10,random,336.0,12418,0,0.0,0.0,0.0,34,34,6.999072739459582e-05,0.0,0.0,0.0,0.0
10,random_matched,336.0,12418,31,0.24963762280560478,0.0021464398533010643,0.2640457679331084,62606,62606,1.145580584875007,0.37073170731707317,0.0005651932401177257,0.24963762280560478,0.2640457679331084
10,random,337.0,12418,0,0.0,0.0,0.0,793,793,0.002809946229567882,0.0,0.0,0.0,0.0
10,random_matched,337.0,12418,31,0.24963762280560478,0.0021464398533010643,0.2640457679331084,51961,51961,1.0224874505198993,0.37073170731707317,0.0005651932401177257,0.24963762280560478,0.2640457679331084
10,random,338.0,12418,0,0.0,0.0,0.0,214,214,0.0003393803185096853,0.0,0.0,0.0,0.0
10,random_matched,338.0,12418,24,0.19326783701079078,0.0021458305851602658,0.220038139944257,51064,51064,0.8849681531509063,0.32195121951219513,0.00018525906850673166,0.19326783701079078,0.220038139944257
10,random,339.0,12418,0,0.0,0.0,0.0,32,32,0.005332687973205316,0.0,0.0,0.0,0.0
10,random_matched,339.0,12418,31,0.24963762280560478,0.0021464398533010643,0.2640457679331084,51961,51961,1.0224874505198993,0.37073170731707317,0.0005651932401177257,0.24963762280560478,0.2640457679331084
10,random,340.0,12418,0,0.0,0.0,0.0,75,75,0.0007895182604400165,0.0,0.0,0.0,0.0
10,random_matched,340.0,12418,31,0.24963762280560478,0.0021464398533010643,0.2640457679331084,62606,62606,1.145580584875007,0.37073170731707317,0.0005651932401177257,0.24963762280560478,0.2640457679331084
10,random,341.0,12418,0,0.0,0.0,0.0,1303,1303,0.004780864832830327,0.0,0.0,0.0,0.0
10,random_matched,341.0,12418,31,0.24963762280560478,0.0021464398533010643,0.2640457679331084,62606,62606,1.145580584875007,0.37073170731707317,0.0005651932401177257,0.24963762280560478,0.2640457679331084
10,random,342.0,12418,0,0.0,0.0,0.0,864,864,0.0010417595734182022,0.0,0.0,0.0,0.0
10,random_matched,342.0,12418,30,0.24158479626348847,0.0021462833123053163,0.24937655860349128,52683,52683,1.1312984137462296,0.35121951219512193,0.0005609670490680272,0.24158479626348847,0.24937655860349128
10,random,343.0,12418,0,0.0,0.0,0.0,55,55,0.002870433980771632,0.0,0.0,0.0,0.0
10,random_matched,343.0,12418,31,0.24963762280560478,0.0021464398533010643,0.2640457679331084,51961,51961,1.0224874505198993,0.37073170731707317,0.0005651932401177257,0.24963762280560478,0.2640457679331084
10,random,344.0,12418,0,0.0,0.0,0.0,273,273,0.001974301314053316,0.0,0.0,0.0,0.0
10,random_matched,344.0,12418,31,0.24963762280560478,0.0021464398533010643,0.2640457679331084,62606,62606,1.145580584875007,0.37073170731707317,0.0005651932401177257,0.24963762280560478,0.2640457679331084
10,random,345.0,12418,0,0.0,0.0,0.0,28,28,0.0033228722196909964,0.0,0.0,0.0,0.0
10,random_matched,345.0,12418,31,0.24963762280560478,0.0021464398533010643,0.2640457679331084,62606,62606,1.145580584875007,0.37073170731707317,0.0005651932401177257,0.24963762280560478,0.2640457679331084
10,random,346.0,12418,0,0.0,0.0,0.0,38,38,0.004265701585927209,0.0,9.622638593613607e-11,0.0,0.0
10,random_matched,346.0,12418,31,0.24963762280560478,0.0021464398533010643,0.2640457679331084,62606,62606,1.145580584875007,0.37073170731707317,0.0005651932401177257,0.24963762280560478,0.2640457679331084
10,random,347.0,12418,0,0.0,0.0,0.0,1004,1004,0.0024481048187093043,0.0,0.0,0.0,0.0
10,random_matched,347.0,12418,16,0.12884522467386053,8.67387754074065e-07,0.14669209329617133,53518,53518,0.923705627918434,0.15609756097560976,0.0004112099244941513,0.12884522467386053,0.14669209329617133
10,random,348.0,12418,0,0.0,0.0,0.0,37,37,0.00026022327646607894,0.0,0.0,0.0,0.0
10,random_matched,348.0,12418,26,0.20937349009502335,0.002146360056070462,0.220038139944257,52130,52130,0.7380750033758122,0.33170731707317075,0.0005651924421454197,0.20937349009502335,0.220038139944257
10,random,349.0,12418,0,0.0,0.0,0.0,46,46,0.00012438235625714708,0.0,0.0,0.0,0.0
10,random_matched,349.0,12418,24,0.19326783701079078,0.0021458305851602658,0.220038139944257,51064,51064,0.8849681531509063,0.32195121951219513,0.00018525906850673166,0.19326783701079078,0.220038139944257
10,random,350.0,12418,0,0.0,0.0,0.0,28,28,7.600100774903192e-05,0.0,0.0,0.0,0.0
10,random_matched,350.0,12418,31,0.24963762280560478,0.0021464398533010643,0.2640457679331084,62606,62606,1.145580584875007,0.37073170731707317,0.0005651932401177257,0.24963762280560478,0.2640457679331084
10,random,351.0,12418,0,0.0,0.0,0.0,694,694,0.013887115575446756,0.0,0.0,0.0,0.0
10,random_matched,351.0,12418,31,0.24963762280560478,0.0021464398533010643,0.2640457679331084,62606,62606,1.145580584875007,0.37073170731707317,0.0005651932401177257,0.24963762280560478,0.2640457679331084
10,random,352.0,12418,0,0.0,0.0,0.0,32,32,0.00029206528843088875,0.0,0.0,0.0,0.0
10,random_matched,352.0,12418,31,0.24963762280560478,0.0021464398533010643,0.2640457679331084,62606,62606,1.145580584875007,0.37073170731707317,0.0005651932401177257,0.24963762280560478,0.2640457679331084
10,random,353.0,12418,0,0.0,0.0,0.0,49,49,0.0027526037824103606,0.0,2.1540059787181344e-06,0.0,0.0
10,random_matched,353.0,12418,31,0.24963762280560478,0.0021464398533010643,0.2640457679331084,62606,62606,1.145580584875007,0.37073170731707317,0.0005651932401177257,0.24963762280560478,0.2640457679331084
10,random,354.0,12418,0,0.0,0.0,0.0,26,26,5.4113983686615475e-05,0.0,0.0,0.0,0.0
10,random_matched,354.0,12418,31,0.24963762280560478,0.0021464398533010643,0.2640457679331084,62606,62606,1.145580584875007,0.37073170731707317,0.0005651932401177257,0.24963762280560478,0.2640457679331084
10,random,355.0,12418,0,0.0,0.0,0.0,35,35,4.086749210428769e-05,0.0,0.0,0.0,0.0
10,random_matched,355.0,12418,31,0.24963762280560478,0.0021464398533010643,0.2640457679331084,62606,62606,1.145580584875007,0.37073170731707317,0.0005651932401177257,0.24963762280560478,0.2640457679331084
10,random,356.0,12418,0,0.0,0.0,0.0,2056,2056,0.009190088855500692,0.0,6.777392556703607e-10,0.0,0.0
10,random_matched,356.0,12418,31,0.24963762280560478,0.0021464398533010643,0.2640457679331084,62606,62606,1.145580584875007,0.37073170731707317,0.0005651932401177257,0.24963762280560478,0.2640457679331084
10,random,357.0,12418,0,0.0,0.0,0.0,32,32,0.00022198603648744382,0.0,0.0,0.0,0.0
10,random_matched,357.0,12418,31,0.24963762280560478,0.0021464398533010643,0.2640457679331084,51961,51961,1.0224874505198993,0.37073170731707317,0.0005651932401177257,0.24963762280560478,0.2640457679331084
10,random,358.0,12418,0,0.0,0.0,0.0,155,155,0.0001987081039832621,0.0,0.0,0.0,0.0
10,random_matched,358.0,12418,31,0.24963762280560478,0.0021464398533010643,0.2640457679331084,62606,62606,1.145580584875007,0.37073170731707317,0.0005651932401177257,0.24963762280560478,0.2640457679331084
10,random,359.0,12418,0,0.0,0.0,0.0,117,117,0.009074906345918635,0.0,0.0,0.0,0.0
10,random_matched,359.0,12418,31,0.24963762280560478,0.0021464398533010643,0.2640457679331084,62606,62606,1.145580584875007,0.37073170731707317,0.0005651932401177257,0.24963762280560478,0.2640457679331084
10,random,360.0,12418,0,0.0,0.0,0.0,75,75,0.004953655363216453,0.0,0.0,0.0,0.0
10,random_matched,360.0,12418,31,0.24963762280560478,0.0021464398533010643,0.2640457679331084,62606,62606,1.145580584875007,0.37073170731707317,0.0005651932401177257,0.24963762280560478,0.2640457679331084
10,random,361.0,12418,0,0.0,0.0,0.0,48,48,0.0005120528161640122,0.0,0.0,0.0,0.0
10,random_matched,361.0,12418,31,0.24963762280560478,0.0021464398533010643,0.2640457679331084,62606,62606,1.145580584875007,0.37073170731707317,0.0005651932401177257,0.24963762280560478,0.2640457679331084
10,random,362.0,12418,0,0.0,0.0,0.0,47,47,0.0037317751585112116,0.0,0.0,0.0,0.0
10,random_matched,362.0,12418,16,0.12884522467386053,8.67387754074065e-07,0.14669209329617133,53518,53518,0.923705627918434,0.15609756097560976,0.0004112099244941513,0.12884522467386053,0.14669209329617133
10,random,363.0,12418,0,0.0,0.0,0.0,66,66,0.000414525588953176,0.0,0.0,0.0,0.0
10,random_matched,363.0,12418,31,0.24963762280560478,0.0021464398533010643,0.2640457679331084,62606,62606,1.145580584875007,0.37073170731707317,0.0005651932401177257,0.24963762280560478,0.2640457679331084
10,random,364.0,12418,0,0.0,0.0,0.0,211,211,0.0006493919472981627,0.0,1.5826131419503237e-09,0.0,0.0
10,random_matched,364.0,12418,31,0.24963762280560478,0.0021464398533010643,0.2640457679331084,62606,62606,1.145580584875007,0.37073170731707317,0.0005651932401177257,0.24963762280560478,0.2640457679331084
10,random,365.0,12418,0,0.0,0.0,0.0,35,35,6.623648175476842e-05,0.0,0.0,0.0,0.0
10,random_matched,365.0,12418,31,0.24963762280560478,0.0021464398533010643,0.2640457679331084,62606,62606,1.145580584875007,0.37073170731707317,0.0005651932401177257,0.24963762280560478,0.2640457679331084
10,random,366.0,12418,0,0.0,0.0,0.0,425,425,0.09470787323603148,0.0,0.0,0.0,0.0
10,random_matched,366.0,12418,31,0.24963762280560478,0.0021464398533010643,0.2640457679331084,51961,51961,1.0224874505198993,0.37073170731707317,0.0005651932401177257,0.24963762280560478,0.2640457679331084
10,random,367.0,12418,0,0.0,0.0,0.0,289,289,0.00028087632196878074,0.0,0.0,0.0,0.0
10,random_matched,367.0,12418,31,0.24963762280560478,0.0021464398533010643,0.2640457679331084,62606,62606,1.145580584875007,0.37073170731707317,0.0005651932401177257,0.24963762280560478,0.2640457679331084
10,random,368.0,12418,0,0.0,0.0,0.0,146,146,0.079455313439424,0.0,0.0,0.0,0.0
10,random_matched,368.0,12418,31,0.24963762280560478,0.0021464398533010643,0.2640457679331084,62606,62606,1.145580584875007,0.37073170731707317,0.0005651932401177257,0.24963762280560478,0.2640457679331084
10,random,369.0,12418,0,0.0,0.0,0.0,196,196,0.005803028290207845,0.0,0.0,0.0,0.0
10,random_matched,369.0,12418,16,0.12884522467386053,8.67387754074065e-07,0.14669209329617133,53518,53518,0.923705627918434,0.15609756097560976,0.0004112099244941513,0.12884522467386053,0.14669209329617133
10,random,370.0,12418,0,0.0,0.0,0.0,28,28,0.0001240295993427939,0.00975609756097561,8.895755244105279e-09,0.0,0.0
10,random_matched,370.0,12418,30,0.24158479626348847,0.0021462833123053163,0.24937655860349128,52683,52683,1.1312984137462296,0.35121951219512193,0.0005609670490680272,0.24158479626348847,0.24937655860349128
10,random,371.0,12418,0,0.0,0.0,0.0,46,46,0.00010206612226091687,0.0,0.0,0.0,0.0
10,random_matched,371.0,12418,26,0.20937349009502335,0.002146360056070462,0.220038139944257,52130,52130,0.7380750033758122,0.33170731707317075,0.0005651924421454197,0.20937349009502335,0.220038139944257
10,random,372.0,12418,0,0.0,0.0,0.0,43,43,0.0025936727090432907,0.0,0.0,0.0,0.0
10,random_matched,372.0,12418,28,0.2254791431792559,0.0021464180719141398,0.220038139944257,51683,51683,1.027369245409947,0.32195121951219513,0.000538144476256573,0.2254791431792559,0.220038139944257
10,random,373.0,12418,0,0.0,0.0,0.0,40,40,8.111933620976124e-05,0.0,0.0,0.0,0.0
10,random_matched,373.0,12418,31,0.24963762280560478,0.0021464398533010643,0.2640457679331084,62606,62606,1.145580584875007,0.37073170731707317,0.0005651932401177257,0.24963762280560478,0.2640457679331084
10,random,374.0,12418,0,0.0,0.0,0.0,106,106,0.0007794063426555725,0.0,0.0,0.0,0.0
10,random_matched,374.0,12418,16,0.12884522467386053,8.67387754074065e-07,0.14669209329617133,53518,53518,0.923705627918434,0.15609756097560976,0.0004112099244941513,0.12884522467386053,0.14669209329617133
10,random,375.0,12418,0,0.0,0.0,0.0,27,27,7.618744581403228e-05,0.0,0.0,0.0,0.0
10,random_matched,375.0,12418,16,0.12884522467386053,8.67387754074065e-07,0.14669209329617133,53518,53518,0.923705627918434,0.15609756097560976,0.0004112099244941513,0.12884522467386053,0.14669209329617133
10,random,376.0,12418,0,0.0,0.0,0.0,29,29,0.0020760213858050953,0.0,0.0,0.0,0.0
10,random_matched,376.0,12418,31,0.24963762280560478,0.0021464398533010643,0.2640457679331084,62606,62606,1.145580584875007,0.37073170731707317,0.0005651932401177257,0.24963762280560478,0.2640457679331084
10,random,377.0,12418,0,0.0,0.0,0.0,352,352,0.0016273695832705942,0.0,0.0,0.0,0.0
10,random_matched,377.0,12418,24,0.19326783701079078,0.0021458305851602658,0.220038139944257,51064,51064,0.8849681531509063,0.32195121951219513,0.00018525906850673166,0.19326783701079078,0.220038139944257
10,random,378.0,12418,0,0.0,0.0,0.0,211,211,0.0011299420956012865,0.0,0.0,0.0,0.0
10,random_matched,378.0,12418,30,0.24158479626348847,0.0021462833123053163,0.24937655860349128,52683,52683,1.1312984137462296,0.35121951219512193,0.0005609670490680272,0.24158479626348847,0.24937655860349128
10,random,379.0,12418,0,0.0,0.0,0.0,300,300,0.00038954020568104133,0.0,0.0,0.0,0.0
10,random_matched,379.0,12418,31,0.24963762280560478,0.0021464398533010643,0.2640457679331084,62606,62606,1.145580584875007,0.37073170731707317,0.0005651932401177257,0.24963762280560478,0.2640457679331084
10,random,380.0,12418,0,0.0,0.0,0.0,424,424,0.0013853555382465647,0.0,0.0,0.0,0.0
10,random_matched,380.0,12418,31,0.24963762280560478,0.0021464398533010643,0.2640457679331084,62606,62606,1.145580584875007,0.37073170731707317,0.0005651932401177257,0.24963762280560478,0.2640457679331084
10,random,381.0,12418,0,0.0,0.0,0.0,33,33,3.2787615100243285e-05,0.0,0.0,0.0,0.0
10,random_matched,381.0,12418,16,0.12884522467386053,8.67387754074065e-07,0.14669209329617133,53518,53518,0.923705627918434,0.15609756097560976,0.0004112099244941513,0.12884522467386053,0.14669209329617133
10,random,382.0,12418,0,0.0,0.0,0.0,172,172,0.08194518574981755,0.0,0.0001110464013982416,0.0,0.0
10,random_matched,382.0,12418,31,0.24963762280560478,0.0021464398533010643,0.2640457679331084,62606,62606,1.145580584875007,0.37073170731707317,0.0005651932401177257,0.24963762280560478,0.2640457679331084
10,random,383.0,12418,0,0.0,0.0,0.0,79,79,0.00022749736029382137,0.0,0.0,0.0,0.0
10,random_matched,383.0,12418,31,0.24963762280560478,0.0021464398533010643,0.2640457679331084,62606,62606,1.145580584875007,0.37073170731707317,0.0005651932401177257,0.24963762280560478,0.2640457679331084
10,random,384.0,12418,0,0.0,0.0,0.0,75,75,0.00022250645353219303,0.0,0.0,0.0,0.0
10,random_matched,384.0,12418,31,0.24963762280560478,0.0021464398533010643,0.2640457679331084,62606,62606,1.145580584875007,0.37073170731707317,0.0005651932401177257,0.24963762280560478,0.2640457679331084
10,random,385.0,12418,0,0.0,0.0,0.0,38,38,6.645511056480482e-05,0.0,0.0,0.0,0.0
10,random_matched,385.0,12418,31,0.24963762280560478,0.0021464398533010643,0.2640457679331084,62606,62606,1.145580584875007,0.37073170731707317,0.0005651932401177257,0.24963762280560478,0.2640457679331084
10,random,386.0,12418,0,0.0,0.0,0.0,26,26,4.2054525827491427e-05,0.0,0.0,0.0,0.0
10,random_matched,386.0,12418,31,0.24963762280560478,0.0021464398533010643,0.2640457679331084,62606,62606,1.145580584875007,0.37073170731707317,0.0005651932401177257,0.24963762280560478,0.2640457679331084
10,random,387.0,12418,0,0.0,0.0,0.0,80,80,0.0036551973999136176,0.0,0.0,0.0,0.0
10,random_matched,387.0,12418,31,0.24963762280560478,0.0021464398533010643,0.2640457679331084,62606,62606,1.145580584875007,0.37073170731707317,0.0005651932401177257,0.24963762280560478,0.2640457679331084
10,random,388.0,12418,0,0.0,0.0,0.0,96,96,3.9131874434428216e-05,0.0,0.0,0.0,0.0
10,random_matched,388.0,12418,31,0.24963762280560478,0.0021464398533010643,0.2640457679331084,62606,62606,1.145580584875007,0.37073170731707317,0.0005651932401177257,0.24963762280560478,0.2640457679331084
10,random,389.0,12418,0,0.0,0.0,0.0,51,51,0.0001938486427638642,0.0,0.0,0.0,0.0
10,random_matched,389.0,12418,31,0.24963762280560478,0.0021464398533010643,0.2640457679331084,62606,62606,1.145580584875007,0.37073170731707317,0.0005651932401177257,0.24963762280560478,0.2640457679331084
10,random,390.0,12418,0,0.0,0.0,0.0,94,94,0.0018837192400840037,0.0,0.0,0.0,0.0
10,random_matched,390.0,12418,28,0.2254791431792559,0.0021464180719141398,0.220038139944257,51683,51683,1.027369245409947,0.32195121951219513,0.000538144476256573,0.2254791431792559,0.220038139944257
10,random,391.0,12418,2,0.016105653084232566,5.160356621867531e-07,0.0,1543,1543,0.07358329635876079,0.03902439024390244,5.567485349431043e-09,0.016105653084232566,0.0
10,random_matched,391.0,12418,24,0.19326783701079078,0.0021458305851602658,0.220038139944257,51064,51064,0.8849681531509063,0.32195121951219513,0.00018525906850673166,0.19326783701079078,0.220038139944257
10,random,392.0,12418,0,0.0,0.0,0.0,239,239,0.006236744928326669,0.0,0.0,0.0,0.0
10,random_matched,392.0,12418,31,0.24963762280560478,0.0021464398533010643,0.2640457679331084,51961,51961,1.0224874505198993,0.37073170731707317,0.0005651932401177257,0.24963762280560478,0.2640457679331084
10,random,393.0,12418,0,0.0,0.0,0.0,40,40,0.0004485968100117311,0.0,0.0,0.0,0.0
10,random_matched,393.0,12418,24,0.19326783701079078,0.0021458305851602658,0.220038139944257,51064,51064,0.8849681531509063,0.32195121951219513,0.00018525906850673166,0.19326783701079078,0.220038139944257
10,random,394.0,12418,0,0.0,0.0,0.0,38,38,0.00018195818631617933,0.0,0.0,0.0,0.0
10,random_matched,394.0,12418,31,0.24963762280560478,0.0021464398533010643,0.2640457679331084,62606,62606,1.145580584875007,0.37073170731707317,0.0005651932401177257,0.24963762280560478,0.2640457679331084
10,random,395.0,12418,0,0.0,0.0,0.0,32,32,5.021487969412592e-05,0.0,0.0,0.0,0.0
10,random_matched,395.0,12418,16,0.12884522467386053,8.67387754074065e-07,0.14669209329617133,53518,53518,0.923705627918434,0.15609756097560976,0.0004112099244941513,0.12884522467386053,0.14669209329617133
10,random,396.0,12418,0,0.0,0.0,0.0,59,59,0.00012988697365830883,0.0,3.222485539880836e-08,0.0,0.0
10,random_matched,396.0,12418,24,0.19326783701079078,0.0021458305851602658,0.220038139944257,51064,51064,0.8849681531509063,0.32195121951219513,0.00018525906850673166,0.19326783701079078,0.220038139944257
10,random,397.0,12418,0,0.0,0.0,0.0,70,70,0.0004172430243466345,0.0,0.0,0.0,0.0
10,random_matched,397.0,12418,31,0.24963762280560478,0.0021464398533010643,0.2640457679331084,51961,51961,1.0224874505198993,0.37073170731707317,0.0005651932401177257,0.24963762280560478,0.2640457679331084
10,random,398.0,12418,0,0.0,0.0,0.0,134,134,0.000856976649225111,0.0,0.0,0.0,0.0
10,random_matched,398.0,12418,26,0.20937349009502335,0.002146360056070462,0.220038139944257,52130,52130,0.7380750033758122,0.33170731707317075,0.0005651924421454197,0.20937349009502335,0.220038139944257
10,random,399.0,12418,0,0.0,0.0,0.0,39,39,1.5653782278505508,0.0,0.0,0.0,0.0
10,random_matched,399.0,12418,31,0.24963762280560478,0.0021464398533010643,0.2640457679331084,51961,51961,1.0224874505198993,0.37073170731707317,0.0005651932401177257,0.24963762280560478,0.2640457679331084
10,random,400.0,12418,11,0.08858109196327911,0.0,0.0,5573,5573,0.1546933509037033,0.0,2.963067177272853e-09,0.08858109196327911,0.0
10,random_matched,400.0,12418,28,0.2254791431792559,0.0021464180719141398,0.220038139944257,51683,51683,1.027369245409947,0.32195121951219513,0.000538144476256573,0.2254791431792559,0.220038139944257
10,random,401.0,12418,0,0.0,0.0,0.0,988,988,0.010202907607850456,0.0,0.0,0.0,0.0
10,random_matched,401.0,12418,30,0.24158479626348847,0.0021462833123053163,0.24937655860349128,52683,52683,1.1312984137462296,0.35121951219512193,0.0005609670490680272,0.24158479626348847,0.24937655860349128
10,random,402.0,12418,0,0.0,0.0,0.0,59,59,0.001510377685561303,0.00975609756097561,3.1051780752827645e-08,0.0,0.0
10,random_matched,402.0,12418,31,0.24963762280560478,0.0021464398533010643,0.2640457679331084,62606,62606,1.145580584875007,0.37073170731707317,0.0005651932401177257,0.24963762280560478,0.2640457679331084
10,random,403.0,12418,0,0.0,0.0,0.0,26,26,9.71342318651879e-05,0.0,0.0,0.0,0.0
10,random_matched,403.0,12418,31,0.24963762280560478,0.0021464398533010643,0.2640457679331084,62606,62606,1.145580584875007,0.37073170731707317,0.0005651932401177257,0.24963762280560478,0.2640457679331084
10,random,404.0,12418,0,0.0,0.0,0.0,522,522,0.00038341457515689276,0.0,0.0,0.0,0.0
10,random_matched,404.0,12418,31,0.24963762280560478,0.0021464398533010643,0.2640457679331084,51961,51961,1.0224874505198993,0.37073170731707317,0.0005651932401177257,0.24963762280560478,0.2640457679331084
10,random,405.0,12418,0,0.0,0.0,0.0,21,21,1.9546488642088173e-05,0.0,0.0,0.0,0.0
10,random_matched,405.0,12418,31,0.24963762280560478,0.0021464398533010643,0.2640457679331084,62606,62606,1.145580584875007,0.37073170731707317,0.0005651932401177257,0.24963762280560478,0.2640457679331084
10,random,406.0,12418,0,0.0,0.0,0.0,32,32,0.0005252845536548651,0.0,0.0,0.0,0.0
10,random_matched,406.0,12418,31,0.24963762280560478,0.0021464398533010643,0.2640457679331084,62606,62606,1.145580584875007,0.37073170731707317,0.0005651932401177257,0.24963762280560478,0.2640457679331084
10,random,407.0,12418,0,0.0,0.0,0.0,115,115,0.00017544626685159838,0.0,0.0,0.0,0.0
10,random_matched,407.0,12418,31,0.24963762280560478,0.0021464398533010643,0.2640457679331084,62606,62606,1.145580584875007,0.37073170731707317,0.0005651932401177257,0.24963762280560478,0.2640457679331084
10,random,408.0,12418,0,0.0,0.0,0.0,444,444,0.001025173292038386,0.0,7.507140553743774e-08,0.0,0.0
10,random_matched,408.0,12418,31,0.24963762280560478,0.0021464398533010643,0.2640457679331084,62606,62606,1.145580584875007,0.37073170731707317,0.0005651932401177257,0.24963762280560478,0.2640457679331084
10,random,409.0,12418,0,0.0,0.0,0.0,23,23,0.0015445951062535636,0.0,0.0,0.0,0.0
10,random_matched,409.0,12418,26,0.20937349009502335,0.002146360056070462,0.220038139944257,52130,52130,0.7380750033758122,0.33170731707317075,0.0005651924421454197,0.20937349009502335,0.220038139944257
10,random,410.0,12418,0,0.0,0.0,0.0,1472,1472,0.002655427970832835,0.0,0.0,0.0,0.0
10,random_matched,410.0,12418,28,0.2254791431792559,0.0021464180719141398,0.220038139944257,51683,51683,1.027369245409947,0.32195121951219513,0.000538144476256573,0.2254791431792559,0.220038139944257
10,random,411.0,12418,0,0.0,0.0,0.0,81,81,8.28428823502322e-05,0.0,0.0,0.0,0.0
10,random_matched,411.0,12418,31,0.24963762280560478,0.0021464398533010643,0.2640457679331084,62606,62606,1.145580584875007,0.37073170731707317,0.0005651932401177257,0.24963762280560478,0.2640457679331084
10,random,412.0,12418,0,0.0,0.0,0.0,174,174,0.0059210060294838645,0.0,0.0,0.0,0.0
10,random_matched,412.0,12418,31,0.24963762280560478,0.0021464398533010643,0.2640457679331084,62606,62606,1.145580584875007,0.37073170731707317,0.0005651932401177257,0.24963762280560478,0.2640457679331084
10,random,413.0,12418,0,0.0,0.0,0.0,47,47,0.001857392575768701,0.0,0.0,0.0,0.0
10,random_matched,413.0,12418,31,0.24963762280560478,0.0021464398533010643,0.2640457679331084,62606,62606,1.145580584875007,0.37073170731707317,0.0005651932401177257,0.24963762280560478,0.2640457679331084
10,random,414.0,12418,0,0.0,0.0,0.0,56,56,0.001278805513458337,0.00975609756097561,2.890613965700944e-10,0.0,0.0
10,random_matched,414.0,12418,31,0.24963762280560478,0.0021464398533010643,0.2640457679331084,62606,62606,1.145580584875007,0.37073170731707317,0.0005651932401177257,0.24963762280560478,0.2640457679331084
10,random,415.0,12418,0,0.0,0.0,0.0,66,66,8.776672505970215e-05,0.0,0.0,0.0,0.0
10,random_matched,415.0,12418,26,0.20937349009502335,0.002146360056070462,0.220038139944257,52130,52130,0.7380750033758122,0.33170731707317075,0.0005651924421454197,0.20937349009502335,0.220038139944257
10,random,416.0,12418,0,0.0,0.0,0.0,73,73,0.0005835162701440065,0.0,0.0,0.0,0.0
10,random_matched,416.0,12418,31,0.24963762280560478,0.0021464398533010643,0.2640457679331084,62606,62606,1.145580584875007,0.37073170731707317,0.0005651932401177257,0.24963762280560478,0.2640457679331084
10,random,417.0,12418,0,0.0,0.0,0.0,37,37,8.556300030577703e-05,0.0,0.0,0.0,0.0
10,random_matched,417.0,12418,24,0.19326783701079078,0.0021458305851602658,0.220038139944257,51064,51064,0.8849681531509063,0.32195121951219513,0.00018525906850673166,0.19326783701079078,0.220038139944257
10,random,418.0,12418,0,0.0,0.0,0.0,182,182,0.009645512786022149,0.0,0.0,0.0,0.0
10,random_matched,418.0,12418,31,0.24963762280560478,0.0021464398533010643,0.2640457679331084,62606,62606,1.145580584875007,0.37073170731707317,0.0005651932401177257,0.24963762280560478,0.2640457679331084
10,random,419.0,12418,0,0.0,0.0,0.0,30,30,7.069221738017272e-05,0.0,0.0,0.0,0.0
10,random_matched,419.0,12418,31,0.24963762280560478,0.0021464398533010643,0.2640457679331084,62606,62606,1.145580584875007,0.37073170731707317,0.0005651932401177257,0.24963762280560478,0.2640457679331084
10,random,420.0,12418,0,0.0,0.0,0.0,36,36,0.003598120526402644,0.0,0.0,0.0,0.0
10,random_matched,420.0,12418,31,0.24963762280560478,0.0021464398533010643,0.2640457679331084,62606,62606,1.145580584875007,0.37073170731707317,0.0005651932401177257,0.24963762280560478,0.2640457679331084
10,random,421.0,12418,0,0.0,0.0,0.0,47,47,0.00023197053257278686,0.0,0.0,0.0,0.0
10,random_matched,421.0,12418,28,0.2254791431792559,0.0021464180719141398,0.220038139944257,51683,51683,1.027369245409947,0.32195121951219513,0.000538144476256573,0.2254791431792559,0.220038139944257
10,random,422.0,12418,0,0.0,0.0,0.0,44,44,0.002774946842027454,0.0,0.0,0.0,0.0
10,random_matched,422.0,12418,31,0.24963762280560478,0.0021464398533010643,0.2640457679331084,62606,62606,1.145580584875007,0.37073170731707317,0.0005651932401177257,0.24963762280560478,0.2640457679331084
10,random,423.0,12418,0,0.0,0.0,0.0,158,158,0.00029205589946358656,0.0,0.0,0.0,0.0
10,random_matched,423.0,12418,26,0.20937349009502335,0.002146360056070462,0.220038139944257,52130,52130,0.7380750033758122,0.33170731707317075,0.0005651924421454197,0.20937349009502335,0.220038139944257
10,random,424.0,12418,0,0.0,0.0,0.0,165,165,0.0006074044855228297,0.0,0.0,0.0,0.0
10,random_matched,424.0,12418,31,0.24963762280560478,0.0021464398533010643,0.2640457679331084,62606,62606,1.145580584875007,0.37073170731707317,0.0005651932401177257,0.24963762280560478,0.2640457679331084
10,random,425.0,12418,0,0.0,0.0,0.0,35,35,6.437746622893748e-05,0.0,0.0,0.0,0.0
10,random_matched,425.0,12418,31,0.24963762280560478,0.0021464398533010643,0.2640457679331084,51961,51961,1.0224874505198993,0.37073170731707317,0.0005651932401177257,0.24963762280560478,0.2640457679331084
10,random,426.0,12418,0,0.0,0.0,0.0,111,111,0.0018433359504362997,0.0,1.0088739347865083e-10,0.0,0.0
10,random_matched,426.0,12418,31,0.24963762280560478,0.0021464398533010643,0.2640457679331084,62606,62606,1.145580584875007,0.37073170731707317,0.0005651932401177257,0.24963762280560478,0.2640457679331084
10,random,427.0,12418,0,0.0,0.0,0.0,170,170,0.001055851072057726,0.0,0.0,0.0,0.0
10,random_matched,427.0,12418,31,0.24963762280560478,0.0021464398533010643,0.2640457679331084,51961,51961,1.0224874505198993,0.37073170731707317,0.0005651932401177257,0.24963762280560478,0.2640457679331084
10,random,428.0,12418,0,0.0,0.0,0.0,46,46,1.995557936025443e-05,0.0,0.0,0.0,0.0
10,random_matched,428.0,12418,31,0.24963762280560478,0.0021464398533010643,0.2640457679331084,62606,62606,1.145580584875007,0.37073170731707317,0.0005651932401177257,0.24963762280560478,0.2640457679331084
10,random,429.0,12418,0,0.0,0.0,0.0,33,33,0.0012440998664663635,0.0,0.0,0.0,0.0
10,random_matched,429.0,12418,31,0.24963762280560478,0.0021464398533010643,0.2640457679331084,62606,62606,1.145580584875007,0.37073170731707317,0.0005651932401177257,0.24963762280560478,0.2640457679331084
10,random,430.0,12418,0,0.0,0.0,0.0,25,25,0.0001091118715806787,0.0,0.0,0.0,0.0
10,random_matched,430.0,12418,31,0.24963762280560478,0.0021464398533010643,0.2640457679331084,62606,62606,1.145580584875007,0.37073170731707317,0.0005651932401177257,0.24963762280560478,0.2640457679331084
10,random,431.0,12418,0,0.0,0.0,0.0,50,50,0.00013624464580292542,0.0,0.0,0.0,0.0
10,random_matched,431.0,12418,31,0.24963762280560478,0.0021464398533010643,0.2640457679331084,62606,62606,1.145580584875007,0.37073170731707317,0.0005651932401177257,0.24963762280560478,0.2640457679331084
10,random,432.0,12418,0,0.0,0.0,0.0,851,851,0.009303081053139256,0.0,0.0,0.0,0.0
10,random_matched,432.0,12418,31,0.24963762280560478,0.0021464398533010643,0.2640457679331084,62606,62606,1.145580584875007,0.37073170731707317,0.0005651932401177257,0.24963762280560478,0.2640457679331084
10,random,433.0,12418,0,0.0,0.0,0.0,40,40,0.0001522300332754024,0.0,0.0,0.0,0.0
10,random_matched,433.0,12418,31,0.24963762280560478,0.0021464398533010643,0.2640457679331084,62606,62606,1.145580584875007,0.37073170731707317,0.0005651932401177257,0.24963762280560478,0.2640457679331084
10,random,434.0,12418,0,0.0,0.0,0.0,180,180,0.0001850216722187752,0.0,0.0,0.0,0.0
10,random_matched,434.0,12418,31,0.24963762280560478,0.0021464398533010643,0.2640457679331084,62606,62606,1.145580584875007,0.37073170731707317,0.0005651932401177257,0.24963762280560478,0.2640457679331084
10,random,435.0,12418,0,0.0,0.0,0.0,29,29,0.0011661607076099538,0.0,1.6548335681024254e-06,0.0,0.0
10,random_matched,435.0,12418,31,0.24963762280560478,0.0021464398533010643,0.2640457679331084,62606,62606,1.145580584875007,0.37073170731707317,0.0005651932401177257,0.24963762280560478,0.2640457679331084
10,random,436.0,12418,0,0.0,0.0,0.0,53,53,0.00020769066312935862,0.0,0.0,0.0,0.0
10,random_matched,436.0,12418,31,0.24963762280560478,0.0021464398533010643,0.2640457679331084,62606,62606,1.145580584875007,0.37073170731707317,0.0005651932401177257,0.24963762280560478,0.2640457679331084
10,random,437.0,12418,0,0.0,0.0,0.0,46,46,0.0009978285954113189,0.0,0.0,0.0,0.0
10,random_matched,437.0,12418,31,0.24963762280560478,0.0021464398533010643,0.2640457679331084,62606,62606,1.145580584875007,0.37073170731707317,0.0005651932401177257,0.24963762280560478,0.2640457679331084
10,random,438.0,12418,0,0.0,0.0,0.0,28,28,2.948269860987718e-05,0.0,0.0,0.0,0.0
10,random_matched,438.0,12418,31,0.24963762280560478,0.0021464398533010643,0.2640457679331084,62606,62606,1.145580584875007,0.37073170731707317,0.0005651932401177257,0.24963762280560478,0.2640457679331084
10,random,439.0,12418,0,0.0,0.0,0.0,594,594,0.021017911502312744,0.0,0.0,0.0,0.0
10,random_matched,439.0,12418,31,0.24963762280560478,0.0021464398533010643,0.2640457679331084,62606,62606,1.145580584875007,0.37073170731707317,0.0005651932401177257,0.24963762280560478,0.2640457679331084
10,random,440.0,12418,0,0.0,0.0,0.0,33,33,0.00015550678286386198,0.0,0.0,0.0,0.0
10,random_matched,440.0,12418,28,0.2254791431792559,0.0021464180719141398,0.220038139944257,51683,51683,1.027369245409947,0.32195121951219513,0.000538144476256573,0.2254791431792559,0.220038139944257
10,random,441.0,12418,0,0.0,0.0,0.0,55,55,0.0001264103731944172,0.0,0.0,0.0,0.0
10,random_matched,441.0,12418,31,0.24963762280560478,0.0021464398533010643,0.2640457679331084,62606,62606,1.145580584875007,0.37073170731707317,0.0005651932401177257,0.24963762280560478,0.2640457679331084
10,random,442.0,12418,0,0.0,0.0,0.0,90,90,0.0026971512002426637,0.0,0.0,0.0,0.0
10,random_matched,442.0,12418,31,0.24963762280560478,0.0021464398533010643,0.2640457679331084,62606,62606,1.145580584875007,0.37073170731707317,0.0005651932401177257,0.24963762280560478,0.2640457679331084
10,random,443.0,12418,0,0.0,0.0,0.0,148,148,0.0009378786979058791,0.0,0.0,0.0,0.0
10,random_matched,443.0,12418,31,0.24963762280560478,0.0021464398533010643,0.2640457679331084,62606,62606,1.145580584875007,0.37073170731707317,0.0005651932401177257,0.24963762280560478,0.2640457679331084
10,random,444.0,12418,0,0.0,0.0,0.0,24,24,2.3385234987635166e-05,0.0,0.0,0.0,0.0
10,random_matched,444.0,12418,31,0.24963762280560478,0.0021464398533010643,0.2640457679331084,62606,62606,1.145580584875007,0.37073170731707317,0.0005651932401177257,0.24963762280560478,0.2640457679331084
10,random,445.0,12418,7,0.05636978579481398,2.9537189184732883e-07,0.044007627988851404,2500,2500,0.09442052255046733,0.05853658536585366,9.65922250241549e-09,0.05636978579481398,0.044007627988851404
10,random_matched,445.0,12418,28,0.2254791431792559,0.0021464180719141398,0.220038139944257,51683,51683,1.027369245409947,0.32195121951219513,0.000538144476256573,0.2254791431792559,0.220038139944257
10,random,446.0,12418,0,0.0,0.0,0.0,54,54,0.000474094562642356,0.0,0.0,0.0,0.0
10,random_matched,446.0,12418,28,0.2254791431792559,0.0021464180719141398,0.220038139944257,51683,51683,1.027369245409947,0.32195121951219513,0.000538144476256573,0.2254791431792559,0.220038139944257
10,random,447.0,12418,0,0.0,0.0,0.0,29,29,0.000455674750076529,0.0,0.0,0.0,0.0
10,random_matched,447.0,12418,31,0.24963762280560478,0.0021464398533010643,0.2640457679331084,62606,62606,1.145580584875007,0.37073170731707317,0.0005651932401177257,0.24963762280560478,0.2640457679331084
10,random,448.0,12418,0,0.0,0.0,0.0,47,47,0.0009618326360558174,0.03902439024390244,6.720085523650374e-06,0.0,0.0
10,random_matched,448.0,12418,31,0.24963762280560478,0.0021464398533010643,0.2640457679331084,62606,62606,1.145580584875007,0.37073170731707317,0.0005651932401177257,0.24963762280560478,0.2640457679331084
10,random,449.0,12418,0,0.0,0.0,0.0,469,469,0.0012066432520548521,0.0,0.0,0.0,0.0
10,random_matched,449.0,12418,31,0.24963762280560478,0.0021464398533010643,0.2640457679331084,62606,62606,1.145580584875007,0.37073170731707317,0.0005651932401177257,0.24963762280560478,0.2640457679331084
10,random,450.0,12418,0,0.0,0.0,0.0,52,52,0.0016956381058057621,0.0,0.0,0.0,0.0
10,random_matched,450.0,12418,24,0.19326783701079078,0.0021458305851602658,0.220038139944257,51064,51064,0.8849681531509063,0.32195121951219513,0.00018525906850673166,0.19326783701079078,0.220038139944257
10,random,451.0,12418,0,0.0,0.0,0.0,31,31,0.00026823072429379226,0.0,1.3375161786571109e-08,0.0,0.0
10,random_matched,451.0,12418,26,0.20937349009502335,0.002146360056070462,0.220038139944257,52130,52130,0.7380750033758122,0.33170731707317075,0.0005651924421454197,0.20937349009502335,0.220038139944257
10,random,452.0,12418,0,0.0,0.0,0.0,77,77,0.0003231628894167403,0.0,0.0,0.0,0.0
10,random_matched,452.0,12418,16,0.12884522467386053,8.67387754074065e-07,0.14669209329617133,53518,53518,0.923705627918434,0.15609756097560976,0.0004112099244941513,0.12884522467386053,0.14669209329617133
10,random,453.0,12418,0,0.0,0.0,0.0,83,83,7.278729836960124e-05,0.0,0.0,0.0,0.0
10,random_matched,453.0,12418,31,0.24963762280560478,0.0021464398533010643,0.2640457679331084,62606,62606,1.145580584875007,0.37073170731707317,0.0005651932401177257,0.24963762280560478,0.2640457679331084
10,random,454.0,12418,0,0.0,0.0,0.0,614,614,0.0062391283847403785,0.0,0.0,0.0,0.0
10,random_matched,454.0,12418,31,0.24963762280560478,0.0021464398533010643,0.2640457679331084,62606,62606,1.145580584875007,0.37073170731707317,0.0005651932401177257,0.24963762280560478,0.2640457679331084
10,random,455.0,12418,0,0.0,0.0,0.0,116,116,0.00017033598607712807,0.0,0.0,0.0,0.0
10,random_matched,455.0,12418,31,0.24963762280560478,0.0021464398533010643,0.2640457679331084,62606,62606,1.145580584875007,0.37073170731707317,0.0005651932401177257,0.24963762280560478,0.2640457679331084
10,random,456.0,12418,0,0.0,0.0,0.0,679,679,2.945001928980836,0.00975609756097561,0.004507020088465238,0.0,0.0
10,random_matched,456.0,12418,31,0.24963762280560478,0.0021464398533010643,0.2640457679331084,62606,62606,1.145580584875007,0.37073170731707317,0.0005651932401177257,0.24963762280560478,0.2640457679331084
10,random,457.0,12418,0,0.0,0.0,0.0,108,108,0.00029156096675865756,0.0,0.0,0.0,0.0
10,random_matched,457.0,12418,31,0.24963762280560478,0.0021464398533010643,0.2640457679331084,62606,62606,1.145580584875007,0.37073170731707317,0.0005651932401177257,0.24963762280560478,0.2640457679331084
10,random,458.0,12418,0,0.0,0.0,0.0,257,257,0.0009370310082865968,0.0,0.0,0.0,0.0
10,random_matched,458.0,12418,31,0.24963762280560478,0.0021464398533010643,0.2640457679331084,62606,62606,1.145580584875007,0.37073170731707317,0.0005651932401177257,0.24963762280560478,0.2640457679331084
10,random,459.0,12418,0,0.0,0.0,0.0,319,319,0.001330800273096747,0.0,0.0,0.0,0.0
10,random_matched,459.0,12418,28,0.2254791431792559,0.0021464180719141398,0.220038139944257,51683,51683,1.027369245409947,0.32195121951219513,0.000538144476256573,0.2254791431792559,0.220038139944257
10,random,460.0,12418,0,0.0,0.0,0.0,55,55,0.00045798443603286437,0.0,0.0,0.0,0.0
10,random_matched,460.0,12418,26,0.20937349009502335,0.002146360056070462,0.220038139944257,52130,52130,0.7380750033758122,0.33170731707317075,0.0005651924421454197,0.20937349009502335,0.220038139944257
10,random,461.0,12418,0,0.0,0.0,0.0,231,231,0.003589895791045937,0.0,0.0,0.0,0.0
10,random_matched,461.0,12418,31,0.24963762280560478,0.0021464398533010643,0.2640457679331084,51961,51961,1.0224874505198993,0.37073170731707317,0.0005651932401177257,0.24963762280560478,0.2640457679331084
10,random,462.0,12418,0,0.0,0.0,0.0,49,49,0.0004467377944859002,0.0,0.0,0.0,0.0
10,random_matched,462.0,12418,31,0.24963762280560478,0.0021464398533010643,0.2640457679331084,62606,62606,1.145580584875007,0.37073170731707317,0.0005651932401177257,0.24963762280560478,0.2640457679331084
10,random,463.0,12418,1,0.008052826542116283,9.343604297582629e-08,0.014669209329617133,1198,1198,0.0052616067843226245,0.00975609756097561,9.343604297582628e-10,0.008052826542116283,0.014669209329617133
10,random_matched,463.0,12418,26,0.20937349009502335,0.002146360056070462,0.220038139944257,52130,52130,0.7380750033758122,0.33170731707317075,0.0005651924421454197,0.20937349009502335,0.220038139944257
10,random,464.0,12418,0,0.0,0.0,0.0,397,397,0.001137040154881732,0.0,0.0,0.0,0.0
10,random_matched,464.0,12418,31,0.24963762280560478,0.0021464398533010643,0.2640457679331084,62606,62606,1.145580584875007,0.37073170731707317,0.0005651932401177257,0.24963762280560478,0.2640457679331084
10,random,465.0,12418,0,0.0,0.0,0.0,24,24,0.002297448108097538,0.0,0.0,0.0,0.0
10,random_matched,465.0,12418,16,0.12884522467386053,8.67387754074065e-07,0.14669209329617133,53518,53518,0.923705627918434,0.15609756097560976,0.0004112099244941513,0.12884522467386053,0.14669209329617133
10,random,466.0,12418,0,0.0,0.0,0.0,31,31,0.001440122725801203,0.0,0.0,0.0,0.0
10,random_matched,466.0,12418,31,0.24963762280560478,0.0021464398533010643,0.2640457679331084,62606,62606,1.145580584875007,0.37073170731707317,0.0005651932401177257,0.24963762280560478,0.2640457679331084
10,random,467.0,12418,0,0.0,0.0,0.0,27,27,6.444721284318222e-05,0.0,0.0,0.0,0.0
10,random_matched,467.0,12418,31,0.24963762280560478,0.0021464398533010643,0.2640457679331084,62606,62606,1.145580584875007,0.37073170731707317,0.0005651932401177257,0.24963762280560478,0.2640457679331084
10,random,468.0,12418,2,0.016105653084232566,0.0,0.0,34,34,0.0009780742082075395,0.0,2.2410381543967294e-09,0.016105653084232566,0.0
10,random_matched,468.0,12418,31,0.24963762280560478,0.0021464398533010643,0.2640457679331084,62606,62606,1.145580584875007,0.37073170731707317,0.0005651932401177257,0.24963762280560478,0.2640457679331084
10,random,469.0,12418,0,0.0,0.0,0.0,660,660,0.004051680076274097,0.0,0.0,0.0,0.0
10,random_matched,469.0,12418,31,0.24963762280560478,0.0021464398533010643,0.2640457679331084,62606,62606,1.145580584875007,0.37073170731707317,0.0005651932401177257,0.24963762280560478,0.2640457679331084
10,random,470.0,12418,0,0.0,0.0,0.0,42,42,0.0017232872732296286,0.0,0.0,0.0,0.0
10,random_matched,470.0,12418,24,0.19326783701079078,0.0021458305851602658,0.220038139944257,51064,51064,0.8849681531509063,0.32195121951219513,0.00018525906850673166,0.19326783701079078,0.220038139944257
10,random,471.0,12418,0,0.0,0.0,0.0,27,27,5.1730527272905826e-05,0.0,0.0,0.0,0.0
10,random_matched,471.0,12418,31,0.24963762280560478,0.0021464398533010643,0.2640457679331084,62606,62606,1.145580584875007,0.37073170731707317,0.0005651932401177257,0.24963762280560478,0.2640457679331084
10,random,472.0,12418,0,0.0,0.0,0.0,208,208,0.011454388543897374,0.0,5.3356737322893105e-06,0.0,0.0
10,random_matched,472.0,12418,30,0.24158479626348847,0.0021462833123053163,0.24937655860349128,52683,52683,1.1312984137462296,0.35121951219512193,0.0005609670490680272,0.24158479626348847,0.24937655860349128
10,random,473.0,12418,0,0.0,0.0,0.0,33,33,0.0014636930575727956,0.0,0.0,0.0,0.0
10,random_matched,473.0,12418,31,0.24963762280560478,0.0021464398533010643,0.2640457679331084,62606,62606,1.145580584875007,0.37073170731707317,0.0005651932401177257,0.24963762280560478,0.2640457679331084
10,random,474.0,12418,0,0.0,0.0,0.0,33,33,7.074184477876995e-05,0.0,0.0,0.0,0.0
10,random_matched,474.0,12418,31,0.24963762280560478,0.0021464398533010643,0.2640457679331084,62606,62606,1.145580584875007,0.37073170731707317,0.0005651932401177257,0.24963762280560478,0.2640457679331084
10,random,475.0,12418,0,0.0,0.0,0.0,796,796,0.0029614774554197936,0.0,0.0,0.0,0.0
10,random_matched,475.0,12418,31,0.24963762280560478,0.0021464398533010643,0.2640457679331084,62606,62606,1.145580584875007,0.37073170731707317,0.0005651932401177257,0.24963762280560478,0.2640457679331084
10,random,476.0,12418,0,0.0,0.0,0.0,357,357,0.00029719971226413607,0.0,0.0,0.0,0.0
10,random_matched,476.0,12418,31,0.24963762280560478,0.0021464398533010643,0.2640457679331084,62606,62606,1.145580584875007,0.37073170731707317,0.0005651932401177257,0.24963762280560478,0.2640457679331084
10,random,477.0,12418,0,0.0,0.0,0.0,35,35,0.00017717920195937153,0.0,0.0,0.0,0.0
10,random_matched,477.0,12418,31,0.24963762280560478,0.0021464398533010643,0.2640457679331084,62606,62606,1.145580584875007,0.37073170731707317,0.0005651932401177257,0.24963762280560478,0.2640457679331084
10,random,478.0,12418,0,0.0,0.0,0.0,44,44,0.0008833395281285793,0.0,0.0,0.0,0.0
10,random_matched,478.0,12418,31,0.24963762280560478,0.0021464398533010643,0.2640457679331084,62606,62606,1.145580584875007,0.37073170731707317,0.0005651932401177257,0.24963762280560478,0.2640457679331084
10,random,479.0,12418,0,0.0,0.0,0.0,33,33,0.0003030289196777445,0.0,1.8132414854326734e-07,0.0,0.0
10,random_matched,479.0,12418,31,0.24963762280560478,0.0021464398533010643,0.2640457679331084,62606,62606,1.145580584875007,0.37073170731707317,0.0005651932401177257,0.24963762280560478,0.2640457679331084
10,random,480.0,12418,0,0.0,0.0,0.0,32,32,0.00020277084426301815,0.0,0.0,0.0,0.0
10,random_matched,480.0,12418,31,0.24963762280560478,0.0021464398533010643,0.2640457679331084,62606,62606,1.145580584875007,0.37073170731707317,0.0005651932401177257,0.24963762280560478,0.2640457679331084
10,random,481.0,12418,0,0.0,0.0,0.0,1301,1301,0.0029168798607344558,0.0,0.0,0.0,0.0
10,random_matched,481.0,12418,16,0.12884522467386053,8.67387754074065e-07,0.14669209329617133,53518,53518,0.923705627918434,0.15609756097560976,0.0004112099244941513,0.12884522467386053,0.14669209329617133
10,random,482.0,12418,0,0.0,0.0,0.0,44,44,0.012366133721958166,0.0,0.0,0.0,0.0
10,random_matched,482.0,12418,24,0.19326783701079078,0.0021458305851602658,0.220038139944257,51064,51064,0.8849681531509063,0.32195121951219513,0.00018525906850673166,0.19326783701079078,0.220038139944257
10,random,483.0,12418,0,0.0,0.0,0.0,73,73,0.0022130023949007197,0.0,0.0,0.0,0.0
10,random_matched,483.0,12418,31,0.24963762280560478,0.0021464398533010643,0.2640457679331084,62606,62606,1.145580584875007,0.37073170731707317,0.0005651932401177257,0.24963762280560478,0.2640457679331084
10,random,484.0,12418,0,0.0,0.0,0.0,201,201,0.01981144395807455,0.0,1.3980082120118296e-07,0.0,0.0
10,random_matched,484.0,12418,28,0.2254791431792559,0.0021464180719141398,0.220038139944257,51683,51683,1.027369245409947,0.32195121951219513,0.000538144476256573,0.2254791431792559,0.220038139944257
10,random,485.0,12418,0,0.0,0.0,0.0,40,40,9.397551500852711e-05,0.0,0.0,0.0,0.0
10,random_matched,485.0,12418,31,0.24963762280560478,0.0021464398533010643,0.2640457679331084,62606,62606,1.145580584875007,0.37073170731707317,0.0005651932401177257,0.24963762280560478,0.2640457679331084
10,random,486.0,12418,0,0.0,0.0,0.0,66,66,0.0004842735444789584,0.0,1.4188273108014054e-08,0.0,0.0
10,random_matched,486.0,12418,31,0.24963762280560478,0.0021464398533010643,0.2640457679331084,62606,62606,1.145580584875007,0.37073170731707317,0.0005651932401177257,0.24963762280560478,0.2640457679331084
10,random,487.0,12418,2,0.016105653084232566,2.9496476311976533e-07,0.029338418659234266,1547,1547,0.059820213065218925,0.01951219512195122,3.092779326081723e-07,0.016105653084232566,0.029338418659234266
10,random_matched,487.0,12418,24,0.19326783701079078,0.0021458305851602658,0.220038139944257,51064,51064,0.8849681531509063,0.32195121951219513,0.00018525906850673166,0.19326783701079078,0.220038139944257
10,random,488.0,12418,0,0.0,0.0,0.0,34,34,0.00045208548200501123,0.0,0.0,0.0,0.0
10,random_matched,488.0,12418,16,0.12884522467386053,8.67387754074065e-07,0.14669209329617133,53518,53518,0.923705627918434,0.15609756097560976,0.0004112099244941513,0.12884522467386053,0.14669209329617133
10,random,489.0,12418,0,0.0,0.0,0.0,26,26,3.673500521028689e-05,0.0,0.0,0.0,0.0
10,random_matched,489.0,12418,31,0.24963762280560478,0.0021464398533010643,0.2640457679331084,62606,62606,1.145580584875007,0.37073170731707317,0.0005651932401177257,0.24963762280560478,0.2640457679331084
10,random,490.0,12418,0,0.0,0.0,0.0,30,30,9.76506250668076e-05,0.0,0.0,0.0,0.0
10,random_matched,490.0,12418,16,0.12884522467386053,8.67387754074065e-07,0.14669209329617133,53518,53518,0.923705627918434,0.15609756097560976,0.0004112099244941513,0.12884522467386053,0.14669209329617133
10,random,491.0,12418,0,0.0,0.0,0.0,41,41,0.0013225098149689252,0.0,0.0,0.0,0.0
10,random_matched,491.0,12418,31,0.24963762280560478,0.0021464398533010643,0.2640457679331084,62606,62606,1.145580584875007,0.37073170731707317,0.0005651932401177257,0.24963762280560478,0.2640457679331084
10,random,492.0,12418,0,0.0,0.0,0.0,40,40,6.962589895085412e-05,0.00975609756097561,1.6078833973395087e-08,0.0,0.0
10,random_matched,492.0,12418,26,0.20937349009502335,0.002146360056070462,0.220038139944257,52130,52130,0.7380750033758122,0.33170731707317075,0.0005651924421454197,0.20937349009502335,0.220038139944257
10,random,493.0,12418,0,0.0,0.0,0.0,297,297,0.0015065818602091375,0.0,0.0,0.0,0.0
10,random_matched,493.0,12418,31,0.24963762280560478,0.0021464398533010643,0.2640457679331084,62606,62606,1.145580584875007,0.37073170731707317,0.0005651932401177257,0.24963762280560478,0.2640457679331084
10,random,494.0,12418,0,0.0,0.0,0.0,26,26,0.0018732465176989476,0.0,0.0,0.0,0.0
10,random_matched,494.0,12418,28,0.2254791431792559,0.0021464180719141398,0.220038139944257,51683,51683,1.027369245409947,0.32195121951219513,0.000538144476256573,0.2254791431792559,0.220038139944257
10,random,495.0,12418,0,0.0,0.0,0.0,89,89,0.0011539228593720884,0.0,0.0,0.0,0.0
10,random_matched,495.0,12418,31,0.24963762280560478,0.0021464398533010643,0.2640457679331084,62606,62606,1.145580584875007,0.37073170731707317,0.0005651932401177257,0.24963762280560478,0.2640457679331084
10,random,496.0,12418,0,0.0,0.0,0.0,447,447,0.0021757939174821945,0.0,1.5415769828948935e-07,0.0,0.0
10,random_matched,496.0,12418,31,0.24963762280560478,0.0021464398533010643,0.2640457679331084,62606,62606,1.145580584875007,0.37073170731707317,0.0005651932401177257,0.24963762280560478,0.2640457679331084
10,random,497.0,12418,0,0.0,0.0,0.0,490,490,0.0004756008212538337,0.00975609756097561,1.3435248009595938e-10,0.0,0.0
10,random_matched,497.0,12418,31,0.24963762280560478,0.0021464398533010643,0.2640457679331084,62606,62606,1.145580584875007,0.37073170731707317,0.0005651932401177257,0.24963762280560478,0.2640457679331084
10,random,498.0,12418,0,0.0,0.0,0.0,413,413,0.03445282356302269,0.0,0.0,0.0,0.0
10,random_matched,498.0,12418,31,0.24963762280560478,0.0021464398533010643,0.2640457679331084,62606,62606,1.145580584875007,0.37073170731707317,0.0005651932401177257,0.24963762280560478,0.2640457679331084
10,random,499.0,12418,0,0.0,0.0,0.0,149,149,0.022321393904403287,0.0,0.0,0.0,0.0
10,random_matched,499.0,12418,31,0.24963762280560478,0.0021464398533010643,0.2640457679331084,62606,62606,1.145580584875007,0.37073170731707317,0.0005651932401177257,0.24963762280560478,0.2640457679331084
10,random,500.0,12418,0,0.0,0.0,0.0,698,698,0.0034046997522915504,0.0,1.1156893014961661e-10,0.0,0.0
10,random_matched,500.0,12418,31,0.24963762280560478,0.0021464398533010643,0.2640457679331084,62606,62606,1.145580584875007,0.37073170731707317,0.0005651932401177257,0.24963762280560478,0.2640457679331084
10,random,501.0,12418,0,0.0,0.0,0.0,170,170,0.0005146240519237653,0.0,0.0,0.0,0.0
10,random_matched,501.0,12418,31,0.24963762280560478,0.0021464398533010643,0.2640457679331084,62606,62606,1.145580584875007,0.37073170731707317,0.0005651932401177257,0.24963762280560478,0.2640457679331084
10,random,502.0,12418,0,0.0,0.0,0.0,23,23,7.108655400686414e-05,0.0,0.0,0.0,0.0
10,random_matched,502.0,12418,28,0.2254791431792559,0.0021464180719141398,0.220038139944257,51683,51683,1.027369245409947,0.32195121951219513,0.000538144476256573,0.2254791431792559,0.220038139944257
10,random,503.0,12418,0,0.0,0.0,0.0,32,32,0.0001868310603460089,0.0,0.0,0.0,0.0
10,random_matched,503.0,12418,31,0.24963762280560478,0.0021464398533010643,0.2640457679331084,62606,62606,1.145580584875007,0.37073170731707317,0.0005651932401177257,0.24963762280560478,0.2640457679331084
10,random,504.0,12418,0,0.0,0.0,0.0,36,36,0.0010303975817015257,0.0,0.0,0.0,0.0
10,random_matched,504.0,12418,31,0.24963762280560478,0.0021464398533010643,0.2640457679331084,51961,51961,1.0224874505198993,0.37073170731707317,0.0005651932401177257,0.24963762280560478,0.2640457679331084
10,random,505.0,12418,0,0.0,0.0,0.0,188,188,0.16928710966649482,0.0,0.0,0.0,0.0
10,random_matched,505.0,12418,31,0.24963762280560478,0.0021464398533010643,0.2640457679331084,62606,62606,1.145580584875007,0.37073170731707317,0.0005651932401177257,0.24963762280560478,0.2640457679331084
10,random,506.0,12418,0,0.0,0.0,0.0,58,58,0.00030792727804739424,0.0,0.0,0.0,0.0
10,random_matched,506.0,12418,31,0.24963762280560478,0.0021464398533010643,0.2640457679331084,62606,62606,1.145580584875007,0.37073170731707317,0.0005651932401177257,0.24963762280560478,0.2640457679331084
10,random,507.0,12418,0,0.0,0.0,0.0,66,66,0.0014801814254364605,0.0,0.0,0.0,0.0
10,random_matched,507.0,12418,31,0.24963762280560478,0.0021464398533010643,0.2640457679331084,62606,62606,1.145580584875007,0.37073170731707317,0.0005651932401177257,0.24963762280560478,0.2640457679331084
10,random,508.0,12418,0,0.0,0.0,0.0,71,71,0.0002474194076279966,0.0,0.0,0.0,0.0
10,random_matched,508.0,12418,16,0.12884522467386053,8.67387754074065e-07,0.14669209329617133,53518,53518,0.923705627918434,0.15609756097560976,0.0004112099244941513,0.12884522467386053,0.14669209329617133
10,random,509.0,12418,0,0.0,0.0,0.0,27,27,2.988105907969809e-05,0.0,0.0,0.0,0.0
10,random_matched,509.0,12418,16,0.12884522467386053,8.67387754074065e-07,0.14669209329617133,53518,53518,0.923705627918434,0.15609756097560976,0.0004112099244941513,0.12884522467386053,0.14669209329617133
10,random,510.0,12418,0,0.0,0.0,0.0,29,29,5.030340424297501e-05,0.0,0.0,0.0,0.0
10,random_matched,510.0,12418,26,0.20937349009502335,0.002146360056070462,0.220038139944257,52130,52130,0.7380750033758122,0.33170731707317075,0.0005651924421454197,0.20937349009502335,0.220038139944257
10,random,511.0,12418,0,0.0,0.0,0.0,90,90,0.0007255941472036698,0.0,0.0,0.0,0.0
10,random_matched,511.0,12418,31,0.24963762280560478,0.0021464398533010643,0.2640457679331084,62606,62606,1.145580584875007,0.37073170731707317,0.0005651932401177257,0.24963762280560478,0.2640457679331084
10,random,512.0,12418,0,0.0,0.0,0.0,276,276,0.0027453930555222895,0.0,1.113013604522227e-09,0.0,0.0
10,random_matched,512.0,12418,31,0.24963762280560478,0.0021464398533010643,0.2640457679331084,62606,62606,1.145580584875007,0.37073170731707317,0.0005651932401177257,0.24963762280560478,0.2640457679331084
10,random,513.0,12418,0,0.0,0.0,0.0,97,97,0.0008074592356734325,0.0,0.0,0.0,0.0
10,random_matched,513.0,12418,31,0.24963762280560478,0.0021464398533010643,0.2640457679331084,62606,62606,1.145580584875007,0.37073170731707317,0.0005651932401177257,0.24963762280560478,0.2640457679331084
10,random,514.0,12418,0,0.0,0.0,0.0,35,35,0.0033382285463542274,0.0,0.0,0.0,0.0
10,random_matched,514.0,12418,24,0.19326783701079078,0.0021458305851602658,0.220038139944257,51064,51064,0.8849681531509063,0.32195121951219513,0.00018525906850673166,0.19326783701079078,0.220038139944257
10,random,515.0,12418,0,0.0,0.0,0.0,32,32,0.0001899857533595402,0.0,0.0,0.0,0.0
10,random_matched,515.0,12418,16,0.12884522467386053,8.67387754074065e-07,0.14669209329617133,53518,53518,0.923705627918434,0.15609756097560976,0.0004112099244941513,0.12884522467386053,0.14669209329617133
10,random,516.0,12418,0,0.0,0.0,0.0,130,130,0.002616813830881069,0.0,0.0,0.0,0.0
10,random_matched,516.0,12418,31,0.24963762280560478,0.0021464398533010643,0.2640457679331084,62606,62606,1.145580584875007,0.37073170731707317,0.0005651932401177257,0.24963762280560478,0.2640457679331084
10,random,517.0,12418,0,0.0,0.0,0.0,24,24,6.504408290739201e-05,0.0,0.0,0.0,0.0
10,random_matched,517.0,12418,31,0.24963762280560478,0.0021464398533010643,0.2640457679331084,62606,62606,1.145580584875007,0.37073170731707317,0.0005651932401177257,0.24963762280560478,0.2640457679331084
10,random,518.0,12418,0,0.0,0.0,0.0,37,37,0.0001024135140510974,0.0,0.0,0.0,0.0
10,random_matched,518.0,12418,31,0.24963762280560478,0.0021464398533010643,0.2640457679331084,62606,62606,1.145580584875007,0.37073170731707317,0.0005651932401177257,0.24963762280560478,0.2640457679331084
10,random,519.0,12418,0,0.0,0.0,0.0,1514,1514,0.005177487002419296,0.0,0.0,0.0,0.0
10,random_matched,519.0,12418,31,0.24963762280560478,0.0021464398533010643,0.2640457679331084,62606,62606,1.145580584875007,0.37073170731707317,0.0005651932401177257,0.24963762280560478,0.2640457679331084
10,random,520.0,12418,0,0.0,0.0,0.0,140,140,0.008080794440277934,0.0,0.0,0.0,0.0
10,random_matched,520.0,12418,31,0.24963762280560478,0.0021464398533010643,0.2640457679331084,62606,62606,1.145580584875007,0.37073170731707317,0.0005651932401177257,0.24963762280560478,0.2640457679331084
10,random,521.0,12418,0,0.0,0.0,0.0,33,33,0.00019173344255878818,0.0,0.0,0.0,0.0
10,random_matched,521.0,12418,31,0.24963762280560478,0.0021464398533010643,0.2640457679331084,51961,51961,1.0224874505198993,0.37073170731707317,0.0005651932401177257,0.24963762280560478,0.2640457679331084
10,random,522.0,12418,0,0.0,0.0,0.0,29,29,7.877075310317396e-05,0.0,0.0,0.0,0.0
10,random_matched,522.0,12418,31,0.24963762280560478,0.0021464398533010643,0.2640457679331084,51961,51961,1.0224874505198993,0.37073170731707317,0.0005651932401177257,0.24963762280560478,0.2640457679331084
10,random,523.0,12418,0,0.0,0.0,0.0,628,628,0.056511426979043274,0.0,0.0,0.0,0.0
10,random_matched,523.0,12418,28,0.2254791431792559,0.0021464180719141398,0.220038139944257,51683,51683,1.027369245409947,0.32195121951219513,0.000538144476256573,0.2254791431792559,0.220038139944257
10,random,524.0,12418,0,0.0,0.0,0.0,80,80,0.00048304493104341643,0.0,0.0,0.0,0.0
10,random_matched,524.0,12418,31,0.24963762280560478,0.0021464398533010643,0.2640457679331084,62606,62606,1.145580584875007,0.37073170731707317,0.0005651932401177257,0.24963762280560478,0.2640457679331084
10,random,525.0,12418,0,0.0,0.0,0.0,51,51,0.00020128872871031744,0.0,0.0,0.0,0.0
10,random_matched,525.0,12418,31,0.24963762280560478,0.0021464398533010643,0.2640457679331084,62606,62606,1.145580584875007,0.37073170731707317,0.0005651932401177257,0.24963762280560478,0.2640457679331084
10,random,526.0,12418,0,0.0,0.0,0.0,50,50,0.007951342041677611,0.0,0.0,0.0,0.0
10,random_matched,526.0,12418,24,0.19326783701079078,0.0021458305851602658,0.220038139944257,51064,51064,0.8849681531509063,0.32195121951219513,0.00018525906850673166,0.19326783701079078,0.220038139944257
10,random,527.0,12418,0,0.0,0.0,0.0,37,37,0.00026189451264586633,0.0,0.0,0.0,0.0
10,random_matched,527.0,12418,31,0.24963762280560478,0.0021464398533010643,0.2640457679331084,62606,62606,1.145580584875007,0.37073170731707317,0.0005651932401177257,0.24963762280560478,0.2640457679331084
10,random,528.0,12418,0,0.0,0.0,0.0,127,127,0.0054385888179686506,0.0,0.0,0.0,0.0
10,random_matched,528.0,12418,31,0.24963762280560478,0.0021464398533010643,0.2640457679331084,62606,62606,1.145580584875007,0.37073170731707317,0.0005651932401177257,0.24963762280560478,0.2640457679331084
10,random,529.0,12418,0,0.0,0.0,0.0,26,26,0.00010337387127800573,0.0,0.0,0.0,0.0
10,random_matched,529.0,12418,31,0.24963762280560478,0.0021464398533010643,0.2640457679331084,62606,62606,1.145580584875007,0.37073170731707317,0.0005651932401177257,0.24963762280560478,0.2640457679331084
10,random,530.0,12418,0,0.0,0.0,0.0,64,64,0.002245486880485207,0.0,0.0,0.0,0.0
10,random_matched,530.0,12418,31,0.24963762280560478,0.0021464398533010643,0.2640457679331084,62606,62606,1.145580584875007,0.37073170731707317,0.0005651932401177257,0.24963762280560478,0.2640457679331084
10,random,531.0,12418,0,0.0,0.0,0.0,121,121,0.00039901367368893736,0.0,0.0,0.0,0.0
10,random_matched,531.0,12418,31,0.24963762280560478,0.0021464398533010643,0.2640457679331084,62606,62606,1.145580584875007,0.37073170731707317,0.0005651932401177257,0.24963762280560478,0.2640457679331084
10,random,532.0,12418,0,0.0,0.0,0.0,33,33,0.002601224121316327,0.0,1.437079589418933e-07,0.0,0.0
10,random_matched,532.0,12418,31,0.24963762280560478,0.0021464398533010643,0.2640457679331084,51961,51961,1.0224874505198993,0.37073170731707317,0.0005651932401177257,0.24963762280560478,0.2640457679331084
10,random,533.0,12418,0,0.0,0.0,0.0,47,47,0.00011843377483069674,0.0,0.0,0.0,0.0
10,random_matched,533.0,12418,31,0.24963762280560478,0.0021464398533010643,0.2640457679331084,62606,62606,1.145580584875007,0.37073170731707317,0.0005651932401177257,0.24963762280560478,0.2640457679331084
10,random,534.0,12418,0,0.0,0.0,0.0,40,40,0.0408739490312295,0.0,3.0843155556433506e-08,0.0,0.0
10,random_matched,534.0,12418,30,0.24158479626348847,0.0021462833123053163,0.24937655860349128,52683,52683,1.1312984137462296,0.35121951219512193,0.0005609670490680272,0.24158479626348847,0.24937655860349128
10,random,535.0,12418,0,0.0,0.0,0.0,2294,2294,0.009036581922672194,0.0,0.0,0.0,0.0
10,random_matched,535.0,12418,31,0.24963762280560478,0.0021464398533010643,0.2640457679331084,62606,62606,1.145580584875007,0.37073170731707317,0.0005651932401177257,0.24963762280560478,0.2640457679331084
10,random,536.0,12418,0,0.0,0.0,0.0,24,24,0.0004813079720925138,0.0,0.0,0.0,0.0
10,random_matched,536.0,12418,31,0.24963762280560478,0.0021464398533010643,0.2640457679331084,62606,62606,1.145580584875007,0.37073170731707317,0.0005651932401177257,0.24963762280560478,0.2640457679331084
10,random,537.0,12418,0,0.0,0.0,0.0,46,46,0.00015683867493972785,0.0,0.0,0.0,0.0
10,random_matched,537.0,12418,31,0.24963762280560478,0.0021464398533010643,0.2640457679331084,62606,62606,1.145580584875007,0.37073170731707317,0.0005651932401177257,0.24963762280560478,0.2640457679331084
10,random,538.0,12418,0,0.0,0.0,0.0,517,517,0.0006145629024502177,0.0,0.0,0.0,0.0
10,random_matched,538.0,12418,31,0.24963762280560478,0.0021464398533010643,0.2640457679331084,51961,51961,1.0224874505198993,0.37073170731707317,0.0005651932401177257,0.24963762280560478,0.2640457679331084
10,random,539.0,12418,0,0.0,0.0,0.0,66,66,0.0027063698248523576,0.0,1.5685798185590383e-05,0.0,0.0
10,random_matched,539.0,12418,31,0.24963762280560478,0.0021464398533010643,0.2640457679331084,62606,62606,1.145580584875007,0.37073170731707317,0.0005651932401177257,0.24963762280560478,0.2640457679331084
10,random,540.0,12418,0,0.0,0.0,0.0,48,48,0.00012162870627552306,0.0,0.0,0.0,0.0
10,random_matched,540.0,12418,31,0.24963762280560478,0.0021464398533010643,0.2640457679331084,62606,62606,1.145580584875007,0.37073170731707317,0.0005651932401177257,0.24963762280560478,0.2640457679331084
10,random,541.0,12418,0,0.0,0.0,0.0,179,179,0.00035965914660134323,0.0,0.0,0.0,0.0
10,random_matched,541.0,12418,31,0.24963762280560478,0.0021464398533010643,0.2640457679331084,62606,62606,1.145580584875007,0.37073170731707317,0.0005651932401177257,0.24963762280560478,0.2640457679331084
10,random,542.0,12418,0,0.0,0.0,0.0,1113,1113,0.02531202946842051,0.0,0.0,0.0,0.0
10,random_matched,542.0,12418,31,0.24963762280560478,0.0021464398533010643,0.2640457679331084,62606,62606,1.145580584875007,0.37073170731707317,0.0005651932401177257,0.24963762280560478,0.2640457679331084
10,random,543.0,12418,0,0.0,0.0,0.0,26,26,0.00013440574949274202,0.0,0.0,0.0,0.0
10,random_matched,543.0,12418,31,0.24963762280560478,0.0021464398533010643,0.2640457679331084,62606,62606,1.145580584875007,0.37073170731707317,0.0005651932401177257,0.24963762280560478,0.2640457679331084
10,random,544.0,12418,0,0.0,0.0,0.0,40,40,0.0012128024146050799,0.0,0.0,0.0,0.0
10,random_matched,544.0,12418,31,0.24963762280560478,0.0021464398533010643,0.2640457679331084,62606,62606,1.145580584875007,0.37073170731707317,0.0005651932401177257,0.24963762280560478,0.2640457679331084
10,random,545.0,12418,0,0.0,0.0,0.0,75,75,0.0004476216986933479,0.0,0.0,0.0,0.0
10,random_matched,545.0,12418,30,0.24158479626348847,0.0021462833123053163,0.24937655860349128,52683,52683,1.1312984137462296,0.35121951219512193,0.0005609670490680272,0.24158479626348847,0.24937655860349128
10,random,546.0,12418,0,0.0,0.0,0.0,189,189,0.0006767594457029639,0.0,0.0,0.0,0.0
10,random_matched,546.0,12418,31,0.24963762280560478,0.0021464398533010643,0.2640457679331084,62606,62606,1.145580584875007,0.37073170731707317,0.0005651932401177257,0.24963762280560478,0.2640457679331084
10,random,547.0,12418,0,0.0,0.0,0.0,443,443,0.0028305134330838208,0.0,0.0,0.0,0.0
10,random_matched,547.0,12418,31,0.24963762280560478,0.0021464398533010643,0.2640457679331084,62606,62606,1.145580584875007,0.37073170731707317,0.0005651932401177257,0.24963762280560478,0.2640457679331084
10,random,548.0,12418,0,0.0,0.0,0.0,42,42,0.00395948712377194,0.0,1.8730991692150015e-06,0.0,0.0
10,random_matched,548.0,12418,31,0.24963762280560478,0.0021464398533010643,0.2640457679331084,62606,62606,1.145580584875007,0.37073170731707317,0.0005651932401177257,0.24963762280560478,0.2640457679331084
10,random,549.0,12418,0,0.0,0.0,0.0,27,27,0.0002545724594312119,0.0,0.0,0.0,0.0
10,random_matched,549.0,12418,26,0.20937349009502335,0.002146360056070462,0.220038139944257,52130,52130,0.7380750033758122,0.33170731707317075,0.0005651924421454197,0.20937349009502335,0.220038139944257
10,random,550.0,12418,0,0.0,0.0,0.0,27,27,7.413394453694198e-05,0.0,0.0,0.0,0.0
10,random_matched,550.0,12418,16,0.12884522467386053,8.67387754074065e-07,0.14669209329617133,53518,53518,0.923705627918434,0.15609756097560976,0.0004112099244941513,0.12884522467386053,0.14669209329617133
10,random,551.0,12418,0,0.0,0.0,0.0,427,427,0.0012042960102293082,0.0,0.0,0.0,0.0
10,random_matched,551.0,12418,31,0.24963762280560478,0.0021464398533010643,0.2640457679331084,51961,51961,1.0224874505198993,0.37073170731707317,0.0005651932401177257,0.24963762280560478,0.2640457679331084
10,random,552.0,12418,0,0.0,0.0,0.0,43,43,0.00013117594474079333,0.0,0.0,0.0,0.0
10,random_matched,552.0,12418,31,0.24963762280560478,0.0021464398533010643,0.2640457679331084,62606,62606,1.145580584875007,0.37073170731707317,0.0005651932401177257,0.24963762280560478,0.2640457679331084
10,random,553.0,12418,0,0.0,0.0,0.0,42,42,0.00011482975266770414,0.0,0.0,0.0,0.0
10,random_matched,553.0,12418,31,0.24963762280560478,0.0021464398533010643,0.2640457679331084,62606,62606,1.145580584875007,0.37073170731707317,0.0005651932401177257,0.24963762280560478,0.2640457679331084
10,random,554.0,12418,0,0.0,0.0,0.0,61,61,0.00012686775003013752,0.0,0.0,0.0,0.0
10,random_matched,554.0,12418,28,0.2254791431792559,0.0021464180719141398,0.220038139944257,51683,51683,1.027369245409947,0.32195121951219513,0.000538144476256573,0.2254791431792559,0.220038139944257
10,random,555.0,12418,0,0.0,0.0,0.0,35,35,0.022997402232722078,0.0,0.0,0.0,0.0
10,random_matched,555.0,12418,31,0.24963762280560478,0.0021464398533010643,0.2640457679331084,51961,51961,1.0224874505198993,0.37073170731707317,0.0005651932401177257,0.24963762280560478,0.2640457679331084
10,random,556.0,12418,0,0.0,0.0,0.0,43,43,0.0007234159067895649,0.0,0.0,0.0,0.0
10,random_matched,556.0,12418,31,0.24963762280560478,0.0021464398533010643,0.2640457679331084,62606,62606,1.145580584875007,0.37073170731707317,0.0005651932401177257,0.24963762280560478,0.2640457679331084
10,random,557.0,12418,1,0.008052826542116283,8.753267642615535e-08,0.0,177,177,0.17245184082735318,0.01951219512195122,0.0002828307022891062,0.008052826542116283,0.0
10,random_matched,557.0,12418,24,0.19326783701079078,0.0021458305851602658,0.220038139944257,51064,51064,0.8849681531509063,0.32195121951219513,0.00018525906850673166,0.19326783701079078,0.220038139944257
10,random,558.0,12418,0,0.0,0.0,0.0,35,35,5.425884203927763e-05,0.0,0.0,0.0,0.0
10,random_matched,558.0,12418,28,0.2254791431792559,0.0021464180719141398,0.220038139944257,51683,51683,1.027369245409947,0.32195121951219513,0.000538144476256573,0.2254791431792559,0.220038139944257
10,random,559.0,12418,0,0.0,0.0,0.0,25,25,6.976941602247309e-05,0.0,0.0,0.0,0.0
10,random_matched,559.0,12418,31,0.24963762280560478,0.0021464398533010643,0.2640457679331084,62606,62606,1.145580584875007,0.37073170731707317,0.0005651932401177257,0.24963762280560478,0.2640457679331084
10,random,560.0,12418,0,0.0,0.0,0.0,28,28,6.395496270033955e-05,0.0,0.0,0.0,0.0
10,random_matched,560.0,12418,31,0.24963762280560478,0.0021464398533010643,0.2640457679331084,62606,62606,1.145580584875007,0.37073170731707317,0.0005651932401177257,0.24963762280560478,0.2640457679331084
10,random,561.0,12418,0,0.0,0.0,0.0,56,56,0.0003340393373957901,0.0,0.0,0.0,0.0
10,random_matched,561.0,12418,31,0.24963762280560478,0.0021464398533010643,0.2640457679331084,62606,62606,1.145580584875007,0.37073170731707317,0.0005651932401177257,0.24963762280560478,0.2640457679331084
10,random,562.0,12418,0,0.0,0.0,0.0,39,39,0.0032817163521624273,0.0,0.0,0.0,0.0
10,random_matched,562.0,12418,31,0.24963762280560478,0.0021464398533010643,0.2640457679331084,62606,62606,1.145580584875007,0.37073170731707317,0.0005651932401177257,0.24963762280560478,0.2640457679331084
10,random,563.0,12418,0,0.0,0.0,0.0,53,53,0.015250462033055976,0.0,7.002584015728233e-07,0.0,0.0
10,random_matched,563.0,12418,31,0.24963762280560478,0.0021464398533010643,0.2640457679331084,62606,62606,1.145580584875007,0.37073170731707317,0.0005651932401177257,0.24963762280560478,0.2640457679331084
10,random,564.0,12418,0,0.0,0.0,0.0,38,38,0.0032681828264368618,0.0,5.531516312254145e-06,0.0,0.0
10,random_matched,564.0,12418,31,0.24963762280560478,0.0021464398533010643,0.2640457679331084,62606,62606,1.145580584875007,0.37073170731707317,0.0005651932401177257,0.24963762280560478,0.2640457679331084
10,random,565.0,12418,0,0.0,0.0,0.0,21,21,1.660774187650695e-05,0.0,0.0,0.0,0.0
10,random_matched,565.0,12418,31,0.24963762280560478,0.0021464398533010643,0.2640457679331084,62606,62606,1.145580584875007,0.37073170731707317,0.0005651932401177257,0.24963762280560478,0.2640457679331084
10,random,566.0,12418,0,0.0,0.0,0.0,830,830,0.006735511014477058,0.0,0.0,0.0,0.0
10,random_matched,566.0,12418,31,0.24963762280560478,0.0021464398533010643,0.2640457679331084,62606,62606,1.145580584875007,0.37073170731707317,0.0005651932401177257,0.24963762280560478,0.2640457679331084
10,random,567.0,12418,0,0.0,0.0,0.0,41,41,0.006530143450114467,0.00975609756097561,8.34447913826577e-06,0.0,0.0
10,random_matched,567.0,12418,24,0.19326783701079078,0.0021458305851602658,0.220038139944257,51064,51064,0.8849681531509063,0.32195121951219513,0.00018525906850673166,0.19326783701079078,0.220038139944257
10,random,568.0,12418,0,0.0,0.0,0.0,522,522,0.0009000411596781081,0.0,5.785396418578374e-08,0.0,0.0
10,random_matched,568.0,12418,31,0.24963762280560478,0.0021464398533010643,0.2640457679331084,62606,62606,1.145580584875007,0.37073170731707317,0.0005651932401177257,0.24963762280560478,0.2640457679331084
10,random,569.0,12418,0,0.0,0.0,0.0,47,47,0.0002717019596335112,0.0,0.0,0.0,0.0
10,random_matched,569.0,12418,31,0.24963762280560478,0.0021464398533010643,0.2640457679331084,62606,62606,1.145580584875007,0.37073170731707317,0.0005651932401177257,0.24963762280560478,0.2640457679331084
10,random,570.0,12418,0,0.0,0.0,0.0,29,29,6.764482685009488e-05,0.0,0.0,0.0,0.0
10,random_matched,570.0,12418,31,0.24963762280560478,0.0021464398533010643,0.2640457679331084,62606,62606,1.145580584875007,0.37073170731707317,0.0005651932401177257,0.24963762280560478,0.2640457679331084
10,random,571.0,12418,0,0.0,0.0,0.0,237,237,0.0015498006179820987,0.0,0.0,0.0,0.0
10,random_matched,571.0,12418,31,0.24963762280560478,0.0021464398533010643,0.2640457679331084,62606,62606,1.145580584875007,0.37073170731707317,0.0005651932401177257,0.24963762280560478,0.2640457679331084
10,random,572.0,12418,0,0.0,0.0,0.0,212,212,0.0008702834984543814,0.0,0.0,0.0,0.0
10,random_matched,572.0,12418,26,0.20937349009502335,0.002146360056070462,0.220038139944257,52130,52130,0.7380750033758122,0.33170731707317075,0.0005651924421454197,0.20937349009502335,0.220038139944257
10,random,573.0,12418,0,0.0,0.0,0.0,67,67,0.0006451682532932265,0.0,0.0,0.0,0.0
10,random_matched,573.0,12418,31,0.24963762280560478,0.0021464398533010643,0.2640457679331084,62606,62606,1.145580584875007,0.37073170731707317,0.0005651932401177257,0.24963762280560478,0.2640457679331084
10,random,574.0,12418,0,0.0,0.0,0.0,48,48,0.00033372816019377506,0.0,0.0,0.0,0.0
10,random_matched,574.0,12418,31,0.24963762280560478,0.0021464398533010643,0.2640457679331084,62606,62606,1.145580584875007,0.37073170731707317,0.0005651932401177257,0.24963762280560478,0.2640457679331084
10,random,575.0,12418,0,0.0,0.0,0.0,28,28,0.00017563002235451242,0.0,0.0,0.0,0.0
10,random_matched,575.0,12418,24,0.19326783701079078,0.0021458305851602658,0.220038139944257,51064,51064,0.8849681531509063,0.32195121951219513,0.00018525906850673166,0.19326783701079078,0.220038139944257
10,random,576.0,12418,0,0.0,0.0,0.0,24,24,0.00014277400192106755,0.0,0.0,0.0,0.0
10,random_matched,576.0,12418,31,0.24963762280560478,0.0021464398533010643,0.2640457679331084,62606,62606,1.145580584875007,0.37073170731707317,0.0005651932401177257,0.24963762280560478,0.2640457679331084
10,random,577.0,12418,0,0.0,0.0,0.0,60,60,0.0020033574852914653,0.0,5.770742067079656e-06,0.0,0.0
10,random_matched,577.0,12418,31,0.24963762280560478,0.0021464398533010643,0.2640457679331084,62606,62606,1.145580584875007,0.37073170731707317,0.0005651932401177257,0.24963762280560478,0.2640457679331084
10,random,578.0,12418,0,0.0,0.0,0.0,29,29,0.00012324494993254056,0.0,0.0,0.0,0.0
10,random_matched,578.0,12418,31,0.24963762280560478,0.0021464398533010643,0.2640457679331084,62606,62606,1.145580584875007,0.37073170731707317,0.0005651932401177257,0.24963762280560478,0.2640457679331084
10,random,579.0,12418,0,0.0,0.0,0.0,47,47,0.00023330778977282543,0.0,0.0,0.0,0.0
10,random_matched,579.0,12418,31,0.24963762280560478,0.0021464398533010643,0.2640457679331084,62606,62606,1.145580584875007,0.37073170731707317,0.0005651932401177257,0.24963762280560478,0.2640457679331084
10,random,580.0,12418,0,0.0,0.0,0.0,27,27,0.0005860606802828963,0.0,0.0,0.0,0.0
10,random_matched,580.0,12418,31,0.24963762280560478,0.0021464398533010643,0.2640457679331084,62606,62606,1.145580584875007,0.37073170731707317,0.0005651932401177257,0.24963762280560478,0.2640457679331084
10,random,581.0,12418,0,0.0,0.0,0.0,56,56,0.0002409732109345309,0.0,0.0,0.0,0.0
10,random_matched,581.0,12418,31,0.24963762280560478,0.0021464398533010643,0.2640457679331084,62606,62606,1.145580584875007,0.37073170731707317,0.0005651932401177257,0.24963762280560478,0.2640457679331084
10,random,582.0,12418,0,0.0,0.0,0.0,52,52,0.00250162193233171,0.0,0.0,0.0,0.0
10,random_matched,582.0,12418,26,0.20937349009502335,0.002146360056070462,0.220038139944257,52130,52130,0.7380750033758122,0.33170731707317075,0.0005651924421454197,0.20937349009502335,0.220038139944257
10,random,583.0,12418,0,0.0,0.0,0.0,129,129,0.00041876537833063026,0.0,0.0,0.0,0.0
10,random_matched,583.0,12418,31,0.24963762280560478,0.0021464398533010643,0.2640457679331084,51961,51961,1.0224874505198993,0.37073170731707317,0.0005651932401177257,0.24963762280560478,0.2640457679331084
10,random,584.0,12418,0,0.0,0.0,0.0,31,31,0.0017410672947378645,0.0,0.0,0.0,0.0
10,random_matched,584.0,12418,31,0.24963762280560478,0.0021464398533010643,0.2640457679331084,62606,62606,1.145580584875007,0.37073170731707317,0.0005651932401177257,0.24963762280560478,0.2640457679331084
10,random,585.0,12418,0,0.0,0.0,0.0,80,80,0.0008343975241444199,0.0,0.0,0.0,0.0
10,random_matched,585.0,12418,28,0.2254791431792559,0.0021464180719141398,0.220038139944257,51683,51683,1.027369245409947,0.32195121951219513,0.000538144476256573,0.2254791431792559,0.220038139944257
10,random,586.0,12418,0,0.0,0.0,0.0,1591,1591,0.005866543312726025,0.0,0.0,0.0,0.0
10,random_matched,586.0,12418,31,0.24963762280560478,0.0021464398533010643,0.2640457679331084,62606,62606,1.145580584875007,0.37073170731707317,0.0005651932401177257,0.24963762280560478,0.2640457679331084
10,random,587.0,12418,0,0.0,0.0,0.0,236,236,0.0007538509149400914,0.0,0.0,0.0,0.0
10,random_matched,587.0,12418,31,0.24963762280560478,0.0021464398533010643,0.2640457679331084,62606,62606,1.145580584875007,0.37073170731707317,0.0005651932401177257,0.24963762280560478,0.2640457679331084
10,random,588.0,12418,0,0.0,0.0,0.0,40,40,0.00016844746236834745,0.0,0.0,0.0,0.0
10,random_matched,588.0,12418,30,0.24158479626348847,0.0021462833123053163,0.24937655860349128,52683,52683,1.1312984137462296,0.35121951219512193,0.0005609670490680272,0.24158479626348847,0.24937655860349128
10,random,589.0,12418,0,0.0,0.0,0.0,61,61,0.000428755239540146,0.0,0.0,0.0,0.0
10,random_matched,589.0,12418,31,0.24963762280560478,0.0021464398533010643,0.2640457679331084,62606,62606,1.145580584875007,0.37073170731707317,0.0005651932401177257,0.24963762280560478,0.2640457679331084
10,random,590.0,12418,0,0.0,0.0,0.0,59,59,0.0007704707283459868,0.0,0.0,0.0,0.0
10,random_matched,590.0,12418,31,0.24963762280560478,0.0021464398533010643,0.2640457679331084,51961,51961,1.0224874505198993,0.37073170731707317,0.0005651932401177257,0.24963762280560478,0.2640457679331084
10,random,591.0,12418,0,0.0,0.0,0.0,1438,1438,0.0019036560415096539,0.0,0.0,0.0,0.0
10,random_matched,591.0,12418,28,0.2254791431792559,0.0021464180719141398,0.220038139944257,51683,51683,1.027369245409947,0.32195121951219513,0.000538144476256573,0.2254791431792559,0.220038139944257
10,random,592.0,12418,0,0.0,0.0,0.0,56,56,0.00021347158442541295,0.0,0.0,0.0,0.0
10,random_matched,592.0,12418,31,0.24963762280560478,0.0021464398533010643,0.2640457679331084,62606,62606,1.145580584875007,0.37073170731707317,0.0005651932401177257,0.24963762280560478,0.2640457679331084
10,random,593.0,12418,0,0.0,0.0,0.0,24,24,2.314648696195125e-05,0.0,0.0,0.0,0.0
10,random_matched,593.0,12418,31,0.24963762280560478,0.0021464398533010643,0.2640457679331084,62606,62606,1.145580584875007,0.37073170731707317,0.0005651932401177257,0.24963762280560478,0.2640457679331084
10,random,594.0,12418,0,0.0,0.0,0.0,89,89,0.0005777715634361177,0.0,0.0,0.0,0.0
10,random_matched,594.0,12418,31,0.24963762280560478,0.0021464398533010643,0.2640457679331084,62606,62606,1.145580584875007,0.37073170731707317,0.0005651932401177257,0.24963762280560478,0.2640457679331084
10,random,595.0,12418,0,0.0,0.0,0.0,59,59,0.0010259606240107257,0.0,0.0,0.0,0.0
10,random_matched,595.0,12418,16,0.12884522467386053,8.67387754074065e-07,0.14669209329617133,53518,53518,0.923705627918434,0.15609756097560976,0.0004112099244941513,0.12884522467386053,0.14669209329617133
10,random,596.0,12418,0,0.0,0.0,0.0,1014,1014,0.0012039861743083362,0.0,0.0,0.0,0.0
10,random_matched,596.0,12418,28,0.2254791431792559,0.0021464180719141398,0.220038139944257,51683,51683,1.027369245409947,0.32195121951219513,0.000538144476256573,0.2254791431792559,0.220038139944257
10,random,597.0,12418,0,0.0,0.0,0.0,22,22,2.582636648620104e-05,0.0,0.0,0.0,0.0
10,random_matched,597.0,12418,31,0.24963762280560478,0.0021464398533010643,0.2640457679331084,62606,62606,1.145580584875007,0.37073170731707317,0.0005651932401177257,0.24963762280560478,0.2640457679331084
10,random,598.0,12418,0,0.0,0.0,0.0,35,35,0.005838865978400252,0.0,0.0,0.0,0.0
10,random_matched,598.0,12418,31,0.24963762280560478,0.0021464398533010643,0.2640457679331084,62606,62606,1.145580584875007,0.37073170731707317,0.0005651932401177257,0.24963762280560478,0.2640457679331084
10,random,599.0,12418,0,0.0,0.0,0.0,38,38,0.0003895723964260774,0.0,0.0,0.0,0.0
10,random_matched,599.0,12418,31,0.24963762280560478,0.0021464398533010643,0.2640457679331084,62606,62606,1.145580584875007,0.37073170731707317,0.0005651932401177257,0.24963762280560478,0.2640457679331084
10,random,600.0,12418,0,0.0,0.0,0.0,66,66,0.0029016107173390304,0.0,0.0,0.0,0.0
10,random_matched,600.0,12418,16,0.12884522467386053,8.67387754074065e-07,0.14669209329617133,53518,53518,0.923705627918434,0.15609756097560976,0.0004112099244941513,0.12884522467386053,0.14669209329617133
10,random,601.0,12418,0,0.0,0.0,0.0,45,45,0.001830982752028722,0.0,0.0,0.0,0.0
10,random_matched,601.0,12418,31,0.24963762280560478,0.0021464398533010643,0.2640457679331084,62606,62606,1.145580584875007,0.37073170731707317,0.0005651932401177257,0.24963762280560478,0.2640457679331084
10,random,602.0,12418,0,0.0,0.0,0.0,49,49,0.0014789622009682207,0.0,0.0,0.0,0.0
10,random_matched,602.0,12418,31,0.24963762280560478,0.0021464398533010643,0.2640457679331084,62606,62606,1.145580584875007,0.37073170731707317,0.0005651932401177257,0.24963762280560478,0.2640457679331084
10,random,603.0,12418,0,0.0,0.0,0.0,450,450,0.03655220738203769,0.0,0.0,0.0,0.0
10,random_matched,603.0,12418,31,0.24963762280560478,0.0021464398533010643,0.2640457679331084,62606,62606,1.145580584875007,0.37073170731707317,0.0005651932401177257,0.24963762280560478,0.2640457679331084
10,random,604.0,12418,0,0.0,0.0,0.0,97,97,0.00012556000101304865,0.0,0.0,0.0,0.0
10,random_matched,604.0,12418,31,0.24963762280560478,0.0021464398533010643,0.2640457679331084,62606,62606,1.145580584875007,0.37073170731707317,0.0005651932401177257,0.24963762280560478,0.2640457679331084
10,random,605.0,12418,0,0.0,0.0,0.0,83,83,4.7320395202969235e-05,0.0,0.0,0.0,0.0
10,random_matched,605.0,12418,31,0.24963762280560478,0.0021464398533010643,0.2640457679331084,62606,62606,1.145580584875007,0.37073170731707317,0.0005651932401177257,0.24963762280560478,0.2640457679331084
10,random,606.0,12418,0,0.0,0.0,0.0,276,276,0.04887612964828631,0.0,0.0,0.0,0.0
10,random_matched,606.0,12418,31,0.24963762280560478,0.0021464398533010643,0.2640457679331084,62606,62606,1.145580584875007,0.37073170731707317,0.0005651932401177257,0.24963762280560478,0.2640457679331084
10,random,607.0,12418,0,0.0,0.0,0.0,55,55,0.007189088001002072,0.0,0.0,0.0,0.0
10,random_matched,607.0,12418,31,0.24963762280560478,0.0021464398533010643,0.2640457679331084,62606,62606,1.145580584875007,0.37073170731707317,0.0005651932401177257,0.24963762280560478,0.2640457679331084
10,random,608.0,12418,0,0.0,0.0,0.0,200,200,0.0006635317320552404,0.0,0.0,0.0,0.0
10,random_matched,608.0,12418,31,0.24963762280560478,0.0021464398533010643,0.2640457679331084,62606,62606,1.145580584875007,0.37073170731707317,0.0005651932401177257,0.24963762280560478,0.2640457679331084
10,random,609.0,12418,0,0.0,0.0,0.0,34,34,4.3764659157530706e-05,0.0,0.0,0.0,0.0
10,random_matched,609.0,12418,31,0.24963762280560478,0.0021464398533010643,0.2640457679331084,62606,62606,1.145580584875007,0.37073170731707317,0.0005651932401177257,0.24963762280560478,0.2640457679331084
10,random,610.0,12418,0,0.0,0.0,0.0,174,174,0.00025036754336088004,0.0,0.0,0.0,0.0
10,random_matched,610.0,12418,31,0.24963762280560478,0.0021464398533010643,0.2640457679331084,62606,62606,1.145580584875007,0.37073170731707317,0.0005651932401177257,0.24963762280560478,0.2640457679331084
10,random,611.0,12418,0,0.0,0.0,0.0,60,60,0.0003031107378213777,0.0,0.0,0.0,0.0
10,random_matched,611.0,12418,31,0.24963762280560478,0.0021464398533010643,0.2640457679331084,62606,62606,1.145580584875007,0.37073170731707317,0.0005651932401177257,0.24963762280560478,0.2640457679331084
10,random,612.0,12418,0,0.0,0.0,0.0,31,31,0.0013846446592936858,0.0,0.0,0.0,0.0
10,random_matched,612.0,12418,30,0.24158479626348847,0.0021462833123053163,0.24937655860349128,52683,52683,1.1312984137462296,0.35121951219512193,0.0005609670490680272,0.24158479626348847,0.24937655860349128
10,random,613.0,12418,0,0.0,0.0,0.0,460,460,0.0003363074436397873,0.0,0.0,0.0,0.0
10,random_matched,613.0,12418,31,0.24963762280560478,0.0021464398533010643,0.2640457679331084,51961,51961,1.0224874505198993,0.37073170731707317,0.0005651932401177257,0.24963762280560478,0.2640457679331084
10,random,614.0,12418,0,0.0,0.0,0.0,37,37,0.5345885293424602,0.0,0.0005214510812374339,0.0,0.0
10,random_matched,614.0,12418,31,0.24963762280560478,0.0021464398533010643,0.2640457679331084,62606,62606,1.145580584875007,0.37073170731707317,0.0005651932401177257,0.24963762280560478,0.2640457679331084
10,random,615.0,12418,0,0.0,0.0,0.0,391,391,0.0010691995009993345,0.0,0.0,0.0,0.0
10,random_matched,615.0,12418,31,0.24963762280560478,0.0021464398533010643,0.2640457679331084,62606,62606,1.145580584875007,0.37073170731707317,0.0005651932401177257,0.24963762280560478,0.2640457679331084
10,random,616.0,12418,0,0.0,0.0,0.0,28,28,7.302738767632833e-05,0.0,0.0,0.0,0.0
10,random_matched,616.0,12418,31,0.24963762280560478,0.0021464398533010643,0.2640457679331084,62606,62606,1.145580584875007,0.37073170731707317,0.0005651932401177257,0.24963762280560478,0.2640457679331084
10,random,617.0,12418,0,0.0,0.0,0.0,58,58,0.0024716040625856086,0.0,0.0,0.0,0.0
10,random_matched,617.0,12418,31,0.24963762280560478,0.0021464398533010643,0.2640457679331084,62606,62606,1.145580584875007,0.37073170731707317,0.0005651932401177257,0.24963762280560478,0.2640457679331084
10,random,618.0,12418,1,0.008052826542116283,0.0,0.0,300,300,0.003413285292248869,0.0,0.0,0.008052826542116283,0.0
10,random_matched,618.0,12418,31,0.24963762280560478,0.0021464398533010643,0.2640457679331084,62606,62606,1.145580584875007,0.37073170731707317,0.0005651932401177257,0.24963762280560478,0.2640457679331084
10,random,619.0,12418,0,0.0,0.0,0.0,36,36,8.717387883862187e-05,0.0,0.0,0.0,0.0
10,random_matched,619.0,12418,31,0.24963762280560478,0.0021464398533010643,0.2640457679331084,62606,62606,1.145580584875007,0.37073170731707317,0.0005651932401177257,0.24963762280560478,0.2640457679331084
10,random,620.0,12418,0,0.0,0.0,0.0,37,37,0.00017645893403919028,0.0,0.0,0.0,0.0
10,random_matched,620.0,12418,31,0.24963762280560478,0.0021464398533010643,0.2640457679331084,51961,51961,1.0224874505198993,0.37073170731707317,0.0005651932401177257,0.24963762280560478,0.2640457679331084
10,random,621.0,12418,21,0.16910935738444194,0.0,0.29338418659234267,1883,1883,0.04152504708801457,0.0,1.4917459595140086e-09,0.16910935738444194,0.29338418659234267
10,random_matched,621.0,12418,31,0.24963762280560478,0.0021464398533010643,0.2640457679331084,62606,62606,1.145580584875007,0.37073170731707317,0.0005651932401177257,0.24963762280560478,0.2640457679331084
10,random,622.0,12418,0,0.0,0.0,0.0,34,34,0.0015589749803173684,0.0,1.6151687117413627e-06,0.0,0.0
10,random_matched,622.0,12418,31,0.24963762280560478,0.0021464398533010643,0.2640457679331084,62606,62606,1.145580584875007,0.37073170731707317,0.0005651932401177257,0.24963762280560478,0.2640457679331084
10,random,623.0,12418,0,0.0,0.0,0.0,266,266,0.0004535072399107694,0.0,0.0,0.0,0.0
10,random_matched,623.0,12418,26,0.20937349009502335,0.002146360056070462,0.220038139944257,52130,52130,0.7380750033758122,0.33170731707317075,0.0005651924421454197,0.20937349009502335,0.220038139944257
10,random,624.0,12418,0,0.0,0.0,0.0,89,89,0.003498184358438278,0.0,0.0,0.0,0.0
10,random_matched,624.0,12418,31,0.24963762280560478,0.0021464398533010643,0.2640457679331084,62606,62606,1.145580584875007,0.37073170731707317,0.0005651932401177257,0.24963762280560478,0.2640457679331084
10,random,625.0,12418,0,0.0,0.0,0.0,114,114,0.0011912279090257217,0.0,0.0,0.0,0.0
10,random_matched,625.0,12418,31,0.24963762280560478,0.0021464398533010643,0.2640457679331084,62606,62606,1.145580584875007,0.37073170731707317,0.0005651932401177257,0.24963762280560478,0.2640457679331084
10,random,626.0,12418,0,0.0,0.0,0.0,36,36,0.00010807640261535295,0.0,0.0,0.0,0.0
10,random_matched,626.0,12418,31,0.24963762280560478,0.0021464398533010643,0.2640457679331084,62606,62606,1.145580584875007,0.37073170731707317,0.0005651932401177257,0.24963762280560478,0.2640457679331084
10,random,627.0,12418,0,0.0,0.0,0.0,33,33,0.005264465054225616,0.0,0.0,0.0,0.0
10,random_matched,627.0,12418,31,0.24963762280560478,0.0021464398533010643,0.2640457679331084,62606,62606,1.145580584875007,0.37073170731707317,0.0005651932401177257,0.24963762280560478,0.2640457679331084
10,random,628.0,12418,0,0.0,0.0,0.0,50,50,0.0007795404707598893,0.0,0.0,0.0,0.0
10,random_matched,628.0,12418,31,0.24963762280560478,0.0021464398533010643,0.2640457679331084,62606,62606,1.145580584875007,0.37073170731707317,0.0005651932401177257,0.24963762280560478,0.2640457679331084
10,random,629.0,12418,0,0.0,0.0,0.0,147,147,0.0016224564708094695,0.0,0.0,0.0,0.0
10,random_matched,629.0,12418,24,0.19326783701079078,0.0021458305851602658,0.220038139944257,51064,51064,0.8849681531509063,0.32195121951219513,0.00018525906850673166,0.19326783701079078,0.220038139944257
10,random,630.0,12418,0,0.0,0.0,0.0,54,54,0.00047847116268621336,0.0,7.221517359462339e-07,0.0,0.0
10,random_matched,630.0,12418,31,0.24963762280560478,0.0021464398533010643,0.2640457679331084,62606,62606,1.145580584875007,0.37073170731707317,0.0005651932401177257,0.24963762280560478,0.2640457679331084
10,random,631.0,12418,0,0.0,0.0,0.0,174,174,0.01219746628949874,0.0,0.0,0.0,0.0
10,random_matched,631.0,12418,28,0.2254791431792559,0.0021464180719141398,0.220038139944257,51683,51683,1.027369245409947,0.32195121951219513,0.000538144476256573,0.2254791431792559,0.220038139944257
10,random,632.0,12418,1,0.008052826542116283,8.215857722231697e-07,0.0,93,93,0.0029560653864106104,0.00975609756097561,8.215857722231696e-09,0.008052826542116283,0.0
10,random_matched,632.0,12418,31,0.24963762280560478,0.0021464398533010643,0.2640457679331084,62606,62606,1.145580584875007,0.37073170731707317,0.0005651932401177257,0.24963762280560478,0.2640457679331084
10,random,633.0,12418,0,0.0,0.0,0.0,24,24,0.00018022525120840619,0.0,0.0,0.0,0.0
10,random_matched,633.0,12418,31,0.24963762280560478,0.0021464398533010643,0.2640457679331084,62606,62606,1.145580584875007,0.37073170731707317,0.0005651932401177257,0.24963762280560478,0.2640457679331084
10,random,634.0,12418,0,0.0,0.0,0.0,27,27,6.28524296828554e-05,0.0,0.0,0.0,0.0
10,random_matched,634.0,12418,28,0.2254791431792559,0.0021464180719141398,0.220038139944257,51683,51683,1.027369245409947,0.32195121951219513,0.000538144476256573,0.2254791431792559,0.220038139944257
10,random,635.0,12418,1,0.008052826542116283,0.0,0.014669209329617133,480,480,0.0008203610180276661,0.0,0.0,0.008052826542116283,0.014669209329617133
10,random_matched,635.0,12418,31,0.24963762280560478,0.0021464398533010643,0.2640457679331084,62606,62606,1.145580584875007,0.37073170731707317,0.0005651932401177257,0.24963762280560478,0.2640457679331084
10,random,636.0,12418,0,0.0,0.0,0.0,224,224,0.0009003174635730006,0.0,0.0,0.0,0.0
10,random_matched,636.0,12418,31,0.24963762280560478,0.0021464398533010643,0.2640457679331084,62606,62606,1.145580584875007,0.37073170731707317,0.0005651932401177257,0.24963762280560478,0.2640457679331084
10,random,637.0,12418,0,0.0,0.0,0.0,49,49,0.0010265990737872736,0.0,0.0,0.0,0.0
10,random_matched,637.0,12418,24,0.19326783701079078,0.0021458305851602658,0.220038139944257,51064,51064,0.8849681531509063,0.32195121951219513,0.00018525906850673166,0.19326783701079078,0.220038139944257
10,random,638.0,12418,0,0.0,0.0,0.0,137,137,0.000860591401636449,0.0,0.0,0.0,0.0
10,random_matched,638.0,12418,31,0.24963762280560478,0.0021464398533010643,0.2640457679331084,62606,62606,1.145580584875007,0.37073170731707317,0.0005651932401177257,0.24963762280560478,0.2640457679331084
10,random,639.0,12418,0,0.0,0.0,0.0,88,88,0.04225891559797355,0.0,0.0,0.0,0.0
10,random_matched,639.0,12418,31,0.24963762280560478,0.0021464398533010643,0.2640457679331084,62606,62606,1.145580584875007,0.37073170731707317,0.0005651932401177257,0.24963762280560478,0.2640457679331084
10,random,640.0,12418,0,0.0,0.0,0.0,43,43,0.0015355039033429704,0.0,0.0,0.0,0.0
10,random_matched,640.0,12418,30,0.24158479626348847,0.0021462833123053163,0.24937655860349128,52683,52683,1.1312984137462296,0.35121951219512193,0.0005609670490680272,0.24158479626348847,0.24937655860349128
10,random,641.0,12418,0,0.0,0.0,0.0,473,473,0.0058143151701861035,0.0,0.0,0.0,0.0
10,random_matched,641.0,12418,24,0.19326783701079078,0.0021458305851602658,0.220038139944257,51064,51064,0.8849681531509063,0.32195121951219513,0.00018525906850673166,0.19326783701079078,0.220038139944257
10,random,642.0,12418,0,0.0,0.0,0.0,44,44,0.00038963141279197674,0.0,0.0,0.0,0.0
10,random_matched,642.0,12418,31,0.24963762280560478,0.0021464398533010643,0.2640457679331084,62606,62606,1.145580584875007,0.37073170731707317,0.0005651932401177257,0.24963762280560478,0.2640457679331084
10,random,643.0,12418,0,0.0,0.0,0.0,1475,1475,0.16914197098609465,0.0,0.0,0.0,0.0
10,random_matched,643.0,12418,16,0.12884522467386053,8.67387754074065e-07,0.14669209329617133,53518,53518,0.923705627918434,0.15609756097560976,0.0004112099244941513,0.12884522467386053,0.14669209329617133
10,random,644.0,12418,0,0.0,0.0,0.0,28,28,6.373767517134632e-05,0.0,0.0,0.0,0.0
10,random_matched,644.0,12418,31,0.24963762280560478,0.0021464398533010643,0.2640457679331084,51961,51961,1.0224874505198993,0.37073170731707317,0.0005651932401177257,0.24963762280560478,0.2640457679331084
10,random,645.0,12418,0,0.0,0.0,0.0,26,26,0.002798334759577176,0.0,0.0,0.0,0.0
10,random_matched,645.0,12418,31,0.24963762280560478,0.0021464398533010643,0.2640457679331084,62606,62606,1.145580584875007,0.37073170731707317,0.0005651932401177257,0.24963762280560478,0.2640457679331084
10,random,646.0,12418,0,0.0,0.0,0.0,85,85,0.02660491709155107,0.0,0.0,0.0,0.0
10,random_matched,646.0,12418,31,0.24963762280560478,0.0021464398533010643,0.2640457679331084,62606,62606,1.145580584875007,0.37073170731707317,0.0005651932401177257,0.24963762280560478,0.2640457679331084
10,random,647.0,12418,0,0.0,0.0,0.0,55,55,0.008681213534127945,0.0,0.0,0.0,0.0
10,random_matched,647.0,12418,31,0.24963762280560478,0.0021464398533010643,0.2640457679331084,62606,62606,1.145580584875007,0.37073170731707317,0.0005651932401177257,0.24963762280560478,0.2640457679331084
10,random,648.0,12418,0,0.0,0.0,0.0,84,84,0.0004934505893763142,0.0,0.0,0.0,0.0
10,random_matched,648.0,12418,31,0.24963762280560478,0.0021464398533010643,0.2640457679331084,62606,62606,1.145580584875007,0.37073170731707317,0.0005651932401177257,0.24963762280560478,0.2640457679331084
10,random,649.0,12418,0,0.0,0.0,0.0,67,67,9.511962773834947e-05,0.0,0.0,0.0,0.0
10,random_matched,649.0,12418,26,0.20937349009502335,0.002146360056070462,0.220038139944257,52130,52130,0.7380750033758122,0.33170731707317075,0.0005651924421454197,0.20937349009502335,0.220038139944257
10,random,650.0,12418,0,0.0,0.0,0.0,36,36,6.639609419890542e-05,0.0,0.0,0.0,0.0
10,random_matched,650.0,12418,31,0.24963762280560478,0.0021464398533010643,0.2640457679331084,62606,62606,1.145580584875007,0.37073170731707317,0.0005651932401177257,0.24963762280560478,0.2640457679331084
10,random,651.0,12418,0,0.0,0.0,0.0,27,27,3.53025170561834e-05,0.0,0.0,0.0,0.0
10,random_matched,651.0,12418,31,0.24963762280560478,0.0021464398533010643,0.2640457679331084,62606,62606,1.145580584875007,0.37073170731707317,0.0005651932401177257,0.24963762280560478,0.2640457679331084
10,random,652.0,12418,0,0.0,0.0,0.0,26,26,7.464631389543217e-05,0.00975609756097561,5.716520375739203e-08,0.0,0.0
10,random_matched,652.0,12418,31,0.24963762280560478,0.0021464398533010643,0.2640457679331084,62606,62606,1.145580584875007,0.37073170731707317,0.0005651932401177257,0.24963762280560478,0.2640457679331084
10,random,653.0,12418,0,0.0,0.0,0.0,65,65,0.0010136208384135795,0.0,0.0,0.0,0.0
10,random_matched,653.0,12418,16,0.12884522467386053,8.67387754074065e-07,0.14669209329617133,53518,53518,0.923705627918434,0.15609756097560976,0.0004112099244941513,0.12884522467386053,0.14669209329617133
10,random,654.0,12418,0,0.0,0.0,0.0,31,31,0.008727705017646236,0.0,0.0,0.0,0.0
10,random_matched,654.0,12418,31,0.24963762280560478,0.0021464398533010643,0.2640457679331084,62606,62606,1.145580584875007,0.37073170731707317,0.0005651932401177257,0.24963762280560478,0.2640457679331084
10,random,655.0,12418,0,0.0,0.0,0.0,23,23,0.0006816350022948798,0.0,0.0,0.0,0.0
10,random_matched,655.0,12418,31,0.24963762280560478,0.0021464398533010643,0.2640457679331084,62606,62606,1.145580584875007,0.37073170731707317,0.0005651932401177257,0.24963762280560478,0.2640457679331084
10,random,656.0,12418,0,0.0,0.0,0.0,58,58,0.0008817876659616338,0.0,0.0,0.0,0.0
10,random_matched,656.0,12418,16,0.12884522467386053,8.67387754074065e-07,0.14669209329617133,53518,53518,0.923705627918434,0.15609756097560976,0.0004112099244941513,0.12884522467386053,0.14669209329617133
10,random,657.0,12418,0,0.0,0.0,0.0,39,39,0.0006844771768253529,0.00975609756097561,1.551560235850412e-07,0.0,0.0
10,random_matched,657.0,12418,31,0.24963762280560478,0.0021464398533010643,0.2640457679331084,62606,62606,1.145580584875007,0.37073170731707317,0.0005651932401177257,0.24963762280560478,0.2640457679331084
10,random,658.0,12418,0,0.0,0.0,0.0,27,27,0.005383369618702464,0.0,0.0,0.0,0.0
10,random_matched,658.0,12418,31,0.24963762280560478,0.0021464398533010643,0.2640457679331084,62606,62606,1.145580584875007,0.37073170731707317,0.0005651932401177257,0.24963762280560478,0.2640457679331084
10,random,659.0,12418,0,0.0,0.0,0.0,43,43,7.898133422695135e-05,0.0,0.0,0.0,0.0
10,random_matched,659.0,12418,31,0.24963762280560478,0.0021464398533010643,0.2640457679331084,62606,62606,1.145580584875007,0.37073170731707317,0.0005651932401177257,0.24963762280560478,0.2640457679331084
10,random,660.0,12418,0,0.0,0.0,0.0,33,33,0.02624666897260714,0.0,0.0,0.0,0.0
10,random_matched,660.0,12418,30,0.24158479626348847,0.0021462833123053163,0.24937655860349128,52683,52683,1.1312984137462296,0.35121951219512193,0.0005609670490680272,0.24158479626348847,0.24937655860349128
10,random,661.0,12418,0,0.0,0.0,0.0,75,75,0.00035709729980889224,0.0,0.0,0.0,0.0
10,random_matched,661.0,12418,31,0.24963762280560478,0.0021464398533010643,0.2640457679331084,62606,62606,1.145580584875007,0.37073170731707317,0.0005651932401177257,0.24963762280560478,0.2640457679331084
10,random,662.0,12418,0,0.0,0.0,0.0,262,262,0.008260099572690726,0.0,0.0,0.0,0.0
10,random_matched,662.0,12418,31,0.24963762280560478,0.0021464398533010643,0.2640457679331084,62606,62606,1.145580584875007,0.37073170731707317,0.0005651932401177257,0.24963762280560478,0.2640457679331084
10,random,663.0,12418,0,0.0,0.0,0.0,270,270,0.0004166448130013815,0.0,0.0,0.0,0.0
10,random_matched,663.0,12418,31,0.24963762280560478,0.0021464398533010643,0.2640457679331084,51961,51961,1.0224874505198993,0.37073170731707317,0.0005651932401177257,0.24963762280560478,0.2640457679331084
10,random,664.0,12418,0,0.0,0.0,0.0,33,33,6.996926689790514e-05,0.0,0.0,0.0,0.0
10,random_matched,664.0,12418,31,0.24963762280560478,0.0021464398533010643,0.2640457679331084,51961,51961,1.0224874505198993,0.37073170731707317,0.0005651932401177257,0.24963762280560478,0.2640457679331084
10,random,665.0,12418,0,0.0,0.0,0.0,55,55,0.00025006039000199454,0.0,0.0,0.0,0.0
10,random_matched,665.0,12418,31,0.24963762280560478,0.0021464398533010643,0.2640457679331084,62606,62606,1.145580584875007,0.37073170731707317,0.0005651932401177257,0.24963762280560478,0.2640457679331084
10,random,666.0,12418,0,0.0,0.0,0.0,44,44,0.0009159648482225993,0.0,0.0,0.0,0.0
10,random_matched,666.0,12418,31,0.24963762280560478,0.0021464398533010643,0.2640457679331084,62606,62606,1.145580584875007,0.37073170731707317,0.0005651932401177257,0.24963762280560478,0.2640457679331084
10,random,667.0,12418,0,0.0,0.0,0.0,133,133,0.002960466129513245,0.0,1.0550719660518145e-06,0.0,0.0
10,random_matched,667.0,12418,31,0.24963762280560478,0.0021464398533010643,0.2640457679331084,62606,62606,1.145580584875007,0.37073170731707317,0.0005651932401177257,0.24963762280560478,0.2640457679331084
10,random,668.0,12418,0,0.0,0.0,0.0,87,87,0.00033038434655315713,0.0,0.0,0.0,0.0
10,random_matched,668.0,12418,31,0.24963762280560478,0.0021464398533010643,0.2640457679331084,62606,62606,1.145580584875007,0.37073170731707317,0.0005651932401177257,0.24963762280560478,0.2640457679331084
10,random,669.0,12418,0,0.0,0.0,0.0,31,31,0.00014382556625891133,0.0,0.0,0.0,0.0
10,random_matched,669.0,12418,31,0.24963762280560478,0.0021464398533010643,0.2640457679331084,62606,62606,1.145580584875007,0.37073170731707317,0.0005651932401177257,0.24963762280560478,0.2640457679331084
10,random,670.0,12418,0,0.0,0.0,0.0,24,24,2.878925631055929e-05,0.0,0.0,0.0,0.0
10,random_matched,670.0,12418,31,0.24963762280560478,0.0021464398533010643,0.2640457679331084,62606,62606,1.145580584875007,0.37073170731707317,0.0005651932401177257,0.24963762280560478,0.2640457679331084
10,random,671.0,12418,1,0.008052826542116283,0.0,0.014669209329617133,44,44,0.0001493114057254687,0.0,0.0,0.008052826542116283,0.014669209329617133
10,random_matched,671.0,12418,16,0.12884522467386053,8.67387754074065e-07,0.14669209329617133,53518,53518,0.923705627918434,0.15609756097560976,0.0004112099244941513,0.12884522467386053,0.14669209329617133
10,random,672.0,12418,0,0.0,0.0,0.0,43,43,0.03776441024401647,0.0,0.0,0.0,0.0
10,random_matched,672.0,12418,31,0.24963762280560478,0.0021464398533010643,0.2640457679331084,62606,62606,1.145580584875007,0.37073170731707317,0.0005651932401177257,0.24963762280560478,0.2640457679331084
10,random,673.0,12418,0,0.0,0.0,0.0,25,25,8.406613066160147e-05,0.0,0.0,0.0,0.0
10,random_matched,673.0,12418,31,0.24963762280560478,0.0021464398533010643,0.2640457679331084,62606,62606,1.145580584875007,0.37073170731707317,0.0005651932401177257,0.24963762280560478,0.2640457679331084
10,random,674.0,12418,0,0.0,0.0,0.0,26,26,1.826690652690584e-05,0.0,0.0,0.0,0.0
10,random_matched,674.0,12418,16,0.12884522467386053,8.67387754074065e-07,0.14669209329617133,53518,53518,0.923705627918434,0.15609756097560976,0.0004112099244941513,0.12884522467386053,0.14669209329617133
10,random,675.0,12418,1,0.008052826542116283,0.0,0.014669209329617133,69,69,0.0008879642651654228,0.0,5.8247868182421955e-06,0.008052826542116283,0.014669209329617133
10,random_matched,675.0,12418,31,0.24963762280560478,0.0021464398533010643,0.2640457679331084,62606,62606,1.145580584875007,0.37073170731707317,0.0005651932401177257,0.24963762280560478,0.2640457679331084
10,random,676.0,12418,0,0.0,0.0,0.0,436,436,0.0006975117460028601,0.0,0.0,0.0,0.0
10,random_matched,676.0,12418,31,0.24963762280560478,0.0021464398533010643,0.2640457679331084,62606,62606,1.145580584875007,0.37073170731707317,0.0005651932401177257,0.24963762280560478,0.2640457679331084
10,random,677.0,12418,0,0.0,0.0,0.0,45,45,0.002752547448606548,0.0,0.0,0.0,0.0
10,random_matched,677.0,12418,30,0.24158479626348847,0.0021462833123053163,0.24937655860349128,52683,52683,1.1312984137462296,0.35121951219512193,0.0005609670490680272,0.24158479626348847,0.24937655860349128
10,random,678.0,12418,0,0.0,0.0,0.0,28,28,0.0008687209060390906,0.0,0.0,0.0,0.0
10,random_matched,678.0,12418,31,0.24963762280560478,0.0021464398533010643,0.2640457679331084,62606,62606,1.145580584875007,0.37073170731707317,0.0005651932401177257,0.24963762280560478,0.2640457679331084
10,random,679.0,12418,0,0.0,0.0,0.0,27,27,0.0007556938350934044,0.0,0.0,0.0,0.0
10,random_matched,679.0,12418,31,0.24963762280560478,0.0021464398533010643,0.2640457679331084,62606,62606,1.145580584875007,0.37073170731707317,0.0005651932401177257,0.24963762280560478,0.2640457679331084
10,random,680.0,12418,0,0.0,0.0,0.0,48,48,0.00060174830336379,0.0,0.0,0.0,0.0
10,random_matched,680.0,12418,30,0.24158479626348847,0.0021462833123053163,0.24937655860349128,52683,52683,1.1312984137462296,0.35121951219512193,0.0005609670490680272,0.24158479626348847,0.24937655860349128
10,random,681.0,12418,0,0.0,0.0,0.0,328,328,0.0011964629289372066,0.0,0.0,0.0,0.0
10,random_matched,681.0,12418,31,0.24963762280560478,0.0021464398533010643,0.2640457679331084,62606,62606,1.145580584875007,0.37073170731707317,0.0005651932401177257,0.24963762280560478,0.2640457679331084
10,random,682.0,12418,0,0.0,0.0,0.0,723,723,0.0007951462756971497,0.00975609756097561,6.269782404478104e-10,0.0,0.0
10,random_matched,682.0,12418,31,0.24963762280560478,0.0021464398533010643,0.2640457679331084,62606,62606,1.145580584875007,0.37073170731707317,0.0005651932401177257,0.24963762280560478,0.2640457679331084
10,random,683.0,12418,0,0.0,0.0,0.0,55,55,0.00017082421237684124,0.0,0.0,0.0,0.0
10,random_matched,683.0,12418,31,0.24963762280560478,0.0021464398533010643,0.2640457679331084,62606,62606,1.145580584875007,0.37073170731707317,0.0005651932401177257,0.24963762280560478,0.2640457679331084
10,random,684.0,12418,0,0.0,0.0,0.0,41,41,6.541964159947908e-05,0.0,0.0,0.0,0.0
10,random_matched,684.0,12418,31,0.24963762280560478,0.0021464398533010643,0.2640457679331084,62606,62606,1.145580584875007,0.37073170731707317,0.0005651932401177257,0.24963762280560478,0.2640457679331084
10,random,685.0,12418,0,0.0,0.0,0.0,175,175,0.004841579260530373,0.0,0.0,0.0,0.0
10,random_matched,685.0,12418,31,0.24963762280560478,0.0021464398533010643,0.2640457679331084,62606,62606,1.145580584875007,0.37073170731707317,0.0005651932401177257,0.24963762280560478,0.2640457679331084
10,random,686.0,12418,0,0.0,0.0,0.0,63,63,0.00013268220335227107,0.0,0.0,0.0,0.0
10,random_matched,686.0,12418,16,0.12884522467386053,8.67387754074065e-07,0.14669209329617133,53518,53518,0.923705627918434,0.15609756097560976,0.0004112099244941513,0.12884522467386053,0.14669209329617133
10,random,687.0,12418,0,0.0,0.0,0.0,28,28,0.00013407579435612267,0.0,0.0,0.0,0.0
10,random_matched,687.0,12418,24,0.19326783701079078,0.0021458305851602658,0.220038139944257,51064,51064,0.8849681531509063,0.32195121951219513,0.00018525906850673166,0.19326783701079078,0.220038139944257
10,random,688.0,12418,0,0.0,0.0,0.0,452,452,0.0027703985580100716,0.00975609756097561,5.557307131241956e-10,0.0,0.0
10,random_matched,688.0,12418,28,0.2254791431792559,0.0021464180719141398,0.220038139944257,51683,51683,1.027369245409947,0.32195121951219513,0.000538144476256573,0.2254791431792559,0.220038139944257
10,random,689.0,12418,0,0.0,0.0,0.0,226,226,0.0004592479227755287,0.0,0.0,0.0,0.0
10,random_matched,689.0,12418,31,0.24963762280560478,0.0021464398533010643,0.2640457679331084,62606,62606,1.145580584875007,0.37073170731707317,0.0005651932401177257,0.24963762280560478,0.2640457679331084
10,random,690.0,12418,0,0.0,0.0,0.0,73,73,0.0048393567578418435,0.0,0.0,0.0,0.0
10,random_matched,690.0,12418,31,0.24963762280560478,0.0021464398533010643,0.2640457679331084,62606,62606,1.145580584875007,0.37073170731707317,0.0005651932401177257,0.24963762280560478,0.2640457679331084
10,random,691.0,12418,0,0.0,0.0,0.0,27,27,0.001108941658308404,0.0,1.7694063422533813e-07,0.0,0.0
10,random_matched,691.0,12418,28,0.2254791431792559,0.0021464180719141398,0.220038139944257,51683,51683,1.027369245409947,0.32195121951219513,0.000538144476256573,0.2254791431792559,0.220038139944257
10,random,692.0,12418,0,0.0,0.0,0.0,1708,1708,0.008242728641900657,0.0,0.0,0.0,0.0
10,random_matched,692.0,12418,28,0.2254791431792559,0.0021464180719141398,0.220038139944257,51683,51683,1.027369245409947,0.32195121951219513,0.000538144476256573,0.2254791431792559,0.220038139944257
10,random,693.0,12418,0,0.0,0.0,0.0,33,33,0.00021632851304736092,0.0,2.1731438002698706e-07,0.0,0.0
10,random_matched,693.0,12418,31,0.24963762280560478,0.0021464398533010643,0.2640457679331084,62606,62606,1.145580584875007,0.37073170731707317,0.0005651932401177257,0.24963762280560478,0.2640457679331084
10,random,694.0,12418,0,0.0,0.0,0.0,33,33,0.00011645002016785117,0.0,0.0,0.0,0.0
10,random_matched,694.0,12418,28,0.2254791431792559,0.0021464180719141398,0.220038139944257,51683,51683,1.027369245409947,0.32195121951219513,0.000538144476256573,0.2254791431792559,0.220038139944257
10,random,695.0,12418,3,0.024158479626348848,2.0152872014393906e-07,0.0,39,39,0.0004697085736311964,0.03902439024390244,6.153533113837081e-09,0.024158479626348848,0.0
10,random_matched,695.0,12418,31,0.24963762280560478,0.0021464398533010643,0.2640457679331084,62606,62606,1.145580584875007,0.37073170731707317,0.0005651932401177257,0.24963762280560478,0.2640457679331084
10,random,696.0,12418,0,0.0,0.0,0.0,1733,1733,0.007578825374996459,0.0,0.0,0.0,0.0
10,random_matched,696.0,12418,31,0.24963762280560478,0.0021464398533010643,0.2640457679331084,62606,62606,1.145580584875007,0.37073170731707317,0.0005651932401177257,0.24963762280560478,0.2640457679331084
10,random,697.0,12418,0,0.0,0.0,0.0,37,37,0.00012957982029942333,0.0,0.0,0.0,0.0
10,random_matched,697.0,12418,31,0.24963762280560478,0.0021464398533010643,0.2640457679331084,51961,51961,1.0224874505198993,0.37073170731707317,0.0005651932401177257,0.24963762280560478,0.2640457679331084
10,random,698.0,12418,0,0.0,0.0,0.0,128,128,0.0008680489242364634,0.0,0.0,0.0,0.0
10,random_matched,698.0,12418,31,0.24963762280560478,0.0021464398533010643,0.2640457679331084,62606,62606,1.145580584875007,0.37073170731707317,0.0005651932401177257,0.24963762280560478,0.2640457679331084
10,random,699.0,12418,0,0.0,0.0,0.0,327,327,0.0010232069740291018,0.0,0.0,0.0,0.0
10,random_matched,699.0,12418,31,0.24963762280560478,0.0021464398533010643,0.2640457679331084,62606,62606,1.145580584875007,0.37073170731707317,0.0005651932401177257,0.24963762280560478,0.2640457679331084
10,random,700.0,12418,0,0.0,0.0,0.0,486,486,0.00028084278994270153,0.0,0.0,0.0,0.0
10,random_matched,700.0,12418,31,0.24963762280560478,0.0021464398533010643,0.2640457679331084,62606,62606,1.145580584875007,0.37073170731707317,0.0005651932401177257,0.24963762280560478,0.2640457679331084
10,random,701.0,12418,0,0.0,0.0,0.0,70,70,0.02024550664670251,0.0,0.0,0.0,0.0
10,random_matched,701.0,12418,31,0.24963762280560478,0.0021464398533010643,0.2640457679331084,62606,62606,1.145580584875007,0.37073170731707317,0.0005651932401177257,0.24963762280560478,0.2640457679331084
10,random,702.0,12418,0,0.0,0.0,0.0,39,39,0.00021165817245504974,0.0,0.0,0.0,0.0
10,random_matched,702.0,12418,31,0.24963762280560478,0.0021464398533010643,0.2640457679331084,62606,62606,1.145580584875007,0.37073170731707317,0.0005651932401177257,0.24963762280560478,0.2640457679331084
10,random,703.0,12418,0,0.0,0.0,0.0,24,24,4.983395587786619e-05,0.0,0.0,0.0,0.0
10,random_matched,703.0,12418,31,0.24963762280560478,0.0021464398533010643,0.2640457679331084,62606,62606,1.145580584875007,0.37073170731707317,0.0005651932401177257,0.24963762280560478,0.2640457679331084
10,random,704.0,12418,0,0.0,0.0,0.0,426,426,0.010098946255475543,0.0,0.0,0.0,0.0
10,random_matched,704.0,12418,31,0.24963762280560478,0.0021464398533010643,0.2640457679331084,62606,62606,1.145580584875007,0.37073170731707317,0.0005651932401177257,0.24963762280560478,0.2640457679331084
10,random,705.0,12418,0,0.0,0.0,0.0,263,263,0.003451011504150057,0.0,0.0,0.0,0.0
10,random_matched,705.0,12418,30,0.24158479626348847,0.0021462833123053163,0.24937655860349128,52683,52683,1.1312984137462296,0.35121951219512193,0.0005609670490680272,0.24158479626348847,0.24937655860349128
10,random,706.0,12418,0,0.0,0.0,0.0,149,149,0.0013247779212129224,0.0,0.0,0.0,0.0
10,random_matched,706.0,12418,31,0.24963762280560478,0.0021464398533010643,0.2640457679331084,62606,62606,1.145580584875007,0.37073170731707317,0.0005651932401177257,0.24963762280560478,0.2640457679331084
10,random,707.0,12418,0,0.0,0.0,0.0,139,139,0.017275387317521585,0.0,0.0,0.0,0.0
10,random_matched,707.0,12418,31,0.24963762280560478,0.0021464398533010643,0.2640457679331084,62606,62606,1.145580584875007,0.37073170731707317,0.0005651932401177257,0.24963762280560478,0.2640457679331084
10,random,708.0,12418,0,0.0,0.0,0.0,28,28,4.3702960229544975e-05,0.0,0.0,0.0,0.0
10,random_matched,708.0,12418,16,0.12884522467386053,8.67387754074065e-07,0.14669209329617133,53518,53518,0.923705627918434,0.15609756097560976,0.0004112099244941513,0.12884522467386053,0.14669209329617133
10,random,709.0,12418,2,0.016105653084232566,0.0,0.029338418659234266,137,137,0.0321293425311583,0.0,0.0,0.016105653084232566,0.029338418659234266
10,random_matched,709.0,12418,28,0.2254791431792559,0.0021464180719141398,0.220038139944257,51683,51683,1.027369245409947,0.32195121951219513,0.000538144476256573,0.2254791431792559,0.220038139944257
10,random,710.0,12418,0,0.0,0.0,0.0,51,51,0.00017431959077533722,0.0,0.0,0.0,0.0
10,random_matched,710.0,12418,31,0.24963762280560478,0.0021464398533010643,0.2640457679331084,62606,62606,1.145580584875007,0.37073170731707317,0.0005651932401177257,0.24963762280560478,0.2640457679331084
10,random,711.0,12418,0,0.0,0.0,0.0,54,54,0.00020819230223950347,0.0,0.0,0.0,0.0
10,random_matched,711.0,12418,31,0.24963762280560478,0.0021464398533010643,0.2640457679331084,62606,62606,1.145580584875007,0.37073170731707317,0.0005651932401177257,0.24963762280560478,0.2640457679331084
10,random,712.0,12418,1,0.008052826542116283,6.491667561000219e-07,0.014669209329617133,105,105,0.0023261126252710827,0.00975609756097561,6.491667561000219e-09,0.008052826542116283,0.014669209329617133
10,random_matched,712.0,12418,26,0.20937349009502335,0.002146360056070462,0.220038139944257,52130,52130,0.7380750033758122,0.33170731707317075,0.0005651924421454197,0.20937349009502335,0.220038139944257
10,random,713.0,12418,0,0.0,0.0,0.0,253,253,0.003170871545473976,0.0,0.0,0.0,0.0
10,random_matched,713.0,12418,31,0.24963762280560478,0.0021464398533010643,0.2640457679331084,62606,62606,1.145580584875007,0.37073170731707317,0.0005651932401177257,0.24963762280560478,0.2640457679331084
10,random,714.0,12418,0,0.0,0.0,0.0,24,24,4.420191677760349e-05,0.0,0.0,0.0,0.0
10,random_matched,714.0,12418,31,0.24963762280560478,0.0021464398533010643,0.2640457679331084,62606,62606,1.145580584875007,0.37073170731707317,0.0005651932401177257,0.24963762280560478,0.2640457679331084
10,random,715.0,12418,0,0.0,0.0,0.0,44,44,0.003333091439958894,0.0,0.0,0.0,0.0
10,random_matched,715.0,12418,31,0.24963762280560478,0.0021464398533010643,0.2640457679331084,62606,62606,1.145580584875007,0.37073170731707317,0.0005651932401177257,0.24963762280560478,0.2640457679331084
10,random,716.0,12418,0,0.0,0.0,0.0,35,35,0.00011177565573241047,0.0,0.0,0.0,0.0
10,random_matched,716.0,12418,26,0.20937349009502335,0.002146360056070462,0.220038139944257,52130,52130,0.7380750033758122,0.33170731707317075,0.0005651924421454197,0.20937349009502335,0.220038139944257
10,random,717.0,12418,0,0.0,0.0,0.0,53,53,0.00010048743447310806,0.0,0.0,0.0,0.0
10,random_matched,717.0,12418,31,0.24963762280560478,0.0021464398533010643,0.2640457679331084,62606,62606,1.145580584875007,0.37073170731707317,0.0005651932401177257,0.24963762280560478,0.2640457679331084
10,random,718.0,12418,11,0.08858109196327911,8.53138248609342e-07,0.0,144,144,0.00026989927791149334,0.13658536585365855,3.894407180523554e-07,0.08858109196327911,0.0
10,random_matched,718.0,12418,26,0.20937349009502335,0.002146360056070462,0.220038139944257,52130,52130,0.7380750033758122,0.33170731707317075,0.0005651924421454197,0.20937349009502335,0.220038139944257
10,random,719.0,12418,0,0.0,0.0,0.0,37,37,0.00020378887657478272,0.0,0.0,0.0,0.0
10,random_matched,719.0,12418,31,0.24963762280560478,0.0021464398533010643,0.2640457679331084,51961,51961,1.0224874505198993,0.37073170731707317,0.0005651932401177257,0.24963762280560478,0.2640457679331084
10,random,720.0,12418,0,0.0,0.0,0.0,101,101,0.03763440389634532,0.0,0.0,0.0,0.0
10,random_matched,720.0,12418,31,0.24963762280560478,0.0021464398533010643,0.2640457679331084,62606,62606,1.145580584875007,0.37073170731707317,0.0005651932401177257,0.24963762280560478,0.2640457679331084
10,random,721.0,12418,0,0.0,0.0,0.0,26,26,2.3586427144110376e-05,0.0,0.0,0.0,0.0
10,random_matched,721.0,12418,31,0.24963762280560478,0.0021464398533010643,0.2640457679331084,62606,62606,1.145580584875007,0.37073170731707317,0.0005651932401177257,0.24963762280560478,0.2640457679331084
10,random,722.0,12418,0,0.0,0.0,0.0,165,165,0.0010325610680241557,0.0,0.0,0.0,0.0
10,random_matched,722.0,12418,31,0.24963762280560478,0.0021464398533010643,0.2640457679331084,62606,62606,1.145580584875007,0.37073170731707317,0.0005651932401177257,0.24963762280560478,0.2640457679331084
10,random,723.0,12418,28,0.2254791431792559,1.2824554918250668e-08,0.3960686518996626,1927,1927,0.07096538133614329,0.00975609756097561,1.1637332224703534e-08,0.2254791431792559,0.3960686518996626
10,random_matched,723.0,12418,31,0.24963762280560478,0.0021464398533010643,0.2640457679331084,62606,62606,1.145580584875007,0.37073170731707317,0.0005651932401177257,0.24963762280560478,0.2640457679331084
10,random,724.0,12418,0,0.0,0.0,0.0,36,36,0.0002683044947511665,0.0,0.0,0.0,0.0
10,random_matched,724.0,12418,30,0.24158479626348847,0.0021462833123053163,0.24937655860349128,52683,52683,1.1312984137462296,0.35121951219512193,0.0005609670490680272,0.24158479626348847,0.24937655860349128
10,random,725.0,12418,0,0.0,0.0,0.0,38,38,0.00016584135330147189,0.0,0.0,0.0,0.0
10,random_matched,725.0,12418,31,0.24963762280560478,0.0021464398533010643,0.2640457679331084,62606,62606,1.145580584875007,0.37073170731707317,0.0005651932401177257,0.24963762280560478,0.2640457679331084
10,random,726.0,12418,0,0.0,0.0,0.0,37,37,0.000555954285987946,0.0,0.0,0.0,0.0
10,random_matched,726.0,12418,31,0.24963762280560478,0.0021464398533010643,0.2640457679331084,62606,62606,1.145580584875007,0.37073170731707317,0.0005651932401177257,0.24963762280560478,0.2640457679331084
10,random,727.0,12418,15,0.12079239813174424,7.674376514572225e-07,0.0,314,314,0.01242948913203221,0.28292682926829266,0.0010669401475297679,0.12079239813174424,0.0
10,random_matched,727.0,12418,31,0.24963762280560478,0.0021464398533010643,0.2640457679331084,62606,62606,1.145580584875007,0.37073170731707317,0.0005651932401177257,0.24963762280560478,0.2640457679331084
10,random,728.0,12418,0,0.0,0.0,0.0,420,420,0.00034770564994462944,0.0,0.0,0.0,0.0
10,random_matched,728.0,12418,31,0.24963762280560478,0.0021464398533010643,0.2640457679331084,62606,62606,1.145580584875007,0.37073170731707317,0.0005651932401177257,0.24963762280560478,0.2640457679331084
10,random,729.0,12418,0,0.0,0.0,0.0,39,39,0.0002899460643826832,0.0,0.0,0.0,0.0
10,random_matched,729.0,12418,26,0.20937349009502335,0.002146360056070462,0.220038139944257,52130,52130,0.7380750033758122,0.33170731707317075,0.0005651924421454197,0.20937349009502335,0.220038139944257
10,random,730.0,12418,0,0.0,0.0,0.0,39,39,0.000140798294944481,0.0,0.0,0.0,0.0
10,random_matched,730.0,12418,28,0.2254791431792559,0.0021464180719141398,0.220038139944257,51683,51683,1.027369245409947,0.32195121951219513,0.000538144476256573,0.2254791431792559,0.220038139944257
10,random,731.0,12418,0,0.0,0.0,0.0,30,30,0.0009492715390865485,0.0,0.0,0.0,0.0
10,random_matched,731.0,12418,30,0.24158479626348847,0.0021462833123053163,0.24937655860349128,52683,52683,1.1312984137462296,0.35121951219512193,0.0005609670490680272,0.24158479626348847,0.24937655860349128
10,random,732.0,12418,0,0.0,0.0,0.0,41,41,0.01017491104863641,0.0,0.0,0.0,0.0
10,random_matched,732.0,12418,16,0.12884522467386053,8.67387754074065e-07,0.14669209329617133,53518,53518,0.923705627918434,0.15609756097560976,0.0004112099244941513,0.12884522467386053,0.14669209329617133
10,random,733.0,12418,0,0.0,0.0,0.0,113,113,0.006843901276856513,0.0,0.0,0.0,0.0
10,random_matched,733.0,12418,31,0.24963762280560478,0.0021464398533010643,0.2640457679331084,62606,62606,1.145580584875007,0.37073170731707317,0.0005651932401177257,0.24963762280560478,0.2640457679331084
10,random,734.0,12418,0,0.0,0.0,0.0,99,99,0.00012002185158580772,0.0,0.0,0.0,0.0
10,random_matched,734.0,12418,31,0.24963762280560478,0.0021464398533010643,0.2640457679331084,62606,62606,1.145580584875007,0.37073170731707317,0.0005651932401177257,0.24963762280560478,0.2640457679331084
10,random,735.0,12418,0,0.0,0.0,0.0,123,123,0.0005260396948821687,0.0,0.0,0.0,0.0
10,random_matched,735.0,12418,31,0.24963762280560478,0.0021464398533010643,0.2640457679331084,62606,62606,1.145580584875007,0.37073170731707317,0.0005651932401177257,0.24963762280560478,0.2640457679331084
10,random,736.0,12418,0,0.0,0.0,0.0,23,23,0.0019967892320230714,0.0,0.0,0.0,0.0
10,random_matched,736.0,12418,31,0.24963762280560478,0.0021464398533010643,0.2640457679331084,62606,62606,1.145580584875007,0.37073170731707317,0.0005651932401177257,0.24963762280560478,0.2640457679331084
10,random,737.0,12418,0,0.0,0.0,0.0,45,45,0.00019026473981651913,0.0,0.0,0.0,0.0
10,random_matched,737.0,12418,31,0.24963762280560478,0.0021464398533010643,0.2640457679331084,51961,51961,1.0224874505198993,0.37073170731707317,0.0005651932401177257,0.24963762280560478,0.2640457679331084
10,random,738.0,12418,0,0.0,0.0,0.0,103,103,0.00814875312689213,0.01951219512195122,8.89749734270317e-06,0.0,0.0
10,random_matched,738.0,12418,31,0.24963762280560478,0.0021464398533010643,0.2640457679331084,62606,62606,1.145580584875007,0.37073170731707317,0.0005651932401177257,0.24963762280560478,0.2640457679331084
10,random,739.0,12418,0,0.0,0.0,0.0,67,67,0.00019593299350494737,0.0,0.0,0.0,0.0
10,random_matched,739.0,12418,31,0.24963762280560478,0.0021464398533010643,0.2640457679331084,62606,62606,1.145580584875007,0.37073170731707317,0.0005651932401177257,0.24963762280560478,0.2640457679331084
10,random,740.0,12418,0,0.0,0.0,0.0,26,26,0.00026082819421654774,0.0,0.0,0.0,0.0
10,random_matched,740.0,12418,31,0.24963762280560478,0.0021464398533010643,0.2640457679331084,62606,62606,1.145580584875007,0.37073170731707317,0.0005651932401177257,0.24963762280560478,0.2640457679331084
10,random,741.0,12418,0,0.0,0.0,0.0,53,53,0.0001704110978155455,0.0,0.0,0.0,0.0
10,random_matched,741.0,12418,30,0.24158479626348847,0.0021462833123053163,0.24937655860349128,52683,52683,1.1312984137462296,0.35121951219512193,0.0005609670490680272,0.24158479626348847,0.24937655860349128
10,random,742.0,12418,0,0.0,0.0,0.0,31,31,3.682621232122232e-05,0.0,0.0,0.0,0.0
10,random_matched,742.0,12418,31,0.24963762280560478,0.0021464398533010643,0.2640457679331084,62606,62606,1.145580584875007,0.37073170731707317,0.0005651932401177257,0.24963762280560478,0.2640457679331084
10,random,743.0,12418,1,0.008052826542116283,7.531881459924995e-09,0.0,93,93,0.07065950755937299,0.00975609756097561,5.092935067405372e-05,0.008052826542116283,0.0
10,random_matched,743.0,12418,16,0.12884522467386053,8.67387754074065e-07,0.14669209329617133,53518,53518,0.923705627918434,0.15609756097560976,0.0004112099244941513,0.12884522467386053,0.14669209329617133
10,random,744.0,12418,0,0.0,0.0,0.0,50,50,9.929369434468849e-05,0.0,0.0,0.0,0.0
10,random_matched,744.0,12418,31,0.24963762280560478,0.0021464398533010643,0.2640457679331084,62606,62606,1.145580584875007,0.37073170731707317,0.0005651932401177257,0.24963762280560478,0.2640457679331084
10,random,745.0,12418,0,0.0,0.0,0.0,31,31,6.251845070310655e-05,0.0,0.0,0.0,0.0
10,random_matched,745.0,12418,31,0.24963762280560478,0.0021464398533010643,0.2640457679331084,62606,62606,1.145580584875007,0.37073170731707317,0.0005651932401177257,0.24963762280560478,0.2640457679331084
10,random,746.0,12418,0,0.0,0.0,0.0,37,37,0.00046235835351463543,0.0,0.0,0.0,0.0
10,random_matched,746.0,12418,31,0.24963762280560478,0.0021464398533010643,0.2640457679331084,62606,62606,1.145580584875007,0.37073170731707317,0.0005651932401177257,0.24963762280560478,0.2640457679331084
10,random,747.0,12418,2,0.016105653084232566,1.750653528523107e-08,0.0,61,61,0.0012339114956624589,0.05853658536585366,2.457473339817517e-06,0.016105653084232566,0.0
10,random_matched,747.0,12418,26,0.20937349009502335,0.002146360056070462,0.220038139944257,52130,52130,0.7380750033758122,0.33170731707317075,0.0005651924421454197,0.20937349009502335,0.220038139944257
10,random,748.0,12418,0,0.0,0.0,0.0,27,27,4.0901024130366894e-05,0.0,0.0,0.0,0.0
10,random_matched,748.0,12418,31,0.24963762280560478,0.0021464398533010643,0.2640457679331084,62606,62606,1.145580584875007,0.37073170731707317,0.0005651932401177257,0.24963762280560478,0.2640457679331084
10,random,749.0,12418,0,0.0,0.0,0.0,221,221,0.005261212447695933,0.0,0.0,0.0,0.0
10,random_matched,749.0,12418,26,0.20937349009502335,0.002146360056070462,0.220038139944257,52130,52130,0.7380750033758122,0.33170731707317075,0.0005651924421454197,0.20937349009502335,0.220038139944257
10,random,750.0,12418,0,0.0,0.0,0.0,30,30,3.996078611910608e-05,0.0,0.0,0.0,0.0
10,random_matched,750.0,12418,31,0.24963762280560478,0.0021464398533010643,0.2640457679331084,62606,62606,1.145580584875007,0.37073170731707317,0.0005651932401177257,0.24963762280560478,0.2640457679331084
10,random,751.0,12418,0,0.0,0.0,0.0,56,56,0.0005434763484433535,0.0,0.0,0.0,0.0
10,random_matched,751.0,12418,31,0.24963762280560478,0.0021464398533010643,0.2640457679331084,62606,62606,1.145580584875007,0.37073170731707317,0.0005651932401177257,0.24963762280560478,0.2640457679331084
10,random,752.0,12418,0,0.0,0.0,0.0,34,34,0.00010295807415462363,0.0,0.0,0.0,0.0
10,random_matched,752.0,12418,26,0.20937349009502335,0.002146360056070462,0.220038139944257,52130,52130,0.7380750033758122,0.33170731707317075,0.0005651924421454197,0.20937349009502335,0.220038139944257
10,random,753.0,12418,0,0.0,0.0,0.0,42,42,0.0011046160269441872,0.0,0.0,0.0,0.0
10,random_matched,753.0,12418,30,0.24158479626348847,0.0021462833123053163,0.24937655860349128,52683,52683,1.1312984137462296,0.35121951219512193,0.0005609670490680272,0.24158479626348847,0.24937655860349128
10,random,754.0,12418,0,0.0,0.0,0.0,33,33,0.0015961901641411093,0.0,0.0,0.0,0.0
10,random_matched,754.0,12418,24,0.19326783701079078,0.0021458305851602658,0.220038139944257,51064,51064,0.8849681531509063,0.32195121951219513,0.00018525906850673166,0.19326783701079078,0.220038139944257
10,random,755.0,12418,0,0.0,0.0,0.0,25,25,0.0004284051651878791,0.0,0.0,0.0,0.0
10,random_matched,755.0,12418,24,0.19326783701079078,0.0021458305851602658,0.220038139944257,51064,51064,0.8849681531509063,0.32195121951219513,0.00018525906850673166,0.19326783701079078,0.220038139944257
10,random,756.0,12418,0,0.0,0.0,0.0,41,41,6.292620014022964e-05,0.0,0.0,0.0,0.0
10,random_matched,756.0,12418,31,0.24963762280560478,0.0021464398533010643,0.2640457679331084,62606,62606,1.145580584875007,0.37073170731707317,0.0005651932401177257,0.24963762280560478,0.2640457679331084
10,random,757.0,12418,0,0.0,0.0,0.0,96,96,0.0002934146171603158,0.0,0.0,0.0,0.0
10,random_matched,757.0,12418,16,0.12884522467386053,8.67387754074065e-07,0.14669209329617133,53518,53518,0.923705627918434,0.15609756097560976,0.0004112099244941513,0.12884522467386053,0.14669209329617133
10,random,758.0,12418,0,0.0,0.0,0.0,2707,2707,0.009841068879553966,0.0,0.0,0.0,0.0
10,random_matched,758.0,12418,31,0.24963762280560478,0.0021464398533010643,0.2640457679331084,62606,62606,1.145580584875007,0.37073170731707317,0.0005651932401177257,0.24963762280560478,0.2640457679331084
10,random,759.0,12418,0,0.0,0.0,0.0,30,30,4.9345729578153014e-05,0.0,0.0,0.0,0.0
10,random_matched,759.0,12418,31,0.24963762280560478,0.0021464398533010643,0.2640457679331084,62606,62606,1.145580584875007,0.37073170731707317,0.0005651932401177257,0.24963762280560478,0.2640457679331084
10,random,760.0,12418,0,0.0,0.0,0.0,54,54,0.0022503597545150368,0.0,0.0,0.0,0.0
10,random_matched,760.0,12418,31,0.24963762280560478,0.0021464398533010643,0.2640457679331084,62606,62606,1.145580584875007,0.37073170731707317,0.0005651932401177257,0.24963762280560478,0.2640457679331084
10,random,761.0,12418,0,0.0,0.0,0.0,26,26,0.0002361311863686942,0.0,0.0,0.0,0.0
10,random_matched,761.0,12418,28,0.2254791431792559,0.0021464180719141398,0.220038139944257,51683,51683,1.027369245409947,0.32195121951219513,0.000538144476256573,0.2254791431792559,0.220038139944257
10,random,762.0,12418,0,0.0,0.0,0.0,38,38,4.7674493398365606e-05,0.0,0.0,0.0,0.0
10,random_matched,762.0,12418,31,0.24963762280560478,0.0021464398533010643,0.2640457679331084,62606,62606,1.145580584875007,0.37073170731707317,0.0005651932401177257,0.24963762280560478,0.2640457679331084
10,random,763.0,12418,0,0.0,0.0,0.0,63,63,0.00030623994649508883,0.0,0.0,0.0,0.0
10,random_matched,763.0,12418,31,0.24963762280560478,0.0021464398533010643,0.2640457679331084,51961,51961,1.0224874505198993,0.37073170731707317,0.0005651932401177257,0.24963762280560478,0.2640457679331084
10,random,764.0,12418,0,0.0,0.0,0.0,32,32,0.00031619627567852534,0.0,0.0,0.0,0.0
10,random_matched,764.0,12418,31,0.24963762280560478,0.0021464398533010643,0.2640457679331084,62606,62606,1.145580584875007,0.37073170731707317,0.0005651932401177257,0.24963762280560478,0.2640457679331084
10,random,765.0,12418,0,0.0,0.0,0.0,264,264,0.0027084675884038725,0.0,0.0,0.0,0.0
10,random_matched,765.0,12418,31,0.24963762280560478,0.0021464398533010643,0.2640457679331084,62606,62606,1.145580584875007,0.37073170731707317,0.0005651932401177257,0.24963762280560478,0.2640457679331084
10,random,766.0,12418,0,0.0,0.0,0.0,24,24,4.428105235915041e-05,0.0,0.0,0.0,0.0
10,random_matched,766.0,12418,28,0.2254791431792559,0.0021464180719141398,0.220038139944257,51683,51683,1.027369245409947,0.32195121951219513,0.000538144476256573,0.2254791431792559,0.220038139944257
10,random,767.0,12418,0,0.0,0.0,0.0,43,43,7.950711639587323e-05,1.2292682926829268,2.6224097110196366e-06,0.0,0.0
10,random_matched,767.0,12418,31,0.24963762280560478,0.0021464398533010643,0.2640457679331084,62606,62606,1.145580584875007,0.37073170731707317,0.0005651932401177257,0.24963762280560478,0.2640457679331084
10,random,768.0,12418,0,0.0,0.0,0.0,33,33,0.005268517064257026,0.0,0.0,0.0,0.0
10,random_matched,768.0,12418,31,0.24963762280560478,0.0021464398533010643,0.2640457679331084,62606,62606,1.145580584875007,0.37073170731707317,0.0005651932401177257,0.24963762280560478,0.2640457679331084
10,random,769.0,12418,0,0.0,0.0,0.0,257,257,0.001876179899340356,0.0,0.0,0.0,0.0
10,random_matched,769.0,12418,31,0.24963762280560478,0.0021464398533010643,0.2640457679331084,62606,62606,1.145580584875007,0.37073170731707317,0.0005651932401177257,0.24963762280560478,0.2640457679331084
10,random,770.0,12418,0,0.0,0.0,0.0,49,49,0.00017407547762548063,0.0,0.0,0.0,0.0
10,random_matched,770.0,12418,24,0.19326783701079078,0.0021458305851602658,0.220038139944257,51064,51064,0.8849681531509063,0.32195121951219513,0.00018525906850673166,0.19326783701079078,0.220038139944257
10,random,771.0,12418,0,0.0,0.0,0.0,34,34,0.0003750718070683874,0.0,0.0,0.0,0.0
10,random_matched,771.0,12418,31,0.24963762280560478,0.0021464398533010643,0.2640457679331084,62606,62606,1.145580584875007,0.37073170731707317,0.0005651932401177257,0.24963762280560478,0.2640457679331084
10,random,772.0,12418,0,0.0,0.0,0.0,31,31,0.0033693194409348632,0.0,0.0,0.0,0.0
10,random_matched,772.0,12418,31,0.24963762280560478,0.0021464398533010643,0.2640457679331084,62606,62606,1.145580584875007,0.37073170731707317,0.0005651932401177257,0.24963762280560478,0.2640457679331084
10,random,773.0,12418,1,0.008052826542116283,3.1511763513415925e-07,0.014669209329617133,40,40,0.00029879315414341976,0.00975609756097561,3.1511763513415926e-09,0.008052826542116283,0.014669209329617133
10,random_matched,773.0,12418,31,0.24963762280560478,0.0021464398533010643,0.2640457679331084,62606,62606,1.145580584875007,0.37073170731707317,0.0005651932401177257,0.24963762280560478,0.2640457679331084
10,random,774.0,12418,0,0.0,0.0,0.0,37,37,0.003759177530223135,0.0,0.0,0.0,0.0
10,random_matched,774.0,12418,31,0.24963762280560478,0.0021464398533010643,0.2640457679331084,62606,62606,1.145580584875007,0.37073170731707317,0.0005651932401177257,0.24963762280560478,0.2640457679331084
10,random,775.0,12418,0,0.0,0.0,0.0,64,64,0.0038713408161770214,0.0,0.0,0.0,0.0
10,random_matched,775.0,12418,28,0.2254791431792559,0.0021464180719141398,0.220038139944257,51683,51683,1.027369245409947,0.32195121951219513,0.000538144476256573,0.2254791431792559,0.220038139944257
10,random,776.0,12418,0,0.0,0.0,0.0,32,32,8.991143344772789e-05,0.0,0.0,0.0,0.0
10,random_matched,776.0,12418,31,0.24963762280560478,0.0021464398533010643,0.2640457679331084,62606,62606,1.145580584875007,0.37073170731707317,0.0005651932401177257,0.24963762280560478,0.2640457679331084
10,random,777.0,12418,0,0.0,0.0,0.0,32,32,0.00010926209505751352,0.0,0.0,0.0,0.0
10,random_matched,777.0,12418,31,0.24963762280560478,0.0021464398533010643,0.2640457679331084,62606,62606,1.145580584875007,0.37073170731707317,0.0005651932401177257,0.24963762280560478,0.2640457679331084
10,random,778.0,12418,0,0.0,0.0,0.0,28,28,0.00021034774087587454,0.0,0.0,0.0,0.0
10,random_matched,778.0,12418,24,0.19326783701079078,0.0021458305851602658,0.220038139944257,51064,51064,0.8849681531509063,0.32195121951219513,0.00018525906850673166,0.19326783701079078,0.220038139944257
10,random,779.0,12418,0,0.0,0.0,0.0,30,30,0.00013527892345184444,0.0,0.0,0.0,0.0
10,random_matched,779.0,12418,31,0.24963762280560478,0.0021464398533010643,0.2640457679331084,62606,62606,1.145580584875007,0.37073170731707317,0.0005651932401177257,0.24963762280560478,0.2640457679331084
10,random,780.0,12418,0,0.0,0.0,0.0,354,354,0.0020323439099153703,0.0,0.0,0.0,0.0
10,random_matched,780.0,12418,31,0.24963762280560478,0.0021464398533010643,0.2640457679331084,62606,62606,1.145580584875007,0.37073170731707317,0.0005651932401177257,0.24963762280560478,0.2640457679331084
10,random,781.0,12418,0,0.0,0.0,0.0,154,154,0.00859845783504552,0.0,0.0,0.0,0.0
10,random_matched,781.0,12418,31,0.24963762280560478,0.0021464398533010643,0.2640457679331084,62606,62606,1.145580584875007,0.37073170731707317,0.0005651932401177257,0.24963762280560478,0.2640457679331084
10,random,782.0,12418,0,0.0,0.0,0.0,90,90,0.0010321546598680757,0.0,0.0,0.0,0.0
10,random_matched,782.0,12418,31,0.24963762280560478,0.0021464398533010643,0.2640457679331084,62606,62606,1.145580584875007,0.37073170731707317,0.0005651932401177257,0.24963762280560478,0.2640457679331084
10,random,783.0,12418,0,0.0,0.0,0.0,39,39,5.451905056165223e-05,0.0,0.0,0.0,0.0
10,random_matched,783.0,12418,31,0.24963762280560478,0.0021464398533010643,0.2640457679331084,51961,51961,1.0224874505198993,0.37073170731707317,0.0005651932401177257,0.24963762280560478,0.2640457679331084
10,random,784.0,12418,0,0.0,0.0,0.0,35,35,0.00015203823008622938,0.0,0.0,0.0,0.0
10,random_matched,784.0,12418,31,0.24963762280560478,0.0021464398533010643,0.2640457679331084,62606,62606,1.145580584875007,0.37073170731707317,0.0005651932401177257,0.24963762280560478,0.2640457679331084
10,random,785.0,12418,0,0.0,0.0,0.0,66,66,0.00028986022239592044,0.0,2.0419253770866257e-07,0.0,0.0
10,random_matched,785.0,12418,31,0.24963762280560478,0.0021464398533010643,0.2640457679331084,62606,62606,1.145580584875007,0.37073170731707317,0.0005651932401177257,0.24963762280560478,0.2640457679331084
10,random,786.0,12418,0,0.0,0.0,0.0,60,60,0.00015124419170867387,0.0,0.0,0.0,0.0
10,random_matched,786.0,12418,31,0.24963762280560478,0.0021464398533010643,0.2640457679331084,62606,62606,1.145580584875007,0.37073170731707317,0.0005651932401177257,0.24963762280560478,0.2640457679331084
10,random,787.0,12418,31,0.24963762280560478,3.4809506206680383e-07,0.4547454892181311,99,99,0.009084668189350812,0.07804878048780488,2.584328404274462e-05,0.24963762280560478,0.4547454892181311
10,random_matched,787.0,12418,31,0.24963762280560478,0.0021464398533010643,0.2640457679331084,62606,62606,1.145580584875007,0.37073170731707317,0.0005651932401177257,0.24963762280560478,0.2640457679331084
10,random,788.0,12418,0,0.0,0.0,0.0,43,43,0.00038452783842272227,0.0,0.0,0.0,0.0
10,random_matched,788.0,12418,31,0.24963762280560478,0.0021464398533010643,0.2640457679331084,62606,62606,1.145580584875007,0.37073170731707317,0.0005651932401177257,0.24963762280560478,0.2640457679331084
10,random,789.0,12418,0,0.0,0.0,0.0,26,26,0.0002074680104761927,0.0,0.0,0.0,0.0
10,random_matched,789.0,12418,16,0.12884522467386053,8.67387754074065e-07,0.14669209329617133,53518,53518,0.923705627918434,0.15609756097560976,0.0004112099244941513,0.12884522467386053,0.14669209329617133
10,random,790.0,12418,0,0.0,0.0,0.0,38,38,9.94103857954441e-05,0.0,0.0,0.0,0.0
10,random_matched,790.0,12418,31,0.24963762280560478,0.0021464398533010643,0.2640457679331084,62606,62606,1.145580584875007,0.37073170731707317,0.0005651932401177257,0.24963762280560478,0.2640457679331084
10,random,791.0,12418,0,0.0,0.0,0.0,43,43,0.0017348678937563417,0.0,1.0447793887020783e-09,0.0,0.0
10,random_matched,791.0,12418,31,0.24963762280560478,0.0021464398533010643,0.2640457679331084,62606,62606,1.145580584875007,0.37073170731707317,0.0005651932401177257,0.24963762280560478,0.2640457679331084
10,random,792.0,12418,0,0.0,0.0,0.0,25,25,7.530085904449819e-05,0.0,0.0,0.0,0.0
10,random_matched,792.0,12418,31,0.24963762280560478,0.0021464398533010643,0.2640457679331084,62606,62606,1.145580584875007,0.37073170731707317,0.0005651932401177257,0.24963762280560478,0.2640457679331084
10,random,793.0,12418,0,0.0,0.0,0.0,39,39,0.004409920147531768,0.0,0.0,0.0,0.0
10,random_matched,793.0,12418,31,0.24963762280560478,0.0021464398533010643,0.2640457679331084,62606,62606,1.145580584875007,0.37073170731707317,0.0005651932401177257,0.24963762280560478,0.2640457679331084
10,random,794.0,12418,0,0.0,0.0,0.0,71,71,0.0005986633569645035,0.0,0.0,0.0,0.0
10,random_matched,794.0,12418,16,0.12884522467386053,8.67387754074065e-07,0.14669209329617133,53518,53518,0.923705627918434,0.15609756097560976,0.0004112099244941513,0.12884522467386053,0.14669209329617133
10,random,795.0,12418,0,0.0,0.0,0.0,41,41,0.0002816810905946816,0.0,0.0,0.0,0.0
10,random_matched,795.0,12418,28,0.2254791431792559,0.0021464180719141398,0.220038139944257,51683,51683,1.027369245409947,0.32195121951219513,0.000538144476256573,0.2254791431792559,0.220038139944257
10,random,796.0,12418,0,0.0,0.0,0.0,29,29,7.612977072917605e-05,0.0,0.0,0.0,0.0
10,random_matched,796.0,12418,16,0.12884522467386053,8.67387754074065e-07,0.14669209329617133,53518,53518,0.923705627918434,0.15609756097560976,0.0004112099244941513,0.12884522467386053,0.14669209329617133
10,random,797.0,12418,0,0.0,0.0,0.0,281,281,0.013860560893354116,0.0,0.0,0.0,0.0
10,random_matched,797.0,12418,31,0.24963762280560478,0.0021464398533010643,0.2640457679331084,62606,62606,1.145580584875007,0.37073170731707317,0.0005651932401177257,0.24963762280560478,0.2640457679331084
10,random,798.0,12418,0,0.0,0.0,0.0,2039,2039,0.00644546971914031,0.0,0.0,0.0,0.0
10,random_matched,798.0,12418,16,0.12884522467386053,8.67387754074065e-07,0.14669209329617133,53518,53518,0.923705627918434,0.15609756097560976,0.0004112099244941513,0.12884522467386053,0.14669209329617133
10,random,799.0,12418,5,0.040264132710581414,1.933861455926688e-08,0.0,28,28,3.6870474595646865e-05,0.04878048780487805,1.933861455926688e-10,0.040264132710581414,0.0
10,random_matched,799.0,12418,31,0.24963762280560478,0.0021464398533010643,0.2640457679331084,62606,62606,1.145580584875007,0.37073170731707317,0.0005651932401177257,0.24963762280560478,0.2640457679331084
10,random,800.0,12418,0,0.0,0.0,0.0,30,30,0.00039816866663174147,0.0,0.0,0.0,0.0
10,random_matched,800.0,12418,24,0.19326783701079078,0.0021458305851602658,0.220038139944257,51064,51064,0.8849681531509063,0.32195121951219513,0.00018525906850673166,0.19326783701079078,0.220038139944257
10,random,801.0,12418,0,0.0,0.0,0.0,227,227,0.00043619934932972873,0.0,0.0,0.0,0.0
10,random_matched,801.0,12418,31,0.24963762280560478,0.0021464398533010643,0.2640457679331084,62606,62606,1.145580584875007,0.37073170731707317,0.0005651932401177257,0.24963762280560478,0.2640457679331084
10,random,802.0,12418,0,0.0,0.0,0.0,60,60,0.0007201029426129398,0.0,0.0,0.0,0.0
10,random_matched,802.0,12418,26,0.20937349009502335,0.002146360056070462,0.220038139944257,52130,52130,0.7380750033758122,0.33170731707317075,0.0005651924421454197,0.20937349009502335,0.220038139944257
10,random,803.0,12418,0,0.0,0.0,0.0,1132,1132,0.002780472919925307,0.0,0.0,0.0,0.0
10,random_matched,803.0,12418,31,0.24963762280560478,0.0021464398533010643,0.2640457679331084,62606,62606,1.145580584875007,0.37073170731707317,0.0005651932401177257,0.24963762280560478,0.2640457679331084
10,random,804.0,12418,0,0.0,0.0,0.0,42,42,0.00014939322386910194,0.0,0.0,0.0,0.0
10,random_matched,804.0,12418,16,0.12884522467386053,8.67387754074065e-07,0.14669209329617133,53518,53518,0.923705627918434,0.15609756097560976,0.0004112099244941513,0.12884522467386053,0.14669209329617133
10,random,805.0,12418,0,0.0,0.0,0.0,26,26,0.00021683149343854896,0.0,0.0,0.0,0.0
10,random_matched,805.0,12418,31,0.24963762280560478,0.0021464398533010643,0.2640457679331084,62606,62606,1.145580584875007,0.37073170731707317,0.0005651932401177257,0.24963762280560478,0.2640457679331084
10,random,806.0,12418,0,0.0,0.0,0.0,64,64,0.0008615302983666667,0.0,0.0,0.0,0.0
10,random_matched,806.0,12418,30,0.24158479626348847,0.0021462833123053163,0.24937655860349128,52683,52683,1.1312984137462296,0.35121951219512193,0.0005609670490680272,0.24158479626348847,0.24937655860349128
10,random,807.0,12418,0,0.0,0.0,0.0,85,85,0.001321239621821045,0.0,0.0,0.0,0.0
10,random_matched,807.0,12418,30,0.24158479626348847,0.0021462833123053163,0.24937655860349128,52683,52683,1.1312984137462296,0.35121951219512193,0.0005609670490680272,0.24158479626348847,0.24937655860349128
10,random,808.0,12418,0,0.0,0.0,0.0,138,138,0.0013802613528446125,0.0,0.0,0.0,0.0
10,random_matched,808.0,12418,31,0.24963762280560478,0.0021464398533010643,0.2640457679331084,62606,62606,1.145580584875007,0.37073170731707317,0.0005651932401177257,0.24963762280560478,0.2640457679331084
10,random,809.0,12418,0,0.0,0.0,0.0,92,92,0.008944458716784282,0.0,0.0,0.0,0.0
10,random_matched,809.0,12418,31,0.24963762280560478,0.0021464398533010643,0.2640457679331084,62606,62606,1.145580584875007,0.37073170731707317,0.0005651932401177257,0.24963762280560478,0.2640457679331084
10,random,810.0,12418,0,0.0,0.0,0.0,1116,1116,0.05759551201705969,0.0,0.0,0.0,0.0
10,random_matched,810.0,12418,31,0.24963762280560478,0.0021464398533010643,0.2640457679331084,62606,62606,1.145580584875007,0.37073170731707317,0.0005651932401177257,0.24963762280560478,0.2640457679331084
10,random,811.0,12418,0,0.0,0.0,0.0,471,471,0.03766926781450039,0.00975609756097561,1.9195388113896973e-06,0.0,0.0
10,random_matched,811.0,12418,31,0.24963762280560478,0.0021464398533010643,0.2640457679331084,51961,51961,1.0224874505198993,0.37073170731707317,0.0005651932401177257,0.24963762280560478,0.2640457679331084
10,random,812.0,12418,0,0.0,0.0,0.0,28,28,4.379819118360991e-05,0.0,0.0,0.0,0.0
10,random_matched,812.0,12418,31,0.24963762280560478,0.0021464398533010643,0.2640457679331084,62606,62606,1.145580584875007,0.37073170731707317,0.0005651932401177257,0.24963762280560478,0.2640457679331084
10,random,813.0,12418,0,0.0,0.0,0.0,79,79,0.002012348092123821,0.0,0.0,0.0,0.0
10,random_matched,813.0,12418,31,0.24963762280560478,0.0021464398533010643,0.2640457679331084,62606,62606,1.145580584875007,0.37073170731707317,0.0005651932401177257,0.24963762280560478,0.2640457679331084
10,random,814.0,12418,0,0.0,0.0,0.0,111,111,0.00018913001605399895,0.0,0.0,0.0,0.0
10,random_matched,814.0,12418,31,0.24963762280560478,0.0021464398533010643,0.2640457679331084,62606,62606,1.145580584875007,0.37073170731707317,0.0005651932401177257,0.24963762280560478,0.2640457679331084
10,random,815.0,12418,0,0.0,0.0,0.0,48,48,0.03765388063837317,0.0,3.420941085203658e-09,0.0,0.0
10,random_matched,815.0,12418,16,0.12884522467386053,8.67387754074065e-07,0.14669209329617133,53518,53518,0.923705627918434,0.15609756097560976,0.0004112099244941513,0.12884522467386053,0.14669209329617133
10,random,816.0,12418,0,0.0,0.0,0.0,51,51,0.00022052404015039063,0.0,0.0,0.0,0.0
10,random_matched,816.0,12418,31,0.24963762280560478,0.0021464398533010643,0.2640457679331084,62606,62606,1.145580584875007,0.37073170731707317,0.0005651932401177257,0.24963762280560478,0.2640457679331084
10,random,817.0,12418,0,0.0,0.0,0.0,68,68,0.05190798277876009,0.0,0.0,0.0,0.0
10,random_matched,817.0,12418,24,0.19326783701079078,0.0021458305851602658,0.220038139944257,51064,51064,0.8849681531509063,0.32195121951219513,0.00018525906850673166,0.19326783701079078,0.220038139944257
10,random,818.0,12418,0,0.0,0.0,0.0,24,24,0.0005515267172644482,0.0,9.678427000279637e-07,0.0,0.0
10,random_matched,818.0,12418,30,0.24158479626348847,0.0021462833123053163,0.24937655860349128,52683,52683,1.1312984137462296,0.35121951219512193,0.0005609670490680272,0.24158479626348847,0.24937655860349128
10,random,819.0,12418,0,0.0,0.0,0.0,28,28,0.010113197366559204,0.0,0.0,0.0,0.0
10,random_matched,819.0,12418,31,0.24963762280560478,0.0021464398533010643,0.2640457679331084,62606,62606,1.145580584875007,0.37073170731707317,0.0005651932401177257,0.24963762280560478,0.2640457679331084
10,random,820.0,12418,0,0.0,0.0,0.0,33,33,0.0002216171842005726,0.0,0.0,0.0,0.0
10,random_matched,820.0,12418,31,0.24963762280560478,0.0021464398533010643,0.2640457679331084,62606,62606,1.145580584875007,0.37073170731707317,0.0005651932401177257,0.24963762280560478,0.2640457679331084
10,random,821.0,12418,0,0.0,0.0,0.0,29,29,7.502053130647607e-05,0.0,0.0,0.0,0.0
10,random_matched,821.0,12418,31,0.24963762280560478,0.0021464398533010643,0.2640457679331084,62606,62606,1.145580584875007,0.37073170731707317,0.0005651932401177257,0.24963762280560478,0.2640457679331084
10,random,822.0,12418,0,0.0,0.0,0.0,118,118,0.0016587555596807267,0.0,0.0,0.0,0.0
10,random_matched,822.0,12418,26,0.20937349009502335,0.002146360056070462,0.220038139944257,52130,52130,0.7380750033758122,0.33170731707317075,0.0005651924421454197,0.20937349009502335,0.220038139944257
10,random,823.0,12418,0,0.0,0.0,0.0,39,39,0.00013982989003131366,0.0,0.0,0.0,0.0
10,random_matched,823.0,12418,31,0.24963762280560478,0.0021464398533010643,0.2640457679331084,62606,62606,1.145580584875007,0.37073170731707317,0.0005651932401177257,0.24963762280560478,0.2640457679331084
10,random,824.0,12418,0,0.0,0.0,0.0,57,57,0.008037893566112203,0.0,0.0,0.0,0.0
10,random_matched,824.0,12418,31,0.24963762280560478,0.0021464398533010643,0.2640457679331084,62606,62606,1.145580584875007,0.37073170731707317,0.0005651932401177257,0.24963762280560478,0.2640457679331084
10,random,825.0,12418,0,0.0,0.0,0.0,46,46,0.0001513608831594295,0.0,0.0,0.0,0.0
10,random_matched,825.0,12418,16,0.12884522467386053,8.67387754074065e-07,0.14669209329617133,53518,53518,0.923705627918434,0.15609756097560976,0.0004112099244941513,0.12884522467386053,0.14669209329617133
10,random,826.0,12418,0,0.0,0.0,0.0,90,90,0.009618935302151773,0.0,0.0,0.0,0.0
10,random_matched,826.0,12418,31,0.24963762280560478,0.0021464398533010643,0.2640457679331084,62606,62606,1.145580584875007,0.37073170731707317,0.0005651932401177257,0.24963762280560478,0.2640457679331084
10,random,827.0,12418,0,0.0,0.0,0.0,39,39,9.428669221054211e-05,0.0,0.0,0.0,0.0
10,random_matched,827.0,12418,31,0.24963762280560478,0.0021464398533010643,0.2640457679331084,62606,62606,1.145580584875007,0.37073170731707317,0.0005651932401177257,0.24963762280560478,0.2640457679331084
10,random,828.0,12418,0,0.0,0.0,0.0,36,36,0.004979889479139778,0.0,0.0,0.0,0.0
10,random_matched,828.0,12418,28,0.2254791431792559,0.0021464180719141398,0.220038139944257,51683,51683,1.027369245409947,0.32195121951219513,0.000538144476256573,0.2254791431792559,0.220038139944257
10,random,829.0,12418,0,0.0,0.0,0.0,34,34,0.0002773728958840258,0.0,0.0,0.0,0.0
10,random_matched,829.0,12418,31,0.24963762280560478,0.0021464398533010643,0.2640457679331084,51961,51961,1.0224874505198993,0.37073170731707317,0.0005651932401177257,0.24963762280560478,0.2640457679331084
10,random,830.0,12418,0,0.0,0.0,0.0,36,36,0.0001201318366313475,0.0,0.0,0.0,0.0
10,random_matched,830.0,12418,26,0.20937349009502335,0.002146360056070462,0.220038139944257,52130,52130,0.7380750033758122,0.33170731707317075,0.0005651924421454197,0.20937349009502335,0.220038139944257
10,random,831.0,12418,0,0.0,0.0,0.0,28,28,0.00037034379139122,0.0,0.0,0.0,0.0
10,random_matched,831.0,12418,31,0.24963762280560478,0.0021464398533010643,0.2640457679331084,62606,62606,1.145580584875007,0.37073170731707317,0.0005651932401177257,0.24963762280560478,0.2640457679331084
10,random,832.0,12418,0,0.0,0.0,0.0,52,52,0.003998593513866548,0.0,0.0,0.0,0.0
10,random_matched,832.0,12418,31,0.24963762280560478,0.0021464398533010643,0.2640457679331084,62606,62606,1.145580584875007,0.37073170731707317,0.0005651932401177257,0.24963762280560478,0.2640457679331084
10,random,833.0,12418,0,0.0,0.0,0.0,52,52,0.004930106491941552,0.0,0.0,0.0,0.0
10,random_matched,833.0,12418,26,0.20937349009502335,0.002146360056070462,0.220038139944257,52130,52130,0.7380750033758122,0.33170731707317075,0.0005651924421454197,0.20937349009502335,0.220038139944257
10,random,834.0,12418,0,0.0,0.0,0.0,36,36,0.0002738064295902419,0.0,2.2224022208439592e-07,0.0,0.0
10,random_matched,834.0,12418,31,0.24963762280560478,0.0021464398533010643,0.2640457679331084,62606,62606,1.145580584875007,0.37073170731707317,0.0005651932401177257,0.24963762280560478,0.2640457679331084
10,random,835.0,12418,0,0.0,0.0,0.0,33,33,8.844675454858836e-05,0.0,0.0,0.0,0.0
10,random_matched,835.0,12418,31,0.24963762280560478,0.0021464398533010643,0.2640457679331084,62606,62606,1.145580584875007,0.37073170731707317,0.0005651932401177257,0.24963762280560478,0.2640457679331084
10,random,836.0,12418,0,0.0,0.0,0.0,61,61,0.0004178090449468514,0.0,0.0,0.0,0.0
10,random_matched,836.0,12418,31,0.24963762280560478,0.0021464398533010643,0.2640457679331084,62606,62606,1.145580584875007,0.37073170731707317,0.0005651932401177257,0.24963762280560478,0.2640457679331084
10,random,837.0,12418,0,0.0,0.0,0.0,24,24,5.5786561147446046e-05,0.0,0.0,0.0,0.0
10,random_matched,837.0,12418,28,0.2254791431792559,0.0021464180719141398,0.220038139944257,51683,51683,1.027369245409947,0.32195121951219513,0.000538144476256573,0.2254791431792559,0.220038139944257
10,random,838.0,12418,0,0.0,0.0,0.0,24,24,2.626228282523066e-05,0.0,0.0,0.0,0.0
10,random_matched,838.0,12418,26,0.20937349009502335,0.002146360056070462,0.220038139944257,52130,52130,0.7380750033758122,0.33170731707317075,0.0005651924421454197,0.20937349009502335,0.220038139944257
10,random,839.0,12418,0,0.0,0.0,0.0,57,57,0.0013687477963700578,0.0,0.0,0.0,0.0
10,random_matched,839.0,12418,16,0.12884522467386053,8.67387754074065e-07,0.14669209329617133,53518,53518,0.923705627918434,0.15609756097560976,0.0004112099244941513,0.12884522467386053,0.14669209329617133
10,random,840.0,12418,0,0.0,0.0,0.0,52,52,5.369550400114704e-05,0.0,3.3429429496171255e-09,0.0,0.0
10,random_matched,840.0,12418,28,0.2254791431792559,0.0021464180719141398,0.220038139944257,51683,51683,1.027369245409947,0.32195121951219513,0.000538144476256573,0.2254791431792559,0.220038139944257
10,random,841.0,12418,0,0.0,0.0,0.0,780,780,0.002403466985592671,0.0,0.0,0.0,0.0
10,random_matched,841.0,12418,31,0.24963762280560478,0.0021464398533010643,0.2640457679331084,62606,62606,1.145580584875007,0.37073170731707317,0.0005651932401177257,0.24963762280560478,0.2640457679331084
10,random,842.0,12418,0,0.0,0.0,0.0,31,31,0.0001133033748405789,0.0,0.0,0.0,0.0
10,random_matched,842.0,12418,31,0.24963762280560478,0.0021464398533010643,0.2640457679331084,62606,62606,1.145580584875007,0.37073170731707317,0.0005651932401177257,0.24963762280560478,0.2640457679331084
10,random,843.0,12418,0,0.0,0.0,0.0,1042,1042,0.0018184001945627623,0.0,0.0,0.0,0.0
10,random_matched,843.0,12418,30,0.24158479626348847,0.0021462833123053163,0.24937655860349128,52683,52683,1.1312984137462296,0.35121951219512193,0.0005609670490680272,0.24158479626348847,0.24937655860349128
10,random,844.0,12418,0,0.0,0.0,0.0,44,44,0.00683767639153517,0.0,0.0,0.0,0.0
10,random_matched,844.0,12418,24,0.19326783701079078,0.0021458305851602658,0.220038139944257,51064,51064,0.8849681531509063,0.32195121951219513,0.00018525906850673166,0.19326783701079078,0.220038139944257
10,random,845.0,12418,64,0.5153808986954421,2.937433769370748e-07,0.8361449317881766,4696,4696,1.1124201472960047,0.2048780487804878,0.004696184489157896,0.5153808986954421,0.8361449317881766
10,random_matched,845.0,12418,31,0.24963762280560478,0.0021464398533010643,0.2640457679331084,62606,62606,1.145580584875007,0.37073170731707317,0.0005651932401177257,0.24963762280560478,0.2640457679331084
10,random,846.0,12418,0,0.0,0.0,0.0,23,23,3.342069975261861e-05,0.0,0.0,0.0,0.0
10,random_matched,846.0,12418,24,0.19326783701079078,0.0021458305851602658,0.220038139944257,51064,51064,0.8849681531509063,0.32195121951219513,0.00018525906850673166,0.19326783701079078,0.220038139944257
10,random,847.0,12418,0,0.0,0.0,0.0,25,25,0.010556033374490528,0.0,0.0,0.0,0.0
10,random_matched,847.0,12418,31,0.24963762280560478,0.0021464398533010643,0.2640457679331084,62606,62606,1.145580584875007,0.37073170731707317,0.0005651932401177257,0.24963762280560478,0.2640457679331084
10,random,848.0,12418,0,0.0,0.0,0.0,96,96,0.0005282648801327845,0.0,0.0,0.0,0.0
10,random_matched,848.0,12418,31,0.24963762280560478,0.0021464398533010643,0.2640457679331084,62606,62606,1.145580584875007,0.37073170731707317,0.0005651932401177257,0.24963762280560478,0.2640457679331084
10,random,849.0,12418,0,0.0,0.0,0.0,22,22,4.1873452886663735e-05,0.0,0.0,0.0,0.0
10,random_matched,849.0,12418,31,0.24963762280560478,0.0021464398533010643,0.2640457679331084,62606,62606,1.145580584875007,0.37073170731707317,0.0005651932401177257,0.24963762280560478,0.2640457679331084
10,random,850.0,12418,0,0.0,0.0,0.0,204,204,0.000175403345858217,0.0,0.0,0.0,0.0
10,random_matched,850.0,12418,31,0.24963762280560478,0.0021464398533010643,0.2640457679331084,62606,62606,1.145580584875007,0.37073170731707317,0.0005651932401177257,0.24963762280560478,0.2640457679331084
10,random,851.0,12418,0,0.0,0.0,0.0,634,634,0.00461812452130066,0.00975609756097561,2.1438690031980637e-08,0.0,0.0
10,random_matched,851.0,12418,26,0.20937349009502335,0.002146360056070462,0.220038139944257,52130,52130,0.7380750033758122,0.33170731707317075,0.0005651924421454197,0.20937349009502335,0.220038139944257
10,random,852.0,12418,0,0.0,0.0,0.0,31,31,4.582754940192319e-05,0.0,0.0,0.0,0.0
10,random_matched,852.0,12418,30,0.24158479626348847,0.0021462833123053163,0.24937655860349128,52683,52683,1.1312984137462296,0.35121951219512193,0.0005609670490680272,0.24158479626348847,0.24937655860349128
10,random,853.0,12418,16,0.12884522467386053,8.360388420516744e-07,0.0,1284,1284,0.02217895522274301,0.2926829268292683,0.0010669474577256809,0.12884522467386053,0.0
10,random_matched,853.0,12418,31,0.24963762280560478,0.0021464398533010643,0.2640457679331084,62606,62606,1.145580584875007,0.37073170731707317,0.0005651932401177257,0.24963762280560478,0.2640457679331084
10,random,854.0,12418,0,0.0,0.0,0.0,112,112,0.014037039946608952,0.0,0.0,0.0,0.0
10,random_matched,854.0,12418,31,0.24963762280560478,0.0021464398533010643,0.2640457679331084,62606,62606,1.145580584875007,0.37073170731707317,0.0005651932401177257,0.24963762280560478,0.2640457679331084
10,random,855.0,12418,0,0.0,0.0,0.0,60,60,7.704184183853033e-05,0.0,0.0,0.0,0.0
10,random_matched,855.0,12418,31,0.24963762280560478,0.0021464398533010643,0.2640457679331084,62606,62606,1.145580584875007,0.37073170731707317,0.0005651932401177257,0.24963762280560478,0.2640457679331084
10,random,856.0,12418,0,0.0,0.0,0.0,159,159,0.00040254660795664205,0.0,0.0,0.0,0.0
10,random_matched,856.0,12418,31,0.24963762280560478,0.0021464398533010643,0.2640457679331084,62606,62606,1.145580584875007,0.37073170731707317,0.0005651932401177257,0.24963762280560478,0.2640457679331084
10,random,857.0,12418,0,0.0,0.0,0.0,65,65,0.0006283512715739853,0.00975609756097561,3.0969337185496036e-08,0.0,0.0
10,random_matched,857.0,12418,31,0.24963762280560478,0.0021464398533010643,0.2640457679331084,62606,62606,1.145580584875007,0.37073170731707317,0.0005651932401177257,0.24963762280560478,0.2640457679331084
10,random,858.0,12418,0,0.0,0.0,0.0,76,76,0.0003248381494396572,0.0,0.0,0.0,0.0
10,random_matched,858.0,12418,31,0.24963762280560478,0.0021464398533010643,0.2640457679331084,62606,62606,1.145580584875007,0.37073170731707317,0.0005651932401177257,0.24963762280560478,0.2640457679331084
10,random,859.0,12418,13,0.10468674504751167,0.0,0.17603051195540562,1367,1367,0.01370026037204197,0.0,0.0,0.10468674504751167,0.17603051195540562
10,random_matched,859.0,12418,31,0.24963762280560478,0.0021464398533010643,0.2640457679331084,62606,62606,1.145580584875007,0.37073170731707317,0.0005651932401177257,0.24963762280560478,0.2640457679331084
10,random,860.0,12418,0,0.0,0.0,0.0,32,32,0.001954089550013816,0.0,0.0,0.0,0.0
10,random_matched,860.0,12418,16,0.12884522467386053,8.67387754074065e-07,0.14669209329617133,53518,53518,0.923705627918434,0.15609756097560976,0.0004112099244941513,0.12884522467386053,0.14669209329617133
10,random,861.0,12418,0,0.0,0.0,0.0,65,65,0.0006112083585612543,0.0,0.0,0.0,0.0
10,random_matched,861.0,12418,31,0.24963762280560478,0.0021464398533010643,0.2640457679331084,62606,62606,1.145580584875007,0.37073170731707317,0.0005651932401177257,0.24963762280560478,0.2640457679331084
10,random,862.0,12418,2,0.016105653084232566,0.0002346995332221763,0.029338418659234266,37,37,0.00149906800380531,0.05853658536585366,7.218031172105512e-06,0.016105653084232566,0.029338418659234266
10,random_matched,862.0,12418,28,0.2254791431792559,0.0021464180719141398,0.220038139944257,51683,51683,1.027369245409947,0.32195121951219513,0.000538144476256573,0.2254791431792559,0.220038139944257
10,random,863.0,12418,0,0.0,0.0,0.0,104,104,0.00024192417919413706,0.0,1.2207404827947842e-07,0.0,0.0
10,random_matched,863.0,12418,31,0.24963762280560478,0.0021464398533010643,0.2640457679331084,62606,62606,1.145580584875007,0.37073170731707317,0.0005651932401177257,0.24963762280560478,0.2640457679331084
10,random,864.0,12418,0,0.0,0.0,0.0,128,128,0.0008451358201760233,0.0,0.0,0.0,0.0
10,random_matched,864.0,12418,31,0.24963762280560478,0.0021464398533010643,0.2640457679331084,62606,62606,1.145580584875007,0.37073170731707317,0.0005651932401177257,0.24963762280560478,0.2640457679331084
10,random,865.0,12418,0,0.0,0.0,0.0,130,130,0.0005081711488250837,0.0,0.0,0.0,0.0
10,random_matched,865.0,12418,31,0.24963762280560478,0.0021464398533010643,0.2640457679331084,62606,62606,1.145580584875007,0.37073170731707317,0.0005651932401177257,0.24963762280560478,0.2640457679331084
10,random,866.0,12418,0,0.0,0.0,0.0,328,328,0.0114537648482123,0.00975609756097561,1.4860198556068234e-10,0.0,0.0
10,random_matched,866.0,12418,31,0.24963762280560478,0.0021464398533010643,0.2640457679331084,62606,62606,1.145580584875007,0.37073170731707317,0.0005651932401177257,0.24963762280560478,0.2640457679331084
10,random,867.0,12418,0,0.0,0.0,0.0,51,51,0.00021909691712045982,0.0,0.0,0.0,0.0
10,random_matched,867.0,12418,31,0.24963762280560478,0.0021464398533010643,0.2640457679331084,62606,62606,1.145580584875007,0.37073170731707317,0.0005651932401177257,0.24963762280560478,0.2640457679331084
10,random,868.0,12418,0,0.0,0.0,0.0,39,39,0.0008317136207770405,0.0,0.0,0.0,0.0
10,random_matched,868.0,12418,31,0.24963762280560478,0.0021464398533010643,0.2640457679331084,62606,62606,1.145580584875007,0.37073170731707317,0.0005651932401177257,0.24963762280560478,0.2640457679331084
10,random,869.0,12418,0,0.0,0.0,0.0,40,40,0.0007844683373124888,0.0,0.0,0.0,0.0
10,random_matched,869.0,12418,26,0.20937349009502335,0.002146360056070462,0.220038139944257,52130,52130,0.7380750033758122,0.33170731707317075,0.0005651924421454197,0.20937349009502335,0.220038139944257
10,random,870.0,12418,0,0.0,0.0,0.0,2042,2042,0.009326369715891783,0.0,0.0,0.0,0.0
10,random_matched,870.0,12418,31,0.24963762280560478,0.0021464398533010643,0.2640457679331084,62606,62606,1.145580584875007,0.37073170731707317,0.0005651932401177257,0.24963762280560478,0.2640457679331084
10,random,871.0,12418,0,0.0,0.0,0.0,59,59,0.006092812059584304,0.0,0.0,0.0,0.0
10,random_matched,871.0,12418,31,0.24963762280560478,0.0021464398533010643,0.2640457679331084,62606,62606,1.145580584875007,0.37073170731707317,0.0005651932401177257,0.24963762280560478,0.2640457679331084
10,random,872.0,12418,0,0.0,0.0,0.0,47,47,0.00042896582066392333,0.01951219512195122,1.0401417139870873e-06,0.0,0.0
10,random_matched,872.0,12418,31,0.24963762280560478,0.0021464398533010643,0.2640457679331084,62606,62606,1.145580584875007,0.37073170731707317,0.0005651932401177257,0.24963762280560478,0.2640457679331084
10,random,873.0,12418,0,0.0,0.0,0.0,73,73,0.009036158077862552,0.0,2.2753971466239107e-07,0.0,0.0
10,random_matched,873.0,12418,26,0.20937349009502335,0.002146360056070462,0.220038139944257,52130,52130,0.7380750033758122,0.33170731707317075,0.0005651924421454197,0.20937349009502335,0.220038139944257
10,random,874.0,12418,0,0.0,0.0,0.0,37,37,0.0005520551819954564,0.0,0.0,0.0,0.0
10,random_matched,874.0,12418,31,0.24963762280560478,0.0021464398533010643,0.2640457679331084,62606,62606,1.145580584875007,0.37073170731707317,0.0005651932401177257,0.24963762280560478,0.2640457679331084
10,random,875.0,12418,0,0.0,0.0,0.0,27,27,4.3422632491522846e-05,0.0,0.0,0.0,0.0
10,random_matched,875.0,12418,31,0.24963762280560478,0.0021464398533010643,0.2640457679331084,62606,62606,1.145580584875007,0.37073170731707317,0.0005651932401177257,0.24963762280560478,0.2640457679331084
10,random,876.0,12418,0,0.0,0.0,0.0,494,494,0.07957651695960884,0.0,0.0,0.0,0.0
10,random_matched,876.0,12418,30,0.24158479626348847,0.0021462833123053163,0.24937655860349128,52683,52683,1.1312984137462296,0.35121951219512193,0.0005609670490680272,0.24158479626348847,0.24937655860349128
10,random,877.0,12418,0,0.0,0.0,0.0,26,26,0.0001068102333106023,0.0,0.0,0.0,0.0
10,random_matched,877.0,12418,31,0.24963762280560478,0.0021464398533010643,0.2640457679331084,62606,62606,1.145580584875007,0.37073170731707317,0.0005651932401177257,0.24963762280560478,0.2640457679331084
10,random,878.0,12418,0,0.0,0.0,0.0,39,39,0.00041965867150538016,0.0,0.0,0.0,0.0
10,random_matched,878.0,12418,31,0.24963762280560478,0.0021464398533010643,0.2640457679331084,62606,62606,1.145580584875007,0.37073170731707317,0.0005651932401177257,0.24963762280560478,0.2640457679331084
10,random,879.0,12418,0,0.0,0.0,0.0,158,158,0.0005276009460164163,0.0,0.0,0.0,0.0
10,random_matched,879.0,12418,16,0.12884522467386053,8.67387754074065e-07,0.14669209329617133,53518,53518,0.923705627918434,0.15609756097560976,0.0004112099244941513,0.12884522467386053,0.14669209329617133
10,random,880.0,12418,0,0.0,0.0,0.0,76,76,0.001240066634369557,0.0,0.0,0.0,0.0
10,random_matched,880.0,12418,31,0.24963762280560478,0.0021464398533010643,0.2640457679331084,62606,62606,1.145580584875007,0.37073170731707317,0.0005651932401177257,0.24963762280560478,0.2640457679331084
10,random,881.0,12418,0,0.0,0.0,0.0,30,30,0.0006987430420004884,0.0,1.76369909015815e-07,0.0,0.0
10,random_matched,881.0,12418,24,0.19326783701079078,0.0021458305851602658,0.220038139944257,51064,51064,0.8849681531509063,0.32195121951219513,0.00018525906850673166,0.19326783701079078,0.220038139944257
10,random,882.0,12418,0,0.0,0.0,0.0,296,296,0.0003729445353339229,0.0,0.0,0.0,0.0
10,random_matched,882.0,12418,31,0.24963762280560478,0.0021464398533010643,0.2640457679331084,62606,62606,1.145580584875007,0.37073170731707317,0.0005651932401177257,0.24963762280560478,0.2640457679331084
10,random,883.0,12418,0,0.0,0.0,0.0,375,375,0.00037671755890835465,0.0,0.0,0.0,0.0
10,random_matched,883.0,12418,31,0.24963762280560478,0.0021464398533010643,0.2640457679331084,62606,62606,1.145580584875007,0.37073170731707317,0.0005651932401177257,0.24963762280560478,0.2640457679331084
10,random,884.0,12418,0,0.0,0.0,0.0,87,87,0.004604066554687216,0.0,0.0,0.0,0.0
10,random_matched,884.0,12418,31,0.24963762280560478,0.0021464398533010643,0.2640457679331084,62606,62606,1.145580584875007,0.37073170731707317,0.0005651932401177257,0.24963762280560478,0.2640457679331084
10,random,885.0,12418,0,0.0,0.0,0.0,29,29,0.0004887668359735714,0.0,0.0,0.0,0.0
10,random_matched,885.0,12418,31,0.24963762280560478,0.0021464398533010643,0.2640457679331084,62606,62606,1.145580584875007,0.37073170731707317,0.0005651932401177257,0.24963762280560478,0.2640457679331084
10,random,886.0,12418,0,0.0,0.0,0.0,23,23,0.00015491393664278168,0.0,0.0,0.0,0.0
10,random_matched,886.0,12418,31,0.24963762280560478,0.0021464398533010643,0.2640457679331084,62606,62606,1.145580584875007,0.37073170731707317,0.0005651932401177257,0.24963762280560478,0.2640457679331084
10,random,887.0,12418,0,0.0,0.0,0.0,41,41,0.0001358476266141477,0.0,0.0,0.0,0.0
10,random_matched,887.0,12418,31,0.24963762280560478,0.0021464398533010643,0.2640457679331084,62606,62606,1.145580584875007,0.37073170731707317,0.0005651932401177257,0.24963762280560478,0.2640457679331084
10,random,888.0,12418,0,0.0,0.0,0.0,76,76,0.001933435163230071,0.0,0.0,0.0,0.0
10,random_matched,888.0,12418,31,0.24963762280560478,0.0021464398533010643,0.2640457679331084,62606,62606,1.145580584875007,0.37073170731707317,0.0005651932401177257,0.24963762280560478,0.2640457679331084
10,random,889.0,12418,0,0.0,0.0,0.0,23,23,9.582782412914221e-05,0.0,0.0,0.0,0.0
10,random_matched,889.0,12418,31,0.24963762280560478,0.0021464398533010643,0.2640457679331084,62606,62606,1.145580584875007,0.37073170731707317,0.0005651932401177257,0.24963762280560478,0.2640457679331084
10,random,890.0,12418,0,0.0,0.0,0.0,579,579,0.014435940952690265,0.0,0.0,0.0,0.0
10,random_matched,890.0,12418,31,0.24963762280560478,0.0021464398533010643,0.2640457679331084,51961,51961,1.0224874505198993,0.37073170731707317,0.0005651932401177257,0.24963762280560478,0.2640457679331084
10,random,891.0,12418,0,0.0,0.0,0.0,87,87,0.042078699735732444,0.0,0.0,0.0,0.0
10,random_matched,891.0,12418,31,0.24963762280560478,0.0021464398533010643,0.2640457679331084,62606,62606,1.145580584875007,0.37073170731707317,0.0005651932401177257,0.24963762280560478,0.2640457679331084
10,random,892.0,12418,18,0.1449508777580931,1.6928412492090881e-06,0.0,165,165,0.013246433907242927,1.9707317073170731,0.002259201477032533,0.1449508777580931,0.0
10,random_matched,892.0,12418,31,0.24963762280560478,0.0021464398533010643,0.2640457679331084,62606,62606,1.145580584875007,0.37073170731707317,0.0005651932401177257,0.24963762280560478,0.2640457679331084
10,random,893.0,12418,0,0.0,0.0,0.0,59,59,9.334108907510862e-05,0.0,0.0,0.0,0.0
10,random_matched,893.0,12418,31,0.24963762280560478,0.0021464398533010643,0.2640457679331084,62606,62606,1.145580584875007,0.37073170731707317,0.0005651932401177257,0.24963762280560478,0.2640457679331084
10,random,894.0,12418,0,0.0,0.0,0.0,76,76,0.0002600636640219419,0.0,0.0,0.0,0.0
10,random_matched,894.0,12418,31,0.24963762280560478,0.0021464398533010643,0.2640457679331084,62606,62606,1.145580584875007,0.37073170731707317,0.0005651932401177257,0.24963762280560478,0.2640457679331084
10,random,895.0,12418,0,0.0,0.0,0.0,30,30,4.8007131097071285e-05,0.0,0.0,0.0,0.0
10,random_matched,895.0,12418,31,0.24963762280560478,0.0021464398533010643,0.2640457679331084,62606,62606,1.145580584875007,0.37073170731707317,0.0005651932401177257,0.24963762280560478,0.2640457679331084
10,random,896.0,12418,0,0.0,0.0,0.0,29,29,0.0006821111570652044,0.0,0.0,0.0,0.0
10,random_matched,896.0,12418,31,0.24963762280560478,0.0021464398533010643,0.2640457679331084,62606,62606,1.145580584875007,0.37073170731707317,0.0005651932401177257,0.24963762280560478,0.2640457679331084
10,random,897.0,12418,0,0.0,0.0,0.0,42,42,9.199041906463838e-05,0.0,0.0,0.0,0.0
10,random_matched,897.0,12418,31,0.24963762280560478,0.0021464398533010643,0.2640457679331084,51961,51961,1.0224874505198993,0.37073170731707317,0.0005651932401177257,0.24963762280560478,0.2640457679331084
10,random,898.0,12418,0,0.0,0.0,0.0,30,30,0.0035537817989586373,0.0,0.0,0.0,0.0
10,random_matched,898.0,12418,31,0.24963762280560478,0.0021464398533010643,0.2640457679331084,62606,62606,1.145580584875007,0.37073170731707317,0.0005651932401177257,0.24963762280560478,0.2640457679331084
10,random,899.0,12418,0,0.0,0.0,0.0,112,112,0.0006025047858721368,0.0,0.0,0.0,0.0
10,random_matched,899.0,12418,31,0.24963762280560478,0.0021464398533010643,0.2640457679331084,62606,62606,1.145580584875007,0.37073170731707317,0.0005651932401177257,0.24963762280560478,0.2640457679331084
10,random,900.0,12418,0,0.0,0.0,0.0,884,884,0.0027244502933142633,0.0,0.0,0.0,0.0
10,random_matched,900.0,12418,31,0.24963762280560478,0.0021464398533010643,0.2640457679331084,62606,62606,1.145580584875007,0.37073170731707317,0.0005651932401177257,0.24963762280560478,0.2640457679331084
10,random,901.0,12418,0,0.0,0.0,0.0,42,42,0.0002456100195007629,0.0,0.0,0.0,0.0
10,random_matched,901.0,12418,28,0.2254791431792559,0.0021464180719141398,0.220038139944257,51683,51683,1.027369245409947,0.32195121951219513,0.000538144476256573,0.2254791431792559,0.220038139944257
10,random,902.0,12418,0,0.0,0.0,0.0,35,35,0.00023535726720678621,0.0,0.0,0.0,0.0
10,random_matched,902.0,12418,31,0.24963762280560478,0.0021464398533010643,0.2640457679331084,62606,62606,1.145580584875007,0.37073170731707317,0.0005651932401177257,0.24963762280560478,0.2640457679331084
10,random,903.0,12418,0,0.0,0.0,0.0,61,61,0.00012831499227571584,0.0,0.0,0.0,0.0
10,random_matched,903.0,12418,26,0.20937349009502335,0.002146360056070462,0.220038139944257,52130,52130,0.7380750033758122,0.33170731707317075,0.0005651924421454197,0.20937349009502335,0.220038139944257
10,random,904.0,12418,0,0.0,0.0,0.0,186,186,0.00012341931646815243,0.0,0.0,0.0,0.0
10,random_matched,904.0,12418,31,0.24963762280560478,0.0021464398533010643,0.2640457679331084,62606,62606,1.145580584875007,0.37073170731707317,0.0005651932401177257,0.24963762280560478,0.2640457679331084
10,random,905.0,12418,0,0.0,0.0,0.0,51,51,0.028279434044770065,0.0,0.0,0.0,0.0
10,random_matched,905.0,12418,31,0.24963762280560478,0.0021464398533010643,0.2640457679331084,62606,62606,1.145580584875007,0.37073170731707317,0.0005651932401177257,0.24963762280560478,0.2640457679331084
10,random,906.0,12418,0,0.0,0.0,0.0,52,52,0.007796562233139147,0.0,0.0,0.0,0.0
10,random_matched,906.0,12418,31,0.24963762280560478,0.0021464398533010643,0.2640457679331084,51961,51961,1.0224874505198993,0.37073170731707317,0.0005651932401177257,0.24963762280560478,0.2640457679331084
10,random,907.0,12418,0,0.0,0.0,0.0,105,105,0.0006077988221495211,0.0,0.0,0.0,0.0
10,random_matched,907.0,12418,31,0.24963762280560478,0.0021464398533010643,0.2640457679331084,62606,62606,1.145580584875007,0.37073170731707317,0.0005651932401177257,0.24963762280560478,0.2640457679331084
10,random,908.0,12418,0,0.0,0.0,0.0,86,86,0.000395491469669578,0.0,0.0,0.0,0.0
10,random_matched,908.0,12418,24,0.19326783701079078,0.0021458305851602658,0.220038139944257,51064,51064,0.8849681531509063,0.32195121951219513,0.00018525906850673166,0.19326783701079078,0.220038139944257
10,random,909.0,12418,0,0.0,0.0,0.0,72,72,0.002743491119003077,0.00975609756097561,3.990521138107912e-06,0.0,0.0
10,random_matched,909.0,12418,30,0.24158479626348847,0.0021462833123053163,0.24937655860349128,52683,52683,1.1312984137462296,0.35121951219512193,0.0005609670490680272,0.24158479626348847,0.24937655860349128
10,random,910.0,12418,0,0.0,0.0,0.0,49,49,0.0006131089537994235,0.0,0.0,0.0,0.0
10,random_matched,910.0,12418,31,0.24963762280560478,0.0021464398533010643,0.2640457679331084,62606,62606,1.145580584875007,0.37073170731707317,0.0005651932401177257,0.24963762280560478,0.2640457679331084
10,random,911.0,12418,1,0.008052826542116283,7.124752732361482e-09,0.014669209329617133,533,533,0.008030304597969959,0.01951219512195122,1.4083366570215687e-05,0.008052826542116283,0.014669209329617133
10,random_matched,911.0,12418,31,0.24963762280560478,0.0021464398533010643,0.2640457679331084,62606,62606,1.145580584875007,0.37073170731707317,0.0005651932401177257,0.24963762280560478,0.2640457679331084
10,random,912.0,12418,0,0.0,0.0,0.0,27,27,0.00024211464110226693,0.0,0.0,0.0,0.0
10,random_matched,912.0,12418,31,0.24963762280560478,0.0021464398533010643,0.2640457679331084,62606,62606,1.145580584875007,0.37073170731707317,0.0005651932401177257,0.24963762280560478,0.2640457679331084
10,random,913.0,12418,0,0.0,0.0,0.0,37,37,0.005178447359646204,0.0,0.0,0.0,0.0
10,random_matched,913.0,12418,31,0.24963762280560478,0.0021464398533010643,0.2640457679331084,62606,62606,1.145580584875007,0.37073170731707317,0.0005651932401177257,0.24963762280560478,0.2640457679331084
10,random,914.0,12418,0,0.0,0.0,0.0,23,23,7.847701255472016e-05,0.0,0.0,0.0,0.0
10,random_matched,914.0,12418,31,0.24963762280560478,0.0021464398533010643,0.2640457679331084,62606,62606,1.145580584875007,0.37073170731707317,0.0005651932401177257,0.24963762280560478,0.2640457679331084
10,random,915.0,12418,16,0.12884522467386053,3.076916071434007e-05,0.0,284,284,0.19438584191702554,0.15609756097560976,3.079158616556325e-07,0.12884522467386053,0.0
10,random_matched,915.0,12418,28,0.2254791431792559,0.0021464180719141398,0.220038139944257,51683,51683,1.027369245409947,0.32195121951219513,0.000538144476256573,0.2254791431792559,0.220038139944257
10,random,916.0,12418,0,0.0,0.0,0.0,29,29,0.00016406549720031737,0.0,0.0,0.0,0.0
10,random_matched,916.0,12418,31,0.24963762280560478,0.0021464398533010643,0.2640457679331084,62606,62606,1.145580584875007,0.37073170731707317,0.0005651932401177257,0.24963762280560478,0.2640457679331084
10,random,917.0,12418,0,0.0,0.0,0.0,77,77,0.00019670959522894167,0.0,0.0,0.0,0.0
10,random_matched,917.0,12418,31,0.24963762280560478,0.0021464398533010643,0.2640457679331084,62606,62606,1.145580584875007,0.37073170731707317,0.0005651932401177257,0.24963762280560478,0.2640457679331084
10,random,918.0,12418,0,0.0,0.0,0.0,1445,1445,0.007087642891864142,0.0,0.0,0.0,0.0
10,random_matched,918.0,12418,31,0.24963762280560478,0.0021464398533010643,0.2640457679331084,62606,62606,1.145580584875007,0.37073170731707317,0.0005651932401177257,0.24963762280560478,0.2640457679331084
10,random,919.0,12418,0,0.0,0.0,0.0,104,104,0.00013866297552375746,0.0,0.0,0.0,0.0
10,random_matched,919.0,12418,31,0.24963762280560478,0.0021464398533010643,0.2640457679331084,62606,62606,1.145580584875007,0.37073170731707317,0.0005651932401177257,0.24963762280560478,0.2640457679331084
10,random,920.0,12418,0,0.0,0.0,0.0,35,35,4.6589397034442647e-05,0.0,0.0,0.0,0.0
10,random_matched,920.0,12418,24,0.19326783701079078,0.0021458305851602658,0.220038139944257,51064,51064,0.8849681531509063,0.32195121951219513,0.00018525906850673166,0.19326783701079078,0.220038139944257
10,random,921.0,12418,0,0.0,0.0,0.0,26,26,0.0013492817845905598,0.0,0.0,0.0,0.0
10,random_matched,921.0,12418,31,0.24963762280560478,0.0021464398533010643,0.2640457679331084,62606,62606,1.145580584875007,0.37073170731707317,0.0005651932401177257,0.24963762280560478,0.2640457679331084
10,random,922.0,12418,0,0.0,0.0,0.0,48,48,0.00044442542596747844,0.0,0.0,0.0,0.0
10,random_matched,922.0,12418,31,0.24963762280560478,0.0021464398533010643,0.2640457679331084,62606,62606,1.145580584875007,0.37073170731707317,0.0005651932401177257,0.24963762280560478,0.2640457679331084
10,random,923.0,12418,0,0.0,0.0,0.0,30,30,0.0006923907349800445,0.0,0.0,0.0,0.0
10,random_matched,923.0,12418,28,0.2254791431792559,0.0021464180719141398,0.220038139944257,51683,51683,1.027369245409947,0.32195121951219513,0.000538144476256573,0.2254791431792559,0.220038139944257
10,random,924.0,12418,0,0.0,0.0,0.0,26,26,0.0002944152128185192,0.0,0.0,0.0,0.0
10,random_matched,924.0,12418,31,0.24963762280560478,0.0021464398533010643,0.2640457679331084,62606,62606,1.145580584875007,0.37073170731707317,0.0005651932401177257,0.24963762280560478,0.2640457679331084
10,random,925.0,12418,0,0.0,0.0,0.0,57,57,0.0011630462530277175,0.0,0.0,0.0,0.0
10,random_matched,925.0,12418,31,0.24963762280560478,0.0021464398533010643,0.2640457679331084,62606,62606,1.145580584875007,0.37073170731707317,0.0005651932401177257,0.24963762280560478,0.2640457679331084
10,random,926.0,12418,0,0.0,0.0,0.0,52,52,0.0004949917212949144,0.0,0.0,0.0,0.0
10,random_matched,926.0,12418,26,0.20937349009502335,0.002146360056070462,0.220038139944257,52130,52130,0.7380750033758122,0.33170731707317075,0.0005651924421454197,0.20937349009502335,0.220038139944257
10,random,927.0,12418,0,0.0,0.0,0.0,34,34,0.000168037030369138,0.0,0.0,0.0,0.0
10,random_matched,927.0,12418,31,0.24963762280560478,0.0021464398533010643,0.2640457679331084,62606,62606,1.145580584875007,0.37073170731707317,0.0005651932401177257,0.24963762280560478,0.2640457679331084
10,random,928.0,12418,0,0.0,0.0,0.0,107,107,0.0003404171287560542,0.0,0.0,0.0,0.0
10,random_matched,928.0,12418,31,0.24963762280560478,0.0021464398533010643,0.2640457679331084,62606,62606,1.145580584875007,0.37073170731707317,0.0005651932401177257,0.24963762280560478,0.2640457679331084
10,random,929.0,12418,0,0.0,0.0,0.0,53,53,0.0008740739586823743,0.0,7.884819639255252e-08,0.0,0.0
10,random_matched,929.0,12418,24,0.19326783701079078,0.0021458305851602658,0.220038139944257,51064,51064,0.8849681531509063,0.32195121951219513,0.00018525906850673166,0.19326783701079078,0.220038139944257
10,random,930.0,12418,0,0.0,0.0,0.0,124,124,0.0009093885472679463,0.0,0.0,0.0,0.0
10,random_matched,930.0,12418,31,0.24963762280560478,0.0021464398533010643,0.2640457679331084,62606,62606,1.145580584875007,0.37073170731707317,0.0005651932401177257,0.24963762280560478,0.2640457679331084
10,random,931.0,12418,1,0.008052826542116283,1.1196040007996614e-08,0.014669209329617133,44,44,0.00017630066287609644,0.04878048780487805,2.629885609701702e-06,0.008052826542116283,0.014669209329617133
10,random_matched,931.0,12418,31,0.24963762280560478,0.0021464398533010643,0.2640457679331084,62606,62606,1.145580584875007,0.37073170731707317,0.0005651932401177257,0.24963762280560478,0.2640457679331084
10,random,932.0,12418,0,0.0,0.0,0.0,25,25,7.453901141197873e-05,0.0,0.0,0.0,0.0
10,random_matched,932.0,12418,28,0.2254791431792559,0.0021464180719141398,0.220038139944257,51683,51683,1.027369245409947,0.32195121951219513,0.000538144476256573,0.2254791431792559,0.220038139944257
10,random,933.0,12418,0,0.0,0.0,0.0,62,62,0.0005225805310718382,0.0,0.0,0.0,0.0
10,random_matched,933.0,12418,30,0.24158479626348847,0.0021462833123053163,0.24937655860349128,52683,52683,1.1312984137462296,0.35121951219512193,0.0005609670490680272,0.24158479626348847,0.24937655860349128
10,random,934.0,12418,0,0.0,0.0,0.0,29,29,0.000504876962583063,0.0,0.0,0.0,0.0
10,random_matched,934.0,12418,31,0.24963762280560478,0.0021464398533010643,0.2640457679331084,62606,62606,1.145580584875007,0.37073170731707317,0.0005651932401177257,0.24963762280560478,0.2640457679331084
10,random,935.0,12418,0,0.0,0.0,0.0,39,39,0.0002641304281448275,0.0,0.0,0.0,0.0
10,random_matched,935.0,12418,31,0.24963762280560478,0.0021464398533010643,0.2640457679331084,62606,62606,1.145580584875007,0.37073170731707317,0.0005651932401177257,0.24963762280560478,0.2640457679331084
10,random,936.0,12418,0,0.0,0.0,0.0,41,41,0.000584613438037318,0.0,0.0,0.0,0.0
10,random_matched,936.0,12418,31,0.24963762280560478,0.0021464398533010643,0.2640457679331084,62606,62606,1.145580584875007,0.37073170731707317,0.0005651932401177257,0.24963762280560478,0.2640457679331084
10,random,937.0,12418,0,0.0,0.0,0.0,455,455,0.0037682472726370377,0.0,0.0,0.0,0.0
10,random_matched,937.0,12418,16,0.12884522467386053,8.67387754074065e-07,0.14669209329617133,53518,53518,0.923705627918434,0.15609756097560976,0.0004112099244941513,0.12884522467386053,0.14669209329617133
10,random,938.0,12418,0,0.0,0.0,0.0,31,31,0.0001413146881461007,0.0,0.0,0.0,0.0
10,random_matched,938.0,12418,31,0.24963762280560478,0.0021464398533010643,0.2640457679331084,62606,62606,1.145580584875007,0.37073170731707317,0.0005651932401177257,0.24963762280560478,0.2640457679331084
10,random,939.0,12418,0,0.0,0.0,0.0,583,583,0.0006706324738977722,0.0,0.0,0.0,0.0
10,random_matched,939.0,12418,28,0.2254791431792559,0.0021464180719141398,0.220038139944257,51683,51683,1.027369245409947,0.32195121951219513,0.000538144476256573,0.2254791431792559,0.220038139944257
10,random,940.0,12418,0,0.0,0.0,0.0,30,30,0.005638634179151951,0.0,0.0,0.0,0.0
10,random_matched,940.0,12418,31,0.24963762280560478,0.0021464398533010643,0.2640457679331084,62606,62606,1.145580584875007,0.37073170731707317,0.0005651932401177257,0.24963762280560478,0.2640457679331084
10,random,941.0,12418,0,0.0,0.0,0.0,81,81,0.0014987984063156332,0.0,0.0,0.0,0.0
10,random_matched,941.0,12418,31,0.24963762280560478,0.0021464398533010643,0.2640457679331084,62606,62606,1.145580584875007,0.37073170731707317,0.0005651932401177257,0.24963762280560478,0.2640457679331084
10,random,942.0,12418,0,0.0,0.0,0.0,92,92,0.0017699088610091073,0.0,0.0,0.0,0.0
10,random_matched,942.0,12418,31,0.24963762280560478,0.0021464398533010643,0.2640457679331084,62606,62606,1.145580584875007,0.37073170731707317,0.0005651932401177257,0.24963762280560478,0.2640457679331084
10,random,943.0,12418,2,0.016105653084232566,0.0,0.029338418659234266,81,81,0.003902188938888844,0.0,3.46475337328454e-06,0.016105653084232566,0.029338418659234266
10,random_matched,943.0,12418,31,0.24963762280560478,0.0021464398533010643,0.2640457679331084,62606,62606,1.145580584875007,0.37073170731707317,0.0005651932401177257,0.24963762280560478,0.2640457679331084
10,random,944.0,12418,0,0.0,0.0,0.0,25,25,7.90591285274551e-05,0.0,0.0,0.0,0.0
10,random_matched,944.0,12418,31,0.24963762280560478,0.0021464398533010643,0.2640457679331084,62606,62606,1.145580584875007,0.37073170731707317,0.0005651932401177257,0.24963762280560478,0.2640457679331084
10,random,945.0,12418,0,0.0,0.0,0.0,155,155,0.000552921649549343,0.0,0.0,0.0,0.0
10,random_matched,945.0,12418,31,0.24963762280560478,0.0021464398533010643,0.2640457679331084,62606,62606,1.145580584875007,0.37073170731707317,0.0005651932401177257,0.24963762280560478,0.2640457679331084
10,random,946.0,12418,0,0.0,0.0,0.0,34,34,0.0001331261673775597,0.0,2.611946053322852e-09,0.0,0.0
10,random_matched,946.0,12418,24,0.19326783701079078,0.0021458305851602658,0.220038139944257,51064,51064,0.8849681531509063,0.32195121951219513,0.00018525906850673166,0.19326783701079078,0.220038139944257
10,random,947.0,12418,0,0.0,0.0,0.0,54,54,0.03659974506476965,0.0,0.0,0.0,0.0
10,random_matched,947.0,12418,31,0.24963762280560478,0.0021464398533010643,0.2640457679331084,62606,62606,1.145580584875007,0.37073170731707317,0.0005651932401177257,0.24963762280560478,0.2640457679331084
10,random,948.0,12418,0,0.0,0.0,0.0,31,31,8.184094541098565e-05,0.0,0.0,0.0,0.0
10,random_matched,948.0,12418,31,0.24963762280560478,0.0021464398533010643,0.2640457679331084,62606,62606,1.145580584875007,0.37073170731707317,0.0005651932401177257,0.24963762280560478,0.2640457679331084
10,random,949.0,12418,0,0.0,0.0,0.0,76,76,0.0005869512908955599,0.0,0.0,0.0,0.0
10,random_matched,949.0,12418,31,0.24963762280560478,0.0021464398533010643,0.2640457679331084,62606,62606,1.145580584875007,0.37073170731707317,0.0005651932401177257,0.24963762280560478,0.2640457679331084
10,random,950.0,12418,0,0.0,0.0,0.0,30,30,0.0001077679079754243,0.0,0.0,0.0,0.0
10,random_matched,950.0,12418,31,0.24963762280560478,0.0021464398533010643,0.2640457679331084,62606,62606,1.145580584875007,0.37073170731707317,0.0005651932401177257,0.24963762280560478,0.2640457679331084
10,random,951.0,12418,0,0.0,0.0,0.0,317,317,0.0014463248093448122,0.0,0.0,0.0,0.0
10,random_matched,951.0,12418,31,0.24963762280560478,0.0021464398533010643,0.2640457679331084,62606,62606,1.145580584875007,0.37073170731707317,0.0005651932401177257,0.24963762280560478,0.2640457679331084
10,random,952.0,12418,0,0.0,0.0,0.0,76,76,0.0029630534606455163,0.0,0.0,0.0,0.0
10,random_matched,952.0,12418,26,0.20937349009502335,0.002146360056070462,0.220038139944257,52130,52130,0.7380750033758122,0.33170731707317075,0.0005651924421454197,0.20937349009502335,0.220038139944257
10,random,953.0,12418,0,0.0,0.0,0.0,29,29,0.0003835741876010298,0.0,0.0,0.0,0.0
10,random_matched,953.0,12418,31,0.24963762280560478,0.0021464398533010643,0.2640457679331084,51961,51961,1.0224874505198993,0.37073170731707317,0.0005651932401177257,0.24963762280560478,0.2640457679331084
10,random,954.0,12418,0,0.0,0.0,0.0,36,36,0.00018195818631617933,0.0,0.0,0.0,0.0
10,random_matched,954.0,12418,31,0.24963762280560478,0.0021464398533010643,0.2640457679331084,62606,62606,1.145580584875007,0.37073170731707317,0.0005651932401177257,0.24963762280560478,0.2640457679331084
10,random,955.0,12418,0,0.0,0.0,0.0,32,32,0.0004813938140792766,0.0,0.0,0.0,0.0
10,random_matched,955.0,12418,31,0.24963762280560478,0.0021464398533010643,0.2640457679331084,62606,62606,1.145580584875007,0.37073170731707317,0.0005651932401177257,0.24963762280560478,0.2640457679331084
10,random,956.0,12418,0,0.0,0.0,0.0,25,25,0.0002351654640176132,0.0,0.0,0.0,0.0
10,random_matched,956.0,12418,31,0.24963762280560478,0.0021464398533010643,0.2640457679331084,62606,62606,1.145580584875007,0.37073170731707317,0.0005651932401177257,0.24963762280560478,0.2640457679331084
10,random,957.0,12418,0,0.0,0.0,0.0,376,376,0.002462012561845914,0.0,0.0,0.0,0.0
10,random_matched,957.0,12418,30,0.24158479626348847,0.0021462833123053163,0.24937655860349128,52683,52683,1.1312984137462296,0.35121951219512193,0.0005609670490680272,0.24158479626348847,0.24937655860349128
10,random,958.0,12418,0,0.0,0.0,0.0,685,685,0.0006129815321003225,0.0,0.0,0.0,0.0
10,random_matched,958.0,12418,31,0.24963762280560478,0.0021464398533010643,0.2640457679331084,62606,62606,1.145580584875007,0.37073170731707317,0.0005651932401177257,0.24963762280560478,0.2640457679331084
10,random,959.0,12418,0,0.0,0.0,0.0,24,24,3.377882179114448e-05,0.0,0.0,0.0,0.0
10,random_matched,959.0,12418,31,0.24963762280560478,0.0021464398533010643,0.2640457679331084,62606,62606,1.145580584875007,0.37073170731707317,0.0005651932401177257,0.24963762280560478,0.2640457679331084
10,random,960.0,12418,0,0.0,0.0,0.0,46,46,0.00029441655409956233,0.0,0.0,0.0,0.0
10,random_matched,960.0,12418,31,0.24963762280560478,0.0021464398533010643,0.2640457679331084,62606,62606,1.145580584875007,0.37073170731707317,0.0005651932401177257,0.24963762280560478,0.2640457679331084
10,random,961.0,12418,0,0.0,0.0,0.0,128,128,0.00016328487163319358,0.0,0.0,0.0,0.0
10,random_matched,961.0,12418,31,0.24963762280560478,0.0021464398533010643,0.2640457679331084,62606,62606,1.145580584875007,0.37073170731707317,0.0005651932401177257,0.24963762280560478,0.2640457679331084
10,random,962.0,12418,0,0.0,0.0,0.0,39,39,0.000130534812402159,0.0,0.0,0.0,0.0
10,random_matched,962.0,12418,31,0.24963762280560478,0.0021464398533010643,0.2640457679331084,62606,62606,1.145580584875007,0.37073170731707317,0.0005651932401177257,0.24963762280560478,0.2640457679331084
10,random,963.0,12418,0,0.0,0.0,0.0,272,272,0.001208238035215179,0.0,0.0,0.0,0.0
10,random_matched,963.0,12418,31,0.24963762280560478,0.0021464398533010643,0.2640457679331084,62606,62606,1.145580584875007,0.37073170731707317,0.0005651932401177257,0.24963762280560478,0.2640457679331084
10,random,964.0,12418,0,0.0,0.0,0.0,58,58,0.0012909145987160585,0.0,4.611041270511002e-10,0.0,0.0
10,random_matched,964.0,12418,31,0.24963762280560478,0.0021464398533010643,0.2640457679331084,62606,62606,1.145580584875007,0.37073170731707317,0.0005651932401177257,0.24963762280560478,0.2640457679331084
10,random,965.0,12418,0,0.0,0.0,0.0,152,152,0.0017717692178159815,0.0,0.0,0.0,0.0
10,random_matched,965.0,12418,30,0.24158479626348847,0.0021462833123053163,0.24937655860349128,52683,52683,1.1312984137462296,0.35121951219512193,0.0005609670490680272,0.24158479626348847,0.24937655860349128
10,random,966.0,12418,0,0.0,0.0,0.0,289,289,0.0008450244938494404,0.0,0.0,0.0,0.0
10,random_matched,966.0,12418,28,0.2254791431792559,0.0021464180719141398,0.220038139944257,51683,51683,1.027369245409947,0.32195121951219513,0.000538144476256573,0.2254791431792559,0.220038139944257
10,random,967.0,12418,0,0.0,0.0,0.0,410,410,0.0071548987472117185,0.0,0.0,0.0,0.0
10,random_matched,967.0,12418,31,0.24963762280560478,0.0021464398533010643,0.2640457679331084,62606,62606,1.145580584875007,0.37073170731707317,0.0005651932401177257,0.24963762280560478,0.2640457679331084
10,random,968.0,12418,0,0.0,0.0,0.0,47,47,4.823514887440986e-05,0.0,0.0,0.0,0.0
10,random_matched,968.0,12418,31,0.24963762280560478,0.0021464398533010643,0.2640457679331084,62606,62606,1.145580584875007,0.37073170731707317,0.0005651932401177257,0.24963762280560478,0.2640457679331084
10,random,969.0,12418,0,0.0,0.0,0.0,130,130,0.0007147230643487927,0.0,0.0,0.0,0.0
10,random_matched,969.0,12418,16,0.12884522467386053,8.67387754074065e-07,0.14669209329617133,53518,53518,0.923705627918434,0.15609756097560976,0.0004112099244941513,0.12884522467386053,0.14669209329617133
10,random,970.0,12418,0,0.0,0.0,0.0,35,35,0.002277035151901563,0.0,0.0,0.0,0.0
10,random_matched,970.0,12418,24,0.19326783701079078,0.0021458305851602658,0.220038139944257,51064,51064,0.8849681531509063,0.32195121951219513,0.00018525906850673166,0.19326783701079078,0.220038139944257
10,random,971.0,12418,0,0.0,0.0,0.0,63,63,0.00018165103295729384,0.0,0.0,0.0,0.0
10,random_matched,971.0,12418,31,0.24963762280560478,0.0021464398533010643,0.2640457679331084,62606,62606,1.145580584875007,0.37073170731707317,0.0005651932401177257,0.24963762280560478,0.2640457679331084
10,random,972.0,12418,0,0.0,0.0,0.0,575,575,0.002333634529361169,0.0,0.0,0.0,0.0
10,random_matched,972.0,12418,31,0.24963762280560478,0.0021464398533010643,0.2640457679331084,62606,62606,1.145580584875007,0.37073170731707317,0.0005651932401177257,0.24963762280560478,0.2640457679331084
10,random,973.0,12418,0,0.0,0.0,0.0,119,119,0.0018972058209730585,0.0,0.0,0.0,0.0
10,random_matched,973.0,12418,30,0.24158479626348847,0.0021462833123053163,0.24937655860349128,52683,52683,1.1312984137462296,0.35121951219512193,0.0005609670490680272,0.24158479626348847,0.24937655860349128
10,random,974.0,12418,0,0.0,0.0,0.0,76,76,0.0004937724968266746,0.0,0.0,0.0,0.0
10,random_matched,974.0,12418,26,0.20937349009502335,0.002146360056070462,0.220038139944257,52130,52130,0.7380750033758122,0.33170731707317075,0.0005651924421454197,0.20937349009502335,0.220038139944257
10,random,975.0,12418,0,0.0,0.0,0.0,140,140,0.00047557399563297035,0.0,0.0,0.0,0.0
10,random_matched,975.0,12418,31,0.24963762280560478,0.0021464398533010643,0.2640457679331084,51961,51961,1.0224874505198993,0.37073170731707317,0.0005651932401177257,0.24963762280560478,0.2640457679331084
10,random,976.0,12418,3,0.024158479626348848,2.1781386924647958e-08,0.044007627988851404,12835,12835,0.12691026059151966,0.04878048780487805,2.7048763861152756e-05,0.024158479626348848,0.044007627988851404
10,random_matched,976.0,12418,31,0.24963762280560478,0.0021464398533010643,0.2640457679331084,62606,62606,1.145580584875007,0.37073170731707317,0.0005651932401177257,0.24963762280560478,0.2640457679331084
10,random,977.0,12418,0,0.0,0.0,0.0,34,34,0.00020075489885513654,0.0,0.0,0.0,0.0
10,random_matched,977.0,12418,31,0.24963762280560478,0.0021464398533010643,0.2640457679331084,62606,62606,1.145580584875007,0.37073170731707317,0.0005651932401177257,0.24963762280560478,0.2640457679331084
10,random,978.0,12418,0,0.0,0.0,0.0,375,375,0.0015238173216138471,0.0,0.0,0.0,0.0
10,random_matched,978.0,12418,31,0.24963762280560478,0.0021464398533010643,0.2640457679331084,62606,62606,1.145580584875007,0.37073170731707317,0.0005651932401177257,0.24963762280560478,0.2640457679331084
10,random,979.0,12418,0,0.0,0.0,0.0,33,33,7.164989204499472e-05,0.0,0.0,0.0,0.0
10,random_matched,979.0,12418,31,0.24963762280560478,0.0021464398533010643,0.2640457679331084,62606,62606,1.145580584875007,0.37073170731707317,0.0005651932401177257,0.24963762280560478,0.2640457679331084
10,random,980.0,12418,0,0.0,0.0,0.0,40,40,0.00010340740330408493,0.0,0.0,0.0,0.0
10,random_matched,980.0,12418,24,0.19326783701079078,0.0021458305851602658,0.220038139944257,51064,51064,0.8849681531509063,0.32195121951219513,0.00018525906850673166,0.19326783701079078,0.220038139944257
10,random,981.0,12418,0,0.0,0.0,0.0,764,764,0.0023763999341415397,0.0,0.0,0.0,0.0
10,random_matched,981.0,12418,31,0.24963762280560478,0.0021464398533010643,0.2640457679331084,62606,62606,1.145580584875007,0.37073170731707317,0.0005651932401177257,0.24963762280560478,0.2640457679331084
10,random,982.0,12418,0,0.0,0.0,0.0,36,36,0.00033138896605449,0.0,0.0,0.0,0.0
10,random_matched,982.0,12418,26,0.20937349009502335,0.002146360056070462,0.220038139944257,52130,52130,0.7380750033758122,0.33170731707317075,0.0005651924421454197,0.20937349009502335,0.220038139944257
10,random,983.0,12418,0,0.0,0.0,0.0,34,34,0.0032637177018441555,0.0,0.0,0.0,0.0
10,random_matched,983.0,12418,31,0.24963762280560478,0.0021464398533010643,0.2640457679331084,62606,62606,1.145580584875007,0.37073170731707317,0.0005651932401177257,0.24963762280560478,0.2640457679331084
10,random,984.0,12418,0,0.0,0.0,0.0,45,45,0.0002392925857874413,0.0,0.0,0.0,0.0
10,random_matched,984.0,12418,31,0.24963762280560478,0.0021464398533010643,0.2640457679331084,62606,62606,1.145580584875007,0.37073170731707317,0.0005651932401177257,0.24963762280560478,0.2640457679331084
10,random,985.0,12418,0,0.0,0.0,0.0,449,449,0.0006858721091102477,0.0,0.0,0.0,0.0
10,random_matched,985.0,12418,31,0.24963762280560478,0.0021464398533010643,0.2640457679331084,62606,62606,1.145580584875007,0.37073170731707317,0.0005651932401177257,0.24963762280560478,0.2640457679331084
10,random,986.0,12418,0,0.0,0.0,0.0,28,28,6.156882372454356e-05,0.0,0.0,0.0,0.0
10,random_matched,986.0,12418,31,0.24963762280560478,0.0021464398533010643,0.2640457679331084,51961,51961,1.0224874505198993,0.37073170731707317,0.0005651932401177257,0.24963762280560478,0.2640457679331084
10,random,987.0,12418,0,0.0,0.0,0.0,35,35,0.0002490611356248343,0.0,0.0,0.0,0.0
10,random_matched,987.0,12418,31,0.24963762280560478,0.0021464398533010643,0.2640457679331084,51961,51961,1.0224874505198993,0.37073170731707317,0.0005651932401177257,0.24963762280560478,0.2640457679331084
10,random,988.0,12418,0,0.0,0.0,0.0,135,135,0.0009595430693151296,0.0,0.0,0.0,0.0
10,random_matched,988.0,12418,28,0.2254791431792559,0.0021464180719141398,0.220038139944257,51683,51683,1.027369245409947,0.32195121951219513,0.000538144476256573,0.2254791431792559,0.220038139944257
10,random,989.0,12418,0,0.0,0.0,0.0,47,47,0.0006370709396356209,0.00975609756097561,8.630849409936882e-07,0.0,0.0
10,random_matched,989.0,12418,31,0.24963762280560478,0.0021464398533010643,0.2640457679331084,62606,62606,1.145580584875007,0.37073170731707317,0.0005651932401177257,0.24963762280560478,0.2640457679331084
10,random,990.0,12418,1,0.008052826542116283,0.0,0.014669209329617133,32,32,0.0013097931293986488,0.0,0.0,0.008052826542116283,0.014669209329617133
10,random_matched,990.0,12418,31,0.24963762280560478,0.0021464398533010643,0.2640457679331084,62606,62606,1.145580584875007,0.37073170731707317,0.0005651932401177257,0.24963762280560478,0.2640457679331084
10,random,991.0,12418,0,0.0,0.0,0.0,100,100,0.000739178641608876,0.0,0.0,0.0,0.0
10,random_matched,991.0,12418,31,0.24963762280560478,0.0021464398533010643,0.2640457679331084,62606,62606,1.145580584875007,0.37073170731707317,0.0005651932401177257,0.24963762280560478,0.2640457679331084
10,random,992.0,12418,0,0.0,0.0,0.0,55,55,0.007815903505781631,0.0,7.998217993591403e-10,0.0,0.0
10,random_matched,992.0,12418,31,0.24963762280560478,0.0021464398533010643,0.2640457679331084,62606,62606,1.145580584875007,0.37073170731707317,0.0005651932401177257,0.24963762280560478,0.2640457679331084
10,random,993.0,12418,0,0.0,0.0,0.0,84,84,0.0021203373114713677,0.0,0.0,0.0,0.0
10,random_matched,993.0,12418,26,0.20937349009502335,0.002146360056070462,0.220038139944257,52130,52130,0.7380750033758122,0.33170731707317075,0.0005651924421454197,0.20937349009502335,0.220038139944257
10,random,994.0,12418,0,0.0,0.0,0.0,24,24,0.0002474502570919895,0.0,0.0,0.0,0.0
10,random_matched,994.0,12418,31,0.24963762280560478,0.0021464398533010643,0.2640457679331084,62606,62606,1.145580584875007,0.37073170731707317,0.0005651932401177257,0.24963762280560478,0.2640457679331084
10,random,995.0,12418,0,0.0,0.0,0.0,23,23,9.794704817734775e-05,0.0,0.0,0.0,0.0
10,random_matched,995.0,12418,31,0.24963762280560478,0.0021464398533010643,0.2640457679331084,62606,62606,1.145580584875007,0.37073170731707317,0.0005651932401177257,0.24963762280560478,0.2640457679331084
10,random,996.0,12418,0,0.0,0.0,0.0,33,33,0.038806047760859746,0.0,0.0,0.0,0.0
10,random_matched,996.0,12418,31,0.24963762280560478,0.0021464398533010643,0.2640457679331084,51961,51961,1.0224874505198993,0.37073170731707317,0.0005651932401177257,0.24963762280560478,0.2640457679331084
10,random,997.0,12418,0,0.0,0.0,0.0,71,71,0.0002970400998199991,0.0,0.0,0.0,0.0
10,random_matched,997.0,12418,16,0.12884522467386053,8.67387754074065e-07,0.14669209329617133,53518,53518,0.923705627918434,0.15609756097560976,0.0004112099244941513,0.12884522467386053,0.14669209329617133
10,random,998.0,12418,1,0.008052826542116283,2.957790205748924e-07,0.014669209329617133,1367,1367,0.0031409220810610762,0.00975609756097561,5.622447727652118e-09,0.008052826542116283,0.014669209329617133
10,random_matched,998.0,12418,24,0.19326783701079078,0.0021458305851602658,0.220038139944257,51064,51064,0.8849681531509063,0.32195121951219513,0.00018525906850673166,0.19326783701079078,0.220038139944257
10,random,999.0,12418,1,0.008052826542116283,6.491667561000219e-07,0.014669209329617133,1699,1699,0.006724021601061281,0.00975609756097561,6.491667561000219e-09,0.008052826542116283,0.014669209329617133
10,random_matched,999.0,12418,26,0.20937349009502335,0.002146360056070462,0.220038139944257,52130,52130,0.7380750033758122,0.33170731707317075,0.0005651924421454197,0.20937349009502335,0.220038139944257
