k,strategy,seed,options_total,options_lost,pct_options_lost,pct_option_demand_lost,pct_commercial_options_lost,models_lost,models_lost_incl_flagged,pct_downloads_lost,pct_options_degraded90,demand_weighted_degradation,pct_collateral_options_lost,pct_collateral_commercial_lost
5,descendants,,12313,104,0.8446357508324535,7.082260741476647e-06,1.4486326681448634,80898,88737,1.0658551866145654,0.2838128792327266,0.0062417129074619744,0.8446357508324535,1.4486326681448634
5,descendant_authors,,12313,104,0.8446357508324535,7.082260741476647e-06,1.4486326681448634,87697,102196,2.0523934067913356,0.2838128792327266,0.0062417129074619744,0.8446357508324535,1.4486326681448634
5,downloads,,12313,4,0.032485990416632825,0.0,0.059127864005912786,8645,9612,16.416223740418324,0.009786651008025053,0.03286896884429455,0.032485990416632825,0.059127864005912786
5,outdegree,,12313,80,0.6497198083326565,0.0,1.1382113821138211,48223,144652,1.1216992306328692,0.048933255040125266,0.00010324046465199439,0.6497198083326565,1.1382113821138211
5,random,0.0,12313,0,0.0,0.0,0.0,16,16,9.764247279251532e-06,0.0,0.0,0.0,0.0
5,random_matched,0.0,12313,3,0.02436449281247462,2.1803484271435184e-08,0.04434589800443459,29451,34313,0.38128146093906407,0.048933255040125266,2.7092164426761893e-05,0.02436449281247462,0.04434589800443459
5,random,1.0,12313,0,0.0,0.0,0.0,28,28,0.00018067029868261436,0.0,0.0,0.0,0.0
5,random_matched,1.0,12313,7,0.05685048322910745,6.098862469570608e-07,0.04434589800443459,20463,22187,0.3854411450264677,0.048933255040125266,0.000378048884501805,0.05685048322910745,0.04434589800443459
5,random,2.0,12313,0,0.0,0.0,0.0,39,39,5.571952252884101e-05,0.0,0.0,0.0,0.0
5,random_matched,2.0,12313,10,0.08121497604158207,6.31689731228496e-07,0.08869179600886919,40048,45855,0.642926916100643,0.09786651008025053,0.00040514104892856685,0.08121497604158207,0.08869179600886919
5,random,3.0,12313,0,0.0,0.0,0.0,352,354,0.002112668300990087,0.0,0.0,0.0,0.0
5,random_matched,3.0,12313,7,0.05685048322910745,6.098862469570608e-07,0.04434589800443459,30944,34964,0.5241210967849049,0.048933255040125266,0.0003780666605258552,0.05685048322910745,0.04434589800443459
5,random,4.0,12313,0,0.0,0.0,0.0,22,22,8.550229917405701e-05,0.0,0.0,0.0,0.0
5,random_matched,4.0,12313,0,0.0,0.0,0.0,20347,23422,0.262475641623326,0.0,1.777602405020832e-08,0.0,0.0
5,random,5.0,12313,0,0.0,0.0,0.0,25,25,0.00010895377210854583,0.0,0.0,0.0,0.0
5,random_matched,5.0,12313,7,0.05685048322910745,6.098862469570608e-07,0.04434589800443459,30944,34964,0.5241210967849049,0.048933255040125266,0.0003780666605258552,0.05685048322910745,0.04434589800443459
5,random,6.0,12313,0,0.0,0.0,0.0,831,871,0.0016292280390781328,0.0,0.0,0.0,0.0
5,random_matched,6.0,12313,10,0.08121497604158207,6.31689731228496e-07,0.08869179600886919,30182,35210,0.5191312262357544,0.09786651008025053,0.00040514104892856685,0.08121497604158207,0.08869179600886919
5,random,7.0,12313,0,0.0,0.0,0.0,35,35,0.00016397266635895027,0.0,0.0,0.0,0.0
5,random_matched,7.0,12313,10,0.08121497604158207,6.31689731228496e-07,0.08869179600886919,30182,35210,0.5191312262357544,0.09786651008025053,0.00040514104892856685,0.08121497604158207,0.08869179600886919
5,random,8.0,12313,0,0.0,0.0,0.0,14,14,0.0014349015637776686,0.0,0.0,0.0,0.0
5,random_matched,8.0,12313,10,0.08121497604158207,6.31689731228496e-07,0.08869179600886919,40048,45855,0.642926916100643,0.09786651008025053,0.00040514104892856685,0.08121497604158207,0.08869179600886919
5,random,9.0,12313,0,0.0,0.0,0.0,13,13,3.8426558662227964e-05,0.0,0.0,0.0,0.0
5,random_matched,9.0,12313,3,0.02436449281247462,2.1803484271435184e-08,0.04434589800443459,19002,21568,0.24265931303853505,0.048933255040125266,2.7074388402711684e-05,0.02436449281247462,0.04434589800443459
5,random,10.0,12313,0,0.0,0.0,0.0,16,16,4.779256828803291e-05,0.0,0.0,0.0,0.0
5,random_matched,10.0,12313,10,0.08121497604158207,6.31689731228496e-07,0.08869179600886919,30182,35210,0.5191312262357544,0.09786651008025053,0.00040514104892856685,0.08121497604158207,0.08869179600886919
5,random,11.0,12313,0,0.0,0.0,0.0,62,62,0.00033197225787122664,0.0,0.0,0.0,0.0
5,random_matched,11.0,12313,7,0.05685048322910745,6.098862469570608e-07,0.04434589800443459,21078,24319,0.4003254069200163,0.048933255040125266,0.0003780666605258552,0.05685048322910745,0.04434589800443459
5,random,12.0,12313,0,0.0,0.0,0.0,265,272,0.03861597398978864,0.0,0.0,0.0,0.0
5,random_matched,12.0,12313,3,0.02436449281247462,2.1803484271435184e-08,0.04434589800443459,29451,34313,0.38128146093906407,0.048933255040125266,2.7092164426761893e-05,0.02436449281247462,0.04434589800443459
5,random,13.0,12313,0,0.0,0.0,0.0,57,57,0.00022375151303665199,0.0,0.0,0.0,0.0
5,random_matched,13.0,12313,10,0.08121497604158207,6.31689731228496e-07,0.08869179600886919,40048,45855,0.642926916100643,0.09786651008025053,0.00040514104892856685,0.08121497604158207,0.08869179600886919
5,random,14.0,12313,0,0.0,0.0,0.0,19,19,0.00015039748722993696,0.0,0.0,0.0,0.0
5,random_matched,14.0,12313,7,0.05685048322910745,6.098862469570608e-07,0.04434589800443459,30944,34964,0.5241210967849049,0.048933255040125266,0.0003780666605258552,0.05685048322910745,0.04434589800443459
5,random,15.0,12313,0,0.0,0.0,0.0,272,272,0.02610725639729122,0.15658641612840085,7.750134281507107e-07,0.0,0.0
5,random_matched,15.0,12313,3,0.02436449281247462,2.1803484271435184e-08,0.04434589800443459,29451,34313,0.38128146093906407,0.048933255040125266,2.7092164426761893e-05,0.02436449281247462,0.04434589800443459
5,random,16.0,12313,0,0.0,0.0,0.0,732,739,0.002304714696979801,0.0,0.0,0.0,0.0
5,random_matched,16.0,12313,7,0.05685048322910745,6.098862469570608e-07,0.04434589800443459,30944,34964,0.5241210967849049,0.048933255040125266,0.0003780666605258552,0.05685048322910745,0.04434589800443459
5,random,17.0,12313,0,0.0,0.0,0.0,80,80,0.00013083794363404652,0.0,0.0,0.0,0.0
5,random_matched,17.0,12313,10,0.08121497604158207,6.31689731228496e-07,0.08869179600886919,30182,35210,0.5191312262357544,0.09786651008025053,0.00040514104892856685,0.08121497604158207,0.08869179600886919
5,random,18.0,12313,0,0.0,0.0,0.0,23,23,0.00010706113078606405,0.0,0.0,0.0,0.0
5,random_matched,18.0,12313,3,0.02436449281247462,2.1803484271435184e-08,0.04434589800443459,29451,34313,0.38128146093906407,0.048933255040125266,2.7092164426761893e-05,0.02436449281247462,0.04434589800443459
5,random,19.0,12313,0,0.0,0.0,0.0,10,10,3.414044154462481e-06,0.0,0.0,0.0,0.0
5,random_matched,19.0,12313,10,0.08121497604158207,6.31689731228496e-07,0.08869179600886919,29599,33110,0.504304768200114,0.09786651008025053,0.00040512327290451666,0.08121497604158207,0.08869179600886919
5,random,20.0,12313,0,0.0,0.0,0.0,11,11,1.2834052106158485e-05,0.0,0.0,0.0,0.0
5,random_matched,20.0,12313,7,0.05685048322910745,6.098862469570608e-07,0.04434589800443459,30944,34964,0.5241210967849049,0.048933255040125266,0.0003780666605258552,0.05685048322910745,0.04434589800443459
5,random,21.0,12313,0,0.0,0.0,0.0,19,19,8.634062318351577e-05,0.0,0.0,0.0,0.0
5,random_matched,21.0,12313,10,0.08121497604158207,6.31689731228496e-07,0.08869179600886919,30182,35210,0.5191312262357544,0.09786651008025053,0.00040514104892856685,0.08121497604158207,0.08869179600886919
5,random,22.0,12313,0,0.0,0.0,0.0,15,15,1.6924425292406536e-05,0.0,0.0,0.0,0.0
5,random_matched,22.0,12313,7,0.05685048322910745,6.098862469570608e-07,0.04434589800443459,30944,34964,0.5241210967849049,0.048933255040125266,0.0003780666605258552,0.05685048322910745,0.04434589800443459
5,random,23.0,12313,0,0.0,0.0,0.0,18,18,0.0016169177707331178,0.0,0.0,0.0,0.0
5,random_matched,23.0,12313,10,0.08121497604158207,6.31689731228496e-07,0.08869179600886919,30182,35210,0.5191312262357544,0.09786651008025053,0.00040514104892856685,0.08121497604158207,0.08869179600886919
5,random,24.0,12313,0,0.0,0.0,0.0,721,725,0.0008258233970149776,0.0,0.0,0.0,0.0
5,random_matched,24.0,12313,3,0.02436449281247462,2.1803484271435184e-08,0.04434589800443459,29451,34313,0.38128146093906407,0.048933255040125266,2.7092164426761893e-05,0.02436449281247462,0.04434589800443459
5,random,25.0,12313,0,0.0,0.0,0.0,356,361,0.08246133755292477,0.0,0.0,0.0,0.0
5,random_matched,25.0,12313,10,0.08121497604158207,6.31689731228496e-07,0.08869179600886919,29599,33110,0.504304768200114,0.09786651008025053,0.00040512327290451666,0.08121497604158207,0.08869179600886919
5,random,26.0,12313,0,0.0,0.0,0.0,16,16,4.304476548406116e-05,0.0,0.0,0.0,0.0
5,random_matched,26.0,12313,3,0.02436449281247462,2.1803484271435184e-08,0.04434589800443459,29451,34313,0.38128146093906407,0.048933255040125266,2.7092164426761893e-05,0.02436449281247462,0.04434589800443459
5,random,27.0,12313,0,0.0,0.0,0.0,12,12,4.212139411132398e-05,0.0,1.3195367918778641e-09,0.0,0.0
5,random_matched,27.0,12313,10,0.08121497604158207,6.31689731228496e-07,0.08869179600886919,19733,22465,0.3805090783352253,0.09786651008025053,0.00040512327290451666,0.08121497604158207,0.08869179600886919
5,random,28.0,12313,0,0.0,0.0,0.0,22,22,4.4189529992951706e-05,0.0,0.0,0.0,0.0
5,random_matched,28.0,12313,7,0.05685048322910745,6.098862469570608e-07,0.04434589800443459,30944,34964,0.5241210967849049,0.048933255040125266,0.0003780666605258552,0.05685048322910745,0.04434589800443459
5,random,29.0,12313,0,0.0,0.0,0.0,14,14,9.827695312173532e-06,0.0,0.0,0.0,0.0
5,random_matched,29.0,12313,7,0.05685048322910745,6.098862469570608e-07,0.04434589800443459,30944,34964,0.5241210967849049,0.048933255040125266,0.0003780666605258552,0.05685048322910745,0.04434589800443459
5,random,30.0,12313,0,0.0,0.0,0.0,774,781,0.002250962063471542,0.0,0.0,0.0,0.0
5,random_matched,30.0,12313,10,0.08121497604158207,6.31689731228496e-07,0.08869179600886919,30182,35210,0.5191312262357544,0.09786651008025053,0.00040514104892856685,0.08121497604158207,0.08869179600886919
5,random,31.0,12313,0,0.0,0.0,0.0,102,102,0.04989321521172149,0.0,3.724837860629824e-05,0.0,0.0
5,random_matched,31.0,12313,10,0.08121497604158207,6.31689731228496e-07,0.08869179600886919,29599,33110,0.504304768200114,0.09786651008025053,0.00040512327290451666,0.08121497604158207,0.08869179600886919
5,random,32.0,12313,0,0.0,0.0,0.0,13,13,2.345957268337248e-05,0.0,0.0,0.0,0.0
5,random_matched,32.0,12313,3,0.02436449281247462,2.1803484271435184e-08,0.04434589800443459,29451,34313,0.38128146093906407,0.048933255040125266,2.7092164426761893e-05,0.02436449281247462,0.04434589800443459
5,random,33.0,12313,0,0.0,0.0,0.0,30,30,0.001548183301706383,0.0,0.0,0.0,0.0
5,random_matched,33.0,12313,3,0.02436449281247462,2.1803484271435184e-08,0.04434589800443459,29451,34313,0.38128146093906407,0.048933255040125266,2.7092164426761893e-05,0.02436449281247462,0.04434589800443459
5,random,34.0,12313,0,0.0,0.0,0.0,23,23,0.0008779776800768611,0.0,0.0,0.0,0.0
5,random_matched,34.0,12313,7,0.05685048322910745,6.098862469570608e-07,0.04434589800443459,30944,34964,0.5241210967849049,0.048933255040125266,0.0003780666605258552,0.05685048322910745,0.04434589800443459
5,random,35.0,12313,0,0.0,0.0,0.0,14,14,0.00013356620904969252,0.0,0.0,0.0,0.0
5,random_matched,35.0,12313,10,0.08121497604158207,6.31689731228496e-07,0.08869179600886919,40048,45855,0.642926916100643,0.09786651008025053,0.00040514104892856685,0.08121497604158207,0.08869179600886919
5,random,36.0,12313,0,0.0,0.0,0.0,12,12,2.7639043107340784e-05,0.0,0.0,0.0,0.0
5,random_matched,36.0,12313,3,0.02436449281247462,2.1803484271435184e-08,0.04434589800443459,29451,34313,0.38128146093906407,0.048933255040125266,2.7092164426761893e-05,0.02436449281247462,0.04434589800443459
5,random,37.0,12313,0,0.0,0.0,0.0,72,72,0.0021291499400101868,0.0,0.0,0.0,0.0
5,random_matched,37.0,12313,10,0.08121497604158207,6.31689731228496e-07,0.08869179600886919,29599,33110,0.504304768200114,0.09786651008025053,0.00040512327290451666,0.08121497604158207,0.08869179600886919
5,random,38.0,12313,0,0.0,0.0,0.0,750,755,0.0012068990325352427,0.0,0.0,0.0,0.0
5,random_matched,38.0,12313,10,0.08121497604158207,6.31689731228496e-07,0.08869179600886919,40048,45855,0.642926916100643,0.09786651008025053,0.00040514104892856685,0.08121497604158207,0.08869179600886919
5,random,39.0,12313,0,0.0,0.0,0.0,17,17,1.8101588796831717e-05,0.0,0.0,0.0,0.0
5,random_matched,39.0,12313,10,0.08121497604158207,6.31689731228496e-07,0.08869179600886919,40048,45855,0.642926916100643,0.09786651008025053,0.00040514104892856685,0.08121497604158207,0.08869179600886919
5,random,40.0,12313,0,0.0,0.0,0.0,16,16,2.8844555732858773e-05,0.0,0.0,0.0,0.0
5,random_matched,40.0,12313,10,0.08121497604158207,6.31689731228496e-07,0.08869179600886919,30182,35210,0.5191312262357544,0.09786651008025053,0.00040514104892856685,0.08121497604158207,0.08869179600886919
5,random,41.0,12313,0,0.0,0.0,0.0,61,61,0.0001618721314817879,0.0,0.0,0.0,0.0
5,random_matched,41.0,12313,10,0.08121497604158207,6.31689731228496e-07,0.08869179600886919,29599,33110,0.504304768200114,0.09786651008025053,0.00040512327290451666,0.08121497604158207,0.08869179600886919
5,random,42.0,12313,0,0.0,0.0,0.0,49,53,4.052034374865395e-05,0.0,0.0,0.0,0.0
5,random_matched,42.0,12313,10,0.08121497604158207,6.31689731228496e-07,0.08869179600886919,29599,33110,0.504304768200114,0.09786651008025053,0.00040512327290451666,0.08121497604158207,0.08869179600886919
5,random,43.0,12313,0,0.0,0.0,0.0,44,44,9.154606179941427e-05,0.0,0.0,0.0,0.0
5,random_matched,43.0,12313,3,0.02436449281247462,2.1803484271435184e-08,0.04434589800443459,29451,34313,0.38128146093906407,0.048933255040125266,2.7092164426761893e-05,0.02436449281247462,0.04434589800443459
5,random,44.0,12313,0,0.0,0.0,0.0,40,40,0.0002077396594518044,0.0,0.0,0.0,0.0
5,random_matched,44.0,12313,7,0.05685048322910745,6.098862469570608e-07,0.04434589800443459,20463,22187,0.3854411450264677,0.048933255040125266,0.000378048884501805,0.05685048322910745,0.04434589800443459
5,random,45.0,12313,0,0.0,0.0,0.0,12,12,5.74150699618204e-05,0.0,0.0,0.0,0.0
5,random_matched,45.0,12313,0,0.0,0.0,0.0,20347,23422,0.262475641623326,0.0,1.777602405020832e-08,0.0,0.0
5,random,46.0,12313,0,0.0,0.0,0.0,114,114,0.0004029517072968821,0.0,0.0,0.0,0.0
5,random_matched,46.0,12313,3,0.02436449281247462,2.1803484271435184e-08,0.04434589800443459,19002,21568,0.24265931303853505,0.048933255040125266,2.7074388402711684e-05,0.02436449281247462,0.04434589800443459
5,random,47.0,12313,0,0.0,0.0,0.0,16,16,0.00014103417752042656,0.0,0.0,0.0,0.0
5,random_matched,47.0,12313,10,0.08121497604158207,6.31689731228496e-07,0.08869179600886919,30182,35210,0.5191312262357544,0.09786651008025053,0.00040514104892856685,0.08121497604158207,0.08869179600886919
5,random,48.0,12313,0,0.0,0.0,0.0,17,17,3.949302559857647e-05,0.0,0.0,0.0,0.0
5,random_matched,48.0,12313,3,0.02436449281247462,2.1803484271435184e-08,0.04434589800443459,29451,34313,0.38128146093906407,0.048933255040125266,2.7092164426761893e-05,0.02436449281247462,0.04434589800443459
5,random,49.0,12313,0,0.0,0.0,0.0,72,74,0.00016236756612183844,0.0,0.0,0.0,0.0
5,random_matched,49.0,12313,3,0.02436449281247462,2.1803484271435184e-08,0.04434589800443459,29451,34313,0.38128146093906407,0.048933255040125266,2.7092164426761893e-05,0.02436449281247462,0.04434589800443459
5,random,50.0,12313,0,0.0,0.0,0.0,14,14,3.5719892576938414e-05,0.0,0.0,0.0,0.0
5,random_matched,50.0,12313,10,0.08121497604158207,6.31689731228496e-07,0.08869179600886919,30182,35210,0.5191312262357544,0.09786651008025053,0.00040514104892856685,0.08121497604158207,0.08869179600886919
5,random,51.0,12313,0,0.0,0.0,0.0,136,136,0.0003096628495293338,0.0,0.0,0.0,0.0
5,random_matched,51.0,12313,3,0.02436449281247462,2.1803484271435184e-08,0.04434589800443459,29451,34313,0.38128146093906407,0.048933255040125266,2.7092164426761893e-05,0.02436449281247462,0.04434589800443459
5,random,52.0,12313,0,0.0,0.0,0.0,13,13,7.986352399288271e-05,0.0,0.0,0.0,0.0
5,random_matched,52.0,12313,10,0.08121497604158207,6.31689731228496e-07,0.08869179600886919,30182,35210,0.5191312262357544,0.09786651008025053,0.00040514104892856685,0.08121497604158207,0.08869179600886919
5,random,53.0,12313,0,0.0,0.0,0.0,45,45,0.001433941743534955,0.0,0.0,0.0,0.0
5,random_matched,53.0,12313,10,0.08121497604158207,6.31689731228496e-07,0.08869179600886919,29599,33110,0.504304768200114,0.09786651008025053,0.00040512327290451666,0.08121497604158207,0.08869179600886919
5,random,54.0,12313,1,0.008121497604158206,0.0,0.014781966001478197,239,240,0.0004875495345122638,0.0,0.0,0.008121497604158206,0.014781966001478197
5,random_matched,54.0,12313,10,0.08121497604158207,6.31689731228496e-07,0.08869179600886919,19733,22465,0.3805090783352253,0.09786651008025053,0.00040512327290451666,0.08121497604158207,0.08869179600886919
5,random,55.0,12313,0,0.0,0.0,0.0,11,11,1.9670240163967106e-05,0.0,0.0,0.0,0.0
5,random_matched,55.0,12313,3,0.02436449281247462,2.1803484271435184e-08,0.04434589800443459,29451,34313,0.38128146093906407,0.048933255040125266,2.7092164426761893e-05,0.02436449281247462,0.04434589800443459
5,random,56.0,12313,0,0.0,0.0,0.0,15,15,1.707157073045968e-05,0.0,0.0,0.0,0.0
5,random_matched,56.0,12313,3,0.02436449281247462,2.1803484271435184e-08,0.04434589800443459,29451,34313,0.38128146093906407,0.048933255040125266,2.7092164426761893e-05,0.02436449281247462,0.04434589800443459
5,random,57.0,12313,0,0.0,0.0,0.0,19,19,7.207696539939137e-05,0.0,0.0,0.0,0.0
5,random_matched,57.0,12313,3,0.02436449281247462,2.1803484271435184e-08,0.04434589800443459,29451,34313,0.38128146093906407,0.048933255040125266,2.7092164426761893e-05,0.02436449281247462,0.04434589800443459
5,random,58.0,12313,0,0.0,0.0,0.0,29,29,8.184796246937929e-05,0.0,0.0,0.0,0.0
5,random_matched,58.0,12313,10,0.08121497604158207,6.31689731228496e-07,0.08869179600886919,40048,45855,0.642926916100643,0.09786651008025053,0.00040514104892856685,0.08121497604158207,0.08869179600886919
5,random,59.0,12313,0,0.0,0.0,0.0,20,20,7.27330450589678e-05,0.0,0.0,0.0,0.0
5,random_matched,59.0,12313,10,0.08121497604158207,6.31689731228496e-07,0.08869179600886919,29599,33110,0.504304768200114,0.09786651008025053,0.00040512327290451666,0.08121497604158207,0.08869179600886919
5,random,60.0,12313,0,0.0,0.0,0.0,101,101,0.032039447681692375,0.0,0.0,0.0,0.0
5,random_matched,60.0,12313,10,0.08121497604158207,6.31689731228496e-07,0.08869179600886919,29599,33110,0.504304768200114,0.09786651008025053,0.00040512327290451666,0.08121497604158207,0.08869179600886919
5,random,61.0,12313,0,0.0,0.0,0.0,332,337,0.0009353752005827669,0.0,0.0,0.0,0.0
5,random_matched,61.0,12313,3,0.02436449281247462,2.1803484271435184e-08,0.04434589800443459,29451,34313,0.38128146093906407,0.048933255040125266,2.7092164426761893e-05,0.02436449281247462,0.04434589800443459
5,random,62.0,12313,0,0.0,0.0,0.0,33,33,9.437557407610599e-05,0.0,0.0,0.0,0.0
5,random_matched,62.0,12313,10,0.08121497604158207,6.31689731228496e-07,0.08869179600886919,29599,33110,0.504304768200114,0.09786651008025053,0.00040512327290451666,0.08121497604158207,0.08869179600886919
5,random,63.0,12313,0,0.0,0.0,0.0,13,13,2.257670005505359e-05,0.0,0.0,0.0,0.0
5,random_matched,63.0,12313,10,0.08121497604158207,6.31689731228496e-07,0.08869179600886919,30182,35210,0.5191312262357544,0.09786651008025053,0.00040514104892856685,0.08121497604158207,0.08869179600886919
5,random,64.0,12313,0,0.0,0.0,0.0,75,77,0.00019104067716999308,0.0,0.0,0.0,0.0
5,random_matched,64.0,12313,3,0.02436449281247462,2.1803484271435184e-08,0.04434589800443459,29451,34313,0.38128146093906407,0.048933255040125266,2.7092164426761893e-05,0.02436449281247462,0.04434589800443459
5,random,65.0,12313,0,0.0,0.0,0.0,19,19,9.006785762814641e-05,0.0,0.0,0.0,0.0
5,random_matched,65.0,12313,10,0.08121497604158207,6.31689731228496e-07,0.08869179600886919,30182,35210,0.5191312262357544,0.09786651008025053,0.00040514104892856685,0.08121497604158207,0.08869179600886919
5,random,66.0,12313,0,0.0,0.0,0.0,13,13,0.0004562467049932144,0.0,0.0,0.0,0.0
5,random_matched,66.0,12313,7,0.05685048322910745,6.098862469570608e-07,0.04434589800443459,30944,34964,0.5241210967849049,0.048933255040125266,0.0003780666605258552,0.05685048322910745,0.04434589800443459
5,random,67.0,12313,0,0.0,0.0,0.0,16,16,0.0007077371580401056,0.0,0.0,0.0,0.0
5,random_matched,67.0,12313,3,0.02436449281247462,2.1803484271435184e-08,0.04434589800443459,19585,23668,0.2574857710741753,0.048933255040125266,2.7092164426761893e-05,0.02436449281247462,0.04434589800443459
5,random,68.0,12313,0,0.0,0.0,0.0,19,19,1.1374747348952497e-05,0.0,0.0,0.0,0.0
5,random_matched,68.0,12313,10,0.08121497604158207,6.31689731228496e-07,0.08869179600886919,29599,33110,0.504304768200114,0.09786651008025053,0.00040512327290451666,0.08121497604158207,0.08869179600886919
5,random,69.0,12313,0,0.0,0.0,0.0,17,17,2.1572331193479813e-05,0.0,0.0,0.0,0.0
5,random_matched,69.0,12313,3,0.02436449281247462,2.1803484271435184e-08,0.04434589800443459,29451,34313,0.38128146093906407,0.048933255040125266,2.7092164426761893e-05,0.02436449281247462,0.04434589800443459
5,random,70.0,12313,0,0.0,0.0,0.0,12,13,0.019394947248867436,0.0,0.0,0.0,0.0
5,random_matched,70.0,12313,10,0.08121497604158207,6.31689731228496e-07,0.08869179600886919,40048,45855,0.642926916100643,0.09786651008025053,0.00040514104892856685,0.08121497604158207,0.08869179600886919
5,random,71.0,12313,0,0.0,0.0,0.0,11,11,0.00035168839661220115,0.0,0.0,0.0,0.0
5,random_matched,71.0,12313,10,0.08121497604158207,6.31689731228496e-07,0.08869179600886919,29599,33110,0.504304768200114,0.09786651008025053,0.00040512327290451666,0.08121497604158207,0.08869179600886919
5,random,72.0,12313,0,0.0,0.0,0.0,35,35,0.00010325019893630226,0.0,0.0,0.0,0.0
5,random_matched,72.0,12313,3,0.02436449281247462,2.1803484271435184e-08,0.04434589800443459,29451,34313,0.38128146093906407,0.048933255040125266,2.7092164426761893e-05,0.02436449281247462,0.04434589800443459
5,random,73.0,12313,0,0.0,0.0,0.0,15,17,0.0006572757224949069,0.0,0.0,0.0,0.0
5,random_matched,73.0,12313,10,0.08121497604158207,6.31689731228496e-07,0.08869179600886919,29599,33110,0.504304768200114,0.09786651008025053,0.00040512327290451666,0.08121497604158207,0.08869179600886919
5,random,74.0,12313,0,0.0,0.0,0.0,20,20,7.329732756452942e-05,0.0,0.0,0.0,0.0
5,random_matched,74.0,12313,10,0.08121497604158207,6.31689731228496e-07,0.08869179600886919,30182,35210,0.5191312262357544,0.09786651008025053,0.00040514104892856685,0.08121497604158207,0.08869179600886919
5,random,75.0,12313,0,0.0,0.0,0.0,12,12,3.551199902225782e-05,0.0,0.0,0.0,0.0
5,random_matched,75.0,12313,3,0.02436449281247462,2.1803484271435184e-08,0.04434589800443459,29451,34313,0.38128146093906407,0.048933255040125266,2.7092164426761893e-05,0.02436449281247462,0.04434589800443459
5,random,76.0,12313,0,0.0,0.0,0.0,12,12,2.5894897181059435e-05,0.0,0.0,0.0,0.0
5,random_matched,76.0,12313,10,0.08121497604158207,6.31689731228496e-07,0.08869179600886919,29599,33110,0.504304768200114,0.09786651008025053,0.00040512327290451666,0.08121497604158207,0.08869179600886919
5,random,77.0,12313,0,0.0,0.0,0.0,25,26,0.0018852867504954081,0.0,0.0,0.0,0.0
5,random_matched,77.0,12313,7,0.05685048322910745,6.098862469570608e-07,0.04434589800443459,30944,34964,0.5241210967849049,0.048933255040125266,0.0003780666605258552,0.05685048322910745,0.04434589800443459
5,random,78.0,12313,0,0.0,0.0,0.0,14,14,0.0004173287615653778,0.0,0.0,0.0,0.0
5,random_matched,78.0,12313,0,0.0,0.0,0.0,20347,23422,0.262475641623326,0.0,1.777602405020832e-08,0.0,0.0
5,random,79.0,12313,0,0.0,0.0,0.0,19,19,0.0003249241263842956,0.009786651008025053,9.787820629752112e-09,0.0,0.0
5,random_matched,79.0,12313,7,0.05685048322910745,6.098862469570608e-07,0.04434589800443459,30944,34964,0.5241210967849049,0.048933255040125266,0.0003780666605258552,0.05685048322910745,0.04434589800443459
5,random,80.0,12313,0,0.0,0.0,0.0,25,26,0.0014130065925869897,0.0,0.0,0.0,0.0
5,random_matched,80.0,12313,10,0.08121497604158207,6.31689731228496e-07,0.08869179600886919,40048,45855,0.642926916100643,0.09786651008025053,0.00040514104892856685,0.08121497604158207,0.08869179600886919
5,random,81.0,12313,1,0.008121497604158206,6.11312643124351e-09,0.0,20,20,0.2551273388425991,0.019573302016050106,0.0003882773859465769,0.008121497604158206,0.0
5,random_matched,81.0,12313,7,0.05685048322910745,6.098862469570608e-07,0.04434589800443459,30944,34964,0.5241210967849049,0.048933255040125266,0.0003780666605258552,0.05685048322910745,0.04434589800443459
5,random,82.0,12313,0,0.0,0.0,0.0,19,19,0.0031932719990568686,0.0,0.0,0.0,0.0
5,random_matched,82.0,12313,7,0.05685048322910745,6.098862469570608e-07,0.04434589800443459,30944,34964,0.5241210967849049,0.048933255040125266,0.0003780666605258552,0.05685048322910745,0.04434589800443459
5,random,83.0,12313,0,0.0,0.0,0.0,192,192,0.0006086691294440662,0.0,0.0,0.0,0.0
5,random_matched,83.0,12313,7,0.05685048322910745,6.098862469570608e-07,0.04434589800443459,30944,34964,0.5241210967849049,0.048933255040125266,0.0003780666605258552,0.05685048322910745,0.04434589800443459
5,random,84.0,12313,0,0.0,0.0,0.0,61,61,0.00012602534283900552,0.0,0.0,0.0,0.0
5,random_matched,84.0,12313,10,0.08121497604158207,6.31689731228496e-07,0.08869179600886919,30182,35210,0.5191312262357544,0.09786651008025053,0.00040514104892856685,0.08121497604158207,0.08869179600886919
5,random,85.0,12313,0,0.0,0.0,0.0,14,14,4.639941148004347e-05,0.0,0.0,0.0,0.0
5,random_matched,85.0,12313,10,0.08121497604158207,6.31689731228496e-07,0.08869179600886919,29599,33110,0.504304768200114,0.09786651008025053,0.00040512327290451666,0.08121497604158207,0.08869179600886919
5,random,86.0,12313,0,0.0,0.0,0.0,13,13,3.213710365406636e-05,0.0,0.0,0.0,0.0
5,random_matched,86.0,12313,10,0.08121497604158207,6.31689731228496e-07,0.08869179600886919,40048,45855,0.642926916100643,0.09786651008025053,0.00040514104892856685,0.08121497604158207,0.08869179600886919
5,random,87.0,12313,0,0.0,0.0,0.0,20,20,0.00011659858509657312,0.0,0.0,0.0,0.0
5,random_matched,87.0,12313,10,0.08121497604158207,6.31689731228496e-07,0.08869179600886919,40048,45855,0.642926916100643,0.09786651008025053,0.00040514104892856685,0.08121497604158207,0.08869179600886919
5,random,88.0,12313,0,0.0,0.0,0.0,17,17,2.494452664537672e-05,0.0,0.0,0.0,0.0
5,random_matched,88.0,12313,10,0.08121497604158207,6.31689731228496e-07,0.08869179600886919,30182,35210,0.5191312262357544,0.09786651008025053,0.00040514104892856685,0.08121497604158207,0.08869179600886919
5,random,89.0,12313,0,0.0,0.0,0.0,13,13,2.8575914061550734e-05,0.0,0.0,0.0,0.0
5,random_matched,89.0,12313,7,0.05685048322910745,6.098862469570608e-07,0.04434589800443459,30944,34964,0.5241210967849049,0.048933255040125266,0.0003780666605258552,0.05685048322910745,0.04434589800443459
5,random,90.0,12313,0,0.0,0.0,0.0,457,469,0.001339248929294239,0.0,0.0,0.0,0.0
5,random_matched,90.0,12313,3,0.02436449281247462,2.1803484271435184e-08,0.04434589800443459,29451,34313,0.38128146093906407,0.048933255040125266,2.7092164426761893e-05,0.02436449281247462,0.04434589800443459
5,random,91.0,12313,0,0.0,0.0,0.0,14,14,9.5239547290363e-06,0.0,0.0,0.0,0.0
5,random_matched,91.0,12313,10,0.08121497604158207,6.31689731228496e-07,0.08869179600886919,30182,35210,0.5191312262357544,0.09786651008025053,0.00040514104892856685,0.08121497604158207,0.08869179600886919
5,random,92.0,12313,0,0.0,0.0,0.0,1187,1201,0.0023314020195933116,0.0,0.0,0.0,0.0
5,random_matched,92.0,12313,10,0.08121497604158207,6.31689731228496e-07,0.08869179600886919,29599,33110,0.504304768200114,0.09786651008025053,0.00040512327290451666,0.08121497604158207,0.08869179600886919
5,random,93.0,12313,0,0.0,0.0,0.0,87,87,0.00020227097899718697,0.0,0.0,0.0,0.0
5,random_matched,93.0,12313,7,0.05685048322910745,6.098862469570608e-07,0.04434589800443459,30944,34964,0.5241210967849049,0.048933255040125266,0.0003780666605258552,0.05685048322910745,0.04434589800443459
5,random,94.0,12313,0,0.0,0.0,0.0,29,29,2.657257617099228e-05,0.0,0.0,0.0,0.0
5,random_matched,94.0,12313,10,0.08121497604158207,6.31689731228496e-07,0.08869179600886919,29599,33110,0.504304768200114,0.09786651008025053,0.00040512327290451666,0.08121497604158207,0.08869179600886919
5,random,95.0,12313,0,0.0,0.0,0.0,18,18,8.76122837582503e-06,0.0,0.0,0.0,0.0
5,random_matched,95.0,12313,7,0.05685048322910745,6.098862469570608e-07,0.04434589800443459,30944,34964,0.5241210967849049,0.048933255040125266,0.0003780666605258552,0.05685048322910745,0.04434589800443459
5,random,96.0,12313,0,0.0,0.0,0.0,15,15,5.1243061312471854e-05,0.0,0.0,0.0,0.0
5,random_matched,96.0,12313,7,0.05685048322910745,6.098862469570608e-07,0.04434589800443459,30944,34964,0.5241210967849049,0.048933255040125266,0.0003780666605258552,0.05685048322910745,0.04434589800443459
5,random,97.0,12313,0,0.0,0.0,0.0,18,18,5.723282561193806e-05,0.0,0.0,0.0,0.0
5,random_matched,97.0,12313,10,0.08121497604158207,6.31689731228496e-07,0.08869179600886919,29599,33110,0.504304768200114,0.09786651008025053,0.00040512327290451666,0.08121497604158207,0.08869179600886919
5,random,98.0,12313,0,0.0,0.0,0.0,14,14,0.000527162706385948,0.0,0.0,0.0,0.0
5,random_matched,98.0,12313,7,0.05685048322910745,6.098862469570608e-07,0.04434589800443459,30944,34964,0.5241210967849049,0.048933255040125266,0.0003780666605258552,0.05685048322910745,0.04434589800443459
5,random,99.0,12313,0,0.0,0.0,0.0,16,16,6.297959744489448e-05,0.0,0.0,0.0,0.0
5,random_matched,99.0,12313,0,0.0,0.0,0.0,20347,23422,0.262475641623326,0.0,1.777602405020832e-08,0.0,0.0
5,random,100.0,12313,28,0.2274019329164298,1.2837565505611371e-08,0.3991130820399113,1512,1632,0.07008743758067956,0.019573302016050106,1.173268442879632e-08,0.2274019329164298,0.3991130820399113
5,random_matched,100.0,12313,3,0.02436449281247462,2.1803484271435184e-08,0.04434589800443459,29451,34313,0.38128146093906407,0.048933255040125266,2.7092164426761893e-05,0.02436449281247462,0.04434589800443459
5,random,101.0,12313,0,0.0,0.0,0.0,22,22,3.153232240408645e-05,0.0,0.0,0.0,0.0
5,random_matched,101.0,12313,10,0.08121497604158207,6.31689731228496e-07,0.08869179600886919,40048,45855,0.642926916100643,0.09786651008025053,0.00040514104892856685,0.08121497604158207,0.08869179600886919
5,random,102.0,12313,0,0.0,0.0,0.0,93,106,0.0035111209947912875,0.0,0.0,0.0,0.0
5,random_matched,102.0,12313,3,0.02436449281247462,2.1803484271435184e-08,0.04434589800443459,29451,34313,0.38128146093906407,0.048933255040125266,2.7092164426761893e-05,0.02436449281247462,0.04434589800443459
5,random,103.0,12313,0,0.0,0.0,0.0,16,16,1.0871212960018331e-05,0.0,0.0,0.0,0.0
5,random_matched,103.0,12313,10,0.08121497604158207,6.31689731228496e-07,0.08869179600886919,30182,35210,0.5191312262357544,0.09786651008025053,0.00040514104892856685,0.08121497604158207,0.08869179600886919
5,random,104.0,12313,0,0.0,0.0,0.0,17,17,0.0004756010549507188,0.0,0.0,0.0,0.0
5,random_matched,104.0,12313,10,0.08121497604158207,6.31689731228496e-07,0.08869179600886919,30182,35210,0.5191312262357544,0.09786651008025053,0.00040514104892856685,0.08121497604158207,0.08869179600886919
5,random,105.0,12313,0,0.0,0.0,0.0,15,15,2.9531684429822553e-05,0.0,0.0,0.0,0.0
5,random_matched,105.0,12313,3,0.02436449281247462,2.1803484271435184e-08,0.04434589800443459,29451,34313,0.38128146093906407,0.048933255040125266,2.7092164426761893e-05,0.02436449281247462,0.04434589800443459
5,random,106.0,12313,0,0.0,0.0,0.0,15,15,0.0034515257424216155,0.0,0.0,0.0,0.0
5,random_matched,106.0,12313,10,0.08121497604158207,6.31689731228496e-07,0.08869179600886919,30182,35210,0.5191312262357544,0.09786651008025053,0.00040514104892856685,0.08121497604158207,0.08869179600886919
5,random,107.0,12313,0,0.0,0.0,0.0,13,13,9.708763999398465e-05,0.0,0.0,0.0,0.0
5,random_matched,107.0,12313,7,0.05685048322910745,6.098862469570608e-07,0.04434589800443459,30944,34964,0.5241210967849049,0.048933255040125266,0.0003780666605258552,0.05685048322910745,0.04434589800443459
5,random,108.0,12313,0,0.0,0.0,0.0,23,23,8.465182554127275e-05,0.0,0.0,0.0,0.0
5,random_matched,108.0,12313,7,0.05685048322910745,6.098862469570608e-07,0.04434589800443459,30944,34964,0.5241210967849049,0.048933255040125266,0.0003780666605258552,0.05685048322910745,0.04434589800443459
5,random,109.0,12313,0,0.0,0.0,0.0,31,31,0.00012546241029159116,0.0,0.0,0.0,0.0
5,random_matched,109.0,12313,10,0.08121497604158207,6.31689731228496e-07,0.08869179600886919,30182,35210,0.5191312262357544,0.09786651008025053,0.00040514104892856685,0.08121497604158207,0.08869179600886919
5,random,110.0,12313,0,0.0,0.0,0.0,13,13,2.2056966168352107e-05,0.0,0.0,0.0,0.0
5,random_matched,110.0,12313,10,0.08121497604158207,6.31689731228496e-07,0.08869179600886919,29599,33110,0.504304768200114,0.09786651008025053,0.00040512327290451666,0.08121497604158207,0.08869179600886919
5,random,111.0,12313,0,0.0,0.0,0.0,30,30,0.0006372031948030514,0.0,0.0,0.0,0.0
5,random_matched,111.0,12313,10,0.08121497604158207,6.31689731228496e-07,0.08869179600886919,29599,33110,0.504304768200114,0.09786651008025053,0.00040512327290451666,0.08121497604158207,0.08869179600886919
5,random,112.0,12313,0,0.0,0.0,0.0,16,16,0.000126774569610744,0.0,0.0,0.0,0.0
5,random_matched,112.0,12313,7,0.05685048322910745,6.098862469570608e-07,0.04434589800443459,30944,34964,0.5241210967849049,0.048933255040125266,0.0003780666605258552,0.05685048322910745,0.04434589800443459
5,random,113.0,12313,0,0.0,0.0,0.0,21,21,0.000169086307820834,0.0,0.0,0.0,0.0
5,random_matched,113.0,12313,10,0.08121497604158207,6.31689731228496e-07,0.08869179600886919,30182,35210,0.5191312262357544,0.09786651008025053,0.00040514104892856685,0.08121497604158207,0.08869179600886919
5,random,114.0,12313,0,0.0,0.0,0.0,92,93,0.0007281485252269276,0.0,0.0,0.0,0.0
5,random_matched,114.0,12313,0,0.0,0.0,0.0,20347,23422,0.262475641623326,0.0,1.777602405020832e-08,0.0,0.0
5,random,115.0,12313,0,0.0,0.0,0.0,17,17,2.406300397520511e-05,0.0,0.0,0.0,0.0
5,random_matched,115.0,12313,10,0.08121497604158207,6.31689731228496e-07,0.08869179600886919,40048,45855,0.642926916100643,0.09786651008025053,0.00040514104892856685,0.08121497604158207,0.08869179600886919
5,random,116.0,12313,0,0.0,0.0,0.0,13,13,3.937692919791068e-05,0.0,0.0,0.0,0.0
5,random_matched,116.0,12313,7,0.05685048322910745,6.098862469570608e-07,0.04434589800443459,21078,24319,0.4003254069200163,0.048933255040125266,0.0003780666605258552,0.05685048322910745,0.04434589800443459
5,random,117.0,12313,0,0.0,0.0,0.0,14,14,0.0005315163214109149,0.0,0.0,0.0,0.0
5,random_matched,117.0,12313,10,0.08121497604158207,6.31689731228496e-07,0.08869179600886919,40048,45855,0.642926916100643,0.09786651008025053,0.00040514104892856685,0.08121497604158207,0.08869179600886919
5,random,118.0,12313,0,0.0,0.0,0.0,48,48,6.252061167482045e-05,0.0,0.0,0.0,0.0
5,random_matched,118.0,12313,10,0.08121497604158207,6.31689731228496e-07,0.08869179600886919,30182,35210,0.5191312262357544,0.09786651008025053,0.00040514104892856685,0.08121497604158207,0.08869179600886919
5,random,119.0,12313,0,0.0,0.0,0.0,18,18,3.311177343640005e-05,0.0,0.0,0.0,0.0
5,random_matched,119.0,12313,10,0.08121497604158207,6.31689731228496e-07,0.08869179600886919,29599,33110,0.504304768200114,0.09786651008025053,0.00040512327290451666,0.08121497604158207,0.08869179600886919
5,random,120.0,12313,0,0.0,0.0,0.0,43,43,0.0001483941493393785,0.0,0.0,0.0,0.0
5,random_matched,120.0,12313,10,0.08121497604158207,6.31689731228496e-07,0.08869179600886919,40048,45855,0.642926916100643,0.09786651008025053,0.00040514104892856685,0.08121497604158207,0.08869179600886919
5,random,121.0,12313,0,0.0,0.0,0.0,22,22,0.007058628761484268,0.0,0.0,0.0,0.0
5,random_matched,121.0,12313,7,0.05685048322910745,6.098862469570608e-07,0.04434589800443459,30944,34964,0.5241210967849049,0.048933255040125266,0.0003780666605258552,0.05685048322910745,0.04434589800443459
5,random,122.0,12313,0,0.0,0.0,0.0,18,18,0.00018842310832242377,0.0,0.0,0.0,0.0
5,random_matched,122.0,12313,10,0.08121497604158207,6.31689731228496e-07,0.08869179600886919,29599,33110,0.504304768200114,0.09786651008025053,0.00040512327290451666,0.08121497604158207,0.08869179600886919
5,random,123.0,12313,0,0.0,0.0,0.0,38,39,5.4092822961372724e-05,0.0,0.0,0.0,0.0
5,random_matched,123.0,12313,7,0.05685048322910745,6.098862469570608e-07,0.04434589800443459,30944,34964,0.5241210967849049,0.048933255040125266,0.0003780666605258552,0.05685048322910745,0.04434589800443459
5,random,124.0,12313,0,0.0,0.0,0.0,12,12,1.0522923758020972e-05,0.0,0.0,0.0,0.0
5,random_matched,124.0,12313,7,0.05685048322910745,6.098862469570608e-07,0.04434589800443459,30944,34964,0.5241210967849049,0.048933255040125266,0.0003780666605258552,0.05685048322910745,0.04434589800443459
5,random,125.0,12313,0,0.0,0.0,0.0,16,16,0.00024941961724896897,0.0,0.0,0.0,0.0
5,random_matched,125.0,12313,7,0.05685048322910745,6.098862469570608e-07,0.04434589800443459,30944,34964,0.5241210967849049,0.048933255040125266,0.0003780666605258552,0.05685048322910745,0.04434589800443459
5,random,126.0,12313,0,0.0,0.0,0.0,13,13,7.703131179989644e-05,0.0,0.0,0.0,0.0
5,random_matched,126.0,12313,10,0.08121497604158207,6.31689731228496e-07,0.08869179600886919,29599,33110,0.504304768200114,0.09786651008025053,0.00040512327290451666,0.08121497604158207,0.08869179600886919
5,random,127.0,12313,0,0.0,0.0,0.0,225,226,0.00014920952406033357,0.0,0.0,0.0,0.0
5,random_matched,127.0,12313,10,0.08121497604158207,6.31689731228496e-07,0.08869179600886919,40048,45855,0.642926916100643,0.09786651008025053,0.00040514104892856685,0.08121497604158207,0.08869179600886919
5,random,128.0,12313,0,0.0,0.0,0.0,27,27,0.00041282125131162126,0.0,0.0,0.0,0.0
5,random_matched,128.0,12313,7,0.05685048322910745,6.098862469570608e-07,0.04434589800443459,30944,34964,0.5241210967849049,0.048933255040125266,0.0003780666605258552,0.05685048322910745,0.04434589800443459
5,random,129.0,12313,0,0.0,0.0,0.0,15,15,8.162521937507866e-05,0.0,0.0,0.0,0.0
5,random_matched,129.0,12313,10,0.08121497604158207,6.31689731228496e-07,0.08869179600886919,29599,33110,0.504304768200114,0.09786651008025053,0.00040512327290451666,0.08121497604158207,0.08869179600886919
5,random,130.0,12313,0,0.0,0.0,0.0,12,12,5.889192417494098e-05,0.0,0.0,0.0,0.0
5,random_matched,130.0,12313,10,0.08121497604158207,6.31689731228496e-07,0.08869179600886919,29599,33110,0.504304768200114,0.09786651008025053,0.00040512327290451666,0.08121497604158207,0.08869179600886919
5,random,131.0,12313,0,0.0,0.0,0.0,14,14,5.769451129830665e-05,0.0,0.0,0.0,0.0
5,random_matched,131.0,12313,7,0.05685048322910745,6.098862469570608e-07,0.04434589800443459,30944,34964,0.5241210967849049,0.048933255040125266,0.0003780666605258552,0.05685048322910745,0.04434589800443459
5,random,132.0,12313,0,0.0,0.0,0.0,14,14,0.0014705958071498087,0.0,0.0,0.0,0.0
5,random_matched,132.0,12313,10,0.08121497604158207,6.31689731228496e-07,0.08869179600886919,29599,33110,0.504304768200114,0.09786651008025053,0.00040512327290451666,0.08121497604158207,0.08869179600886919
5,random,133.0,12313,0,0.0,0.0,0.0,20,20,1.5457020786316886e-05,0.0,0.0,0.0,0.0
5,random_matched,133.0,12313,0,0.0,0.0,0.0,20347,23422,0.262475641623326,0.0,1.777602405020832e-08,0.0,0.0
5,random,134.0,12313,0,0.0,0.0,0.0,28,28,5.7834906945623416e-05,0.0,0.0,0.0,0.0
5,random_matched,134.0,12313,7,0.05685048322910745,6.098862469570608e-07,0.04434589800443459,30944,34964,0.5241210967849049,0.048933255040125266,0.0003780666605258552,0.05685048322910745,0.04434589800443459
5,random,135.0,12313,0,0.0,0.0,0.0,19,19,0.0002568187378541919,0.0,0.0,0.0,0.0
5,random_matched,135.0,12313,10,0.08121497604158207,6.31689731228496e-07,0.08869179600886919,40048,45855,0.642926916100643,0.09786651008025053,0.00040514104892856685,0.08121497604158207,0.08869179600886919
5,random,136.0,12313,0,0.0,0.0,0.0,18,20,0.00011818748583591766,0.0,0.0,0.0,0.0
5,random_matched,136.0,12313,3,0.02436449281247462,2.1803484271435184e-08,0.04434589800443459,29451,34313,0.38128146093906407,0.048933255040125266,2.7092164426761893e-05,0.02436449281247462,0.04434589800443459
5,random,137.0,12313,0,0.0,0.0,0.0,187,189,0.001151025614777612,0.0,1.129579965984345e-08,0.0,0.0
5,random_matched,137.0,12313,10,0.08121497604158207,6.31689731228496e-07,0.08869179600886919,40048,45855,0.642926916100643,0.09786651008025053,0.00040514104892856685,0.08121497604158207,0.08869179600886919
5,random,138.0,12313,0,0.0,0.0,0.0,50,50,0.012663910131066481,0.0,0.0,0.0,0.0
5,random_matched,138.0,12313,10,0.08121497604158207,6.31689731228496e-07,0.08869179600886919,19733,22465,0.3805090783352253,0.09786651008025053,0.00040512327290451666,0.08121497604158207,0.08869179600886919
5,random,139.0,12313,0,0.0,0.0,0.0,127,127,0.0004340452933031037,0.0,0.0,0.0,0.0
5,random_matched,139.0,12313,10,0.08121497604158207,6.31689731228496e-07,0.08869179600886919,29599,33110,0.504304768200114,0.09786651008025053,0.00040512327290451666,0.08121497604158207,0.08869179600886919
5,random,140.0,12313,0,0.0,0.0,0.0,10,10,2.7809137833897634e-05,0.0,0.0,0.0,0.0
5,random_matched,140.0,12313,3,0.02436449281247462,2.1803484271435184e-08,0.04434589800443459,29451,34313,0.38128146093906407,0.048933255040125266,2.7092164426761893e-05,0.02436449281247462,0.04434589800443459
5,random,141.0,12313,0,0.0,0.0,0.0,16,16,5.72652246074727e-05,0.0,0.0,0.0,0.0
5,random_matched,141.0,12313,7,0.05685048322910745,6.098862469570608e-07,0.04434589800443459,30944,34964,0.5241210967849049,0.048933255040125266,0.0003780666605258552,0.05685048322910745,0.04434589800443459
5,random,142.0,12313,0,0.0,0.0,0.0,18,18,0.00010405882386652093,0.0,0.0,0.0,0.0
5,random_matched,142.0,12313,10,0.08121497604158207,6.31689731228496e-07,0.08869179600886919,40048,45855,0.642926916100643,0.09786651008025053,0.00040514104892856685,0.08121497604158207,0.08869179600886919
5,random,143.0,12313,0,0.0,0.0,0.0,14,14,3.083979387453356e-05,0.0,0.0,0.0,0.0
5,random_matched,143.0,12313,10,0.08121497604158207,6.31689731228496e-07,0.08869179600886919,30182,35210,0.5191312262357544,0.09786651008025053,0.00040514104892856685,0.08121497604158207,0.08869179600886919
5,random,144.0,12313,0,0.0,0.0,0.0,11,11,0.00012983897460506187,0.0,0.0,0.0,0.0
5,random_matched,144.0,12313,10,0.08121497604158207,6.31689731228496e-07,0.08869179600886919,29599,33110,0.504304768200114,0.09786651008025053,0.00040512327290451666,0.08121497604158207,0.08869179600886919
5,random,145.0,12313,0,0.0,0.0,0.0,110,128,0.000888051067771839,0.0,0.0,0.0,0.0
5,random_matched,145.0,12313,10,0.08121497604158207,6.31689731228496e-07,0.08869179600886919,40048,45855,0.642926916100643,0.09786651008025053,0.00040514104892856685,0.08121497604158207,0.08869179600886919
5,random,146.0,12313,0,0.0,0.0,0.0,10,10,3.2736485071457165e-06,0.0,0.0,0.0,0.0
5,random_matched,146.0,12313,10,0.08121497604158207,6.31689731228496e-07,0.08869179600886919,30182,35210,0.5191312262357544,0.09786651008025053,0.00040514104892856685,0.08121497604158207,0.08869179600886919
5,random,147.0,12313,0,0.0,0.0,0.0,1764,1937,0.0030514413462295487,0.0,0.0,0.0,0.0
5,random_matched,147.0,12313,10,0.08121497604158207,6.31689731228496e-07,0.08869179600886919,40048,45855,0.642926916100643,0.09786651008025053,0.00040514104892856685,0.08121497604158207,0.08869179600886919
5,random,148.0,12313,0,0.0,0.0,0.0,18,18,0.0026807401390711045,0.0,0.0,0.0,0.0
5,random_matched,148.0,12313,10,0.08121497604158207,6.31689731228496e-07,0.08869179600886919,40048,45855,0.642926916100643,0.09786651008025053,0.00040514104892856685,0.08121497604158207,0.08869179600886919
5,random,149.0,12313,0,0.0,0.0,0.0,1365,1557,0.005863814554283446,0.0,0.0,0.0,0.0
5,random_matched,149.0,12313,10,0.08121497604158207,6.31689731228496e-07,0.08869179600886919,30182,35210,0.5191312262357544,0.09786651008025053,0.00040514104892856685,0.08121497604158207,0.08869179600886919
5,random,150.0,12313,0,0.0,0.0,0.0,100,100,0.0011503155367921446,0.0,0.0,0.0,0.0
5,random_matched,150.0,12313,10,0.08121497604158207,6.31689731228496e-07,0.08869179600886919,29599,33110,0.504304768200114,0.09786651008025053,0.00040512327290451666,0.08121497604158207,0.08869179600886919
5,random,151.0,12313,0,0.0,0.0,0.0,86,86,0.0009536509339805973,0.0,0.0,0.0,0.0
5,random_matched,151.0,12313,7,0.05685048322910745,6.098862469570608e-07,0.04434589800443459,30944,34964,0.5241210967849049,0.048933255040125266,0.0003780666605258552,0.05685048322910745,0.04434589800443459
5,random,152.0,12313,0,0.0,0.0,0.0,13,13,2.4789281458439914e-05,0.0,0.0,0.0,0.0
5,random_matched,152.0,12313,3,0.02436449281247462,2.1803484271435184e-08,0.04434589800443459,29451,34313,0.38128146093906407,0.048933255040125266,2.7092164426761893e-05,0.02436449281247462,0.04434589800443459
5,random,153.0,12313,0,0.0,0.0,0.0,18,18,9.132196874696636e-05,0.0,0.0,0.0,0.0
5,random_matched,153.0,12313,0,0.0,0.0,0.0,20347,23422,0.262475641623326,0.0,1.777602405020832e-08,0.0,0.0
5,random,154.0,12313,0,0.0,0.0,0.0,101,102,0.0008366082126535702,0.0,0.0,0.0,0.0
5,random_matched,154.0,12313,10,0.08121497604158207,6.31689731228496e-07,0.08869179600886919,29599,33110,0.504304768200114,0.09786651008025053,0.00040512327290451666,0.08121497604158207,0.08869179600886919
5,random,155.0,12313,0,0.0,0.0,0.0,45,45,0.014008710088262322,0.0,3.4244116503132135e-09,0.0,0.0
5,random_matched,155.0,12313,10,0.08121497604158207,6.31689731228496e-07,0.08869179600886919,30182,35210,0.5191312262357544,0.09786651008025053,0.00040514104892856685,0.08121497604158207,0.08869179600886919
5,random,156.0,12313,0,0.0,0.0,0.0,104,112,0.006170458897395469,0.0,0.0,0.0,0.0
5,random_matched,156.0,12313,10,0.08121497604158207,6.31689731228496e-07,0.08869179600886919,40048,45855,0.642926916100643,0.09786651008025053,0.00040514104892856685,0.08121497604158207,0.08869179600886919
5,random,157.0,12313,0,0.0,0.0,0.0,18,18,0.0005590622174060936,0.0,0.0,0.0,0.0
5,random_matched,157.0,12313,7,0.05685048322910745,6.098862469570608e-07,0.04434589800443459,21078,24319,0.4003254069200163,0.048933255040125266,0.0003780666605258552,0.05685048322910745,0.04434589800443459
5,random,158.0,12313,0,0.0,0.0,0.0,36,36,0.003862168161283532,0.0,0.0,0.0,0.0
5,random_matched,158.0,12313,10,0.08121497604158207,6.31689731228496e-07,0.08869179600886919,40048,45855,0.642926916100643,0.09786651008025053,0.00040514104892856685,0.08121497604158207,0.08869179600886919
5,random,159.0,12313,0,0.0,0.0,0.0,26,26,8.597613448375109e-05,0.0,0.0,0.0,0.0
5,random_matched,159.0,12313,10,0.08121497604158207,6.31689731228496e-07,0.08869179600886919,40048,45855,0.642926916100643,0.09786651008025053,0.00040514104892856685,0.08121497604158207,0.08869179600886919
5,random,160.0,12313,0,0.0,0.0,0.0,14,14,4.464041601414208e-05,0.0,0.0,0.0,0.0
5,random_matched,160.0,12313,10,0.08121497604158207,6.31689731228496e-07,0.08869179600886919,30182,35210,0.5191312262357544,0.09786651008025053,0.00040514104892856685,0.08121497604158207,0.08869179600886919
5,random,161.0,12313,0,0.0,0.0,0.0,66,66,0.0002117584848562468,0.0,0.0,0.0,0.0
5,random_matched,161.0,12313,7,0.05685048322910745,6.098862469570608e-07,0.04434589800443459,30944,34964,0.5241210967849049,0.048933255040125266,0.0003780666605258552,0.05685048322910745,0.04434589800443459
5,random,162.0,12313,0,0.0,0.0,0.0,14,14,0.00037153548129346145,0.0,0.0,0.0,0.0
5,random_matched,162.0,12313,10,0.08121497604158207,6.31689731228496e-07,0.08869179600886919,19733,22465,0.3805090783352253,0.09786651008025053,0.00040512327290451666,0.08121497604158207,0.08869179600886919
5,random,163.0,12313,0,0.0,0.0,0.0,24,24,7.951658474903263e-05,0.0,0.0,0.0,0.0
5,random_matched,163.0,12313,7,0.05685048322910745,6.098862469570608e-07,0.04434589800443459,30944,34964,0.5241210967849049,0.048933255040125266,0.0003780666605258552,0.05685048322910745,0.04434589800443459
5,random,164.0,12313,0,0.0,0.0,0.0,26,26,0.00023296767730810922,0.0,0.0,0.0,0.0
5,random_matched,164.0,12313,10,0.08121497604158207,6.31689731228496e-07,0.08869179600886919,40048,45855,0.642926916100643,0.09786651008025053,0.00040514104892856685,0.08121497604158207,0.08869179600886919
5,random,165.0,12313,0,0.0,0.0,0.0,18,18,3.414989125165575e-05,0.0,0.0,0.0,0.0
5,random_matched,165.0,12313,10,0.08121497604158207,6.31689731228496e-07,0.08869179600886919,40048,45855,0.642926916100643,0.09786651008025053,0.00040514104892856685,0.08121497604158207,0.08869179600886919
5,random,166.0,12313,0,0.0,0.0,0.0,14,14,0.014520627717291075,0.0,0.0,0.0,0.0
5,random_matched,166.0,12313,10,0.08121497604158207,6.31689731228496e-07,0.08869179600886919,30182,35210,0.5191312262357544,0.09786651008025053,0.00040514104892856685,0.08121497604158207,0.08869179600886919
5,random,167.0,12313,0,0.0,0.0,0.0,18,18,0.00012793013378481277,0.0,0.0,0.0,0.0
5,random_matched,167.0,12313,3,0.02436449281247462,2.1803484271435184e-08,0.04434589800443459,29451,34313,0.38128146093906407,0.048933255040125266,2.7092164426761893e-05,0.02436449281247462,0.04434589800443459
5,random,168.0,12313,0,0.0,0.0,0.0,58,59,0.025533543084112733,0.0,0.0,0.0,0.0
5,random_matched,168.0,12313,7,0.05685048322910745,6.098862469570608e-07,0.04434589800443459,21078,24319,0.4003254069200163,0.048933255040125266,0.0003780666605258552,0.05685048322910745,0.04434589800443459
5,random,169.0,12313,0,0.0,0.0,0.0,12,13,5.969514927257055e-06,0.0,0.0,0.0,0.0
5,random_matched,169.0,12313,10,0.08121497604158207,6.31689731228496e-07,0.08869179600886919,29599,33110,0.504304768200114,0.09786651008025053,0.00040512327290451666,0.08121497604158207,0.08869179600886919
5,random,170.0,12313,0,0.0,0.0,0.0,12,12,6.124625118379134e-05,0.0,0.0,0.0,0.0
5,random_matched,170.0,12313,7,0.05685048322910745,6.098862469570608e-07,0.04434589800443459,30944,34964,0.5241210967849049,0.048933255040125266,0.0003780666605258552,0.05685048322910745,0.04434589800443459
5,random,171.0,12313,0,0.0,0.0,0.0,209,209,0.005855548760547671,0.0,0.0,0.0,0.0
5,random_matched,171.0,12313,3,0.02436449281247462,2.1803484271435184e-08,0.04434589800443459,19585,23668,0.2574857710741753,0.048933255040125266,2.7092164426761893e-05,0.02436449281247462,0.04434589800443459
5,random,172.0,12313,0,0.0,0.0,0.0,10,11,4.0080257392641784e-06,0.0,0.0,0.0,0.0
5,random_matched,172.0,12313,7,0.05685048322910745,6.098862469570608e-07,0.04434589800443459,21078,24319,0.4003254069200163,0.048933255040125266,0.0003780666605258552,0.05685048322910745,0.04434589800443459
5,random,173.0,12313,0,0.0,0.0,0.0,16,16,4.449462053423621e-05,0.0,0.0,0.0,0.0
5,random_matched,173.0,12313,7,0.05685048322910745,6.098862469570608e-07,0.04434589800443459,30944,34964,0.5241210967849049,0.048933255040125266,0.0003780666605258552,0.05685048322910745,0.04434589800443459
5,random,174.0,12313,0,0.0,0.0,0.0,18,18,5.447756103334655e-05,0.0,0.0,0.0,0.0
5,random_matched,174.0,12313,10,0.08121497604158207,6.31689731228496e-07,0.08869179600886919,29599,33110,0.504304768200114,0.09786651008025053,0.00040512327290451666,0.08121497604158207,0.08869179600886919
5,random,175.0,12313,0,0.0,0.0,0.0,189,191,0.005297642107315646,0.0,0.0,0.0,0.0
5,random_matched,175.0,12313,10,0.08121497604158207,6.31689731228496e-07,0.08869179600886919,29599,33110,0.504304768200114,0.09786651008025053,0.00040512327290451666,0.08121497604158207,0.08869179600886919
5,random,176.0,12313,0,0.0,0.0,0.0,18,18,0.00010700173262758389,0.0,0.0,0.0,0.0
5,random_matched,176.0,12313,3,0.02436449281247462,2.1803484271435184e-08,0.04434589800443459,29451,34313,0.38128146093906407,0.048933255040125266,2.7092164426761893e-05,0.02436449281247462,0.04434589800443459
5,random,177.0,12313,0,0.0,0.0,0.0,28,28,0.002119210198171789,0.0,0.0,0.0,0.0
5,random_matched,177.0,12313,3,0.02436449281247462,2.1803484271435184e-08,0.04434589800443459,19002,21568,0.24265931303853505,0.048933255040125266,2.7074388402711684e-05,0.02436449281247462,0.04434589800443459
5,random,178.0,12313,0,0.0,0.0,0.0,142,143,0.0023957612742647226,0.0,0.0,0.0,0.0
5,random_matched,178.0,12313,10,0.08121497604158207,6.31689731228496e-07,0.08869179600886919,29599,33110,0.504304768200114,0.09786651008025053,0.00040512327290451666,0.08121497604158207,0.08869179600886919
5,random,179.0,12313,0,0.0,0.0,0.0,12,12,2.568295375193701e-05,0.0,0.0,0.0,0.0
5,random_matched,179.0,12313,3,0.02436449281247462,2.1803484271435184e-08,0.04434589800443459,29451,34313,0.38128146093906407,0.048933255040125266,2.7092164426761893e-05,0.02436449281247462,0.04434589800443459
5,random,180.0,12313,0,0.0,0.0,0.0,30,30,0.0034523303174773924,0.0,0.0,0.0,0.0
5,random_matched,180.0,12313,7,0.05685048322910745,6.098862469570608e-07,0.04434589800443459,30944,34964,0.5241210967849049,0.048933255040125266,0.0003780666605258552,0.05685048322910745,0.04434589800443459
5,random,181.0,12313,0,0.0,0.0,0.0,33,33,2.454493903378285e-05,0.0,0.0,0.0,0.0
5,random_matched,181.0,12313,10,0.08121497604158207,6.31689731228496e-07,0.08869179600886919,40048,45855,0.642926916100643,0.09786651008025053,0.00040514104892856685,0.08121497604158207,0.08869179600886919
5,random,182.0,12313,0,0.0,0.0,0.0,15,19,0.000684613724935405,0.0,0.0,0.0,0.0
5,random_matched,182.0,12313,3,0.02436449281247462,2.1803484271435184e-08,0.04434589800443459,19585,23668,0.2574857710741753,0.048933255040125266,2.7092164426761893e-05,0.02436449281247462,0.04434589800443459
5,random,183.0,12313,0,0.0,0.0,0.0,15,15,7.43988934127071e-05,0.0,0.0,0.0,0.0
5,random_matched,183.0,12313,10,0.08121497604158207,6.31689731228496e-07,0.08869179600886919,29599,33110,0.504304768200114,0.09786651008025053,0.00040512327290451666,0.08121497604158207,0.08869179600886919
5,random,184.0,12313,0,0.0,0.0,0.0,17,17,4.6572206122894876e-05,0.0,0.0,0.0,0.0
5,random_matched,184.0,12313,3,0.02436449281247462,2.1803484271435184e-08,0.04434589800443459,29451,34313,0.38128146093906407,0.048933255040125266,2.7092164426761893e-05,0.02436449281247462,0.04434589800443459
5,random,185.0,12313,0,0.0,0.0,0.0,384,389,0.000923012283870008,0.0,0.0,0.0,0.0
5,random_matched,185.0,12313,7,0.05685048322910745,6.098862469570608e-07,0.04434589800443459,30944,34964,0.5241210967849049,0.048933255040125266,0.0003780666605258552,0.05685048322910745,0.04434589800443459
5,random,186.0,12313,0,0.0,0.0,0.0,13,13,4.417603041147894e-05,0.0,0.0,0.0,0.0
5,random_matched,186.0,12313,3,0.02436449281247462,2.1803484271435184e-08,0.04434589800443459,29451,34313,0.38128146093906407,0.048933255040125266,2.7092164426761893e-05,0.02436449281247462,0.04434589800443459
5,random,187.0,12313,0,0.0,0.0,0.0,47,47,6.330493735838814e-05,0.0,0.0,0.0,0.0
5,random_matched,187.0,12313,10,0.08121497604158207,6.31689731228496e-07,0.08869179600886919,29599,33110,0.504304768200114,0.09786651008025053,0.00040512327290451666,0.08121497604158207,0.08869179600886919
5,random,188.0,12313,0,0.0,0.0,0.0,20,21,0.002012578354076559,0.0,0.0,0.0,0.0
5,random_matched,188.0,12313,3,0.02436449281247462,2.1803484271435184e-08,0.04434589800443459,29451,34313,0.38128146093906407,0.048933255040125266,2.7092164426761893e-05,0.02436449281247462,0.04434589800443459
5,random,189.0,12313,0,0.0,0.0,0.0,19,19,8.457352796873071e-05,0.0,0.0,0.0,0.0
5,random_matched,189.0,12313,10,0.08121497604158207,6.31689731228496e-07,0.08869179600886919,29599,33110,0.504304768200114,0.09786651008025053,0.00040512327290451666,0.08121497604158207,0.08869179600886919
5,random,190.0,12313,0,0.0,0.0,0.0,25,25,0.0001646746445955341,0.0,0.0,0.0,0.0
5,random_matched,190.0,12313,10,0.08121497604158207,6.31689731228496e-07,0.08869179600886919,40048,45855,0.642926916100643,0.09786651008025053,0.00040514104892856685,0.08121497604158207,0.08869179600886919
5,random,191.0,12313,0,0.0,0.0,0.0,30,30,0.000223854109855845,0.0,0.0,0.0,0.0
5,random_matched,191.0,12313,7,0.05685048322910745,6.098862469570608e-07,0.04434589800443459,30944,34964,0.5241210967849049,0.048933255040125266,0.0003780666605258552,0.05685048322910745,0.04434589800443459
5,random,192.0,12313,0,0.0,0.0,0.0,22,22,2.7643092981782612e-05,0.0,0.0,0.0,0.0
5,random_matched,192.0,12313,10,0.08121497604158207,6.31689731228496e-07,0.08869179600886919,40048,45855,0.642926916100643,0.09786651008025053,0.00040514104892856685,0.08121497604158207,0.08869179600886919
5,random,193.0,12313,0,0.0,0.0,0.0,360,360,0.0044116618753417295,0.0,1.241278538170396e-08,0.0,0.0
5,random_matched,193.0,12313,10,0.08121497604158207,6.31689731228496e-07,0.08869179600886919,40048,45855,0.642926916100643,0.09786651008025053,0.00040514104892856685,0.08121497604158207,0.08869179600886919
5,random,194.0,12313,0,0.0,0.0,0.0,13,13,2.3662066405463967e-05,0.0,0.0,0.0,0.0
5,random_matched,194.0,12313,3,0.02436449281247462,2.1803484271435184e-08,0.04434589800443459,29451,34313,0.38128146093906407,0.048933255040125266,2.7092164426761893e-05,0.02436449281247462,0.04434589800443459
5,random,195.0,12313,0,0.0,0.0,0.0,21,21,0.00015310010344078467,0.0,0.0,0.0,0.0
5,random_matched,195.0,12313,7,0.05685048322910745,6.098862469570608e-07,0.04434589800443459,21078,24319,0.4003254069200163,0.048933255040125266,0.0003780666605258552,0.05685048322910745,0.04434589800443459
5,random,196.0,12313,0,0.0,0.0,0.0,27,27,0.00029564488412801377,0.009786651008025053,6.907832867305166e-10,0.0,0.0
5,random_matched,196.0,12313,10,0.08121497604158207,6.31689731228496e-07,0.08869179600886919,30182,35210,0.5191312262357544,0.09786651008025053,0.00040514104892856685,0.08121497604158207,0.08869179600886919
5,random,197.0,12313,0,0.0,0.0,0.0,21,21,0.00275629459665788,0.0,0.0,0.0,0.0
5,random_matched,197.0,12313,7,0.05685048322910745,6.098862469570608e-07,0.04434589800443459,30944,34964,0.5241210967849049,0.048933255040125266,0.0003780666605258552,0.05685048322910745,0.04434589800443459
5,random,198.0,12313,0,0.0,0.0,0.0,17,17,3.0185064173104422e-05,0.0,0.0,0.0,0.0
5,random_matched,198.0,12313,3,0.02436449281247462,2.1803484271435184e-08,0.04434589800443459,29451,34313,0.38128146093906407,0.048933255040125266,2.7092164426761893e-05,0.02436449281247462,0.04434589800443459
5,random,199.0,12313,0,0.0,0.0,0.0,11,11,2.722460595612687e-05,0.0,0.0,0.0,0.0
5,random_matched,199.0,12313,7,0.05685048322910745,6.098862469570608e-07,0.04434589800443459,30944,34964,0.5241210967849049,0.048933255040125266,0.0003780666605258552,0.05685048322910745,0.04434589800443459
5,random,200.0,12313,0,0.0,0.0,0.0,60,60,0.0005262123358502652,0.0,0.0,0.0,0.0
5,random_matched,200.0,12313,3,0.02436449281247462,2.1803484271435184e-08,0.04434589800443459,29451,34313,0.38128146093906407,0.048933255040125266,2.7092164426761893e-05,0.02436449281247462,0.04434589800443459
5,random,201.0,12313,0,0.0,0.0,0.0,28,29,4.870918987003371e-05,0.0,0.0,0.0,0.0
5,random_matched,201.0,12313,10,0.08121497604158207,6.31689731228496e-07,0.08869179600886919,40048,45855,0.642926916100643,0.09786651008025053,0.00040514104892856685,0.08121497604158207,0.08869179600886919
5,random,202.0,12313,0,0.0,0.0,0.0,73,73,6.052942340758748e-05,0.0,0.0,0.0,0.0
5,random_matched,202.0,12313,10,0.08121497604158207,6.31689731228496e-07,0.08869179600886919,30182,35210,0.5191312262357544,0.09786651008025053,0.00040514104892856685,0.08121497604158207,0.08869179600886919
5,random,203.0,12313,0,0.0,0.0,0.0,15,15,0.002504247960854311,0.0,0.0,0.0,0.0
5,random_matched,203.0,12313,10,0.08121497604158207,6.31689731228496e-07,0.08869179600886919,29599,33110,0.504304768200114,0.09786651008025053,0.00040512327290451666,0.08121497604158207,0.08869179600886919
5,random,204.0,12313,0,0.0,0.0,0.0,40,41,4.443927225019787e-05,0.0,0.0,0.0,0.0
5,random_matched,204.0,12313,10,0.08121497604158207,6.31689731228496e-07,0.08869179600886919,30182,35210,0.5191312262357544,0.09786651008025053,0.00040514104892856685,0.08121497604158207,0.08869179600886919
5,random,205.0,12313,0,0.0,0.0,0.0,34,34,0.00021625924531926694,0.0,0.0,0.0,0.0
5,random_matched,205.0,12313,7,0.05685048322910745,6.098862469570608e-07,0.04434589800443459,30944,34964,0.5241210967849049,0.048933255040125266,0.0003780666605258552,0.05685048322910745,0.04434589800443459
5,random,206.0,12313,0,0.0,0.0,0.0,27,27,3.9098837819571706e-05,0.0,0.0,0.0,0.0
5,random_matched,206.0,12313,10,0.08121497604158207,6.31689731228496e-07,0.08869179600886919,29599,33110,0.504304768200114,0.09786651008025053,0.00040512327290451666,0.08121497604158207,0.08869179600886919
5,random,207.0,12313,0,0.0,0.0,0.0,16,16,7.027612123092442e-05,0.0,0.0,0.0,0.0
5,random_matched,207.0,12313,3,0.02436449281247462,2.1803484271435184e-08,0.04434589800443459,29451,34313,0.38128146093906407,0.048933255040125266,2.7092164426761893e-05,0.02436449281247462,0.04434589800443459
5,random,208.0,12313,0,0.0,0.0,0.0,30,30,0.0008903176475011164,0.0,0.0,0.0,0.0
5,random_matched,208.0,12313,3,0.02436449281247462,2.1803484271435184e-08,0.04434589800443459,19002,21568,0.24265931303853505,0.048933255040125266,2.7074388402711684e-05,0.02436449281247462,0.04434589800443459
5,random,209.0,12313,0,0.0,0.0,0.0,44,44,7.95125348745908e-05,0.0,0.0,0.0,0.0
5,random_matched,209.0,12313,10,0.08121497604158207,6.31689731228496e-07,0.08869179600886919,29599,33110,0.504304768200114,0.09786651008025053,0.00040512327290451666,0.08121497604158207,0.08869179600886919
5,random,210.0,12313,0,0.0,0.0,0.0,58,64,0.008949605585570447,0.0,0.0,0.0,0.0
5,random_matched,210.0,12313,7,0.05685048322910745,6.098862469570608e-07,0.04434589800443459,30944,34964,0.5241210967849049,0.048933255040125266,0.0003780666605258552,0.05685048322910745,0.04434589800443459
5,random,211.0,12313,0,0.0,0.0,0.0,15,15,9.843759814126123e-05,0.0,0.0,0.0,0.0
5,random_matched,211.0,12313,10,0.08121497604158207,6.31689731228496e-07,0.08869179600886919,40048,45855,0.642926916100643,0.09786651008025053,0.00040514104892856685,0.08121497604158207,0.08869179600886919
5,random,212.0,12313,0,0.0,0.0,0.0,56,56,0.0016983526460094304,0.0,0.0,0.0,0.0
5,random_matched,212.0,12313,10,0.08121497604158207,6.31689731228496e-07,0.08869179600886919,29599,33110,0.504304768200114,0.09786651008025053,0.00040512327290451666,0.08121497604158207,0.08869179600886919
5,random,213.0,12313,0,0.0,0.0,0.0,21,21,4.0674238977443476e-05,0.0,0.0,0.0,0.0
5,random_matched,213.0,12313,0,0.0,0.0,0.0,20347,23422,0.262475641623326,0.0,1.777602405020832e-08,0.0,0.0
5,random,214.0,12313,0,0.0,0.0,0.0,265,273,0.00035346224161772255,0.0,0.0,0.0,0.0
5,random_matched,214.0,12313,10,0.08121497604158207,6.31689731228496e-07,0.08869179600886919,40048,45855,0.642926916100643,0.09786651008025053,0.00040514104892856685,0.08121497604158207,0.08869179600886919
5,random,215.0,12313,0,0.0,0.0,0.0,12,12,1.8125888043482693e-05,0.0,0.0,0.0,0.0
5,random_matched,215.0,12313,3,0.02436449281247462,2.1803484271435184e-08,0.04434589800443459,29451,34313,0.38128146093906407,0.048933255040125266,2.7092164426761893e-05,0.02436449281247462,0.04434589800443459
5,random,216.0,12313,0,0.0,0.0,0.0,12,12,1.783024720922912e-05,0.0,0.0,0.0,0.0
5,random_matched,216.0,12313,10,0.08121497604158207,6.31689731228496e-07,0.08869179600886919,29599,33110,0.504304768200114,0.09786651008025053,0.00040512327290451666,0.08121497604158207,0.08869179600886919
5,random,217.0,12313,0,0.0,0.0,0.0,11,11,4.3699495185490305e-05,0.0,0.0,0.0,0.0
5,random_matched,217.0,12313,10,0.08121497604158207,6.31689731228496e-07,0.08869179600886919,40048,45855,0.642926916100643,0.09786651008025053,0.00040514104892856685,0.08121497604158207,0.08869179600886919
5,random,218.0,12313,0,0.0,0.0,0.0,11,11,2.182612332516781e-05,0.0,0.0,0.0,0.0
5,random_matched,218.0,12313,10,0.08121497604158207,6.31689731228496e-07,0.08869179600886919,29599,33110,0.504304768200114,0.09786651008025053,0.00040512327290451666,0.08121497604158207,0.08869179600886919
5,random,219.0,12313,0,0.0,0.0,0.0,19,19,4.0489294711266585e-05,0.0,0.0,0.0,0.0
5,random_matched,219.0,12313,7,0.05685048322910745,6.098862469570608e-07,0.04434589800443459,30944,34964,0.5241210967849049,0.048933255040125266,0.0003780666605258552,0.05685048322910745,0.04434589800443459
5,random,220.0,12313,0,0.0,0.0,0.0,57,57,0.0005667421293059501,0.0,0.0,0.0,0.0
5,random_matched,220.0,12313,10,0.08121497604158207,6.31689731228496e-07,0.08869179600886919,30182,35210,0.5191312262357544,0.09786651008025053,0.00040514104892856685,0.08121497604158207,0.08869179600886919
5,random,221.0,12313,0,0.0,0.0,0.0,1375,1567,0.0059195232771471085,0.0,0.0,0.0,0.0
5,random_matched,221.0,12313,10,0.08121497604158207,6.31689731228496e-07,0.08869179600886919,30182,35210,0.5191312262357544,0.09786651008025053,0.00040514104892856685,0.08121497604158207,0.08869179600886919
5,random,222.0,12313,2,0.016242995208316412,4.0754176208290066e-08,0.0,12,12,5.6116410224140325e-05,0.029359953024075163,6.113126431243509e-10,0.016242995208316412,0.0
5,random_matched,222.0,12313,10,0.08121497604158207,6.31689731228496e-07,0.08869179600886919,19733,22465,0.3805090783352253,0.09786651008025053,0.00040512327290451666,0.08121497604158207,0.08869179600886919
5,random,223.0,12313,0,0.0,0.0,0.0,118,118,0.0034556552643941344,0.0,5.749805841155401e-06,0.0,0.0
5,random_matched,223.0,12313,3,0.02436449281247462,2.1803484271435184e-08,0.04434589800443459,29451,34313,0.38128146093906407,0.048933255040125266,2.7092164426761893e-05,0.02436449281247462,0.04434589800443459
5,random,224.0,12313,0,0.0,0.0,0.0,13,13,8.308992396487375e-06,0.0,0.0,0.0,0.0
5,random_matched,224.0,12313,10,0.08121497604158207,6.31689731228496e-07,0.08869179600886919,40048,45855,0.642926916100643,0.09786651008025053,0.00040514104892856685,0.08121497604158207,0.08869179600886919
5,random,225.0,12313,0,0.0,0.0,0.0,104,126,0.0006559365640128085,0.0,0.0,0.0,0.0
5,random_matched,225.0,12313,7,0.05685048322910745,6.098862469570608e-07,0.04434589800443459,30944,34964,0.5241210967849049,0.048933255040125266,0.0003780666605258552,0.05685048322910745,0.04434589800443459
5,random,226.0,12313,0,0.0,0.0,0.0,18,18,6.604940227180143e-05,0.0,0.0,0.0,0.0
5,random_matched,226.0,12313,3,0.02436449281247462,2.1803484271435184e-08,0.04434589800443459,29451,34313,0.38128146093906407,0.048933255040125266,2.7092164426761893e-05,0.02436449281247462,0.04434589800443459
5,random,227.0,12313,0,0.0,0.0,0.0,18,18,2.746219859004755e-05,0.0,0.0,0.0,0.0
5,random_matched,227.0,12313,10,0.08121497604158207,6.31689731228496e-07,0.08869179600886919,29599,33110,0.504304768200114,0.09786651008025053,0.00040512327290451666,0.08121497604158207,0.08869179600886919
5,random,228.0,12313,0,0.0,0.0,0.0,41,45,0.0001655224183120238,0.0,0.0,0.0,0.0
5,random_matched,228.0,12313,3,0.02436449281247462,2.1803484271435184e-08,0.04434589800443459,19585,23668,0.2574857710741753,0.048933255040125266,2.7092164426761893e-05,0.02436449281247462,0.04434589800443459
5,random,229.0,12313,0,0.0,0.0,0.0,16,16,2.283454206118342e-05,0.0,0.0,0.0,0.0
5,random_matched,229.0,12313,10,0.08121497604158207,6.31689731228496e-07,0.08869179600886919,40048,45855,0.642926916100643,0.09786651008025053,0.00040514104892856685,0.08121497604158207,0.08869179600886919
5,random,230.0,12313,0,0.0,0.0,0.0,52,53,0.00011086396288694219,0.0,0.0,0.0,0.0
5,random_matched,230.0,12313,3,0.02436449281247462,2.1803484271435184e-08,0.04434589800443459,29451,34313,0.38128146093906407,0.048933255040125266,2.7092164426761893e-05,0.02436449281247462,0.04434589800443459
5,random,231.0,12313,0,0.0,0.0,0.0,920,943,0.06272497373898776,0.0,0.0,0.0,0.0
5,random_matched,231.0,12313,3,0.02436449281247462,2.1803484271435184e-08,0.04434589800443459,29451,34313,0.38128146093906407,0.048933255040125266,2.7092164426761893e-05,0.02436449281247462,0.04434589800443459
5,random,232.0,12313,0,0.0,0.0,0.0,17,17,4.2603329169901716e-05,0.0,0.0,0.0,0.0
5,random_matched,232.0,12313,0,0.0,0.0,0.0,20347,23422,0.262475641623326,0.0,1.777602405020832e-08,0.0,0.0
5,random,233.0,12313,0,0.0,0.0,0.0,25,25,0.0012097541940167325,0.0,0.0,0.0,0.0
5,random_matched,233.0,12313,7,0.05685048322910745,6.098862469570608e-07,0.04434589800443459,20463,22187,0.3854411450264677,0.048933255040125266,0.000378048884501805,0.05685048322910745,0.04434589800443459
5,random,234.0,12313,0,0.0,0.0,0.0,27,28,0.02909524971059877,0.0,0.0,0.0,0.0
5,random_matched,234.0,12313,7,0.05685048322910745,6.098862469570608e-07,0.04434589800443459,30944,34964,0.5241210967849049,0.048933255040125266,0.0003780666605258552,0.05685048322910745,0.04434589800443459
5,random,235.0,12313,0,0.0,0.0,0.0,347,347,0.0003041739197025072,0.0,0.0,0.0,0.0
5,random_matched,235.0,12313,3,0.02436449281247462,2.1803484271435184e-08,0.04434589800443459,29451,34313,0.38128146093906407,0.048933255040125266,2.7092164426761893e-05,0.02436449281247462,0.04434589800443459
5,random,236.0,12313,0,0.0,0.0,0.0,13,13,0.00010068257854018219,0.0,0.0,0.0,0.0
5,random_matched,236.0,12313,10,0.08121497604158207,6.31689731228496e-07,0.08869179600886919,40048,45855,0.642926916100643,0.09786651008025053,0.00040514104892856685,0.08121497604158207,0.08869179600886919
5,random,237.0,12313,0,0.0,0.0,0.0,1724,1783,0.040209128447255243,0.0,0.0,0.0,0.0
5,random_matched,237.0,12313,10,0.08121497604158207,6.31689731228496e-07,0.08869179600886919,29599,33110,0.504304768200114,0.09786651008025053,0.00040512327290451666,0.08121497604158207,0.08869179600886919
5,random,238.0,12313,0,0.0,0.0,0.0,50,50,0.0012663727886716599,0.0,0.0,0.0,0.0
5,random_matched,238.0,12313,3,0.02436449281247462,2.1803484271435184e-08,0.04434589800443459,29451,34313,0.38128146093906407,0.048933255040125266,2.7092164426761893e-05,0.02436449281247462,0.04434589800443459
5,random,239.0,12313,0,0.0,0.0,0.0,13,13,2.2555100724697168e-05,0.0,0.0,0.0,0.0
5,random_matched,239.0,12313,3,0.02436449281247462,2.1803484271435184e-08,0.04434589800443459,29451,34313,0.38128146093906407,0.048933255040125266,2.7092164426761893e-05,0.02436449281247462,0.04434589800443459
5,random,240.0,12313,0,0.0,0.0,0.0,18,18,0.0007645042480912333,0.0,0.0,0.0,0.0
5,random_matched,240.0,12313,7,0.05685048322910745,6.098862469570608e-07,0.04434589800443459,30944,34964,0.5241210967849049,0.048933255040125266,0.0003780666605258552,0.05685048322910745,0.04434589800443459
5,random,241.0,12313,0,0.0,0.0,0.0,28,42,1.8183936243815587e-06,0.0,0.0,0.0,0.0
5,random_matched,241.0,12313,10,0.08121497604158207,6.31689731228496e-07,0.08869179600886919,30182,35210,0.5191312262357544,0.09786651008025053,0.00040514104892856685,0.08121497604158207,0.08869179600886919
5,random,242.0,12313,0,0.0,0.0,0.0,21,21,0.00012831082198234476,0.0,0.0,0.0,0.0
5,random_matched,242.0,12313,10,0.08121497604158207,6.31689731228496e-07,0.08869179600886919,30182,35210,0.5191312262357544,0.09786651008025053,0.00040514104892856685,0.08121497604158207,0.08869179600886919
5,random,243.0,12313,0,0.0,0.0,0.0,12,12,1.6198147809171732e-05,0.0,0.0,0.0,0.0
5,random_matched,243.0,12313,10,0.08121497604158207,6.31689731228496e-07,0.08869179600886919,30182,35210,0.5191312262357544,0.09786651008025053,0.00040514104892856685,0.08121497604158207,0.08869179600886919
5,random,244.0,12313,0,0.0,0.0,0.0,12,12,4.4162530830006174e-05,0.0,0.0,0.0,0.0
5,random_matched,244.0,12313,7,0.05685048322910745,6.098862469570608e-07,0.04434589800443459,21078,24319,0.4003254069200163,0.048933255040125266,0.0003780666605258552,0.05685048322910745,0.04434589800443459
5,random,245.0,12313,0,0.0,0.0,0.0,69,69,0.0018673660560903115,0.0,0.0,0.0,0.0
5,random_matched,245.0,12313,7,0.05685048322910745,6.098862469570608e-07,0.04434589800443459,30944,34964,0.5241210967849049,0.048933255040125266,0.0003780666605258552,0.05685048322910745,0.04434589800443459
5,random,246.0,12313,0,0.0,0.0,0.0,41,41,0.00013024801192368666,0.0,0.0,0.0,0.0
5,random_matched,246.0,12313,10,0.08121497604158207,6.31689731228496e-07,0.08869179600886919,40048,45855,0.642926916100643,0.09786651008025053,0.00040514104892856685,0.08121497604158207,0.08869179600886919
5,random,247.0,12313,0,0.0,0.0,0.0,19,19,2.7917134485679758e-05,0.0,0.0,0.0,0.0
5,random_matched,247.0,12313,10,0.08121497604158207,6.31689731228496e-07,0.08869179600886919,40048,45855,0.642926916100643,0.09786651008025053,0.00040514104892856685,0.08121497604158207,0.08869179600886919
5,random,248.0,12313,0,0.0,0.0,0.0,12,12,1.1675788015795175e-05,0.0,0.0,0.0,0.0
5,random_matched,248.0,12313,10,0.08121497604158207,6.31689731228496e-07,0.08869179600886919,29599,33110,0.504304768200114,0.09786651008025053,0.00040512327290451666,0.08121497604158207,0.08869179600886919
5,random,249.0,12313,0,0.0,0.0,0.0,17,17,1.9659440498788893e-05,0.0,0.0,0.0,0.0
5,random_matched,249.0,12313,10,0.08121497604158207,6.31689731228496e-07,0.08869179600886919,29599,33110,0.504304768200114,0.09786651008025053,0.00040512327290451666,0.08121497604158207,0.08869179600886919
5,random,250.0,12313,0,0.0,0.0,0.0,25,25,2.971527873785217e-05,0.0,0.0,0.0,0.0
5,random_matched,250.0,12313,10,0.08121497604158207,6.31689731228496e-07,0.08869179600886919,30182,35210,0.5191312262357544,0.09786651008025053,0.00040514104892856685,0.08121497604158207,0.08869179600886919
5,random,251.0,12313,0,0.0,0.0,0.0,13,13,3.208985511891168e-05,0.0,0.0,0.0,0.0
5,random_matched,251.0,12313,10,0.08121497604158207,6.31689731228496e-07,0.08869179600886919,30182,35210,0.5191312262357544,0.09786651008025053,0.00040514104892856685,0.08121497604158207,0.08869179600886919
5,random,252.0,12313,0,0.0,0.0,0.0,16,16,0.0023300885103160114,0.0,0.0,0.0,0.0
5,random_matched,252.0,12313,3,0.02436449281247462,2.1803484271435184e-08,0.04434589800443459,29451,34313,0.38128146093906407,0.048933255040125266,2.7092164426761893e-05,0.02436449281247462,0.04434589800443459
5,random,253.0,12313,0,0.0,0.0,0.0,18,18,0.00010128600983201483,0.0,0.0,0.0,0.0
5,random_matched,253.0,12313,10,0.08121497604158207,6.31689731228496e-07,0.08869179600886919,29599,33110,0.504304768200114,0.09786651008025053,0.00040512327290451666,0.08121497604158207,0.08869179600886919
5,random,254.0,12313,0,0.0,0.0,0.0,222,245,0.0003789076027357389,0.0,0.0,0.0,0.0
5,random_matched,254.0,12313,3,0.02436449281247462,2.1803484271435184e-08,0.04434589800443459,29451,34313,0.38128146093906407,0.048933255040125266,2.7092164426761893e-05,0.02436449281247462,0.04434589800443459
5,random,255.0,12313,0,0.0,0.0,0.0,12,12,0.000619918330685322,0.0,0.0,0.0,0.0
5,random_matched,255.0,12313,7,0.05685048322910745,6.098862469570608e-07,0.04434589800443459,21078,24319,0.4003254069200163,0.048933255040125266,0.0003780666605258552,0.05685048322910745,0.04434589800443459
5,random,256.0,12313,0,0.0,0.0,0.0,18,18,4.0392097724662674e-05,0.0,0.0,0.0,0.0
5,random_matched,256.0,12313,10,0.08121497604158207,6.31689731228496e-07,0.08869179600886919,29599,33110,0.504304768200114,0.09786651008025053,0.00040512327290451666,0.08121497604158207,0.08869179600886919
5,random,257.0,12313,0,0.0,0.0,0.0,59,59,0.0022711317881500014,0.0,0.0,0.0,0.0
5,random_matched,257.0,12313,3,0.02436449281247462,2.1803484271435184e-08,0.04434589800443459,19002,21568,0.24265931303853505,0.048933255040125266,2.7074388402711684e-05,0.02436449281247462,0.04434589800443459
5,random,258.0,12313,0,0.0,0.0,0.0,40,40,0.004571869508427926,0.0,0.0,0.0,0.0
5,random_matched,258.0,12313,10,0.08121497604158207,6.31689731228496e-07,0.08869179600886919,30182,35210,0.5191312262357544,0.09786651008025053,0.00040514104892856685,0.08121497604158207,0.08869179600886919
5,random,259.0,12313,0,0.0,0.0,0.0,14,14,2.1350938057326454e-05,0.0,0.0,0.0,0.0
5,random_matched,259.0,12313,10,0.08121497604158207,6.31689731228496e-07,0.08869179600886919,30182,35210,0.5191312262357544,0.09786651008025053,0.00040514104892856685,0.08121497604158207,0.08869179600886919
5,random,260.0,12313,0,0.0,0.0,0.0,19,19,0.0015909661753098726,0.0,0.0,0.0,0.0
5,random_matched,260.0,12313,10,0.08121497604158207,6.31689731228496e-07,0.08869179600886919,40048,45855,0.642926916100643,0.09786651008025053,0.00040514104892856685,0.08121497604158207,0.08869179600886919
5,random,261.0,12313,0,0.0,0.0,0.0,535,786,0.0009222050088979366,0.0,0.0,0.0,0.0
5,random_matched,261.0,12313,10,0.08121497604158207,6.31689731228496e-07,0.08869179600886919,30182,35210,0.5191312262357544,0.09786651008025053,0.00040514104892856685,0.08121497604158207,0.08869179600886919
5,random,262.0,12313,0,0.0,0.0,0.0,22,22,0.00042402455397586963,0.0,0.0,0.0,0.0
5,random_matched,262.0,12313,10,0.08121497604158207,6.31689731228496e-07,0.08869179600886919,30182,35210,0.5191312262357544,0.09786651008025053,0.00040514104892856685,0.08121497604158207,0.08869179600886919
5,random,263.0,12313,0,0.0,0.0,0.0,112,121,0.0018072227207128451,0.0,0.0,0.0,0.0
5,random_matched,263.0,12313,7,0.05685048322910745,6.098862469570608e-07,0.04434589800443459,30944,34964,0.5241210967849049,0.048933255040125266,0.0003780666605258552,0.05685048322910745,0.04434589800443459
5,random,264.0,12313,0,0.0,0.0,0.0,23,23,0.0017795175296562878,0.0,0.0,0.0,0.0
5,random_matched,264.0,12313,10,0.08121497604158207,6.31689731228496e-07,0.08869179600886919,30182,35210,0.5191312262357544,0.09786651008025053,0.00040514104892856685,0.08121497604158207,0.08869179600886919
5,random,265.0,12313,0,0.0,0.0,0.0,13,13,3.1022038224415904e-05,0.0,0.0,0.0,0.0
5,random_matched,265.0,12313,10,0.08121497604158207,6.31689731228496e-07,0.08869179600886919,40048,45855,0.642926916100643,0.09786651008025053,0.00040514104892856685,0.08121497604158207,0.08869179600886919
5,random,266.0,12313,0,0.0,0.0,0.0,13,13,0.000282809482063708,0.0,0.0,0.0,0.0
5,random_matched,266.0,12313,7,0.05685048322910745,6.098862469570608e-07,0.04434589800443459,30944,34964,0.5241210967849049,0.048933255040125266,0.0003780666605258552,0.05685048322910745,0.04434589800443459
5,random,267.0,12313,0,0.0,0.0,0.0,17,17,5.057078215512812e-05,0.0,0.0,0.0,0.0
5,random_matched,267.0,12313,10,0.08121497604158207,6.31689731228496e-07,0.08869179600886919,30182,35210,0.5191312262357544,0.09786651008025053,0.00040514104892856685,0.08121497604158207,0.08869179600886919
5,random,268.0,12313,0,0.0,0.0,0.0,13,17,0.000681728864374675,0.0,0.0,0.0,0.0
5,random_matched,268.0,12313,3,0.02436449281247462,2.1803484271435184e-08,0.04434589800443459,29451,34313,0.38128146093906407,0.048933255040125266,2.7092164426761893e-05,0.02436449281247462,0.04434589800443459
5,random,269.0,12313,0,0.0,0.0,0.0,14,14,0.00011226791936010984,0.0,0.0,0.0,0.0
5,random_matched,269.0,12313,7,0.05685048322910745,6.098862469570608e-07,0.04434589800443459,20463,22187,0.3854411450264677,0.048933255040125266,0.000378048884501805,0.05685048322910745,0.04434589800443459
5,random,270.0,12313,0,0.0,0.0,0.0,19,19,4.251153201588691e-05,0.0,0.0,0.0,0.0
5,random_matched,270.0,12313,10,0.08121497604158207,6.31689731228496e-07,0.08869179600886919,29599,33110,0.504304768200114,0.09786651008025053,0.00040512327290451666,0.08121497604158207,0.08869179600886919
5,random,271.0,12313,0,0.0,0.0,0.0,34,34,0.00013185176220265125,0.0,0.0,0.0,0.0
5,random_matched,271.0,12313,10,0.08121497604158207,6.31689731228496e-07,0.08869179600886919,30182,35210,0.5191312262357544,0.09786651008025053,0.00040514104892856685,0.08121497604158207,0.08869179600886919
5,random,272.0,12313,0,0.0,0.0,0.0,18,18,1.4250158202651621e-05,0.0,0.0,0.0,0.0
5,random_matched,272.0,12313,7,0.05685048322910745,6.098862469570608e-07,0.04434589800443459,30944,34964,0.5241210967849049,0.048933255040125266,0.0003780666605258552,0.05685048322910745,0.04434589800443459
5,random,273.0,12313,0,0.0,0.0,0.0,65,65,0.0004564194996360658,0.0,0.0,0.0,0.0
5,random_matched,273.0,12313,10,0.08121497604158207,6.31689731228496e-07,0.08869179600886919,40048,45855,0.642926916100643,0.09786651008025053,0.00040514104892856685,0.08121497604158207,0.08869179600886919
5,random,274.0,12313,0,0.0,0.0,0.0,11,11,8.16454687472878e-05,0.0,0.0,0.0,0.0
5,random_matched,274.0,12313,10,0.08121497604158207,6.31689731228496e-07,0.08869179600886919,40048,45855,0.642926916100643,0.09786651008025053,0.00040514104892856685,0.08121497604158207,0.08869179600886919
5,random,275.0,12313,0,0.0,0.0,0.0,11,11,0.00016236486620554386,0.0,0.0,0.0,0.0
5,random_matched,275.0,12313,10,0.08121497604158207,6.31689731228496e-07,0.08869179600886919,30182,35210,0.5191312262357544,0.09786651008025053,0.00040514104892856685,0.08121497604158207,0.08869179600886919
5,random,276.0,12313,0,0.0,0.0,0.0,13,13,0.003918962250497605,0.0,0.0,0.0,0.0
5,random_matched,276.0,12313,7,0.05685048322910745,6.098862469570608e-07,0.04434589800443459,21078,24319,0.4003254069200163,0.048933255040125266,0.0003780666605258552,0.05685048322910745,0.04434589800443459
5,random,277.0,12313,0,0.0,0.0,0.0,18,18,4.972030852234387e-05,0.0,0.0,0.0,0.0
5,random_matched,277.0,12313,10,0.08121497604158207,6.31689731228496e-07,0.08869179600886919,30182,35210,0.5191312262357544,0.09786651008025053,0.00040514104892856685,0.08121497604158207,0.08869179600886919
5,random,278.0,12313,0,0.0,0.0,0.0,26,26,2.7630943358457124e-05,0.0,0.0,0.0,0.0
5,random_matched,278.0,12313,10,0.08121497604158207,6.31689731228496e-07,0.08869179600886919,30182,35210,0.5191312262357544,0.09786651008025053,0.00040514104892856685,0.08121497604158207,0.08869179600886919
5,random,279.0,12313,0,0.0,0.0,0.0,20,20,0.0002312383809214479,0.0,0.0,0.0,0.0
5,random_matched,279.0,12313,10,0.08121497604158207,6.31689731228496e-07,0.08869179600886919,40048,45855,0.642926916100643,0.09786651008025053,0.00040514104892856685,0.08121497604158207,0.08869179600886919
5,random,280.0,12313,0,0.0,0.0,0.0,27,27,3.98656140472248e-05,0.0,0.0,0.0,0.0
5,random_matched,280.0,12313,3,0.02436449281247462,2.1803484271435184e-08,0.04434589800443459,19585,23668,0.2574857710741753,0.048933255040125266,2.7092164426761893e-05,0.02436449281247462,0.04434589800443459
5,random,281.0,12313,0,0.0,0.0,0.0,35,35,0.0001914996629400671,0.0,0.0,0.0,0.0
5,random_matched,281.0,12313,7,0.05685048322910745,6.098862469570608e-07,0.04434589800443459,30944,34964,0.5241210967849049,0.048933255040125266,0.0003780666605258552,0.05685048322910745,0.04434589800443459
5,random,282.0,12313,0,0.0,0.0,0.0,358,358,0.0016376315285449297,0.0,0.0,0.0,0.0
5,random_matched,282.0,12313,7,0.05685048322910745,6.098862469570608e-07,0.04434589800443459,20463,22187,0.3854411450264677,0.048933255040125266,0.000378048884501805,0.05685048322910745,0.04434589800443459
5,random,283.0,12313,0,0.0,0.0,0.0,14,14,6.682157833204363e-05,0.0,0.0,0.0,0.0
5,random_matched,283.0,12313,7,0.05685048322910745,6.098862469570608e-07,0.04434589800443459,30944,34964,0.5241210967849049,0.048933255040125266,0.0003780666605258552,0.05685048322910745,0.04434589800443459
5,random,284.0,12313,0,0.0,0.0,0.0,24,24,2.0809604840268545e-05,0.0,0.0,0.0,0.0
5,random_matched,284.0,12313,10,0.08121497604158207,6.31689731228496e-07,0.08869179600886919,40048,45855,0.642926916100643,0.09786651008025053,0.00040514104892856685,0.08121497604158207,0.08869179600886919
5,random,285.0,12313,0,0.0,0.0,0.0,12,12,2.227700934635819e-05,0.0,0.0,0.0,0.0
5,random_matched,285.0,12313,7,0.05685048322910745,6.098862469570608e-07,0.04434589800443459,21078,24319,0.4003254069200163,0.048933255040125266,0.0003780666605258552,0.05685048322910745,0.04434589800443459
5,random,286.0,12313,0,0.0,0.0,0.0,29,31,0.0004074389681784295,0.0,0.0,0.0,0.0
5,random_matched,286.0,12313,7,0.05685048322910745,6.098862469570608e-07,0.04434589800443459,30944,34964,0.5241210967849049,0.048933255040125266,0.0003780666605258552,0.05685048322910745,0.04434589800443459
5,random,287.0,12313,0,0.0,0.0,0.0,17,17,3.3628807406806985e-05,0.0,0.0,0.0,0.0
5,random_matched,287.0,12313,3,0.02436449281247462,2.1803484271435184e-08,0.04434589800443459,29451,34313,0.38128146093906407,0.048933255040125266,2.7092164426761893e-05,0.02436449281247462,0.04434589800443459
5,random,288.0,12313,0,0.0,0.0,0.0,13,13,2.3637767158812988e-05,0.0,0.0,0.0,0.0
5,random_matched,288.0,12313,10,0.08121497604158207,6.31689731228496e-07,0.08869179600886919,40048,45855,0.642926916100643,0.09786651008025053,0.00040514104892856685,0.08121497604158207,0.08869179600886919
5,random,289.0,12313,0,0.0,0.0,0.0,23,23,2.3821361466842604e-05,0.0,0.0,0.0,0.0
5,random_matched,289.0,12313,10,0.08121497604158207,6.31689731228496e-07,0.08869179600886919,29599,33110,0.504304768200114,0.09786651008025053,0.00040512327290451666,0.08121497604158207,0.08869179600886919
5,random,290.0,12313,0,0.0,0.0,0.0,36,36,0.0035916203490715375,0.0,0.0,0.0,0.0
5,random_matched,290.0,12313,7,0.05685048322910745,6.098862469570608e-07,0.04434589800443459,30944,34964,0.5241210967849049,0.048933255040125266,0.0003780666605258552,0.05685048322910745,0.04434589800443459
5,random,291.0,12313,0,0.0,0.0,0.0,119,120,0.0011801212627258644,0.0,0.0,0.0,0.0
5,random_matched,291.0,12313,10,0.08121497604158207,6.31689731228496e-07,0.08869179600886919,30182,35210,0.5191312262357544,0.09786651008025053,0.00040514104892856685,0.08121497604158207,0.08869179600886919
5,random,292.0,12313,0,0.0,0.0,0.0,12,12,1.4098962890156644e-05,0.0,0.0,0.0,0.0
5,random_matched,292.0,12313,10,0.08121497604158207,6.31689731228496e-07,0.08869179600886919,30182,35210,0.5191312262357544,0.09786651008025053,0.00040514104892856685,0.08121497604158207,0.08869179600886919
5,random,293.0,12313,0,0.0,0.0,0.0,12,12,0.0014617549312432943,0.0,0.0,0.0,0.0
5,random_matched,293.0,12313,10,0.08121497604158207,6.31689731228496e-07,0.08869179600886919,19733,22465,0.3805090783352253,0.09786651008025053,0.00040512327290451666,0.08121497604158207,0.08869179600886919
5,random,294.0,12313,0,0.0,0.0,0.0,28,29,0.0005757315006086649,0.0,0.0,0.0,0.0
5,random_matched,294.0,12313,3,0.02436449281247462,2.1803484271435184e-08,0.04434589800443459,29451,34313,0.38128146093906407,0.048933255040125266,2.7092164426761893e-05,0.02436449281247462,0.04434589800443459
5,random,295.0,12313,0,0.0,0.0,0.0,10,18,0.00010023169251899181,0.0,0.0,0.0,0.0
5,random_matched,295.0,12313,7,0.05685048322910745,6.098862469570608e-07,0.04434589800443459,21078,24319,0.4003254069200163,0.048933255040125266,0.0003780666605258552,0.05685048322910745,0.04434589800443459
5,random,296.0,12313,0,0.0,0.0,0.0,28,28,0.0006360854294571064,0.0,0.0,0.0,0.0
5,random_matched,296.0,12313,0,0.0,0.0,0.0,20347,23422,0.262475641623326,0.0,1.777602405020832e-08,0.0,0.0
5,random,297.0,12313,0,0.0,0.0,0.0,25,26,0.006806713071620985,0.0,0.0,0.0,0.0
5,random_matched,297.0,12313,10,0.08121497604158207,6.31689731228496e-07,0.08869179600886919,40048,45855,0.642926916100643,0.09786651008025053,0.00040514104892856685,0.08121497604158207,0.08869179600886919
5,random,298.0,12313,0,0.0,0.0,0.0,15,16,9.357909876921281e-06,0.0,0.0,0.0,0.0
5,random_matched,298.0,12313,10,0.08121497604158207,6.31689731228496e-07,0.08869179600886919,30182,35210,0.5191312262357544,0.09786651008025053,0.00040514104892856685,0.08121497604158207,0.08869179600886919
5,random,299.0,12313,0,0.0,0.0,0.0,22,22,0.0005341149908444223,0.0,0.0,0.0,0.0
5,random_matched,299.0,12313,7,0.05685048322910745,6.098862469570608e-07,0.04434589800443459,30944,34964,0.5241210967849049,0.048933255040125266,0.0003780666605258552,0.05685048322910745,0.04434589800443459
5,random,300.0,12313,0,0.0,0.0,0.0,24,24,5.971809856107425e-05,0.0,0.0,0.0,0.0
5,random_matched,300.0,12313,3,0.02436449281247462,2.1803484271435184e-08,0.04434589800443459,29451,34313,0.38128146093906407,0.048933255040125266,2.7092164426761893e-05,0.02436449281247462,0.04434589800443459
5,random,301.0,12313,0,0.0,0.0,0.0,14,14,0.00014214384311748792,0.0,0.0,0.0,0.0
5,random_matched,301.0,12313,10,0.08121497604158207,6.31689731228496e-07,0.08869179600886919,30182,35210,0.5191312262357544,0.09786651008025053,0.00040514104892856685,0.08121497604158207,0.08869179600886919
5,random,302.0,12313,0,0.0,0.0,0.0,63,68,0.0008513686550358923,0.0,0.0,0.0,0.0
5,random_matched,302.0,12313,10,0.08121497604158207,6.31689731228496e-07,0.08869179600886919,30182,35210,0.5191312262357544,0.09786651008025053,0.00040514104892856685,0.08121497604158207,0.08869179600886919
5,random,303.0,12313,0,0.0,0.0,0.0,44,46,0.0007808103925521871,0.0,0.0,0.0,0.0
5,random_matched,303.0,12313,3,0.02436449281247462,2.1803484271435184e-08,0.04434589800443459,29451,34313,0.38128146093906407,0.048933255040125266,2.7092164426761893e-05,0.02436449281247462,0.04434589800443459
5,random,304.0,12313,0,0.0,0.0,0.0,12,12,4.3954637275325575e-06,0.0,0.0,0.0,0.0
5,random_matched,304.0,12313,10,0.08121497604158207,6.31689731228496e-07,0.08869179600886919,30182,35210,0.5191312262357544,0.09786651008025053,0.00040514104892856685,0.08121497604158207,0.08869179600886919
5,random,305.0,12313,0,0.0,0.0,0.0,65,66,0.0017060163584115195,0.0,0.0,0.0,0.0
5,random_matched,305.0,12313,10,0.08121497604158207,6.31689731228496e-07,0.08869179600886919,40048,45855,0.642926916100643,0.09786651008025053,0.00040514104892856685,0.08121497604158207,0.08869179600886919
5,random,306.0,12313,0,0.0,0.0,0.0,10,10,0.00021885791475277438,0.0,0.0,0.0,0.0
5,random_matched,306.0,12313,10,0.08121497604158207,6.31689731228496e-07,0.08869179600886919,29599,33110,0.504304768200114,0.09786651008025053,0.00040512327290451666,0.08121497604158207,0.08869179600886919
5,random,307.0,12313,0,0.0,0.0,0.0,24,24,0.0002054636300154961,0.0,0.0,0.0,0.0
5,random_matched,307.0,12313,10,0.08121497604158207,6.31689731228496e-07,0.08869179600886919,30182,35210,0.5191312262357544,0.09786651008025053,0.00040514104892856685,0.08121497604158207,0.08869179600886919
5,random,308.0,12313,0,0.0,0.0,0.0,81,81,0.0001481741061613724,0.0,0.0,0.0,0.0
5,random_matched,308.0,12313,7,0.05685048322910745,6.098862469570608e-07,0.04434589800443459,30944,34964,0.5241210967849049,0.048933255040125266,0.0003780666605258552,0.05685048322910745,0.04434589800443459
5,random,309.0,12313,0,0.0,0.0,0.0,49,51,0.029586190339976993,0.0,0.0,0.0,0.0
5,random_matched,309.0,12313,10,0.08121497604158207,6.31689731228496e-07,0.08869179600886919,29599,33110,0.504304768200114,0.09786651008025053,0.00040512327290451666,0.08121497604158207,0.08869179600886919
5,random,310.0,12313,1,0.008121497604158206,0.0,0.014781966001478197,38,39,0.0005373359909838243,0.0,3.165425688055765e-07,0.008121497604158206,0.014781966001478197
5,random_matched,310.0,12313,7,0.05685048322910745,6.098862469570608e-07,0.04434589800443459,30944,34964,0.5241210967849049,0.048933255040125266,0.0003780666605258552,0.05685048322910745,0.04434589800443459
5,random,311.0,12313,0,0.0,0.0,0.0,455,456,0.0012879410699906978,0.0,0.0,0.0,0.0
5,random_matched,311.0,12313,7,0.05685048322910745,6.098862469570608e-07,0.04434589800443459,30944,34964,0.5241210967849049,0.048933255040125266,0.0003780666605258552,0.05685048322910745,0.04434589800443459
5,random,312.0,12313,0,0.0,0.0,0.0,17,17,5.075977629574684e-05,0.0,0.0,0.0,0.0
5,random_matched,312.0,12313,7,0.05685048322910745,6.098862469570608e-07,0.04434589800443459,30944,34964,0.5241210967849049,0.048933255040125266,0.0003780666605258552,0.05685048322910745,0.04434589800443459
5,random,313.0,12313,0,0.0,0.0,0.0,256,256,0.00026729711299335274,0.0,0.0,0.0,0.0
5,random_matched,313.0,12313,10,0.08121497604158207,6.31689731228496e-07,0.08869179600886919,40048,45855,0.642926916100643,0.09786651008025053,0.00040514104892856685,0.08121497604158207,0.08869179600886919
5,random,314.0,12313,0,0.0,0.0,0.0,11,11,0.0008402369001534497,0.0,0.0,0.0,0.0
5,random_matched,314.0,12313,10,0.08121497604158207,6.31689731228496e-07,0.08869179600886919,40048,45855,0.642926916100643,0.09786651008025053,0.00040514104892856685,0.08121497604158207,0.08869179600886919
5,random,315.0,12313,0,0.0,0.0,0.0,78,79,0.0002079192038853922,0.0,0.0,0.0,0.0
5,random_matched,315.0,12313,10,0.08121497604158207,6.31689731228496e-07,0.08869179600886919,29599,33110,0.504304768200114,0.09786651008025053,0.00040512327290451666,0.08121497604158207,0.08869179600886919
5,random,316.0,12313,0,0.0,0.0,0.0,13,14,0.00047508942081290096,0.0,0.0,0.0,0.0
5,random_matched,316.0,12313,7,0.05685048322910745,6.098862469570608e-07,0.04434589800443459,21078,24319,0.4003254069200163,0.048933255040125266,0.0003780666605258552,0.05685048322910745,0.04434589800443459
5,random,317.0,12313,0,0.0,0.0,0.0,19,27,0.0001100796372033745,0.0,0.0,0.0,0.0
5,random_matched,317.0,12313,7,0.05685048322910745,6.098862469570608e-07,0.04434589800443459,30944,34964,0.5241210967849049,0.048933255040125266,0.0003780666605258552,0.05685048322910745,0.04434589800443459
5,random,318.0,12313,0,0.0,0.0,0.0,19,19,0.0001194645462432413,0.0,0.0,0.0,0.0
5,random_matched,318.0,12313,3,0.02436449281247462,2.1803484271435184e-08,0.04434589800443459,29451,34313,0.38128146093906407,0.048933255040125266,2.7092164426761893e-05,0.02436449281247462,0.04434589800443459
5,random,319.0,12313,0,0.0,0.0,0.0,52,55,0.00110133905520895,0.0,0.0,0.0,0.0
5,random_matched,319.0,12313,3,0.02436449281247462,2.1803484271435184e-08,0.04434589800443459,29451,34313,0.38128146093906407,0.048933255040125266,2.7092164426761893e-05,0.02436449281247462,0.04434589800443459
5,random,320.0,12313,0,0.0,0.0,0.0,76,76,0.016709571353518582,0.0,0.0,0.0,0.0
5,random_matched,320.0,12313,10,0.08121497604158207,6.31689731228496e-07,0.08869179600886919,40048,45855,0.642926916100643,0.09786651008025053,0.00040514104892856685,0.08121497604158207,0.08869179600886919
5,random,321.0,12313,0,0.0,0.0,0.0,322,588,0.003587415229442771,0.0,0.0,0.0,0.0
5,random_matched,321.0,12313,10,0.08121497604158207,6.31689731228496e-07,0.08869179600886919,30182,35210,0.5191312262357544,0.09786651008025053,0.00040514104892856685,0.08121497604158207,0.08869179600886919
5,random,322.0,12313,0,0.0,0.0,0.0,19,19,7.1021298128221085e-06,0.0,0.0,0.0,0.0
5,random_matched,322.0,12313,10,0.08121497604158207,6.31689731228496e-07,0.08869179600886919,40048,45855,0.642926916100643,0.09786651008025053,0.00040514104892856685,0.08121497604158207,0.08869179600886919
5,random,323.0,12313,0,0.0,0.0,0.0,63,63,0.0018232966723724672,0.0,0.0,0.0,0.0
5,random_matched,323.0,12313,10,0.08121497604158207,6.31689731228496e-07,0.08869179600886919,29599,33110,0.504304768200114,0.09786651008025053,0.00040512327290451666,0.08121497604158207,0.08869179600886919
5,random,324.0,12313,0,0.0,0.0,0.0,12,12,2.11983927866842e-05,0.0,0.0,0.0,0.0
5,random_matched,324.0,12313,10,0.08121497604158207,6.31689731228496e-07,0.08869179600886919,40048,45855,0.642926916100643,0.09786651008025053,0.00040514104892856685,0.08121497604158207,0.08869179600886919
5,random,325.0,12313,0,0.0,0.0,0.0,11,11,3.4021645227664475e-05,0.0,0.0,0.0,0.0
5,random_matched,325.0,12313,7,0.05685048322910745,6.098862469570608e-07,0.04434589800443459,21078,24319,0.4003254069200163,0.048933255040125266,0.0003780666605258552,0.05685048322910745,0.04434589800443459
5,random,326.0,12313,0,0.0,0.0,0.0,11,11,3.3460062638397414e-05,0.0,0.0,0.0,0.0
5,random_matched,326.0,12313,0,0.0,0.0,0.0,20347,23422,0.262475641623326,0.0,1.777602405020832e-08,0.0,0.0
5,random,327.0,12313,0,0.0,0.0,0.0,14,14,3.9506525180049234e-05,0.0,0.0,0.0,0.0
5,random_matched,327.0,12313,3,0.02436449281247462,2.1803484271435184e-08,0.04434589800443459,29451,34313,0.38128146093906407,0.048933255040125266,2.7092164426761893e-05,0.02436449281247462,0.04434589800443459
5,random,328.0,12313,0,0.0,0.0,0.0,412,412,0.00034107367570016537,0.0,0.0,0.0,0.0
5,random_matched,328.0,12313,3,0.02436449281247462,2.1803484271435184e-08,0.04434589800443459,29451,34313,0.38128146093906407,0.048933255040125266,2.7092164426761893e-05,0.02436449281247462,0.04434589800443459
5,random,329.0,12313,0,0.0,0.0,0.0,24,24,0.00017111934479063253,0.0,0.0,0.0,0.0
5,random_matched,329.0,12313,0,0.0,0.0,0.0,20347,23422,0.262475641623326,0.0,1.777602405020832e-08,0.0,0.0
5,random,330.0,12313,0,0.0,0.0,0.0,18,18,3.066159939909305e-05,0.0,0.0,0.0,0.0
5,random_matched,330.0,12313,10,0.08121497604158207,6.31689731228496e-07,0.08869179600886919,30182,35210,0.5191312262357544,0.09786651008025053,0.00040514104892856685,0.08121497604158207,0.08869179600886919
5,random,331.0,12313,0,0.0,0.0,0.0,21,21,5.204223653565959e-05,0.0,0.0,0.0,0.0
5,random_matched,331.0,12313,10,0.08121497604158207,6.31689731228496e-07,0.08869179600886919,29599,33110,0.504304768200114,0.09786651008025053,0.00040512327290451666,0.08121497604158207,0.08869179600886919
5,random,332.0,12313,0,0.0,0.0,0.0,20,20,8.763928292119584e-05,0.0,0.0,0.0,0.0
5,random_matched,332.0,12313,7,0.05685048322910745,6.098862469570608e-07,0.04434589800443459,30944,34964,0.5241210967849049,0.048933255040125266,0.0003780666605258552,0.05685048322910745,0.04434589800443459
5,random,333.0,12313,0,0.0,0.0,0.0,720,724,0.0006310500855677648,0.0,0.0,0.0,0.0
5,random_matched,333.0,12313,10,0.08121497604158207,6.31689731228496e-07,0.08869179600886919,29599,33110,0.504304768200114,0.09786651008025053,0.00040512327290451666,0.08121497604158207,0.08869179600886919
5,random,334.0,12313,0,0.0,0.0,0.0,10,10,1.1894481235653982e-05,0.0,0.0,0.0,0.0
5,random_matched,334.0,12313,10,0.08121497604158207,6.31689731228496e-07,0.08869179600886919,29599,33110,0.504304768200114,0.09786651008025053,0.00040512327290451666,0.08121497604158207,0.08869179600886919
5,random,335.0,12313,0,0.0,0.0,0.0,13,13,0.004164364392300279,0.0,0.0,0.0,0.0
5,random_matched,335.0,12313,10,0.08121497604158207,6.31689731228496e-07,0.08869179600886919,30182,35210,0.5191312262357544,0.09786651008025053,0.00040514104892856685,0.08121497604158207,0.08869179600886919
5,random,336.0,12313,0,0.0,0.0,0.0,242,242,0.0006016277477478715,0.0,0.0,0.0,0.0
5,random_matched,336.0,12313,3,0.02436449281247462,2.1803484271435184e-08,0.04434589800443459,29451,34313,0.38128146093906407,0.048933255040125266,2.7092164426761893e-05,0.02436449281247462,0.04434589800443459
5,random,337.0,12313,0,0.0,0.0,0.0,380,381,0.0016683606258513866,0.0,0.0,0.0,0.0
5,random_matched,337.0,12313,3,0.02436449281247462,2.1803484271435184e-08,0.04434589800443459,29451,34313,0.38128146093906407,0.048933255040125266,2.7092164426761893e-05,0.02436449281247462,0.04434589800443459
5,random,338.0,12313,0,0.0,0.0,0.0,69,70,2.0395167689054632e-05,0.0,0.0,0.0,0.0
5,random_matched,338.0,12313,10,0.08121497604158207,6.31689731228496e-07,0.08869179600886919,29599,33110,0.504304768200114,0.09786651008025053,0.00040512327290451666,0.08121497604158207,0.08869179600886919
5,random,339.0,12313,0,0.0,0.0,0.0,13,14,0.002136893299942965,0.0,0.0,0.0,0.0
5,random_matched,339.0,12313,10,0.08121497604158207,6.31689731228496e-07,0.08869179600886919,29599,33110,0.504304768200114,0.09786651008025053,0.00040512327290451666,0.08121497604158207,0.08869179600886919
5,random,340.0,12313,0,0.0,0.0,0.0,13,13,0.0005211013943046761,0.0,0.0,0.0,0.0
5,random_matched,340.0,12313,3,0.02436449281247462,2.1803484271435184e-08,0.04434589800443459,29451,34313,0.38128146093906407,0.048933255040125266,2.7092164426761893e-05,0.02436449281247462,0.04434589800443459
5,random,341.0,12313,0,0.0,0.0,0.0,104,106,0.0005709458989765694,0.0,0.0,0.0,0.0
5,random_matched,341.0,12313,10,0.08121497604158207,6.31689731228496e-07,0.08869179600886919,29599,33110,0.504304768200114,0.09786651008025053,0.00040512327290451666,0.08121497604158207,0.08869179600886919
5,random,342.0,12313,0,0.0,0.0,0.0,142,145,0.00029276677335802006,0.0,0.0,0.0,0.0
5,random_matched,342.0,12313,3,0.02436449281247462,2.1803484271435184e-08,0.04434589800443459,29451,34313,0.38128146093906407,0.048933255040125266,2.7092164426761893e-05,0.02436449281247462,0.04434589800443459
5,random,343.0,12313,0,0.0,0.0,0.0,169,176,0.16890261226594333,0.0,0.0,0.0,0.0
5,random_matched,343.0,12313,10,0.08121497604158207,6.31689731228496e-07,0.08869179600886919,30182,35210,0.5191312262357544,0.09786651008025053,0.00040514104892856685,0.08121497604158207,0.08869179600886919
5,random,344.0,12313,0,0.0,0.0,0.0,83,84,0.0002590232195086946,0.0,0.0,0.0,0.0
5,random_matched,344.0,12313,10,0.08121497604158207,6.31689731228496e-07,0.08869179600886919,30182,35210,0.5191312262357544,0.09786651008025053,0.00040514104892856685,0.08121497604158207,0.08869179600886919
5,random,345.0,12313,0,0.0,0.0,0.0,19,19,0.0002216928268620552,0.0,0.0,0.0,0.0
5,random_matched,345.0,12313,10,0.08121497604158207,6.31689731228496e-07,0.08869179600886919,29599,33110,0.504304768200114,0.09786651008025053,0.00040512327290451666,0.08121497604158207,0.08869179600886919
5,random,346.0,12313,0,0.0,0.0,0.0,24,24,4.1085976212362836e-05,0.0,0.0,0.0,0.0
5,random_matched,346.0,12313,10,0.08121497604158207,6.31689731228496e-07,0.08869179600886919,29599,33110,0.504304768200114,0.09786651008025053,0.00040512327290451666,0.08121497604158207,0.08869179600886919
5,random,347.0,12313,0,0.0,0.0,0.0,15,15,4.506565283053421e-05,0.0,0.0,0.0,0.0
5,random_matched,347.0,12313,3,0.02436449281247462,2.1803484271435184e-08,0.04434589800443459,29451,34313,0.38128146093906407,0.048933255040125266,2.7092164426761893e-05,0.02436449281247462,0.04434589800443459
5,random,348.0,12313,0,0.0,0.0,0.0,26,26,4.8150307197061203e-05,0.0,0.0,0.0,0.0
5,random_matched,348.0,12313,10,0.08121497604158207,6.31689731228496e-07,0.08869179600886919,19733,22465,0.3805090783352253,0.09786651008025053,0.00040512327290451666,0.08121497604158207,0.08869179600886919
5,random,349.0,12313,0,0.0,0.0,0.0,16,16,2.968692961675936e-05,0.0,0.0,0.0,0.0
5,random_matched,349.0,12313,3,0.02436449281247462,2.1803484271435184e-08,0.04434589800443459,29451,34313,0.38128146093906407,0.048933255040125266,2.7092164426761893e-05,0.02436449281247462,0.04434589800443459
5,random,350.0,12313,0,0.0,0.0,0.0,19,19,0.001627929379340453,0.0,0.0,0.0,0.0
5,random_matched,350.0,12313,3,0.02436449281247462,2.1803484271435184e-08,0.04434589800443459,19585,23668,0.2574857710741753,0.048933255040125266,2.7092164426761893e-05,0.02436449281247462,0.04434589800443459
5,random,351.0,12313,5,0.04060748802079103,0.0,0.059127864005912786,245,262,0.01992571029363217,0.0,0.0,0.04060748802079103,0.059127864005912786
5,random_matched,351.0,12313,10,0.08121497604158207,6.31689731228496e-07,0.08869179600886919,40048,45855,0.642926916100643,0.09786651008025053,0.00040514104892856685,0.08121497604158207,0.08869179600886919
5,random,352.0,12313,0,0.0,0.0,0.0,29,29,0.0032098575848543086,0.0,0.0,0.0,0.0
5,random_matched,352.0,12313,10,0.08121497604158207,6.31689731228496e-07,0.08869179600886919,40048,45855,0.642926916100643,0.09786651008025053,0.00040514104892856685,0.08121497604158207,0.08869179600886919
5,random,353.0,12313,0,0.0,0.0,0.0,12,12,6.217907226355946e-05,0.0,0.0,0.0,0.0
5,random_matched,353.0,12313,10,0.08121497604158207,6.31689731228496e-07,0.08869179600886919,40048,45855,0.642926916100643,0.09786651008025053,0.00040514104892856685,0.08121497604158207,0.08869179600886919
5,random,354.0,12313,0,0.0,0.0,0.0,11,11,1.6875826799104577e-05,0.0,0.0,0.0,0.0
5,random_matched,354.0,12313,10,0.08121497604158207,6.31689731228496e-07,0.08869179600886919,40048,45855,0.642926916100643,0.09786651008025053,0.00040514104892856685,0.08121497604158207,0.08869179600886919
5,random,355.0,12313,0,0.0,0.0,0.0,30,31,0.0019763171282825625,0.0,0.0,0.0,0.0
5,random_matched,355.0,12313,10,0.08121497604158207,6.31689731228496e-07,0.08869179600886919,29599,33110,0.504304768200114,0.09786651008025053,0.00040512327290451666,0.08121497604158207,0.08869179600886919
5,random,356.0,12313,0,0.0,0.0,0.0,13,13,0.003752798602065625,0.0,0.0,0.0,0.0
5,random_matched,356.0,12313,3,0.02436449281247462,2.1803484271435184e-08,0.04434589800443459,29451,34313,0.38128146093906407,0.048933255040125266,2.7092164426761893e-05,0.02436449281247462,0.04434589800443459
5,random,357.0,12313,0,0.0,0.0,0.0,16,16,1.0535073381346462e-05,0.0,0.0,0.0,0.0
5,random_matched,357.0,12313,7,0.05685048322910745,6.098862469570608e-07,0.04434589800443459,30944,34964,0.5241210967849049,0.048933255040125266,0.0003780666605258552,0.05685048322910745,0.04434589800443459
5,random,358.0,12313,0,0.0,0.0,0.0,17,17,4.490365785286102e-05,0.0,0.0,0.0,0.0
5,random_matched,358.0,12313,7,0.05685048322910745,6.098862469570608e-07,0.04434589800443459,30944,34964,0.5241210967849049,0.048933255040125266,0.0003780666605258552,0.05685048322910745,0.04434589800443459
5,random,359.0,12313,0,0.0,0.0,0.0,348,348,0.0003503586878371337,0.0,0.0,0.0,0.0
5,random_matched,359.0,12313,3,0.02436449281247462,2.1803484271435184e-08,0.04434589800443459,29451,34313,0.38128146093906407,0.048933255040125266,2.7092164426761893e-05,0.02436449281247462,0.04434589800443459
5,random,360.0,12313,0,0.0,0.0,0.0,23,23,5.134565813166488e-05,0.0,0.0,0.0,0.0
5,random_matched,360.0,12313,0,0.0,0.0,0.0,20347,23422,0.262475641623326,0.0,1.777602405020832e-08,0.0,0.0
5,random,361.0,12313,0,0.0,0.0,0.0,64,64,7.303678564210503e-05,0.0,0.0,0.0,0.0
5,random_matched,361.0,12313,0,0.0,0.0,0.0,20347,23422,0.262475641623326,0.0,1.777602405020832e-08,0.0,0.0
5,random,362.0,12313,1,0.008121497604158206,0.0,0.014781966001478197,190,197,0.03728022145209584,0.0,0.0,0.008121497604158206,0.014781966001478197
5,random_matched,362.0,12313,0,0.0,0.0,0.0,20347,23422,0.262475641623326,0.0,1.777602405020832e-08,0.0,0.0
5,random,363.0,12313,0,0.0,0.0,0.0,16,16,0.00013184771232820943,0.0,0.0,0.0,0.0
5,random_matched,363.0,12313,3,0.02436449281247462,2.1803484271435184e-08,0.04434589800443459,29451,34313,0.38128146093906407,0.048933255040125266,2.7092164426761893e-05,0.02436449281247462,0.04434589800443459
5,random,364.0,12313,0,0.0,0.0,0.0,115,115,0.0006960127715310085,0.0,0.0,0.0,0.0
5,random_matched,364.0,12313,7,0.05685048322910745,6.098862469570608e-07,0.04434589800443459,21078,24319,0.4003254069200163,0.048933255040125266,0.0003780666605258552,0.05685048322910745,0.04434589800443459
5,random,365.0,12313,0,0.0,0.0,0.0,34,35,5.392407819296315e-05,0.0,0.0,0.0,0.0
5,random_matched,365.0,12313,10,0.08121497604158207,6.31689731228496e-07,0.08869179600886919,40048,45855,0.642926916100643,0.09786651008025053,0.00040514104892856685,0.08121497604158207,0.08869179600886919
5,random,366.0,12313,0,0.0,0.0,0.0,15,15,0.0028600321304853493,0.0,0.0,0.0,0.0
5,random_matched,366.0,12313,3,0.02436449281247462,2.1803484271435184e-08,0.04434589800443459,19002,21568,0.24265931303853505,0.048933255040125266,2.7074388402711684e-05,0.02436449281247462,0.04434589800443459
5,random,367.0,12313,0,0.0,0.0,0.0,14,14,2.2227060894908957e-05,0.0,0.0,0.0,0.0
5,random_matched,367.0,12313,3,0.02436449281247462,2.1803484271435184e-08,0.04434589800443459,19002,21568,0.24265931303853505,0.048933255040125266,2.7074388402711684e-05,0.02436449281247462,0.04434589800443459
5,random,368.0,12313,0,0.0,0.0,0.0,27,27,0.00036751665588901906,0.0,0.0,0.0,0.0
5,random_matched,368.0,12313,3,0.02436449281247462,2.1803484271435184e-08,0.04434589800443459,29451,34313,0.38128146093906407,0.048933255040125266,2.7092164426761893e-05,0.02436449281247462,0.04434589800443459
5,random,369.0,12313,0,0.0,0.0,0.0,10,10,3.326701862333686e-05,0.0,0.0,0.0,0.0
5,random_matched,369.0,12313,10,0.08121497604158207,6.31689731228496e-07,0.08869179600886919,30182,35210,0.5191312262357544,0.09786651008025053,0.00040514104892856685,0.08121497604158207,0.08869179600886919
5,random,370.0,12313,0,0.0,0.0,0.0,18,18,6.693227490012032e-05,0.0,0.0,0.0,0.0
5,random_matched,370.0,12313,10,0.08121497604158207,6.31689731228496e-07,0.08869179600886919,30182,35210,0.5191312262357544,0.09786651008025053,0.00040514104892856685,0.08121497604158207,0.08869179600886919
5,random,371.0,12313,0,0.0,0.0,0.0,16,16,0.00015754146574532463,0.0,0.0,0.0,0.0
5,random_matched,371.0,12313,10,0.08121497604158207,6.31689731228496e-07,0.08869179600886919,40048,45855,0.642926916100643,0.09786651008025053,0.00040514104892856685,0.08121497604158207,0.08869179600886919
5,random,372.0,12313,0,0.0,0.0,0.0,13,13,3.096668994037756e-05,0.0,0.0,0.0,0.0
5,random_matched,372.0,12313,3,0.02436449281247462,2.1803484271435184e-08,0.04434589800443459,19585,23668,0.2574857710741753,0.048933255040125266,2.7092164426761893e-05,0.02436449281247462,0.04434589800443459
5,random,373.0,12313,0,0.0,0.0,0.0,153,156,0.0004342572367322261,0.0,0.0,0.0,0.0
5,random_matched,373.0,12313,10,0.08121497604158207,6.31689731228496e-07,0.08869179600886919,29599,33110,0.504304768200114,0.09786651008025053,0.00040512327290451666,0.08121497604158207,0.08869179600886919
5,random,374.0,12313,0,0.0,0.0,0.0,15,15,2.680611893047113e-05,0.0,0.0,0.0,0.0
5,random_matched,374.0,12313,7,0.05685048322910745,6.098862469570608e-07,0.04434589800443459,30944,34964,0.5241210967849049,0.048933255040125266,0.0003780666605258552,0.05685048322910745,0.04434589800443459
5,random,375.0,12313,0,0.0,0.0,0.0,24,24,4.907367856979838e-05,0.0,0.0,0.0,0.0
5,random_matched,375.0,12313,10,0.08121497604158207,6.31689731228496e-07,0.08869179600886919,19733,22465,0.3805090783352253,0.09786651008025053,0.00040512327290451666,0.08121497604158207,0.08869179600886919
5,random,376.0,12313,0,0.0,0.0,0.0,260,260,0.0002642192084175621,0.0,0.0,0.0,0.0
5,random_matched,376.0,12313,10,0.08121497604158207,6.31689731228496e-07,0.08869179600886919,30182,35210,0.5191312262357544,0.09786651008025053,0.00040514104892856685,0.08121497604158207,0.08869179600886919
5,random,377.0,12313,0,0.0,0.0,0.0,14,14,5.7332722514836526e-05,0.0,0.0,0.0,0.0
5,random_matched,377.0,12313,10,0.08121497604158207,6.31689731228496e-07,0.08869179600886919,40048,45855,0.642926916100643,0.09786651008025053,0.00040514104892856685,0.08121497604158207,0.08869179600886919
5,random,378.0,12313,11,0.08933647364574028,5.178938827108981e-05,0.0,13,13,5.534018428945629e-05,0.20551967116852612,1.161919636116182e-06,0.08933647364574028,0.0
5,random_matched,378.0,12313,7,0.05685048322910745,6.098862469570608e-07,0.04434589800443459,30944,34964,0.5241210967849049,0.048933255040125266,0.0003780666605258552,0.05685048322910745,0.04434589800443459
5,random,379.0,12313,0,0.0,0.0,0.0,1531,1531,0.004144628004187096,0.0,0.0,0.0,0.0
5,random_matched,379.0,12313,10,0.08121497604158207,6.31689731228496e-07,0.08869179600886919,29599,33110,0.504304768200114,0.09786651008025053,0.00040512327290451666,0.08121497604158207,0.08869179600886919
5,random,380.0,12313,0,0.0,0.0,0.0,14,14,0.00011207217542875473,0.0,0.0,0.0,0.0
5,random_matched,380.0,12313,3,0.02436449281247462,2.1803484271435184e-08,0.04434589800443459,29451,34313,0.38128146093906407,0.048933255040125266,2.7092164426761893e-05,0.02436449281247462,0.04434589800443459
5,random,381.0,12313,0,0.0,0.0,0.0,27,27,1.8322981932985075e-05,0.0,0.0,0.0,0.0
5,random_matched,381.0,12313,3,0.02436449281247462,2.1803484271435184e-08,0.04434589800443459,29451,34313,0.38128146093906407,0.048933255040125266,2.7092164426761893e-05,0.02436449281247462,0.04434589800443459
5,random,382.0,12313,0,0.0,0.0,0.0,28,28,0.029872883651630416,0.0,0.0,0.0,0.0
5,random_matched,382.0,12313,7,0.05685048322910745,6.098862469570608e-07,0.04434589800443459,21078,24319,0.4003254069200163,0.048933255040125266,0.0003780666605258552,0.05685048322910745,0.04434589800443459
5,random,383.0,12313,3,0.02436449281247462,0.0,0.04434589800443459,386,390,0.04678924024419068,0.0,3.834327449659074e-05,0.02436449281247462,0.04434589800443459
5,random_matched,383.0,12313,10,0.08121497604158207,6.31689731228496e-07,0.08869179600886919,30182,35210,0.5191312262357544,0.09786651008025053,0.00040514104892856685,0.08121497604158207,0.08869179600886919
5,random,384.0,12313,0,0.0,0.0,0.0,11,11,2.3524370674441754e-05,0.0,0.0,0.0,0.0
5,random_matched,384.0,12313,10,0.08121497604158207,6.31689731228496e-07,0.08869179600886919,40048,45855,0.642926916100643,0.09786651008025053,0.00040514104892856685,0.08121497604158207,0.08869179600886919
5,random,385.0,12313,0,0.0,0.0,0.0,116,116,0.00018740119000493541,0.0,0.0,0.0,0.0
5,random_matched,385.0,12313,10,0.08121497604158207,6.31689731228496e-07,0.08869179600886919,29599,33110,0.504304768200114,0.09786651008025053,0.00040512327290451666,0.08121497604158207,0.08869179600886919
5,random,386.0,12313,0,0.0,0.0,0.0,10,10,1.1138504673179095e-05,0.0,0.0,0.0,0.0
5,random_matched,386.0,12313,3,0.02436449281247462,2.1803484271435184e-08,0.04434589800443459,29451,34313,0.38128146093906407,0.048933255040125266,2.7092164426761893e-05,0.02436449281247462,0.04434589800443459
5,random,387.0,12313,0,0.0,0.0,0.0,51,51,0.0001310525869794635,0.0,0.0,0.0,0.0
5,random_matched,387.0,12313,3,0.02436449281247462,2.1803484271435184e-08,0.04434589800443459,29451,34313,0.38128146093906407,0.048933255040125266,2.7092164426761893e-05,0.02436449281247462,0.04434589800443459
5,random,388.0,12313,0,0.0,0.0,0.0,23,23,9.138406682174108e-05,0.0,0.0,0.0,0.0
5,random_matched,388.0,12313,10,0.08121497604158207,6.31689731228496e-07,0.08869179600886919,40048,45855,0.642926916100643,0.09786651008025053,0.00040514104892856685,0.08121497604158207,0.08869179600886919
5,random,389.0,12313,0,0.0,0.0,0.0,34,34,0.0002621173235822525,0.0,0.0,0.0,0.0
5,random_matched,389.0,12313,7,0.05685048322910745,6.098862469570608e-07,0.04434589800443459,30944,34964,0.5241210967849049,0.048933255040125266,0.0003780666605258552,0.05685048322910745,0.04434589800443459
5,random,390.0,12313,0,0.0,0.0,0.0,14,14,8.061545068091578e-05,0.0,0.0,0.0,0.0
5,random_matched,390.0,12313,10,0.08121497604158207,6.31689731228496e-07,0.08869179600886919,29599,33110,0.504304768200114,0.09786651008025053,0.00040512327290451666,0.08121497604158207,0.08869179600886919
5,random,391.0,12313,0,0.0,0.0,0.0,14,14,0.0001424327341610051,0.0,0.0,0.0,0.0
5,random_matched,391.0,12313,3,0.02436449281247462,2.1803484271435184e-08,0.04434589800443459,19002,21568,0.24265931303853505,0.048933255040125266,2.7074388402711684e-05,0.02436449281247462,0.04434589800443459
5,random,392.0,12313,0,0.0,0.0,0.0,856,876,0.07576088913678296,0.0,0.0,0.0,0.0
5,random_matched,392.0,12313,10,0.08121497604158207,6.31689731228496e-07,0.08869179600886919,40048,45855,0.642926916100643,0.09786651008025053,0.00040514104892856685,0.08121497604158207,0.08869179600886919
5,random,393.0,12313,0,0.0,0.0,0.0,13,13,1.611175048774603e-05,0.0,0.0,0.0,0.0
5,random_matched,393.0,12313,3,0.02436449281247462,2.1803484271435184e-08,0.04434589800443459,29451,34313,0.38128146093906407,0.048933255040125266,2.7092164426761893e-05,0.02436449281247462,0.04434589800443459
5,random,394.0,12313,0,0.0,0.0,0.0,14,14,0.00011257030998509979,0.0,0.0,0.0,0.0
5,random_matched,394.0,12313,10,0.08121497604158207,6.31689731228496e-07,0.08869179600886919,29599,33110,0.504304768200114,0.09786651008025053,0.00040512327290451666,0.08121497604158207,0.08869179600886919
5,random,395.0,12313,0,0.0,0.0,0.0,22,22,1.8390479840348904e-05,0.0,0.0,0.0,0.0
5,random_matched,395.0,12313,3,0.02436449281247462,2.1803484271435184e-08,0.04434589800443459,29451,34313,0.38128146093906407,0.048933255040125266,2.7092164426761893e-05,0.02436449281247462,0.04434589800443459
5,random,396.0,12313,0,0.0,0.0,0.0,35,35,7.304488539098869e-05,0.0,0.0,0.0,0.0
5,random_matched,396.0,12313,7,0.05685048322910745,6.098862469570608e-07,0.04434589800443459,21078,24319,0.4003254069200163,0.048933255040125266,0.0003780666605258552,0.05685048322910745,0.04434589800443459
5,random,397.0,12313,0,0.0,0.0,0.0,15,15,1.8165036829753714e-05,0.0,0.0,0.0,0.0
5,random_matched,397.0,12313,10,0.08121497604158207,6.31689731228496e-07,0.08869179600886919,30182,35210,0.5191312262357544,0.09786651008025053,0.00040514104892856685,0.08121497604158207,0.08869179600886919
5,random,398.0,12313,0,0.0,0.0,0.0,27,27,0.00011372587415916855,0.0,0.0,0.0,0.0
5,random_matched,398.0,12313,7,0.05685048322910745,6.098862469570608e-07,0.04434589800443459,30944,34964,0.5241210967849049,0.048933255040125266,0.0003780666605258552,0.05685048322910745,0.04434589800443459
5,random,399.0,12313,0,0.0,0.0,0.0,25,25,0.096235256170422,0.0,0.0,0.0,0.0
5,random_matched,399.0,12313,10,0.08121497604158207,6.31689731228496e-07,0.08869179600886919,29599,33110,0.504304768200114,0.09786651008025053,0.00040512327290451666,0.08121497604158207,0.08869179600886919
5,random,400.0,12313,0,0.0,0.0,0.0,19,19,2.392395828603562e-05,0.0,0.0,0.0,0.0
5,random_matched,400.0,12313,0,0.0,0.0,0.0,20347,23422,0.262475641623326,0.0,1.777602405020832e-08,0.0,0.0
5,random,401.0,12313,0,0.0,0.0,0.0,205,206,0.0011828643776811303,0.0,0.0,0.0,0.0
5,random_matched,401.0,12313,10,0.08121497604158207,6.31689731228496e-07,0.08869179600886919,40048,45855,0.642926916100643,0.09786651008025053,0.00040514104892856685,0.08121497604158207,0.08869179600886919
5,random,402.0,12313,0,0.0,0.0,0.0,15,15,0.00010885117528935281,0.0,0.0,0.0,0.0
5,random_matched,402.0,12313,10,0.08121497604158207,6.31689731228496e-07,0.08869179600886919,19733,22465,0.3805090783352253,0.09786651008025053,0.00040512327290451666,0.08121497604158207,0.08869179600886919
5,random,403.0,12313,0,0.0,0.0,0.0,12,12,6.648543875337177e-06,0.0,0.0,0.0,0.0
5,random_matched,403.0,12313,7,0.05685048322910745,6.098862469570608e-07,0.04434589800443459,30944,34964,0.5241210967849049,0.048933255040125266,0.0003780666605258552,0.05685048322910745,0.04434589800443459
5,random,404.0,12313,0,0.0,0.0,0.0,44,51,0.00022645277928935243,0.0,0.0,0.0,0.0
5,random_matched,404.0,12313,10,0.08121497604158207,6.31689731228496e-07,0.08869179600886919,30182,35210,0.5191312262357544,0.09786651008025053,0.00040514104892856685,0.08121497604158207,0.08869179600886919
5,random,405.0,12313,0,0.0,0.0,0.0,10,10,4.319866071285069e-06,0.0,0.0,0.0,0.0
5,random_matched,405.0,12313,7,0.05685048322910745,6.098862469570608e-07,0.04434589800443459,30944,34964,0.5241210967849049,0.048933255040125266,0.0003780666605258552,0.05685048322910745,0.04434589800443459
5,random,406.0,12313,0,0.0,0.0,0.0,53,55,0.0002533250461690401,0.0,0.0,0.0,0.0
5,random_matched,406.0,12313,10,0.08121497604158207,6.31689731228496e-07,0.08869179600886919,40048,45855,0.642926916100643,0.09786651008025053,0.00040514104892856685,0.08121497604158207,0.08869179600886919
5,random,407.0,12313,0,0.0,0.0,0.0,778,810,0.0014444673672092704,0.0,0.0,0.0,0.0
5,random_matched,407.0,12313,10,0.08121497604158207,6.31689731228496e-07,0.08869179600886919,29599,33110,0.504304768200114,0.09786651008025053,0.00040512327290451666,0.08121497604158207,0.08869179600886919
5,random,408.0,12313,0,0.0,0.0,0.0,78,80,0.01421238772364897,0.0,0.0,0.0,0.0
5,random_matched,408.0,12313,3,0.02436449281247462,2.1803484271435184e-08,0.04434589800443459,29451,34313,0.38128146093906407,0.048933255040125266,2.7092164426761893e-05,0.02436449281247462,0.04434589800443459
5,random,409.0,12313,0,0.0,0.0,0.0,25,25,0.00010830174232341123,0.0,0.0,0.0,0.0
5,random_matched,409.0,12313,10,0.08121497604158207,6.31689731228496e-07,0.08869179600886919,40048,45855,0.642926916100643,0.09786651008025053,0.00040514104892856685,0.08121497604158207,0.08869179600886919
5,random,410.0,12313,0,0.0,0.0,0.0,15,15,0.0018761974822897947,0.0,0.0,0.0,0.0
5,random_matched,410.0,12313,3,0.02436449281247462,2.1803484271435184e-08,0.04434589800443459,29451,34313,0.38128146093906407,0.048933255040125266,2.7092164426761893e-05,0.02436449281247462,0.04434589800443459
5,random,411.0,12313,0,0.0,0.0,0.0,49,49,0.0004520199860340914,0.0,1.777602405020832e-08,0.0,0.0
5,random_matched,411.0,12313,3,0.02436449281247462,2.1803484271435184e-08,0.04434589800443459,29451,34313,0.38128146093906407,0.048933255040125266,2.7092164426761893e-05,0.02436449281247462,0.04434589800443459
5,random,412.0,12313,0,0.0,0.0,0.0,375,384,0.0003371452974915905,0.0,0.0,0.0,0.0
5,random_matched,412.0,12313,3,0.02436449281247462,2.1803484271435184e-08,0.04434589800443459,29451,34313,0.38128146093906407,0.048933255040125266,2.7092164426761893e-05,0.02436449281247462,0.04434589800443459
5,random,413.0,12313,0,0.0,0.0,0.0,15,15,0.001325900543133968,0.0,0.0,0.0,0.0
5,random_matched,413.0,12313,10,0.08121497604158207,6.31689731228496e-07,0.08869179600886919,29599,33110,0.504304768200114,0.09786651008025053,0.00040512327290451666,0.08121497604158207,0.08869179600886919
5,random,414.0,12313,0,0.0,0.0,0.0,34,34,4.9142526435309493e-05,0.0,0.0,0.0,0.0
5,random_matched,414.0,12313,7,0.05685048322910745,6.098862469570608e-07,0.04434589800443459,30944,34964,0.5241210967849049,0.048933255040125266,0.0003780666605258552,0.05685048322910745,0.04434589800443459
5,random,415.0,12313,0,0.0,0.0,0.0,19,19,0.0004814922723054338,0.0,0.0,0.0,0.0
5,random_matched,415.0,12313,10,0.08121497604158207,6.31689731228496e-07,0.08869179600886919,30182,35210,0.5191312262357544,0.09786651008025053,0.00040514104892856685,0.08121497604158207,0.08869179600886919
5,random,416.0,12313,0,0.0,0.0,0.0,45,84,0.0014097747927824095,0.0,0.0,0.0,0.0
5,random_matched,416.0,12313,7,0.05685048322910745,6.098862469570608e-07,0.04434589800443459,30944,34964,0.5241210967849049,0.048933255040125266,0.0003780666605258552,0.05685048322910745,0.04434589800443459
5,random,417.0,12313,0,0.0,0.0,0.0,36,36,0.004951470989651365,0.0,0.0,0.0,0.0
5,random_matched,417.0,12313,7,0.05685048322910745,6.098862469570608e-07,0.04434589800443459,30944,34964,0.5241210967849049,0.048933255040125266,0.0003780666605258552,0.05685048322910745,0.04434589800443459
5,random,418.0,12313,0,0.0,0.0,0.0,26,26,1.9313851213086087e-05,0.0,0.0,0.0,0.0
5,random_matched,418.0,12313,3,0.02436449281247462,2.1803484271435184e-08,0.04434589800443459,19585,23668,0.2574857710741753,0.048933255040125266,2.7092164426761893e-05,0.02436449281247462,0.04434589800443459
5,random,419.0,12313,0,0.0,0.0,0.0,15,15,4.4312376184353875e-05,0.0,0.0,0.0,0.0
5,random_matched,419.0,12313,3,0.02436449281247462,2.1803484271435184e-08,0.04434589800443459,29451,34313,0.38128146093906407,0.048933255040125266,2.7092164426761893e-05,0.02436449281247462,0.04434589800443459
5,random,420.0,12313,0,0.0,0.0,0.0,23,23,7.794118359116086e-05,0.0,0.0,0.0,0.0
5,random_matched,420.0,12313,10,0.08121497604158207,6.31689731228496e-07,0.08869179600886919,30182,35210,0.5191312262357544,0.09786651008025053,0.00040514104892856685,0.08121497604158207,0.08869179600886919
5,random,421.0,12313,0,0.0,0.0,0.0,30,30,0.0012743496913639172,0.0,0.0,0.0,0.0
5,random_matched,421.0,12313,7,0.05685048322910745,6.098862469570608e-07,0.04434589800443459,30944,34964,0.5241210967849049,0.048933255040125266,0.0003780666605258552,0.05685048322910745,0.04434589800443459
5,random,422.0,12313,0,0.0,0.0,0.0,11,11,5.48379998586694e-05,0.0,0.0,0.0,0.0
5,random_matched,422.0,12313,7,0.05685048322910745,6.098862469570608e-07,0.04434589800443459,20463,22187,0.3854411450264677,0.048933255040125266,0.000378048884501805,0.05685048322910745,0.04434589800443459
5,random,423.0,12313,0,0.0,0.0,0.0,39,43,0.00011712911864845282,0.0,0.0,0.0,0.0
5,random_matched,423.0,12313,10,0.08121497604158207,6.31689731228496e-07,0.08869179600886919,40048,45855,0.642926916100643,0.09786651008025053,0.00040514104892856685,0.08121497604158207,0.08869179600886919
5,random,424.0,12313,0,0.0,0.0,0.0,15,15,0.024148234932791567,0.029359953024075163,0.000309500102638518,0.0,0.0
5,random_matched,424.0,12313,3,0.02436449281247462,2.1803484271435184e-08,0.04434589800443459,29451,34313,0.38128146093906407,0.048933255040125266,2.7092164426761893e-05,0.02436449281247462,0.04434589800443459
5,random,425.0,12313,0,0.0,0.0,0.0,39,39,0.00029177590407791906,0.0,0.0,0.0,0.0
5,random_matched,425.0,12313,3,0.02436449281247462,2.1803484271435184e-08,0.04434589800443459,29451,34313,0.38128146093906407,0.048933255040125266,2.7092164426761893e-05,0.02436449281247462,0.04434589800443459
5,random,426.0,12313,0,0.0,0.0,0.0,16,16,0.00031966333948435873,0.0,0.0,0.0,0.0
5,random_matched,426.0,12313,10,0.08121497604158207,6.31689731228496e-07,0.08869179600886919,30182,35210,0.5191312262357544,0.09786651008025053,0.00040514104892856685,0.08121497604158207,0.08869179600886919
5,random,427.0,12313,0,0.0,0.0,0.0,13,13,5.2061135949721466e-05,0.0,0.0,0.0,0.0
5,random_matched,427.0,12313,0,0.0,0.0,0.0,20347,23422,0.262475641623326,0.0,1.777602405020832e-08,0.0,0.0
5,random,428.0,12313,0,0.0,0.0,0.0,956,1142,0.0024723484498341652,0.0,0.0,0.0,0.0
5,random_matched,428.0,12313,3,0.02436449281247462,2.1803484271435184e-08,0.04434589800443459,19002,21568,0.24265931303853505,0.048933255040125266,2.7074388402711684e-05,0.02436449281247462,0.04434589800443459
5,random,429.0,12313,0,0.0,0.0,0.0,85,85,0.003553038545222373,0.009786651008025053,3.7535130801443596e-06,0.0,0.0
5,random_matched,429.0,12313,0,0.0,0.0,0.0,20347,23422,0.262475641623326,0.0,1.777602405020832e-08,0.0,0.0
5,random,430.0,12313,0,0.0,0.0,0.0,11,11,2.1653328682316407e-06,0.0,0.0,0.0,0.0
5,random_matched,430.0,12313,10,0.08121497604158207,6.31689731228496e-07,0.08869179600886919,29599,33110,0.504304768200114,0.09786651008025053,0.00040512327290451666,0.08121497604158207,0.08869179600886919
5,random,431.0,12313,0,0.0,0.0,0.0,17,18,7.234560707069941e-05,0.0,0.0,0.0,0.0
5,random_matched,431.0,12313,7,0.05685048322910745,6.098862469570608e-07,0.04434589800443459,30944,34964,0.5241210967849049,0.048933255040125266,0.0003780666605258552,0.05685048322910745,0.04434589800443459
5,random,432.0,12313,0,0.0,0.0,0.0,128,128,0.00022122169146865565,0.0,0.0,0.0,0.0
5,random_matched,432.0,12313,7,0.05685048322910745,6.098862469570608e-07,0.04434589800443459,30944,34964,0.5241210967849049,0.048933255040125266,0.0003780666605258552,0.05685048322910745,0.04434589800443459
5,random,433.0,12313,2,0.016242995208316412,4.974047206221803e-07,0.029563932002956393,5644,6144,0.22668756671024307,0.048933255040125266,4.523118467360668e-08,0.016242995208316412,0.029563932002956393
5,random_matched,433.0,12313,10,0.08121497604158207,6.31689731228496e-07,0.08869179600886919,40048,45855,0.642926916100643,0.09786651008025053,0.00040514104892856685,0.08121497604158207,0.08869179600886919
5,random,434.0,12313,0,0.0,0.0,0.0,13,13,1.4390553849968386e-05,0.0,0.0,0.0,0.0
5,random_matched,434.0,12313,7,0.05685048322910745,6.098862469570608e-07,0.04434589800443459,30944,34964,0.5241210967849049,0.048933255040125266,0.0003780666605258552,0.05685048322910745,0.04434589800443459
5,random,435.0,12313,0,0.0,0.0,0.0,11,11,1.3935617954336178e-05,0.0,0.0,0.0,0.0
5,random_matched,435.0,12313,3,0.02436449281247462,2.1803484271435184e-08,0.04434589800443459,29451,34313,0.38128146093906407,0.048933255040125266,2.7092164426761893e-05,0.02436449281247462,0.04434589800443459
5,random,436.0,12313,0,0.0,0.0,0.0,11,11,7.850141622228064e-05,0.0,0.0,0.0,0.0
5,random_matched,436.0,12313,3,0.02436449281247462,2.1803484271435184e-08,0.04434589800443459,29451,34313,0.38128146093906407,0.048933255040125266,2.7092164426761893e-05,0.02436449281247462,0.04434589800443459
5,random,437.0,12313,0,0.0,0.0,0.0,84,114,0.00029116977286979185,0.0,0.0,0.0,0.0
5,random_matched,437.0,12313,10,0.08121497604158207,6.31689731228496e-07,0.08869179600886919,30182,35210,0.5191312262357544,0.09786651008025053,0.00040514104892856685,0.08121497604158207,0.08869179600886919
5,random,438.0,12313,0,0.0,0.0,0.0,12,12,2.1452184918372197e-05,0.0,0.0,0.0,0.0
5,random_matched,438.0,12313,3,0.02436449281247462,2.1803484271435184e-08,0.04434589800443459,19002,21568,0.24265931303853505,0.048933255040125266,2.7074388402711684e-05,0.02436449281247462,0.04434589800443459
5,random,439.0,12313,0,0.0,0.0,0.0,56,56,5.8736678988004176e-05,0.0,0.0,0.0,0.0
5,random_matched,439.0,12313,3,0.02436449281247462,2.1803484271435184e-08,0.04434589800443459,29451,34313,0.38128146093906407,0.048933255040125266,2.7092164426761893e-05,0.02436449281247462,0.04434589800443459
5,random,440.0,12313,0,0.0,0.0,0.0,18,18,0.00011675113036721538,0.0,0.0,0.0,0.0
5,random_matched,440.0,12313,7,0.05685048322910745,6.098862469570608e-07,0.04434589800443459,30944,34964,0.5241210967849049,0.048933255040125266,0.0003780666605258552,0.05685048322910745,0.04434589800443459
5,random,441.0,12313,0,0.0,0.0,0.0,175,175,0.002459553546514278,0.0,0.0,0.0,0.0
5,random_matched,441.0,12313,3,0.02436449281247462,2.1803484271435184e-08,0.04434589800443459,29451,34313,0.38128146093906407,0.048933255040125266,2.7092164426761893e-05,0.02436449281247462,0.04434589800443459
5,random,442.0,12313,0,0.0,0.0,0.0,12,12,7.763609304987636e-06,0.0,0.0,0.0,0.0
5,random_matched,442.0,12313,10,0.08121497604158207,6.31689731228496e-07,0.08869179600886919,40048,45855,0.642926916100643,0.09786651008025053,0.00040514104892856685,0.08121497604158207,0.08869179600886919
5,random,443.0,12313,0,0.0,0.0,0.0,16,16,4.575953131823437e-05,0.0,0.0,0.0,0.0
5,random_matched,443.0,12313,7,0.05685048322910745,6.098862469570608e-07,0.04434589800443459,30944,34964,0.5241210967849049,0.048933255040125266,0.0003780666605258552,0.05685048322910745,0.04434589800443459
5,random,444.0,12313,0,0.0,0.0,0.0,12,12,0.004040339687435538,0.0,0.0,0.0,0.0
5,random_matched,444.0,12313,7,0.05685048322910745,6.098862469570608e-07,0.04434589800443459,30944,34964,0.5241210967849049,0.048933255040125266,0.0003780666605258552,0.05685048322910745,0.04434589800443459
5,random,445.0,12313,0,0.0,0.0,0.0,59,60,0.002742399477447962,0.0,0.0,0.0,0.0
5,random_matched,445.0,12313,0,0.0,0.0,0.0,20347,23422,0.262475641623326,0.0,1.777602405020832e-08,0.0,0.0
5,random,446.0,12313,0,0.0,0.0,0.0,16,16,0.0018900561526297363,0.0,0.0,0.0,0.0
5,random_matched,446.0,12313,3,0.02436449281247462,2.1803484271435184e-08,0.04434589800443459,29451,34313,0.38128146093906407,0.048933255040125266,2.7092164426761893e-05,0.02436449281247462,0.04434589800443459
5,random,447.0,12313,0,0.0,0.0,0.0,14,14,6.945534667738025e-06,0.0,0.0,0.0,0.0
5,random_matched,447.0,12313,7,0.05685048322910745,6.098862469570608e-07,0.04434589800443459,30944,34964,0.5241210967849049,0.048933255040125266,0.0003780666605258552,0.05685048322910745,0.04434589800443459
5,random,448.0,12313,0,0.0,0.0,0.0,59,65,0.0011601000334436054,0.0,0.0,0.0,0.0
5,random_matched,448.0,12313,10,0.08121497604158207,6.31689731228496e-07,0.08869179600886919,29599,33110,0.504304768200114,0.09786651008025053,0.00040512327290451666,0.08121497604158207,0.08869179600886919
5,random,449.0,12313,0,0.0,0.0,0.0,501,501,0.003079960562048914,0.0,0.0,0.0,0.0
5,random_matched,449.0,12313,10,0.08121497604158207,6.31689731228496e-07,0.08869179600886919,30182,35210,0.5191312262357544,0.09786651008025053,0.00040514104892856685,0.08121497604158207,0.08869179600886919
5,random,450.0,12313,0,0.0,0.0,0.0,17,17,0.0006452462454445253,0.0,0.0,0.0,0.0
5,random_matched,450.0,12313,7,0.05685048322910745,6.098862469570608e-07,0.04434589800443459,30944,34964,0.5241210967849049,0.048933255040125266,0.0003780666605258552,0.05685048322910745,0.04434589800443459
5,random,451.0,12313,0,0.0,0.0,0.0,12,12,0.0003066969914797671,0.0,0.0,0.0,0.0
5,random_matched,451.0,12313,10,0.08121497604158207,6.31689731228496e-07,0.08869179600886919,40048,45855,0.642926916100643,0.09786651008025053,0.00040514104892856685,0.08121497604158207,0.08869179600886919
5,random,452.0,12313,0,0.0,0.0,0.0,13,13,0.004800426872468882,0.0,0.0,0.0,0.0
5,random_matched,452.0,12313,10,0.08121497604158207,6.31689731228496e-07,0.08869179600886919,29599,33110,0.504304768200114,0.09786651008025053,0.00040512327290451666,0.08121497604158207,0.08869179600886919
5,random,453.0,12313,0,0.0,0.0,0.0,22,22,4.749017766304295e-05,0.0,0.0,0.0,0.0
5,random_matched,453.0,12313,10,0.08121497604158207,6.31689731228496e-07,0.08869179600886919,30182,35210,0.5191312262357544,0.09786651008025053,0.00040514104892856685,0.08121497604158207,0.08869179600886919
5,random,454.0,12313,0,0.0,0.0,0.0,16,16,4.124257135744692e-05,0.0,0.0,0.0,0.0
5,random_matched,454.0,12313,10,0.08121497604158207,6.31689731228496e-07,0.08869179600886919,29599,33110,0.504304768200114,0.09786651008025053,0.00040512327290451666,0.08121497604158207,0.08869179600886919
5,random,455.0,12313,0,0.0,0.0,0.0,15,15,0.0007292838400287871,0.0,0.0,0.0,0.0
5,random_matched,455.0,12313,10,0.08121497604158207,6.31689731228496e-07,0.08869179600886919,30182,35210,0.5191312262357544,0.09786651008025053,0.00040514104892856685,0.08121497604158207,0.08869179600886919
5,random,456.0,12313,0,0.0,0.0,0.0,15,15,3.508946212216025e-05,0.0,0.0,0.0,0.0
5,random_matched,456.0,12313,10,0.08121497604158207,6.31689731228496e-07,0.08869179600886919,30182,35210,0.5191312262357544,0.09786651008025053,0.00040514104892856685,0.08121497604158207,0.08869179600886919
5,random,457.0,12313,0,0.0,0.0,0.0,53,53,0.0001779285336854956,0.0,0.0,0.0,0.0
5,random_matched,457.0,12313,10,0.08121497604158207,6.31689731228496e-07,0.08869179600886919,40048,45855,0.642926916100643,0.09786651008025053,0.00040514104892856685,0.08121497604158207,0.08869179600886919
5,random,458.0,12313,0,0.0,0.0,0.0,26,26,2.776728913133206e-05,0.0,0.0,0.0,0.0
5,random_matched,458.0,12313,10,0.08121497604158207,6.31689731228496e-07,0.08869179600886919,40048,45855,0.642926916100643,0.09786651008025053,0.00040514104892856685,0.08121497604158207,0.08869179600886919
5,random,459.0,12313,0,0.0,0.0,0.0,11,11,3.1953509346036747e-05,0.0,0.0,0.0,0.0
5,random_matched,459.0,12313,10,0.08121497604158207,6.31689731228496e-07,0.08869179600886919,30182,35210,0.5191312262357544,0.09786651008025053,0.00040514104892856685,0.08121497604158207,0.08869179600886919
5,random,460.0,12313,0,0.0,0.0,0.0,12,12,5.349749141842375e-05,0.0,0.0,0.0,0.0
5,random_matched,460.0,12313,7,0.05685048322910745,6.098862469570608e-07,0.04434589800443459,30944,34964,0.5241210967849049,0.048933255040125266,0.0003780666605258552,0.05685048322910745,0.04434589800443459
5,random,461.0,12313,0,0.0,0.0,0.0,192,193,0.0004774099988680694,0.0,0.0,0.0,0.0
5,random_matched,461.0,12313,10,0.08121497604158207,6.31689731228496e-07,0.08869179600886919,29599,33110,0.504304768200114,0.09786651008025053,0.00040512327290451666,0.08121497604158207,0.08869179600886919
5,random,462.0,12313,0,0.0,0.0,0.0,11,11,1.4485050920277747e-05,0.0,0.0,0.0,0.0
5,random_matched,462.0,12313,10,0.08121497604158207,6.31689731228496e-07,0.08869179600886919,30182,35210,0.5191312262357544,0.09786651008025053,0.00040514104892856685,0.08121497604158207,0.08869179600886919
5,random,463.0,12313,0,0.0,0.0,0.0,13,13,2.0094127022211953e-05,0.0,0.0,0.0,0.0
5,random_matched,463.0,12313,10,0.08121497604158207,6.31689731228496e-07,0.08869179600886919,40048,45855,0.642926916100643,0.09786651008025053,0.00040514104892856685,0.08121497604158207,0.08869179600886919
5,random,464.0,12313,0,0.0,0.0,0.0,23,23,0.0005630445939405596,0.0,0.0,0.0,0.0
5,random_matched,464.0,12313,7,0.05685048322910745,6.098862469570608e-07,0.04434589800443459,30944,34964,0.5241210967849049,0.048933255040125266,0.0003780666605258552,0.05685048322910745,0.04434589800443459
5,random,465.0,12313,0,0.0,0.0,0.0,21,22,0.008445070877649149,0.0,8.756689370904757e-06,0.0,0.0
5,random_matched,465.0,12313,10,0.08121497604158207,6.31689731228496e-07,0.08869179600886919,29599,33110,0.504304768200114,0.09786651008025053,0.00040512327290451666,0.08121497604158207,0.08869179600886919
5,random,466.0,12313,0,0.0,0.0,0.0,10,10,1.1890431361212152e-05,0.0,0.0,0.0,0.0
5,random_matched,466.0,12313,7,0.05685048322910745,6.098862469570608e-07,0.04434589800443459,30944,34964,0.5241210967849049,0.048933255040125266,0.0003780666605258552,0.05685048322910745,0.04434589800443459
5,random,467.0,12313,0,0.0,0.0,0.0,21,21,0.012102868875016479,0.0,0.0,0.0,0.0
5,random_matched,467.0,12313,10,0.08121497604158207,6.31689731228496e-07,0.08869179600886919,29599,33110,0.504304768200114,0.09786651008025053,0.00040512327290451666,0.08121497604158207,0.08869179600886919
5,random,468.0,12313,0,0.0,0.0,0.0,20,20,6.749925732197648e-05,0.0,0.0,0.0,0.0
5,random_matched,468.0,12313,10,0.08121497604158207,6.31689731228496e-07,0.08869179600886919,30182,35210,0.5191312262357544,0.09786651008025053,0.00040514104892856685,0.08121497604158207,0.08869179600886919
5,random,469.0,12313,2,0.016242995208316412,4.7682386163699374e-08,0.029563932002956393,333,336,0.06443870105833652,0.029359953024075163,4.139647442768704e-09,0.016242995208316412,0.029563932002956393
5,random_matched,469.0,12313,0,0.0,0.0,0.0,20347,23422,0.262475641623326,0.0,1.777602405020832e-08,0.0,0.0
5,random,470.0,12313,0,0.0,0.0,0.0,27,27,9.893033286501718e-05,0.0,0.0,0.0,0.0
5,random_matched,470.0,12313,7,0.05685048322910745,6.098862469570608e-07,0.04434589800443459,30944,34964,0.5241210967849049,0.048933255040125266,0.0003780666605258552,0.05685048322910745,0.04434589800443459
5,random,471.0,12313,0,0.0,0.0,0.0,15,15,7.706776066987291e-05,0.0,0.0,0.0,0.0
5,random_matched,471.0,12313,3,0.02436449281247462,2.1803484271435184e-08,0.04434589800443459,29451,34313,0.38128146093906407,0.048933255040125266,2.7092164426761893e-05,0.02436449281247462,0.04434589800443459
5,random,472.0,12313,0,0.0,0.0,0.0,18,18,2.6690022529805343e-05,0.0,0.0,0.0,0.0
5,random_matched,472.0,12313,3,0.02436449281247462,2.1803484271435184e-08,0.04434589800443459,29451,34313,0.38128146093906407,0.048933255040125266,2.7092164426761893e-05,0.02436449281247462,0.04434589800443459
5,random,473.0,12313,0,0.0,0.0,0.0,35,44,5.553322830451684e-05,0.0,0.0,0.0,0.0
5,random_matched,473.0,12313,10,0.08121497604158207,6.31689731228496e-07,0.08869179600886919,30182,35210,0.5191312262357544,0.09786651008025053,0.00040514104892856685,0.08121497604158207,0.08869179600886919
5,random,474.0,12313,0,0.0,0.0,0.0,17,17,2.114304450264586e-05,0.0,0.0,0.0,0.0
5,random_matched,474.0,12313,10,0.08121497604158207,6.31689731228496e-07,0.08869179600886919,29599,33110,0.504304768200114,0.09786651008025053,0.00040512327290451666,0.08121497604158207,0.08869179600886919
5,random,475.0,12313,0,0.0,0.0,0.0,11,11,0.00013669406207693236,0.0,0.0,0.0,0.0
5,random_matched,475.0,12313,10,0.08121497604158207,6.31689731228496e-07,0.08869179600886919,30182,35210,0.5191312262357544,0.09786651008025053,0.00040514104892856685,0.08121497604158207,0.08869179600886919
5,random,476.0,12313,0,0.0,0.0,0.0,60,60,0.0008362234745815963,0.0,0.0,0.0,0.0
5,random_matched,476.0,12313,7,0.05685048322910745,6.098862469570608e-07,0.04434589800443459,30944,34964,0.5241210967849049,0.048933255040125266,0.0003780666605258552,0.05685048322910745,0.04434589800443459
5,random,477.0,12313,0,0.0,0.0,0.0,15,15,4.999165010994646e-05,0.0,0.0,0.0,0.0
5,random_matched,477.0,12313,10,0.08121497604158207,6.31689731228496e-07,0.08869179600886919,29599,33110,0.504304768200114,0.09786651008025053,0.00040512327290451666,0.08121497604158207,0.08869179600886919
5,random,478.0,12313,0,0.0,0.0,0.0,11,11,3.9621271622567744e-06,0.0,0.0,0.0,0.0
5,random_matched,478.0,12313,3,0.02436449281247462,2.1803484271435184e-08,0.04434589800443459,19585,23668,0.2574857710741753,0.048933255040125266,2.7092164426761893e-05,0.02436449281247462,0.04434589800443459
5,random,479.0,12313,0,0.0,0.0,0.0,429,434,0.0012284632639798388,0.0,0.0,0.0,0.0
5,random_matched,479.0,12313,7,0.05685048322910745,6.098862469570608e-07,0.04434589800443459,30944,34964,0.5241210967849049,0.048933255040125266,0.0003780666605258552,0.05685048322910745,0.04434589800443459
5,random,480.0,12313,0,0.0,0.0,0.0,16,16,9.495875599572947e-05,0.0,0.0,0.0,0.0
5,random_matched,480.0,12313,10,0.08121497604158207,6.31689731228496e-07,0.08869179600886919,30182,35210,0.5191312262357544,0.09786651008025053,0.00040514104892856685,0.08121497604158207,0.08869179600886919
5,random,481.0,12313,0,0.0,0.0,0.0,65,65,2.4025205147081368e-05,0.0,0.0,0.0,0.0
5,random_matched,481.0,12313,7,0.05685048322910745,6.098862469570608e-07,0.04434589800443459,30944,34964,0.5241210967849049,0.048933255040125266,0.0003780666605258552,0.05685048322910745,0.04434589800443459
5,random,482.0,12313,0,0.0,0.0,0.0,12,12,0.004258702167548261,0.0,0.0,0.0,0.0
5,random_matched,482.0,12313,7,0.05685048322910745,6.098862469570608e-07,0.04434589800443459,20463,22187,0.3854411450264677,0.048933255040125266,0.000378048884501805,0.05685048322910745,0.04434589800443459
5,random,483.0,12313,0,0.0,0.0,0.0,21,21,0.009742411706219334,0.0,0.0,0.0,0.0
5,random_matched,483.0,12313,3,0.02436449281247462,2.1803484271435184e-08,0.04434589800443459,29451,34313,0.38128146093906407,0.048933255040125266,2.7092164426761893e-05,0.02436449281247462,0.04434589800443459
5,random,484.0,12313,0,0.0,0.0,0.0,19,19,0.011279245909781563,0.0,0.0,0.0,0.0
5,random_matched,484.0,12313,10,0.08121497604158207,6.31689731228496e-07,0.08869179600886919,40048,45855,0.642926916100643,0.09786651008025053,0.00040514104892856685,0.08121497604158207,0.08869179600886919
5,random,485.0,12313,0,0.0,0.0,0.0,134,134,0.00026713646797382686,0.0,0.0,0.0,0.0
5,random_matched,485.0,12313,3,0.02436449281247462,2.1803484271435184e-08,0.04434589800443459,29451,34313,0.38128146093906407,0.048933255040125266,2.7092164426761893e-05,0.02436449281247462,0.04434589800443459
5,random,486.0,12313,0,0.0,0.0,0.0,11,11,9.990500264735088e-05,0.0,0.0,0.0,0.0
5,random_matched,486.0,12313,3,0.02436449281247462,2.1803484271435184e-08,0.04434589800443459,19002,21568,0.24265931303853505,0.048933255040125266,2.7074388402711684e-05,0.02436449281247462,0.04434589800443459
5,random,487.0,12313,0,0.0,0.0,0.0,28,28,0.00023971206821190303,0.0,0.0,0.0,0.0
5,random_matched,487.0,12313,10,0.08121497604158207,6.31689731228496e-07,0.08869179600886919,40048,45855,0.642926916100643,0.09786651008025053,0.00040514104892856685,0.08121497604158207,0.08869179600886919
5,random,488.0,12313,0,0.0,0.0,0.0,15,15,0.0003771837061816667,0.0,0.0,0.0,0.0
5,random_matched,488.0,12313,3,0.02436449281247462,2.1803484271435184e-08,0.04434589800443459,29451,34313,0.38128146093906407,0.048933255040125266,2.7092164426761893e-05,0.02436449281247462,0.04434589800443459
5,random,489.0,12313,1,0.008121497604158206,0.0,0.014781966001478197,43,44,0.0033888174865643237,0.0,0.0,0.008121497604158206,0.014781966001478197
5,random_matched,489.0,12313,10,0.08121497604158207,6.31689731228496e-07,0.08869179600886919,30182,35210,0.5191312262357544,0.09786651008025053,0.00040514104892856685,0.08121497604158207,0.08869179600886919
5,random,490.0,12313,0,0.0,0.0,0.0,23,23,9.8895233953188e-05,0.0,0.0,0.0,0.0
5,random_matched,490.0,12313,10,0.08121497604158207,6.31689731228496e-07,0.08869179600886919,29599,33110,0.504304768200114,0.09786651008025053,0.00040512327290451666,0.08121497604158207,0.08869179600886919
5,random,491.0,12313,0,0.0,0.0,0.0,77,80,0.05965827651573583,0.0,0.00011070416828863202,0.0,0.0
5,random_matched,491.0,12313,7,0.05685048322910745,6.098862469570608e-07,0.04434589800443459,30944,34964,0.5241210967849049,0.048933255040125266,0.0003780666605258552,0.05685048322910745,0.04434589800443459
5,random,492.0,12313,0,0.0,0.0,0.0,32,32,0.00020564587436537843,0.0,0.0,0.0,0.0
5,random_matched,492.0,12313,3,0.02436449281247462,2.1803484271435184e-08,0.04434589800443459,29451,34313,0.38128146093906407,0.048933255040125266,2.7092164426761893e-05,0.02436449281247462,0.04434589800443459
5,random,493.0,12313,0,0.0,0.0,0.0,16,16,3.444418212776204e-05,0.0,0.0,0.0,0.0
5,random_matched,493.0,12313,10,0.08121497604158207,6.31689731228496e-07,0.08869179600886919,30182,35210,0.5191312262357544,0.09786651008025053,0.00040514104892856685,0.08121497604158207,0.08869179600886919
5,random,494.0,12313,0,0.0,0.0,0.0,23,23,0.00012983357477247274,0.0,0.0,0.0,0.0
5,random_matched,494.0,12313,10,0.08121497604158207,6.31689731228496e-07,0.08869179600886919,40048,45855,0.642926916100643,0.09786651008025053,0.00040514104892856685,0.08121497604158207,0.08869179600886919
5,random,495.0,12313,0,0.0,0.0,0.0,12,12,0.0014033921906620858,0.0,0.0,0.0,0.0
5,random_matched,495.0,12313,10,0.08121497604158207,6.31689731228496e-07,0.08869179600886919,40048,45855,0.642926916100643,0.09786651008025053,0.00040514104892856685,0.08121497604158207,0.08869179600886919
5,random,496.0,12313,0,0.0,0.0,0.0,137,140,0.0032318835019852733,0.0,0.0,0.0,0.0
5,random_matched,496.0,12313,3,0.02436449281247462,2.1803484271435184e-08,0.04434589800443459,19002,21568,0.24265931303853505,0.048933255040125266,2.7074388402711684e-05,0.02436449281247462,0.04434589800443459
5,random,497.0,12313,0,0.0,0.0,0.0,19,19,1.7715500766710612e-05,0.0,0.0,0.0,0.0
5,random_matched,497.0,12313,10,0.08121497604158207,6.31689731228496e-07,0.08869179600886919,30182,35210,0.5191312262357544,0.09786651008025053,0.00040514104892856685,0.08121497604158207,0.08869179600886919
5,random,498.0,12313,0,0.0,0.0,0.0,342,342,0.00025888012394508327,0.0,0.0,0.0,0.0
5,random_matched,498.0,12313,7,0.05685048322910745,6.098862469570608e-07,0.04434589800443459,30944,34964,0.5241210967849049,0.048933255040125266,0.0003780666605258552,0.05685048322910745,0.04434589800443459
5,random,499.0,12313,0,0.0,0.0,0.0,158,166,0.0004418750505573079,0.0,0.0,0.0,0.0
5,random_matched,499.0,12313,10,0.08121497604158207,6.31689731228496e-07,0.08869179600886919,40048,45855,0.642926916100643,0.09786651008025053,0.00040514104892856685,0.08121497604158207,0.08869179600886919
5,random,500.0,12313,0,0.0,0.0,0.0,67,67,0.00011672818107871167,0.0,0.0,0.0,0.0
5,random_matched,500.0,12313,7,0.05685048322910745,6.098862469570608e-07,0.04434589800443459,30944,34964,0.5241210967849049,0.048933255040125266,0.0003780666605258552,0.05685048322910745,0.04434589800443459
5,random,501.0,12313,0,0.0,0.0,0.0,14,14,9.062269042667709e-06,0.0,0.0,0.0,0.0
5,random_matched,501.0,12313,10,0.08121497604158207,6.31689731228496e-07,0.08869179600886919,40048,45855,0.642926916100643,0.09786651008025053,0.00040514104892856685,0.08121497604158207,0.08869179600886919
5,random,502.0,12313,0,0.0,0.0,0.0,10,10,4.6020073240658755e-06,0.0,0.0,0.0,0.0
5,random_matched,502.0,12313,10,0.08121497604158207,6.31689731228496e-07,0.08869179600886919,30182,35210,0.5191312262357544,0.09786651008025053,0.00040514104892856685,0.08121497604158207,0.08869179600886919
5,random,503.0,12313,0,0.0,0.0,0.0,117,117,0.0006852630548042451,0.0,0.0,0.0,0.0
5,random_matched,503.0,12313,10,0.08121497604158207,6.31689731228496e-07,0.08869179600886919,29599,33110,0.504304768200114,0.09786651008025053,0.00040512327290451666,0.08121497604158207,0.08869179600886919
5,random,504.0,12313,0,0.0,0.0,0.0,12,12,0.004894932042527126,0.0,0.0,0.0,0.0
5,random_matched,504.0,12313,3,0.02436449281247462,2.1803484271435184e-08,0.04434589800443459,19002,21568,0.24265931303853505,0.048933255040125266,2.7074388402711684e-05,0.02436449281247462,0.04434589800443459
5,random,505.0,12313,0,0.0,0.0,0.0,209,209,0.00015851883544395288,0.0,0.0,0.0,0.0
5,random_matched,505.0,12313,10,0.08121497604158207,6.31689731228496e-07,0.08869179600886919,30182,35210,0.5191312262357544,0.09786651008025053,0.00040514104892856685,0.08121497604158207,0.08869179600886919
5,random,506.0,12313,0,0.0,0.0,0.0,12,12,5.6605095073454444e-05,0.0,0.0,0.0,0.0
5,random_matched,506.0,12313,3,0.02436449281247462,2.1803484271435184e-08,0.04434589800443459,29451,34313,0.38128146093906407,0.048933255040125266,2.7092164426761893e-05,0.02436449281247462,0.04434589800443459
5,random,507.0,12313,0,0.0,0.0,0.0,10,10,1.9784986606485615e-05,0.0,0.0,0.0,0.0
5,random_matched,507.0,12313,10,0.08121497604158207,6.31689731228496e-07,0.08869179600886919,29599,33110,0.504304768200114,0.09786651008025053,0.00040512327290451666,0.08121497604158207,0.08869179600886919
5,random,508.0,12313,0,0.0,0.0,0.0,181,182,0.0001902847006075182,0.0,0.0,0.0,0.0
5,random_matched,508.0,12313,7,0.05685048322910745,6.098862469570608e-07,0.04434589800443459,30944,34964,0.5241210967849049,0.048933255040125266,0.0003780666605258552,0.05685048322910745,0.04434589800443459
5,random,509.0,12313,0,0.0,0.0,0.0,16,16,6.667443289399049e-05,0.0,0.0,0.0,0.0
5,random_matched,509.0,12313,10,0.08121497604158207,6.31689731228496e-07,0.08869179600886919,40048,45855,0.642926916100643,0.09786651008025053,0.00040514104892856685,0.08121497604158207,0.08869179600886919
5,random,510.0,12313,0,0.0,0.0,0.0,30,30,0.0020882340585243807,0.0,0.0,0.0,0.0
5,random_matched,510.0,12313,7,0.05685048322910745,6.098862469570608e-07,0.04434589800443459,20463,22187,0.3854411450264677,0.048933255040125266,0.000378048884501805,0.05685048322910745,0.04434589800443459
5,random,511.0,12313,0,0.0,0.0,0.0,49,49,0.00214949110937335,0.0,8.276853330976301e-05,0.0,0.0
5,random_matched,511.0,12313,10,0.08121497604158207,6.31689731228496e-07,0.08869179600886919,30182,35210,0.5191312262357544,0.09786651008025053,0.00040514104892856685,0.08121497604158207,0.08869179600886919
5,random,512.0,12313,0,0.0,0.0,0.0,27,27,2.342312381339601e-05,0.0,0.0,0.0,0.0
5,random_matched,512.0,12313,7,0.05685048322910745,6.098862469570608e-07,0.04434589800443459,30944,34964,0.5241210967849049,0.048933255040125266,0.0003780666605258552,0.05685048322910745,0.04434589800443459
5,random,513.0,12313,0,0.0,0.0,0.0,27,148,7.319608070348367e-05,0.0,0.0,0.0,0.0
5,random_matched,513.0,12313,7,0.05685048322910745,6.098862469570608e-07,0.04434589800443459,20463,22187,0.3854411450264677,0.048933255040125266,0.000378048884501805,0.05685048322910745,0.04434589800443459
5,random,514.0,12313,0,0.0,0.0,0.0,14,14,6.987653361933055e-05,0.0,0.0,0.0,0.0
5,random_matched,514.0,12313,10,0.08121497604158207,6.31689731228496e-07,0.08869179600886919,40048,45855,0.642926916100643,0.09786651008025053,0.00040514104892856685,0.08121497604158207,0.08869179600886919
5,random,515.0,12313,0,0.0,0.0,0.0,13,13,5.518358914437221e-05,0.0,0.0,0.0,0.0
5,random_matched,515.0,12313,10,0.08121497604158207,6.31689731228496e-07,0.08869179600886919,40048,45855,0.642926916100643,0.09786651008025053,0.00040514104892856685,0.08121497604158207,0.08869179600886919
5,random,516.0,12313,0,0.0,0.0,0.0,14,14,0.0006009325193020241,0.0,0.0,0.0,0.0
5,random_matched,516.0,12313,10,0.08121497604158207,6.31689731228496e-07,0.08869179600886919,40048,45855,0.642926916100643,0.09786651008025053,0.00040514104892856685,0.08121497604158207,0.08869179600886919
5,random,517.0,12313,0,0.0,0.0,0.0,15,15,1.0319080077782208e-05,0.0,0.0,0.0,0.0
5,random_matched,517.0,12313,10,0.08121497604158207,6.31689731228496e-07,0.08869179600886919,30182,35210,0.5191312262357544,0.09786651008025053,0.00040514104892856685,0.08121497604158207,0.08869179600886919
5,random,518.0,12313,0,0.0,0.0,0.0,23,23,7.376036320904528e-05,0.0,0.0,0.0,0.0
5,random_matched,518.0,12313,7,0.05685048322910745,6.098862469570608e-07,0.04434589800443459,20463,22187,0.3854411450264677,0.048933255040125266,0.000378048884501805,0.05685048322910745,0.04434589800443459
5,random,519.0,12313,0,0.0,0.0,0.0,30,31,0.0005600220376488072,0.0,0.0,0.0,0.0
5,random_matched,519.0,12313,7,0.05685048322910745,6.098862469570608e-07,0.04434589800443459,21078,24319,0.4003254069200163,0.048933255040125266,0.0003780666605258552,0.05685048322910745,0.04434589800443459
5,random,520.0,12313,0,0.0,0.0,0.0,1121,1133,0.0011591037643309153,0.0,0.0,0.0,0.0
5,random_matched,520.0,12313,10,0.08121497604158207,6.31689731228496e-07,0.08869179600886919,29599,33110,0.504304768200114,0.09786651008025053,0.00040512327290451666,0.08121497604158207,0.08869179600886919
5,random,521.0,12313,0,0.0,0.0,0.0,24,24,9.698774309108618e-05,0.0,0.0,0.0,0.0
5,random_matched,521.0,12313,10,0.08121497604158207,6.31689731228496e-07,0.08869179600886919,40048,45855,0.642926916100643,0.09786651008025053,0.00040514104892856685,0.08121497604158207,0.08869179600886919
5,random,522.0,12313,0,0.0,0.0,0.0,11,11,1.3043295618986356e-05,0.0,0.0,0.0,0.0
5,random_matched,522.0,12313,10,0.08121497604158207,6.31689731228496e-07,0.08869179600886919,19733,22465,0.3805090783352253,0.09786651008025053,0.00040512327290451666,0.08121497604158207,0.08869179600886919
5,random,523.0,12313,0,0.0,0.0,0.0,17,17,8.301297635047899e-05,0.0,0.0,0.0,0.0
5,random_matched,523.0,12313,3,0.02436449281247462,2.1803484271435184e-08,0.04434589800443459,19585,23668,0.2574857710741753,0.048933255040125266,2.7092164426761893e-05,0.02436449281247462,0.04434589800443459
5,random,524.0,12313,0,0.0,0.0,0.0,13,13,3.9371529365321576e-05,0.0,0.0,0.0,0.0
5,random_matched,524.0,12313,3,0.02436449281247462,2.1803484271435184e-08,0.04434589800443459,19002,21568,0.24265931303853505,0.048933255040125266,2.7074388402711684e-05,0.02436449281247462,0.04434589800443459
5,random,525.0,12313,0,0.0,0.0,0.0,30,31,0.0060153622058548625,0.0,0.0,0.0,0.0
5,random_matched,525.0,12313,10,0.08121497604158207,6.31689731228496e-07,0.08869179600886919,30182,35210,0.5191312262357544,0.09786651008025053,0.00040514104892856685,0.08121497604158207,0.08869179600886919
5,random,526.0,12313,0,0.0,0.0,0.0,15,20,0.06979408357552748,0.0,4.996983943321023e-05,0.0,0.0
5,random_matched,526.0,12313,7,0.05685048322910745,6.098862469570608e-07,0.04434589800443459,21078,24319,0.4003254069200163,0.048933255040125266,0.0003780666605258552,0.05685048322910745,0.04434589800443459
5,random,527.0,12313,0,0.0,0.0,0.0,305,321,0.000416387840736726,0.0,0.0,0.0,0.0
5,random_matched,527.0,12313,7,0.05685048322910745,6.098862469570608e-07,0.04434589800443459,30944,34964,0.5241210967849049,0.048933255040125266,0.0003780666605258552,0.05685048322910745,0.04434589800443459
5,random,528.0,12313,0,0.0,0.0,0.0,12,12,5.1133714702542455e-05,0.0,0.0,0.0,0.0
5,random_matched,528.0,12313,10,0.08121497604158207,6.31689731228496e-07,0.08869179600886919,40048,45855,0.642926916100643,0.09786651008025053,0.00040514104892856685,0.08121497604158207,0.08869179600886919
5,random,529.0,12313,0,0.0,0.0,0.0,23,23,8.617592828954802e-05,0.0,0.0,0.0,0.0
5,random_matched,529.0,12313,3,0.02436449281247462,2.1803484271435184e-08,0.04434589800443459,29451,34313,0.38128146093906407,0.048933255040125266,2.7092164426761893e-05,0.02436449281247462,0.04434589800443459
5,random,530.0,12313,0,0.0,0.0,0.0,14,14,2.9412888112862215e-05,0.0,0.0,0.0,0.0
5,random_matched,530.0,12313,0,0.0,0.0,0.0,20347,23422,0.262475641623326,0.0,1.777602405020832e-08,0.0,0.0
5,random,531.0,12313,0,0.0,0.0,0.0,17,17,2.4156151087367197e-05,0.0,0.0,0.0,0.0
5,random_matched,531.0,12313,10,0.08121497604158207,6.31689731228496e-07,0.08869179600886919,40048,45855,0.642926916100643,0.09786651008025053,0.00040514104892856685,0.08121497604158207,0.08869179600886919
5,random,532.0,12313,0,0.0,0.0,0.0,18,18,4.606462185951888e-05,0.0,0.0,0.0,0.0
5,random_matched,532.0,12313,10,0.08121497604158207,6.31689731228496e-07,0.08869179600886919,29599,33110,0.504304768200114,0.09786651008025053,0.00040512327290451666,0.08121497604158207,0.08869179600886919
5,random,533.0,12313,0,0.0,0.0,0.0,166,167,0.0007493887667161773,0.0,0.0,0.0,0.0
5,random_matched,533.0,12313,7,0.05685048322910745,6.098862469570608e-07,0.04434589800443459,30944,34964,0.5241210967849049,0.048933255040125266,0.0003780666605258552,0.05685048322910745,0.04434589800443459
5,random,534.0,12313,0,0.0,0.0,0.0,1151,1160,0.0038566738316241165,0.0,0.0,0.0,0.0
5,random_matched,534.0,12313,3,0.02436449281247462,2.1803484271435184e-08,0.04434589800443459,29451,34313,0.38128146093906407,0.048933255040125266,2.7092164426761893e-05,0.02436449281247462,0.04434589800443459
5,random,535.0,12313,0,0.0,0.0,0.0,20,20,2.3717414689502304e-05,0.0,0.0,0.0,0.0
5,random_matched,535.0,12313,7,0.05685048322910745,6.098862469570608e-07,0.04434589800443459,30944,34964,0.5241210967849049,0.048933255040125266,0.0003780666605258552,0.05685048322910745,0.04434589800443459
5,random,536.0,12313,0,0.0,0.0,0.0,16,16,8.965072056063794e-06,0.0,0.0,0.0,0.0
5,random_matched,536.0,12313,10,0.08121497604158207,6.31689731228496e-07,0.08869179600886919,30182,35210,0.5191312262357544,0.09786651008025053,0.00040514104892856685,0.08121497604158207,0.08869179600886919
5,random,537.0,12313,0,0.0,0.0,0.0,140,145,0.001347429675666735,0.019573302016050106,1.945000937746885e-05,0.0,0.0
5,random_matched,537.0,12313,10,0.08121497604158207,6.31689731228496e-07,0.08869179600886919,29599,33110,0.504304768200114,0.09786651008025053,0.00040512327290451666,0.08121497604158207,0.08869179600886919
5,random,538.0,12313,0,0.0,0.0,0.0,12,12,1.6437090401239688e-05,0.0,0.0,0.0,0.0
5,random_matched,538.0,12313,10,0.08121497604158207,6.31689731228496e-07,0.08869179600886919,30182,35210,0.5191312262357544,0.09786651008025053,0.00040514104892856685,0.08121497604158207,0.08869179600886919
5,random,539.0,12313,0,0.0,0.0,0.0,11,11,0.001586190023384808,0.0,0.0,0.0,0.0
5,random_matched,539.0,12313,10,0.08121497604158207,6.31689731228496e-07,0.08869179600886919,29599,33110,0.504304768200114,0.09786651008025053,0.00040512327290451666,0.08121497604158207,0.08869179600886919
5,random,540.0,12313,0,0.0,0.0,0.0,152,153,0.00046686412582154475,0.0,0.0,0.0,0.0
5,random_matched,540.0,12313,3,0.02436449281247462,2.1803484271435184e-08,0.04434589800443459,29451,34313,0.38128146093906407,0.048933255040125266,2.7092164426761893e-05,0.02436449281247462,0.04434589800443459
5,random,541.0,12313,0,0.0,0.0,0.0,23,25,0.00029312586222519563,0.0,0.0,0.0,0.0
5,random_matched,541.0,12313,3,0.02436449281247462,2.1803484271435184e-08,0.04434589800443459,29451,34313,0.38128146093906407,0.048933255040125266,2.7092164426761893e-05,0.02436449281247462,0.04434589800443459
5,random,542.0,12313,0,0.0,0.0,0.0,96,98,0.0001189286128587725,0.0,0.0,0.0,0.0
5,random_matched,542.0,12313,10,0.08121497604158207,6.31689731228496e-07,0.08869179600886919,40048,45855,0.642926916100643,0.09786651008025053,0.00040514104892856685,0.08121497604158207,0.08869179600886919
5,random,543.0,12313,0,0.0,0.0,0.0,17,17,1.0748366768616162e-05,0.0,0.0,0.0,0.0
5,random_matched,543.0,12313,10,0.08121497604158207,6.31689731228496e-07,0.08869179600886919,19733,22465,0.3805090783352253,0.09786651008025053,0.00040512327290451666,0.08121497604158207,0.08869179600886919
5,random,544.0,12313,0,0.0,0.0,0.0,150,151,0.0004255581064311758,0.0,0.0,0.0,0.0
5,random_matched,544.0,12313,7,0.05685048322910745,6.098862469570608e-07,0.04434589800443459,30944,34964,0.5241210967849049,0.048933255040125266,0.0003780666605258552,0.05685048322910745,0.04434589800443459
5,random,545.0,12313,0,0.0,0.0,0.0,16,16,3.056710232878369e-05,0.0,0.0,0.0,0.0
5,random_matched,545.0,12313,3,0.02436449281247462,2.1803484271435184e-08,0.04434589800443459,29451,34313,0.38128146093906407,0.048933255040125266,2.7092164426761893e-05,0.02436449281247462,0.04434589800443459
5,random,546.0,12313,0,0.0,0.0,0.0,12,12,1.3796572265166689e-05,0.0,0.0,0.0,0.0
5,random_matched,546.0,12313,10,0.08121497604158207,6.31689731228496e-07,0.08869179600886919,30182,35210,0.5191312262357544,0.09786651008025053,0.00040514104892856685,0.08121497604158207,0.08869179600886919
5,random,547.0,12313,0,0.0,0.0,0.0,11,11,0.00012591194635463429,0.0,0.0,0.0,0.0
5,random_matched,547.0,12313,10,0.08121497604158207,6.31689731228496e-07,0.08869179600886919,29599,33110,0.504304768200114,0.09786651008025053,0.00040512327290451666,0.08121497604158207,0.08869179600886919
5,random,548.0,12313,0,0.0,0.0,0.0,25,25,5.8094098909900516e-05,0.0,0.0,0.0,0.0
5,random_matched,548.0,12313,7,0.05685048322910745,6.098862469570608e-07,0.04434589800443459,21078,24319,0.4003254069200163,0.048933255040125266,0.0003780666605258552,0.05685048322910745,0.04434589800443459
5,random,549.0,12313,0,0.0,0.0,0.0,257,258,0.002417009615502856,0.0,0.0,0.0,0.0
5,random_matched,549.0,12313,3,0.02436449281247462,2.1803484271435184e-08,0.04434589800443459,29451,34313,0.38128146093906407,0.048933255040125266,2.7092164426761893e-05,0.02436449281247462,0.04434589800443459
5,random,550.0,12313,0,0.0,0.0,0.0,266,266,0.00022793638329320938,0.0,0.0,0.0,0.0
5,random_matched,550.0,12313,10,0.08121497604158207,6.31689731228496e-07,0.08869179600886919,29599,33110,0.504304768200114,0.09786651008025053,0.00040512327290451666,0.08121497604158207,0.08869179600886919
5,random,551.0,12313,0,0.0,0.0,0.0,22,22,6.152029268768849e-05,0.0,0.0,0.0,0.0
5,random_matched,551.0,12313,3,0.02436449281247462,2.1803484271435184e-08,0.04434589800443459,29451,34313,0.38128146093906407,0.048933255040125266,2.7092164426761893e-05,0.02436449281247462,0.04434589800443459
5,random,552.0,12313,0,0.0,0.0,0.0,23,23,0.0006532028987645735,0.0,0.0,0.0,0.0
5,random_matched,552.0,12313,10,0.08121497604158207,6.31689731228496e-07,0.08869179600886919,40048,45855,0.642926916100643,0.09786651008025053,0.00040514104892856685,0.08121497604158207,0.08869179600886919
5,random,553.0,12313,0,0.0,0.0,0.0,12,12,0.000846593853068975,0.0,0.0,0.0,0.0
5,random_matched,553.0,12313,10,0.08121497604158207,6.31689731228496e-07,0.08869179600886919,40048,45855,0.642926916100643,0.09786651008025053,0.00040514104892856685,0.08121497604158207,0.08869179600886919
5,random,554.0,12313,0,0.0,0.0,0.0,36,36,6.0490274621316456e-05,0.0,0.0,0.0,0.0
5,random_matched,554.0,12313,10,0.08121497604158207,6.31689731228496e-07,0.08869179600886919,19733,22465,0.3805090783352253,0.09786651008025053,0.00040512327290451666,0.08121497604158207,0.08869179600886919
5,random,555.0,12313,0,0.0,0.0,0.0,12,12,3.094374065187386e-05,0.0,0.0,0.0,0.0
5,random_matched,555.0,12313,7,0.05685048322910745,6.098862469570608e-07,0.04434589800443459,30944,34964,0.5241210967849049,0.048933255040125266,0.0003780666605258552,0.05685048322910745,0.04434589800443459
5,random,556.0,12313,0,0.0,0.0,0.0,40,46,0.0005468774951687751,0.0,0.0,0.0,0.0
5,random_matched,556.0,12313,10,0.08121497604158207,6.31689731228496e-07,0.08869179600886919,30182,35210,0.5191312262357544,0.09786651008025053,0.00040514104892856685,0.08121497604158207,0.08869179600886919
5,random,557.0,12313,0,0.0,0.0,0.0,34,34,0.00016349748109110892,0.0,0.0,0.0,0.0
5,random_matched,557.0,12313,10,0.08121497604158207,6.31689731228496e-07,0.08869179600886919,40048,45855,0.642926916100643,0.09786651008025053,0.00040514104892856685,0.08121497604158207,0.08869179600886919
5,random,558.0,12313,0,0.0,0.0,0.0,15,15,2.1255091028869815e-05,0.0,0.0,0.0,0.0
5,random_matched,558.0,12313,7,0.05685048322910745,6.098862469570608e-07,0.04434589800443459,30944,34964,0.5241210967849049,0.048933255040125266,0.0003780666605258552,0.05685048322910745,0.04434589800443459
5,random,559.0,12313,0,0.0,0.0,0.0,21,21,9.290141977927996e-05,0.0,0.0,0.0,0.0
5,random_matched,559.0,12313,3,0.02436449281247462,2.1803484271435184e-08,0.04434589800443459,19585,23668,0.2574857710741753,0.048933255040125266,2.7092164426761893e-05,0.02436449281247462,0.04434589800443459
5,random,560.0,12313,0,0.0,0.0,0.0,15,15,4.463771609784753e-05,0.0,0.0,0.0,0.0
5,random_matched,560.0,12313,10,0.08121497604158207,6.31689731228496e-07,0.08869179600886919,30182,35210,0.5191312262357544,0.09786651008025053,0.00040514104892856685,0.08121497604158207,0.08869179600886919
5,random,561.0,12313,0,0.0,0.0,0.0,54,54,0.0003043575140105368,0.0,0.0,0.0,0.0
5,random_matched,561.0,12313,10,0.08121497604158207,6.31689731228496e-07,0.08869179600886919,40048,45855,0.642926916100643,0.09786651008025053,0.00040514104892856685,0.08121497604158207,0.08869179600886919
5,random,562.0,12313,0,0.0,0.0,0.0,13,13,8.325191894254693e-06,0.0,0.0,0.0,0.0
5,random_matched,562.0,12313,7,0.05685048322910745,6.098862469570608e-07,0.04434589800443459,30944,34964,0.5241210967849049,0.048933255040125266,0.0003780666605258552,0.05685048322910745,0.04434589800443459
5,random,563.0,12313,0,0.0,0.0,0.0,21,22,0.00446371356158442,0.009786651008025053,4.401451030495327e-09,0.0,0.0
5,random_matched,563.0,12313,7,0.05685048322910745,6.098862469570608e-07,0.04434589800443459,30944,34964,0.5241210967849049,0.048933255040125266,0.0003780666605258552,0.05685048322910745,0.04434589800443459
5,random,564.0,12313,0,0.0,0.0,0.0,20,20,0.00012779648792823238,0.0,0.0,0.0,0.0
5,random_matched,564.0,12313,7,0.05685048322910745,6.098862469570608e-07,0.04434589800443459,20463,22187,0.3854411450264677,0.048933255040125266,0.000378048884501805,0.05685048322910745,0.04434589800443459
5,random,565.0,12313,0,0.0,0.0,0.0,503,507,0.00039181860245629215,0.0,0.0,0.0,0.0
5,random_matched,565.0,12313,10,0.08121497604158207,6.31689731228496e-07,0.08869179600886919,30182,35210,0.5191312262357544,0.09786651008025053,0.00040514104892856685,0.08121497604158207,0.08869179600886919
5,random,566.0,12313,0,0.0,0.0,0.0,72,73,0.00025453865854344174,0.0,0.0,0.0,0.0
5,random_matched,566.0,12313,10,0.08121497604158207,6.31689731228496e-07,0.08869179600886919,30182,35210,0.5191312262357544,0.09786651008025053,0.00040514104892856685,0.08121497604158207,0.08869179600886919
5,random,567.0,12313,0,0.0,0.0,0.0,10,10,1.3820871511817669e-05,0.0,0.0,0.0,0.0
5,random_matched,567.0,12313,10,0.08121497604158207,6.31689731228496e-07,0.08869179600886919,40048,45855,0.642926916100643,0.09786651008025053,0.00040514104892856685,0.08121497604158207,0.08869179600886919
5,random,568.0,12313,0,0.0,0.0,0.0,88,88,0.0021983973931328864,0.0,0.0,0.0,0.0
5,random_matched,568.0,12313,3,0.02436449281247462,2.1803484271435184e-08,0.04434589800443459,29451,34313,0.38128146093906407,0.048933255040125266,2.7092164426761893e-05,0.02436449281247462,0.04434589800443459
5,random,569.0,12313,0,0.0,0.0,0.0,16,16,0.0001508267739207709,0.0,0.0,0.0,0.0
5,random_matched,569.0,12313,10,0.08121497604158207,6.31689731228496e-07,0.08869179600886919,30182,35210,0.5191312262357544,0.09786651008025053,0.00040514104892856685,0.08121497604158207,0.08869179600886919
5,random,570.0,12313,0,0.0,0.0,0.0,12,12,0.0001584256883317908,0.0,0.0,0.0,0.0
5,random_matched,570.0,12313,7,0.05685048322910745,6.098862469570608e-07,0.04434589800443459,20463,22187,0.3854411450264677,0.048933255040125266,0.000378048884501805,0.05685048322910745,0.04434589800443459
5,random,571.0,12313,0,0.0,0.0,0.0,17,19,6.683777782981096e-05,0.0,0.0,0.0,0.0
5,random_matched,571.0,12313,10,0.08121497604158207,6.31689731228496e-07,0.08869179600886919,40048,45855,0.642926916100643,0.09786651008025053,0.00040514104892856685,0.08121497604158207,0.08869179600886919
5,random,572.0,12313,0,0.0,0.0,0.0,13,13,2.027772133024157e-05,0.0,0.0,0.0,0.0
5,random_matched,572.0,12313,10,0.08121497604158207,6.31689731228496e-07,0.08869179600886919,40048,45855,0.642926916100643,0.09786651008025053,0.00040514104892856685,0.08121497604158207,0.08869179600886919
5,random,573.0,12313,0,0.0,0.0,0.0,26,26,9.7016092212179e-05,0.0,0.0,0.0,0.0
5,random_matched,573.0,12313,10,0.08121497604158207,6.31689731228496e-07,0.08869179600886919,29599,33110,0.504304768200114,0.09786651008025053,0.00040512327290451666,0.08121497604158207,0.08869179600886919
5,random,574.0,12313,0,0.0,0.0,0.0,16,16,4.884553564290864e-05,0.0,0.0,0.0,0.0
5,random_matched,574.0,12313,3,0.02436449281247462,2.1803484271435184e-08,0.04434589800443459,29451,34313,0.38128146093906407,0.048933255040125266,2.7092164426761893e-05,0.02436449281247462,0.04434589800443459
5,random,575.0,12313,0,0.0,0.0,0.0,16,16,2.2534851352488017e-05,0.0,0.0,0.0,0.0
5,random_matched,575.0,12313,3,0.02436449281247462,2.1803484271435184e-08,0.04434589800443459,29451,34313,0.38128146093906407,0.048933255040125266,2.7092164426761893e-05,0.02436449281247462,0.04434589800443459
5,random,576.0,12313,0,0.0,0.0,0.0,10,10,0.0003553994315590645,0.0,0.0,0.0,0.0
5,random_matched,576.0,12313,10,0.08121497604158207,6.31689731228496e-07,0.08869179600886919,30182,35210,0.5191312262357544,0.09786651008025053,0.00040514104892856685,0.08121497604158207,0.08869179600886919
5,random,577.0,12313,0,0.0,0.0,0.0,11,11,9.469956403145237e-06,0.0,0.0,0.0,0.0
5,random_matched,577.0,12313,3,0.02436449281247462,2.1803484271435184e-08,0.04434589800443459,29451,34313,0.38128146093906407,0.048933255040125266,2.7092164426761893e-05,0.02436449281247462,0.04434589800443459
5,random,578.0,12313,0,0.0,0.0,0.0,13,13,0.00022273904442619453,0.0,0.0,0.0,0.0
5,random_matched,578.0,12313,10,0.08121497604158207,6.31689731228496e-07,0.08869179600886919,40048,45855,0.642926916100643,0.09786651008025053,0.00040514104892856685,0.08121497604158207,0.08869179600886919
5,random,579.0,12313,0,0.0,0.0,0.0,21,21,9.382344119386988e-05,0.0,0.0,0.0,0.0
5,random_matched,579.0,12313,10,0.08121497604158207,6.31689731228496e-07,0.08869179600886919,30182,35210,0.5191312262357544,0.09786651008025053,0.00040514104892856685,0.08121497604158207,0.08869179600886919
5,random,580.0,12313,0,0.0,0.0,0.0,18,18,7.620783733005772e-05,0.0,0.0,0.0,0.0
5,random_matched,580.0,12313,3,0.02436449281247462,2.1803484271435184e-08,0.04434589800443459,29451,34313,0.38128146093906407,0.048933255040125266,2.7092164426761893e-05,0.02436449281247462,0.04434589800443459
5,random,581.0,12313,0,0.0,0.0,0.0,164,321,0.02129460970367319,0.0,0.0,0.0,0.0
5,random_matched,581.0,12313,3,0.02436449281247462,2.1803484271435184e-08,0.04434589800443459,29451,34313,0.38128146093906407,0.048933255040125266,2.7092164426761893e-05,0.02436449281247462,0.04434589800443459
5,random,582.0,12313,0,0.0,0.0,0.0,23,23,0.00012935568958833684,0.0,0.0,0.0,0.0
5,random_matched,582.0,12313,3,0.02436449281247462,2.1803484271435184e-08,0.04434589800443459,29451,34313,0.38128146093906407,0.048933255040125266,2.7092164426761893e-05,0.02436449281247462,0.04434589800443459
5,random,583.0,12313,0,0.0,0.0,0.0,20,20,0.00013079744488962824,0.0,0.0,0.0,0.0
5,random_matched,583.0,12313,10,0.08121497604158207,6.31689731228496e-07,0.08869179600886919,30182,35210,0.5191312262357544,0.09786651008025053,0.00040514104892856685,0.08121497604158207,0.08869179600886919
5,random,584.0,12313,0,0.0,0.0,0.0,28,28,0.0002177671485697749,0.0,0.0,0.0,0.0
5,random_matched,584.0,12313,10,0.08121497604158207,6.31689731228496e-07,0.08869179600886919,40048,45855,0.642926916100643,0.09786651008025053,0.00040514104892856685,0.08121497604158207,0.08869179600886919
5,random,585.0,12313,0,0.0,0.0,0.0,35,35,0.0006879791705965655,0.0,0.0,0.0,0.0
5,random_matched,585.0,12313,7,0.05685048322910745,6.098862469570608e-07,0.04434589800443459,30944,34964,0.5241210967849049,0.048933255040125266,0.0003780666605258552,0.05685048322910745,0.04434589800443459
5,random,586.0,12313,0,0.0,0.0,0.0,30,30,6.740611020981439e-05,0.0,0.0,0.0,0.0
5,random_matched,586.0,12313,10,0.08121497604158207,6.31689731228496e-07,0.08869179600886919,29599,33110,0.504304768200114,0.09786651008025053,0.00040512327290451666,0.08121497604158207,0.08869179600886919
5,random,587.0,12313,0,0.0,0.0,0.0,12,12,0.00034015705411816454,0.0,8.05547437447256e-08,0.0,0.0
5,random_matched,587.0,12313,3,0.02436449281247462,2.1803484271435184e-08,0.04434589800443459,19585,23668,0.2574857710741753,0.048933255040125266,2.7092164426761893e-05,0.02436449281247462,0.04434589800443459
5,random,588.0,12313,0,0.0,0.0,0.0,17,17,2.76552426051081e-05,0.0,0.0,0.0,0.0
5,random_matched,588.0,12313,10,0.08121497604158207,6.31689731228496e-07,0.08869179600886919,40048,45855,0.642926916100643,0.09786651008025053,0.00040514104892856685,0.08121497604158207,0.08869179600886919
5,random,589.0,12313,0,0.0,0.0,0.0,35,35,1.3797922223313966e-05,0.0,0.0,0.0,0.0
5,random_matched,589.0,12313,10,0.08121497604158207,6.31689731228496e-07,0.08869179600886919,40048,45855,0.642926916100643,0.09786651008025053,0.00040514104892856685,0.08121497604158207,0.08869179600886919
5,random,590.0,12313,0,0.0,0.0,0.0,14,14,6.63220938175513e-05,0.0,0.0,0.0,0.0
5,random_matched,590.0,12313,7,0.05685048322910745,6.098862469570608e-07,0.04434589800443459,21078,24319,0.4003254069200163,0.048933255040125266,0.0003780666605258552,0.05685048322910745,0.04434589800443459
5,random,591.0,12313,0,0.0,0.0,0.0,52,53,0.00024040999657404504,0.0,0.0,0.0,0.0
5,random_matched,591.0,12313,3,0.02436449281247462,2.1803484271435184e-08,0.04434589800443459,29451,34313,0.38128146093906407,0.048933255040125266,2.7092164426761893e-05,0.02436449281247462,0.04434589800443459
5,random,592.0,12313,0,0.0,0.0,0.0,24,24,0.0002914883629925491,0.0,8.647454251964818e-09,0.0,0.0
5,random_matched,592.0,12313,7,0.05685048322910745,6.098862469570608e-07,0.04434589800443459,30944,34964,0.5241210967849049,0.048933255040125266,0.0003780666605258552,0.05685048322910745,0.04434589800443459
5,random,593.0,12313,0,0.0,0.0,0.0,18,18,0.00025454945820862,0.0,0.0,0.0,0.0
5,random_matched,593.0,12313,7,0.05685048322910745,6.098862469570608e-07,0.04434589800443459,30944,34964,0.5241210967849049,0.048933255040125266,0.0003780666605258552,0.05685048322910745,0.04434589800443459
5,random,594.0,12313,0,0.0,0.0,0.0,34,45,0.000620909199965423,0.0,0.0,0.0,0.0
5,random_matched,594.0,12313,7,0.05685048322910745,6.098862469570608e-07,0.04434589800443459,30944,34964,0.5241210967849049,0.048933255040125266,0.0003780666605258552,0.05685048322910745,0.04434589800443459
5,random,595.0,12313,0,0.0,0.0,0.0,229,232,0.0006808392419556197,0.0,0.0,0.0,0.0
5,random_matched,595.0,12313,3,0.02436449281247462,2.1803484271435184e-08,0.04434589800443459,29451,34313,0.38128146093906407,0.048933255040125266,2.7092164426761893e-05,0.02436449281247462,0.04434589800443459
5,random,596.0,12313,0,0.0,0.0,0.0,432,447,0.0006781474254099501,0.0,0.0,0.0,0.0
5,random_matched,596.0,12313,3,0.02436449281247462,2.1803484271435184e-08,0.04434589800443459,19002,21568,0.24265931303853505,0.048933255040125266,2.7074388402711684e-05,0.02436449281247462,0.04434589800443459
5,random,597.0,12313,0,0.0,0.0,0.0,44,44,9.274212471790133e-05,0.0,0.0,0.0,0.0
5,random_matched,597.0,12313,10,0.08121497604158207,6.31689731228496e-07,0.08869179600886919,29599,33110,0.504304768200114,0.09786651008025053,0.00040512327290451666,0.08121497604158207,0.08869179600886919
5,random,598.0,12313,0,0.0,0.0,0.0,14,14,9.533674427696692e-05,0.0,0.0,0.0,0.0
5,random_matched,598.0,12313,7,0.05685048322910745,6.098862469570608e-07,0.04434589800443459,30944,34964,0.5241210967849049,0.048933255040125266,0.0003780666605258552,0.05685048322910745,0.04434589800443459
5,random,599.0,12313,0,0.0,0.0,0.0,14,14,3.197645863454045e-05,0.0,0.0,0.0,0.0
5,random_matched,599.0,12313,3,0.02436449281247462,2.1803484271435184e-08,0.04434589800443459,29451,34313,0.38128146093906407,0.048933255040125266,2.7092164426761893e-05,0.02436449281247462,0.04434589800443459
5,random,600.0,12313,0,0.0,0.0,0.0,10,10,5.467330496470166e-06,0.0,0.0,0.0,0.0
5,random_matched,600.0,12313,3,0.02436449281247462,2.1803484271435184e-08,0.04434589800443459,29451,34313,0.38128146093906407,0.048933255040125266,2.7092164426761893e-05,0.02436449281247462,0.04434589800443459
5,random,601.0,12313,0,0.0,0.0,0.0,22,22,4.1474764158778494e-05,0.0,0.0,0.0,0.0
5,random_matched,601.0,12313,3,0.02436449281247462,2.1803484271435184e-08,0.04434589800443459,19585,23668,0.2574857710741753,0.048933255040125266,2.7092164426761893e-05,0.02436449281247462,0.04434589800443459
5,random,602.0,12313,0,0.0,0.0,0.0,16,16,2.7424399761923807e-05,0.0,0.0,0.0,0.0
5,random_matched,602.0,12313,10,0.08121497604158207,6.31689731228496e-07,0.08869179600886919,40048,45855,0.642926916100643,0.09786651008025053,0.00040514104892856685,0.08121497604158207,0.08869179600886919
5,random,603.0,12313,0,0.0,0.0,0.0,14,14,9.63586625944553e-05,0.0,0.0,0.0,0.0
5,random_matched,603.0,12313,10,0.08121497604158207,6.31689731228496e-07,0.08869179600886919,30182,35210,0.5191312262357544,0.09786651008025053,0.00040514104892856685,0.08121497604158207,0.08869179600886919
5,random,604.0,12313,0,0.0,0.0,0.0,12,12,1.9212604352040344e-05,0.0,0.0,0.0,0.0
5,random_matched,604.0,12313,10,0.08121497604158207,6.31689731228496e-07,0.08869179600886919,40048,45855,0.642926916100643,0.09786651008025053,0.00040514104892856685,0.08121497604158207,0.08869179600886919
5,random,605.0,12313,0,0.0,0.0,0.0,14,14,1.2182022321023894e-05,0.0,0.0,0.0,0.0
5,random_matched,605.0,12313,10,0.08121497604158207,6.31689731228496e-07,0.08869179600886919,40048,45855,0.642926916100643,0.09786651008025053,0.00040514104892856685,0.08121497604158207,0.08869179600886919
5,random,606.0,12313,0,0.0,0.0,0.0,36,36,0.00018320012025061066,0.0,0.0,0.0,0.0
5,random_matched,606.0,12313,7,0.05685048322910745,6.098862469570608e-07,0.04434589800443459,21078,24319,0.4003254069200163,0.048933255040125266,0.0003780666605258552,0.05685048322910745,0.04434589800443459
5,random,607.0,12313,0,0.0,0.0,0.0,18,18,6.221822104983048e-05,0.0,0.0,0.0,0.0
5,random_matched,607.0,12313,10,0.08121497604158207,6.31689731228496e-07,0.08869179600886919,29599,33110,0.504304768200114,0.09786651008025053,0.00040512327290451666,0.08121497604158207,0.08869179600886919
5,random,608.0,12313,0,0.0,0.0,0.0,35,35,6.472914320376494e-05,0.0,0.0,0.0,0.0
5,random_matched,608.0,12313,10,0.08121497604158207,6.31689731228496e-07,0.08869179600886919,29599,33110,0.504304768200114,0.09786651008025053,0.00040512327290451666,0.08121497604158207,0.08869179600886919
5,random,609.0,12313,0,0.0,0.0,0.0,11,11,1.5686513671353908e-05,0.0,0.0,0.0,0.0
5,random_matched,609.0,12313,10,0.08121497604158207,6.31689731228496e-07,0.08869179600886919,40048,45855,0.642926916100643,0.09786651008025053,0.00040514104892856685,0.08121497604158207,0.08869179600886919
5,random,610.0,12313,1,0.008121497604158206,0.0,0.0,14,14,0.0004050684416718118,0.0,0.0,0.008121497604158206,0.0
5,random_matched,610.0,12313,10,0.08121497604158207,6.31689731228496e-07,0.08869179600886919,29599,33110,0.504304768200114,0.09786651008025053,0.00040512327290451666,0.08121497604158207,0.08869179600886919
5,random,611.0,12313,0,0.0,0.0,0.0,13,13,1.7332112652884064e-05,0.0,0.0,0.0,0.0
5,random_matched,611.0,12313,7,0.05685048322910745,6.098862469570608e-07,0.04434589800443459,30944,34964,0.5241210967849049,0.048933255040125266,0.0003780666605258552,0.05685048322910745,0.04434589800443459
5,random,612.0,12313,0,0.0,0.0,0.0,38,38,0.004926318569451307,0.0,0.0,0.0,0.0
5,random_matched,612.0,12313,10,0.08121497604158207,6.31689731228496e-07,0.08869179600886919,30182,35210,0.5191312262357544,0.09786651008025053,0.00040514104892856685,0.08121497604158207,0.08869179600886919
5,random,613.0,12313,0,0.0,0.0,0.0,85,88,0.0001923366369913786,0.0,0.0,0.0,0.0
5,random_matched,613.0,12313,10,0.08121497604158207,6.31689731228496e-07,0.08869179600886919,29599,33110,0.504304768200114,0.09786651008025053,0.00040512327290451666,0.08121497604158207,0.08869179600886919
5,random,614.0,12313,0,0.0,0.0,0.0,27,27,0.0009067871368978906,0.0,0.0,0.0,0.0
5,random_matched,614.0,12313,10,0.08121497604158207,6.31689731228496e-07,0.08869179600886919,29599,33110,0.504304768200114,0.09786651008025053,0.00040512327290451666,0.08121497604158207,0.08869179600886919
5,random,615.0,12313,0,0.0,0.0,0.0,113,113,0.003783634346065717,0.0,0.00014274467090335537,0.0,0.0
5,random_matched,615.0,12313,7,0.05685048322910745,6.098862469570608e-07,0.04434589800443459,21078,24319,0.4003254069200163,0.048933255040125266,0.0003780666605258552,0.05685048322910745,0.04434589800443459
5,random,616.0,12313,3,0.02436449281247462,9.3714228190963e-07,0.04434589800443459,14,14,1.7564305454215635e-05,0.029359953024075163,1.0209695384442833e-08,0.02436449281247462,0.04434589800443459
5,random_matched,616.0,12313,10,0.08121497604158207,6.31689731228496e-07,0.08869179600886919,40048,45855,0.642926916100643,0.09786651008025053,0.00040514104892856685,0.08121497604158207,0.08869179600886919
5,random,617.0,12313,0,0.0,0.0,0.0,246,258,0.0003399802096008713,0.0,0.0,0.0,0.0
5,random_matched,617.0,12313,3,0.02436449281247462,2.1803484271435184e-08,0.04434589800443459,29451,34313,0.38128146093906407,0.048933255040125266,2.7092164426761893e-05,0.02436449281247462,0.04434589800443459
5,random,618.0,12313,0,0.0,0.0,0.0,15,15,9.876023813846034e-05,0.0,0.0,0.0,0.0
5,random_matched,618.0,12313,10,0.08121497604158207,6.31689731228496e-07,0.08869179600886919,29599,33110,0.504304768200114,0.09786651008025053,0.00040512327290451666,0.08121497604158207,0.08869179600886919
5,random,619.0,12313,0,0.0,0.0,0.0,11,11,5.6401251393215683e-05,0.0,0.0,0.0,0.0
5,random_matched,619.0,12313,10,0.08121497604158207,6.31689731228496e-07,0.08869179600886919,30182,35210,0.5191312262357544,0.09786651008025053,0.00040514104892856685,0.08121497604158207,0.08869179600886919
5,random,620.0,12313,0,0.0,0.0,0.0,167,170,0.010176527197346096,0.0,0.0,0.0,0.0
5,random_matched,620.0,12313,3,0.02436449281247462,2.1803484271435184e-08,0.04434589800443459,29451,34313,0.38128146093906407,0.048933255040125266,2.7092164426761893e-05,0.02436449281247462,0.04434589800443459
5,random,621.0,12313,1,0.008121497604158206,0.0,0.014781966001478197,1379,1405,0.031561833839144064,0.0,0.0,0.008121497604158206,0.014781966001478197
5,random_matched,621.0,12313,7,0.05685048322910745,6.098862469570608e-07,0.04434589800443459,20463,22187,0.3854411450264677,0.048933255040125266,0.000378048884501805,0.05685048322910745,0.04434589800443459
5,random,622.0,12313,0,0.0,0.0,0.0,29,29,0.009734122963195056,0.0,0.0,0.0,0.0
5,random_matched,622.0,12313,3,0.02436449281247462,2.1803484271435184e-08,0.04434589800443459,29451,34313,0.38128146093906407,0.048933255040125266,2.7092164426761893e-05,0.02436449281247462,0.04434589800443459
5,random,623.0,12313,0,0.0,0.0,0.0,14,14,0.0004563547016449965,0.0,0.0,0.0,0.0
5,random_matched,623.0,12313,10,0.08121497604158207,6.31689731228496e-07,0.08869179600886919,30182,35210,0.5191312262357544,0.09786651008025053,0.00040514104892856685,0.08121497604158207,0.08869179600886919
5,random,624.0,12313,0,0.0,0.0,0.0,22,22,0.0004897918149948902,0.0,0.0,0.0,0.0
5,random_matched,624.0,12313,7,0.05685048322910745,6.098862469570608e-07,0.04434589800443459,30944,34964,0.5241210967849049,0.048933255040125266,0.0003780666605258552,0.05685048322910745,0.04434589800443459
5,random,625.0,12313,0,0.0,0.0,0.0,50,50,5.0248142157929014e-05,0.0,0.0,0.0,0.0
5,random_matched,625.0,12313,3,0.02436449281247462,2.1803484271435184e-08,0.04434589800443459,19585,23668,0.2574857710741753,0.048933255040125266,2.7092164426761893e-05,0.02436449281247462,0.04434589800443459
5,random,626.0,12313,0,0.0,0.0,0.0,19,19,0.0001247401826827982,0.0,0.0,0.0,0.0
5,random_matched,626.0,12313,10,0.08121497604158207,6.31689731228496e-07,0.08869179600886919,30182,35210,0.5191312262357544,0.09786651008025053,0.00040514104892856685,0.08121497604158207,0.08869179600886919
5,random,627.0,12313,0,0.0,0.0,0.0,40,40,3.793922377106112e-05,0.0,0.0,0.0,0.0
5,random_matched,627.0,12313,10,0.08121497604158207,6.31689731228496e-07,0.08869179600886919,30182,35210,0.5191312262357544,0.09786651008025053,0.00040514104892856685,0.08121497604158207,0.08869179600886919
5,random,628.0,12313,0,0.0,0.0,0.0,112,114,0.0004326615862021452,0.0,0.0,0.0,0.0
5,random_matched,628.0,12313,7,0.05685048322910745,6.098862469570608e-07,0.04434589800443459,30944,34964,0.5241210967849049,0.048933255040125266,0.0003780666605258552,0.05685048322910745,0.04434589800443459
5,random,629.0,12313,0,0.0,0.0,0.0,109,119,0.00044856139326076883,0.0,0.0,0.0,0.0
5,random_matched,629.0,12313,7,0.05685048322910745,6.098862469570608e-07,0.04434589800443459,21078,24319,0.4003254069200163,0.048933255040125266,0.0003780666605258552,0.05685048322910745,0.04434589800443459
5,random,630.0,12313,0,0.0,0.0,0.0,10,10,9.197264857395368e-06,0.0,0.0,0.0,0.0
5,random_matched,630.0,12313,3,0.02436449281247462,2.1803484271435184e-08,0.04434589800443459,29451,34313,0.38128146093906407,0.048933255040125266,2.7092164426761893e-05,0.02436449281247462,0.04434589800443459
5,random,631.0,12313,0,0.0,0.0,0.0,65,66,0.00010836789027262778,0.0,0.0,0.0,0.0
5,random_matched,631.0,12313,7,0.05685048322910745,6.098862469570608e-07,0.04434589800443459,21078,24319,0.4003254069200163,0.048933255040125266,0.0003780666605258552,0.05685048322910745,0.04434589800443459
5,random,632.0,12313,0,0.0,0.0,0.0,15,15,0.00076497673344278,0.0,0.0,0.0,0.0
5,random_matched,632.0,12313,10,0.08121497604158207,6.31689731228496e-07,0.08869179600886919,30182,35210,0.5191312262357544,0.09786651008025053,0.00040514104892856685,0.08121497604158207,0.08869179600886919
5,random,633.0,12313,0,0.0,0.0,0.0,14,15,2.813717766368584e-05,0.0,0.0,0.0,0.0
5,random_matched,633.0,12313,7,0.05685048322910745,6.098862469570608e-07,0.04434589800443459,30944,34964,0.5241210967849049,0.048933255040125266,0.0003780666605258552,0.05685048322910745,0.04434589800443459
5,random,634.0,12313,0,0.0,0.0,0.0,14,14,0.00014490585748681582,0.0,0.0,0.0,0.0
5,random_matched,634.0,12313,10,0.08121497604158207,6.31689731228496e-07,0.08869179600886919,29599,33110,0.504304768200114,0.09786651008025053,0.00040512327290451666,0.08121497604158207,0.08869179600886919
5,random,635.0,12313,0,0.0,0.0,0.0,15,15,7.551260888421028e-05,0.0,0.0,0.0,0.0
5,random_matched,635.0,12313,10,0.08121497604158207,6.31689731228496e-07,0.08869179600886919,40048,45855,0.642926916100643,0.09786651008025053,0.00040514104892856685,0.08121497604158207,0.08869179600886919
5,random,636.0,12313,0,0.0,0.0,0.0,85,86,0.0004571228278307969,0.0,0.0,0.0,0.0
5,random_matched,636.0,12313,10,0.08121497604158207,6.31689731228496e-07,0.08869179600886919,30182,35210,0.5191312262357544,0.09786651008025053,0.00040514104892856685,0.08121497604158207,0.08869179600886919
5,random,637.0,12313,0,0.0,0.0,0.0,49,50,0.006367188298198085,0.0,0.0,0.0,0.0
5,random_matched,637.0,12313,10,0.08121497604158207,6.31689731228496e-07,0.08869179600886919,40048,45855,0.642926916100643,0.09786651008025053,0.00040514104892856685,0.08121497604158207,0.08869179600886919
5,random,638.0,12313,0,0.0,0.0,0.0,10,10,1.6620684709269304e-05,0.0,0.0,0.0,0.0
5,random_matched,638.0,12313,7,0.05685048322910745,6.098862469570608e-07,0.04434589800443459,20463,22187,0.3854411450264677,0.048933255040125266,0.000378048884501805,0.05685048322910745,0.04434589800443459
5,random,639.0,12313,0,0.0,0.0,0.0,12,12,9.505460302418612e-05,0.0,0.0,0.0,0.0
5,random_matched,639.0,12313,10,0.08121497604158207,6.31689731228496e-07,0.08869179600886919,29599,33110,0.504304768200114,0.09786651008025053,0.00040512327290451666,0.08121497604158207,0.08869179600886919
5,random,640.0,12313,0,0.0,0.0,0.0,15,15,1.7018922362715897e-05,0.0,0.0,0.0,0.0
5,random_matched,640.0,12313,10,0.08121497604158207,6.31689731228496e-07,0.08869179600886919,40048,45855,0.642926916100643,0.09786651008025053,0.00040514104892856685,0.08121497604158207,0.08869179600886919
5,random,641.0,12313,0,0.0,0.0,0.0,13,13,1.4076013601652943e-05,0.0,0.0,0.0,0.0
5,random_matched,641.0,12313,10,0.08121497604158207,6.31689731228496e-07,0.08869179600886919,29599,33110,0.504304768200114,0.09786651008025053,0.00040512327290451666,0.08121497604158207,0.08869179600886919
5,random,642.0,12313,0,0.0,0.0,0.0,46,46,0.00028888159381015806,0.0,0.0,0.0,0.0
5,random_matched,642.0,12313,10,0.08121497604158207,6.31689731228496e-07,0.08869179600886919,30182,35210,0.5191312262357544,0.09786651008025053,0.00040514104892856685,0.08121497604158207,0.08869179600886919
5,random,643.0,12313,0,0.0,0.0,0.0,48,49,0.003776213626130138,0.0,0.0,0.0,0.0
5,random_matched,643.0,12313,10,0.08121497604158207,6.31689731228496e-07,0.08869179600886919,40048,45855,0.642926916100643,0.09786651008025053,0.00040514104892856685,0.08121497604158207,0.08869179600886919
5,random,644.0,12313,0,0.0,0.0,0.0,42,42,0.00010038558774778135,0.0,0.0,0.0,0.0
5,random_matched,644.0,12313,10,0.08121497604158207,6.31689731228496e-07,0.08869179600886919,40048,45855,0.642926916100643,0.09786651008025053,0.00040514104892856685,0.08121497604158207,0.08869179600886919
5,random,645.0,12313,0,0.0,0.0,0.0,13,13,4.3008316614084694e-05,0.0,0.0,0.0,0.0
5,random_matched,645.0,12313,10,0.08121497604158207,6.31689731228496e-07,0.08869179600886919,40048,45855,0.642926916100643,0.09786651008025053,0.00040514104892856685,0.08121497604158207,0.08869179600886919
5,random,646.0,12313,0,0.0,0.0,0.0,18,18,1.927740234310962e-05,0.0,0.0,0.0,0.0
5,random_matched,646.0,12313,10,0.08121497604158207,6.31689731228496e-07,0.08869179600886919,30182,35210,0.5191312262357544,0.09786651008025053,0.00040514104892856685,0.08121497604158207,0.08869179600886919
5,random,647.0,12313,0,0.0,0.0,0.0,126,126,0.0017421034396045171,0.0,0.0,0.0,0.0
5,random_matched,647.0,12313,3,0.02436449281247462,2.1803484271435184e-08,0.04434589800443459,19585,23668,0.2574857710741753,0.048933255040125266,2.7092164426761893e-05,0.02436449281247462,0.04434589800443459
5,random,648.0,12313,0,0.0,0.0,0.0,29,30,0.0010059010640709374,0.0,0.0,0.0,0.0
5,random_matched,648.0,12313,3,0.02436449281247462,2.1803484271435184e-08,0.04434589800443459,19585,23668,0.2574857710741753,0.048933255040125266,2.7092164426761893e-05,0.02436449281247462,0.04434589800443459
5,random,649.0,12313,0,0.0,0.0,0.0,24,24,5.829389271569745e-05,0.0,0.0,0.0,0.0
5,random_matched,649.0,12313,10,0.08121497604158207,6.31689731228496e-07,0.08869179600886919,29599,33110,0.504304768200114,0.09786651008025053,0.00040512327290451666,0.08121497604158207,0.08869179600886919
5,random,650.0,12313,0,0.0,0.0,0.0,62,62,0.00021752010622882328,0.0,0.0,0.0,0.0
5,random_matched,650.0,12313,10,0.08121497604158207,6.31689731228496e-07,0.08869179600886919,29599,33110,0.504304768200114,0.09786651008025053,0.00040512327290451666,0.08121497604158207,0.08869179600886919
5,random,651.0,12313,0,0.0,0.0,0.0,12,12,7.845416768712596e-05,0.0,0.0,0.0,0.0
5,random_matched,651.0,12313,3,0.02436449281247462,2.1803484271435184e-08,0.04434589800443459,29451,34313,0.38128146093906407,0.048933255040125266,2.7092164426761893e-05,0.02436449281247462,0.04434589800443459
5,random,652.0,12313,3,0.02436449281247462,0.0,0.04434589800443459,28,29,4.6061921943224324e-05,0.0,0.0,0.02436449281247462,0.04434589800443459
5,random_matched,652.0,12313,10,0.08121497604158207,6.31689731228496e-07,0.08869179600886919,30182,35210,0.5191312262357544,0.09786651008025053,0.00040514104892856685,0.08121497604158207,0.08869179600886919
5,random,653.0,12313,0,0.0,0.0,0.0,21,21,2.2444404156620487e-05,0.0,0.0,0.0,0.0
5,random_matched,653.0,12313,3,0.02436449281247462,2.1803484271435184e-08,0.04434589800443459,29451,34313,0.38128146093906407,0.048933255040125266,2.7092164426761893e-05,0.02436449281247462,0.04434589800443459
5,random,654.0,12313,0,0.0,0.0,0.0,133,133,0.0002804200561430284,0.0,0.0,0.0,0.0
5,random_matched,654.0,12313,0,0.0,0.0,0.0,20347,23422,0.262475641623326,0.0,1.777602405020832e-08,0.0,0.0
5,random,655.0,12313,0,0.0,0.0,0.0,26,26,0.0027819586509957553,0.0,0.0,0.0,0.0
5,random_matched,655.0,12313,10,0.08121497604158207,6.31689731228496e-07,0.08869179600886919,29599,33110,0.504304768200114,0.09786651008025053,0.00040512327290451666,0.08121497604158207,0.08869179600886919
5,random,656.0,12313,0,0.0,0.0,0.0,15,16,0.0004917168553129067,0.0,0.0,0.0,0.0
5,random_matched,656.0,12313,10,0.08121497604158207,6.31689731228496e-07,0.08869179600886919,30182,35210,0.5191312262357544,0.09786651008025053,0.00040514104892856685,0.08121497604158207,0.08869179600886919
5,random,657.0,12313,0,0.0,0.0,0.0,66,66,0.0007425903774864925,0.0,0.0,0.0,0.0
5,random_matched,657.0,12313,3,0.02436449281247462,2.1803484271435184e-08,0.04434589800443459,29451,34313,0.38128146093906407,0.048933255040125266,2.7092164426761893e-05,0.02436449281247462,0.04434589800443459
5,random,658.0,12313,0,0.0,0.0,0.0,16,16,6.55728670458128e-05,0.0,0.0,0.0,0.0
5,random_matched,658.0,12313,10,0.08121497604158207,6.31689731228496e-07,0.08869179600886919,29599,33110,0.504304768200114,0.09786651008025053,0.00040512327290451666,0.08121497604158207,0.08869179600886919
5,random,659.0,12313,0,0.0,0.0,0.0,22,22,3.523120772762429e-05,0.0,0.0,0.0,0.0
5,random_matched,659.0,12313,10,0.08121497604158207,6.31689731228496e-07,0.08869179600886919,40048,45855,0.642926916100643,0.09786651008025053,0.00040514104892856685,0.08121497604158207,0.08869179600886919
5,random,660.0,12313,1,0.008121497604158206,5.196157466556983e-08,0.0,90,92,0.00019933212011056584,0.009786651008025053,5.196157466556983e-10,0.008121497604158206,0.0
5,random_matched,660.0,12313,3,0.02436449281247462,2.1803484271435184e-08,0.04434589800443459,29451,34313,0.38128146093906407,0.048933255040125266,2.7092164426761893e-05,0.02436449281247462,0.04434589800443459
5,random,661.0,12313,0,0.0,0.0,0.0,24,24,2.453413936860464e-05,0.0,0.0,0.0,0.0
5,random_matched,661.0,12313,10,0.08121497604158207,6.31689731228496e-07,0.08869179600886919,29599,33110,0.504304768200114,0.09786651008025053,0.00040512327290451666,0.08121497604158207,0.08869179600886919
5,random,662.0,12313,0,0.0,0.0,0.0,27,27,0.00088809021655811,0.0,2.7206759671660708e-05,0.0,0.0
5,random_matched,662.0,12313,3,0.02436449281247462,2.1803484271435184e-08,0.04434589800443459,29451,34313,0.38128146093906407,0.048933255040125266,2.7092164426761893e-05,0.02436449281247462,0.04434589800443459
5,random,663.0,12313,0,0.0,0.0,0.0,13,14,0.0013332443154551526,0.0,0.0,0.0,0.0
5,random_matched,663.0,12313,7,0.05685048322910745,6.098862469570608e-07,0.04434589800443459,30944,34964,0.5241210967849049,0.048933255040125266,0.0003780666605258552,0.05685048322910745,0.04434589800443459
5,random,664.0,12313,0,0.0,0.0,0.0,109,109,0.008308641407369083,0.0,0.0,0.0,0.0
5,random_matched,664.0,12313,10,0.08121497604158207,6.31689731228496e-07,0.08869179600886919,29599,33110,0.504304768200114,0.09786651008025053,0.00040512327290451666,0.08121497604158207,0.08869179600886919
5,random,665.0,12313,0,0.0,0.0,0.0,15,15,0.00016358657832882918,0.0,0.0,0.0,0.0
5,random_matched,665.0,12313,7,0.05685048322910745,6.098862469570608e-07,0.04434589800443459,30944,34964,0.5241210967849049,0.048933255040125266,0.0003780666605258552,0.05685048322910745,0.04434589800443459
5,random,666.0,12313,0,0.0,0.0,0.0,15,15,0.00012911809695441615,0.0,0.0,0.0,0.0
5,random_matched,666.0,12313,7,0.05685048322910745,6.098862469570608e-07,0.04434589800443459,30944,34964,0.5241210967849049,0.048933255040125266,0.0003780666605258552,0.05685048322910745,0.04434589800443459
5,random,667.0,12313,0,0.0,0.0,0.0,13,13,9.08292340232104e-05,0.0,0.0,0.0,0.0
5,random_matched,667.0,12313,10,0.08121497604158207,6.31689731228496e-07,0.08869179600886919,29599,33110,0.504304768200114,0.09786651008025053,0.00040512327290451666,0.08121497604158207,0.08869179600886919
5,random,668.0,12313,0,0.0,0.0,0.0,17,17,2.094595061314348e-05,0.0,0.0,0.0,0.0
5,random_matched,668.0,12313,10,0.08121497604158207,6.31689731228496e-07,0.08869179600886919,29599,33110,0.504304768200114,0.09786651008025053,0.00040512327290451666,0.08121497604158207,0.08869179600886919
5,random,669.0,12313,0,0.0,0.0,0.0,25,26,0.029196767913232117,0.0,0.0,0.0,0.0
5,random_matched,669.0,12313,10,0.08121497604158207,6.31689731228496e-07,0.08869179600886919,40048,45855,0.642926916100643,0.09786651008025053,0.00040514104892856685,0.08121497604158207,0.08869179600886919
5,random,670.0,12313,0,0.0,0.0,0.0,23,23,5.1496853444159855e-05,0.0,0.0,0.0,0.0
5,random_matched,670.0,12313,3,0.02436449281247462,2.1803484271435184e-08,0.04434589800443459,29451,34313,0.38128146093906407,0.048933255040125266,2.7092164426761893e-05,0.02436449281247462,0.04434589800443459
5,random,671.0,12313,0,0.0,0.0,0.0,148,148,0.00036169158648352063,0.0,0.0,0.0,0.0
5,random_matched,671.0,12313,10,0.08121497604158207,6.31689731228496e-07,0.08869179600886919,40048,45855,0.642926916100643,0.09786651008025053,0.00040514104892856685,0.08121497604158207,0.08869179600886919
5,random,672.0,12313,0,0.0,0.0,0.0,33,33,0.0006020651341875891,0.0,0.0,0.0,0.0
5,random_matched,672.0,12313,3,0.02436449281247462,2.1803484271435184e-08,0.04434589800443459,29451,34313,0.38128146093906407,0.048933255040125266,2.7092164426761893e-05,0.02436449281247462,0.04434589800443459
5,random,673.0,12313,0,0.0,0.0,0.0,29,29,0.0001954374908556729,0.0,0.0,0.0,0.0
5,random_matched,673.0,12313,10,0.08121497604158207,6.31689731228496e-07,0.08869179600886919,19733,22465,0.3805090783352253,0.09786651008025053,0.00040512327290451666,0.08121497604158207,0.08869179600886919
5,random,674.0,12313,0,0.0,0.0,0.0,11,12,1.0528323590610079e-05,0.0,0.0,0.0,0.0
5,random_matched,674.0,12313,10,0.08121497604158207,6.31689731228496e-07,0.08869179600886919,40048,45855,0.642926916100643,0.09786651008025053,0.00040514104892856685,0.08121497604158207,0.08869179600886919
5,random,675.0,12313,1,0.008121497604158206,0.0,0.014781966001478197,139,141,0.0037712673794785163,0.0,0.0,0.008121497604158206,0.014781966001478197
5,random_matched,675.0,12313,3,0.02436449281247462,2.1803484271435184e-08,0.04434589800443459,29451,34313,0.38128146093906407,0.048933255040125266,2.7092164426761893e-05,0.02436449281247462,0.04434589800443459
5,random,676.0,12313,0,0.0,0.0,0.0,72,72,0.0035149967246321185,0.0,0.0,0.0,0.0
5,random_matched,676.0,12313,10,0.08121497604158207,6.31689731228496e-07,0.08869179600886919,29599,33110,0.504304768200114,0.09786651008025053,0.00040512327290451666,0.08121497604158207,0.08869179600886919
5,random,677.0,12313,0,0.0,0.0,0.0,10,10,3.3959547152889746e-05,0.0,0.0,0.0,0.0
5,random_matched,677.0,12313,10,0.08121497604158207,6.31689731228496e-07,0.08869179600886919,40048,45855,0.642926916100643,0.09786651008025053,0.00040514104892856685,0.08121497604158207,0.08869179600886919
5,random,678.0,12313,0,0.0,0.0,0.0,23,23,4.399243610344932e-05,0.0,0.0,0.0,0.0
5,random_matched,678.0,12313,10,0.08121497604158207,6.31689731228496e-07,0.08869179600886919,29599,33110,0.504304768200114,0.09786651008025053,0.00040512327290451666,0.08121497604158207,0.08869179600886919
5,random,679.0,12313,0,0.0,0.0,0.0,41,41,0.0009566883398119696,0.0,0.0,0.0,0.0
5,random_matched,679.0,12313,7,0.05685048322910745,6.098862469570608e-07,0.04434589800443459,20463,22187,0.3854411450264677,0.048933255040125266,0.000378048884501805,0.05685048322910745,0.04434589800443459
5,random,680.0,12313,0,0.0,0.0,0.0,11,11,2.588949734847033e-05,0.0,0.0,0.0,0.0
5,random_matched,680.0,12313,10,0.08121497604158207,6.31689731228496e-07,0.08869179600886919,40048,45855,0.642926916100643,0.09786651008025053,0.00040514104892856685,0.08121497604158207,0.08869179600886919
5,random,681.0,12313,0,0.0,0.0,0.0,47,47,8.509056193913765e-05,0.0,0.0,0.0,0.0
5,random_matched,681.0,12313,10,0.08121497604158207,6.31689731228496e-07,0.08869179600886919,30182,35210,0.5191312262357544,0.09786651008025053,0.00040514104892856685,0.08121497604158207,0.08869179600886919
5,random,682.0,12313,0,0.0,0.0,0.0,33,34,0.00015872672899863347,0.0,0.0,0.0,0.0
5,random_matched,682.0,12313,7,0.05685048322910745,6.098862469570608e-07,0.04434589800443459,30944,34964,0.5241210967849049,0.048933255040125266,0.0003780666605258552,0.05685048322910745,0.04434589800443459
5,random,683.0,12313,0,0.0,0.0,0.0,20,20,0.0001997735564247253,0.0,0.0,0.0,0.0
5,random_matched,683.0,12313,3,0.02436449281247462,2.1803484271435184e-08,0.04434589800443459,29451,34313,0.38128146093906407,0.048933255040125266,2.7092164426761893e-05,0.02436449281247462,0.04434589800443459
5,random,684.0,12313,0,0.0,0.0,0.0,18,18,3.6494768553475174e-05,0.0,0.0,0.0,0.0
5,random_matched,684.0,12313,7,0.05685048322910745,6.098862469570608e-07,0.04434589800443459,30944,34964,0.5241210967849049,0.048933255040125266,0.0003780666605258552,0.05685048322910745,0.04434589800443459
5,random,685.0,12313,0,0.0,0.0,0.0,65,65,0.0005821748508456159,0.0,0.0,0.0,0.0
5,random_matched,685.0,12313,10,0.08121497604158207,6.31689731228496e-07,0.08869179600886919,29599,33110,0.504304768200114,0.09786651008025053,0.00040512327290451666,0.08121497604158207,0.08869179600886919
5,random,686.0,12313,0,0.0,0.0,0.0,15,15,0.00010056513218136913,0.0,0.0,0.0,0.0
5,random_matched,686.0,12313,10,0.08121497604158207,6.31689731228496e-07,0.08869179600886919,29599,33110,0.504304768200114,0.09786651008025053,0.00040512327290451666,0.08121497604158207,0.08869179600886919
5,random,687.0,12313,0,0.0,0.0,0.0,11,11,5.352854045581111e-05,0.0,0.0,0.0,0.0
5,random_matched,687.0,12313,3,0.02436449281247462,2.1803484271435184e-08,0.04434589800443459,19585,23668,0.2574857710741753,0.048933255040125266,2.7092164426761893e-05,0.02436449281247462,0.04434589800443459
5,random,688.0,12313,0,0.0,0.0,0.0,13,13,0.015990593093986104,0.0,0.0,0.0,0.0
5,random_matched,688.0,12313,10,0.08121497604158207,6.31689731228496e-07,0.08869179600886919,30182,35210,0.5191312262357544,0.09786651008025053,0.00040514104892856685,0.08121497604158207,0.08869179600886919
5,random,689.0,12313,0,0.0,0.0,0.0,24,24,0.001140385244660778,0.0,0.0,0.0,0.0
5,random_matched,689.0,12313,10,0.08121497604158207,6.31689731228496e-07,0.08869179600886919,29599,33110,0.504304768200114,0.09786651008025053,0.00040512327290451666,0.08121497604158207,0.08869179600886919
5,random,690.0,12313,0,0.0,0.0,0.0,45,51,0.0017327374299787122,0.0,0.0,0.0,0.0
5,random_matched,690.0,12313,10,0.08121497604158207,6.31689731228496e-07,0.08869179600886919,30182,35210,0.5191312262357544,0.09786651008025053,0.00040514104892856685,0.08121497604158207,0.08869179600886919
5,random,691.0,12313,0,0.0,0.0,0.0,67,67,6.531232512338842e-05,0.0,0.0,0.0,0.0
5,random_matched,691.0,12313,3,0.02436449281247462,2.1803484271435184e-08,0.04434589800443459,29451,34313,0.38128146093906407,0.048933255040125266,2.7092164426761893e-05,0.02436449281247462,0.04434589800443459
5,random,692.0,12313,0,0.0,0.0,0.0,47,47,0.0006863781202338955,0.0,0.0,0.0,0.0
5,random_matched,692.0,12313,0,0.0,0.0,0.0,20347,23422,0.262475641623326,0.0,1.777602405020832e-08,0.0,0.0
5,random,693.0,12313,1,0.008121497604158206,0.0,0.014781966001478197,93,94,0.0032370430420241647,0.0,0.0,0.008121497604158206,0.014781966001478197
5,random_matched,693.0,12313,10,0.08121497604158207,6.31689731228496e-07,0.08869179600886919,30182,35210,0.5191312262357544,0.09786651008025053,0.00040514104892856685,0.08121497604158207,0.08869179600886919
5,random,694.0,12313,0,0.0,0.0,0.0,13,13,0.0004314142248740616,0.0,0.0,0.0,0.0
5,random_matched,694.0,12313,7,0.05685048322910745,6.098862469570608e-07,0.04434589800443459,30944,34964,0.5241210967849049,0.048933255040125266,0.0003780666605258552,0.05685048322910745,0.04434589800443459
5,random,695.0,12313,0,0.0,0.0,0.0,52,52,0.00015402617472981642,0.0,0.0,0.0,0.0
5,random_matched,695.0,12313,0,0.0,0.0,0.0,20347,23422,0.262475641623326,0.0,1.777602405020832e-08,0.0,0.0
5,random,696.0,12313,0,0.0,0.0,0.0,16,16,4.0498744418297525e-06,0.0,0.0,0.0,0.0
5,random_matched,696.0,12313,7,0.05685048322910745,6.098862469570608e-07,0.04434589800443459,30944,34964,0.5241210967849049,0.048933255040125266,0.0003780666605258552,0.05685048322910745,0.04434589800443459
5,random,697.0,12313,0,0.0,0.0,0.0,18,18,0.0001000305487550476,0.0,1.013515481689086e-08,0.0,0.0
5,random_matched,697.0,12313,0,0.0,0.0,0.0,20347,23422,0.262475641623326,0.0,1.777602405020832e-08,0.0,0.0
5,random,698.0,12313,0,0.0,0.0,0.0,20,20,6.332653668874456e-06,0.0,0.0,0.0,0.0
5,random_matched,698.0,12313,3,0.02436449281247462,2.1803484271435184e-08,0.04434589800443459,29451,34313,0.38128146093906407,0.048933255040125266,2.7092164426761893e-05,0.02436449281247462,0.04434589800443459
5,random,699.0,12313,0,0.0,0.0,0.0,12,12,6.147439411068109e-05,0.0,0.0,0.0,0.0
5,random_matched,699.0,12313,7,0.05685048322910745,6.098862469570608e-07,0.04434589800443459,30944,34964,0.5241210967849049,0.048933255040125266,0.0003780666605258552,0.05685048322910745,0.04434589800443459
5,random,700.0,12313,0,0.0,0.0,0.0,982,1025,0.0030861676696100917,0.0,0.0,0.0,0.0
5,random_matched,700.0,12313,3,0.02436449281247462,2.1803484271435184e-08,0.04434589800443459,29451,34313,0.38128146093906407,0.048933255040125266,2.7092164426761893e-05,0.02436449281247462,0.04434589800443459
5,random,701.0,12313,0,0.0,0.0,0.0,13,13,0.00012059041133806998,0.0,0.0,0.0,0.0
5,random_matched,701.0,12313,10,0.08121497604158207,6.31689731228496e-07,0.08869179600886919,40048,45855,0.642926916100643,0.09786651008025053,0.00040514104892856685,0.08121497604158207,0.08869179600886919
5,random,702.0,12313,0,0.0,0.0,0.0,15,15,0.0016716882726844232,0.0,0.0,0.0,0.0
5,random_matched,702.0,12313,3,0.02436449281247462,2.1803484271435184e-08,0.04434589800443459,29451,34313,0.38128146093906407,0.048933255040125266,2.7092164426761893e-05,0.02436449281247462,0.04434589800443459
5,random,703.0,12313,0,0.0,0.0,0.0,261,261,0.00023848495625602861,0.0,0.0,0.0,0.0
5,random_matched,703.0,12313,10,0.08121497604158207,6.31689731228496e-07,0.08869179600886919,40048,45855,0.642926916100643,0.09786651008025053,0.00040514104892856685,0.08121497604158207,0.08869179600886919
5,random,704.0,12313,0,0.0,0.0,0.0,13,13,6.161748967429241e-05,0.0,0.0,0.0,0.0
5,random_matched,704.0,12313,7,0.05685048322910745,6.098862469570608e-07,0.04434589800443459,30944,34964,0.5241210967849049,0.048933255040125266,0.0003780666605258552,0.05685048322910745,0.04434589800443459
5,random,705.0,12313,0,0.0,0.0,0.0,16,16,0.0007775232444635687,0.0,0.0,0.0,0.0
5,random_matched,705.0,12313,7,0.05685048322910745,6.098862469570608e-07,0.04434589800443459,30944,34964,0.5241210967849049,0.048933255040125266,0.0003780666605258552,0.05685048322910745,0.04434589800443459
5,random,706.0,12313,0,0.0,0.0,0.0,11,11,0.0008025433687651928,0.0,0.0,0.0,0.0
5,random_matched,706.0,12313,3,0.02436449281247462,2.1803484271435184e-08,0.04434589800443459,29451,34313,0.38128146093906407,0.048933255040125266,2.7092164426761893e-05,0.02436449281247462,0.04434589800443459
5,random,707.0,12313,0,0.0,0.0,0.0,15,15,5.867593087137673e-05,0.0,0.0,0.0,0.0
5,random_matched,707.0,12313,7,0.05685048322910745,6.098862469570608e-07,0.04434589800443459,30944,34964,0.5241210967849049,0.048933255040125266,0.0003780666605258552,0.05685048322910745,0.04434589800443459
5,random,708.0,12313,0,0.0,0.0,0.0,67,67,1.2483062987866573e-05,0.0,0.0,0.0,0.0
5,random_matched,708.0,12313,10,0.08121497604158207,6.31689731228496e-07,0.08869179600886919,40048,45855,0.642926916100643,0.09786651008025053,0.00040514104892856685,0.08121497604158207,0.08869179600886919
5,random,709.0,12313,0,0.0,0.0,0.0,13,13,0.00014007165736141836,0.0,0.0,0.0,0.0
5,random_matched,709.0,12313,10,0.08121497604158207,6.31689731228496e-07,0.08869179600886919,30182,35210,0.5191312262357544,0.09786651008025053,0.00040514104892856685,0.08121497604158207,0.08869179600886919
5,random,710.0,12313,0,0.0,0.0,0.0,21,21,7.137768707910211e-05,0.0,0.0,0.0,0.0
5,random_matched,710.0,12313,3,0.02436449281247462,2.1803484271435184e-08,0.04434589800443459,29451,34313,0.38128146093906407,0.048933255040125266,2.7092164426761893e-05,0.02436449281247462,0.04434589800443459
5,random,711.0,12313,0,0.0,0.0,0.0,444,445,0.0005165560852227958,0.0,0.0,0.0,0.0
5,random_matched,711.0,12313,10,0.08121497604158207,6.31689731228496e-07,0.08869179600886919,40048,45855,0.642926916100643,0.09786651008025053,0.00040514104892856685,0.08121497604158207,0.08869179600886919
5,random,712.0,12313,0,0.0,0.0,0.0,47,48,0.0028355695388985504,0.0,0.0,0.0,0.0
5,random_matched,712.0,12313,7,0.05685048322910745,6.098862469570608e-07,0.04434589800443459,30944,34964,0.5241210967849049,0.048933255040125266,0.0003780666605258552,0.05685048322910745,0.04434589800443459
5,random,713.0,12313,0,0.0,0.0,0.0,20,20,5.1136414618837005e-05,0.0,0.0,0.0,0.0
5,random_matched,713.0,12313,3,0.02436449281247462,2.1803484271435184e-08,0.04434589800443459,29451,34313,0.38128146093906407,0.048933255040125266,2.7092164426761893e-05,0.02436449281247462,0.04434589800443459
5,random,714.0,12313,0,0.0,0.0,0.0,18,18,6.699977280748414e-05,0.0,0.0,0.0,0.0
5,random_matched,714.0,12313,10,0.08121497604158207,6.31689731228496e-07,0.08869179600886919,29599,33110,0.504304768200114,0.09786651008025053,0.00040512327290451666,0.08121497604158207,0.08869179600886919
5,random,715.0,12313,0,0.0,0.0,0.0,154,178,0.00047194941816233564,0.0,0.0,0.0,0.0
5,random_matched,715.0,12313,10,0.08121497604158207,6.31689731228496e-07,0.08869179600886919,30182,35210,0.5191312262357544,0.09786651008025053,0.00040514104892856685,0.08121497604158207,0.08869179600886919
5,random,716.0,12313,0,0.0,0.0,0.0,42,42,8.475847223490761e-05,0.0,0.0,0.0,0.0
5,random_matched,716.0,12313,10,0.08121497604158207,6.31689731228496e-07,0.08869179600886919,30182,35210,0.5191312262357544,0.09786651008025053,0.00040514104892856685,0.08121497604158207,0.08869179600886919
5,random,717.0,12313,0,0.0,0.0,0.0,295,295,0.0013302649578241133,0.0,0.0,0.0,0.0
5,random_matched,717.0,12313,7,0.05685048322910745,6.098862469570608e-07,0.04434589800443459,30944,34964,0.5241210967849049,0.048933255040125266,0.0003780666605258552,0.05685048322910745,0.04434589800443459
5,random,718.0,12313,0,0.0,0.0,0.0,83,83,0.0005471447868819359,0.0,0.0,0.0,0.0
5,random_matched,718.0,12313,10,0.08121497604158207,6.31689731228496e-07,0.08869179600886919,30182,35210,0.5191312262357544,0.09786651008025053,0.00040514104892856685,0.08121497604158207,0.08869179600886919
5,random,719.0,12313,0,0.0,0.0,0.0,18,18,3.999790994565791e-05,0.0,0.0,0.0,0.0
5,random_matched,719.0,12313,3,0.02436449281247462,2.1803484271435184e-08,0.04434589800443459,29451,34313,0.38128146093906407,0.048933255040125266,2.7092164426761893e-05,0.02436449281247462,0.04434589800443459
5,random,720.0,12313,0,0.0,0.0,0.0,174,174,0.001292701022417995,0.0,0.0,0.0,0.0
5,random_matched,720.0,12313,3,0.02436449281247462,2.1803484271435184e-08,0.04434589800443459,29451,34313,0.38128146093906407,0.048933255040125266,2.7092164426761893e-05,0.02436449281247462,0.04434589800443459
5,random,721.0,12313,0,0.0,0.0,0.0,15,15,9.247618296288784e-05,0.0,0.0,0.0,0.0
5,random_matched,721.0,12313,10,0.08121497604158207,6.31689731228496e-07,0.08869179600886919,29599,33110,0.504304768200114,0.09786651008025053,0.00040512327290451666,0.08121497604158207,0.08869179600886919
5,random,722.0,12313,0,0.0,0.0,0.0,26,26,2.2038066754290234e-05,0.0,0.0,0.0,0.0
5,random_matched,722.0,12313,10,0.08121497604158207,6.31689731228496e-07,0.08869179600886919,40048,45855,0.642926916100643,0.09786651008025053,0.00040514104892856685,0.08121497604158207,0.08869179600886919
5,random,723.0,12313,0,0.0,0.0,0.0,23,23,0.008612579084395817,0.0,0.0,0.0,0.0
5,random_matched,723.0,12313,3,0.02436449281247462,2.1803484271435184e-08,0.04434589800443459,29451,34313,0.38128146093906407,0.048933255040125266,2.7092164426761893e-05,0.02436449281247462,0.04434589800443459
5,random,724.0,12313,0,0.0,0.0,0.0,14,14,0.00045671649042846663,0.0,0.0,0.0,0.0
5,random_matched,724.0,12313,10,0.08121497604158207,6.31689731228496e-07,0.08869179600886919,30182,35210,0.5191312262357544,0.09786651008025053,0.00040514104892856685,0.08121497604158207,0.08869179600886919
5,random,725.0,12313,0,0.0,0.0,0.0,40,40,0.002080007413574877,0.0,7.297771218514293e-05,0.0,0.0
5,random_matched,725.0,12313,3,0.02436449281247462,2.1803484271435184e-08,0.04434589800443459,29451,34313,0.38128146093906407,0.048933255040125266,2.7092164426761893e-05,0.02436449281247462,0.04434589800443459
5,random,726.0,12313,0,0.0,0.0,0.0,13,13,2.472313350922336e-05,0.0,0.0,0.0,0.0
5,random_matched,726.0,12313,3,0.02436449281247462,2.1803484271435184e-08,0.04434589800443459,19002,21568,0.24265931303853505,0.048933255040125266,2.7074388402711684e-05,0.02436449281247462,0.04434589800443459
5,random,727.0,12313,0,0.0,0.0,0.0,33,34,0.0030307356881666206,0.0,2.17694254241754e-09,0.0,0.0
5,random_matched,727.0,12313,7,0.05685048322910745,6.098862469570608e-07,0.04434589800443459,20463,22187,0.3854411450264677,0.048933255040125266,0.000378048884501805,0.05685048322910745,0.04434589800443459
5,random,728.0,12313,0,0.0,0.0,0.0,22,23,0.0030013970477518587,0.0,0.0,0.0,0.0
5,random_matched,728.0,12313,10,0.08121497604158207,6.31689731228496e-07,0.08869179600886919,19733,22465,0.3805090783352253,0.09786651008025053,0.00040512327290451666,0.08121497604158207,0.08869179600886919
5,random,729.0,12313,0,0.0,0.0,0.0,20,20,2.5454810825047268e-05,0.0,0.0,0.0,0.0
5,random_matched,729.0,12313,3,0.02436449281247462,2.1803484271435184e-08,0.04434589800443459,19585,23668,0.2574857710741753,0.048933255040125266,2.7092164426761893e-05,0.02436449281247462,0.04434589800443459
5,random,730.0,12313,0,0.0,0.0,0.0,515,515,0.0004949270557871304,0.0,0.0,0.0,0.0
5,random_matched,730.0,12313,10,0.08121497604158207,6.31689731228496e-07,0.08869179600886919,30182,35210,0.5191312262357544,0.09786651008025053,0.00040514104892856685,0.08121497604158207,0.08869179600886919
5,random,731.0,12313,0,0.0,0.0,0.0,16,16,1.1438195381874497e-05,0.0,0.0,0.0,0.0
5,random_matched,731.0,12313,3,0.02436449281247462,2.1803484271435184e-08,0.04434589800443459,19585,23668,0.2574857710741753,0.048933255040125266,2.7092164426761893e-05,0.02436449281247462,0.04434589800443459
5,random,732.0,12313,0,0.0,0.0,0.0,16,16,0.0008880065191529788,0.0,0.0,0.0,0.0
5,random_matched,732.0,12313,3,0.02436449281247462,2.1803484271435184e-08,0.04434589800443459,29451,34313,0.38128146093906407,0.048933255040125266,2.7092164426761893e-05,0.02436449281247462,0.04434589800443459
5,random,733.0,12313,1,0.008121497604158206,4.360696854287037e-08,0.0,24,24,0.017827780835694047,0.009786651008025053,1.0532148911951986e-06,0.008121497604158206,0.0
5,random_matched,733.0,12313,7,0.05685048322910745,6.098862469570608e-07,0.04434589800443459,30944,34964,0.5241210967849049,0.048933255040125266,0.0003780666605258552,0.05685048322910745,0.04434589800443459
5,random,734.0,12313,0,0.0,0.0,0.0,54,54,4.19297000544107e-05,0.0,0.0,0.0,0.0
5,random_matched,734.0,12313,7,0.05685048322910745,6.098862469570608e-07,0.04434589800443459,30944,34964,0.5241210967849049,0.048933255040125266,0.0003780666605258552,0.05685048322910745,0.04434589800443459
5,random,735.0,12313,0,0.0,0.0,0.0,16,16,8.864770165721145e-05,0.0,0.0,0.0,0.0
5,random_matched,735.0,12313,3,0.02436449281247462,2.1803484271435184e-08,0.04434589800443459,29451,34313,0.38128146093906407,0.048933255040125266,2.7092164426761893e-05,0.02436449281247462,0.04434589800443459
5,random,736.0,12313,0,0.0,0.0,0.0,11,11,0.002317757992598787,0.0,0.0,0.0,0.0
5,random_matched,736.0,12313,7,0.05685048322910745,6.098862469570608e-07,0.04434589800443459,30944,34964,0.5241210967849049,0.048933255040125266,0.0003780666605258552,0.05685048322910745,0.04434589800443459
5,random,737.0,12313,0,0.0,0.0,0.0,22,22,8.086249302186739e-06,0.0,0.0,0.0,0.0
5,random_matched,737.0,12313,7,0.05685048322910745,6.098862469570608e-07,0.04434589800443459,30944,34964,0.5241210967849049,0.048933255040125266,0.0003780666605258552,0.05685048322910745,0.04434589800443459
5,random,738.0,12313,0,0.0,0.0,0.0,36,36,4.51007517423634e-05,0.0,0.0,0.0,0.0
5,random_matched,738.0,12313,7,0.05685048322910745,6.098862469570608e-07,0.04434589800443459,20463,22187,0.3854411450264677,0.048933255040125266,0.000378048884501805,0.05685048322910745,0.04434589800443459
5,random,739.0,12313,0,0.0,0.0,0.0,29,29,0.00025112731430527383,0.0,0.0,0.0,0.0
5,random_matched,739.0,12313,10,0.08121497604158207,6.31689731228496e-07,0.08869179600886919,40048,45855,0.642926916100643,0.09786651008025053,0.00040514104892856685,0.08121497604158207,0.08869179600886919
5,random,740.0,12313,2,0.016242995208316412,2.681624794505486e-07,0.029563932002956393,129,130,0.01157264851342695,0.029359953024075163,7.76202911995817e-06,0.016242995208316412,0.029563932002956393
5,random_matched,740.0,12313,10,0.08121497604158207,6.31689731228496e-07,0.08869179600886919,30182,35210,0.5191312262357544,0.09786651008025053,0.00040514104892856685,0.08121497604158207,0.08869179600886919
5,random,741.0,12313,0,0.0,0.0,0.0,11,11,1.085636342039829e-05,0.0,0.0,0.0,0.0
5,random_matched,741.0,12313,7,0.05685048322910745,6.098862469570608e-07,0.04434589800443459,21078,24319,0.4003254069200163,0.048933255040125266,0.0003780666605258552,0.05685048322910745,0.04434589800443459
5,random,742.0,12313,0,0.0,0.0,0.0,13,13,2.6717021692750876e-05,0.0,0.0,0.0,0.0
5,random_matched,742.0,12313,3,0.02436449281247462,2.1803484271435184e-08,0.04434589800443459,29451,34313,0.38128146093906407,0.048933255040125266,2.7092164426761893e-05,0.02436449281247462,0.04434589800443459
5,random,743.0,12313,0,0.0,0.0,0.0,19,19,8.763928292119584e-05,0.0,0.0,0.0,0.0
5,random_matched,743.0,12313,10,0.08121497604158207,6.31689731228496e-07,0.08869179600886919,19733,22465,0.3805090783352253,0.09786651008025053,0.00040512327290451666,0.08121497604158207,0.08869179600886919
5,random,744.0,12313,0,0.0,0.0,0.0,13,13,3.414044154462481e-05,0.0,0.0,0.0,0.0
5,random_matched,744.0,12313,10,0.08121497604158207,6.31689731228496e-07,0.08869179600886919,30182,35210,0.5191312262357544,0.09786651008025053,0.00040514104892856685,0.08121497604158207,0.08869179600886919
5,random,745.0,12313,0,0.0,0.0,0.0,11,11,2.9882673548114465e-05,0.0,0.0,0.0,0.0
5,random_matched,745.0,12313,3,0.02436449281247462,2.1803484271435184e-08,0.04434589800443459,19585,23668,0.2574857710741753,0.048933255040125266,2.7092164426761893e-05,0.02436449281247462,0.04434589800443459
5,random,746.0,12313,0,0.0,0.0,0.0,31,31,5.9332010530953144e-05,0.0,0.0,0.0,0.0
5,random_matched,746.0,12313,10,0.08121497604158207,6.31689731228496e-07,0.08869179600886919,29599,33110,0.504304768200114,0.09786651008025053,0.00040512327290451666,0.08121497604158207,0.08869179600886919
5,random,747.0,12313,0,0.0,0.0,0.0,18,18,0.001166663529955664,0.0,4.5190742087965776e-08,0.0,0.0
5,random_matched,747.0,12313,10,0.08121497604158207,6.31689731228496e-07,0.08869179600886919,40048,45855,0.642926916100643,0.09786651008025053,0.00040514104892856685,0.08121497604158207,0.08869179600886919
5,random,748.0,12313,0,0.0,0.0,0.0,26,26,0.0027535244825396686,0.0,0.0,0.0,0.0
5,random_matched,748.0,12313,0,0.0,0.0,0.0,20347,23422,0.262475641623326,0.0,1.777602405020832e-08,0.0,0.0
5,random,749.0,12313,0,0.0,0.0,0.0,14,14,3.437938413669277e-05,0.0,0.0,0.0,0.0
5,random_matched,749.0,12313,7,0.05685048322910745,6.098862469570608e-07,0.04434589800443459,20463,22187,0.3854411450264677,0.048933255040125266,0.000378048884501805,0.05685048322910745,0.04434589800443459
5,random,750.0,12313,0,0.0,0.0,0.0,14,14,5.225687988107657e-05,0.0,0.0,0.0,0.0
5,random_matched,750.0,12313,10,0.08121497604158207,6.31689731228496e-07,0.08869179600886919,30182,35210,0.5191312262357544,0.09786651008025053,0.00040514104892856685,0.08121497604158207,0.08869179600886919
5,random,751.0,12313,0,0.0,0.0,0.0,27,27,4.053384333012671e-05,0.0,0.0,0.0,0.0
5,random_matched,751.0,12313,10,0.08121497604158207,6.31689731228496e-07,0.08869179600886919,29599,33110,0.504304768200114,0.09786651008025053,0.00040512327290451666,0.08121497604158207,0.08869179600886919
5,random,752.0,12313,0,0.0,0.0,0.0,613,618,0.0010626573544568869,0.0,0.0,0.0,0.0
5,random_matched,752.0,12313,3,0.02436449281247462,2.1803484271435184e-08,0.04434589800443459,29451,34313,0.38128146093906407,0.048933255040125266,2.7092164426761893e-05,0.02436449281247462,0.04434589800443459
5,random,753.0,12313,0,0.0,0.0,0.0,15,15,5.9928692032049395e-05,0.009786651008025053,4.1557710528393004e-08,0.0,0.0
5,random_matched,753.0,12313,10,0.08121497604158207,6.31689731228496e-07,0.08869179600886919,29599,33110,0.504304768200114,0.09786651008025053,0.00040512327290451666,0.08121497604158207,0.08869179600886919
5,random,754.0,12313,0,0.0,0.0,0.0,11,11,2.1248341238133432e-06,0.0,0.0,0.0,0.0
5,random_matched,754.0,12313,10,0.08121497604158207,6.31689731228496e-07,0.08869179600886919,29599,33110,0.504304768200114,0.09786651008025053,0.00040512327290451666,0.08121497604158207,0.08869179600886919
5,random,755.0,12313,0,0.0,0.0,0.0,10,10,6.439300362509306e-06,0.0,0.0,0.0,0.0
5,random_matched,755.0,12313,10,0.08121497604158207,6.31689731228496e-07,0.08869179600886919,29599,33110,0.504304768200114,0.09786651008025053,0.00040512327290451666,0.08121497604158207,0.08869179600886919
5,random,756.0,12313,0,0.0,0.0,0.0,51,51,0.000342145542469103,0.0,0.0,0.0,0.0
5,random_matched,756.0,12313,7,0.05685048322910745,6.098862469570608e-07,0.04434589800443459,21078,24319,0.4003254069200163,0.048933255040125266,0.0003780666605258552,0.05685048322910745,0.04434589800443459
5,random,757.0,12313,0,0.0,0.0,0.0,12,12,3.3661206402341624e-05,0.0,0.0,0.0,0.0
5,random_matched,757.0,12313,7,0.05685048322910745,6.098862469570608e-07,0.04434589800443459,30944,34964,0.5241210967849049,0.048933255040125266,0.0003780666605258552,0.05685048322910745,0.04434589800443459
5,random,758.0,12313,0,0.0,0.0,0.0,24,24,1.881436669859375e-05,0.0,0.0,0.0,0.0
5,random_matched,758.0,12313,7,0.05685048322910745,6.098862469570608e-07,0.04434589800443459,30944,34964,0.5241210967849049,0.048933255040125266,0.0003780666605258552,0.05685048322910745,0.04434589800443459
5,random,759.0,12313,0,0.0,0.0,0.0,18,18,0.00024521044774576054,0.0,0.0,0.0,0.0
5,random_matched,759.0,12313,10,0.08121497604158207,6.31689731228496e-07,0.08869179600886919,29599,33110,0.504304768200114,0.09786651008025053,0.00040512327290451666,0.08121497604158207,0.08869179600886919
5,random,760.0,12313,0,0.0,0.0,0.0,16,16,3.151342299002458e-05,0.0,0.0,0.0,0.0
5,random_matched,760.0,12313,7,0.05685048322910745,6.098862469570608e-07,0.04434589800443459,21078,24319,0.4003254069200163,0.048933255040125266,0.0003780666605258552,0.05685048322910745,0.04434589800443459
5,random,761.0,12313,0,0.0,0.0,0.0,19,19,2.2069115791677595e-05,0.0,0.0,0.0,0.0
5,random_matched,761.0,12313,10,0.08121497604158207,6.31689731228496e-07,0.08869179600886919,30182,35210,0.5191312262357544,0.09786651008025053,0.00040514104892856685,0.08121497604158207,0.08869179600886919
5,random,762.0,12313,0,0.0,0.0,0.0,13,13,0.00019454651847847037,0.0,0.0,0.0,0.0
5,random_matched,762.0,12313,7,0.05685048322910745,6.098862469570608e-07,0.04434589800443459,30944,34964,0.5241210967849049,0.048933255040125266,0.0003780666605258552,0.05685048322910745,0.04434589800443459
5,random,763.0,12313,0,0.0,0.0,0.0,24,24,2.184367278108241e-05,0.0,0.0,0.0,0.0
5,random_matched,763.0,12313,10,0.08121497604158207,6.31689731228496e-07,0.08869179600886919,30182,35210,0.5191312262357544,0.09786651008025053,0.00040514104892856685,0.08121497604158207,0.08869179600886919
5,random,764.0,12313,0,0.0,0.0,0.0,156,156,0.0006434737503971511,0.0,0.0,0.0,0.0
5,random_matched,764.0,12313,3,0.02436449281247462,2.1803484271435184e-08,0.04434589800443459,29451,34313,0.38128146093906407,0.048933255040125266,2.7092164426761893e-05,0.02436449281247462,0.04434589800443459
5,random,765.0,12313,0,0.0,0.0,0.0,27,27,0.0011969457911153725,0.0,0.0,0.0,0.0
5,random_matched,765.0,12313,10,0.08121497604158207,6.31689731228496e-07,0.08869179600886919,30182,35210,0.5191312262357544,0.09786651008025053,0.00040514104892856685,0.08121497604158207,0.08869179600886919
5,random,766.0,12313,0,0.0,0.0,0.0,10,10,4.467011509338217e-06,0.0,0.0,0.0,0.0
5,random_matched,766.0,12313,7,0.05685048322910745,6.098862469570608e-07,0.04434589800443459,20463,22187,0.3854411450264677,0.048933255040125266,0.000378048884501805,0.05685048322910745,0.04434589800443459
5,random,767.0,12313,0,0.0,0.0,0.0,55,55,0.0004475516245666059,0.0,0.0,0.0,0.0
5,random_matched,767.0,12313,10,0.08121497604158207,6.31689731228496e-07,0.08869179600886919,29599,33110,0.504304768200114,0.09786651008025053,0.00040512327290451666,0.08121497604158207,0.08869179600886919
5,random,768.0,12313,0,0.0,0.0,0.0,29,29,7.124269126437444e-05,0.0,0.0,0.0,0.0
5,random_matched,768.0,12313,10,0.08121497604158207,6.31689731228496e-07,0.08869179600886919,29599,33110,0.504304768200114,0.09786651008025053,0.00040512327290451666,0.08121497604158207,0.08869179600886919
5,random,769.0,12313,0,0.0,0.0,0.0,17,19,6.60804513091888e-05,0.0,0.0,0.0,0.0
5,random_matched,769.0,12313,3,0.02436449281247462,2.1803484271435184e-08,0.04434589800443459,19585,23668,0.2574857710741753,0.048933255040125266,2.7092164426761893e-05,0.02436449281247462,0.04434589800443459
5,random,770.0,12313,0,0.0,0.0,0.0,13,13,2.156558140274343e-05,0.0,0.0,0.0,0.0
5,random_matched,770.0,12313,10,0.08121497604158207,6.31689731228496e-07,0.08869179600886919,30182,35210,0.5191312262357544,0.09786651008025053,0.00040514104892856685,0.08121497604158207,0.08869179600886919
5,random,771.0,12313,0,0.0,0.0,0.0,499,503,0.0003680350398175733,0.0,0.0,0.0,0.0
5,random_matched,771.0,12313,7,0.05685048322910745,6.098862469570608e-07,0.04434589800443459,30944,34964,0.5241210967849049,0.048933255040125266,0.0003780666605258552,0.05685048322910745,0.04434589800443459
5,random,772.0,12313,0,0.0,0.0,0.0,14,14,0.0019652920200937548,0.0,0.0,0.0,0.0
5,random_matched,772.0,12313,10,0.08121497604158207,6.31689731228496e-07,0.08869179600886919,40048,45855,0.642926916100643,0.09786651008025053,0.00040514104892856685,0.08121497604158207,0.08869179600886919
5,random,773.0,12313,0,0.0,0.0,0.0,14,14,0.0001489071334353436,0.0,0.0,0.0,0.0
5,random_matched,773.0,12313,0,0.0,0.0,0.0,20347,23422,0.262475641623326,0.0,1.777602405020832e-08,0.0,0.0
5,random,774.0,12313,1,0.008121497604158206,1.4675578852605253e-06,0.014781966001478197,152,152,0.035835674437355886,0.009786651008025053,1.4675578852605252e-08,0.008121497604158206,0.014781966001478197
5,random_matched,774.0,12313,10,0.08121497604158207,6.31689731228496e-07,0.08869179600886919,19733,22465,0.3805090783352253,0.09786651008025053,0.00040512327290451666,0.08121497604158207,0.08869179600886919
5,random,775.0,12313,0,0.0,0.0,0.0,154,155,6.191448046669325e-05,0.0,0.0,0.0,0.0
5,random_matched,775.0,12313,10,0.08121497604158207,6.31689731228496e-07,0.08869179600886919,30182,35210,0.5191312262357544,0.09786651008025053,0.00040514104892856685,0.08121497604158207,0.08869179600886919
5,random,776.0,12313,0,0.0,0.0,0.0,18,18,7.414645123916638e-05,0.0,0.0,0.0,0.0
5,random_matched,776.0,12313,3,0.02436449281247462,2.1803484271435184e-08,0.04434589800443459,29451,34313,0.38128146093906407,0.048933255040125266,2.7092164426761893e-05,0.02436449281247462,0.04434589800443459
5,random,777.0,12313,0,0.0,0.0,0.0,50,50,0.00010928046198018676,0.0,0.0,0.0,0.0
5,random_matched,777.0,12313,10,0.08121497604158207,6.31689731228496e-07,0.08869179600886919,30182,35210,0.5191312262357544,0.09786651008025053,0.00040514104892856685,0.08121497604158207,0.08869179600886919
5,random,778.0,12313,0,0.0,0.0,0.0,15,15,9.788681521717239e-05,0.0,0.0,0.0,0.0
5,random_matched,778.0,12313,10,0.08121497604158207,6.31689731228496e-07,0.08869179600886919,19733,22465,0.3805090783352253,0.09786651008025053,0.00040512327290451666,0.08121497604158207,0.08869179600886919
5,random,779.0,12313,0,0.0,0.0,0.0,54,56,0.004796610540786531,0.0,0.0,0.0,0.0
5,random_matched,779.0,12313,3,0.02436449281247462,2.1803484271435184e-08,0.04434589800443459,29451,34313,0.38128146093906407,0.048933255040125266,2.7092164426761893e-05,0.02436449281247462,0.04434589800443459
5,random,780.0,12313,0,0.0,0.0,0.0,104,104,0.0001548118503715314,0.0,0.0,0.0,0.0
5,random_matched,780.0,12313,10,0.08121497604158207,6.31689731228496e-07,0.08869179600886919,30182,35210,0.5191312262357544,0.09786651008025053,0.00040514104892856685,0.08121497604158207,0.08869179600886919
5,random,781.0,12313,0,0.0,0.0,0.0,14,14,0.00015808819879497166,0.0,2.834971048662697e-07,0.0,0.0
5,random_matched,781.0,12313,7,0.05685048322910745,6.098862469570608e-07,0.04434589800443459,21078,24319,0.4003254069200163,0.048933255040125266,0.0003780666605258552,0.05685048322910745,0.04434589800443459
5,random,782.0,12313,0,0.0,0.0,0.0,281,282,0.0002565298468106747,0.0,0.0,0.0,0.0
5,random_matched,782.0,12313,7,0.05685048322910745,6.098862469570608e-07,0.04434589800443459,30944,34964,0.5241210967849049,0.048933255040125266,0.0003780666605258552,0.05685048322910745,0.04434589800443459
5,random,783.0,12313,0,0.0,0.0,0.0,17,17,3.286473109544844e-05,0.0,0.0,0.0,0.0
5,random_matched,783.0,12313,3,0.02436449281247462,2.1803484271435184e-08,0.04434589800443459,19002,21568,0.24265931303853505,0.048933255040125266,2.7074388402711684e-05,0.02436449281247462,0.04434589800443459
5,random,784.0,12313,0,0.0,0.0,0.0,21,21,0.00012526801631838335,0.0,0.0,0.0,0.0
5,random_matched,784.0,12313,3,0.02436449281247462,2.1803484271435184e-08,0.04434589800443459,29451,34313,0.38128146093906407,0.048933255040125266,2.7092164426761893e-05,0.02436449281247462,0.04434589800443459
5,random,785.0,12313,0,0.0,0.0,0.0,16,16,2.8862105188773367e-05,0.0,0.0,0.0,0.0
5,random_matched,785.0,12313,7,0.05685048322910745,6.098862469570608e-07,0.04434589800443459,30944,34964,0.5241210967849049,0.048933255040125266,0.0003780666605258552,0.05685048322910745,0.04434589800443459
5,random,786.0,12313,0,0.0,0.0,0.0,51,51,0.0003134373325091191,0.0,0.0,0.0,0.0
5,random_matched,786.0,12313,10,0.08121497604158207,6.31689731228496e-07,0.08869179600886919,40048,45855,0.642926916100643,0.09786651008025053,0.00040514104892856685,0.08121497604158207,0.08869179600886919
5,random,787.0,12313,0,0.0,0.0,0.0,13,13,0.0001263601324595301,0.0,0.0,0.0,0.0
5,random_matched,787.0,12313,10,0.08121497604158207,6.31689731228496e-07,0.08869179600886919,30182,35210,0.5191312262357544,0.09786651008025053,0.00040514104892856685,0.08121497604158207,0.08869179600886919
5,random,788.0,12313,0,0.0,0.0,0.0,16,16,2.8057530132996525e-05,0.0,0.0,0.0,0.0
5,random_matched,788.0,12313,10,0.08121497604158207,6.31689731228496e-07,0.08869179600886919,30182,35210,0.5191312262357544,0.09786651008025053,0.00040514104892856685,0.08121497604158207,0.08869179600886919
5,random,789.0,12313,1,0.008121497604158206,2.8324152464761596e-08,0.0,63,63,0.00609719126891018,0.019573302016050106,6.422209794073658e-06,0.008121497604158206,0.0
5,random_matched,789.0,12313,7,0.05685048322910745,6.098862469570608e-07,0.04434589800443459,20463,22187,0.3854411450264677,0.048933255040125266,0.000378048884501805,0.05685048322910745,0.04434589800443459
5,random,790.0,12313,0,0.0,0.0,0.0,14,14,0.00039278922236418403,0.0,9.688427464297758e-07,0.0,0.0
5,random_matched,790.0,12313,3,0.02436449281247462,2.1803484271435184e-08,0.04434589800443459,29451,34313,0.38128146093906407,0.048933255040125266,2.7092164426761893e-05,0.02436449281247462,0.04434589800443459
5,random,791.0,12313,0,0.0,0.0,0.0,14,14,0.00016625274566970044,0.0,0.0,0.0,0.0
5,random_matched,791.0,12313,7,0.05685048322910745,6.098862469570608e-07,0.04434589800443459,30944,34964,0.5241210967849049,0.048933255040125266,0.0003780666605258552,0.05685048322910745,0.04434589800443459
5,random,792.0,12313,0,0.0,0.0,0.0,166,166,0.001859383753565465,0.0,0.0,0.0,0.0
5,random_matched,792.0,12313,3,0.02436449281247462,2.1803484271435184e-08,0.04434589800443459,29451,34313,0.38128146093906407,0.048933255040125266,2.7092164426761893e-05,0.02436449281247462,0.04434589800443459
5,random,793.0,12313,0,0.0,0.0,0.0,305,308,0.0008809354383775441,0.0,0.0,0.0,0.0
5,random_matched,793.0,12313,3,0.02436449281247462,2.1803484271435184e-08,0.04434589800443459,29451,34313,0.38128146093906407,0.048933255040125266,2.7092164426761893e-05,0.02436449281247462,0.04434589800443459
5,random,794.0,12313,0,0.0,0.0,0.0,16,16,3.569964320472926e-05,0.0,0.0,0.0,0.0
5,random_matched,794.0,12313,10,0.08121497604158207,6.31689731228496e-07,0.08869179600886919,40048,45855,0.642926916100643,0.09786651008025053,0.00040514104892856685,0.08121497604158207,0.08869179600886919
5,random,795.0,12313,1,0.008121497604158206,4.974047206221803e-07,0.014781966001478197,271,276,0.01037962705064571,0.009786651008025053,4.9740472062218025e-09,0.008121497604158206,0.014781966001478197
5,random_matched,795.0,12313,10,0.08121497604158207,6.31689731228496e-07,0.08869179600886919,30182,35210,0.5191312262357544,0.09786651008025053,0.00040514104892856685,0.08121497604158207,0.08869179600886919
5,random,796.0,12313,0,0.0,0.0,0.0,10,10,9.797591245489265e-05,0.0,0.0,0.0,0.0
5,random_matched,796.0,12313,0,0.0,0.0,0.0,20347,23422,0.262475641623326,0.0,1.777602405020832e-08,0.0,0.0
5,random,797.0,12313,0,0.0,0.0,0.0,26,26,5.938600885684421e-05,0.0,0.0,0.0,0.0
5,random_matched,797.0,12313,10,0.08121497604158207,6.31689731228496e-07,0.08869179600886919,30182,35210,0.5191312262357544,0.09786651008025053,0.00040514104892856685,0.08121497604158207,0.08869179600886919
5,random,798.0,12313,0,0.0,0.0,0.0,17,17,6.371127476071838e-05,0.0,0.0,0.0,0.0
5,random_matched,798.0,12313,3,0.02436449281247462,2.1803484271435184e-08,0.04434589800443459,29451,34313,0.38128146093906407,0.048933255040125266,2.7092164426761893e-05,0.02436449281247462,0.04434589800443459
5,random,799.0,12313,0,0.0,0.0,0.0,30,30,8.900409060809247e-05,0.0,0.0,0.0,0.0
5,random_matched,799.0,12313,10,0.08121497604158207,6.31689731228496e-07,0.08869179600886919,29599,33110,0.504304768200114,0.09786651008025053,0.00040512327290451666,0.08121497604158207,0.08869179600886919
5,random,800.0,12313,0,0.0,0.0,0.0,18,18,0.00014535539354985891,0.0,0.0,0.0,0.0
5,random_matched,800.0,12313,10,0.08121497604158207,6.31689731228496e-07,0.08869179600886919,40048,45855,0.642926916100643,0.09786651008025053,0.00040514104892856685,0.08121497604158207,0.08869179600886919
5,random,801.0,12313,0,0.0,0.0,0.0,22,22,0.00015564747446469558,0.0,0.0,0.0,0.0
5,random_matched,801.0,12313,10,0.08121497604158207,6.31689731228496e-07,0.08869179600886919,30182,35210,0.5191312262357544,0.09786651008025053,0.00040514104892856685,0.08121497604158207,0.08869179600886919
5,random,802.0,12313,0,0.0,0.0,0.0,45,45,0.0003062825543285532,0.0,0.0,0.0,0.0
5,random_matched,802.0,12313,3,0.02436449281247462,2.1803484271435184e-08,0.04434589800443459,29451,34313,0.38128146093906407,0.048933255040125266,2.7092164426761893e-05,0.02436449281247462,0.04434589800443459
5,random,803.0,12313,0,0.0,0.0,0.0,25,25,2.5816599608517394e-05,0.0,0.0,0.0,0.0
5,random_matched,803.0,12313,10,0.08121497604158207,6.31689731228496e-07,0.08869179600886919,40048,45855,0.642926916100643,0.09786651008025053,0.00040514104892856685,0.08121497604158207,0.08869179600886919
5,random,804.0,12313,0,0.0,0.0,0.0,12,12,0.0013582968387523115,0.0,0.0,0.0,0.0
5,random_matched,804.0,12313,10,0.08121497604158207,6.31689731228496e-07,0.08869179600886919,30182,35210,0.5191312262357544,0.09786651008025053,0.00040514104892856685,0.08121497604158207,0.08869179600886919
5,random,805.0,12313,0,0.0,0.0,0.0,15,15,2.61851381827239e-05,0.0,0.0,0.0,0.0
5,random_matched,805.0,12313,10,0.08121497604158207,6.31689731228496e-07,0.08869179600886919,29599,33110,0.504304768200114,0.09786651008025053,0.00040512327290451666,0.08121497604158207,0.08869179600886919
5,random,806.0,12313,0,0.0,0.0,0.0,21,21,4.101712834685173e-05,0.0,0.0,0.0,0.0
5,random_matched,806.0,12313,0,0.0,0.0,0.0,20347,23422,0.262475641623326,0.0,1.777602405020832e-08,0.0,0.0
5,random,807.0,12313,0,0.0,0.0,0.0,12,12,1.8829216238213796e-05,0.0,0.0,0.0,0.0
5,random_matched,807.0,12313,0,0.0,0.0,0.0,20347,23422,0.262475641623326,0.0,1.777602405020832e-08,0.0,0.0
5,random,808.0,12313,0,0.0,0.0,0.0,14,14,0.04593845477107441,0.0,0.0,0.0,0.0
5,random_matched,808.0,12313,10,0.08121497604158207,6.31689731228496e-07,0.08869179600886919,30182,35210,0.5191312262357544,0.09786651008025053,0.00040514104892856685,0.08121497604158207,0.08869179600886919
5,random,809.0,12313,0,0.0,0.0,0.0,19,19,1.2344017298697084e-05,0.0,0.0,0.0,0.0
5,random_matched,809.0,12313,10,0.08121497604158207,6.31689731228496e-07,0.08869179600886919,40048,45855,0.642926916100643,0.09786651008025053,0.00040514104892856685,0.08121497604158207,0.08869179600886919
5,random,810.0,12313,0,0.0,0.0,0.0,20,20,0.00166543931642068,0.0,0.0,0.0,0.0
5,random_matched,810.0,12313,7,0.05685048322910745,6.098862469570608e-07,0.04434589800443459,30944,34964,0.5241210967849049,0.048933255040125266,0.0003780666605258552,0.05685048322910745,0.04434589800443459
5,random,811.0,12313,0,0.0,0.0,0.0,26,26,0.00012941508774681702,0.0,0.0,0.0,0.0
5,random_matched,811.0,12313,7,0.05685048322910745,6.098862469570608e-07,0.04434589800443459,21078,24319,0.4003254069200163,0.048933255040125266,0.0003780666605258552,0.05685048322910745,0.04434589800443459
5,random,812.0,12313,0,0.0,0.0,0.0,15,15,3.0257961913057357e-05,0.0,0.0,0.0,0.0
5,random_matched,812.0,12313,3,0.02436449281247462,2.1803484271435184e-08,0.04434589800443459,29451,34313,0.38128146093906407,0.048933255040125266,2.7092164426761893e-05,0.02436449281247462,0.04434589800443459
5,random,813.0,12313,0,0.0,0.0,0.0,20,20,0.00010608106117114125,0.0,0.0,0.0,0.0
5,random_matched,813.0,12313,3,0.02436449281247462,2.1803484271435184e-08,0.04434589800443459,29451,34313,0.38128146093906407,0.048933255040125266,2.7092164426761893e-05,0.02436449281247462,0.04434589800443459
5,random,814.0,12313,0,0.0,0.0,0.0,30,30,8.032790959554586e-05,0.0,0.0,0.0,0.0
5,random_matched,814.0,12313,10,0.08121497604158207,6.31689731228496e-07,0.08869179600886919,29599,33110,0.504304768200114,0.09786651008025053,0.00040512327290451666,0.08121497604158207,0.08869179600886919
5,random,815.0,12313,0,0.0,0.0,0.0,31,31,8.909723772025455e-05,0.0,0.0,0.0,0.0
5,random_matched,815.0,12313,10,0.08121497604158207,6.31689731228496e-07,0.08869179600886919,40048,45855,0.642926916100643,0.09786651008025053,0.00040514104892856685,0.08121497604158207,0.08869179600886919
5,random,816.0,12313,0,0.0,0.0,0.0,449,451,0.000672846139765595,0.0,0.0,0.0,0.0
5,random_matched,816.0,12313,7,0.05685048322910745,6.098862469570608e-07,0.04434589800443459,30944,34964,0.5241210967849049,0.048933255040125266,0.0003780666605258552,0.05685048322910745,0.04434589800443459
5,random,817.0,12313,0,0.0,0.0,0.0,13,13,5.904851932002507e-05,0.0,0.0,0.0,0.0
5,random_matched,817.0,12313,3,0.02436449281247462,2.1803484271435184e-08,0.04434589800443459,29451,34313,0.38128146093906407,0.048933255040125266,2.7092164426761893e-05,0.02436449281247462,0.04434589800443459
5,random,818.0,12313,0,0.0,0.0,0.0,20,20,0.0030954783309518584,0.0,0.0,0.0,0.0
5,random_matched,818.0,12313,3,0.02436449281247462,2.1803484271435184e-08,0.04434589800443459,29451,34313,0.38128146093906407,0.048933255040125266,2.7092164426761893e-05,0.02436449281247462,0.04434589800443459
5,random,819.0,12313,0,0.0,0.0,0.0,17,17,1.8691520507191582e-05,0.0,0.0,0.0,0.0
5,random_matched,819.0,12313,10,0.08121497604158207,6.31689731228496e-07,0.08869179600886919,29599,33110,0.504304768200114,0.09786651008025053,0.00040512327290451666,0.08121497604158207,0.08869179600886919
5,random,820.0,12313,0,0.0,0.0,0.0,14,14,0.00026487123820269674,0.0,0.0,0.0,0.0
5,random_matched,820.0,12313,10,0.08121497604158207,6.31689731228496e-07,0.08869179600886919,30182,35210,0.5191312262357544,0.09786651008025053,0.00040514104892856685,0.08121497604158207,0.08869179600886919
5,random,821.0,12313,0,0.0,0.0,0.0,249,250,0.000247150337603397,0.0,0.0,0.0,0.0
5,random_matched,821.0,12313,3,0.02436449281247462,2.1803484271435184e-08,0.04434589800443459,29451,34313,0.38128146093906407,0.048933255040125266,2.7092164426761893e-05,0.02436449281247462,0.04434589800443459
5,random,822.0,12313,0,0.0,0.0,0.0,13,13,7.997152064466484e-06,0.0,0.0,0.0,0.0
5,random_matched,822.0,12313,10,0.08121497604158207,6.31689731228496e-07,0.08869179600886919,30182,35210,0.5191312262357544,0.09786651008025053,0.00040514104892856685,0.08121497604158207,0.08869179600886919
5,random,823.0,12313,0,0.0,0.0,0.0,12,12,3.398114648324617e-05,0.0,0.0,0.0,0.0
5,random_matched,823.0,12313,10,0.08121497604158207,6.31689731228496e-07,0.08869179600886919,40048,45855,0.642926916100643,0.09786651008025053,0.00040514104892856685,0.08121497604158207,0.08869179600886919
5,random,824.0,12313,0,0.0,0.0,0.0,10,10,9.928942173219275e-06,0.0,0.0,0.0,0.0
5,random_matched,824.0,12313,10,0.08121497604158207,6.31689731228496e-07,0.08869179600886919,40048,45855,0.642926916100643,0.09786651008025053,0.00040514104892856685,0.08121497604158207,0.08869179600886919
5,random,825.0,12313,0,0.0,0.0,0.0,18,18,0.00043839620841177614,0.0,0.0,0.0,0.0
5,random_matched,825.0,12313,10,0.08121497604158207,6.31689731228496e-07,0.08869179600886919,30182,35210,0.5191312262357544,0.09786651008025053,0.00040514104892856685,0.08121497604158207,0.08869179600886919
5,random,826.0,12313,0,0.0,0.0,0.0,16,16,2.9844874719990723e-05,0.0,0.0,0.0,0.0
5,random_matched,826.0,12313,10,0.08121497604158207,6.31689731228496e-07,0.08869179600886919,29599,33110,0.504304768200114,0.09786651008025053,0.00040512327290451666,0.08121497604158207,0.08869179600886919
5,random,827.0,12313,0,0.0,0.0,0.0,26,26,0.00011449130042867437,0.0,0.0,0.0,0.0
5,random_matched,827.0,12313,7,0.05685048322910745,6.098862469570608e-07,0.04434589800443459,30944,34964,0.5241210967849049,0.048933255040125266,0.0003780666605258552,0.05685048322910745,0.04434589800443459
5,random,828.0,12313,0,0.0,0.0,0.0,27,27,0.007337311421491752,0.0,0.0,0.0,0.0
5,random_matched,828.0,12313,10,0.08121497604158207,6.31689731228496e-07,0.08869179600886919,30182,35210,0.5191312262357544,0.09786651008025053,0.00040514104892856685,0.08121497604158207,0.08869179600886919
5,random,829.0,12313,0,0.0,0.0,0.0,34,34,0.00016595305496100503,0.0,0.0,0.0,0.0
5,random_matched,829.0,12313,3,0.02436449281247462,2.1803484271435184e-08,0.04434589800443459,19002,21568,0.24265931303853505,0.048933255040125266,2.7074388402711684e-05,0.02436449281247462,0.04434589800443459
5,random,830.0,12313,0,0.0,0.0,0.0,19,19,0.00014800536139296285,0.0,0.0,0.0,0.0
5,random_matched,830.0,12313,7,0.05685048322910745,6.098862469570608e-07,0.04434589800443459,30944,34964,0.5241210967849049,0.048933255040125266,0.0003780666605258552,0.05685048322910745,0.04434589800443459
5,random,831.0,12313,0,0.0,0.0,0.0,178,183,0.00031375052279928727,0.0,0.0,0.0,0.0
5,random_matched,831.0,12313,10,0.08121497604158207,6.31689731228496e-07,0.08869179600886919,40048,45855,0.642926916100643,0.09786651008025053,0.00040514104892856685,0.08121497604158207,0.08869179600886919
5,random,832.0,12313,0,0.0,0.0,0.0,12,12,1.3866770088825071e-05,0.0,0.0,0.0,0.0
5,random_matched,832.0,12313,0,0.0,0.0,0.0,20347,23422,0.262475641623326,0.0,1.777602405020832e-08,0.0,0.0
5,random,833.0,12313,0,0.0,0.0,0.0,17,17,8.592213615786002e-05,0.0,0.0,0.0,0.0
5,random_matched,833.0,12313,10,0.08121497604158207,6.31689731228496e-07,0.08869179600886919,30182,35210,0.5191312262357544,0.09786651008025053,0.00040514104892856685,0.08121497604158207,0.08869179600886919
5,random,834.0,12313,0,0.0,0.0,0.0,94,94,0.002663559221730715,0.0,0.0,0.0,0.0
5,random_matched,834.0,12313,0,0.0,0.0,0.0,20347,23422,0.262475641623326,0.0,1.777602405020832e-08,0.0,0.0
5,random,835.0,12313,0,0.0,0.0,0.0,12,12,0.0014680484361258978,0.0,1.6580629168017408e-08,0.0,0.0
5,random_matched,835.0,12313,7,0.05685048322910745,6.098862469570608e-07,0.04434589800443459,30944,34964,0.5241210967849049,0.048933255040125266,0.0003780666605258552,0.05685048322910745,0.04434589800443459
5,random,836.0,12313,0,0.0,0.0,0.0,462,470,0.021146709639015715,0.0,0.0,0.0,0.0
5,random_matched,836.0,12313,10,0.08121497604158207,6.31689731228496e-07,0.08869179600886919,29599,33110,0.504304768200114,0.09786651008025053,0.00040512327290451666,0.08121497604158207,0.08869179600886919
5,random,837.0,12313,0,0.0,0.0,0.0,22,26,0.004961710422198457,0.0,1.4041681443444804e-05,0.0,0.0
5,random_matched,837.0,12313,10,0.08121497604158207,6.31689731228496e-07,0.08869179600886919,29599,33110,0.504304768200114,0.09786651008025053,0.00040512327290451666,0.08121497604158207,0.08869179600886919
5,random,838.0,12313,0,0.0,0.0,0.0,14,14,0.00011649328836108555,0.0,0.0,0.0,0.0
5,random_matched,838.0,12313,3,0.02436449281247462,2.1803484271435184e-08,0.04434589800443459,19002,21568,0.24265931303853505,0.048933255040125266,2.7074388402711684e-05,0.02436449281247462,0.04434589800443459
5,random,839.0,12313,0,0.0,0.0,0.0,25,25,0.0008370226498047841,0.0,0.0,0.0,0.0
5,random_matched,839.0,12313,7,0.05685048322910745,6.098862469570608e-07,0.04434589800443459,30944,34964,0.5241210967849049,0.048933255040125266,0.0003780666605258552,0.05685048322910745,0.04434589800443459
5,random,840.0,12313,0,0.0,0.0,0.0,17,21,8.343956312501839e-05,0.0,0.0,0.0,0.0
5,random_matched,840.0,12313,3,0.02436449281247462,2.1803484271435184e-08,0.04434589800443459,29451,34313,0.38128146093906407,0.048933255040125266,2.7092164426761893e-05,0.02436449281247462,0.04434589800443459
5,random,841.0,12313,0,0.0,0.0,0.0,11,11,6.508013232205684e-05,0.0,0.0,0.0,0.0
5,random_matched,841.0,12313,7,0.05685048322910745,6.098862469570608e-07,0.04434589800443459,30944,34964,0.5241210967849049,0.048933255040125266,0.0003780666605258552,0.05685048322910745,0.04434589800443459
5,random,842.0,12313,0,0.0,0.0,0.0,562,567,0.006236497500002092,0.0,0.0,0.0,0.0
5,random_matched,842.0,12313,7,0.05685048322910745,6.098862469570608e-07,0.04434589800443459,30944,34964,0.5241210967849049,0.048933255040125266,0.0003780666605258552,0.05685048322910745,0.04434589800443459
5,random,843.0,12313,0,0.0,0.0,0.0,20,20,0.00010992574197458496,0.0,0.0,0.0,0.0
5,random_matched,843.0,12313,0,0.0,0.0,0.0,20347,23422,0.262475641623326,0.0,1.777602405020832e-08,0.0,0.0
5,random,844.0,12313,0,0.0,0.0,0.0,94,95,0.03089138252513174,0.0,0.0,0.0,0.0
5,random_matched,844.0,12313,3,0.02436449281247462,2.1803484271435184e-08,0.04434589800443459,29451,34313,0.38128146093906407,0.048933255040125266,2.7092164426761893e-05,0.02436449281247462,0.04434589800443459
5,random,845.0,12313,0,0.0,0.0,0.0,1953,2153,0.01039775428864734,0.0,0.0,0.0,0.0
5,random_matched,845.0,12313,3,0.02436449281247462,2.1803484271435184e-08,0.04434589800443459,19585,23668,0.2574857710741753,0.048933255040125266,2.7092164426761893e-05,0.02436449281247462,0.04434589800443459
5,random,846.0,12313,0,0.0,0.0,0.0,14,14,2.0307420409481656e-05,0.0,0.0,0.0,0.0
5,random_matched,846.0,12313,10,0.08121497604158207,6.31689731228496e-07,0.08869179600886919,40048,45855,0.642926916100643,0.09786651008025053,0.00040514104892856685,0.08121497604158207,0.08869179600886919
5,random,847.0,12313,0,0.0,0.0,0.0,14,14,1.4782041712678596e-05,0.0,0.0,0.0,0.0
5,random_matched,847.0,12313,7,0.05685048322910745,6.098862469570608e-07,0.04434589800443459,30944,34964,0.5241210967849049,0.048933255040125266,0.0003780666605258552,0.05685048322910745,0.04434589800443459
5,random,848.0,12313,0,0.0,0.0,0.0,22,22,9.085353326986138e-05,0.0,0.0,0.0,0.0
5,random_matched,848.0,12313,7,0.05685048322910745,6.098862469570608e-07,0.04434589800443459,21078,24319,0.4003254069200163,0.048933255040125266,0.0003780666605258552,0.05685048322910745,0.04434589800443459
5,random,849.0,12313,0,0.0,0.0,0.0,24,24,3.012971588906608e-05,0.0,0.0,0.0,0.0
5,random_matched,849.0,12313,10,0.08121497604158207,6.31689731228496e-07,0.08869179600886919,19733,22465,0.3805090783352253,0.09786651008025053,0.00040512327290451666,0.08121497604158207,0.08869179600886919
5,random,850.0,12313,0,0.0,0.0,0.0,19,19,0.00010576112109023671,0.0,0.0,0.0,0.0
5,random_matched,850.0,12313,3,0.02436449281247462,2.1803484271435184e-08,0.04434589800443459,29451,34313,0.38128146093906407,0.048933255040125266,2.7092164426761893e-05,0.02436449281247462,0.04434589800443459
5,random,851.0,12313,0,0.0,0.0,0.0,25,25,0.0028101363274038596,0.0,0.0,0.0,0.0
5,random_matched,851.0,12313,3,0.02436449281247462,2.1803484271435184e-08,0.04434589800443459,29451,34313,0.38128146093906407,0.048933255040125266,2.7092164426761893e-05,0.02436449281247462,0.04434589800443459
5,random,852.0,12313,0,0.0,0.0,0.0,57,57,9.341575383339234e-05,0.0,0.0,0.0,0.0
5,random_matched,852.0,12313,10,0.08121497604158207,6.31689731228496e-07,0.08869179600886919,30182,35210,0.5191312262357544,0.09786651008025053,0.00040514104892856685,0.08121497604158207,0.08869179600886919
5,random,853.0,12313,0,0.0,0.0,0.0,2515,2709,0.008563765947748443,0.0,0.0,0.0,0.0
5,random_matched,853.0,12313,7,0.05685048322910745,6.098862469570608e-07,0.04434589800443459,30944,34964,0.5241210967849049,0.048933255040125266,0.0003780666605258552,0.05685048322910745,0.04434589800443459
5,random,854.0,12313,0,0.0,0.0,0.0,125,125,0.0002098226448730522,0.0,0.0,0.0,0.0
5,random_matched,854.0,12313,10,0.08121497604158207,6.31689731228496e-07,0.08869179600886919,30182,35210,0.5191312262357544,0.09786651008025053,0.00040514104892856685,0.08121497604158207,0.08869179600886919
5,random,855.0,12313,0,0.0,0.0,0.0,29,29,5.051138399664795e-05,0.0,0.0,0.0,0.0
5,random_matched,855.0,12313,10,0.08121497604158207,6.31689731228496e-07,0.08869179600886919,40048,45855,0.642926916100643,0.09786651008025053,0.00040514104892856685,0.08121497604158207,0.08869179600886919
5,random,856.0,12313,0,0.0,0.0,0.0,500,501,0.009675789921693087,0.0,0.00010264709402052962,0.0,0.0
5,random_matched,856.0,12313,10,0.08121497604158207,6.31689731228496e-07,0.08869179600886919,29599,33110,0.504304768200114,0.09786651008025053,0.00040512327290451666,0.08121497604158207,0.08869179600886919
5,random,857.0,12313,0,0.0,0.0,0.0,11,13,1.802599114058423e-05,0.0,0.0,0.0,0.0
5,random_matched,857.0,12313,7,0.05685048322910745,6.098862469570608e-07,0.04434589800443459,30944,34964,0.5241210967849049,0.048933255040125266,0.0003780666605258552,0.05685048322910745,0.04434589800443459
5,random,858.0,12313,0,0.0,0.0,0.0,16,16,4.789921498166776e-05,0.0,0.0,0.0,0.0
5,random_matched,858.0,12313,10,0.08121497604158207,6.31689731228496e-07,0.08869179600886919,29599,33110,0.504304768200114,0.09786651008025053,0.00040512327290451666,0.08121497604158207,0.08869179600886919
5,random,859.0,12313,0,0.0,0.0,0.0,24,24,0.00014037809786085015,0.0,0.0,0.0,0.0
5,random_matched,859.0,12313,10,0.08121497604158207,6.31689731228496e-07,0.08869179600886919,29599,33110,0.504304768200114,0.09786651008025053,0.00040512327290451666,0.08121497604158207,0.08869179600886919
5,random,860.0,12313,0,0.0,0.0,0.0,15,15,2.2708995953486698e-05,0.0,0.0,0.0,0.0
5,random_matched,860.0,12313,7,0.05685048322910745,6.098862469570608e-07,0.04434589800443459,30944,34964,0.5241210967849049,0.048933255040125266,0.0003780666605258552,0.05685048322910745,0.04434589800443459
5,random,861.0,12313,0,0.0,0.0,0.0,20,20,2.4238498534351066e-05,0.0,0.0,0.0,0.0
5,random_matched,861.0,12313,10,0.08121497604158207,6.31689731228496e-07,0.08869179600886919,29599,33110,0.504304768200114,0.09786651008025053,0.00040512327290451666,0.08121497604158207,0.08869179600886919
5,random,862.0,12313,0,0.0,0.0,0.0,13,13,2.469073451368872e-05,0.0,0.0,0.0,0.0
5,random_matched,862.0,12313,7,0.05685048322910745,6.098862469570608e-07,0.04434589800443459,30944,34964,0.5241210967849049,0.048933255040125266,0.0003780666605258552,0.05685048322910745,0.04434589800443459
5,random,863.0,12313,0,0.0,0.0,0.0,32,32,0.0002802823604120062,0.0,0.0,0.0,0.0
5,random_matched,863.0,12313,7,0.05685048322910745,6.098862469570608e-07,0.04434589800443459,30944,34964,0.5241210967849049,0.048933255040125266,0.0003780666605258552,0.05685048322910745,0.04434589800443459
5,random,864.0,12313,0,0.0,0.0,0.0,135,137,0.0009113540453101274,0.009786651008025053,1.0732642563263172e-06,0.0,0.0
5,random_matched,864.0,12313,3,0.02436449281247462,2.1803484271435184e-08,0.04434589800443459,29451,34313,0.38128146093906407,0.048933255040125266,2.7092164426761893e-05,0.02436449281247462,0.04434589800443459
5,random,865.0,12313,0,0.0,0.0,0.0,13,13,1.1546192033656623e-05,0.0,0.0,0.0,0.0
5,random_matched,865.0,12313,7,0.05685048322910745,6.098862469570608e-07,0.04434589800443459,30944,34964,0.5241210967849049,0.048933255040125266,0.0003780666605258552,0.05685048322910745,0.04434589800443459
5,random,866.0,12313,0,0.0,0.0,0.0,54,54,0.000602908858029637,0.0,0.0,0.0,0.0
5,random_matched,866.0,12313,10,0.08121497604158207,6.31689731228496e-07,0.08869179600886919,30182,35210,0.5191312262357544,0.09786651008025053,0.00040514104892856685,0.08121497604158207,0.08869179600886919
5,random,867.0,12313,0,0.0,0.0,0.0,40,40,3.808501925096699e-05,0.0,0.0,0.0,0.0
5,random_matched,867.0,12313,7,0.05685048322910745,6.098862469570608e-07,0.04434589800443459,30944,34964,0.5241210967849049,0.048933255040125266,0.0003780666605258552,0.05685048322910745,0.04434589800443459
5,random,868.0,12313,0,0.0,0.0,0.0,15,15,1.772900034818338e-05,0.0,0.0,0.0,0.0
5,random_matched,868.0,12313,10,0.08121497604158207,6.31689731228496e-07,0.08869179600886919,40048,45855,0.642926916100643,0.09786651008025053,0.00040514104892856685,0.08121497604158207,0.08869179600886919
5,random,869.0,12313,0,0.0,0.0,0.0,17,17,2.1845022739229684e-05,0.0,0.0,0.0,0.0
5,random_matched,869.0,12313,3,0.02436449281247462,2.1803484271435184e-08,0.04434589800443459,29451,34313,0.38128146093906407,0.048933255040125266,2.7092164426761893e-05,0.02436449281247462,0.04434589800443459
5,random,870.0,12313,0,0.0,0.0,0.0,174,398,0.003685099550937852,0.0,0.0,0.0,0.0
5,random_matched,870.0,12313,10,0.08121497604158207,6.31689731228496e-07,0.08869179600886919,40048,45855,0.642926916100643,0.09786651008025053,0.00040514104892856685,0.08121497604158207,0.08869179600886919
5,random,871.0,12313,0,0.0,0.0,0.0,15,15,0.00010043958607367241,0.0,0.0,0.0,0.0
5,random_matched,871.0,12313,7,0.05685048322910745,6.098862469570608e-07,0.04434589800443459,20463,22187,0.3854411450264677,0.048933255040125266,0.000378048884501805,0.05685048322910745,0.04434589800443459
5,random,872.0,12313,0,0.0,0.0,0.0,16,16,3.257044021934214e-05,0.0,0.0,0.0,0.0
5,random_matched,872.0,12313,7,0.05685048322910745,6.098862469570608e-07,0.04434589800443459,30944,34964,0.5241210967849049,0.048933255040125266,0.0003780666605258552,0.05685048322910745,0.04434589800443459
5,random,873.0,12313,0,0.0,0.0,0.0,30,30,0.00014339390436186603,0.0,0.0,0.0,0.0
5,random_matched,873.0,12313,10,0.08121497604158207,6.31689731228496e-07,0.08869179600886919,30182,35210,0.5191312262357544,0.09786651008025053,0.00040514104892856685,0.08121497604158207,0.08869179600886919
5,random,874.0,12313,0,0.0,0.0,0.0,35,36,0.024525131097887863,0.0,0.0,0.0,0.0
5,random_matched,874.0,12313,3,0.02436449281247462,2.1803484271435184e-08,0.04434589800443459,29451,34313,0.38128146093906407,0.048933255040125266,2.7092164426761893e-05,0.02436449281247462,0.04434589800443459
5,random,875.0,12313,0,0.0,0.0,0.0,18,18,0.002949280563518099,0.0,0.0,0.0,0.0
5,random_matched,875.0,12313,3,0.02436449281247462,2.1803484271435184e-08,0.04434589800443459,29451,34313,0.38128146093906407,0.048933255040125266,2.7092164426761893e-05,0.02436449281247462,0.04434589800443459
5,random,876.0,12313,0,0.0,0.0,0.0,103,105,0.004881490509254694,0.0,0.0,0.0,0.0
5,random_matched,876.0,12313,3,0.02436449281247462,2.1803484271435184e-08,0.04434589800443459,29451,34313,0.38128146093906407,0.048933255040125266,2.7092164426761893e-05,0.02436449281247462,0.04434589800443459
5,random,877.0,12313,0,0.0,0.0,0.0,38,38,0.00015827314306114855,0.0,0.0,0.0,0.0
5,random_matched,877.0,12313,3,0.02436449281247462,2.1803484271435184e-08,0.04434589800443459,29451,34313,0.38128146093906407,0.048933255040125266,2.7092164426761893e-05,0.02436449281247462,0.04434589800443459
5,random,878.0,12313,0,0.0,0.0,0.0,43,43,0.00015780065770960175,0.0,0.0,0.0,0.0
5,random_matched,878.0,12313,7,0.05685048322910745,6.098862469570608e-07,0.04434589800443459,30944,34964,0.5241210967849049,0.048933255040125266,0.0003780666605258552,0.05685048322910745,0.04434589800443459
5,random,879.0,12313,0,0.0,0.0,0.0,218,218,0.000221047546867657,0.0,0.0,0.0,0.0
5,random_matched,879.0,12313,3,0.02436449281247462,2.1803484271435184e-08,0.04434589800443459,19002,21568,0.24265931303853505,0.048933255040125266,2.7074388402711684e-05,0.02436449281247462,0.04434589800443459
5,random,880.0,12313,0,0.0,0.0,0.0,51,51,0.007078821435451231,0.0,0.0,0.0,0.0
5,random_matched,880.0,12313,3,0.02436449281247462,2.1803484271435184e-08,0.04434589800443459,29451,34313,0.38128146093906407,0.048933255040125266,2.7092164426761893e-05,0.02436449281247462,0.04434589800443459
5,random,881.0,12313,0,0.0,0.0,0.0,19,19,6.287295075125963e-05,0.0,0.0,0.0,0.0
5,random_matched,881.0,12313,10,0.08121497604158207,6.31689731228496e-07,0.08869179600886919,30182,35210,0.5191312262357544,0.09786651008025053,0.00040514104892856685,0.08121497604158207,0.08869179600886919
5,random,882.0,12313,0,0.0,0.0,0.0,39,39,3.364095703013247e-05,0.0,0.0,0.0,0.0
5,random_matched,882.0,12313,3,0.02436449281247462,2.1803484271435184e-08,0.04434589800443459,29451,34313,0.38128146093906407,0.048933255040125266,2.7092164426761893e-05,0.02436449281247462,0.04434589800443459
5,random,883.0,12313,0,0.0,0.0,0.0,25,25,0.00028711584855352026,0.0,0.0,0.0,0.0
5,random_matched,883.0,12313,10,0.08121497604158207,6.31689731228496e-07,0.08869179600886919,40048,45855,0.642926916100643,0.09786651008025053,0.00040514104892856685,0.08121497604158207,0.08869179600886919
5,random,884.0,12313,0,0.0,0.0,0.0,43,46,0.00015890222355777943,0.0,0.0,0.0,0.0
5,random_matched,884.0,12313,10,0.08121497604158207,6.31689731228496e-07,0.08869179600886919,29599,33110,0.504304768200114,0.09786651008025053,0.00040512327290451666,0.08121497604158207,0.08869179600886919
5,random,885.0,12313,0,0.0,0.0,0.0,16,16,0.000608492284926773,0.0,0.0,0.0,0.0
5,random_matched,885.0,12313,7,0.05685048322910745,6.098862469570608e-07,0.04434589800443459,30944,34964,0.5241210967849049,0.048933255040125266,0.0003780666605258552,0.05685048322910745,0.04434589800443459
5,random,886.0,12313,0,0.0,0.0,0.0,14,14,8.683875773986082e-05,0.0,0.0,0.0,0.0
5,random_matched,886.0,12313,10,0.08121497604158207,6.31689731228496e-07,0.08869179600886919,30182,35210,0.5191312262357544,0.09786651008025053,0.00040514104892856685,0.08121497604158207,0.08869179600886919
5,random,887.0,12313,0,0.0,0.0,0.0,21,21,0.00012848901645778527,0.0,0.0,0.0,0.0
5,random_matched,887.0,12313,7,0.05685048322910745,6.098862469570608e-07,0.04434589800443459,20463,22187,0.3854411450264677,0.048933255040125266,0.000378048884501805,0.05685048322910745,0.04434589800443459
5,random,888.0,12313,1,0.008121497604158206,9.373460527906715e-07,0.014781966001478197,818,824,0.07281195146263426,0.009786651008025053,9.485437098500332e-09,0.008121497604158206,0.014781966001478197
5,random_matched,888.0,12313,3,0.02436449281247462,2.1803484271435184e-08,0.04434589800443459,29451,34313,0.38128146093906407,0.048933255040125266,2.7092164426761893e-05,0.02436449281247462,0.04434589800443459
5,random,889.0,12313,0,0.0,0.0,0.0,17,17,0.0001868936057415594,0.0,0.0,0.0,0.0
5,random_matched,889.0,12313,7,0.05685048322910745,6.098862469570608e-07,0.04434589800443459,21078,24319,0.4003254069200163,0.048933255040125266,0.0003780666605258552,0.05685048322910745,0.04434589800443459
5,random,890.0,12313,0,0.0,0.0,0.0,12,12,0.00015266541691736163,0.0,0.0,0.0,0.0
5,random_matched,890.0,12313,10,0.08121497604158207,6.31689731228496e-07,0.08869179600886919,40048,45855,0.642926916100643,0.09786651008025053,0.00040514104892856685,0.08121497604158207,0.08869179600886919
5,random,891.0,12313,0,0.0,0.0,0.0,19,20,8.076664599341075e-05,0.0,0.0,0.0,0.0
5,random_matched,891.0,12313,3,0.02436449281247462,2.1803484271435184e-08,0.04434589800443459,29451,34313,0.38128146093906407,0.048933255040125266,2.7092164426761893e-05,0.02436449281247462,0.04434589800443459
5,random,892.0,12313,0,0.0,0.0,0.0,20,21,7.088495235534615e-05,0.0,0.0,0.0,0.0
5,random_matched,892.0,12313,3,0.02436449281247462,2.1803484271435184e-08,0.04434589800443459,19002,21568,0.24265931303853505,0.048933255040125266,2.7074388402711684e-05,0.02436449281247462,0.04434589800443459
5,random,893.0,12313,0,0.0,0.0,0.0,14,14,0.0005044753097628176,0.0,0.0,0.0,0.0
5,random_matched,893.0,12313,10,0.08121497604158207,6.31689731228496e-07,0.08869179600886919,29599,33110,0.504304768200114,0.09786651008025053,0.00040512327290451666,0.08121497604158207,0.08869179600886919
5,random,894.0,12313,0,0.0,0.0,0.0,19,19,0.0001426014789294147,0.0,0.0,0.0,0.0
5,random_matched,894.0,12313,7,0.05685048322910745,6.098862469570608e-07,0.04434589800443459,30944,34964,0.5241210967849049,0.048933255040125266,0.0003780666605258552,0.05685048322910745,0.04434589800443459
5,random,895.0,12313,0,0.0,0.0,0.0,12,12,5.6243306289984325e-05,0.0,0.0,0.0,0.0
5,random_matched,895.0,12313,7,0.05685048322910745,6.098862469570608e-07,0.04434589800443459,21078,24319,0.4003254069200163,0.048933255040125266,0.0003780666605258552,0.05685048322910745,0.04434589800443459
5,random,896.0,12313,0,0.0,0.0,0.0,17,17,0.0004521941306350901,0.0,0.0,0.0,0.0
5,random_matched,896.0,12313,0,0.0,0.0,0.0,20347,23422,0.262475641623326,0.0,1.777602405020832e-08,0.0,0.0
5,random,897.0,12313,0,0.0,0.0,0.0,11,11,5.1629149342592956e-05,0.0,0.0,0.0,0.0
5,random_matched,897.0,12313,10,0.08121497604158207,6.31689731228496e-07,0.08869179600886919,29599,33110,0.504304768200114,0.09786651008025053,0.00040512327290451666,0.08121497604158207,0.08869179600886919
5,random,898.0,12313,0,0.0,0.0,0.0,15,15,8.726534451440023e-05,0.0,0.0,0.0,0.0
5,random_matched,898.0,12313,10,0.08121497604158207,6.31689731228496e-07,0.08869179600886919,40048,45855,0.642926916100643,0.09786651008025053,0.00040514104892856685,0.08121497604158207,0.08869179600886919
5,random,899.0,12313,0,0.0,0.0,0.0,19,19,4.560023625685573e-05,0.0,0.0,0.0,0.0
5,random_matched,899.0,12313,3,0.02436449281247462,2.1803484271435184e-08,0.04434589800443459,19585,23668,0.2574857710741753,0.048933255040125266,2.7092164426761893e-05,0.02436449281247462,0.04434589800443459
5,random,900.0,12313,0,0.0,0.0,0.0,19,19,0.005955932998337305,0.0,0.0,0.0,0.0
5,random_matched,900.0,12313,3,0.02436449281247462,2.1803484271435184e-08,0.04434589800443459,29451,34313,0.38128146093906407,0.048933255040125266,2.7092164426761893e-05,0.02436449281247462,0.04434589800443459
5,random,901.0,12313,0,0.0,0.0,0.0,15,15,9.641806075293546e-05,0.0,0.0,0.0,0.0
5,random_matched,901.0,12313,3,0.02436449281247462,2.1803484271435184e-08,0.04434589800443459,29451,34313,0.38128146093906407,0.048933255040125266,2.7092164426761893e-05,0.02436449281247462,0.04434589800443459
5,random,902.0,12313,0,0.0,0.0,0.0,14,14,0.0003554453301360719,0.0,0.0,0.0,0.0
5,random_matched,902.0,12313,10,0.08121497604158207,6.31689731228496e-07,0.08869179600886919,19733,22465,0.3805090783352253,0.09786651008025053,0.00040512327290451666,0.08121497604158207,0.08869179600886919
5,random,903.0,12313,0,0.0,0.0,0.0,20,20,0.0017138218164190727,0.0,0.0,0.0,0.0
5,random_matched,903.0,12313,10,0.08121497604158207,6.31689731228496e-07,0.08869179600886919,30182,35210,0.5191312262357544,0.09786651008025053,0.00040514104892856685,0.08121497604158207,0.08869179600886919
5,random,904.0,12313,0,0.0,0.0,0.0,271,271,0.0004658624568762655,0.0,0.0,0.0,0.0
5,random_matched,904.0,12313,10,0.08121497604158207,6.31689731228496e-07,0.08869179600886919,30182,35210,0.5191312262357544,0.09786651008025053,0.00040514104892856685,0.08121497604158207,0.08869179600886919
5,random,905.0,12313,0,0.0,0.0,0.0,12,12,5.49702957571025e-06,0.0,0.0,0.0,0.0
5,random_matched,905.0,12313,7,0.05685048322910745,6.098862469570608e-07,0.04434589800443459,30944,34964,0.5241210967849049,0.048933255040125266,0.0003780666605258552,0.05685048322910745,0.04434589800443459
5,random,906.0,12313,0,0.0,0.0,0.0,23,23,0.0001467445004834065,0.0,0.0,0.0,0.0
5,random_matched,906.0,12313,7,0.05685048322910745,6.098862469570608e-07,0.04434589800443459,21078,24319,0.4003254069200163,0.048933255040125266,0.0003780666605258552,0.05685048322910745,0.04434589800443459
5,random,907.0,12313,0,0.0,0.0,0.0,17,17,0.00032592174545513296,0.0,0.0,0.0,0.0
5,random_matched,907.0,12313,3,0.02436449281247462,2.1803484271435184e-08,0.04434589800443459,19585,23668,0.2574857710741753,0.048933255040125266,2.7092164426761893e-05,0.02436449281247462,0.04434589800443459
5,random,908.0,12313,0,0.0,0.0,0.0,12,12,2.1556131695712493e-05,0.0,0.0,0.0,0.0
5,random_matched,908.0,12313,10,0.08121497604158207,6.31689731228496e-07,0.08869179600886919,29599,33110,0.504304768200114,0.09786651008025053,0.00040512327290451666,0.08121497604158207,0.08869179600886919
5,random,909.0,12313,0,0.0,0.0,0.0,19,19,0.006441943580561674,0.0,0.0,0.0,0.0
5,random_matched,909.0,12313,7,0.05685048322910745,6.098862469570608e-07,0.04434589800443459,30944,34964,0.5241210967849049,0.048933255040125266,0.0003780666605258552,0.05685048322910745,0.04434589800443459
5,random,910.0,12313,0,0.0,0.0,0.0,41,41,0.0003974182288511954,0.0,0.0,0.0,0.0
5,random_matched,910.0,12313,7,0.05685048322910745,6.098862469570608e-07,0.04434589800443459,30944,34964,0.5241210967849049,0.048933255040125266,0.0003780666605258552,0.05685048322910745,0.04434589800443459
5,random,911.0,12313,0,0.0,0.0,0.0,13,13,2.73785011849164e-05,0.0,0.0,0.0,0.0
5,random_matched,911.0,12313,7,0.05685048322910745,6.098862469570608e-07,0.04434589800443459,30944,34964,0.5241210967849049,0.048933255040125266,0.0003780666605258552,0.05685048322910745,0.04434589800443459
5,random,912.0,12313,0,0.0,0.0,0.0,12,12,3.541075216121208e-05,0.0,0.0,0.0,0.0
5,random_matched,912.0,12313,10,0.08121497604158207,6.31689731228496e-07,0.08869179600886919,30182,35210,0.5191312262357544,0.09786651008025053,0.00040514104892856685,0.08121497604158207,0.08869179600886919
5,random,913.0,12313,0,0.0,0.0,0.0,11,11,4.984990450448242e-05,0.0,0.0,0.0,0.0
5,random_matched,913.0,12313,10,0.08121497604158207,6.31689731228496e-07,0.08869179600886919,40048,45855,0.642926916100643,0.09786651008025053,0.00040514104892856685,0.08121497604158207,0.08869179600886919
5,random,914.0,12313,0,0.0,0.0,0.0,42,44,0.0004871985453939719,0.0,0.0,0.0,0.0
5,random_matched,914.0,12313,10,0.08121497604158207,6.31689731228496e-07,0.08869179600886919,29599,33110,0.504304768200114,0.09786651008025053,0.00040512327290451666,0.08121497604158207,0.08869179600886919
5,random,915.0,12313,0,0.0,0.0,0.0,16,16,1.4220459123411537e-05,0.0,0.0,0.0,0.0
5,random_matched,915.0,12313,10,0.08121497604158207,6.31689731228496e-07,0.08869179600886919,29599,33110,0.504304768200114,0.09786651008025053,0.00040512327290451666,0.08121497604158207,0.08869179600886919
5,random,916.0,12313,0,0.0,0.0,0.0,16,16,0.00038254169006820746,0.0,6.087481720473587e-10,0.0,0.0
5,random_matched,916.0,12313,3,0.02436449281247462,2.1803484271435184e-08,0.04434589800443459,19585,23668,0.2574857710741753,0.048933255040125266,2.7092164426761893e-05,0.02436449281247462,0.04434589800443459
5,random,917.0,12313,0,0.0,0.0,0.0,12,12,4.431912597509026e-05,0.0,0.0,0.0,0.0
5,random_matched,917.0,12313,10,0.08121497604158207,6.31689731228496e-07,0.08869179600886919,30182,35210,0.5191312262357544,0.09786651008025053,0.00040514104892856685,0.08121497604158207,0.08869179600886919
5,random,918.0,12313,0,0.0,0.0,0.0,13,13,1.6559936592641857e-05,0.0,0.0,0.0,0.0
5,random_matched,918.0,12313,10,0.08121497604158207,6.31689731228496e-07,0.08869179600886919,29599,33110,0.504304768200114,0.09786651008025053,0.00040512327290451666,0.08121497604158207,0.08869179600886919
5,random,919.0,12313,0,0.0,0.0,0.0,13,13,3.243814432090904e-05,0.0,0.0,0.0,0.0
5,random_matched,919.0,12313,10,0.08121497604158207,6.31689731228496e-07,0.08869179600886919,30182,35210,0.5191312262357544,0.09786651008025053,0.00040514104892856685,0.08121497604158207,0.08869179600886919
5,random,920.0,12313,0,0.0,0.0,0.0,47,47,5.96060520348503e-05,0.0,0.0,0.0,0.0
5,random_matched,920.0,12313,10,0.08121497604158207,6.31689731228496e-07,0.08869179600886919,19733,22465,0.3805090783352253,0.09786651008025053,0.00040512327290451666,0.08121497604158207,0.08869179600886919
5,random,921.0,12313,0,0.0,0.0,0.0,42,42,0.016461791935418555,0.0,0.0,0.0,0.0
5,random_matched,921.0,12313,3,0.02436449281247462,2.1803484271435184e-08,0.04434589800443459,19585,23668,0.2574857710741753,0.048933255040125266,2.7092164426761893e-05,0.02436449281247462,0.04434589800443459
5,random,922.0,12313,0,0.0,0.0,0.0,27,27,0.0003364581687946267,0.0,0.0,0.0,0.0
5,random_matched,922.0,12313,10,0.08121497604158207,6.31689731228496e-07,0.08869179600886919,30182,35210,0.5191312262357544,0.09786651008025053,0.00040514104892856685,0.08121497604158207,0.08869179600886919
5,random,923.0,12313,0,0.0,0.0,0.0,15,15,9.090618163760517e-05,0.0,0.0,0.0,0.0
5,random_matched,923.0,12313,10,0.08121497604158207,6.31689731228496e-07,0.08869179600886919,19733,22465,0.3805090783352253,0.09786651008025053,0.00040512327290451666,0.08121497604158207,0.08869179600886919
5,random,924.0,12313,0,0.0,0.0,0.0,11,11,3.096938985667211e-05,0.0,0.0,0.0,0.0
5,random_matched,924.0,12313,10,0.08121497604158207,6.31689731228496e-07,0.08869179600886919,30182,35210,0.5191312262357544,0.09786651008025053,0.00040514104892856685,0.08121497604158207,0.08869179600886919
5,random,925.0,12313,0,0.0,0.0,0.0,11,11,0.0015407774313104237,0.0,0.0,0.0,0.0
5,random_matched,925.0,12313,3,0.02436449281247462,2.1803484271435184e-08,0.04434589800443459,19002,21568,0.24265931303853505,0.048933255040125266,2.7074388402711684e-05,0.02436449281247462,0.04434589800443459
5,random,926.0,12313,0,0.0,0.0,0.0,124,124,0.00031410826170831556,0.0,0.0,0.0,0.0
5,random_matched,926.0,12313,10,0.08121497604158207,6.31689731228496e-07,0.08869179600886919,29599,33110,0.504304768200114,0.09786651008025053,0.00040512327290451666,0.08121497604158207,0.08869179600886919
5,random,927.0,12313,0,0.0,0.0,0.0,11,13,0.00011245556354258129,0.0,0.0,0.0,0.0
5,random_matched,927.0,12313,7,0.05685048322910745,6.098862469570608e-07,0.04434589800443459,30944,34964,0.5241210967849049,0.048933255040125266,0.0003780666605258552,0.05685048322910745,0.04434589800443459
5,random,928.0,12313,0,0.0,0.0,0.0,40,42,0.04045059006122602,0.0,0.0,0.0,0.0
5,random_matched,928.0,12313,10,0.08121497604158207,6.31689731228496e-07,0.08869179600886919,40048,45855,0.642926916100643,0.09786651008025053,0.00040514104892856685,0.08121497604158207,0.08869179600886919
5,random,929.0,12313,0,0.0,0.0,0.0,17,17,0.00036596015414520916,0.0,0.0,0.0,0.0
5,random_matched,929.0,12313,7,0.05685048322910745,6.098862469570608e-07,0.04434589800443459,30944,34964,0.5241210967849049,0.048933255040125266,0.0003780666605258552,0.05685048322910745,0.04434589800443459
5,random,930.0,12313,0,0.0,0.0,0.0,10,10,3.5085412247718422e-06,0.0,0.0,0.0,0.0
5,random_matched,930.0,12313,3,0.02436449281247462,2.1803484271435184e-08,0.04434589800443459,29451,34313,0.38128146093906407,0.048933255040125266,2.7092164426761893e-05,0.02436449281247462,0.04434589800443459
5,random,931.0,12313,0,0.0,0.0,0.0,22,22,0.00017724005503038455,0.0,0.0,0.0,0.0
5,random_matched,931.0,12313,10,0.08121497604158207,6.31689731228496e-07,0.08869179600886919,30182,35210,0.5191312262357544,0.09786651008025053,0.00040514104892856685,0.08121497604158207,0.08869179600886919
5,random,932.0,12313,0,0.0,0.0,0.0,17,17,0.0003058397680562465,0.0,0.0,0.0,0.0
5,random_matched,932.0,12313,3,0.02436449281247462,2.1803484271435184e-08,0.04434589800443459,29451,34313,0.38128146093906407,0.048933255040125266,2.7092164426761893e-05,0.02436449281247462,0.04434589800443459
5,random,933.0,12313,0,0.0,0.0,0.0,10,10,6.585095842415177e-06,0.0,0.0,0.0,0.0
5,random_matched,933.0,12313,3,0.02436449281247462,2.1803484271435184e-08,0.04434589800443459,19585,23668,0.2574857710741753,0.048933255040125266,2.7092164426761893e-05,0.02436449281247462,0.04434589800443459
5,random,934.0,12313,0,0.0,0.0,0.0,10,10,0.00030827644251208076,0.0,0.0,0.0,0.0
5,random_matched,934.0,12313,7,0.05685048322910745,6.098862469570608e-07,0.04434589800443459,30944,34964,0.5241210967849049,0.048933255040125266,0.0003780666605258552,0.05685048322910745,0.04434589800443459
5,random,935.0,12313,0,0.0,0.0,0.0,13,13,1.5370623464891185e-05,0.0,0.0,0.0,0.0
5,random_matched,935.0,12313,10,0.08121497604158207,6.31689731228496e-07,0.08869179600886919,30182,35210,0.5191312262357544,0.09786651008025053,0.00040514104892856685,0.08121497604158207,0.08869179600886919
5,random,936.0,12313,0,0.0,0.0,0.0,51,54,0.0016057090682362802,0.0,5.771061897888901e-06,0.0,0.0
5,random_matched,936.0,12313,10,0.08121497604158207,6.31689731228496e-07,0.08869179600886919,29599,33110,0.504304768200114,0.09786651008025053,0.00040512327290451666,0.08121497604158207,0.08869179600886919
5,random,937.0,12313,0,0.0,0.0,0.0,18,18,0.00011552401841134096,0.0,0.0,0.0,0.0
5,random_matched,937.0,12313,10,0.08121497604158207,6.31689731228496e-07,0.08869179600886919,29599,33110,0.504304768200114,0.09786651008025053,0.00040512327290451666,0.08121497604158207,0.08869179600886919
5,random,938.0,12313,0,0.0,0.0,0.0,39,39,0.0001241462010979965,0.0,0.0,0.0,0.0
5,random_matched,938.0,12313,10,0.08121497604158207,6.31689731228496e-07,0.08869179600886919,29599,33110,0.504304768200114,0.09786651008025053,0.00040512327290451666,0.08121497604158207,0.08869179600886919
5,random,939.0,12313,0,0.0,0.0,0.0,10,10,7.318123116386362e-05,0.0,0.0,0.0,0.0
5,random_matched,939.0,12313,7,0.05685048322910745,6.098862469570608e-07,0.04434589800443459,30944,34964,0.5241210967849049,0.048933255040125266,0.0003780666605258552,0.05685048322910745,0.04434589800443459
5,random,940.0,12313,0,0.0,0.0,0.0,15,15,0.0014766841183940262,0.0,0.0,0.0,0.0
5,random_matched,940.0,12313,10,0.08121497604158207,6.31689731228496e-07,0.08869179600886919,29599,33110,0.504304768200114,0.09786651008025053,0.00040512327290451666,0.08121497604158207,0.08869179600886919
5,random,941.0,12313,0,0.0,0.0,0.0,11,11,0.00025488019795470273,0.0,0.0,0.0,0.0
5,random_matched,941.0,12313,10,0.08121497604158207,6.31689731228496e-07,0.08869179600886919,30182,35210,0.5191312262357544,0.09786651008025053,0.00040514104892856685,0.08121497604158207,0.08869179600886919
5,random,942.0,12313,0,0.0,0.0,0.0,28,28,0.00026037182769782387,0.0,0.0,0.0,0.0
5,random_matched,942.0,12313,10,0.08121497604158207,6.31689731228496e-07,0.08869179600886919,30182,35210,0.5191312262357544,0.09786651008025053,0.00040514104892856685,0.08121497604158207,0.08869179600886919
5,random,943.0,12313,1,0.008121497604158206,0.0,0.014781966001478197,39,39,0.10785366016529276,0.0,0.0,0.008121497604158206,0.014781966001478197
5,random_matched,943.0,12313,10,0.08121497604158207,6.31689731228496e-07,0.08869179600886919,40048,45855,0.642926916100643,0.09786651008025053,0.00040514104892856685,0.08121497604158207,0.08869179600886919
5,random,944.0,12313,0,0.0,0.0,0.0,34,36,8.981541545460569e-05,0.0,0.0,0.0,0.0
5,random_matched,944.0,12313,3,0.02436449281247462,2.1803484271435184e-08,0.04434589800443459,29451,34313,0.38128146093906407,0.048933255040125266,2.7092164426761893e-05,0.02436449281247462,0.04434589800443459
5,random,945.0,12313,0,0.0,0.0,0.0,13,13,0.0014505354290812787,0.0,0.0,0.0,0.0
5,random_matched,945.0,12313,10,0.08121497604158207,6.31689731228496e-07,0.08869179600886919,30182,35210,0.5191312262357544,0.09786651008025053,0.00040514104892856685,0.08121497604158207,0.08869179600886919
5,random,946.0,12313,0,0.0,0.0,0.0,14,14,0.00012342127357290898,0.0,0.0,0.0,0.0
5,random_matched,946.0,12313,3,0.02436449281247462,2.1803484271435184e-08,0.04434589800443459,19585,23668,0.2574857710741753,0.048933255040125266,2.7092164426761893e-05,0.02436449281247462,0.04434589800443459
5,random,947.0,12313,0,0.0,0.0,0.0,18,18,1.7552155830890147e-05,0.0,0.0,0.0,0.0
5,random_matched,947.0,12313,7,0.05685048322910745,6.098862469570608e-07,0.04434589800443459,30944,34964,0.5241210967849049,0.048933255040125266,0.0003780666605258552,0.05685048322910745,0.04434589800443459
5,random,948.0,12313,0,0.0,0.0,0.0,314,314,0.002589296674090883,0.009786651008025053,7.527659164187201e-07,0.0,0.0
5,random_matched,948.0,12313,10,0.08121497604158207,6.31689731228496e-07,0.08869179600886919,30182,35210,0.5191312262357544,0.09786651008025053,0.00040514104892856685,0.08121497604158207,0.08869179600886919
5,random,949.0,12313,0,0.0,0.0,0.0,10,10,0.00013159122028022686,0.0,0.0,0.0,0.0
5,random_matched,949.0,12313,3,0.02436449281247462,2.1803484271435184e-08,0.04434589800443459,29451,34313,0.38128146093906407,0.048933255040125266,2.7092164426761893e-05,0.02436449281247462,0.04434589800443459
5,random,950.0,12313,0,0.0,0.0,0.0,26,26,0.00032545600989432257,0.0,0.0,0.0,0.0
5,random_matched,950.0,12313,10,0.08121497604158207,6.31689731228496e-07,0.08869179600886919,40048,45855,0.642926916100643,0.09786651008025053,0.00040514104892856685,0.08121497604158207,0.08869179600886919
5,random,951.0,12313,0,0.0,0.0,0.0,17,17,2.66117249572633e-05,0.0,0.0,0.0,0.0
5,random_matched,951.0,12313,10,0.08121497604158207,6.31689731228496e-07,0.08869179600886919,40048,45855,0.642926916100643,0.09786651008025053,0.00040514104892856685,0.08121497604158207,0.08869179600886919
5,random,952.0,12313,0,0.0,0.0,0.0,248,248,0.0007062009056685049,0.0,0.0,0.0,0.0
5,random_matched,952.0,12313,10,0.08121497604158207,6.31689731228496e-07,0.08869179600886919,30182,35210,0.5191312262357544,0.09786651008025053,0.00040514104892856685,0.08121497604158207,0.08869179600886919
5,random,953.0,12313,0,0.0,0.0,0.0,27,27,0.00014313336243944165,0.0,0.0,0.0,0.0
5,random_matched,953.0,12313,3,0.02436449281247462,2.1803484271435184e-08,0.04434589800443459,29451,34313,0.38128146093906407,0.048933255040125266,2.7092164426761893e-05,0.02436449281247462,0.04434589800443459
5,random,954.0,12313,0,0.0,0.0,0.0,30,30,0.00016082051408505946,0.0,0.0,0.0,0.0
5,random_matched,954.0,12313,10,0.08121497604158207,6.31689731228496e-07,0.08869179600886919,30182,35210,0.5191312262357544,0.09786651008025053,0.00040514104892856685,0.08121497604158207,0.08869179600886919
5,random,955.0,12313,0,0.0,0.0,0.0,11,11,4.170020716937368e-05,0.0,0.0,0.0,0.0
5,random_matched,955.0,12313,3,0.02436449281247462,2.1803484271435184e-08,0.04434589800443459,19585,23668,0.2574857710741753,0.048933255040125266,2.7092164426761893e-05,0.02436449281247462,0.04434589800443459
5,random,956.0,12313,0,0.0,0.0,0.0,12,12,2.1754575543362154e-05,0.0,0.0,0.0,0.0
5,random_matched,956.0,12313,10,0.08121497604158207,6.31689731228496e-07,0.08869179600886919,40048,45855,0.642926916100643,0.09786651008025053,0.00040514104892856685,0.08121497604158207,0.08869179600886919
5,random,957.0,12313,0,0.0,0.0,0.0,12,12,4.781146770209478e-05,0.0,0.0,0.0,0.0
5,random_matched,957.0,12313,7,0.05685048322910745,6.098862469570608e-07,0.04434589800443459,30944,34964,0.5241210967849049,0.048933255040125266,0.0003780666605258552,0.05685048322910745,0.04434589800443459
5,random,958.0,12313,0,0.0,0.0,0.0,241,244,0.006149018862100422,0.0,0.0,0.0,0.0
5,random_matched,958.0,12313,10,0.08121497604158207,6.31689731228496e-07,0.08869179600886919,40048,45855,0.642926916100643,0.09786651008025053,0.00040514104892856685,0.08121497604158207,0.08869179600886919
5,random,959.0,12313,0,0.0,0.0,0.0,20,20,5.5901766878723344e-05,0.0,0.0,0.0,0.0
5,random_matched,959.0,12313,10,0.08121497604158207,6.31689731228496e-07,0.08869179600886919,19733,22465,0.3805090783352253,0.09786651008025053,0.00040512327290451666,0.08121497604158207,0.08869179600886919
5,random,960.0,12313,0,0.0,0.0,0.0,55,57,0.015477746693752025,0.0,0.0,0.0,0.0
5,random_matched,960.0,12313,7,0.05685048322910745,6.098862469570608e-07,0.04434589800443459,21078,24319,0.4003254069200163,0.048933255040125266,0.0003780666605258552,0.05685048322910745,0.04434589800443459
5,random,961.0,12313,0,0.0,0.0,0.0,9,10,0.00023151782225793417,0.0,0.0,0.0,0.0
5,random_matched,961.0,12313,10,0.08121497604158207,6.31689731228496e-07,0.08869179600886919,19733,22465,0.3805090783352253,0.09786651008025053,0.00040512327290451666,0.08121497604158207,0.08869179600886919
5,random,962.0,12313,0,0.0,0.0,0.0,43,43,0.00025554167744686827,0.0,0.0,0.0,0.0
5,random_matched,962.0,12313,10,0.08121497604158207,6.31689731228496e-07,0.08869179600886919,30182,35210,0.5191312262357544,0.09786651008025053,0.00040514104892856685,0.08121497604158207,0.08869179600886919
5,random,963.0,12313,0,0.0,0.0,0.0,11,11,0.0004556189744547308,0.0,0.0,0.0,0.0
5,random_matched,963.0,12313,10,0.08121497604158207,6.31689731228496e-07,0.08869179600886919,40048,45855,0.642926916100643,0.09786651008025053,0.00040514104892856685,0.08121497604158207,0.08869179600886919
5,random,964.0,12313,0,0.0,0.0,0.0,826,833,0.0009228880877204585,0.0,2.094144724549832e-06,0.0,0.0
5,random_matched,964.0,12313,10,0.08121497604158207,6.31689731228496e-07,0.08869179600886919,19733,22465,0.3805090783352253,0.09786651008025053,0.00040512327290451666,0.08121497604158207,0.08869179600886919
5,random,965.0,12313,0,0.0,0.0,0.0,15,15,8.564269482137377e-05,0.0,0.0,0.0,0.0
5,random_matched,965.0,12313,3,0.02436449281247462,2.1803484271435184e-08,0.04434589800443459,29451,34313,0.38128146093906407,0.048933255040125266,2.7092164426761893e-05,0.02436449281247462,0.04434589800443459
5,random,966.0,12313,0,0.0,0.0,0.0,67,67,0.00018354840945260803,0.0,0.0,0.0,0.0
5,random_matched,966.0,12313,0,0.0,0.0,0.0,20347,23422,0.262475641623326,0.0,1.777602405020832e-08,0.0,0.0
5,random,967.0,12313,0,0.0,0.0,0.0,11,11,3.126503069092569e-06,0.0,0.0,0.0,0.0
5,random_matched,967.0,12313,7,0.05685048322910745,6.098862469570608e-07,0.04434589800443459,30944,34964,0.5241210967849049,0.048933255040125266,0.0003780666605258552,0.05685048322910745,0.04434589800443459
5,random,968.0,12313,0,0.0,0.0,0.0,41,42,0.0017327873784301615,0.0,0.0,0.0,0.0
5,random_matched,968.0,12313,3,0.02436449281247462,2.1803484271435184e-08,0.04434589800443459,29451,34313,0.38128146093906407,0.048933255040125266,2.7092164426761893e-05,0.02436449281247462,0.04434589800443459
5,random,969.0,12313,0,0.0,0.0,0.0,189,194,0.005198155591693951,0.0,0.0,0.0,0.0
5,random_matched,969.0,12313,10,0.08121497604158207,6.31689731228496e-07,0.08869179600886919,40048,45855,0.642926916100643,0.09786651008025053,0.00040514104892856685,0.08121497604158207,0.08869179600886919
5,random,970.0,12313,0,0.0,0.0,0.0,11,11,2.0553112792285993e-05,0.0,0.0,0.0,0.0
5,random_matched,970.0,12313,10,0.08121497604158207,6.31689731228496e-07,0.08869179600886919,29599,33110,0.504304768200114,0.09786651008025053,0.00040512327290451666,0.08121497604158207,0.08869179600886919
5,random,971.0,12313,0,0.0,0.0,0.0,15,15,2.420609953881643e-05,0.0,0.0,0.0,0.0
5,random_matched,971.0,12313,10,0.08121497604158207,6.31689731228496e-07,0.08869179600886919,40048,45855,0.642926916100643,0.09786651008025053,0.00040514104892856685,0.08121497604158207,0.08869179600886919
5,random,972.0,12313,0,0.0,0.0,0.0,17,17,1.123570165978301e-05,0.0,0.0,0.0,0.0
5,random_matched,972.0,12313,3,0.02436449281247462,2.1803484271435184e-08,0.04434589800443459,29451,34313,0.38128146093906407,0.048933255040125266,2.7092164426761893e-05,0.02436449281247462,0.04434589800443459
5,random,973.0,12313,0,0.0,0.0,0.0,10,10,1.177703487684092e-05,0.0,0.0,0.0,0.0
5,random_matched,973.0,12313,10,0.08121497604158207,6.31689731228496e-07,0.08869179600886919,19733,22465,0.3805090783352253,0.09786651008025053,0.00040512327290451666,0.08121497604158207,0.08869179600886919
5,random,974.0,12313,0,0.0,0.0,0.0,31,31,0.00036731821204136943,0.0,0.0,0.0,0.0
5,random_matched,974.0,12313,10,0.08121497604158207,6.31689731228496e-07,0.08869179600886919,30182,35210,0.5191312262357544,0.09786651008025053,0.00040514104892856685,0.08121497604158207,0.08869179600886919
5,random,975.0,12313,0,0.0,0.0,0.0,363,363,0.028577066925808504,0.0,0.0,0.0,0.0
5,random_matched,975.0,12313,3,0.02436449281247462,2.1803484271435184e-08,0.04434589800443459,19585,23668,0.2574857710741753,0.048933255040125266,2.7092164426761893e-05,0.02436449281247462,0.04434589800443459
5,random,976.0,12313,0,0.0,0.0,0.0,15,15,1.3745273855570179e-05,0.0,0.0,0.0,0.0
5,random_matched,976.0,12313,7,0.05685048322910745,6.098862469570608e-07,0.04434589800443459,20463,22187,0.3854411450264677,0.048933255040125266,0.000378048884501805,0.05685048322910745,0.04434589800443459
5,random,977.0,12313,0,0.0,0.0,0.0,18,18,5.1564351351523684e-05,0.0,0.0,0.0,0.0
5,random_matched,977.0,12313,10,0.08121497604158207,6.31689731228496e-07,0.08869179600886919,40048,45855,0.642926916100643,0.09786651008025053,0.00040514104892856685,0.08121497604158207,0.08869179600886919
5,random,978.0,12313,0,0.0,0.0,0.0,15,15,6.600620361108858e-05,0.0,0.0,0.0,0.0
5,random_matched,978.0,12313,10,0.08121497604158207,6.31689731228496e-07,0.08869179600886919,29599,33110,0.504304768200114,0.09786651008025053,0.00040512327290451666,0.08121497604158207,0.08869179600886919
5,random,979.0,12313,0,0.0,0.0,0.0,18,18,5.879607714648434e-05,0.0,0.0,0.0,0.0
5,random_matched,979.0,12313,10,0.08121497604158207,6.31689731228496e-07,0.08869179600886919,30182,35210,0.5191312262357544,0.09786651008025053,0.00040514104892856685,0.08121497604158207,0.08869179600886919
5,random,980.0,12313,0,0.0,0.0,0.0,695,696,0.006559103748247514,0.0,0.0,0.0,0.0
5,random_matched,980.0,12313,10,0.08121497604158207,6.31689731228496e-07,0.08869179600886919,30182,35210,0.5191312262357544,0.09786651008025053,0.00040514104892856685,0.08121497604158207,0.08869179600886919
5,random,981.0,12313,0,0.0,0.0,0.0,108,134,0.0002791821445219758,0.0,0.0,0.0,0.0
5,random_matched,981.0,12313,10,0.08121497604158207,6.31689731228496e-07,0.08869179600886919,29599,33110,0.504304768200114,0.09786651008025053,0.00040512327290451666,0.08121497604158207,0.08869179600886919
5,random,982.0,12313,0,0.0,0.0,0.0,32,55,0.019745465231765947,0.0,0.0,0.0,0.0
5,random_matched,982.0,12313,10,0.08121497604158207,6.31689731228496e-07,0.08869179600886919,29599,33110,0.504304768200114,0.09786651008025053,0.00040512327290451666,0.08121497604158207,0.08869179600886919
5,random,983.0,12313,0,0.0,0.0,0.0,16,16,4.825020409995967e-05,0.0,0.0,0.0,0.0
5,random_matched,983.0,12313,7,0.05685048322910745,6.098862469570608e-07,0.04434589800443459,30944,34964,0.5241210967849049,0.048933255040125266,0.0003780666605258552,0.05685048322910745,0.04434589800443459
5,random,984.0,12313,0,0.0,0.0,0.0,19,19,0.0012943790203950598,0.0,0.0,0.0,0.0
5,random_matched,984.0,12313,10,0.08121497604158207,6.31689731228496e-07,0.08869179600886919,30182,35210,0.5191312262357544,0.09786651008025053,0.00040514104892856685,0.08121497604158207,0.08869179600886919
5,random,985.0,12313,0,0.0,0.0,0.0,11,11,2.5360313754737907e-05,0.0,0.0,0.0,0.0
5,random_matched,985.0,12313,10,0.08121497604158207,6.31689731228496e-07,0.08869179600886919,40048,45855,0.642926916100643,0.09786651008025053,0.00040514104892856685,0.08121497604158207,0.08869179600886919
5,random,986.0,12313,0,0.0,0.0,0.0,12,12,0.0001496172114208111,0.0,0.0,0.0,0.0
5,random_matched,986.0,12313,10,0.08121497604158207,6.31689731228496e-07,0.08869179600886919,30182,35210,0.5191312262357544,0.09786651008025053,0.00040514104892856685,0.08121497604158207,0.08869179600886919
5,random,987.0,12313,0,0.0,0.0,0.0,12,12,2.5128120953406335e-05,0.0,0.0,0.0,0.0
5,random_matched,987.0,12313,7,0.05685048322910745,6.098862469570608e-07,0.04434589800443459,30944,34964,0.5241210967849049,0.048933255040125266,0.0003780666605258552,0.05685048322910745,0.04434589800443459
5,random,988.0,12313,0,0.0,0.0,0.0,24,24,0.0001961759179622332,0.0,0.0,0.0,0.0
5,random_matched,988.0,12313,10,0.08121497604158207,6.31689731228496e-07,0.08869179600886919,30182,35210,0.5191312262357544,0.09786651008025053,0.00040514104892856685,0.08121497604158207,0.08869179600886919
5,random,989.0,12313,0,0.0,0.0,0.0,146,167,0.00047677956841329124,0.0,0.0,0.0,0.0
5,random_matched,989.0,12313,7,0.05685048322910745,6.098862469570608e-07,0.04434589800443459,30944,34964,0.5241210967849049,0.048933255040125266,0.0003780666605258552,0.05685048322910745,0.04434589800443459
5,random,990.0,12313,0,0.0,0.0,0.0,11,11,2.3606718121425627e-05,0.0,0.0,0.0,0.0
5,random_matched,990.0,12313,3,0.02436449281247462,2.1803484271435184e-08,0.04434589800443459,29451,34313,0.38128146093906407,0.048933255040125266,2.7092164426761893e-05,0.02436449281247462,0.04434589800443459
5,random,991.0,12313,0,0.0,0.0,0.0,19,19,7.198516824537657e-05,0.0,0.0,0.0,0.0
5,random_matched,991.0,12313,10,0.08121497604158207,6.31689731228496e-07,0.08869179600886919,40048,45855,0.642926916100643,0.09786651008025053,0.00040514104892856685,0.08121497604158207,0.08869179600886919
5,random,992.0,12313,0,0.0,0.0,0.0,12,13,0.004493689382244696,0.0,0.0,0.0,0.0
5,random_matched,992.0,12313,10,0.08121497604158207,6.31689731228496e-07,0.08869179600886919,29599,33110,0.504304768200114,0.09786651008025053,0.00040512327290451666,0.08121497604158207,0.08869179600886919
5,random,993.0,12313,0,0.0,0.0,0.0,13,13,1.9817385602020255e-06,0.0,0.0,0.0,0.0
5,random_matched,993.0,12313,10,0.08121497604158207,6.31689731228496e-07,0.08869179600886919,40048,45855,0.642926916100643,0.09786651008025053,0.00040514104892856685,0.08121497604158207,0.08869179600886919
5,random,994.0,12313,0,0.0,0.0,0.0,11,11,0.0006708414519168894,0.0,0.0,0.0,0.0
5,random_matched,994.0,12313,10,0.08121497604158207,6.31689731228496e-07,0.08869179600886919,29599,33110,0.504304768200114,0.09786651008025053,0.00040512327290451666,0.08121497604158207,0.08869179600886919
5,random,995.0,12313,0,0.0,0.0,0.0,26,26,8.362720730748984e-05,0.0,0.0,0.0,0.0
5,random_matched,995.0,12313,10,0.08121497604158207,6.31689731228496e-07,0.08869179600886919,30182,35210,0.5191312262357544,0.09786651008025053,0.00040514104892856685,0.08121497604158207,0.08869179600886919
5,random,996.0,12313,0,0.0,0.0,0.0,20,20,0.00030426841677281657,0.0,0.0,0.0,0.0
5,random_matched,996.0,12313,7,0.05685048322910745,6.098862469570608e-07,0.04434589800443459,30944,34964,0.5241210967849049,0.048933255040125266,0.0003780666605258552,0.05685048322910745,0.04434589800443459
5,random,997.0,12313,0,0.0,0.0,0.0,22,22,0.001424136997511285,0.0,0.0,0.0,0.0
5,random_matched,997.0,12313,0,0.0,0.0,0.0,20347,23422,0.262475641623326,0.0,1.777602405020832e-08,0.0,0.0
5,random,998.0,12313,0,0.0,0.0,0.0,314,317,0.0008100153871103688,0.0,0.0,0.0,0.0
5,random_matched,998.0,12313,3,0.02436449281247462,2.1803484271435184e-08,0.04434589800443459,19002,21568,0.24265931303853505,0.048933255040125266,2.7074388402711684e-05,0.02436449281247462,0.04434589800443459
5,random,999.0,12313,0,0.0,0.0,0.0,20,20,4.861334284157707e-05,0.0,0.0,0.0,0.0
5,random_matched,999.0,12313,7,0.05685048322910745,6.098862469570608e-07,0.04434589800443459,20463,22187,0.3854411450264677,0.048933255040125266,0.000378048884501805,0.05685048322910745,0.04434589800443459
