option,n_root_lineages,n_root_lineages_known,n_providers
fill-mask|en|permissive,2922,393,1723
fill-mask|unk|unknown,7155,431,6699
fill-mask|zh|permissive,2127,261,276
fill-mask|de|permissive,2067,259,176
fill-mask|af|permissive,2011,241,108
fill-mask|an|permissive,1978,226,33
fill-mask|ar|permissive,2078,268,183
fill-mask|az|permissive,1995,238,89
fill-mask|ba|permissive,1978,225,33
fill-mask|be|permissive,1998,238,90
fill-mask|bg|permissive,2018,245,116
fill-mask|bn|permissive,2023,245,122
fill-mask|br|permissive,1986,231,78
fill-mask|bs|permissive,1995,236,87
fill-mask|ca|permissive,2010,244,104
fill-mask|ce|permissive,1976,225,31
fill-mask|cs|permissive,2005,241,101
fill-mask|cv|permissive,1976,225,31
fill-mask|cy|permissive,2002,239,96
fill-mask|da|permissive,2022,247,124
fill-mask|el|permissive,2016,245,121
fill-mask|es|permissive,2070,257,178
fill-mask|et|permissive,2007,239,101
fill-mask|eu|permissive,2011,239,104
fill-mask|fa|permissive,2023,246,123
fill-mask|fi|permissive,2045,248,138
fill-mask|fr|permissive,2097,261,219
fill-mask|ga|permissive,2000,237,93
fill-mask|gl|permissive,2002,239,98
fill-mask|gu|permissive,2008,242,102
fill-mask|he|permissive,2008,241,105
fill-mask|hi|permissive,2053,250,151
fill-mask|hr|permissive,2012,241,105
fill-mask|ht|permissive,1982,230,37
fill-mask|hu|permissive,2012,241,111
fill-mask|hy|permissive,2005,239,97
fill-mask|id|permissive,2025,245,124
fill-mask|io|permissive,1976,225,31
fill-mask|is|permissive,2013,241,109
fill-mask|it|permissive,2057,256,156
fill-mask|ja|permissive,2048,269,145
fill-mask|jv|permissive,2004,239,98
fill-mask|ka|permissive,2010,238,105
fill-mask|kk|permissive,2005,241,99
fill-mask|kn|permissive,2007,242,101
fill-mask|ko|permissive,2052,251,150
fill-mask|ky|permissive,1993,238,85
fill-mask|la|permissive,1999,235,93
fill-mask|lt|permissive,2008,240,101
fill-mask|lv|permissive,2010,242,105
fill-mask|mg|permissive,1996,237,91
fill-mask|mk|permissive,1998,237,92
fill-mask|ml|permissive,2014,243,108
fill-mask|mn|permissive,2001,234,81
fill-mask|mr|permissive,2031,243,127
fill-mask|ms|permissive,2013,239,107
fill-mask|my|permissive,2004,239,97
fill-mask|nb|permissive,1992,231,49
fill-mask|ne|permissive,2008,243,104
fill-mask|nl|permissive,2033,251,133
fill-mask|nn|permissive,1990,228,48
fill-mask|oc|permissive,1977,226,33
fill-mask|pa|permissive,2004,241,98
fill-mask|pl|permissive,2028,249,125
fill-mask|pt|permissive,2069,261,181
fill-mask|ro|permissive,2017,241,112
fill-mask|ru|permissive,2041,251,146
fill-mask|sk|permissive,2007,242,102
fill-mask|sl|permissive,2007,241,102
fill-mask|sq|permissive,2005,238,98
fill-mask|sr|permissive,2009,239,102
fill-mask|su|permissive,1991,235,85
fill-mask|sv|permissive,2042,248,138
fill-mask|sw|permissive,2030,246,132
fill-mask|ta|permissive,2017,243,112
fill-mask|te|permissive,2020,245,116
fill-mask|tg|permissive,1977,225,32
fill-mask|th|permissive,2026,248,111
fill-mask|tl|permissive,2006,236,98
fill-mask|tr|permissive,2051,256,150
fill-mask|tt|permissive,1978,225,33
fill-mask|uk|permissive,2010,249,103
fill-mask|uz|permissive,1993,236,87
fill-mask|vi|permissive,2041,253,148
fill-mask|vo|permissive,1976,225,31
fill-mask|yo|permissive,1997,234,57
question-answering|en|permissive,2637,382,1068
text-generation|en|permissive,45618,10469,65450
text-classification|en|permissive,14450,1121,8254
translation|de|permissive,6160,1632,873
translation|en|permissive,8126,1852,3920
translation|fr|permissive,6367,1626,1211
translation|ro|permissive,5822,1605,362
text-generation|en|unknown,135376,15610,8304
fill-mask|de|unknown,6438,331,16
fill-mask|en|unknown,6804,347,427
fill-mask|fr|unknown,6442,329,21
fill-mask|af|noncommercial,84,26,1
fill-mask|am|noncommercial,84,26,1
fill-mask|an|noncommercial,84,26,1
fill-mask|ar|noncommercial,90,31,7
fill-mask|az|noncommercial,85,27,4
fill-mask|be|noncommercial,84,26,1
fill-mask|bg|noncommercial,86,28,3
fill-mask|bn|noncommercial,84,26,1
fill-mask|br|noncommercial,84,26,1
fill-mask|bs|noncommercial,84,26,1
fill-mask|ca|noncommercial,84,26,1
fill-mask|cs|noncommercial,87,28,4
fill-mask|cy|noncommercial,84,26,1
fill-mask|da|noncommercial,88,26,5
fill-mask|de|noncommercial,93,32,10
fill-mask|el|noncommercial,86,28,3
fill-mask|en|noncommercial,132,40,51
fill-mask|eo|noncommercial,84,26,1
fill-mask|es|noncommercial,89,31,10
fill-mask|et|noncommercial,84,26,1
fill-mask|eu|noncommercial,88,27,5
fill-mask|fa|noncommercial,85,26,2
fill-mask|fi|noncommercial,84,26,1
fill-mask|fr|noncommercial,93,31,10
fill-mask|fy|noncommercial,84,26,1
fill-mask|ga|noncommercial,85,27,2
fill-mask|gl|noncommercial,84,26,1
fill-mask|gu|noncommercial,84,26,1
fill-mask|he|noncommercial,84,26,1
fill-mask|hi|noncommercial,87,29,4
fill-mask|hr|noncommercial,84,26,1
fill-mask|hu|noncommercial,85,26,2
fill-mask|hy|noncommercial,84,26,1
fill-mask|ia|noncommercial,84,26,1
fill-mask|id|noncommercial,84,26,1
fill-mask|is|noncommercial,84,26,1
fill-mask|it|noncommercial,88,28,5
fill-mask|ja|noncommercial,104,28,21
fill-mask|jv|noncommercial,84,26,1
fill-mask|ka|noncommercial,84,26,1
fill-mask|kk|noncommercial,84,26,1
fill-mask|kn|noncommercial,84,26,1
fill-mask|ko|noncommercial,85,27,2
fill-mask|ku|noncommercial,84,26,1
fill-mask|la|noncommercial,86,28,3
fill-mask|lb|noncommercial,84,26,1
fill-mask|lt|noncommercial,84,26,1
fill-mask|lv|noncommercial,84,26,1
fill-mask|mk|noncommercial,84,26,1
fill-mask|ml|noncommercial,84,26,1
fill-mask|mn|noncommercial,84,26,1
fill-mask|mr|noncommercial,84,26,1
fill-mask|ms|noncommercial,84,26,1
fill-mask|my|noncommercial,84,26,1
fill-mask|ne|noncommercial,84,26,1
fill-mask|nl|noncommercial,85,27,2
fill-mask|nn|noncommercial,84,26,1
fill-mask|no|noncommercial,84,26,1
fill-mask|oc|noncommercial,84,26,1
fill-mask|pl|noncommercial,85,27,2
fill-mask|pt|noncommercial,86,28,4
fill-mask|ro|noncommercial,85,27,2
fill-mask|ru|noncommercial,87,29,4
fill-mask|si|noncommercial,84,26,1
fill-mask|sk|noncommercial,86,26,3
fill-mask|sl|noncommercial,84,26,1
fill-mask|sq|noncommercial,84,26,1
fill-mask|sr|noncommercial,84,26,1
fill-mask|sv|noncommercial,85,27,2
fill-mask|sw|noncommercial,86,28,3
fill-mask|ta|noncommercial,84,26,1
fill-mask|te|noncommercial,84,26,1
fill-mask|th|noncommercial,86,28,3
fill-mask|tl|noncommercial,84,26,1
fill-mask|tr|noncommercial,110,30,27
fill-mask|tt|noncommercial,84,26,1
fill-mask|uk|noncommercial,84,26,1
fill-mask|ur|noncommercial,86,28,3
fill-mask|uz|noncommercial,84,26,1
fill-mask|vi|noncommercial,88,29,5
fill-mask|yi|noncommercial,84,26,1
fill-mask|zh|noncommercial,89,29,6
fill-mask|am|permissive,2008,241,81
fill-mask|as|permissive,1997,236,62
fill-mask|eo|permissive,1990,231,53
fill-mask|fy|permissive,1985,230,48
fill-mask|gd|permissive,1986,230,49
fill-mask|ha|permissive,2004,237,71
fill-mask|km|permissive,1996,233,63
fill-mask|ku|permissive,1989,231,54
fill-mask|lo|permissive,1990,232,53
fill-mask|no|permissive,2018,240,86
fill-mask|om|permissive,1991,232,61
fill-mask|or|permissive,1997,235,62
fill-mask|ps|permissive,1997,236,60
fill-mask|sa|permissive,2006,236,71
fill-mask|sd|permissive,1998,239,63
fill-mask|si|permissive,2011,238,78
fill-mask|so|permissive,2002,239,72
fill-mask|ug|permissive,1989,231,54
fill-mask|ur|permissive,2020,243,90
fill-mask|xh|permissive,2000,236,66
fill-mask|yi|permissive,1985,230,48
fill-mask|af|unknown,6432,331,10
fill-mask|am|unknown,6439,334,17
fill-mask|ar|unknown,6471,345,63
fill-mask|as|unknown,6428,328,6
fill-mask|az|unknown,6431,328,9
fill-mask|be|unknown,6428,328,6
fill-mask|bg|unknown,6431,328,9
fill-mask|bn|unknown,6434,329,12
fill-mask|br|unknown,6428,328,6
fill-mask|bs|unknown,6428,328,6
fill-mask|ca|unknown,6429,328,7
fill-mask|cs|unknown,6431,328,9
fill-mask|cy|unknown,6429,329,7
fill-mask|da|unknown,6430,328,8
fill-mask|el|unknown,6441,329,20
fill-mask|eo|unknown,6430,328,8
fill-mask|es|unknown,6441,329,29
fill-mask|et|unknown,6429,328,7
fill-mask|eu|unknown,6430,328,8
fill-mask|fa|unknown,6434,332,12
fill-mask|fi|unknown,6431,330,9
fill-mask|fy|unknown,6429,328,7
fill-mask|ga|unknown,6429,328,7
fill-mask|gd|unknown,6428,328,6
fill-mask|gl|unknown,6431,330,9
fill-mask|gu|unknown,6434,328,12
fill-mask|ha|unknown,6432,330,10
fill-mask|he|unknown,6434,330,13
fill-mask|hi|unknown,6432,328,11
fill-mask|hr|unknown,6429,328,7
fill-mask|hu|unknown,6431,328,9
fill-mask|hy|unknown,6428,328,6
fill-mask|id|unknown,6437,331,16
fill-mask|is|unknown,6430,328,8
fill-mask|it|unknown,6437,334,15
fill-mask|ja|unknown,6430,328,8
fill-mask|jv|unknown,6432,328,10
fill-mask|ka|unknown,6429,328,7
fill-mask|kk|unknown,6428,328,6
fill-mask|km|unknown,6428,328,6
fill-mask|kn|unknown,6430,328,8
fill-mask|ko|unknown,6457,333,37
fill-mask|ku|unknown,6429,328,7
fill-mask|ky|unknown,6428,328,6
fill-mask|la|unknown,6428,328,6
fill-mask|lo|unknown,6429,328,7
fill-mask|lt|unknown,6429,328,7
fill-mask|lv|unknown,6429,328,7
fill-mask|mg|unknown,6431,330,9
fill-mask|mk|unknown,6428,328,6
fill-mask|ml|unknown,6428,328,6
fill-mask|mn|unknown,6433,328,11
fill-mask|mr|unknown,6433,328,11
fill-mask|ms|unknown,6429,329,7
fill-mask|my|unknown,6430,328,8
fill-mask|ne|unknown,6431,329,10
fill-mask|nl|unknown,6434,329,14
fill-mask|no|unknown,6428,328,6
fill-mask|om|unknown,6431,330,9
fill-mask|or|unknown,6430,328,8
fill-mask|pa|unknown,6430,328,8
fill-mask|pl|unknown,6430,328,9
fill-mask|ps|unknown,6428,328,6
fill-mask|pt|unknown,6441,334,20
fill-mask|ro|unknown,6430,328,8
fill-mask|ru|unknown,6436,332,15
fill-mask|sa|unknown,6431,328,9
fill-mask|sd|unknown,6428,328,6
fill-mask|si|unknown,6434,328,12
fill-mask|sk|unknown,6429,328,7
fill-mask|sl|unknown,6431,328,9
fill-mask|so|unknown,6428,328,6
fill-mask|sq|unknown,6428,328,6
fill-mask|sr|unknown,6430,328,8
fill-mask|su|unknown,6428,328,6
fill-mask|sv|unknown,6437,332,15
fill-mask|sw|unknown,6433,330,11
fill-mask|ta|unknown,6429,328,7
fill-mask|te|unknown,6429,328,7
fill-mask|th|unknown,6434,329,21
fill-mask|tl|unknown,6431,328,9
fill-mask|tr|unknown,6435,333,13
fill-mask|ug|unknown,6428,328,6
fill-mask|uk|unknown,6428,328,6
fill-mask|ur|unknown,6430,328,8
fill-mask|uz|unknown,6432,328,10
fill-mask|vi|unknown,6432,329,10
fill-mask|xh|unknown,6431,330,9
fill-mask|yi|unknown,6429,328,7
fill-mask|zh|unknown,6517,341,96
token-classification|af|unknown,8367,198,4
token-classification|am|unknown,8370,198,7
token-classification|ar|unknown,8385,201,25
token-classification|as|unknown,8366,198,3
token-classification|az|unknown,8368,198,5
token-classification|be|unknown,8367,198,4
token-classification|bg|unknown,8371,198,8
token-classification|bn|unknown,8371,198,8
token-classification|br|unknown,8366,198,3
token-classification|bs|unknown,8366,198,3
token-classification|ca|unknown,8369,198,6
token-classification|cs|unknown,8370,198,7
token-classification|cy|unknown,8366,198,3
token-classification|da|unknown,8375,198,14
token-classification|de|unknown,8457,204,107
token-classification|el|unknown,8368,198,5
token-classification|en|unknown,8777,216,465
token-classification|eo|unknown,8368,198,5
token-classification|es|unknown,8444,200,90
token-classification|et|unknown,8368,198,5
token-classification|eu|unknown,8367,198,4
token-classification|fa|unknown,8383,203,21
token-classification|fi|unknown,8373,199,11
token-classification|fr|unknown,8475,201,119
token-classification|fy|unknown,8367,198,4
token-classification|ga|unknown,8366,198,3
token-classification|gd|unknown,8366,198,3
token-classification|gl|unknown,8367,198,4
token-classification|gu|unknown,8368,198,5
token-classification|ha|unknown,8370,199,7
token-classification|he|unknown,8374,199,11
token-classification|hi|unknown,8375,199,12
token-classification|hr|unknown,8367,198,5
token-classification|hu|unknown,8369,198,6
token-classification|hy|unknown,8367,198,4
token-classification|id|unknown,8378,199,15
token-classification|is|unknown,8371,198,8
token-classification|it|unknown,8388,198,26
token-classification|ja|unknown,8370,198,7
token-classification|jv|unknown,8368,198,5
token-classification|ka|unknown,8368,198,5
token-classification|kk|unknown,8368,198,6
token-classification|km|unknown,8366,198,3
token-classification|kn|unknown,8367,198,4
token-classification|ko|unknown,8371,199,15
token-classification|ku|unknown,8366,198,3
token-classification|ky|unknown,8367,198,4
token-classification|la|unknown,8375,199,12
token-classification|lo|unknown,8366,198,3
token-classification|lt|unknown,8366,198,3
token-classification|lv|unknown,8367,198,4
token-classification|mg|unknown,8366,198,3
token-classification|mk|unknown,8366,198,3
token-classification|ml|unknown,8367,198,5
token-classification|mn|unknown,8387,199,42
token-classification|mr|unknown,8367,198,4
token-classification|ms|unknown,8367,198,4
token-classification|my|unknown,8367,198,4
token-classification|ne|unknown,8367,198,5
token-classification|nl|unknown,8392,200,33
token-classification|no|unknown,8368,198,5
token-classification|om|unknown,8366,198,3
token-classification|or|unknown,8366,198,3
token-classification|pa|unknown,8366,198,3
token-classification|pl|unknown,8380,199,17
token-classification|ps|unknown,8366,198,3
token-classification|pt|unknown,8433,201,108
token-classification|ro|unknown,8368,199,5
token-classification|ru|unknown,8385,202,31
token-classification|sa|unknown,8366,198,3
token-classification|sd|unknown,8366,198,3
token-classification|si|unknown,8367,198,4
token-classification|sk|unknown,8369,199,6
token-classification|sl|unknown,8370,198,7
token-classification|so|unknown,8366,198,3
token-classification|sq|unknown,8366,198,3
token-classification|sr|unknown,8369,198,6
token-classification|su|unknown,8366,198,3
token-classification|sv|unknown,8375,198,14
token-classification|sw|unknown,8378,198,15
token-classification|ta|unknown,8370,198,7
token-classification|te|unknown,8368,198,5
token-classification|th|unknown,8372,198,13
token-classification|tl|unknown,8402,198,39
token-classification|tr|unknown,8383,200,21
token-classification|ug|unknown,8366,198,3
token-classification|uk|unknown,8369,198,6
token-classification|ur|unknown,8370,198,8
token-classification|uz|unknown,8367,198,5
token-classification|vi|unknown,8381,201,27
token-classification|xh|unknown,8366,198,3
token-classification|yi|unknown,8366,198,3
token-classification|zh|unknown,8389,201,29
text-generation|unk|unknown,136206,15810,171039
unk|ru|permissive,161711,4612,1161
automatic-speech-recognition|unk|unknown,8800,191,8407
unk|unk|unknown,155883,4596,202625
text-classification|unk|unknown,53303,1145,58875
feature-extraction|unk|unknown,11001,324,10814
token-classification|zh|permissive,2508,306,196
unk|unk|permissive,203260,6874,192378
sentence-similarity|unk|unknown,5129,526,9276
token-classification|unk|permissive,4903,1147,5445
automatic-speech-recognition|unk|permissive,8032,648,9030
summarization|it|unknown,557,50,10
text-classification|unk|permissive,16014,1359,29284
unk|unk|noncommercial,7179,719,6547
fill-mask|unk|permissive,3922,653,4011
image-classification|unk|unknown,5954,153,10079
text-classification|ar|permissive,10521,839,388
token-classification|unk|unknown,9376,260,8725
text-classification|en|unknown,52522,1080,4312
unk|en|unknown,155221,4482,6877
question-answering|en|unknown,4610,171,237
text-generation|unk|permissive,48654,11232,37166
automatic-speech-recognition|ba|permissive,3355,253,512
question-answering|unk|permissive,2887,476,3856
automatic-speech-recognition|gl|permissive,3366,255,547
automatic-speech-recognition|ha|permissive,3371,256,570
automatic-speech-recognition|sw|permissive,3402,255,652
automatic-speech-recognition|hu|permissive,3414,262,671
automatic-speech-recognition|ku|permissive,3097,249,13
automatic-speech-recognition|mt|permissive,3378,257,580
image-classification|unk|permissive,7259,778,12714
audio-classification|unk|permissive,1066,161,1782
text-classification|ru|unknown,49695,926,129
question-answering|ru|permissive,2070,241,46
automatic-speech-recognition|fr|permissive,3724,288,1141
automatic-speech-recognition|fr|unknown,8255,127,35
automatic-speech-recognition|pt|permissive,3605,286,993
unk|unk|other,29101,1019,31115
question-answering|unk|unknown,4758,198,4535
unk|da|permissive,161249,4562,383
automatic-speech-recognition|ta|permissive,3408,261,652
question-answering|ru|unknown,4411,137,12
automatic-speech-recognition|de|permissive,3686,285,1106
automatic-speech-recognition|ar|permissive,3571,272,1168
automatic-speech-recognition|ja|permissive,3612,282,1078
token-classification|hr|permissive,2398,285,44
token-classification|sr|permissive,2419,288,66
multiple-choice|unk|unknown,613,16,640
unk|hu|unknown,149772,4274,15
unk|en|noncommercial,6827,644,1421
token-classification|de|noncommercial,262,32,20
token-classification|en|noncommercial,295,42,77
token-classification|es|noncommercial,269,30,25
token-classification|fr|noncommercial,266,32,24
token-classification|it|noncommercial,265,27,21
token-classification|nl|noncommercial,257,28,14
token-classification|pl|noncommercial,255,26,10
token-classification|pt|noncommercial,255,29,10
token-classification|ru|noncommercial,250,28,5
automatic-speech-recognition|id|permissive,3481,263,767
audio-classification|el|permissive,700,113,12
audio-classification|ja|unknown,942,36,4
automatic-speech-recognition|tr|unknown,8253,125,31
automatic-speech-recognition|tr|permissive,3472,259,806
translation|unk|unknown,1409,102,718
text-classification|bg|permissive,10386,796,81
text-classification|cs|permissive,10396,798,83
text-classification|da|permissive,10402,797,101
text-classification|de|permissive,10528,822,370
text-classification|el|permissive,10400,798,100
text-classification|es|permissive,10756,824,656
text-classification|fi|permissive,10396,798,76
text-classification|fr|permissive,10586,828,455
text-classification|ga|permissive,10372,794,45
text-classification|he|permissive,10378,797,61
text-classification|hu|permissive,10406,794,92
text-classification|is|permissive,10371,796,47
text-classification|it|permissive,10559,806,340
text-classification|kw|permissive,10349,791,2
text-classification|la|permissive,10369,799,62
text-classification|lt|permissive,10387,795,61
text-classification|nl|permissive,10448,801,180
text-classification|nn|permissive,10361,792,25
text-classification|pl|permissive,10415,804,148
text-classification|pt|permissive,10524,815,368
text-classification|ro|permissive,10396,799,88
text-classification|ru|permissive,10530,822,384
text-classification|sa|permissive,10361,795,30
text-classification|sk|permissive,10387,798,76
text-classification|sl|permissive,10384,794,63
text-classification|sr|permissive,10369,795,55
text-classification|sv|permissive,10409,798,97
token-classification|ar|permissive,2499,306,195
translation|vi|permissive,5871,1622,316
translation|id|permissive,5802,1609,249
token-classification|nl|permissive,2483,311,315
summarization|en|permissive,713,165,635
text-generation|fr|permissive,20205,4969,1968
unk|es|unknown,149875,4307,185
unk|ko|noncommercial,6058,525,453
depth-estimation|unk|permissive,274,63,270
unk|id|unknown,149809,4281,79
unk|ja|permissive,161823,4643,1341
zero-shot-classification|unk|unknown,71,19,28
text-classification|en|copyleft,278,58,128
feature-extraction|en|permissive,3347,561,2517
unk|en|permissive,199083,6402,73331
token-classification|en|permissive,3751,893,2757
feature-extraction|unk|permissive,3779,651,2315
token-classification|unk|copyleft,555,130,101
automatic-speech-recognition|vi|permissive,3465,266,755
unk|ga|permissive,161181,4546,220
text-classification|fr|unknown,49695,925,114
text-classification|nl|unknown,49623,920,30
token-classification|da|permissive,2447,292,93
sentence-similarity|unk|permissive,2374,495,1309
text-generation|es|permissive,20284,4958,1985
feature-extraction|bg|unknown,10682,246,3
feature-extraction|cs|unknown,10683,247,9
feature-extraction|pl|unknown,10685,247,7
feature-extraction|ru|unknown,10700,254,26
feature-extraction|en|unknown,10834,279,183
unk|ru|unknown,149903,4291,208
automatic-speech-recognition|lt|permissive,3406,259,635
automatic-speech-recognition|ab|permissive,3101,250,11
automatic-speech-recognition|as|permissive,3384,258,556
automatic-speech-recognition|bg|permissive,3384,256,593
automatic-speech-recognition|br|permissive,3370,255,524
automatic-speech-recognition|gn|permissive,3105,251,27
automatic-speech-recognition|hi|permissive,3523,267,1124
automatic-speech-recognition|kk|permissive,3374,254,555
automatic-speech-recognition|mr|permissive,3401,259,613
automatic-speech-recognition|or|permissive,3126,252,48
automatic-speech-recognition|sl|permissive,3404,259,623
automatic-speech-recognition|sr|permissive,3376,252,568
summarization|ca|unknown,554,48,3
summarization|es|unknown,575,54,29
fill-mask|et|copyleft,100,17,1
fill-mask|en|copyleft,133,23,38
fill-mask|lt|copyleft,100,17,1
fill-mask|lv|copyleft,100,17,1
fill-mask|sl|copyleft,106,20,7
automatic-speech-recognition|ru|permissive,3546,284,930
summarization|de|unknown,561,49,10
unk|fa|unknown,149780,4275,32
text-generation|pt|unknown,128580,15118,130
feature-extraction|fi|permissive,1977,320,120
unk|fi|permissive,161284,4563,413
text-generation|fi|permissive,19390,4757,302
automatic-speech-recognition|nl|unknown,8250,125,28
text-generation|id|unknown,128531,15100,49
automatic-speech-recognition|fi|unknown,8243,125,19
text-classification|it|unknown,49629,924,39
text-generation|nl|unknown,128526,15095,32
text-generation|it|unknown,128572,15115,139
text-to-speech|en|permissive,1378,191,1566
automatic-speech-recognition|ur|permissive,3405,261,631
automatic-speech-recognition|pa|permissive,3377,256,559
unk|hi|permissive,161459,4570,761
text-classification|kn|permissive,10368,794,55
text-classification|ml|permissive,10373,794,58
text-classification|ta|permissive,10384,797,77
translation|unk|permissive,10818,1902,6101
translation|km|permissive,5751,1606,152
translation|es|permissive,6383,1629,1107
translation|af|permissive,5826,1602,237
translation|eo|permissive,5862,1598,280
translation|fi|permissive,6132,1603,706
translation|nl|permissive,5855,1608,303
translation|ru|permissive,5967,1625,474
translation|sv|permissive,6156,1599,754
translation|am|permissive,5764,1605,194
translation|ar|permissive,5924,1616,407
translation|he|permissive,5839,1606,285
translation|mt|permissive,5769,1596,148
translation|so|permissive,5741,1595,125
translation|ti|permissive,5733,1594,99
translation|ee|permissive,5742,1595,107
translation|ig|permissive,5753,1598,128
translation|lg|permissive,5756,1599,160
translation|ln|permissive,5746,1595,119
translation|ny|permissive,5744,1595,112
translation|rn|permissive,5737,1594,102
translation|rw|permissive,5750,1594,117
translation|sg|permissive,5737,1594,101
translation|sn|permissive,5743,1594,110
translation|ts|permissive,5739,1594,105
translation|wo|permissive,5723,1595,87
translation|xh|permissive,5764,1596,154
translation|yo|permissive,5756,1600,161
translation|zu|permissive,5739,1601,136
translation|el|permissive,5788,1605,198
translation|it|permissive,5913,1618,394
translation|pl|permissive,5842,1607,278
translation|tr|permissive,5832,1611,263
translation|io|permissive,5674,1586,15
translation|az|permissive,5745,1600,127
translation|lt|permissive,5791,1602,204
translation|lv|permissive,5772,1601,177
translation|be|permissive,5761,1597,165
translation|bg|permissive,5826,1603,259
translation|uk|permissive,5941,1607,431
translation|bi|permissive,5729,1595,94
translation|bn|permissive,5799,1616,235
translation|ca|permissive,5843,1607,266
translation|pt|permissive,5910,1613,412
translation|ab|permissive,5680,1588,23
translation|ce|permissive,5704,1595,53
translation|ka|permissive,5731,1599,116
translation|br|permissive,5727,1596,112
translation|cy|permissive,5742,1599,131
translation|ga|permissive,5769,1598,156
translation|gd|permissive,5728,1597,109
translation|gv|permissive,5715,1594,72
translation|kw|permissive,5711,1594,66
translation|ht|permissive,5751,1596,138
translation|cs|permissive,5831,1612,265
translation|da|permissive,5807,1601,234
translation|no|permissive,5818,1597,223
translation|zh|permissive,5889,1637,355
translation|et|permissive,5782,1599,188
translation|eu|permissive,5768,1602,146
translation|fj|permissive,5729,1595,93
translation|ha|permissive,5772,1603,195
translation|ho|permissive,5709,1594,56
translation|hr|permissive,5771,1601,186
translation|hu|permissive,5803,1600,222
translation|is|permissive,5804,1603,221
translation|kg|permissive,5730,1594,89
translation|ms|permissive,5776,1607,185
translation|tl|permissive,5739,1596,134
translation|kn|permissive,5743,1604,135
translation|ml|permissive,5749,1603,142
translation|ta|permissive,5760,1611,170
translation|te|permissive,5755,1609,166
translation|se|permissive,5717,1594,77
translation|fo|permissive,5724,1595,90
translation|fy|permissive,5740,1597,132
translation|lb|permissive,5730,1597,106
translation|nb|permissive,5723,1589,98
translation|nn|permissive,5716,1586,79
translation|yi|permissive,5740,1595,132
translation|gl|permissive,5785,1605,191
translation|hi|permissive,5829,1619,282
translation|hy|permissive,5741,1599,130
translation|as|permissive,5748,1600,141
translation|gu|permissive,5768,1608,187
translation|mr|permissive,5777,1610,206
translation|or|permissive,5751,1600,150
translation|os|permissive,5715,1594,74
translation|ps|permissive,5733,1599,123
translation|si|permissive,5751,1602,156
translation|ur|permissive,5786,1612,215
translation|an|permissive,5693,1588,52
translation|co|permissive,5725,1596,90
translation|mk|permissive,5758,1598,161
translation|oc|permissive,5730,1597,106
translation|rm|permissive,5720,1594,84
translation|sc|permissive,5686,1586,42
translation|sl|permissive,5793,1599,206
translation|sq|permissive,5744,1595,126
translation|wa|permissive,5722,1594,87
translation|kj|permissive,5714,1594,63
translation|lu|permissive,5722,1594,71
translation|mg|permissive,5747,1596,130
translation|mh|permissive,5724,1594,85
translation|ba|permissive,5710,1596,70
translation|bo|permissive,5720,1603,89
translation|ch|permissive,5712,1595,67
translation|cv|permissive,5707,1595,57
translation|gn|permissive,5705,1595,53
translation|ja|permissive,5874,1633,328
translation|jv|permissive,5732,1600,119
translation|kl|permissive,5704,1594,51
translation|lo|permissive,5733,1600,116
translation|mi|permissive,5711,1595,68
translation|mn|permissive,5733,1601,115
translation|my|permissive,5737,1605,130
translation|na|permissive,5681,1586,29
translation|nv|permissive,5702,1594,48
translation|sm|permissive,5731,1594,96
translation|su|permissive,5725,1596,107
translation|th|permissive,5763,1613,167
translation|tk|permissive,5707,1594,59
translation|to|permissive,5728,1594,91
translation|tt|permissive,5706,1594,58
translation|ty|permissive,5699,1586,56
translation|ng|permissive,5676,1586,18
translation|om|permissive,5729,1594,97
translation|sk|permissive,5771,1601,176
translation|ss|permissive,5719,1595,75
translation|st|permissive,5736,1594,97
translation|sw|permissive,5757,1599,150
translation|tn|permissive,5734,1595,97
translation|tw|permissive,5698,1586,53
translation|ve|permissive,5722,1594,75
unk|fr|permissive,162240,4628,1916
unk|he|permissive,161218,4553,250
translation|ko|permissive,5841,1649,266
translation|pa|permissive,5742,1602,133
text-classification|zh|permissive,10582,825,452
token-classification|fa|permissive,2434,289,86
text-classification|fa|permissive,10410,798,128
text-generation|fa|permissive,19395,4732,279
token-classification|es|permissive,2622,317,450
text-classification|ko|unknown,49663,923,78
unk|ko|unknown,149851,4289,269
unk|zh|permissive,162955,4718,3147
text-generation|zh|permissive,21006,5227,4168
unk|bm|unknown,149769,4275,8
unk|fr|unknown,149840,4285,121
text-generation|ru|unknown,128643,15116,225
summarization|ru|permissive,349,87,33
token-classification|ru|permissive,2471,296,145
text-generation|de|permissive,20055,4925,1611
automatic-speech-recognition|nl|permissive,3517,269,894
multiple-choice|unk|permissive,188,71,498
token-classification|fr|permissive,2563,324,817
unk|ko|permissive,161574,4611,1094
zero-shot-classification|it|permissive,50,23,8
text-classification|es|unknown,49685,925,125
text-classification|ca|permissive,10381,800,63
text-classification|ca|unknown,49608,918,9
audio-to-audio|unk|copyleft,53,7,40
unk|unk|copyleft,5799,269,5172
text-generation|ro|permissive,19374,4734,296
translation|en|noncommercial,207,44,331
translation|ja|noncommercial,119,15,130
translation|zh|noncommercial,148,29,164
unk|sv|unknown,149782,4277,34
sentence-similarity|sv|permissive,1156,183,244
token-classification|sv|permissive,2444,298,207
automatic-speech-recognition|unk|noncommercial,524,97,835
automatic-speech-recognition|sv|permissive,3457,262,724
unk|ar|unknown,149829,4284,121
fill-mask|unk|other,238,22,177
zero-shot-classification|ar|other,3,0,1
unk|ru|other,27697,798,163
fill-mask|ja|copyleft,156,42,60
token-classification|ja|copyleft,135,54,62
token-classification|th|permissive,2424,297,83
token-classification|en|copyleft,150,48,93
feature-extraction|fr|permissive,2037,344,194
automatic-speech-recognition|lb|permissive,3365,254,521
feature-extraction|de|unknown,10685,247,7
summarization|es|permissive,341,78,16
text-generation|zh|copyleft,515,197,112
fill-mask|qu|unknown,6423,326,1
feature-extraction|zh|permissive,2126,353,311
token-classification|pt|permissive,2514,314,259
text-generation|pt|permissive,19735,4866,1168
automatic-speech-recognition|es|permissive,3681,279,1101
summarization|lt|permissive,329,76,3
feature-extraction|am|unknown,10681,245,2
feature-extraction|ar|unknown,10690,246,12
feature-extraction|az|unknown,10682,245,3
feature-extraction|bn|unknown,10682,245,4
feature-extraction|ca|unknown,10681,245,2
feature-extraction|el|unknown,10683,246,4
feature-extraction|es|unknown,10689,249,18
feature-extraction|et|unknown,10683,246,4
feature-extraction|fa|unknown,10688,248,10
feature-extraction|fr|unknown,10690,251,12
feature-extraction|hi|unknown,10684,245,6
feature-extraction|hu|unknown,10682,246,3
feature-extraction|id|unknown,10685,247,8
feature-extraction|is|unknown,10682,245,3
feature-extraction|it|unknown,10685,248,12
feature-extraction|ja|unknown,10683,247,5
feature-extraction|ka|unknown,10681,245,2
feature-extraction|kk|unknown,10683,245,4
feature-extraction|ko|unknown,10693,251,16
feature-extraction|lv|unknown,10681,245,2
feature-extraction|mk|unknown,10681,245,2
feature-extraction|ms|unknown,10700,245,21
feature-extraction|nl|unknown,10692,246,13
feature-extraction|ps|unknown,10681,245,2
feature-extraction|ro|unknown,10682,246,8
feature-extraction|sl|unknown,10681,245,2
feature-extraction|sq|unknown,10681,245,2
feature-extraction|sv|unknown,10707,247,36
feature-extraction|th|unknown,10683,247,4
feature-extraction|tl|unknown,10681,245,2
feature-extraction|tr|unknown,10684,246,6
feature-extraction|ur|unknown,10682,246,4
feature-extraction|zh|unknown,10716,255,37
text-classification|eu|permissive,10364,794,38
question-answering|es|unknown,4430,138,41
text-generation|en|copyleft,876,327,631
automatic-speech-recognition|ne|permissive,3385,255,624
image-text-to-text|unk|unknown,8245,551,9262
question-answering|eu|unknown,4403,135,3
text-generation|ru|permissive,20039,4934,1427
text-classification|de|unknown,49662,927,93
automatic-speech-recognition|cs|permissive,3416,262,671
automatic-speech-recognition|ka|permissive,3368,255,544
text-generation|sk|copyleft,432,170,21
summarization|unk|unknown,957,117,592
text-generation|ja|unknown,128636,15140,275
zero-shot-classification|en|permissive,194,90,200
zero-shot-classification|en|unknown,55,13,31
zero-shot-classification|ar|permissive,72,40,34
zero-shot-classification|bg|permissive,65,32,22
zero-shot-classification|de|permissive,74,37,35
zero-shot-classification|el|permissive,68,34,25
zero-shot-classification|es|permissive,72,37,33
zero-shot-classification|fr|permissive,73,37,35
zero-shot-classification|hi|permissive,64,31,24
zero-shot-classification|ru|permissive,74,40,36
zero-shot-classification|sw|permissive,65,33,25
zero-shot-classification|th|permissive,66,34,24
zero-shot-classification|tr|permissive,80,38,41
zero-shot-classification|ur|permissive,65,33,25
zero-shot-classification|vi|permissive,65,33,25
zero-shot-classification|zh|permissive,71,34,35
fill-mask|tn|unknown,6427,329,5
fill-mask|zu|unknown,6426,328,4
text-classification|unk|copyleft,395,84,384
automatic-speech-recognition|ja|unknown,8264,129,52
summarization|hu|permissive,335,76,9
text-generation|hu|permissive,19372,4735,236
translation|en|copyleft,59,14,75
translation|hu|copyleft,10,3,2
translation|en|unknown,1061,80,415
translation|pt|unknown,722,37,39
image-segmentation|unk|permissive,1707,139,1530
automatic-speech-recognition|no|permissive,3398,263,612
zero-shot-classification|no|permissive,53,26,7
token-classification|no|permissive,2428,292,65
text-classification|no|permissive,10371,795,49
text-classification|se|permissive,10348,791,2
text-generation|nb|permissive,19255,4689,48
text-generation|nn|permissive,19258,4695,69
text-generation|no|permissive,19342,4720,208
unk|no|permissive,161252,4565,361
automatic-speech-recognition|nb|permissive,3110,257,38
automatic-speech-recognition|nn|permissive,3363,259,522
fill-mask|unk|copyleft,268,87,108
automatic-speech-recognition|unk|other,255,60,117
text-classification|da|unknown,49610,920,19
unk|vi|permissive,161405,4581,723
text-generation|vi|unknown,128546,15102,91
text-generation|he|permissive,19362,4727,216
text-generation|ja|permissive,20146,5007,1835
text-generation|mn|unknown,128510,15090,10
automatic-speech-recognition|en|permissive,4549,361,3270
automatic-speech-recognition|ca|permissive,3406,259,601
automatic-speech-recognition|el|permissive,3436,261,672
text-classification|pt|unknown,49668,921,104
automatic-speech-recognition|et|unknown,8232,125,8
automatic-speech-recognition|ru|unknown,8255,127,38
automatic-speech-recognition|fi|permissive,3451,269,718
image-classification|en|permissive,7166,774,1498
audio-classification|unk|unknown,982,47,1087
unk|es|permissive,161942,4659,1584
question-answering|id|permissive,2059,228,93
object-detection|unk|unknown,1738,44,1694
unk|hu|permissive,161245,4557,364
question-answering|de|unknown,4410,135,9
sentence-similarity|de|unknown,4457,478,43
zero-shot-classification|de|unknown,31,5,4
sentence-similarity|fr|unknown,4463,479,48
automatic-speech-recognition|hi|unknown,8260,129,45
object-detection|en|permissive,1713,114,491
unk|bn|permissive,161336,4556,506
zero-shot-image-classification|unk|unknown,364,11,522
token-classification|bn|permissive,2419,293,79
video-classification|unk|permissive,243,36,254
unk|cs|permissive,161276,4554,406
summarization|de|permissive,341,83,15
question-answering|ja|copyleft,43,21,13
unk|en|responsible_ai,54546,214,580
text-classification|en|noncommercial,476,98,324
text-classification|en|responsible_ai,194,53,96
unk|ru|responsible_ai,54072,149,46
text-classification|ru|responsible_ai,108,20,11
unk|unk|responsible_ai,54966,243,54631
text-classification|fr|responsible_ai,109,23,12
text-classification|it|responsible_ai,106,20,8
text-classification|pt|responsible_ai,103,16,6
text-classification|id|permissive,10466,808,283
unk|en|copyleft,5301,216,500
feature-extraction|de|permissive,2039,336,190
feature-extraction|es|permissive,2022,334,175
feature-extraction|it|permissive,2001,328,148
feature-extraction|nl|permissive,1988,323,129
feature-extraction|pl|permissive,1989,322,130
feature-extraction|pt|permissive,2055,326,206
feature-extraction|ru|permissive,2042,335,200
summarization|de|noncommercial,4,3,2
summarization|en|noncommercial,13,7,12
automatic-speech-recognition|bn|permissive,3425,258,663
automatic-speech-recognition|et|permissive,3465,260,692
text-generation|de|copyleft,450,174,39
translation|de|copyleft,17,4,9
text-generation|uk|unknown,128512,15093,18
token-classification|unk|noncommercial,417,57,441
feature-extraction|da|permissive,1991,322,132
sentence-similarity|fi|unknown,4446,477,16
unk|cs|unknown,149780,4275,28
unk|no|unknown,149771,4276,13
sentence-similarity|vi|unknown,4450,479,40
question-answering|id|unknown,4412,141,16
text-to-image|en|copyleft,188,29,57
text-to-image|ru|copyleft,153,21,5
text-classification|ar|unknown,49680,925,105
summarization|unk|permissive,903,215,562
fill-mask|wo|unknown,6427,328,5
automatic-speech-recognition|wo|permissive,3111,250,37
text-generation|ta|unknown,128516,15093,27
feature-extraction|pt|unknown,10683,248,10
image-to-text|pt|permissive,370,83,16
image-feature-extraction|unk|unknown,226,15,228
automatic-speech-recognition|ky|permissive,3109,252,38
text-generation|unk|copyleft,1080,387,485
unk|tr|unknown,149805,4278,94
unk|as|unknown,149768,4274,9
unk|bn|unknown,149790,4280,53
unk|gu|unknown,149774,4274,21
unk|hi|unknown,149797,4278,73
unk|kn|unknown,149771,4275,12
unk|ml|unknown,149784,4277,28
unk|mr|unknown,149778,4275,26
unk|or|unknown,149770,4274,11
unk|pa|unknown,149771,4274,14
unk|ta|unknown,149783,4275,32
unk|te|unknown,149782,4276,29
unk|as|permissive,161134,4533,121
unk|gu|permissive,161199,4544,258
unk|kn|permissive,161194,4541,248
unk|ml|permissive,161216,4545,280
unk|mr|permissive,161207,4549,283
unk|or|permissive,161135,4535,128
unk|pa|permissive,161181,4543,235
unk|ta|permissive,161246,4549,347
unk|te|permissive,161207,4546,269
question-answering|ko|copyleft,36,11,8
summarization|ko|permissive,336,81,13
question-answering|th|unknown,4405,136,7
automatic-speech-recognition|th|copyleft,46,10,12
text-classification|id|unknown,49649,919,64
feature-extraction|id|permissive,1999,327,146
token-classification|hu|permissive,2413,287,58
token-classification|tr|permissive,2476,307,221
text-classification|tr|unknown,49663,926,78
token-classification|sq|permissive,2409,286,48
text-generation|ar|unknown,128551,15103,107
unk|ar|permissive,161646,4606,1136
summarization|ko|unknown,577,57,31
unk|bg|permissive,161226,4552,303
unk|de|permissive,161949,4628,1527
unk|el|permissive,161256,4560,392
unk|sw|permissive,161252,4559,383
unk|th|permissive,161367,4561,804
unk|tr|permissive,161500,4583,809
unk|ur|permissive,161230,4553,315
text-classification|bn|unknown,49618,917,22
automatic-speech-recognition|pl|permissive,3486,267,768
fill-mask|dz|permissive,1976,225,2
unk|pl|unknown,149787,4279,32
text-classification|af|permissive,10375,798,58
text-classification|an|permissive,10355,793,15
text-classification|az|permissive,10371,794,54
text-classification|ba|permissive,10359,792,20
text-classification|be|permissive,10361,794,36
text-classification|bn|permissive,10412,801,130
text-classification|br|permissive,10359,793,31
text-classification|bs|permissive,10362,794,39
text-classification|ce|permissive,10355,792,15
text-classification|cv|permissive,10356,792,15
text-classification|cy|permissive,10365,794,42
text-classification|et|permissive,10383,795,58
text-classification|gl|permissive,10370,794,45
text-classification|gu|permissive,10369,795,57
text-classification|hi|permissive,10451,804,220
text-classification|hr|permissive,10383,794,67
text-classification|ht|permissive,10358,793,20
text-classification|hy|permissive,10364,794,39
text-classification|io|permissive,10354,792,13
text-classification|ja|permissive,10451,808,224
text-classification|jv|permissive,10367,794,43
text-classification|ka|permissive,10367,795,45
text-classification|kk|permissive,10366,796,45
text-classification|ko|permissive,10465,813,309
text-classification|ky|permissive,10364,794,37
text-classification|lv|permissive,10388,797,65
text-classification|mg|permissive,10359,794,35
text-classification|mk|permissive,10365,794,38
text-classification|mr|permissive,10392,795,76
text-classification|ms|permissive,10378,797,72
text-classification|my|permissive,10369,795,55
text-classification|nb|permissive,10361,793,26
text-classification|ne|permissive,10378,796,66
text-classification|oc|permissive,10354,792,14
text-classification|pa|permissive,10374,797,54
text-classification|sq|permissive,10366,794,41
text-classification|su|permissive,10362,794,36
text-classification|sw|permissive,10380,798,84
text-classification|te|permissive,10371,796,59
text-classification|tg|permissive,10356,793,18
text-classification|tl|permissive,10381,795,64
text-classification|tr|permissive,10500,809,327
text-classification|tt|permissive,10357,792,18
text-classification|uk|permissive,10380,798,79
text-classification|uz|permissive,10369,795,44
text-classification|vi|permissive,10445,803,232
text-classification|vo|permissive,10354,792,13
text-classification|yo|permissive,10365,795,36
automatic-speech-recognition|kn|permissive,3381,262,546
automatic-speech-recognition|ko|permissive,3491,268,952
question-answering|vi|permissive,2086,239,65
audio-classification|en|permissive,999,149,432
automatic-speech-recognition|cv|permissive,3099,249,14
automatic-speech-recognition|lv|permissive,3395,259,606
automatic-speech-recognition|mn|permissive,3397,257,596
automatic-speech-recognition|ro|permissive,3412,261,727
automatic-speech-recognition|tt|permissive,3365,255,521
automatic-speech-recognition|uk|permissive,3453,261,710
question-answering|it|unknown,4407,135,6
automatic-speech-recognition|dv|permissive,3106,249,57
automatic-speech-recognition|ia|permissive,3097,249,9
automatic-speech-recognition|te|permissive,3397,264,616
automatic-speech-recognition|sk|permissive,3391,258,616
translation|ru|unknown,769,44,89
text-to-image|en|unknown,8580,340,280
automatic-speech-recognition|hy|permissive,3378,254,559
text-classification|af|unknown,49602,917,5
text-classification|pl|unknown,49609,917,14
automatic-speech-recognition|bn|copyleft,41,10,7
sentence-similarity|en|permissive,2024,377,2345
sentence-similarity|dv|unknown,4441,476,2
text-generation|ar|other,4023,1129,318
automatic-speech-recognition|tw|unknown,8232,125,6
text-to-speech|mn|unknown,158,21,14
text-generation|sw|permissive,19346,4717,221
table-question-answering|unk|unknown,58,7,39
text-generation|ko|unknown,128718,15168,328
question-answering|ko|noncommercial,13,5,2
text-classification|ko|noncommercial,296,66,18
sentence-similarity|unk|noncommercial,85,33,31
feature-extraction|sv|permissive,1979,321,120
text-generation|sv|unknown,128514,15094,11
automatic-speech-recognition|lg|permissive,3118,252,85
automatic-speech-recognition|en|unknown,8419,142,273
text-generation|id|permissive,19518,4753,554
fill-mask|en|responsible_ai,31,6,13
text-generation|ko|noncommercial,2430,1152,553
feature-extraction|ko|permissive,2017,327,187
token-classification|id|permissive,2428,290,104
summarization|id|permissive,340,82,18
summarization|id|unknown,567,56,25
automatic-speech-recognition|eu|permissive,3370,258,574
automatic-speech-recognition|jv|permissive,3109,250,53
automatic-speech-recognition|su|permissive,3353,253,504
fill-mask|ig|permissive,1988,231,18
fill-mask|rn|permissive,1978,226,8
fill-mask|rw|permissive,1984,227,14
fill-mask|ti|permissive,1982,227,13
text-generation|fr|unknown,128607,15125,195
text-classification|zh|unknown,49671,923,91
automatic-speech-recognition|th|permissive,3459,262,745
question-answering|sw|unknown,4405,138,5
token-classification|zh|copyleft,117,22,31
fill-mask|zh|copyleft,107,20,10
text-classification|hr|copyleft,195,32,6
unk|bs|permissive,161144,4539,134
unk|hr|permissive,161185,4547,194
unk|sr|permissive,161240,4553,403
token-classification|bs|permissive,2384,284,22
text-classification|sl|copyleft,202,32,13
automatic-speech-recognition|hr|unknown,8234,125,11
unk|it|unknown,149819,4278,84
feature-extraction|it|copyleft,80,5,2
sentence-similarity|cs|permissive,1156,181,235
sentence-similarity|da|permissive,1153,182,237
sentence-similarity|de|permissive,1231,195,346
sentence-similarity|es|permissive,1219,195,338
sentence-similarity|fi|permissive,1148,180,228
sentence-similarity|fr|permissive,1255,212,380
sentence-similarity|he|permissive,1147,180,227
sentence-similarity|hr|permissive,1146,179,224
sentence-similarity|hu|permissive,1148,179,235
sentence-similarity|id|permissive,1197,185,282
sentence-similarity|it|permissive,1231,196,323
sentence-similarity|nl|permissive,1208,191,310
sentence-similarity|no|permissive,1093,179,108
sentence-similarity|pl|permissive,1212,187,291
sentence-similarity|pt|permissive,1245,197,345
sentence-similarity|ro|permissive,1149,181,231
sentence-similarity|ru|permissive,1255,202,364
sentence-similarity|tr|permissive,1219,196,357
sentence-similarity|vi|permissive,1220,189,348
unk|zh|unknown,149937,4296,299
unk|ca|permissive,161286,4573,452
zero-shot-classification|ru|unknown,32,6,5
text-generation|ja|other,4209,1193,636
sentence-similarity|ja|copyleft,14,4,3
automatic-speech-recognition|eo|permissive,3102,251,16
token-classification|sk|noncommercial,248,25,1
token-classification|sk|permissive,2416,288,68
unk|mk|permissive,161190,4546,246
unk|uk|permissive,161314,4562,511
unk|pl|permissive,161366,4576,592
unk|sl|permissive,161212,4549,316
translation|ca|unknown,720,35,24
translation|es|unknown,803,40,123
text-ranking|en|permissive,143,86,245
token-classification|de|permissive,2540,318,678
summarization|am|unknown,562,52,16
summarization|ar|unknown,581,54,35
summarization|az|unknown,562,52,15
summarization|bn|unknown,565,54,18
summarization|cy|unknown,562,52,15
summarization|en|unknown,805,78,312
summarization|fa|unknown,572,53,25
summarization|fr|unknown,574,59,27
summarization|gd|unknown,562,52,15
summarization|gu|unknown,562,52,15
summarization|ha|unknown,562,52,15
summarization|hi|unknown,563,52,16
summarization|ig|unknown,562,52,15
summarization|ja|unknown,563,52,16
summarization|ky|unknown,562,52,15
summarization|mr|unknown,563,52,16
summarization|my|unknown,562,52,15
summarization|ne|unknown,565,52,19
summarization|om|unknown,562,52,15
summarization|pa|unknown,562,52,15
summarization|ps|unknown,562,52,15
summarization|pt|unknown,565,52,18
summarization|rn|unknown,562,52,15
summarization|ru|unknown,567,54,21
summarization|si|unknown,567,57,24
summarization|so|unknown,562,52,15
summarization|sr|unknown,562,52,15
summarization|sw|unknown,562,52,15
summarization|ta|unknown,563,52,16
summarization|te|unknown,563,52,16
summarization|th|unknown,565,53,19
summarization|ti|unknown,562,52,15
summarization|tr|unknown,563,52,17
summarization|uk|unknown,563,53,16
summarization|ur|unknown,566,54,19
summarization|uz|unknown,562,52,15
summarization|vi|unknown,568,54,21
summarization|yo|unknown,562,52,15
summarization|zh|unknown,579,52,32
text-classification|el|copyleft,199,34,10
fill-mask|el|copyleft,102,18,3
sentence-similarity|ko|permissive,1230,192,349
feature-extraction|af|permissive,1969,317,100
feature-extraction|am|permissive,1965,311,95
feature-extraction|ar|permissive,2000,328,154
feature-extraction|as|permissive,1962,307,89
feature-extraction|az|permissive,1972,318,111
feature-extraction|be|permissive,1967,316,98
feature-extraction|bg|permissive,1984,320,124
feature-extraction|bn|permissive,1982,319,120
feature-extraction|bo|permissive,1934,299,6
feature-extraction|bs|permissive,1964,313,95
feature-extraction|ca|permissive,1974,318,114
feature-extraction|co|permissive,1932,299,4
feature-extraction|cs|permissive,1990,319,130
feature-extraction|cy|permissive,1968,317,99
feature-extraction|el|permissive,1980,321,120
feature-extraction|eo|permissive,1959,309,79
feature-extraction|et|permissive,1974,319,110
feature-extraction|eu|permissive,1968,315,95
feature-extraction|fa|permissive,1985,320,128
feature-extraction|fy|permissive,1957,307,70
feature-extraction|ga|permissive,1969,315,100
feature-extraction|gd|permissive,1957,307,70
feature-extraction|gl|permissive,1969,317,108
feature-extraction|gu|permissive,1973,317,112
feature-extraction|ha|permissive,1957,307,80
feature-extraction|he|permissive,1988,319,128
feature-extraction|hi|permissive,1998,325,145
feature-extraction|hr|permissive,1974,319,109
feature-extraction|ht|permissive,1943,309,24
feature-extraction|hu|permissive,1980,320,120
feature-extraction|hy|permissive,1972,316,113
feature-extraction|ig|permissive,1933,300,15
feature-extraction|is|permissive,1977,317,109
feature-extraction|ja|permissive,2043,336,194
feature-extraction|jv|permissive,1967,316,98
feature-extraction|ka|permissive,1975,317,111
feature-extraction|kk|permissive,1971,317,103
feature-extraction|km|permissive,1971,315,106
feature-extraction|kn|permissive,1973,317,109
feature-extraction|ku|permissive,1957,306,74
feature-extraction|ky|permissive,1964,313,88
feature-extraction|la|permissive,1963,312,85
feature-extraction|lb|permissive,1936,303,24
feature-extraction|lo|permissive,1964,313,98
feature-extraction|lt|permissive,1974,319,109
feature-extraction|lv|permissive,1975,320,110
feature-extraction|mg|permissive,1964,313,86
feature-extraction|mi|permissive,1933,300,14
feature-extraction|mk|permissive,1970,316,104
feature-extraction|ml|permissive,1973,317,109
feature-extraction|mn|permissive,1968,316,102
feature-extraction|mr|permissive,1977,318,117
feature-extraction|ms|permissive,1973,317,108
feature-extraction|mt|permissive,1937,302,18
feature-extraction|my|permissive,1969,316,108
feature-extraction|ne|permissive,1974,316,114
feature-extraction|no|permissive,1970,314,101
feature-extraction|ny|permissive,1932,299,13
feature-extraction|or|permissive,1962,308,89
feature-extraction|pa|permissive,1972,317,108
feature-extraction|ro|permissive,1977,321,117
feature-extraction|rw|permissive,1933,300,6
feature-extraction|si|permissive,1965,313,90
feature-extraction|sk|permissive,1974,319,114
feature-extraction|sl|permissive,1974,319,109
feature-extraction|sm|permissive,1932,299,4
feature-extraction|sn|permissive,1932,299,13
feature-extraction|so|permissive,1961,311,84
feature-extraction|sq|permissive,1972,317,98
feature-extraction|sr|permissive,1973,318,108
feature-extraction|st|permissive,1932,299,4
feature-extraction|su|permissive,1961,310,76
feature-extraction|sw|permissive,1980,319,119
feature-extraction|ta|permissive,1975,317,111
feature-extraction|te|permissive,1982,318,119
feature-extraction|tg|permissive,1939,305,34
feature-extraction|th|permissive,1984,319,125
feature-extraction|tk|permissive,1932,299,4
feature-extraction|tl|permissive,1972,318,109
feature-extraction|tr|permissive,2000,325,146
feature-extraction|tt|permissive,1939,305,20
feature-extraction|ug|permissive,1956,306,69
feature-extraction|uk|permissive,1982,320,122
feature-extraction|ur|permissive,1979,315,117
feature-extraction|uz|permissive,1968,314,100
feature-extraction|vi|permissive,1990,322,137
feature-extraction|wo|permissive,1933,300,14
feature-extraction|xh|permissive,1961,311,91
feature-extraction|yi|permissive,1957,307,70
feature-extraction|yo|permissive,1945,309,36
feature-extraction|zu|permissive,1933,300,15
text-to-image|en|permissive,5814,377,2072
visual-question-answering|unk|permissive,311,90,214
token-classification|hr|other,50,9,6
text-to-speech|fr|permissive,632,98,372
object-detection|unk|permissive,1771,119,2453
automatic-speech-recognition|it|permissive,3574,277,957
unk|it|permissive,161640,4604,1120
sentence-similarity|ko|unknown,4473,478,54
unk|kr|permissive,161075,4518,16
image-classification|en|unknown,5930,148,176
question-answering|de|permissive,2071,241,47
text-generation|pl|unknown,128538,15099,48
unk|pt|unknown,149836,4284,237
automatic-speech-recognition|vi|noncommercial,319,44,41
token-classification|ro|permissive,2424,290,83
sentence-similarity|es|unknown,4465,477,55
unk|af|permissive,161212,4548,294
unk|eu|permissive,161207,4550,260
unk|id|permissive,161421,4582,976
unk|pt|permissive,161637,4616,1219
unk|yo|permissive,161169,4536,224
text-generation|ar|permissive,19730,4864,1045
unk|eo|permissive,161134,4535,156
question-answering|tr|unknown,4413,140,14
audio-to-audio|en|permissive,621,58,284
automatic-speech-recognition|zh|permissive,3612,280,1155
audio-to-audio|unk|permissive,707,65,370
voice-activity-detection|unk|permissive,124,13,114
automatic-speech-recognition|kr|permissive,3099,249,11
voice-activity-detection|en|permissive,117,9,24
text-to-speech|zh|permissive,802,107,621
text-to-speech|ja|permissive,707,99,471
question-answering|fr|unknown,4403,136,5
token-classification|af|copyleft,91,17,3
token-classification|da|copyleft,96,17,8
token-classification|de|copyleft,106,21,18
token-classification|es|copyleft,104,20,18
token-classification|fi|copyleft,94,17,6
token-classification|fr|copyleft,107,18,19
token-classification|ga|copyleft,91,17,3
token-classification|hr|copyleft,94,17,6
token-classification|id|copyleft,92,17,4
token-classification|ko|copyleft,111,23,25
token-classification|lt|copyleft,94,17,6
token-classification|lv|copyleft,91,17,3
token-classification|nb|copyleft,91,17,3
token-classification|nl|copyleft,113,20,31
token-classification|pl|copyleft,95,19,8
token-classification|pt|copyleft,101,17,13
token-classification|ro|copyleft,101,19,15
token-classification|ru|copyleft,98,20,11
token-classification|sk|copyleft,92,18,4
token-classification|sr|copyleft,111,23,23
token-classification|sv|copyleft,98,20,46
token-classification|vi|copyleft,96,22,12
zero-shot-classification|unk|permissive,251,119,57
image-feature-extraction|unk|permissive,702,133,745
feature-extraction|en|noncommercial,277,76,154
text-to-speech|en|unknown,323,44,205
unk|am|permissive,161201,4553,276
unk|az|permissive,161188,4541,253
unk|ba|permissive,161098,4522,68
unk|be|permissive,161165,4538,215
unk|br|permissive,161108,4528,90
unk|cy|permissive,161180,4542,281
unk|et|permissive,161197,4548,258
unk|fa|permissive,161328,4560,532
unk|ff|permissive,161095,4523,52
unk|fy|permissive,161132,4532,159
unk|gd|permissive,161132,4534,159
unk|gl|permissive,161213,4551,292
unk|ha|permissive,161189,4548,262
unk|ht|permissive,161125,4526,149
unk|hy|permissive,161169,4541,210
unk|ig|permissive,161158,4535,256
unk|is|permissive,161224,4551,323
unk|jv|permissive,161191,4552,237
unk|ka|permissive,161191,4545,296
unk|kk|permissive,161204,4550,313
unk|km|permissive,161196,4547,254
unk|lb|permissive,161135,4528,198
unk|lg|permissive,161103,4527,68
unk|ln|permissive,161103,4525,67
unk|lo|permissive,161169,4544,214
unk|lt|permissive,161198,4546,251
unk|lv|permissive,161209,4549,316
unk|mg|permissive,161149,4538,185
unk|mn|permissive,161165,4542,221
unk|ms|permissive,161233,4550,372
unk|my|permissive,161194,4544,251
unk|ne|permissive,161230,4546,1224
unk|nl|permissive,161358,4578,745
unk|oc|permissive,161105,4522,67
unk|ps|permissive,161149,4538,183
unk|ro|permissive,161411,4561,709
unk|sd|permissive,161146,4536,181
unk|si|permissive,161165,4542,238
unk|sk|permissive,161207,4546,314
unk|so|permissive,161172,4544,210
unk|sq|permissive,161171,4543,217
unk|ss|permissive,161089,4520,43
unk|su|permissive,161170,4546,209
unk|sv|permissive,161296,4562,477
unk|tl|permissive,161159,4542,181
unk|tn|permissive,161089,4523,48
unk|uz|permissive,161174,4541,224
unk|wo|permissive,161100,4524,60
unk|xh|permissive,161167,4542,205
unk|yi|permissive,161138,4533,169
unk|zu|permissive,161150,4533,173
image-segmentation|unk|other,371,66,792
translation|af|unknown,719,34,29
translation|ar|unknown,744,43,68
translation|az|unknown,704,32,12
translation|bn|unknown,718,38,37
translation|cs|unknown,728,39,47
translation|de|unknown,791,41,111
translation|et|unknown,725,35,37
translation|fa|unknown,716,34,31
translation|fi|unknown,754,35,66
translation|fr|unknown,782,38,106
translation|gl|unknown,709,35,19
translation|gu|unknown,713,36,32
translation|he|unknown,733,36,50
translation|hi|unknown,737,39,57
translation|hr|unknown,705,35,15
translation|id|unknown,730,39,51
translation|it|unknown,744,37,63
translation|ja|unknown,758,46,78
translation|ka|unknown,703,34,13
translation|kk|unknown,713,36,32
translation|km|unknown,712,36,29
translation|ko|unknown,735,42,55
translation|lt|unknown,721,35,33
translation|lv|unknown,715,33,25
translation|mk|unknown,703,34,13
translation|ml|unknown,708,34,18
translation|mn|unknown,711,34,26
translation|mr|unknown,714,35,30
translation|my|unknown,713,36,33
translation|ne|unknown,702,32,12
translation|nl|unknown,741,38,61
translation|pl|unknown,717,38,35
translation|ps|unknown,701,32,9
translation|ro|unknown,707,36,19
translation|si|unknown,712,41,28
translation|sl|unknown,705,35,15
translation|sv|unknown,751,35,61
translation|sw|unknown,703,33,11
translation|ta|unknown,718,39,37
translation|te|unknown,712,34,29
translation|th|unknown,716,38,33
translation|tl|unknown,714,36,31
translation|tr|unknown,738,37,57
translation|uk|unknown,747,38,64
translation|ur|unknown,722,36,39
translation|vi|unknown,751,40,80
translation|xh|unknown,712,34,22
translation|zh|unknown,768,53,95
unk|af|unknown,149774,4274,19
unk|az|unknown,149772,4274,16
unk|de|unknown,149839,4284,143
unk|et|unknown,149776,4274,16
unk|fi|unknown,149780,4274,28
unk|gl|unknown,149771,4276,12
unk|he|unknown,149779,4274,22
unk|hr|unknown,149773,4274,13
unk|ja|unknown,149837,4289,171
unk|ka|unknown,149772,4274,15
unk|kk|unknown,149771,4275,11
unk|km|unknown,149770,4274,13
unk|lt|unknown,149769,4274,9
unk|lv|unknown,149770,4274,10
unk|mk|unknown,149772,4274,12
unk|mn|unknown,149774,4275,17
unk|my|unknown,149770,4274,12
unk|ne|unknown,149771,4274,16
unk|nl|unknown,149782,4278,40
unk|ps|unknown,149768,4274,8
unk|ro|unknown,149775,4274,20
unk|si|unknown,149771,4274,22
unk|sl|unknown,149774,4274,15
unk|sw|unknown,149778,4274,22
unk|th|unknown,149791,4279,46
unk|tl|unknown,149774,4276,23
unk|uk|unknown,149781,4276,29
unk|ur|unknown,149786,4276,36
unk|vi|unknown,149813,4286,87
unk|xh|unknown,149772,4274,12
automatic-speech-recognition|fa|permissive,3474,268,718
text-to-speech|ar|unknown,172,26,25
text-to-speech|es|unknown,175,24,38
text-to-speech|fr|unknown,173,24,36
text-to-speech|ru|unknown,172,25,35
text-to-speech|tr|unknown,166,24,26
text-to-speech|vi|unknown,168,25,29
text-to-speech|zh|unknown,195,30,61
automatic-speech-recognition|cs|noncommercial,310,43,19
automatic-speech-recognition|de|noncommercial,322,48,40
automatic-speech-recognition|en|noncommercial,366,58,111
automatic-speech-recognition|es|noncommercial,321,47,32
automatic-speech-recognition|et|noncommercial,311,42,20
automatic-speech-recognition|fi|noncommercial,311,44,21
automatic-speech-recognition|fr|noncommercial,325,46,38
automatic-speech-recognition|hr|noncommercial,307,42,12
automatic-speech-recognition|hu|noncommercial,310,44,20
automatic-speech-recognition|it|noncommercial,314,43,24
automatic-speech-recognition|lt|noncommercial,309,42,18
automatic-speech-recognition|nl|noncommercial,320,43,30
automatic-speech-recognition|pl|noncommercial,312,45,22
automatic-speech-recognition|ro|noncommercial,311,43,20
automatic-speech-recognition|sk|noncommercial,309,43,18
automatic-speech-recognition|sl|noncommercial,311,43,20
automatic-speech-recognition|bg|noncommercial,308,42,17
automatic-speech-recognition|da|noncommercial,313,44,24
automatic-speech-recognition|el|noncommercial,324,43,34
automatic-speech-recognition|lv|noncommercial,306,42,15
automatic-speech-recognition|mt|noncommercial,314,44,24
automatic-speech-recognition|pt|noncommercial,313,43,23
automatic-speech-recognition|sv|noncommercial,312,42,21
automatic-speech-recognition|cy|permissive,3369,254,545
unk|ab|permissive,161095,4522,69
unk|bo|permissive,161091,4519,48
unk|cv|permissive,161076,4517,26
unk|dv|permissive,161083,4519,55
unk|fo|permissive,161076,4517,25
unk|gn|permissive,161084,4520,35
unk|gv|permissive,161074,4519,23
unk|ia|permissive,161072,4519,19
unk|ku|permissive,161130,4535,153
unk|ky|permissive,161155,4537,195
unk|la|permissive,161171,4541,199
unk|mi|permissive,161113,4525,114
unk|mt|permissive,161142,4529,144
unk|nn|permissive,161117,4529,72
unk|rm|permissive,161073,4519,19
unk|rw|permissive,161098,4522,56
unk|sa|permissive,161119,4530,95
unk|sn|permissive,161116,4532,126
unk|tg|permissive,161119,4526,121
unk|tk|permissive,161085,4517,35
unk|tt|permissive,161085,4519,36
text-generation|bg|permissive,19349,4737,194
text-generation|bn|permissive,19418,4745,432
text-generation|ca|permissive,19336,4737,196
text-generation|el|permissive,19356,4731,215
text-generation|et|permissive,19317,4721,157
text-generation|eu|permissive,19286,4703,108
text-generation|hi|permissive,19543,4782,678
text-generation|ht|permissive,19265,4693,49
text-generation|it|permissive,19921,4919,1345
text-generation|ko|permissive,20110,5071,1943
text-generation|my|permissive,19299,4715,152
text-generation|qu|permissive,19253,4685,30
text-generation|ta|permissive,19361,4731,309
text-generation|te|permissive,19355,4726,290
text-generation|th|permissive,19467,4756,481
text-generation|tr|permissive,19677,4790,825
text-generation|ur|permissive,19330,4714,179
text-generation|vi|permissive,19486,4776,579
audio-to-audio|unk|unknown,269,8,179
fill-mask|ti|unknown,6428,328,6
token-classification|ti|unknown,8366,196,2
text-classification|ti|unknown,49601,915,4
text-generation|si|unknown,128512,15090,14
text-classification|sw|unknown,49609,919,10
text-generation|da|unknown,128514,15094,10
text-generation|fa|unknown,128531,15092,35
text-generation|sw|unknown,128509,15091,4
text-generation|no|unknown,128514,15092,9
automatic-speech-recognition|dv|unknown,8231,126,8
automatic-speech-recognition|es|unknown,8246,125,25
sentence-similarity|en|unknown,4957,506,949
document-question-answering|unk|unknown,47,4,38
text-generation|tl|unknown,128510,15090,12
image-text-to-text|unk|permissive,4670,1014,6027
image-to-text|unk|unknown,246,58,166
automatic-speech-recognition|km|permissive,3377,255,555
automatic-speech-recognition|gu|permissive,3378,257,544
question-answering|ar|unknown,4416,137,26
automatic-speech-recognition|fa|unknown,8251,128,36
text-generation|bn|unknown,128519,15094,23
question-answering|hi|unknown,4403,135,2
question-answering|ta|unknown,4404,136,4
unk|co|permissive,161095,4522,93
unk|ny|permissive,161106,4526,101
unk|sm|permissive,161094,4523,88
unk|st|permissive,161097,4524,91
feature-extraction|an|permissive,1937,301,9
feature-extraction|ba|permissive,1936,302,8
feature-extraction|br|permissive,1962,312,82
feature-extraction|ce|permissive,1934,301,6
feature-extraction|cv|permissive,1934,301,6
feature-extraction|io|permissive,1934,301,6
feature-extraction|nb|permissive,1941,305,32
feature-extraction|nn|permissive,1938,305,17
feature-extraction|oc|permissive,1938,305,26
feature-extraction|vo|permissive,1937,304,16
table-question-answering|en|permissive,68,22,54
automatic-speech-recognition|ml|permissive,3398,259,609
question-answering|nl|unknown,4403,135,2
question-answering|pl|unknown,4403,135,2
feature-extraction|zh|noncommercial,208,55,38
fill-mask|bo|permissive,1982,227,10
sentence-similarity|hi|unknown,4446,478,15
token-classification|hu|copyleft,98,18,10
text-classification|as|permissive,10367,794,39
text-classification|bh|permissive,10351,791,5
text-classification|or|permissive,10359,792,34
text-classification|si|permissive,10367,799,39
fill-mask|bh|permissive,1978,224,4
automatic-speech-recognition|he|permissive,3375,255,640
automatic-speech-recognition|he|unknown,8243,129,23
summarization|it|permissive,346,77,19
feature-extraction|eu|unknown,10682,247,3
unk|eu|unknown,149768,4276,8
unk|ja|copyleft,4972,161,114
question-answering|da|permissive,2056,230,21
fill-mask|dv|permissive,1976,224,2
fill-mask|nr|permissive,1977,225,3
fill-mask|tn|permissive,1988,229,14
fill-mask|ts|permissive,1986,229,12
fill-mask|tl|copyleft,109,18,10
unk|tl|copyleft,4892,138,16
text-generation|tl|copyleft,421,162,4
sentence-similarity|nl|unknown,4452,478,30
token-classification|ga|permissive,2444,288,87
automatic-speech-recognition|ga|permissive,3105,250,63
automatic-speech-recognition|ab|unknown,8231,125,3
token-classification|yo|unknown,8367,196,4
tabular-classification|unk|unknown,253,2,219
text-generation|zh|unknown,128902,15176,526
token-classification|ja|permissive,2506,336,219
tabular-classification|unk|permissive,601,14,339
image-to-image|unk|unknown,423,39,417
video-to-video|unk|permissive,113,24,106
image-to-text|unk|permissive,1005,220,428
image-to-image|unk|permissive,1362,143,1263
time-series-forecasting|unk|permissive,737,49,702
video-classification|unk|unknown,443,15,436
image-to-text|ja|permissive,400,89,64
sentence-similarity|sk|permissive,1146,180,227
fill-mask|ko|copyleft,107,18,15
feature-extraction|om|permissive,1954,305,75
feature-extraction|ps|permissive,1955,306,75
feature-extraction|sa|permissive,1961,305,76
feature-extraction|sd|permissive,1956,306,80
question-answering|ja|noncommercial,12,4,1
text-classification|ja|noncommercial,293,67,12
unk|ja|noncommercial,6007,519,160
text-to-speech|ko|permissive,607,90,352
question-answering|zh|unknown,4424,141,26
sentence-similarity|el|permissive,1149,180,229
summarization|fr|permissive,345,81,19
automatic-speech-recognition|la|copyleft,37,9,2
automatic-speech-recognition|unk|copyleft,93,23,45
automatic-speech-recognition|rw|permissive,3119,251,41
automatic-speech-recognition|ug|permissive,3093,249,12
automatic-speech-recognition|uz|permissive,3378,257,600
question-answering|zh|permissive,2120,257,122
summarization|fa|permissive,337,78,12
token-classification|is|permissive,2412,286,49
automatic-speech-recognition|is|permissive,3371,255,541
question-answering|fa|unknown,4405,135,5
question-answering|sv|unknown,4402,135,1
text-generation|mk|permissive,19279,4700,84
text-generation|hr|permissive,19315,4720,153
text-generation|sl|permissive,19325,4725,161
text-generation|sr|permissive,19326,4721,170
token-classification|af|permissive,2388,286,23
token-classification|am|permissive,2408,287,43
token-classification|as|permissive,2386,287,23
token-classification|az|permissive,2405,286,49
token-classification|be|permissive,2408,287,44
token-classification|bg|permissive,2422,288,68
token-classification|br|permissive,2382,283,16
token-classification|ca|permissive,2422,288,71
token-classification|cs|permissive,2429,290,99
token-classification|cy|permissive,2407,286,42
token-classification|el|permissive,2418,288,64
token-classification|eo|permissive,2403,286,35
token-classification|et|permissive,2421,288,68
token-classification|eu|permissive,2412,290,47
token-classification|fi|permissive,2436,296,173
token-classification|fy|permissive,2403,286,32
token-classification|gd|permissive,2405,286,36
token-classification|gl|permissive,2425,287,61
token-classification|gu|permissive,2409,292,48
token-classification|ha|permissive,2405,287,36
token-classification|he|permissive,2417,287,62
token-classification|hi|permissive,2453,305,177
token-classification|hy|permissive,2409,287,45
token-classification|it|permissive,2503,313,293
token-classification|jv|permissive,2403,286,38
token-classification|ka|permissive,2406,286,48
token-classification|kk|permissive,2415,289,59
token-classification|km|permissive,2404,286,36
token-classification|kn|permissive,2410,292,49
token-classification|ko|permissive,2447,300,108
token-classification|ku|permissive,2403,286,36
token-classification|ky|permissive,2407,287,47
token-classification|la|permissive,2413,286,53
token-classification|lo|permissive,2382,283,13
token-classification|lt|permissive,2421,287,63
token-classification|lv|permissive,2424,288,69
token-classification|mg|permissive,2403,286,37
token-classification|mk|permissive,2406,286,44
token-classification|ml|permissive,2411,292,51
token-classification|mn|permissive,2437,286,79
token-classification|mr|permissive,2419,292,62
token-classification|ms|permissive,2412,287,48
token-classification|my|permissive,2406,287,46
token-classification|ne|permissive,2411,291,53
token-classification|om|permissive,2383,283,15
token-classification|or|permissive,2388,287,23
token-classification|pa|permissive,2409,291,50
token-classification|pl|permissive,2444,293,111
token-classification|ps|permissive,2404,286,35
token-classification|sa|permissive,2388,288,21
token-classification|sd|permissive,2387,287,21
token-classification|si|permissive,2407,288,39
token-classification|sl|permissive,2426,288,72
token-classification|so|permissive,2381,283,13
token-classification|su|permissive,2381,283,17
token-classification|sw|permissive,2383,283,23
token-classification|ta|permissive,2417,292,59
token-classification|te|permissive,2422,300,131
token-classification|tl|permissive,2396,287,38
token-classification|ug|permissive,2384,283,15
token-classification|uk|permissive,2444,294,98
token-classification|ur|permissive,2413,291,56
token-classification|uz|permissive,2407,287,52
token-classification|vi|permissive,2442,293,124
token-classification|xh|permissive,2404,287,35
token-classification|yi|permissive,2404,286,35
fill-mask|gl|copyleft,101,17,2
fill-mask|pt|copyleft,101,17,2
token-classification|ig|unknown,8367,196,3
token-classification|rw|unknown,8367,196,3
token-classification|wo|unknown,8367,196,3
text-classification|th|permissive,10394,796,108
text-classification|ur|permissive,10389,796,90
automatic-speech-recognition|ky|unknown,8234,125,6
automatic-speech-recognition|it|unknown,8243,125,22
text-generation|de|unknown,128645,15137,209
summarization|nl|unknown,554,49,3
text-classification|unk|responsible_ai,233,66,102
unk|dv|unknown,149767,4275,9
fill-mask|dv|unknown,6426,326,4
text-generation|es|unknown,128608,15127,206
fill-mask|ks|permissive,1978,228,6
feature-extraction|ta|unknown,10681,245,2
image-text-to-text|es|unknown,7984,487,25
question-answering|pt|permissive,2063,231,30
question-answering|es|permissive,2075,237,56
fill-mask|tg|unknown,6424,326,2
text-generation|en|other,6729,1829,4898
token-classification|en|other,92,28,65
question-answering|fa|permissive,2063,227,81
question-answering|en|noncommercial,35,18,28
question-answering|vi|noncommercial,15,4,6
text-generation|ja|copyleft,478,188,79
image-classification|unk|other,379,74,449
text-to-image|unk|unknown,8591,341,17937
unk|ar|copyleft,4908,141,32
unk|ch|copyleft,4882,138,6
unk|fr|copyleft,4924,141,51
token-classification|el|noncommercial,255,26,8
sentence-similarity|unk|copyleft,54,24,11
unk|es|noncommercial,5961,514,106
question-answering|tr|permissive,2074,236,58
summarization|tr|permissive,336,79,17
automatic-speech-recognition|sv|unknown,8243,125,19
summarization|no|unknown,554,49,3
text-classification|fa|noncommercial,296,63,11
multiple-choice|fa|noncommercial,13,0,6
unk|fa|noncommercial,5931,499,46
question-answering|ca|permissive,2052,226,13
text-classification|ja|copyleft,216,35,31
question-answering|pt|unknown,4404,136,4
token-classification|nb|unknown,8368,196,4
fill-mask|lu|permissive,1980,225,6
text-classification|unk|noncommercial,576,129,512
text-generation|tr|unknown,128546,15100,93
text-classification|hi|unknown,49628,919,48
text-to-speech|unk|permissive,1974,248,739
automatic-speech-recognition|da|permissive,3406,259,653
token-classification|fo|permissive,2385,284,5
token-classification|nb|permissive,2393,287,21
token-classification|nn|permissive,2388,286,16
text-classification|am|permissive,10369,798,56
text-classification|km|permissive,10362,794,39
text-classification|lo|permissive,10357,793,27
text-classification|ps|permissive,10358,794,28
text-classification|sd|permissive,10357,793,31
text-classification|ug|permissive,10353,792,21
image-to-text|en|permissive,857,191,673
question-answering|bn|permissive,2059,228,26
text-ranking|unk|permissive,210,130,152
text-classification|unk|other,324,112,224
text-to-image|ru|unknown,8408,328,4
automatic-speech-recognition|zh|copyleft,43,9,8
unk|pl|copyleft,4924,139,48
text-classification|mn|permissive,10360,793,34
sentence-similarity|af|permissive,1096,174,114
sentence-similarity|am|permissive,1086,177,94
sentence-similarity|ar|permissive,1226,196,351
sentence-similarity|as|permissive,1076,170,76
sentence-similarity|az|permissive,1096,174,119
sentence-similarity|be|permissive,1095,174,113
sentence-similarity|bg|permissive,1150,180,229
sentence-similarity|bn|permissive,1108,183,138
sentence-similarity|bo|permissive,1051,167,17
sentence-similarity|bs|permissive,1079,170,81
sentence-similarity|ca|permissive,1146,181,227
sentence-similarity|co|permissive,1052,168,20
sentence-similarity|cy|permissive,1095,174,113
sentence-similarity|eo|permissive,1075,170,79
sentence-similarity|et|permissive,1145,179,222
sentence-similarity|eu|permissive,1095,174,113
sentence-similarity|fa|permissive,1152,184,238
sentence-similarity|fy|permissive,1074,169,76
sentence-similarity|ga|permissive,1080,171,84
sentence-similarity|gd|permissive,1074,169,76
sentence-similarity|gl|permissive,1143,178,220
sentence-similarity|gu|permissive,1150,182,228
sentence-similarity|ha|permissive,1082,172,87
sentence-similarity|hi|permissive,1201,186,287
sentence-similarity|ht|permissive,1072,172,54
sentence-similarity|hy|permissive,1143,178,220
sentence-similarity|ig|permissive,1059,170,28
sentence-similarity|is|permissive,1095,173,109
sentence-similarity|ja|permissive,1221,200,335
sentence-similarity|jv|permissive,1094,173,110
sentence-similarity|ka|permissive,1142,177,216
sentence-similarity|kk|permissive,1095,173,115
sentence-similarity|km|permissive,1090,173,108
sentence-similarity|kn|permissive,1102,178,121
sentence-similarity|ku|permissive,1123,174,186
sentence-similarity|ky|permissive,1095,174,113
sentence-similarity|la|permissive,1081,174,97
sentence-similarity|lb|permissive,1051,167,15
sentence-similarity|lo|permissive,1090,173,108
sentence-similarity|lt|permissive,1145,179,222
sentence-similarity|lv|permissive,1145,179,222
sentence-similarity|mg|permissive,1079,170,81
sentence-similarity|mi|permissive,1053,169,24
sentence-similarity|mk|permissive,1143,178,220
sentence-similarity|ml|permissive,1101,178,120
sentence-similarity|mn|permissive,1138,177,215
sentence-similarity|mr|permissive,1151,184,230
sentence-similarity|ms|permissive,1145,179,223
sentence-similarity|mt|permissive,1058,169,22
sentence-similarity|my|permissive,1144,178,223
sentence-similarity|ne|permissive,1099,175,116
sentence-similarity|ny|permissive,1057,169,25
sentence-similarity|or|permissive,1080,172,81
sentence-similarity|pa|permissive,1101,177,120
sentence-similarity|rw|permissive,1051,167,15
sentence-similarity|si|permissive,1095,174,113
sentence-similarity|sl|permissive,1146,180,223
sentence-similarity|sm|permissive,1052,168,20
sentence-similarity|sn|permissive,1057,169,25
sentence-similarity|so|permissive,1095,174,113
sentence-similarity|sq|permissive,1143,178,220
sentence-similarity|sr|permissive,1144,177,220
sentence-similarity|st|permissive,1052,168,20
sentence-similarity|su|permissive,1078,170,80
sentence-similarity|sw|permissive,1097,176,119
sentence-similarity|ta|permissive,1106,180,127
sentence-similarity|te|permissive,1103,179,124
sentence-similarity|tg|permissive,1052,168,20
sentence-similarity|th|permissive,1190,181,302
sentence-similarity|tk|permissive,1051,167,15
sentence-similarity|tl|permissive,1095,174,113
sentence-similarity|tt|permissive,1051,167,15
sentence-similarity|ug|permissive,1074,169,76
sentence-similarity|uk|permissive,1151,180,235
sentence-similarity|ur|permissive,1150,180,231
sentence-similarity|uz|permissive,1078,171,85
sentence-similarity|wo|permissive,1056,168,20
sentence-similarity|xh|permissive,1079,170,81
sentence-similarity|yi|permissive,1074,169,76
sentence-similarity|yo|permissive,1074,173,57
sentence-similarity|zh|permissive,1210,201,255
sentence-similarity|zu|permissive,1057,169,25
sentence-similarity|nb|permissive,1097,174,118
feature-extraction|ja|copyleft,91,9,13
token-classification|ca|copyleft,93,17,5
token-classification|mk|copyleft,93,19,5
audio-classification|ar|permissive,706,117,22
audio-classification|br|permissive,697,113,8
audio-classification|ca|permissive,700,113,16
audio-classification|cs|permissive,700,113,13
audio-classification|cv|permissive,694,114,3
audio-classification|cy|permissive,697,113,8
audio-classification|de|permissive,713,120,41
audio-classification|dv|permissive,693,113,1
audio-classification|eo|permissive,697,113,9
audio-classification|es|permissive,721,123,49
audio-classification|et|permissive,700,113,12
audio-classification|eu|permissive,698,113,12
audio-classification|fa|permissive,701,114,15
audio-classification|fr|permissive,714,121,45
audio-classification|fy|permissive,695,113,4
audio-classification|ia|permissive,697,113,6
audio-classification|id|permissive,707,115,25
audio-classification|it|permissive,710,121,39
audio-classification|ja|permissive,708,118,30
audio-classification|ka|permissive,697,113,10
audio-classification|ky|permissive,695,113,5
audio-classification|lv|permissive,697,113,9
audio-classification|mn|permissive,699,113,10
audio-classification|mt|permissive,699,113,9
audio-classification|nl|permissive,700,114,13
audio-classification|pl|permissive,705,118,25
audio-classification|pt|permissive,707,115,25
audio-classification|rm|permissive,693,113,1
audio-classification|ro|permissive,699,113,11
audio-classification|ru|permissive,709,121,48
audio-classification|rw|permissive,695,113,6
audio-classification|sl|permissive,699,113,12
audio-classification|sv|permissive,699,113,11
audio-classification|ta|permissive,706,113,25
audio-classification|tr|permissive,704,114,17
audio-classification|tt|permissive,699,113,10
audio-classification|uk|permissive,700,114,12
audio-classification|ab|permissive,697,113,7
audio-classification|af|permissive,698,112,8
audio-classification|am|permissive,699,113,9
audio-classification|as|permissive,703,113,13
audio-classification|az|permissive,698,112,8
audio-classification|ba|permissive,698,112,10
audio-classification|be|permissive,698,112,11
audio-classification|bg|permissive,698,112,10
audio-classification|bi|permissive,696,112,5
audio-classification|bo|permissive,698,112,8
audio-classification|bs|permissive,698,112,8
audio-classification|da|permissive,699,113,11
audio-classification|fi|permissive,700,113,12
audio-classification|fo|permissive,696,112,6
audio-classification|gl|permissive,698,112,11
audio-classification|gn|permissive,696,112,5
audio-classification|gu|permissive,703,112,14
audio-classification|gv|permissive,696,112,5
audio-classification|ha|permissive,698,112,9
audio-classification|he|permissive,696,112,7
audio-classification|hi|permissive,715,116,33
audio-classification|hr|permissive,698,112,10
audio-classification|ht|permissive,698,112,8
audio-classification|hu|permissive,698,112,10
audio-classification|hy|permissive,698,112,8
audio-classification|is|permissive,696,112,6
audio-classification|jv|permissive,696,112,5
audio-classification|kk|permissive,698,112,9
audio-classification|km|permissive,698,112,8
audio-classification|kn|permissive,702,112,13
audio-classification|ko|permissive,704,114,23
audio-classification|la|permissive,698,112,8
audio-classification|ln|permissive,698,112,13
audio-classification|lo|permissive,698,112,8
audio-classification|lt|permissive,696,112,8
audio-classification|mg|permissive,698,112,8
audio-classification|mi|permissive,696,112,6
audio-classification|mk|permissive,698,112,9
audio-classification|ml|permissive,704,112,16
audio-classification|mr|permissive,708,114,20
audio-classification|ms|permissive,699,113,12
audio-classification|my|permissive,698,112,8
audio-classification|ne|permissive,698,112,8
audio-classification|nn|permissive,698,112,8
audio-classification|no|permissive,699,113,15
audio-classification|oc|permissive,698,112,10
audio-classification|pa|permissive,702,112,13
audio-classification|ps|permissive,699,112,9
audio-classification|sa|permissive,696,112,6
audio-classification|sd|permissive,699,112,9
audio-classification|si|permissive,698,112,8
audio-classification|sk|permissive,698,112,10
audio-classification|sn|permissive,698,112,13
audio-classification|so|permissive,698,112,8
audio-classification|sq|permissive,698,112,8
audio-classification|sr|permissive,700,112,14
audio-classification|su|permissive,698,112,8
audio-classification|sw|permissive,698,112,11
audio-classification|te|permissive,706,113,18
audio-classification|tg|permissive,698,112,9
audio-classification|th|permissive,698,112,12
audio-classification|tk|permissive,698,112,8
audio-classification|tl|permissive,698,112,8
audio-classification|uz|permissive,699,112,12
audio-classification|vi|permissive,706,115,20
audio-classification|yi|permissive,698,112,8
audio-classification|yo|permissive,698,112,8
audio-classification|zh|permissive,721,118,44
unk|zh|copyleft,4949,149,77
unk|de|copyleft,4929,153,48
unk|hu|copyleft,4895,140,19
unk|it|copyleft,4912,142,38
unk|es|copyleft,4918,142,43
token-classification|cu|permissive,2383,283,2
token-classification|mt|permissive,2406,286,31
token-classification|wo|permissive,2384,284,5
feature-extraction|sa|unknown,10681,245,2
question-answering|sv|permissive,2051,225,11
sentence-similarity|ar|unknown,4445,477,27
sentence-similarity|bg|unknown,4444,477,11
sentence-similarity|el|unknown,4446,477,14
sentence-similarity|ru|unknown,4451,477,41
sentence-similarity|th|unknown,4444,477,15
sentence-similarity|tr|unknown,4454,480,42
sentence-similarity|ur|unknown,4444,477,11
sentence-similarity|zh|unknown,4458,479,45
zero-shot-classification|ar|unknown,30,5,3
zero-shot-classification|bg|unknown,29,5,2
zero-shot-classification|el|unknown,29,5,2
zero-shot-classification|es|unknown,32,5,5
zero-shot-classification|fr|unknown,33,5,6
zero-shot-classification|th|unknown,29,5,2
zero-shot-classification|tr|unknown,29,5,2
zero-shot-classification|ur|unknown,29,5,2
zero-shot-classification|zh|unknown,30,6,7
text-to-speech|ch|permissive,443,69,3
document-question-answering|unk|copyleft,4,1,3
document-question-answering|unk|noncommercial,16,7,41
text-classification|ja|unknown,49628,919,36
text-generation|th|unknown,128527,15100,41
token-classification|en|responsible_ai,31,9,17
text-classification|en|other,256,80,187
sentence-similarity|unk|other,65,30,30
fill-mask|da|copyleft,101,18,2
fill-mask|fo|copyleft,102,18,3
fill-mask|is|copyleft,102,19,3
fill-mask|no|copyleft,101,18,2
fill-mask|sv|copyleft,102,19,3
text-classification|is|copyleft,193,31,5
token-classification|is|copyleft,96,19,9
question-answering|is|unknown,4403,135,2
unk|is|copyleft,4915,138,39
translation|is|unknown,721,37,25
text-generation|jv|permissive,19290,4710,107
text-generation|su|permissive,19271,4696,81
question-answering|th|permissive,2061,232,26
fill-mask|unk|noncommercial,211,58,89
text-to-speech|it|unknown,168,24,31
unk|sg|permissive,161074,4518,14
fill-mask|gn|permissive,1980,226,6
image-segmentation|unk|unknown,205,17,175
automatic-speech-recognition|da|other,111,26,36
depth-estimation|unk|unknown,48,8,45
audio-classification|unk|noncommercial,107,31,102
fill-mask|pl|copyleft,101,17,2
fill-mask|uk|copyleft,100,17,1
token-classification|uk|copyleft,93,20,6
token-classification|hi|copyleft,88,17,1
question-answering|he|unknown,4403,137,5
text-generation|mr|permissive,19335,4723,186
reinforcement-learning|unk|unknown,261,48,339
text-classification|es|other,155,48,34
fill-mask|be|copyleft,101,18,2
token-classification|be|copyleft,92,21,6
text-generation|unk|other,7021,1930,10913
automatic-speech-recognition|ml|unknown,8235,126,11
image-text-to-text|ar|unknown,7975,480,11
visual-question-answering|unk|unknown,208,28,171
token-classification|bg|copyleft,90,19,2
unk|cs|noncommercial,5927,505,47
feature-extraction|unk|noncommercial,309,82,210
text-generation|unk|noncommercial,3734,1714,2279
text-classification|eo|permissive,10355,793,22
text-classification|fy|permissive,10353,793,19
text-classification|gd|permissive,10354,793,22
text-classification|ha|permissive,10362,794,40
text-classification|ku|permissive,10355,793,22
text-classification|om|permissive,10355,792,25
text-classification|so|permissive,10359,793,37
text-classification|xh|permissive,10354,793,25
text-classification|yi|permissive,10353,793,20
question-answering|hu|unknown,4409,135,8
sentence-similarity|it|unknown,4454,478,37
text-generation|cs|noncommercial,2079,968,133
text-ranking|fr|permissive,97,59,53
automatic-speech-recognition|de|copyleft,45,9,12
image-classification|en|noncommercial,326,67,87
translation|qu|permissive,5697,1594,40
text-classification|cs|unknown,49609,917,12
token-classification|unk|other,123,49,57
text-to-speech|unk|unknown,510,64,184
audio-classification|en|noncommercial,102,29,37
text-generation|uk|permissive,19412,4743,319
image-classification|unk|copyleft,115,20,94
text-generation|af|permissive,19263,4699,74
text-generation|az|permissive,19280,4701,81
text-generation|ba|permissive,19240,4681,18
text-generation|be|permissive,19278,4698,82
text-generation|cv|permissive,19237,4682,14
text-generation|da|permissive,19381,4748,282
text-generation|hy|permissive,19280,4698,72
text-generation|ka|permissive,19279,4699,79
text-generation|kk|permissive,19323,4717,168
text-generation|ky|permissive,19275,4699,71
text-generation|lt|permissive,19308,4714,147
text-generation|lv|permissive,19299,4712,137
text-generation|ml|permissive,19330,4717,213
text-generation|mn|permissive,19280,4698,64
text-generation|ms|permissive,19309,4713,217
text-generation|os|permissive,19235,4681,12
text-generation|pl|permissive,19491,4767,494
text-generation|sv|permissive,19403,4743,325
text-generation|tg|permissive,19252,4694,35
text-generation|tk|permissive,19235,4680,11
text-generation|tl|permissive,19274,4697,111
text-generation|tt|permissive,19235,4681,31
text-generation|uz|permissive,19287,4700,91
text-generation|yo|permissive,19283,4701,119
feature-extraction|tl|copyleft,80,5,2
automatic-speech-recognition|hi|other,111,27,41
unk|ko|copyleft,4915,140,42
unconditional-image-generation|unk|unknown,55,3,46
unconditional-image-generation|unk|permissive,788,16,734
text-to-image|unk|permissive,5861,389,9727
fill-mask|ny|permissive,1987,231,16
fill-mask|sn|permissive,1985,231,14
fill-mask|st|permissive,1982,226,11
fill-mask|zu|permissive,1990,233,19
automatic-speech-recognition|be|copyleft,40,9,5
translation|bs|permissive,5732,1596,110
translation|sr|permissive,5732,1596,117
fill-mask|mt|noncommercial,85,27,2
fill-mask|sr|copyleft,104,19,6
question-answering|bg|permissive,2056,230,20
translation|unk|noncommercial,240,56,70
zero-shot-image-classification|en|permissive,726,87,147
token-classification|et|copyleft,91,18,7
image-to-text|ar|unknown,142,33,5
image-classification|fr|permissive,6090,740,11
question-answering|unk|copyleft,73,33,40
feature-extraction|unk|copyleft,246,31,79
text-classification|vi|unknown,49651,920,110
text-generation|en|noncommercial,3377,1504,1920
image-to-text|en|unknown,187,48,55
image-to-text|fr|unknown,146,33,7
unk|sl|copyleft,4900,140,24
text-ranking|de|permissive,73,35,20
text-classification|ti|permissive,10350,791,6
text-classification|pl|copyleft,202,34,14
automatic-speech-recognition|vi|copyleft,41,9,6
text-generation|bo|permissive,19265,4687,58
text-generation|mg|permissive,19260,4688,54
text-generation|ug|permissive,19249,4681,27
text-generation|gd|permissive,19263,4689,42
translation|es|copyleft,14,3,6
translation|fr|copyleft,14,3,6
translation|it|copyleft,10,3,2
translation|ja|copyleft,22,6,18
translation|ru|copyleft,16,4,8
translation|uk|copyleft,12,3,4
summarization|ar|permissive,354,84,30
summarization|ur|permissive,330,77,3
text-to-speech|en|noncommercial,1412,111,260
sentence-similarity|ca|unknown,4445,478,11
summarization|vi|permissive,346,80,38
text-classification|az|unknown,49604,917,5
text-classification|be|unknown,49603,917,4
text-classification|he|unknown,49618,918,22
text-classification|hy|unknown,49603,917,4
text-classification|ka|unknown,49604,917,5
text-classification|kk|unknown,49604,918,5
text-classification|uk|unknown,49611,917,12
unk|da|unknown,149774,4276,15
text-generation|ak|responsible_ai,544,103,90
text-generation|ar|responsible_ai,552,107,98
text-generation|as|responsible_ai,542,102,88
text-generation|bm|responsible_ai,541,101,87
text-generation|bn|responsible_ai,543,103,89
text-generation|ca|responsible_ai,541,101,87
text-generation|en|responsible_ai,970,216,561
text-generation|es|responsible_ai,571,115,127
text-generation|eu|responsible_ai,541,101,87
text-generation|fr|responsible_ai,582,128,138
text-generation|gu|responsible_ai,541,101,87
text-generation|hi|responsible_ai,556,112,104
text-generation|id|responsible_ai,549,103,95
text-generation|ig|responsible_ai,541,101,87
text-generation|ki|responsible_ai,541,101,87
text-generation|kn|responsible_ai,541,101,87
text-generation|lg|responsible_ai,541,101,87
text-generation|ln|responsible_ai,541,101,87
text-generation|ml|responsible_ai,543,102,89
text-generation|mr|responsible_ai,541,101,87
text-generation|ne|responsible_ai,541,101,88
text-generation|ny|responsible_ai,541,101,87
text-generation|or|responsible_ai,541,101,87
text-generation|pa|responsible_ai,541,101,87
text-generation|pt|responsible_ai,555,111,104
text-generation|rn|responsible_ai,541,101,87
text-generation|rw|responsible_ai,541,101,87
text-generation|sn|responsible_ai,541,101,87
text-generation|st|responsible_ai,541,101,87
text-generation|sw|responsible_ai,542,101,88
text-generation|ta|responsible_ai,543,102,89
text-generation|te|responsible_ai,542,102,88
text-generation|tn|responsible_ai,541,101,87
text-generation|ts|responsible_ai,541,101,87
text-generation|tw|responsible_ai,541,101,87
text-generation|ur|responsible_ai,543,103,89
text-generation|vi|responsible_ai,546,104,93
text-generation|wo|responsible_ai,541,101,87
text-generation|xh|responsible_ai,541,101,87
text-generation|yo|responsible_ai,541,101,87
text-generation|zh|responsible_ai,717,114,264
text-generation|zu|responsible_ai,541,101,87
unk|de|noncommercial,5955,510,89
sentence-similarity|en|other,57,29,64
unk|en|other,28907,988,1778
unk|is|other,27593,786,18
unk|nn|other,27584,783,7
unk|no|other,27594,786,18
unk|sv|other,27594,787,27
text-generation|cs|copyleft,437,171,26
automatic-speech-recognition|be|permissive,3359,255,516
summarization|am|permissive,331,77,4
keypoint-detection|unk|unknown,23,1,22
question-answering|ar|permissive,2082,245,58
text-classification|et|unknown,49602,917,3
question-answering|zh|copyleft,32,10,2
translation|no|noncommercial,47,13,13
image-segmentation|unk|noncommercial,115,22,80
unk|am|unknown,149770,4274,10
unk|bg|unknown,149771,4275,10
unk|bs|unknown,149767,4274,5
unk|ca|unknown,149770,4275,11
unk|el|unknown,149775,4275,22
unk|is|unknown,149770,4275,17
unk|sq|unknown,149768,4275,6
unk|sr|unknown,149768,4274,7
unk|tk|unknown,149765,4274,4
unk|ug|unknown,149765,4274,3
unk|uz|unknown,149771,4276,10
summarization|da|unknown,553,48,2
text-ranking|ko|unknown,89,45,1
text-to-speech|rw|unknown,160,21,16
text-classification|hr|unknown,49606,917,8
tabular-regression|unk|unknown,157,1,139
question-answering|uk|permissive,2057,231,23
unk|tw|permissive,161095,4520,42
text-to-image|en|noncommercial,230,71,140
text-to-image|ru|noncommercial,159,64,2
text-classification|tw|permissive,10351,791,5
unk|be|unknown,149765,4274,4
unk|br|unknown,149764,4274,2
unk|cy|unknown,149766,4276,8
unk|eo|unknown,149763,4274,1
unk|ff|unknown,149763,4274,1
unk|fy|unknown,149763,4274,1
unk|ga|unknown,149765,4274,3
unk|gd|unknown,149763,4274,2
unk|gn|unknown,149763,4274,1
unk|ha|unknown,149765,4274,3
unk|ht|unknown,149763,4274,1
unk|hy|unknown,149765,4274,3
unk|ig|unknown,149765,4274,3
unk|jv|unknown,149763,4274,7
unk|kg|unknown,149763,4274,1
unk|ku|unknown,149767,4274,5
unk|ky|unknown,149764,4274,2
unk|la|unknown,149765,4274,3
unk|lg|unknown,149763,4274,1
unk|ln|unknown,149763,4274,1
unk|lo|unknown,149766,4274,4
unk|mg|unknown,149764,4274,2
unk|ms|unknown,149792,4281,41
unk|om|unknown,149764,4274,3
unk|qu|unknown,149763,4274,1
unk|sa|unknown,149764,4274,3
unk|sd|unknown,149763,4274,2
unk|sk|unknown,149765,4274,4
unk|so|unknown,149765,4274,3
unk|ss|unknown,149763,4274,1
unk|su|unknown,149763,4274,2
unk|ti|unknown,149765,4274,3
unk|tn|unknown,149763,4274,1
unk|wo|unknown,149763,4274,2
unk|yo|unknown,149771,4275,9
text-classification|it|copyleft,198,33,11
fill-mask|ar|copyleft,100,16,1
image-classification|es|permissive,6100,739,36
time-series-forecasting|unk|unknown,32,4,30
automatic-speech-recognition|bm|other,98,21,1
image-text-to-text|pt|unknown,7981,484,20
automatic-speech-recognition|kn|other,107,26,17
automatic-speech-recognition|fr|other,116,25,45
automatic-speech-recognition|my|other,106,25,12
automatic-speech-recognition|es|other,115,25,44
automatic-speech-recognition|en|other,196,42,200
automatic-speech-recognition|tl|other,105,24,9
unk|zh|noncommercial,6000,523,122
automatic-speech-recognition|zh|unknown,8261,131,45
text-classification|it|other,153,44,20
translation|ba|unknown,704,34,8
fill-mask|es|copyleft,101,16,2
text-generation|es|copyleft,452,178,50
token-classification|mt|noncommercial,252,26,6
text-classification|mt|noncommercial,288,63,7
fill-mask|ca|copyleft,100,16,1
unk|vi|copyleft,4896,138,25
fill-mask|la|copyleft,100,17,1
unk|unk|no_derivatives,227,9,212
unk|ak|responsible_ai,54048,145,18
unk|ar|responsible_ai,54061,154,33
unk|as|responsible_ai,54047,147,17
unk|bm|responsible_ai,54041,145,9
unk|bn|responsible_ai,54045,145,14
unk|ca|responsible_ai,54043,145,15
unk|es|responsible_ai,54083,150,57
unk|eu|responsible_ai,54040,144,8
unk|fr|responsible_ai,54086,153,61
unk|gu|responsible_ai,54039,143,7
unk|hi|responsible_ai,54046,146,16
unk|id|responsible_ai,54059,152,32
unk|ig|responsible_ai,54040,144,8
unk|ki|responsible_ai,54040,144,8
unk|kn|responsible_ai,54040,144,8
unk|lg|responsible_ai,54040,144,8
unk|ln|responsible_ai,54040,144,8
unk|ml|responsible_ai,54042,144,10
unk|mr|responsible_ai,54040,144,8
unk|ne|responsible_ai,54040,144,8
unk|ny|responsible_ai,54040,144,8
unk|or|responsible_ai,54040,144,8
unk|pa|responsible_ai,54041,145,9
unk|pt|responsible_ai,54062,153,34
unk|rn|responsible_ai,54040,144,8
unk|rw|responsible_ai,54039,143,7
unk|sn|responsible_ai,54039,143,7
unk|st|responsible_ai,54039,143,7
unk|sw|responsible_ai,54041,143,9
unk|ta|responsible_ai,54040,143,8
unk|te|responsible_ai,54039,143,7
unk|tn|responsible_ai,54039,143,7
unk|ts|responsible_ai,54039,143,7
unk|tw|responsible_ai,54042,143,10
unk|ur|responsible_ai,54044,144,12
unk|vi|responsible_ai,54041,143,12
unk|wo|responsible_ai,54040,144,8
unk|xh|responsible_ai,54040,143,8
unk|yo|responsible_ai,54039,143,7
unk|zh|responsible_ai,54076,148,52
unk|zu|responsible_ai,54039,143,7
fill-mask|fr|copyleft,100,16,1
automatic-speech-recognition|id|unknown,8247,125,30
zero-shot-object-detection|unk|permissive,62,16,70
text-generation|unk|responsible_ai,1094,249,625
summarization|en|copyleft,8,5,5
text-generation|hi|unknown,128525,15094,43
table-question-answering|unk|permissive,86,31,15
text-generation|fr|copyleft,447,178,49
image-segmentation|en|unknown,201,16,33
text-generation|ml|unknown,128509,15092,7
tabular-regression|unk|permissive,320,10,145
text-generation|is|copyleft,421,161,9
video-classification|unk|noncommercial,131,18,991
summarization|ml|permissive,329,76,2
object-detection|en|copyleft,558,31,114
translation|af|noncommercial,100,13,118
translation|ak|noncommercial,94,10,99
translation|am|noncommercial,102,14,118
translation|ar|noncommercial,114,17,136
translation|as|noncommercial,101,13,111
translation|ba|noncommercial,92,10,97
translation|be|noncommercial,101,13,110
translation|bg|noncommercial,103,14,111
translation|bm|noncommercial,92,10,97
translation|bn|noncommercial,103,14,112
translation|bo|noncommercial,92,10,97
translation|bs|noncommercial,100,13,108
translation|ca|noncommercial,108,16,116
translation|cs|noncommercial,105,16,115
translation|cy|noncommercial,100,13,109
translation|da|noncommercial,102,14,110
translation|de|noncommercial,140,25,159
translation|dz|noncommercial,92,10,98
translation|ee|noncommercial,94,10,102
translation|el|noncommercial,105,15,115
translation|eo|noncommercial,101,13,109
translation|es|noncommercial,135,25,170
translation|et|noncommercial,104,14,113
translation|eu|noncommercial,100,13,108
translation|fi|noncommercial,102,14,110
translation|fj|noncommercial,93,10,98
translation|fo|noncommercial,93,10,100
translation|fr|noncommercial,143,25,191
translation|ga|noncommercial,102,14,110
translation|gd|noncommercial,101,13,109
translation|gl|noncommercial,101,13,109
translation|gn|noncommercial,93,10,98
translation|gu|noncommercial,101,13,111
translation|ha|noncommercial,104,13,121
translation|he|noncommercial,105,15,113
translation|hi|noncommercial,107,16,128
translation|hr|noncommercial,103,14,111
translation|ht|noncommercial,93,10,98
translation|hu|noncommercial,105,14,114
translation|hy|noncommercial,101,13,109
translation|id|noncommercial,106,15,116
translation|ig|noncommercial,93,10,98
translation|is|noncommercial,102,14,110
translation|it|noncommercial,128,25,137
translation|jv|noncommercial,101,13,109
translation|ka|noncommercial,100,13,108
translation|kg|noncommercial,92,10,97
translation|ki|noncommercial,93,10,100
translation|kk|noncommercial,101,13,110
translation|km|noncommercial,101,13,112
translation|kn|noncommercial,102,13,110
translation|ko|noncommercial,131,25,142
translation|ks|noncommercial,93,10,103
translation|ky|noncommercial,102,14,110
translation|lb|noncommercial,93,10,98
translation|lg|noncommercial,93,10,98
translation|li|noncommercial,93,10,98
translation|ln|noncommercial,93,10,106
translation|lo|noncommercial,101,13,109
translation|lt|noncommercial,102,14,110
translation|mi|noncommercial,93,10,99
translation|mk|noncommercial,101,13,109
translation|ml|noncommercial,103,13,113
translation|mt|noncommercial,94,11,99
translation|my|noncommercial,101,13,112
translation|nb|noncommercial,93,10,98
translation|nl|noncommercial,126,23,135
translation|nn|noncommercial,92,10,97
translation|ny|noncommercial,93,10,98
translation|oc|noncommercial,93,10,98
translation|pa|noncommercial,102,14,110
translation|pl|noncommercial,108,16,118
translation|pt|noncommercial,128,23,147
translation|rn|noncommercial,93,10,99
translation|ro|noncommercial,114,14,122
translation|ru|noncommercial,136,26,162
translation|rw|noncommercial,93,10,98
translation|sa|noncommercial,101,13,109
translation|sc|noncommercial,94,11,100
translation|sd|noncommercial,101,13,110
translation|sg|noncommercial,93,10,102
translation|si|noncommercial,105,15,114
translation|sk|noncommercial,103,14,111
translation|sl|noncommercial,105,14,113
translation|sm|noncommercial,93,10,98
translation|sn|noncommercial,93,10,98
translation|so|noncommercial,101,13,117
translation|sr|noncommercial,103,14,111
translation|ss|noncommercial,93,10,98
translation|st|noncommercial,93,10,98
translation|su|noncommercial,101,13,109
translation|sv|noncommercial,107,15,115
translation|ta|noncommercial,106,14,114
translation|te|noncommercial,103,14,113
translation|tg|noncommercial,93,10,98
translation|th|noncommercial,102,14,110
translation|ti|noncommercial,95,11,100
translation|tk|noncommercial,93,10,98
translation|tl|noncommercial,101,13,109
translation|tn|noncommercial,93,10,98
translation|tr|noncommercial,107,14,117
translation|ts|noncommercial,93,10,98
translation|tt|noncommercial,93,10,98
translation|tw|noncommercial,95,11,102
translation|ug|noncommercial,101,13,109
translation|uk|noncommercial,105,15,115
translation|ur|noncommercial,103,15,111
translation|vi|noncommercial,110,19,124
translation|wo|noncommercial,93,10,107
translation|xh|noncommercial,101,13,109
translation|yo|noncommercial,93,10,107
translation|zu|noncommercial,92,10,105
unk|fr|noncommercial,5957,510,82
unk|lb|noncommercial,5899,495,12
unk|pt|noncommercial,5944,510,62
text-generation|hr|unknown,128506,15091,2
automatic-speech-recognition|ar|noncommercial,319,46,33
question-answering|fi|copyleft,32,10,2
text-classification|bg|unknown,49603,917,4
text-classification|el|unknown,49612,918,14
text-classification|th|unknown,49608,917,15
text-classification|ur|unknown,49610,917,12
text-generation|ca|copyleft,423,161,5
fill-mask|eu|copyleft,100,16,1
text-generation|eu|copyleft,421,161,4
document-question-answering|unk|permissive,60,21,21
text-generation|el|copyleft,430,169,13
translation|bo|unknown,710,34,22
summarization|unk|noncommercial,24,10,2
sentence-similarity|pt|unknown,4483,478,69
unk|rw|unknown,149766,4274,5
text-classification|de|copyleft,211,39,25
sentence-similarity|pl|copyleft,17,1,6
text-to-image|fr|permissive,5112,310,26
automatic-speech-recognition|id|noncommercial,309,41,18
translation|fa|permissive,5757,1608,162
automatic-speech-recognition|af|permissive,3366,254,545
automatic-speech-recognition|am|permissive,3364,255,540
automatic-speech-recognition|az|permissive,3361,253,525
automatic-speech-recognition|bo|permissive,3350,252,516
automatic-speech-recognition|bs|permissive,3351,252,502
automatic-speech-recognition|fo|permissive,3364,257,514
automatic-speech-recognition|gv|permissive,3092,248,3
automatic-speech-recognition|hr|permissive,3385,260,592
automatic-speech-recognition|ht|permissive,3353,252,513
automatic-speech-recognition|la|permissive,3351,253,500
automatic-speech-recognition|ln|permissive,3366,253,554
automatic-speech-recognition|lo|permissive,3350,252,509
automatic-speech-recognition|mg|permissive,3357,252,507
automatic-speech-recognition|mi|permissive,3351,253,506
automatic-speech-recognition|mk|permissive,3364,254,528
automatic-speech-recognition|ms|permissive,3388,259,581
automatic-speech-recognition|my|permissive,3357,254,527
automatic-speech-recognition|oc|permissive,3350,252,502
automatic-speech-recognition|ps|permissive,3360,252,537
automatic-speech-recognition|rm|permissive,3092,248,2
automatic-speech-recognition|sa|permissive,3364,255,518
automatic-speech-recognition|sd|permissive,3356,254,513
automatic-speech-recognition|si|permissive,3353,253,519
automatic-speech-recognition|sn|permissive,3364,252,553
automatic-speech-recognition|so|permissive,3362,253,520
automatic-speech-recognition|sq|permissive,3350,252,512
automatic-speech-recognition|tg|permissive,3355,253,512
automatic-speech-recognition|tk|permissive,3350,252,507
automatic-speech-recognition|tl|permissive,3368,254,534
automatic-speech-recognition|yi|permissive,3360,252,523
automatic-speech-recognition|yo|permissive,3366,254,573
automatic-speech-recognition|zu|permissive,3101,250,27
image-text-to-text|unk|copyleft,52,21,38
image-classification|es|unknown,5783,138,8
document-question-answering|en|permissive,47,18,25
question-answering|cs|unknown,4402,135,1
text-to-image|unk|responsible_ai,15534,536,31094
automatic-speech-recognition|ga|unknown,8231,125,3
automatic-speech-recognition|ja|noncommercial,318,45,30
question-answering|id|other,82,8,1
image-classification|en|other,374,74,47
image-classification|es|other,336,67,2
feature-extraction|unk|responsible_ai,64,14,31
automatic-speech-recognition|sr|unknown,8232,126,9
object-detection|en|unknown,1730,43,113
text-generation|ne|permissive,19330,4708,166
text-generation|lb|permissive,19260,4696,51
zero-shot-classification|bn|permissive,49,23,6
zero-shot-classification|fa|permissive,49,23,6
zero-shot-classification|he|permissive,49,23,6
zero-shot-classification|id|permissive,50,24,8
zero-shot-classification|ja|permissive,50,24,7
zero-shot-classification|ko|permissive,51,24,8
zero-shot-classification|mr|permissive,49,23,6
zero-shot-classification|nl|permissive,50,24,7
zero-shot-classification|pl|permissive,52,24,9
zero-shot-classification|ps|permissive,49,23,6
zero-shot-classification|pt|permissive,50,24,7
zero-shot-classification|sv|permissive,53,27,10
zero-shot-classification|ta|permissive,49,23,6
zero-shot-classification|uk|permissive,49,23,6
automatic-speech-recognition|de|unknown,8250,126,28
video-classification|en|permissive,238,34,95
summarization|sv|permissive,332,76,5
unk|it|noncommercial,5940,505,60
summarization|pt|permissive,341,78,17
summarization|pt|noncommercial,4,2,3
text-to-image|en|responsible_ai,15478,532,2054
fill-mask|id|other,163,11,3
text-to-speech|uk|permissive,466,74,49
image-to-image|unk|other,192,42,227
image-to-image|en|unknown,421,38,70
text-to-image|ja|responsible_ai,13915,442,72
document-question-answering|en|noncommercial,16,7,7
text-to-speech|unk|other,309,65,149
text-to-image|unk|other,4426,348,9675
image-to-image|unk|responsible_ai,239,32,254
summarization|el|permissive,335,77,8
automatic-speech-recognition|uk|noncommercial,310,42,20
fill-mask|unk|responsible_ai,35,10,25
text-generation|uk|noncommercial,2071,964,130
audio-classification|nb|permissive,692,112,1
table-to-text|en|unknown,2,1,2
sentence-similarity|en|noncommercial,72,27,61
zero-shot-image-classification|unk|permissive,738,88,714
feature-extraction|ru|copyleft,81,5,3
translation|ar|copyleft,11,3,3
translation|fi|copyleft,11,3,3
translation|hi|copyleft,14,4,23
translation|tr|copyleft,10,2,2
translation|zh|copyleft,29,6,21
unk|ab|responsible_ai,54050,142,19
zero-shot-image-classification|ko|permissive,608,74,7
text-classification|mr|noncommercial,288,63,2
image-classification|unk|responsible_ai,62,2,47
text-to-speech|lg|permissive,452,71,32
text-to-speech|hi|unknown,173,24,34
text-generation|pl|copyleft,492,175,75
robotics|unk|permissive,17838,179,24907
summarization|unk|responsible_ai,21,9,5
text-to-speech|is|permissive,446,72,25
question-answering|sw|permissive,2057,231,23
audio-classification|hr|noncommercial,73,22,1
translation|en|responsible_ai,18,8,19
translation|vi|responsible_ai,4,1,5
sentence-similarity|ro|unknown,4444,478,11
audio-to-audio|unk|noncommercial,160,14,113
text-to-speech|unk|noncommercial,1536,137,1354
token-classification|la|copyleft,96,18,8
unk|da|other,27589,786,12
text-generation|de|responsible_ai,520,101,30
image-to-image|en|permissive,1350,137,761
question-answering|unk|responsible_ai,64,34,24
text-generation|am|permissive,19287,4702,122
text-generation|co|permissive,19242,4686,18
text-generation|cs|permissive,19387,4742,308
text-generation|cy|permissive,19282,4703,68
text-generation|eo|permissive,19262,4690,44
text-generation|fy|permissive,19260,4688,39
text-generation|ga|permissive,19292,4711,106
text-generation|gl|permissive,19290,4708,109
text-generation|gu|permissive,19322,4715,204
text-generation|ha|permissive,19285,4700,123
text-generation|ig|permissive,19283,4699,93
text-generation|is|permissive,19306,4712,131
text-generation|km|permissive,19286,4704,127
text-generation|kn|permissive,19333,4718,223
text-generation|ku|permissive,19268,4697,64
text-generation|la|permissive,19268,4690,76
text-generation|lo|permissive,19283,4706,112
text-generation|mi|permissive,19250,4694,39
text-generation|mt|permissive,19270,4706,74
text-generation|nl|permissive,19420,4740,422
text-generation|ny|permissive,19253,4695,54
text-generation|pa|permissive,19320,4713,196
text-generation|ps|permissive,19268,4696,58
text-generation|sd|permissive,19295,4701,90
text-generation|si|permissive,19273,4690,85
text-generation|sk|permissive,19305,4712,146
text-generation|sm|permissive,19241,4685,16
text-generation|sn|permissive,19251,4693,58
text-generation|so|permissive,19275,4697,70
text-generation|sq|permissive,19280,4694,78
text-generation|st|permissive,19242,4685,32
text-generation|xh|permissive,19272,4695,78
text-generation|yi|permissive,19276,4699,73
text-generation|zu|permissive,19275,4696,90
text-classification|de|other,156,47,23
multiple-choice|unk|noncommercial,21,0,7
multiple-choice|en|noncommercial,15,0,8
text-classification|fr|other,156,48,25
unk|cs|copyleft,4898,139,22
unk|ru|copyleft,4914,142,42
object-detection|unk|responsible_ai,30,4,27
table-question-answering|en|unknown,52,5,13
text-generation|fi|unknown,128519,15096,18
voice-activity-detection|unk|responsible_ai,5,1,2
text-to-image|ja|other,2030,189,42
text-to-image|en|other,4411,347,27537
text-to-image|zh|other,2015,181,33
text-to-image|zh|responsible_ai,13863,437,19
text-to-speech|de|permissive,641,105,403
token-classification|tr|copyleft,104,17,16
translation|ff|permissive,5712,1596,62
translation|kk|permissive,5740,1608,131
translation|ne|permissive,5750,1605,142
translation|sd|permissive,5732,1598,115
translation|uz|permissive,5726,1599,104
token-classification|unk|responsible_ai,49,18,22
image-to-text|ko|permissive,393,83,60
question-answering|unk|noncommercial,45,24,29
feature-extraction|en|responsible_ai,53,11,31
question-answering|unk|other,104,19,93
unk|vi|noncommercial,5923,505,37
text-classification|zh|noncommercial,295,68,22
image-classification|ru|permissive,6090,738,10
unk|ja|other,27749,809,214
fill-mask|fo|permissive,1978,224,4
zero-shot-classification|ja|copyleft,4,0,4
automatic-speech-recognition|fi|responsible_ai,6,0,3
unk|zh|other,27777,810,264
text-to-image|ko|responsible_ai,13854,437,6
unk|av|responsible_ai,54040,142,8
image-segmentation|no|permissive,1439,113,1
token-classification|unk|no_derivatives,2,1,1
text-classification|af|copyleft,194,31,5
text-classification|am|copyleft,193,31,4
text-classification|ar|copyleft,198,33,9
text-classification|as|copyleft,193,31,4
text-classification|az|copyleft,192,31,3
text-classification|be|copyleft,193,31,4
text-classification|bg|copyleft,194,32,5
text-classification|bn|copyleft,193,31,5
text-classification|br|copyleft,192,31,3
text-classification|bs|copyleft,193,31,4
text-classification|ca|copyleft,194,31,5
text-classification|cs|copyleft,199,34,11
text-classification|cy|copyleft,193,31,4
text-classification|da|copyleft,198,33,10
text-classification|eo|copyleft,193,31,4
text-classification|es|copyleft,204,37,15
text-classification|et|copyleft,193,32,4
text-classification|eu|copyleft,193,31,4
text-classification|fa|copyleft,193,31,4
text-classification|fi|copyleft,196,34,7
text-classification|fr|copyleft,201,36,12
text-classification|fy|copyleft,192,31,3
text-classification|ga|copyleft,194,32,5
text-classification|gd|copyleft,193,31,4
text-classification|gl|copyleft,193,31,4
text-classification|gu|copyleft,193,31,4
text-classification|ha|copyleft,193,31,4
text-classification|he|copyleft,194,32,6
text-classification|hi|copyleft,195,32,7
text-classification|hu|copyleft,197,33,8
text-classification|hy|copyleft,193,31,4
text-classification|id|copyleft,196,33,8
text-classification|jv|copyleft,194,32,6
text-classification|ka|copyleft,193,31,4
text-classification|kk|copyleft,193,31,4
text-classification|km|copyleft,193,31,4
text-classification|kn|copyleft,193,31,4
text-classification|ko|copyleft,198,31,13
text-classification|ku|copyleft,192,31,3
text-classification|ky|copyleft,193,31,4
text-classification|la|copyleft,193,31,4
text-classification|lo|copyleft,193,31,4
text-classification|lt|copyleft,194,32,5
text-classification|lv|copyleft,193,32,4
text-classification|mg|copyleft,192,31,3
text-classification|mk|copyleft,193,31,4
text-classification|ml|copyleft,193,31,5
text-classification|mn|copyleft,192,31,3
text-classification|mr|copyleft,193,31,5
text-classification|ms|copyleft,192,31,3
text-classification|my|copyleft,193,31,4
text-classification|ne|copyleft,192,31,3
text-classification|nl|copyleft,213,36,26
text-classification|no|copyleft,194,32,6
text-classification|om|copyleft,192,31,3
text-classification|or|copyleft,192,31,3
text-classification|pa|copyleft,193,31,4
text-classification|ps|copyleft,192,31,3
text-classification|pt|copyleft,196,33,7
text-classification|ro|copyleft,195,33,6
text-classification|ru|copyleft,199,36,10
text-classification|sa|copyleft,193,31,4
text-classification|sd|copyleft,193,31,4
text-classification|si|copyleft,201,31,12
text-classification|sk|copyleft,194,32,5
text-classification|so|copyleft,194,32,5
text-classification|sq|copyleft,192,31,3
text-classification|sr|copyleft,196,33,22
text-classification|su|copyleft,194,32,6
text-classification|sv|copyleft,200,33,12
text-classification|sw|copyleft,192,31,4
text-classification|ta|copyleft,193,31,5
text-classification|te|copyleft,193,31,5
text-classification|th|copyleft,193,31,4
text-classification|tl|copyleft,192,31,4
text-classification|tr|copyleft,195,33,7
text-classification|ug|copyleft,193,31,4
text-classification|uk|copyleft,195,32,6
text-classification|ur|copyleft,193,31,5
text-classification|uz|copyleft,192,31,3
text-classification|vi|copyleft,195,33,36
text-classification|xh|copyleft,194,31,5
text-classification|yi|copyleft,192,31,3
text-classification|zh|copyleft,199,36,10
summarization|uk|permissive,331,77,4
zero-shot-image-classification|en|responsible_ai,4,2,3
zero-shot-image-classification|zh|responsible_ai,5,2,4
unk|pt|copyleft,4902,141,27
fill-mask|hi|copyleft,100,16,1
token-classification|it|responsible_ai,18,4,2
question-answering|vi|unknown,4407,139,10
token-classification|gl|copyleft,92,18,4
keypoint-detection|unk|other,36,5,39
keypoint-detection|unk|copyleft,32,2,31
text-to-speech|vi|permissive,526,88,184
feature-extraction|id|copyleft,80,6,2
image-text-to-text|en|unknown,8221,545,428
image-text-to-text|zh|unknown,7994,492,53
text-to-speech|en|responsible_ai,48,8,79
summarization|ja|permissive,328,76,2
text-to-image|de|responsible_ai,13853,437,3
unconditional-image-generation|en|permissive,780,14,51
zero-shot-classification|da|permissive,52,26,6
zero-shot-classification|nb|permissive,50,26,4
fill-mask|mt|permissive,1982,229,11
unk|ch|permissive,161075,4517,23
question-answering|af|permissive,2054,228,16
question-answering|am|permissive,2054,227,16
question-answering|as|permissive,2051,226,9
question-answering|az|permissive,2052,226,14
question-answering|be|permissive,2050,225,11
question-answering|br|permissive,2050,225,10
question-answering|bs|permissive,2055,230,18
question-answering|cs|permissive,2055,230,20
question-answering|cy|permissive,2050,225,11
question-answering|el|permissive,2052,227,15
question-answering|eo|permissive,2055,230,17
question-answering|et|permissive,2050,225,11
question-answering|eu|permissive,2050,225,11
question-answering|fi|permissive,2050,225,11
question-answering|fr|permissive,2098,241,70
question-answering|fy|permissive,2050,225,9
question-answering|ga|permissive,2050,225,11
question-answering|gd|permissive,2055,230,17
question-answering|gl|permissive,2056,230,20
question-answering|gu|permissive,2052,226,13
question-answering|ha|permissive,2056,231,18
question-answering|he|permissive,2059,231,22
question-answering|hi|permissive,2067,236,45
question-answering|hr|permissive,2055,230,18
question-answering|hu|permissive,2051,225,12
question-answering|hy|permissive,2051,226,12
question-answering|is|permissive,2050,225,10
question-answering|it|permissive,2065,232,29
question-answering|ja|permissive,2063,231,29
question-answering|jv|permissive,2050,225,10
question-answering|ka|permissive,2050,225,10
question-answering|kk|permissive,2056,231,39
question-answering|km|permissive,2052,227,10
question-answering|kn|permissive,2051,225,11
question-answering|ko|permissive,2065,238,33
question-answering|ku|permissive,2055,230,16
question-answering|ky|permissive,2050,225,10
question-answering|la|permissive,2055,230,18
question-answering|lo|permissive,2055,230,16
question-answering|lt|permissive,2050,225,10
question-answering|lv|permissive,2050,225,10
question-answering|mg|permissive,2055,230,18
question-answering|mk|permissive,2050,225,10
question-answering|ml|permissive,2051,225,13
question-answering|mn|permissive,2055,230,18
question-answering|mr|permissive,2051,225,12
question-answering|ms|permissive,2051,225,12
question-answering|my|permissive,2051,225,11
question-answering|ne|permissive,2051,226,11
question-answering|nl|permissive,2050,225,11
question-answering|no|permissive,2052,227,10
question-answering|om|permissive,2050,225,7
question-answering|or|permissive,2051,225,8
question-answering|pa|permissive,2051,225,13
question-answering|pl|permissive,2055,228,16
question-answering|ps|permissive,2051,225,9
question-answering|ro|permissive,2054,226,15
question-answering|sa|permissive,2057,231,18
question-answering|sd|permissive,2050,225,8
question-answering|si|permissive,2053,225,11
question-answering|sk|permissive,2057,232,21
question-answering|sl|permissive,2051,226,11
question-answering|so|permissive,2051,226,9
question-answering|sq|permissive,2056,230,19
question-answering|sr|permissive,2055,230,19
question-answering|su|permissive,2050,225,10
question-answering|ta|permissive,2054,227,20
question-answering|te|permissive,2053,227,19
question-answering|tl|permissive,2050,225,9
question-answering|ug|permissive,2050,225,7
question-answering|ur|permissive,2053,227,17
question-answering|uz|permissive,2051,226,26
question-answering|xh|permissive,2050,225,8
question-answering|yi|permissive,2050,225,8
unk|aa|responsible_ai,54071,149,42
automatic-speech-recognition|el|responsible_ai,5,0,2
unk|ca|copyleft,4894,138,18
visual-question-answering|en|permissive,295,85,218
image-text-to-text|de|permissive,2249,520,173
automatic-speech-recognition|ps|unknown,8232,125,14
text-to-image|unk|copyleft,189,29,228
automatic-speech-recognition|id|other,106,24,21
automatic-speech-recognition|se|permissive,3093,248,9
text-classification|dz|unknown,49600,915,1
text-to-speech|ko|other,128,23,97
automatic-speech-recognition|fy|permissive,3096,248,5
image-to-text|no|permissive,364,78,8
automatic-speech-recognition|ar|unknown,8260,126,44
text-to-audio|unk|responsible_ai,27,6,14
token-classification|an|permissive,2381,283,3
token-classification|ba|permissive,2382,283,6
token-classification|ce|permissive,2381,283,5
token-classification|cv|permissive,2382,283,4
token-classification|ht|permissive,2382,283,6
token-classification|io|permissive,2381,283,3
token-classification|oc|permissive,2382,283,6
token-classification|tg|permissive,2406,286,30
token-classification|tt|permissive,2387,283,11
token-classification|vo|permissive,2381,283,3
token-classification|yo|permissive,2407,289,34
object-detection|unk|copyleft,573,33,676
automatic-speech-recognition|fy|unknown,8246,126,18
fill-mask|vi|copyleft,101,18,4
text-generation|da|other,3970,1114,58
text-generation|is|other,3964,1111,50
text-generation|no|other,3959,1108,36
text-generation|sv|other,3970,1113,63
zero-shot-classification|sv|unknown,28,5,1
automatic-speech-recognition|pl|unknown,8242,125,22
token-classification|bm|permissive,2381,283,1
token-classification|ee|permissive,2381,283,2
token-classification|ig|permissive,2405,287,26
token-classification|lg|permissive,2381,283,5
token-classification|ny|permissive,2381,283,3
token-classification|rw|permissive,2381,283,2
token-classification|sn|permissive,2381,283,2
token-classification|tn|permissive,2384,284,4
token-classification|tw|permissive,2381,283,2
token-classification|zu|permissive,2404,287,27
text-to-speech|unk|responsible_ai,79,19,19
text-to-audio|en|responsible_ai,23,3,11
unk|pl|noncommercial,5927,507,50
audio-to-audio|en|copyleft,45,5,7
audio-to-audio|ja|copyleft,44,3,4
audio-to-audio|zh|copyleft,43,3,3
audio-to-audio|ja|permissive,390,34,45
audio-to-audio|zh|permissive,388,33,41
text-classification|av|permissive,10351,793,6
text-classification|ay|permissive,10349,791,2
text-classification|bo|permissive,10350,792,5
text-classification|co|permissive,10349,792,2
text-classification|dv|permissive,10348,791,3
text-classification|fo|permissive,10348,791,1
text-classification|gn|permissive,10348,791,2
text-classification|gv|permissive,10348,791,1
text-classification|ia|permissive,10349,791,2
text-classification|ie|permissive,10348,791,1
text-classification|ig|permissive,10356,793,18
text-classification|kv|permissive,10348,791,1
text-classification|lb|permissive,10350,792,5
text-classification|lg|permissive,10348,791,2
text-classification|li|permissive,10348,791,1
text-classification|ln|permissive,10349,792,3
text-classification|mi|permissive,10350,792,4
text-classification|mt|permissive,10362,794,17
text-classification|nv|permissive,10348,791,1
text-classification|os|permissive,10348,791,1
text-classification|qu|permissive,10350,791,3
text-classification|rm|permissive,10350,792,5
text-classification|rw|permissive,10351,791,9
text-classification|sc|permissive,10348,791,2
text-classification|sn|permissive,10351,792,10
text-classification|tk|permissive,10348,791,2
text-classification|tn|permissive,10351,792,5
text-classification|to|permissive,10348,791,1
text-classification|wa|permissive,10348,791,1
text-classification|wo|permissive,10348,791,2
automatic-speech-recognition|el|unknown,8243,125,21
unk|bg|copyleft,4893,139,17
unk|mk|copyleft,4889,138,13
unk|mt|copyleft,4885,139,9
unk|tr|copyleft,4894,140,18
unk|bs|copyleft,4891,138,15
unk|hr|copyleft,4892,140,17
unk|sr|copyleft,4894,141,20
text-generation|hu|noncommercial,2019,957,56
unk|sq|copyleft,4891,138,15
text-generation|la|copyleft,426,163,8
text-to-image|my|noncommercial,158,64,1
token-classification|ko|noncommercial,253,27,6
automatic-speech-recognition|ja|other,125,29,63
feature-extraction|en|other,232,87,82
text-to-speech|fa|unknown,163,21,21
fill-mask|kg|permissive,1980,225,6
fill-mask|lg|permissive,1983,226,9
fill-mask|ln|permissive,1983,227,9
fill-mask|ss|permissive,1983,226,9
fill-mask|de|other,168,14,10
fill-mask|fr|other,168,14,10
fill-mask|it|other,168,14,10
automatic-speech-recognition|pt|unknown,8248,126,30
fill-mask|bg|other,163,11,4
fill-mask|cs|other,163,11,4
fill-mask|da|other,163,11,4
fill-mask|el|other,163,11,4
fill-mask|en|other,211,15,54
fill-mask|es|other,167,14,9
fill-mask|et|other,163,11,4
fill-mask|fi|other,163,11,4
fill-mask|ga|other,163,11,4
fill-mask|hr|other,164,11,5
fill-mask|hu|other,163,11,4
fill-mask|lt|other,163,11,4
fill-mask|lv|other,163,11,4
fill-mask|mt|other,162,10,3
fill-mask|nl|other,165,13,7
fill-mask|pl|other,167,13,9
fill-mask|pt|other,170,15,12
fill-mask|ro|other,163,11,4
fill-mask|sk|other,163,11,4
fill-mask|sl|other,163,11,4
fill-mask|sv|other,163,11,4
text-to-image|es|responsible_ai,13855,437,7
image-text-to-text|en|permissive,4619,993,7417
other|unk|responsible_ai,4,0,2
image-text-to-text|en|other,659,204,441
image-feature-extraction|unk|noncommercial,184,40,122
image-classification|unk|noncommercial,332,68,304
unk|ru|noncommercial,5938,509,62
graph-ml|unk|permissive,138,14,73
text-to-image|unk|noncommercial,235,71,700
summarization|hu|unknown,553,48,2
image-to-text|ru|permissive,385,85,52
fill-mask|aa|unknown,6425,328,3
fill-mask|ak|unknown,6425,328,3
fill-mask|bm|unknown,6425,328,4
fill-mask|ff|unknown,6425,328,3
fill-mask|ig|unknown,6426,328,4
fill-mask|ki|unknown,6425,328,3
fill-mask|lg|unknown,6425,328,3
fill-mask|ln|unknown,6425,328,3
fill-mask|nr|unknown,6425,328,3
fill-mask|rn|unknown,6425,328,3
fill-mask|sn|unknown,6425,328,3
fill-mask|ve|unknown,6425,328,3
fill-mask|yo|unknown,6427,328,5
text-generation|hu|unknown,128510,15093,5
image-segmentation|en|permissive,1699,138,295
text-classification|aa|responsible_ai,113,16,18
image-classification|cs|unknown,5778,137,1
automatic-speech-recognition|hu|unknown,8241,125,24
text-to-speech|rw|other,92,17,11
image-segmentation|en|responsible_ai,15,4,9
automatic-speech-recognition|rw|other,97,21,2
unk|bh|permissive,161071,4516,20
text-generation|sr|copyleft,425,163,13
reinforcement-learning|en|permissive,1328,85,250
unk|af|responsible_ai,54044,145,14
image-to-text|unk|responsible_ai,20,4,11
text-to-speech|fa|responsible_ai,12,4,4
text-to-image|ja|unknown,8408,327,4
table-question-answering|ko|unknown,40,3,1
text-generation|ab|permissive,19232,4680,11
text-generation|ru|responsible_ai,509,93,19
question-answering|aa|unknown,4403,135,2
other|unk|permissive,451,24,266
automatic-speech-recognition|ko|unknown,8312,128,97
fill-mask|ja|other,170,13,11
fill-mask|ko|other,168,11,8
fill-mask|zh|other,175,14,16
image-to-text|ru|unknown,141,34,3
audio-to-audio|en|responsible_ai,65,1,54
audio-classification|en|responsible_ai,11,5,24
visual-question-answering|en|copyleft,6,1,6
audio-to-audio|ja|noncommercial,123,5,14
unk|sd|responsible_ai,54034,139,2
sentence-similarity|id|unknown,4452,477,35
audio-to-audio|en|unknown,245,4,70
text-classification|az|responsible_ai,100,13,2
image-to-text|en|responsible_ai,19,4,8
text-classification|ta|unknown,49612,918,17
unk|es|other,27715,801,181
image-classification|en|copyleft,113,20,27
unk|fa|responsible_ai,54041,143,9
depth-estimation|av|permissive,242,57,1
text-classification|af|responsible_ai,103,15,5
text-classification|am|responsible_ai,104,18,7
text-classification|ar|responsible_ai,108,20,12
text-classification|as|responsible_ai,99,13,2
text-classification|be|responsible_ai,99,13,1
text-classification|bg|responsible_ai,99,13,1
text-classification|bn|responsible_ai,99,13,2
text-classification|br|responsible_ai,99,13,1
text-classification|bs|responsible_ai,99,13,1
text-classification|ca|responsible_ai,99,13,2
text-classification|cs|responsible_ai,99,13,1
text-classification|cy|responsible_ai,99,13,1
text-classification|da|responsible_ai,100,14,2
text-classification|de|responsible_ai,107,20,15
text-classification|el|responsible_ai,99,13,1
text-classification|eo|responsible_ai,99,13,1
text-classification|es|responsible_ai,110,22,14
text-classification|et|responsible_ai,99,13,1
text-classification|eu|responsible_ai,99,13,2
text-classification|fa|responsible_ai,101,15,3
text-classification|fi|responsible_ai,100,14,2
text-classification|fy|responsible_ai,99,13,1
text-classification|ga|responsible_ai,99,13,1
text-classification|gd|responsible_ai,99,13,1
text-classification|gl|responsible_ai,99,13,1
text-classification|gu|responsible_ai,99,13,2
text-classification|ha|responsible_ai,99,13,1
text-classification|he|responsible_ai,103,17,5
text-classification|hi|responsible_ai,106,19,10
text-classification|hr|responsible_ai,99,13,1
text-classification|hu|responsible_ai,99,13,1
text-classification|hy|responsible_ai,99,13,1
text-classification|id|responsible_ai,102,15,5
text-classification|is|responsible_ai,99,13,1
text-classification|ja|responsible_ai,103,17,5
text-classification|jv|responsible_ai,99,13,1
text-classification|ka|responsible_ai,99,13,1
text-classification|kk|responsible_ai,99,13,1
text-classification|km|responsible_ai,99,13,1
text-classification|kn|responsible_ai,99,13,2
text-classification|ko|responsible_ai,99,13,1
text-classification|ku|responsible_ai,100,13,2
text-classification|ky|responsible_ai,99,13,1
text-classification|la|responsible_ai,99,13,1
text-classification|lo|responsible_ai,99,13,1
text-classification|lt|responsible_ai,102,16,4
text-classification|lv|responsible_ai,99,13,1
text-classification|mg|responsible_ai,99,13,1
text-classification|mk|responsible_ai,99,13,1
text-classification|ml|responsible_ai,100,13,3
text-classification|mn|responsible_ai,99,13,1
text-classification|mr|responsible_ai,99,13,2
text-classification|ms|responsible_ai,99,13,1
text-classification|my|responsible_ai,99,13,1
text-classification|ne|responsible_ai,99,13,2
text-classification|nl|responsible_ai,99,13,1
text-classification|no|responsible_ai,100,14,2
text-classification|om|responsible_ai,99,13,1
text-classification|or|responsible_ai,99,13,2
text-classification|pa|responsible_ai,99,13,2
text-classification|pl|responsible_ai,100,14,2
text-classification|ps|responsible_ai,99,13,1
text-classification|ro|responsible_ai,99,13,1
text-classification|sa|responsible_ai,99,13,1
text-classification|sd|responsible_ai,99,13,1
text-classification|si|responsible_ai,99,13,1
text-classification|sk|responsible_ai,100,14,2
text-classification|sl|responsible_ai,100,14,2
text-classification|so|responsible_ai,99,13,1
text-classification|sq|responsible_ai,99,13,1
text-classification|sr|responsible_ai,99,13,1
text-classification|su|responsible_ai,99,13,1
text-classification|sv|responsible_ai,100,14,2
text-classification|sw|responsible_ai,100,14,3
text-classification|ta|responsible_ai,99,13,2
text-classification|te|responsible_ai,99,13,2
text-classification|th|responsible_ai,99,13,1
text-classification|tl|responsible_ai,99,13,1
text-classification|tr|responsible_ai,102,15,5
text-classification|ug|responsible_ai,99,13,1
text-classification|uk|responsible_ai,107,21,13
text-classification|ur|responsible_ai,99,13,2
text-classification|uz|responsible_ai,99,13,1
text-classification|vi|responsible_ai,112,25,4
text-classification|xh|responsible_ai,99,13,2
text-classification|yi|responsible_ai,99,13,1
robotics|ar|permissive,17436,141,6
table-question-answering|es|responsible_ai,2,1,1
summarization|is|unknown,552,48,1
unk|dz|permissive,161072,4517,15
zero-shot-image-classification|en|noncommercial,129,26,12
text-classification|aa|permissive,10380,806,62
text-to-image|fa|responsible_ai,13852,437,2
multiple-choice|en|unknown,612,16,1
multiple-choice|ja|permissive,170,59,7
question-answering|fi|unknown,4402,135,1
text-generation|he|unknown,128514,15092,19
translation|et|copyleft,10,3,2
translation|ro|copyleft,10,3,2
summarization|az|responsible_ai,6,3,1
zero-shot-classification|ar|responsible_ai,3,1,1
sentence-similarity|bn|unknown,4447,478,13
text-to-image|zh|copyleft,154,20,4
image-to-text|en|copyleft,16,5,13
text-to-image|aa|responsible_ai,13854,437,3
text-to-image|ae|responsible_ai,13852,437,1
text-to-image|af|responsible_ai,13852,437,1
text-to-image|ak|responsible_ai,13852,437,1
text-to-image|am|responsible_ai,13857,439,7
text-to-image|an|responsible_ai,13852,437,1
text-to-image|az|responsible_ai,13852,437,1
text-classification|fa|unknown,49611,919,18
text-to-speech|ja|other,164,36,138
text-classification|nb|unknown,49605,917,13
text-classification|nn|unknown,49601,916,2
text-classification|no|unknown,49606,919,15
text-to-video|unk|responsible_ai,435,14,789
text-to-image|sd|other,2000,178,1
automatic-speech-recognition|ur|unknown,8238,126,16
unk|ja|responsible_ai,54141,150,118
unk|fa|copyleft,4891,139,15
automatic-speech-recognition|af|other,104,24,9
automatic-speech-recognition|am|other,104,24,9
automatic-speech-recognition|ar|other,123,30,54
automatic-speech-recognition|as|other,106,26,14
automatic-speech-recognition|az|other,104,24,9
automatic-speech-recognition|ba|other,104,24,8
automatic-speech-recognition|be|other,104,24,8
automatic-speech-recognition|bg|other,107,24,26
automatic-speech-recognition|bn|other,105,25,13
automatic-speech-recognition|bo|other,103,24,8
automatic-speech-recognition|br|other,104,24,8
automatic-speech-recognition|bs|other,104,24,8
automatic-speech-recognition|ca|other,104,24,8
automatic-speech-recognition|cs|other,108,24,29
automatic-speech-recognition|cy|other,104,24,9
automatic-speech-recognition|de|other,122,28,56
automatic-speech-recognition|el|other,108,24,27
automatic-speech-recognition|et|other,107,24,26
automatic-speech-recognition|eu|other,104,24,8
automatic-speech-recognition|fa|other,105,24,10
automatic-speech-recognition|fi|other,108,24,29
automatic-speech-recognition|fo|other,104,24,8
automatic-speech-recognition|gl|other,104,24,8
automatic-speech-recognition|gu|other,106,26,14
automatic-speech-recognition|ha|other,105,24,12
automatic-speech-recognition|he|other,107,24,26
automatic-speech-recognition|hr|other,108,24,28
automatic-speech-recognition|ht|other,104,24,10
automatic-speech-recognition|hu|other,107,24,28
automatic-speech-recognition|hy|other,104,24,9
automatic-speech-recognition|is|other,104,24,8
automatic-speech-recognition|it|other,110,26,36
automatic-speech-recognition|ka|other,104,24,9
automatic-speech-recognition|kk|other,104,24,10
automatic-speech-recognition|km|other,107,24,12
automatic-speech-recognition|ko|other,124,29,65
automatic-speech-recognition|la|other,104,24,8
automatic-speech-recognition|lb|other,103,24,7
automatic-speech-recognition|ln|other,106,24,12
automatic-speech-recognition|lo|other,104,24,13
automatic-speech-recognition|lt|other,107,24,27
automatic-speech-recognition|lv|other,107,24,26
automatic-speech-recognition|mg|other,104,24,8
automatic-speech-recognition|mi|other,104,24,9
automatic-speech-recognition|mk|other,104,24,8
automatic-speech-recognition|ml|other,105,25,13
automatic-speech-recognition|mn|other,104,24,8
automatic-speech-recognition|mr|other,108,27,18
automatic-speech-recognition|ms|other,104,24,17
automatic-speech-recognition|mt|other,107,24,26
automatic-speech-recognition|ne|other,107,25,16
automatic-speech-recognition|nl|other,110,24,33
automatic-speech-recognition|nn|other,104,24,8
automatic-speech-recognition|no|other,106,24,25
automatic-speech-recognition|oc|other,104,24,8
automatic-speech-recognition|pa|other,105,25,12
automatic-speech-recognition|pl|other,109,24,32
automatic-speech-recognition|ps|other,104,24,8
automatic-speech-recognition|pt|other,113,25,39
automatic-speech-recognition|ro|other,108,24,29
automatic-speech-recognition|ru|other,108,24,34
automatic-speech-recognition|sa|other,105,25,12
automatic-speech-recognition|sd|other,105,25,12
automatic-speech-recognition|si|other,104,24,10
automatic-speech-recognition|sk|other,107,24,26
automatic-speech-recognition|sl|other,107,24,26
automatic-speech-recognition|sn|other,106,24,13
automatic-speech-recognition|so|other,104,24,10
automatic-speech-recognition|sq|other,104,24,8
automatic-speech-recognition|sr|other,105,24,9
automatic-speech-recognition|su|other,104,24,8
automatic-speech-recognition|sv|other,108,24,30
automatic-speech-recognition|sw|other,105,24,14
automatic-speech-recognition|ta|other,105,25,20
automatic-speech-recognition|te|other,106,26,16
automatic-speech-recognition|tg|other,104,24,9
automatic-speech-recognition|th|other,108,24,37
automatic-speech-recognition|tk|other,104,24,8
automatic-speech-recognition|tr|other,111,25,33
automatic-speech-recognition|tt|other,104,24,8
automatic-speech-recognition|uk|other,109,25,30
automatic-speech-recognition|ur|other,105,25,13
automatic-speech-recognition|uz|other,105,24,10
automatic-speech-recognition|vi|other,112,27,43
automatic-speech-recognition|yi|other,104,24,8
automatic-speech-recognition|yo|other,107,24,13
automatic-speech-recognition|zh|other,125,28,71
text-ranking|en|noncommercial,17,9,7
text-ranking|unk|noncommercial,17,9,20
translation|az|noncommercial,47,12,13
translation|br|noncommercial,45,12,11
translation|fa|noncommercial,52,13,19
translation|fy|noncommercial,45,12,11
translation|ku|noncommercial,45,12,11
translation|la|noncommercial,45,12,12
translation|lv|noncommercial,50,13,16
translation|mg|noncommercial,46,12,12
translation|mn|noncommercial,49,12,18
translation|mr|noncommercial,47,12,15
translation|ms|noncommercial,48,13,14
translation|ne|noncommercial,51,15,19
translation|om|noncommercial,47,13,13
translation|or|noncommercial,46,12,12
translation|ps|noncommercial,46,12,12
translation|sq|noncommercial,47,13,13
translation|sw|noncommercial,49,12,27
translation|uz|noncommercial,47,12,18
translation|yi|noncommercial,47,12,13
image-classification|en|responsible_ai,58,2,14
translation|ku|permissive,5723,1595,93
translation|ky|permissive,5716,1598,89
translation|la|permissive,5722,1596,93
translation|sa|permissive,5735,1600,117
translation|ug|permissive,5726,1602,110
feature-extraction|ae|permissive,1932,298,3
feature-extraction|av|permissive,1932,299,2
question-answering|bn|unknown,4402,135,1
image-to-text|zh|unknown,142,35,5
feature-extraction|unk|other,262,98,205
multiple-choice|en|permissive,175,66,24
audio-to-audio|ja|unknown,190,4,12
audio-to-audio|zh|unknown,186,4,9
reinforcement-learning|unk|permissive,1334,88,1312
audio-classification|en|unknown,967,42,35
unk|ce|permissive,161077,4518,23
unk|cr|permissive,161069,4516,12
unk|li|permissive,161072,4516,13
unk|bo|unknown,149773,4274,11
tabular-regression|unk|other,11,0,9
table-question-answering|am|responsible_ai,2,1,1
image-to-text|zh|permissive,537,119,213
token-classification|aa|responsible_ai,20,5,4
token-classification|ab|responsible_ai,19,4,3
token-classification|ae|responsible_ai,20,5,5
token-classification|af|responsible_ai,19,5,3
token-classification|ak|responsible_ai,17,3,1
token-classification|am|responsible_ai,17,3,1
token-classification|an|responsible_ai,17,3,1
token-classification|ar|responsible_ai,17,3,1
token-classification|as|responsible_ai,17,3,1
token-classification|av|responsible_ai,17,3,1
token-classification|ay|responsible_ai,17,3,1
token-classification|az|responsible_ai,17,3,1
token-classification|bg|responsible_ai,17,3,1
token-classification|bn|responsible_ai,17,3,1
token-classification|bo|responsible_ai,17,3,1
question-answering|unk|no_derivatives,2,1,1
image-to-image|en|copyleft,30,2,8
image-to-image|zh|copyleft,24,2,2
sentence-similarity|en|responsible_ai,6,4,4
sentence-similarity|ja|responsible_ai,3,2,1
text-to-image|as|permissive,5103,306,5
text-to-image|hi|permissive,5106,306,8
robotics|en|permissive,17827,179,588
text-generation|eu|other,3933,1103,8
text-generation|ka|unknown,128507,15090,2
unk|de|responsible_ai,54044,144,15
sentence-similarity|en|copyleft,38,16,29
question-answering|en|copyleft,47,21,17
unk|ae|responsible_ai,54050,147,22
unk|an|responsible_ai,54041,141,10
unk|be|responsible_ai,54036,140,4
unk|bi|responsible_ai,54036,141,4
question-answering|ms|unknown,4404,135,6
text-classification|tr|noncommercial,295,65,15
zero-shot-image-classification|en|unknown,364,11,9
feature-extraction|ae|responsible_ai,28,4,2
sentence-similarity|ml|unknown,4445,478,8
unk|rw|other,27579,783,1
zero-shot-classification|ab|responsible_ai,4,2,2
zero-shot-classification|af|responsible_ai,4,2,2
sentence-similarity|hu|unknown,4444,477,10
unk|ce|unknown,149763,4274,1
unk|ch|unknown,149764,4274,3
unk|cr|unknown,149764,4274,2
unk|li|unknown,149763,4274,1
token-classification|tr|noncommercial,253,25,6
text-generation|pl|other,4032,1115,138
depth-estimation|en|permissive,272,63,34
image-to-text|de|permissive,390,83,54
image-to-text|fr|permissive,405,87,70
image-to-text|ro|permissive,365,80,10
image-segmentation|en|copyleft,85,5,20
text-classification|hu|noncommercial,294,63,8
image-text-to-text|zh|permissive,2530,593,1299
text-generation|as|unknown,128510,15092,5
unk|nb|permissive,161112,4529,60
image-segmentation|hi|unknown,171,11,1
image-segmentation|te|unknown,171,11,1
unk|am|noncommercial,5900,499,13
image-to-text|unk|noncommercial,57,14,17
text-generation|be|unknown,128506,15090,1
text-generation|ca|unknown,128512,15095,15
text-generation|ce|unknown,128506,15090,1
text-generation|ch|unknown,128507,15090,2
text-generation|cr|unknown,128506,15090,1
text-generation|ga|unknown,128507,15091,2
text-generation|gu|unknown,128508,15092,10
text-generation|ha|unknown,128508,15091,3
text-generation|ig|unknown,128507,15091,2
text-generation|ku|unknown,128506,15090,1
text-generation|la|unknown,128508,15090,5
text-generation|li|unknown,128506,15090,1
text-generation|ne|unknown,128514,15091,10
text-generation|or|unknown,128507,15091,5
text-generation|pa|unknown,128508,15092,6
text-generation|ro|unknown,128511,15091,8
text-generation|sl|unknown,128507,15091,2
text-generation|so|unknown,128506,15090,1
text-generation|te|unknown,128511,15092,15
text-generation|ur|unknown,128508,15091,11
text-generation|xh|unknown,128507,15091,2
text-generation|yo|unknown,128507,15091,2
summarization|af|permissive,329,77,3
summarization|az|permissive,328,76,1
summarization|be|permissive,328,76,1
summarization|bg|permissive,329,76,2
summarization|bn|permissive,330,78,5
summarization|ca|permissive,328,76,1
summarization|co|permissive,328,76,1
summarization|cs|permissive,329,76,2
summarization|cy|permissive,328,76,1
summarization|da|permissive,335,78,8
summarization|eo|permissive,328,76,1
summarization|et|permissive,332,78,4
summarization|eu|permissive,328,76,1
summarization|fi|permissive,329,76,2
summarization|fy|permissive,328,76,1
summarization|ga|permissive,328,76,1
summarization|gd|permissive,328,76,1
summarization|gl|permissive,328,76,1
summarization|gu|permissive,328,76,1
summarization|ha|permissive,328,76,1
summarization|hi|permissive,330,78,3
summarization|ht|permissive,328,76,1
summarization|hy|permissive,328,76,1
summarization|ig|permissive,328,76,1
summarization|is|permissive,328,76,1
summarization|jv|permissive,328,76,1
summarization|ka|permissive,328,76,1
summarization|kk|permissive,328,76,1
summarization|km|permissive,330,76,7
summarization|kn|permissive,328,76,2
summarization|ku|permissive,328,76,1
summarization|ky|permissive,328,76,1
summarization|la|permissive,328,76,1
summarization|lb|permissive,328,76,1
summarization|lo|permissive,331,79,3
summarization|lv|permissive,329,76,2
summarization|mg|permissive,328,76,1
summarization|mi|permissive,328,76,1
summarization|mk|permissive,328,76,1
summarization|mn|permissive,332,76,5
summarization|mr|permissive,328,76,1
summarization|ms|permissive,328,76,1
summarization|mt|permissive,328,76,1
summarization|my|permissive,328,76,1
summarization|ne|permissive,332,77,9
summarization|nl|permissive,330,76,3
summarization|no|permissive,328,76,1
summarization|ny|permissive,328,76,1
summarization|pa|permissive,328,76,1
summarization|pl|permissive,332,77,5
summarization|ps|permissive,328,76,1
summarization|ro|permissive,328,76,1
summarization|sd|permissive,330,78,2
summarization|si|permissive,328,76,1
summarization|sk|permissive,329,76,2
summarization|sl|permissive,328,76,1
summarization|sm|permissive,328,76,1
summarization|sn|permissive,328,76,1
summarization|so|permissive,329,76,2
summarization|sq|permissive,328,76,1
summarization|sr|permissive,328,76,1
summarization|st|permissive,328,76,1
summarization|su|permissive,328,76,1
summarization|sw|permissive,328,76,1
summarization|ta|permissive,328,76,1
summarization|te|permissive,328,76,1
summarization|tg|permissive,328,76,1
summarization|th|permissive,330,77,4
summarization|uz|permissive,328,76,2
summarization|xh|permissive,328,76,1
summarization|yi|permissive,328,76,1
summarization|yo|permissive,328,76,1
summarization|zh|permissive,337,80,14
summarization|zu|permissive,328,76,1
automatic-speech-recognition|et|copyleft,40,9,7
visual-question-answering|de|permissive,180,37,25
visual-question-answering|fr|permissive,182,39,28
visual-question-answering|ro|permissive,179,37,22
text-to-speech|ru|noncommercial,1312,86,51
text-to-speech|ja|unknown,176,28,41
translation|unk|copyleft,72,17,8
question-answering|co|permissive,2055,230,10
question-answering|ht|permissive,2050,225,4
question-answering|ig|permissive,2055,230,9
question-answering|lb|permissive,2055,230,9
question-answering|mi|permissive,2050,225,1
question-answering|mt|permissive,2055,230,9
question-answering|ny|permissive,2050,225,1
question-answering|sm|permissive,2050,225,1
question-answering|sn|permissive,2050,225,1
question-answering|st|permissive,2050,225,1
question-answering|tg|permissive,2050,225,3
question-answering|yo|permissive,2050,225,3
question-answering|zu|permissive,2050,225,1
image-to-text|la|permissive,370,78,15
text-classification|fr|noncommercial,297,68,30
text-generation|es|noncommercial,2173,984,256
automatic-speech-recognition|da|unknown,8241,125,18
feature-extraction|en|copyleft,101,16,25
feature-extraction|ko|copyleft,79,5,2
image-text-to-text|unk|responsible_ai,32,10,48
translation|en|other,49,31,52
translation|es|other,17,9,8
feature-extraction|af|copyleft,79,5,1
feature-extraction|sq|copyleft,79,5,1
feature-extraction|am|copyleft,79,5,1
feature-extraction|ar|copyleft,80,6,4
text-to-speech|ja|responsible_ai,28,4,57
feature-extraction|an|copyleft,79,5,1
feature-extraction|hy|copyleft,79,5,1
sentence-similarity|ba|permissive,1042,168,7
fill-mask|rm|noncommercial,85,26,2
feature-extraction|as|copyleft,79,5,1
text-to-image|es|noncommercial,158,64,1
feature-extraction|az|copyleft,79,5,1
feature-extraction|ba|copyleft,79,5,1
feature-extraction|eu|copyleft,79,5,1
feature-extraction|be|copyleft,79,5,1
feature-extraction|bn|copyleft,79,5,1
feature-extraction|bh|copyleft,79,5,1
feature-extraction|bs|copyleft,79,5,1
feature-extraction|br|copyleft,79,5,1
feature-extraction|bg|copyleft,79,5,1
feature-extraction|my|copyleft,79,5,1
feature-extraction|ca|copyleft,79,5,1
feature-extraction|ce|copyleft,79,5,1
feature-extraction|zh|copyleft,81,6,3
feature-extraction|cv|copyleft,79,5,1
feature-extraction|co|copyleft,79,5,1
feature-extraction|hr|copyleft,79,5,1
feature-extraction|cs|copyleft,79,5,1
feature-extraction|da|copyleft,80,6,2
feature-extraction|dv|copyleft,79,5,1
feature-extraction|nl|copyleft,83,9,7
feature-extraction|pa|copyleft,79,5,1
feature-extraction|eo|copyleft,79,5,1
feature-extraction|et|copyleft,79,5,1
feature-extraction|fi|copyleft,79,5,1
feature-extraction|fr|copyleft,79,6,1
feature-extraction|gl|copyleft,79,5,1
feature-extraction|ka|copyleft,79,5,1
feature-extraction|de|copyleft,81,7,3
feature-extraction|el|copyleft,79,5,1
feature-extraction|gu|copyleft,79,5,1
feature-extraction|ht|copyleft,79,5,1
feature-extraction|he|copyleft,80,5,2
feature-extraction|hi|copyleft,79,5,1
feature-extraction|hu|copyleft,80,7,2
feature-extraction|is|copyleft,79,5,1
feature-extraction|io|copyleft,79,5,1
feature-extraction|ia|copyleft,79,5,1
feature-extraction|ga|copyleft,79,5,1
text-to-video|unk|noncommercial,48,7,51
token-classification|rm|noncommercial,249,26,2
text-to-image|pt|responsible_ai,13855,437,7
video-classification|am|responsible_ai,1,0,1
video-classification|ch|responsible_ai,1,0,1
video-classification|en|responsible_ai,1,0,1
video-classification|zh|responsible_ai,1,0,1
text-generation|ja|responsible_ai,504,93,13
text-generation|ms|responsible_ai,494,89,1
text-generation|th|responsible_ai,500,95,8
feature-extraction|jv|copyleft,79,5,1
feature-extraction|kn|copyleft,79,5,1
feature-extraction|kk|copyleft,79,5,1
feature-extraction|km|copyleft,79,6,1
feature-extraction|ky|copyleft,79,5,1
feature-extraction|ku|copyleft,79,5,1
feature-extraction|la|copyleft,79,5,1
feature-extraction|lv|copyleft,79,5,1
feature-extraction|li|copyleft,79,5,1
feature-extraction|lt|copyleft,79,5,1
feature-extraction|lb|copyleft,79,5,1
feature-extraction|mk|copyleft,79,5,1
feature-extraction|mg|copyleft,79,5,1
feature-extraction|ms|copyleft,79,5,1
feature-extraction|ml|copyleft,79,5,1
feature-extraction|mt|copyleft,79,5,1
feature-extraction|gv|copyleft,79,5,1
feature-extraction|mr|copyleft,79,5,1
feature-extraction|mn|copyleft,79,5,1
feature-extraction|ne|copyleft,79,5,1
feature-extraction|no|copyleft,79,5,1
feature-extraction|nn|copyleft,79,5,1
feature-extraction|oc|copyleft,79,5,1
feature-extraction|or|copyleft,79,5,1
feature-extraction|os|copyleft,79,5,1
feature-extraction|ps|copyleft,79,5,1
feature-extraction|fa|copyleft,82,5,4
feature-extraction|pl|copyleft,79,5,1
feature-extraction|pt|copyleft,79,5,1
feature-extraction|qu|copyleft,79,5,1
feature-extraction|ro|copyleft,79,5,1
feature-extraction|rm|copyleft,79,5,1
feature-extraction|sa|copyleft,79,5,1
feature-extraction|sc|copyleft,79,5,1
feature-extraction|gd|copyleft,79,5,1
feature-extraction|sr|copyleft,79,5,1
feature-extraction|sd|copyleft,79,5,1
feature-extraction|si|copyleft,79,5,1
feature-extraction|sk|copyleft,79,5,1
unk|pt|other,27703,804,159
text-classification|zh|responsible_ai,106,19,10
image-feature-extraction|unk|other,120,27,126
unk|sk|other,27580,783,3
text-generation|zh|other,4387,1244,974
image-to-3d|unk|permissive,334,31,229
document-question-answering|pt|permissive,24,7,3
unk|th|copyleft,4891,138,15
text-to-image|aa|unknown,8406,327,1
unconditional-image-generation|zh|permissive,732,7,1
text-to-audio|unk|unknown,875,23,881
image-to-text|hu|permissive,363,78,7
text-classification|fi|unknown,49606,918,9
unk|ar|other,27622,795,60
feature-extraction|it|responsible_ai,27,3,1
feature-extraction|ur|responsible_ai,32,3,6
feature-extraction|sl|copyleft,79,5,1
feature-extraction|so|copyleft,79,5,1
object-detection|zh|permissive,1386,98,37
feature-extraction|es|copyleft,79,5,1
feature-extraction|su|copyleft,79,5,1
feature-extraction|sw|copyleft,79,5,1
feature-extraction|sv|copyleft,79,5,1
feature-extraction|tg|copyleft,79,5,1
feature-extraction|ta|copyleft,79,5,1
feature-extraction|tt|copyleft,79,5,1
feature-extraction|te|copyleft,79,5,1
feature-extraction|th|copyleft,79,5,1
feature-extraction|bo|copyleft,79,5,1
feature-extraction|tr|copyleft,79,5,1
feature-extraction|tk|copyleft,79,5,1
feature-extraction|uk|copyleft,79,5,1
feature-extraction|ur|copyleft,79,5,1
feature-extraction|ug|copyleft,79,5,1
feature-extraction|uz|copyleft,79,5,1
feature-extraction|vi|copyleft,81,6,4
feature-extraction|vo|copyleft,79,5,1
feature-extraction|wa|copyleft,79,5,1
feature-extraction|cy|copyleft,79,5,1
feature-extraction|fy|copyleft,79,5,1
feature-extraction|yi|copyleft,79,5,1
feature-extraction|yo|copyleft,79,5,1
unk|it|responsible_ai,54048,144,20
automatic-speech-recognition|th|unknown,8247,126,25
text-classification|ms|unknown,49615,918,16
translation|pl|copyleft,12,3,5
unk|fi|copyleft,4896,142,24
text-generation|nb|responsible_ai,496,89,3
text-generation|no|responsible_ai,497,90,4
unk|da|copyleft,4894,139,18
unk|el|copyleft,4897,139,21
unk|et|copyleft,4894,139,18
unk|ga|copyleft,4891,139,15
unk|lt|copyleft,4892,139,16
unk|lv|copyleft,4899,140,34
unk|nb|copyleft,4884,138,8
unk|nl|copyleft,4897,139,21
unk|ro|copyleft,4892,139,16
unk|sk|copyleft,4896,141,20
unk|sv|copyleft,4896,141,21
unk|eu|copyleft,4891,138,15
unk|gl|copyleft,4892,138,16
unk|nn|copyleft,4885,138,9
image-classification|vi|permissive,6089,738,11
zero-shot-classification|am|responsible_ai,3,1,1
text-to-video|unk|unknown,110,21,167
text-generation|id|noncommercial,2092,980,141
sentence-similarity|aa|unknown,4441,476,1
question-answering|en|responsible_ai,52,26,25
unk|bm|permissive,161088,4517,37
zero-shot-object-detection|unk|unknown,19,2,17
automatic-speech-recognition|unk|responsible_ai,28,13,3
feature-extraction|aa|responsible_ai,31,5,5
unk|uk|noncommercial,5921,501,37
audio-classification|am|unknown,941,36,2
reinforcement-learning|de|unknown,246,42,2
reinforcement-learning|en|unknown,260,47,19
reinforcement-learning|es|unknown,246,42,2
reinforcement-learning|fr|unknown,246,42,2
reinforcement-learning|it|unknown,246,42,1
reinforcement-learning|la|unknown,246,42,1
reinforcement-learning|nb|unknown,246,42,1
reinforcement-learning|ru|unknown,246,42,1
image-classification|zh|unknown,5779,138,2
image-to-image|en|responsible_ai,236,32,86
fill-mask|de|copyleft,101,16,2
summarization|es|responsible_ai,6,3,1
text-to-image|ar|unknown,8411,327,6
sentence-similarity|pl|unknown,4829,477,409
image-text-to-text|ur|noncommercial,92,43,2
zero-shot-classification|pt|unknown,29,5,2
robotics|en|noncommercial,70,16,12
image-classification|vi|unknown,5778,137,1
image-text-to-text|ru|unknown,7985,485,28
text-classification|ch|unknown,49600,915,1
text-classification|nl|noncommercial,290,63,9
robotics|unk|noncommercial,71,16,121
sentence-similarity|he|unknown,4447,478,15
token-classification|de|other,61,19,19
token-classification|fr|other,58,16,16
token-classification|it|other,57,15,16
image-classification|zh|permissive,6110,738,36
text-to-video|unk|permissive,375,92,457
image-text-to-text|ru|permissive,2233,509,201
tabular-classification|en|permissive,587,14,252
text-generation|bg|copyleft,430,169,13
text-generation|da|copyleft,432,169,21
text-generation|hr|copyleft,431,170,20
text-generation|hu|copyleft,430,169,13
text-generation|it|copyleft,455,173,38
text-generation|nl|copyleft,434,170,23
text-generation|pt|copyleft,438,172,27
text-generation|ro|copyleft,433,171,23
text-generation|ru|copyleft,443,169,33
text-generation|sl|copyleft,432,170,21
text-generation|sv|copyleft,431,169,20
text-generation|uk|copyleft,423,161,11
text-generation|it|noncommercial,2190,990,268
text-to-speech|th|responsible_ai,11,4,3
unk|am|responsible_ai,54055,158,11
mask-generation|unk|permissive,118,26,150
text-generation|pt|other,4095,1135,337
text-to-image|aa|permissive,5112,312,17
text-generation|zh|noncommercial,2216,1001,329
image-segmentation|unk|responsible_ai,16,5,8
graph-ml|unk|copyleft,4,0,3
image-segmentation|unk|copyleft,86,5,84
text-generation|tr|responsible_ai,501,90,8
unk|da|noncommercial,5904,498,17
summarization|ro|unknown,554,48,3
text-generation|sv|responsible_ai,495,89,2
text-to-image|id|responsible_ai,13854,437,5
audio-to-audio|ja|responsible_ai,23,1,12
automatic-speech-recognition|ig|permissive,3104,249,43
text-to-image|zh|unknown,8410,330,10
text-generation|th|copyleft,429,167,21
text-generation|vi|copyleft,428,165,12
automatic-speech-recognition|ka|unknown,8232,125,8
text-to-video|en|noncommercial,48,7,7
feature-extraction|da|unknown,10683,246,4
feature-extraction|no|unknown,10682,245,3
feature-extraction|ja|other,177,67,14
image-to-text|af|responsible_ai,12,4,1
video-text-to-text|en|unknown,40,22,15
tabular-regression|en|responsible_ai,2,0,1
audio-classification|ru|unknown,943,38,5
text-classification|aa|unknown,49600,915,1
text-to-video|en|responsible_ai,428,12,8
text-to-video|fa|responsible_ai,424,12,4
text-to-audio|en|noncommercial,124,23,36
text-to-audio|nl|permissive,250,37,35
token-classification|zh|noncommercial,253,27,7
image-classification|bn|permissive,6091,739,14
visual-question-answering|de|copyleft,2,0,2
visual-question-answering|ja|copyleft,2,0,2
visual-question-answering|zh|copyleft,4,0,4
object-detection|bn|copyleft,486,28,1
text-to-speech|es|permissive,639,98,388
text-to-speech|hi|permissive,545,91,274
text-to-speech|it|permissive,607,90,344
text-to-speech|pl|permissive,541,87,196
text-to-speech|pt|permissive,593,90,305
text-to-speech|ru|permissive,589,87,309
text-to-speech|tr|permissive,532,85,218
unconditional-image-generation|unk|noncommercial,19,2,14
text-to-audio|zh|permissive,330,42,154
image-to-image|en|other,191,42,144
translation|ae|responsible_ai,4,2,2
text-generation|fo|unknown,128508,15091,7
text-classification|is|unknown,49604,918,5
image-classification|ar|permissive,6092,740,17
image-classification|pt|permissive,6094,738,17
summarization|en|responsible_ai,14,6,9
unk|fr|other,27715,801,173
robotics|en|responsible_ai,1,0,1
robotics|zh|responsible_ai,1,0,1
translation|de|responsible_ai,4,3,2
translation|fr|responsible_ai,4,3,2
translation|ro|responsible_ai,3,2,1
text-classification|ak|responsible_ai,99,13,2
text-classification|bm|responsible_ai,98,13,1
text-classification|ig|responsible_ai,98,13,1
text-classification|ki|responsible_ai,98,13,1
text-classification|lg|responsible_ai,98,13,1
text-classification|ln|responsible_ai,98,13,1
text-classification|ny|responsible_ai,98,13,1
text-classification|rn|responsible_ai,98,13,1
text-classification|rw|responsible_ai,98,13,1
text-classification|sn|responsible_ai,98,13,1
text-classification|st|responsible_ai,98,13,1
text-classification|tn|responsible_ai,98,13,1
text-classification|ts|responsible_ai,98,13,1
text-classification|tw|responsible_ai,98,13,1
text-classification|wo|responsible_ai,98,13,1
text-classification|yo|responsible_ai,98,13,1
text-classification|zu|responsible_ai,98,13,1
text-generation|rw|unknown,128507,15090,2
unk|ay|responsible_ai,54035,140,3
text-generation|pl|responsible_ai,506,94,13
depth-estimation|unk|copyleft,3,0,3
text-to-video|en|copyleft,4,2,1
unk|pl|responsible_ai,54047,141,20
unk|aa|permissive,161130,4525,137
feature-extraction|es|responsible_ai,32,3,6
text-to-audio|unk|permissive,412,74,1071
text-classification|an|responsible_ai,99,13,1
image-text-to-text|ja|permissive,2266,533,400
mask-generation|unk|unknown,59,1,59
token-classification|eu|noncommercial,252,26,5
tabular-classification|unk|noncommercial,31,1,23
unk|uk|copyleft,4893,138,17
question-answering|an|permissive,2052,226,5
question-answering|ba|permissive,2050,225,4
question-answering|ce|permissive,2050,225,3
question-answering|cv|permissive,2051,225,4
question-answering|io|permissive,2050,225,2
question-answering|nb|permissive,2050,225,2
question-answering|nn|permissive,2050,225,2
question-answering|oc|permissive,2050,225,2
question-answering|tt|permissive,2050,225,2
question-answering|vo|permissive,2050,225,2
text-generation|th|other,3990,1124,89
question-answering|sr|unknown,4404,136,3
text-classification|am|unknown,49605,917,7
automatic-speech-recognition|fr|copyleft,44,9,12
unk|ko|other,27717,807,202
feature-extraction|my|unknown,10681,245,2
text-to-image|ru|responsible_ai,13862,439,17
feature-extraction|hy|unknown,10683,246,5
text-generation|fr|noncommercial,2171,983,262
text-generation|sm|noncommercial,2006,947,1
audio-to-audio|id|unknown,180,3,2
image-to-image|zh|responsible_ai,170,24,1
translation|ko|responsible_ai,4,2,2
unk|mn|responsible_ai,54035,140,3
token-classification|mn|noncommercial,248,25,1
text-to-speech|gl|permissive,459,75,38
text-generation|it|responsible_ai,520,104,28
image-classification|he|unknown,5778,137,1
reinforcement-learning|aa|responsible_ai,2,0,1
text-classification|sl|unknown,49608,917,9
image-classification|fr|unknown,5780,138,3
text-ranking|it|permissive,70,35,17
zero-shot-classification|en|noncommercial,21,18,22
text-to-video|en|other,195,33,217
automatic-speech-recognition|te|unknown,8239,127,19
video-classification|unk|other,18,5,20
text-to-speech|hu|permissive,493,80,79
text-classification|aa|copyleft,192,30,1
object-detection|es|permissive,1366,94,13
unconditional-image-generation|ru|permissive,732,7,1
question-answering|bn|responsible_ai,32,16,2
text-to-video|hi|responsible_ai,421,12,1
question-answering|ja|unknown,4403,135,2
zero-shot-image-classification|ja|responsible_ai,3,2,2
text-generation|aa|responsible_ai,499,92,6
image-to-text|he|unknown,140,33,1
text-to-image|aa|other,2000,178,1
summarization|zh|noncommercial,4,3,3
visual-question-answering|zh|permissive,183,41,39
image-to-text|de|unknown,142,33,3
image-to-text|it|unknown,141,33,2
image-to-text|hu|unknown,142,33,3
unk|bg|responsible_ai,54036,141,7
unk|cs|responsible_ai,54036,141,7
unk|ro|responsible_ai,54042,142,14
unk|or|noncommercial,5904,498,17
sentence-similarity|br|permissive,1061,168,56
sentence-similarity|om|permissive,1061,168,56
sentence-similarity|ps|permissive,1069,171,70
sentence-similarity|sa|permissive,1064,169,63
sentence-similarity|sd|permissive,1067,170,66
zero-shot-classification|ca|permissive,48,22,3
unk|af|copyleft,4889,138,13
unk|am|copyleft,4887,138,11
unk|an|copyleft,4882,138,6
unk|as|copyleft,4889,138,14
unk|az|copyleft,4891,138,15
unk|ba|copyleft,4882,138,6
unk|be|copyleft,4888,138,12
unk|bn|copyleft,4892,138,17
unk|bo|copyleft,4882,138,6
unk|br|copyleft,4887,138,11
unk|ce|copyleft,4882,138,6
unk|cv|copyleft,4882,138,6
unk|cy|copyleft,4890,139,14
unk|dv|copyleft,4882,138,6
unk|eo|copyleft,4886,138,10
unk|fo|copyleft,4881,138,5
unk|fy|copyleft,4886,138,10
unk|gd|copyleft,4888,138,12
unk|gu|copyleft,4890,139,15
unk|gv|copyleft,4881,138,5
unk|he|copyleft,4893,138,17
unk|hi|copyleft,4891,138,16
unk|ht|copyleft,4888,140,12
unk|hy|copyleft,4886,138,10
unk|ia|copyleft,4881,138,5
unk|id|copyleft,4897,139,21
unk|io|copyleft,4881,138,5
unk|jv|copyleft,4889,138,13
unk|ka|copyleft,4887,138,12
unk|kk|copyleft,4886,138,10
unk|km|copyleft,4886,138,11
unk|kn|copyleft,4888,138,13
unk|ku|copyleft,4886,138,10
unk|ky|copyleft,4886,138,10
unk|la|copyleft,4889,139,13
unk|lb|copyleft,4881,138,5
unk|li|copyleft,4882,138,6
unk|mg|copyleft,4886,138,10
unk|ml|copyleft,4887,138,12
unk|mn|copyleft,4886,138,10
unk|mr|copyleft,4888,139,13
unk|ms|copyleft,4887,138,11
unk|my|copyleft,4887,138,11
unk|ne|copyleft,4888,138,12
unk|no|copyleft,4887,138,11
unk|oc|copyleft,4881,138,5
unk|or|copyleft,4888,138,12
unk|os|copyleft,4881,138,5
unk|pa|copyleft,4886,138,11
unk|ps|copyleft,4886,138,10
unk|qu|copyleft,4886,138,10
unk|rm|copyleft,4882,138,6
unk|se|copyleft,4881,138,5
unk|si|copyleft,4895,140,19
unk|su|copyleft,4886,138,10
unk|sw|copyleft,4894,138,18
unk|ta|copyleft,4889,138,14
unk|te|copyleft,4890,138,15
unk|tg|copyleft,4881,138,5
unk|tk|copyleft,4881,138,5
unk|tt|copyleft,4881,138,5
unk|ug|copyleft,4882,138,6
unk|ur|copyleft,4887,138,12
unk|uz|copyleft,4887,138,11
unk|vo|copyleft,4881,138,5
unk|wa|copyleft,4881,138,5
unk|yi|copyleft,4882,138,6
unk|yo|copyleft,4890,138,14
unk|ko|responsible_ai,54046,145,23
unk|tl|responsible_ai,54035,139,3
text-to-image|lv|unknown,8406,327,1
text-classification|uk|other,143,42,7
unk|nl|noncommercial,5925,504,44
image-text-to-text|en|copyleft,49,21,35
text-generation|ss|permissive,19248,4680,26
text-generation|nr|permissive,19233,4679,9
automatic-speech-recognition|en|responsible_ai,13,6,10
automatic-speech-recognition|fa|responsible_ai,4,0,1
unk|ab|noncommercial,5892,495,5
unk|af|noncommercial,5901,498,17
unk|ak|noncommercial,5895,497,8
unk|ar|noncommercial,5945,508,69
unk|as|noncommercial,5898,498,11
unk|av|noncommercial,5893,496,6
unk|ay|noncommercial,5892,495,5
unk|az|noncommercial,5898,498,11
unk|ba|noncommercial,5892,495,5
unk|be|noncommercial,5898,498,11
unk|bg|noncommercial,5903,500,16
unk|bi|noncommercial,5892,495,5
unk|bm|noncommercial,5892,495,5
unk|bn|noncommercial,5906,500,20
unk|bo|noncommercial,5893,496,6
unk|br|noncommercial,5898,498,11
unk|ca|noncommercial,5903,502,22
unk|ce|noncommercial,5892,495,5
unk|cv|noncommercial,5892,495,5
unk|cy|noncommercial,5899,498,12
unk|dv|noncommercial,5892,495,5
unk|dz|noncommercial,5892,495,5
unk|ee|noncommercial,5894,496,7
unk|el|noncommercial,5912,498,25
unk|eo|noncommercial,5898,498,11
unk|et|noncommercial,5901,498,14
unk|eu|noncommercial,5900,498,14
unk|ff|noncommercial,5892,495,5
unk|fi|noncommercial,5901,498,14
unk|fj|noncommercial,5892,495,5
unk|fo|noncommercial,5892,495,5
unk|fy|noncommercial,5899,498,12
unk|ga|noncommercial,5903,498,16
unk|gl|noncommercial,5898,498,13
unk|gn|noncommercial,5893,495,6
unk|gu|noncommercial,5898,498,11
unk|ha|noncommercial,5898,498,11
unk|he|noncommercial,5910,498,23
unk|hi|noncommercial,5919,501,43
unk|ht|noncommercial,5897,496,10
unk|hu|noncommercial,5909,502,36
unk|hy|noncommercial,5898,498,11
unk|ia|noncommercial,5892,495,5
unk|ig|noncommercial,5892,495,5
unk|is|noncommercial,5898,498,11
unk|jv|noncommercial,5898,498,12
unk|ka|noncommercial,5898,498,11
unk|ki|noncommercial,5892,495,6
unk|kk|noncommercial,5901,499,14
unk|km|noncommercial,5898,498,11
unk|kn|noncommercial,5899,498,12
unk|kr|noncommercial,5892,495,5
unk|ku|noncommercial,5898,498,11
unk|kv|noncommercial,5892,495,5
unk|ky|noncommercial,5898,498,11
unk|la|noncommercial,5907,501,23
unk|lg|noncommercial,5893,496,6
unk|ln|noncommercial,5892,495,5
unk|lo|noncommercial,5898,498,11
unk|lt|noncommercial,5903,501,22
unk|lv|noncommercial,5900,498,14
unk|mg|noncommercial,5898,498,11
unk|mh|noncommercial,5892,495,5
unk|mi|noncommercial,5893,495,6
unk|mk|noncommercial,5900,499,14
unk|ml|noncommercial,5899,498,12
unk|mn|noncommercial,5898,498,11
unk|mr|noncommercial,5902,498,15
unk|ms|noncommercial,5898,498,14
unk|mt|noncommercial,5895,496,16
unk|my|noncommercial,5900,498,14
unk|ne|noncommercial,5898,498,13
unk|no|noncommercial,5925,501,44
unk|ny|noncommercial,5892,495,5
unk|oc|noncommercial,5892,495,6
unk|om|noncommercial,5899,498,12
unk|os|noncommercial,5892,495,5
unk|pa|noncommercial,5898,498,11
unk|ps|noncommercial,5898,498,11
unk|qu|noncommercial,5893,495,6
unk|rn|noncommercial,5892,495,5
unk|ro|noncommercial,5939,507,83
unk|rw|noncommercial,5892,495,5
unk|sd|noncommercial,5898,498,11
unk|sg|noncommercial,5892,495,5
unk|sk|noncommercial,5903,499,16
unk|sl|noncommercial,5900,498,13
unk|sm|noncommercial,5892,495,5
unk|sn|noncommercial,5893,496,6
unk|so|noncommercial,5898,498,11
unk|sq|noncommercial,5898,498,11
unk|su|noncommercial,5898,498,12
unk|sv|noncommercial,5901,498,15
unk|sw|noncommercial,5902,499,15
unk|ta|noncommercial,5903,500,19
unk|te|noncommercial,5901,498,14
unk|tg|noncommercial,5892,495,5
unk|th|noncommercial,5903,499,16
unk|ti|noncommercial,5892,495,5
unk|tl|noncommercial,5899,499,13
unk|tr|noncommercial,5924,504,43
unk|ts|noncommercial,5892,495,5
unk|tt|noncommercial,5892,495,5
unk|wo|noncommercial,5893,495,6
unk|xh|noncommercial,5900,498,13
unk|yo|noncommercial,5893,495,6
unk|za|noncommercial,5892,495,5
unk|zu|noncommercial,5894,495,7
text-to-image|zh|noncommercial,159,64,9
automatic-speech-recognition|eo|unknown,8232,125,4
object-detection|da|permissive,1360,94,1
graph-ml|unk|responsible_ai,10,6,5
text-generation|fr|other,4234,1204,717
automatic-speech-recognition|ab|noncommercial,298,40,6
automatic-speech-recognition|af|noncommercial,307,42,19
automatic-speech-recognition|ak|noncommercial,305,40,14
automatic-speech-recognition|am|noncommercial,309,43,25
automatic-speech-recognition|as|noncommercial,308,42,17
automatic-speech-recognition|av|noncommercial,298,40,6
automatic-speech-recognition|ay|noncommercial,298,40,6
automatic-speech-recognition|az|noncommercial,303,42,12
automatic-speech-recognition|ba|noncommercial,302,40,10
automatic-speech-recognition|be|noncommercial,307,42,16
automatic-speech-recognition|bi|noncommercial,298,40,6
automatic-speech-recognition|bm|noncommercial,302,40,10
automatic-speech-recognition|bn|noncommercial,313,44,22
automatic-speech-recognition|bo|noncommercial,302,40,10
automatic-speech-recognition|br|noncommercial,298,40,6
automatic-speech-recognition|ca|noncommercial,311,43,21
automatic-speech-recognition|ce|noncommercial,298,40,6
automatic-speech-recognition|cv|noncommercial,299,41,9
automatic-speech-recognition|cy|noncommercial,309,42,18
automatic-speech-recognition|dv|noncommercial,299,41,8
automatic-speech-recognition|dz|noncommercial,302,40,10
automatic-speech-recognition|ee|noncommercial,308,43,21
automatic-speech-recognition|eo|noncommercial,302,40,10
automatic-speech-recognition|eu|noncommercial,302,40,11
automatic-speech-recognition|fa|noncommercial,306,43,26
automatic-speech-recognition|ff|noncommercial,298,40,7
automatic-speech-recognition|fj|noncommercial,302,40,10
automatic-speech-recognition|fo|noncommercial,302,40,10
automatic-speech-recognition|fy|noncommercial,298,40,6
automatic-speech-recognition|ga|noncommercial,307,42,16
automatic-speech-recognition|gl|noncommercial,310,42,19
automatic-speech-recognition|gn|noncommercial,302,40,10
automatic-speech-recognition|gu|noncommercial,308,42,17
automatic-speech-recognition|ha|noncommercial,310,45,21
automatic-speech-recognition|he|noncommercial,308,43,17
automatic-speech-recognition|hi|noncommercial,311,43,21
automatic-speech-recognition|ht|noncommercial,302,40,10
automatic-speech-recognition|hy|noncommercial,308,42,17
automatic-speech-recognition|ia|noncommercial,298,40,6
automatic-speech-recognition|ig|noncommercial,310,44,21
automatic-speech-recognition|is|noncommercial,307,42,16
automatic-speech-recognition|jv|noncommercial,307,42,16
automatic-speech-recognition|ka|noncommercial,307,42,16
automatic-speech-recognition|ki|noncommercial,302,40,10
automatic-speech-recognition|kk|noncommercial,312,43,22
automatic-speech-recognition|km|noncommercial,307,42,19
automatic-speech-recognition|kn|noncommercial,308,42,17
automatic-speech-recognition|ko|noncommercial,313,43,23
automatic-speech-recognition|kr|noncommercial,298,40,6
automatic-speech-recognition|ku|noncommercial,298,40,6
automatic-speech-recognition|kv|noncommercial,298,40,6
automatic-speech-recognition|ky|noncommercial,307,42,16
automatic-speech-recognition|la|noncommercial,298,40,6
automatic-speech-recognition|lb|noncommercial,307,42,16
automatic-speech-recognition|lg|noncommercial,307,42,17
automatic-speech-recognition|ln|noncommercial,309,43,22
automatic-speech-recognition|lo|noncommercial,307,42,16
automatic-speech-recognition|mg|noncommercial,298,40,6
automatic-speech-recognition|mh|noncommercial,298,40,6
automatic-speech-recognition|mi|noncommercial,307,42,16
automatic-speech-recognition|mk|noncommercial,307,42,16
automatic-speech-recognition|ml|noncommercial,308,42,18
automatic-speech-recognition|mn|noncommercial,305,42,14
automatic-speech-recognition|mr|noncommercial,304,42,13
automatic-speech-recognition|ms|noncommercial,303,42,15
automatic-speech-recognition|my|noncommercial,307,42,17
automatic-speech-recognition|ne|noncommercial,310,45,21
automatic-speech-recognition|no|noncommercial,298,40,6
automatic-speech-recognition|ny|noncommercial,307,42,16
automatic-speech-recognition|oc|noncommercial,307,42,16
automatic-speech-recognition|om|noncommercial,304,43,19
automatic-speech-recognition|or|noncommercial,303,42,12
automatic-speech-recognition|os|noncommercial,298,40,6
automatic-speech-recognition|pa|noncommercial,307,42,16
automatic-speech-recognition|ps|noncommercial,303,42,12
automatic-speech-recognition|qu|noncommercial,298,40,6
automatic-speech-recognition|rn|noncommercial,302,40,10
automatic-speech-recognition|ru|noncommercial,316,44,27
automatic-speech-recognition|rw|noncommercial,302,40,10
automatic-speech-recognition|sd|noncommercial,308,42,17
automatic-speech-recognition|sg|noncommercial,302,40,10
automatic-speech-recognition|sm|noncommercial,302,40,10
automatic-speech-recognition|sn|noncommercial,308,42,29
automatic-speech-recognition|so|noncommercial,307,42,17
automatic-speech-recognition|sq|noncommercial,298,40,6
automatic-speech-recognition|su|noncommercial,302,40,10
automatic-speech-recognition|sw|noncommercial,303,42,13
automatic-speech-recognition|ta|noncommercial,311,43,21
automatic-speech-recognition|te|noncommercial,308,42,17
automatic-speech-recognition|tg|noncommercial,307,42,16
automatic-speech-recognition|th|noncommercial,308,42,17
automatic-speech-recognition|ti|noncommercial,303,41,17
automatic-speech-recognition|tl|noncommercial,307,42,17
automatic-speech-recognition|tr|noncommercial,312,42,22
automatic-speech-recognition|ts|noncommercial,302,40,10
automatic-speech-recognition|tt|noncommercial,302,40,10
automatic-speech-recognition|wo|noncommercial,307,42,17
automatic-speech-recognition|xh|noncommercial,307,42,21
automatic-speech-recognition|yo|noncommercial,314,46,25
automatic-speech-recognition|za|noncommercial,298,40,6
automatic-speech-recognition|zh|noncommercial,320,48,36
automatic-speech-recognition|zu|noncommercial,307,42,16
text-to-speech|ja|noncommercial,1338,91,86
audio-to-audio|unk|other,53,15,34
tabular-classification|unk|responsible_ai,4,0,2
zero-shot-classification|zh|responsible_ai,3,1,1
feature-extraction|zh|responsible_ai,32,3,6
automatic-speech-recognition|or|no_derivatives,1,0,1
text-to-audio|en|permissive,323,62,230
text-generation|is|responsible_ai,494,89,1
text-classification|cr|permissive,10348,791,1
text-classification|fj|permissive,10348,791,4
text-classification|ks|permissive,10348,791,4
text-classification|sm|permissive,10349,792,6
text-to-audio|ca|permissive,234,36,1
text-to-3d|en|responsible_ai,7,1,4
depth-estimation|unk|responsible_ai,8,2,1
summarization|ab|responsible_ai,8,4,3
text-classification|tr|other,147,44,16
image-classification|de|permissive,6087,738,6
sentence-similarity|ne|unknown,4444,477,13
audio-classification|zh|copyleft,17,2,4
robotics|aa|permissive,17432,140,2
robotics|ab|permissive,17431,140,1
robotics|ae|permissive,17431,140,1
robotics|af|permissive,17431,140,1
robotics|ak|permissive,17431,140,1
robotics|am|permissive,17431,140,1
robotics|an|permissive,17431,140,1
robotics|as|permissive,17431,140,1
robotics|av|permissive,17431,140,1
robotics|ay|permissive,17431,140,1
robotics|az|permissive,17431,140,1
robotics|ba|permissive,17431,140,1
robotics|be|permissive,17431,140,1
robotics|bg|permissive,17431,140,1
robotics|bh|permissive,17431,140,1
robotics|bi|permissive,17431,140,1
robotics|bm|permissive,17431,140,1
robotics|bn|permissive,17431,140,1
robotics|bo|permissive,17431,140,1
robotics|br|permissive,17431,140,1
robotics|bs|permissive,17431,140,1
robotics|ca|permissive,17431,140,1
robotics|ce|permissive,17431,140,1
robotics|ch|permissive,17431,140,1
robotics|co|permissive,17431,140,1
robotics|cr|permissive,17431,140,1
robotics|cs|permissive,17431,140,1
robotics|cu|permissive,17431,140,1
robotics|cv|permissive,17431,140,1
robotics|cy|permissive,17431,140,1
robotics|da|permissive,17431,140,1
robotics|de|permissive,17432,140,2
robotics|dv|permissive,17431,140,1
robotics|dz|permissive,17431,140,1
robotics|ee|permissive,17431,140,1
robotics|el|permissive,17431,140,1
robotics|eo|permissive,17431,140,1
robotics|es|permissive,17432,140,2
robotics|et|permissive,17431,140,1
robotics|eu|permissive,17431,140,1
robotics|fa|permissive,17431,140,1
robotics|ff|permissive,17431,140,1
robotics|fi|permissive,17431,140,1
robotics|fj|permissive,17431,140,1
robotics|fo|permissive,17431,140,1
robotics|fr|permissive,17433,141,3
robotics|fy|permissive,17431,140,1
robotics|ga|permissive,17431,140,1
robotics|gd|permissive,17431,140,1
robotics|gl|permissive,17431,140,1
robotics|gn|permissive,17431,140,1
robotics|gu|permissive,17431,140,1
robotics|gv|permissive,17431,140,1
robotics|ha|permissive,17431,140,1
robotics|he|permissive,17431,140,1
robotics|hi|permissive,17431,140,1
robotics|ho|permissive,17431,140,1
robotics|hr|permissive,17431,140,1
robotics|ht|permissive,17431,140,1
robotics|hu|permissive,17431,140,1
robotics|hy|permissive,17431,140,1
robotics|hz|permissive,17431,140,1
robotics|ia|permissive,17431,140,1
robotics|id|permissive,17431,140,1
robotics|ie|permissive,17431,140,1
robotics|ig|permissive,17431,140,1
robotics|ii|permissive,17431,140,1
robotics|ik|permissive,17431,140,1
robotics|io|permissive,17431,140,1
robotics|is|permissive,17431,140,1
robotics|it|permissive,17431,140,1
robotics|iu|permissive,17431,140,1
robotics|ja|permissive,17436,141,8
robotics|jv|permissive,17431,140,1
robotics|ka|permissive,17431,140,1
robotics|kg|permissive,17431,140,1
robotics|ki|permissive,17431,140,1
robotics|kj|permissive,17431,140,1
robotics|kk|permissive,17431,140,1
robotics|kl|permissive,17431,140,1
robotics|km|permissive,17431,140,1
robotics|kn|permissive,17431,140,1
robotics|ko|permissive,17440,140,12
robotics|kr|permissive,17431,140,1
robotics|ku|permissive,17431,140,1
robotics|kv|permissive,17431,140,1
robotics|ky|permissive,17431,140,1
robotics|la|permissive,17431,140,1
robotics|lb|permissive,17431,140,1
robotics|lg|permissive,17431,140,1
robotics|lo|permissive,17431,140,1
robotics|lu|permissive,17431,140,1
robotics|mk|permissive,17431,140,1
robotics|pa|permissive,17431,140,1
robotics|ru|permissive,17432,141,2
robotics|uk|permissive,17431,140,1
robotics|ve|permissive,17431,140,1
robotics|vi|permissive,17431,140,1
robotics|zh|permissive,17448,143,22
translation|am|unknown,704,34,9
translation|ti|unknown,701,32,5
token-classification|el|copyleft,90,17,2
image-to-image|es|permissive,1006,93,7
text-to-audio|unk|noncommercial,126,25,345
text-generation|bn|noncommercial,2012,949,39
voice-activity-detection|ja|responsible_ai,3,0,1
voice-activity-detection|ru|responsible_ai,3,0,1
voice-activity-detection|zh|responsible_ai,3,0,1
audio-to-audio|es|responsible_ai,18,1,8
audio-to-audio|ru|responsible_ai,20,1,11
audio-to-audio|uk|responsible_ai,13,0,2
fill-mask|ee|permissive,1980,226,6
fill-mask|tw|permissive,1982,228,8
unk|uz|responsible_ai,54034,139,2
unconditional-image-generation|en|copyleft,3,0,1
token-classification|it|copyleft,97,20,11
question-answering|ar|noncommercial,12,4,1
question-answering|es|noncommercial,12,4,1
question-answering|fr|noncommercial,12,4,1
question-answering|pt|noncommercial,14,6,4
question-answering|ru|noncommercial,12,4,1
question-answering|uk|noncommercial,12,4,1
question-answering|zh|noncommercial,13,4,2
audio-classification|ab|noncommercial,75,25,6
audio-classification|af|noncommercial,75,25,6
audio-classification|ak|noncommercial,75,25,6
audio-classification|am|noncommercial,75,25,6
audio-classification|ar|noncommercial,76,25,9
audio-classification|as|noncommercial,75,25,6
audio-classification|av|noncommercial,75,25,6
audio-classification|ay|noncommercial,75,25,6
audio-classification|az|noncommercial,75,25,6
audio-classification|ba|noncommercial,75,25,6
audio-classification|be|noncommercial,75,25,6
audio-classification|bg|noncommercial,75,25,6
audio-classification|bi|noncommercial,75,25,6
audio-classification|bm|noncommercial,75,25,6
audio-classification|bn|noncommercial,76,25,8
audio-classification|bo|noncommercial,75,25,7
audio-classification|br|noncommercial,75,25,6
audio-classification|ca|noncommercial,75,25,6
audio-classification|ce|noncommercial,75,25,6
audio-classification|cs|noncommercial,75,25,6
audio-classification|cv|noncommercial,75,25,6
audio-classification|cy|noncommercial,75,25,6
audio-classification|da|noncommercial,76,25,7
audio-classification|de|noncommercial,77,25,9
audio-classification|dv|noncommercial,75,25,6
audio-classification|dz|noncommercial,75,25,6
audio-classification|ee|noncommercial,75,25,6
audio-classification|el|noncommercial,76,25,7
audio-classification|eo|noncommercial,75,25,6
audio-classification|es|noncommercial,77,25,9
audio-classification|et|noncommercial,75,25,6
audio-classification|eu|noncommercial,75,25,6
audio-classification|fa|noncommercial,76,25,7
audio-classification|ff|noncommercial,75,25,6
audio-classification|fi|noncommercial,76,25,7
audio-classification|fj|noncommercial,75,25,6
audio-classification|fo|noncommercial,75,25,6
audio-classification|fr|noncommercial,77,25,10
audio-classification|fy|noncommercial,75,25,6
audio-classification|ga|noncommercial,75,25,6
audio-classification|gl|noncommercial,75,25,6
audio-classification|gn|noncommercial,75,25,6
audio-classification|gu|noncommercial,76,25,7
audio-classification|ha|noncommercial,75,25,6
audio-classification|he|noncommercial,77,26,8
audio-classification|hi|noncommercial,77,25,9
audio-classification|ht|noncommercial,75,25,6
audio-classification|hu|noncommercial,75,25,6
audio-classification|hy|noncommercial,75,25,6
audio-classification|ia|noncommercial,75,25,6
audio-classification|ig|noncommercial,75,25,6
audio-classification|is|noncommercial,75,25,6
audio-classification|it|noncommercial,77,25,8
audio-classification|ja|noncommercial,76,25,7
audio-classification|jv|noncommercial,75,25,6
audio-classification|ka|noncommercial,75,25,6
audio-classification|ki|noncommercial,75,25,6
audio-classification|kk|noncommercial,76,26,7
audio-classification|km|noncommercial,75,25,6
audio-classification|kn|noncommercial,76,25,8
audio-classification|ko|noncommercial,77,25,8
audio-classification|kr|noncommercial,75,25,6
audio-classification|ku|noncommercial,75,25,6
audio-classification|kv|noncommercial,75,25,6
audio-classification|ky|noncommercial,75,25,6
audio-classification|la|noncommercial,75,25,6
audio-classification|lb|noncommercial,75,25,6
audio-classification|lg|noncommercial,75,25,6
audio-classification|ln|noncommercial,75,25,6
audio-classification|lo|noncommercial,75,25,6
audio-classification|lt|noncommercial,75,25,6
audio-classification|lv|noncommercial,75,25,6
audio-classification|mg|noncommercial,75,25,6
audio-classification|mh|noncommercial,75,25,6
audio-classification|mi|noncommercial,75,25,6
audio-classification|mk|noncommercial,75,25,6
audio-classification|ml|noncommercial,76,25,8
audio-classification|mn|noncommercial,75,25,6
audio-classification|mr|noncommercial,76,25,8
audio-classification|ms|noncommercial,76,25,7
audio-classification|mt|noncommercial,75,25,6
audio-classification|my|noncommercial,76,25,7
audio-classification|ne|noncommercial,75,25,7
audio-classification|nl|noncommercial,77,25,8
audio-classification|no|noncommercial,76,25,7
audio-classification|ny|noncommercial,75,25,6
audio-classification|oc|noncommercial,75,25,6
audio-classification|om|noncommercial,75,25,6
audio-classification|or|noncommercial,76,25,7
audio-classification|os|noncommercial,75,25,6
audio-classification|pa|noncommercial,75,25,6
audio-classification|pl|noncommercial,75,25,6
audio-classification|ps|noncommercial,75,25,6
audio-classification|pt|noncommercial,76,25,7
audio-classification|qu|noncommercial,75,25,6
audio-classification|rn|noncommercial,75,25,6
audio-classification|ro|noncommercial,75,25,6
audio-classification|ru|noncommercial,76,25,7
audio-classification|rw|noncommercial,75,25,6
audio-classification|sd|noncommercial,75,25,6
audio-classification|sg|noncommercial,75,25,6
audio-classification|sk|noncommercial,75,25,6
audio-classification|sl|noncommercial,75,25,6
audio-classification|sm|noncommercial,75,25,6
audio-classification|sn|noncommercial,75,25,6
audio-classification|so|noncommercial,75,25,6
audio-classification|sq|noncommercial,75,25,6
audio-classification|su|noncommercial,75,25,6
audio-classification|sv|noncommercial,77,25,8
audio-classification|sw|noncommercial,75,25,6
audio-classification|ta|noncommercial,76,25,8
audio-classification|te|noncommercial,76,25,8
audio-classification|tg|noncommercial,75,25,6
audio-classification|th|noncommercial,75,25,7
audio-classification|ti|noncommercial,75,25,6
audio-classification|tl|noncommercial,75,25,6
audio-classification|tr|noncommercial,77,25,8
audio-classification|ts|noncommercial,75,25,6
audio-classification|tt|noncommercial,75,25,6
audio-classification|uk|noncommercial,75,25,6
audio-classification|vi|noncommercial,76,25,7
audio-classification|wo|noncommercial,75,25,6
audio-classification|xh|noncommercial,75,25,6
audio-classification|yo|noncommercial,75,25,6
audio-classification|za|noncommercial,75,25,6
audio-classification|zh|noncommercial,85,28,17
audio-classification|zu|noncommercial,75,25,6
token-classification|id|responsible_ai,17,3,1
text-generation|pl|noncommercial,2080,972,136
text-generation|pt|noncommercial,2163,977,241
question-answering|av|responsible_ai,32,16,2
fill-mask|ff|permissive,1979,225,5
fill-mask|ki|permissive,1979,225,5
fill-mask|kj|permissive,1979,225,5
fill-mask|ve|permissive,1981,227,7
fill-mask|wo|permissive,1984,229,10
multiple-choice|unk|copyleft,5,3,8
table-question-answering|aa|permissive,21,13,6
sentence-similarity|af|unknown,4443,477,6
sentence-similarity|am|unknown,4443,477,8
sentence-similarity|as|unknown,4443,477,4
sentence-similarity|az|unknown,4443,477,6
sentence-similarity|be|unknown,4443,477,7
sentence-similarity|br|unknown,4442,476,3
sentence-similarity|bs|unknown,4442,476,3
sentence-similarity|cs|unknown,4443,477,10
sentence-similarity|cy|unknown,4443,477,6
sentence-similarity|da|unknown,4444,478,12
sentence-similarity|eo|unknown,4443,477,5
sentence-similarity|et|unknown,4443,477,10
sentence-similarity|eu|unknown,4443,477,6
sentence-similarity|fa|unknown,4444,478,14
sentence-similarity|fy|unknown,4442,476,3
sentence-similarity|ga|unknown,4443,477,5
sentence-similarity|gd|unknown,4442,476,3
sentence-similarity|gl|unknown,4443,477,9
sentence-similarity|gu|unknown,4444,478,11
sentence-similarity|ha|unknown,4443,477,6
sentence-similarity|hr|unknown,4443,477,9
sentence-similarity|hy|unknown,4443,477,9
sentence-similarity|is|unknown,4446,477,11
sentence-similarity|ja|unknown,4460,478,32
sentence-similarity|jv|unknown,4442,476,4
sentence-similarity|ka|unknown,4443,477,9
sentence-similarity|kk|unknown,4443,477,8
sentence-similarity|km|unknown,4443,477,7
sentence-similarity|kn|unknown,4445,478,8
sentence-similarity|ku|unknown,4443,477,8
sentence-similarity|ky|unknown,4443,477,6
sentence-similarity|la|unknown,4443,477,7
sentence-similarity|lo|unknown,4443,477,6
sentence-similarity|lt|unknown,4443,477,10
sentence-similarity|lv|unknown,4443,477,10
sentence-similarity|mg|unknown,4442,476,3
sentence-similarity|mk|unknown,4443,477,9
sentence-similarity|mn|unknown,4443,477,9
sentence-similarity|mr|unknown,4445,478,12
sentence-similarity|ms|unknown,4443,477,9
sentence-similarity|my|unknown,4443,477,9
sentence-similarity|no|unknown,4446,479,13
sentence-similarity|om|unknown,4442,476,3
sentence-similarity|or|unknown,4444,478,6
sentence-similarity|pa|unknown,4443,477,6
sentence-similarity|ps|unknown,4443,477,6
sentence-similarity|sa|unknown,4443,477,5
sentence-similarity|sd|unknown,4442,476,3
sentence-similarity|si|unknown,4443,477,8
sentence-similarity|sk|unknown,4443,477,9
sentence-similarity|sl|unknown,4443,477,9
sentence-similarity|so|unknown,4443,477,6
sentence-similarity|sq|unknown,4443,477,9
sentence-similarity|sr|unknown,4443,477,9
sentence-similarity|su|unknown,4442,476,3
sentence-similarity|sv|unknown,4445,478,12
sentence-similarity|sw|unknown,4443,477,8
sentence-similarity|ta|unknown,4444,478,8
sentence-similarity|te|unknown,4445,478,9
sentence-similarity|tl|unknown,4443,477,6
sentence-similarity|ug|unknown,4442,476,3
sentence-similarity|uk|unknown,4443,477,11
sentence-similarity|uz|unknown,4443,477,6
sentence-similarity|xh|unknown,4442,476,4
sentence-similarity|yi|unknown,4442,476,3
text-to-speech|de|noncommercial,1319,92,77
text-to-speech|es|noncommercial,1324,90,76
text-to-speech|fr|noncommercial,1317,91,74
text-to-speech|hi|noncommercial,1286,86,39
text-to-speech|it|noncommercial,1312,89,63
text-to-speech|ko|noncommercial,1317,89,57
text-to-speech|pl|noncommercial,1309,88,46
text-to-speech|pt|noncommercial,1313,91,66
text-to-speech|tr|noncommercial,1280,82,18
text-to-speech|zh|noncommercial,1339,93,107
audio-classification|ko|responsible_ai,4,3,1
text-generation|be|copyleft,421,161,9
audio-to-audio|en|noncommercial,149,11,41
audio-to-audio|id|noncommercial,113,5,1
question-answering|ko|unknown,4407,140,8
token-classification|he|responsible_ai,17,3,1
text-generation|kn|unknown,128508,15092,7
text-generation|mr|unknown,128507,15092,12
audio-to-audio|jv|responsible_ai,12,0,1
audio-to-audio|zh|responsible_ai,12,0,1
unk|ae|permissive,161145,4519,110
video-to-video|unk|noncommercial,9,3,5
text-to-speech|id|responsible_ai,18,3,47
voice-activity-detection|unk|unknown,18,6,12
text-to-speech|sv|permissive,499,79,146
graph-ml|unk|unknown,23,7,9
text-classification|ab|responsible_ai,104,14,6
translation|be|responsible_ai,3,1,1
translation|ru|responsible_ai,4,2,2
feature-extraction|ja|responsible_ai,27,3,1
feature-extraction|th|responsible_ai,27,3,1
token-classification|ig|noncommercial,248,25,1
unk|jv|other,27586,787,8
question-answering|ru|responsible_ai,24,8,1
text-to-audio|ar|permissive,252,38,22
image-text-to-text|vi|unknown,7973,479,14
audio-classification|en|copyleft,24,5,11
audio-to-audio|unk|responsible_ai,108,5,11
document-question-answering|en|unknown,46,3,8
text-to-image|es|permissive,5106,308,12
audio-to-audio|de|permissive,363,30,14
text-to-speech|el|responsible_ai,19,3,48
text-to-speech|es|responsible_ai,35,7,65
text-to-speech|fr|responsible_ai,30,4,60
text-to-speech|it|responsible_ai,19,3,48
text-to-speech|la|responsible_ai,11,3,2
text-to-speech|pt|responsible_ai,30,4,60
text-to-speech|ru|responsible_ai,24,5,53
text-to-speech|zh|responsible_ai,16,3,9
audio-to-audio|pt|responsible_ai,17,0,6
graph-ml|en|permissive,133,12,61
text-generation|nl|noncommercial,2088,979,157
automatic-speech-recognition|ne|unknown,8236,125,14
graph-ml|zh|permissive,77,2,4
summarization|he|unknown,554,49,3
unk|tr|responsible_ai,54170,139,139
visual-question-answering|en|unknown,201,27,33
visual-question-answering|zh|unknown,180,16,12
text-generation|de|noncommercial,2187,988,265
text-to-3d|unk|permissive,76,16,36
automatic-speech-recognition|vi|unknown,8254,126,35
image-to-text|ar|permissive,382,83,37
text-to-speech|fi|permissive,476,76,126
text-to-speech|th|permissive,470,77,100
automatic-speech-recognition|tw|permissive,3103,249,31
zero-shot-image-classification|en|copyleft,3,1,3
text-classification|ch|responsible_ai,99,13,1
token-classification|sl|copyleft,98,20,10
token-classification|es|responsible_ai,19,5,3
table-question-answering|ak|permissive,16,10,1
table-question-answering|id|permissive,17,11,2
image-segmentation|pt|unknown,172,11,2
zero-shot-image-classification|unk|noncommercial,129,26,134
text-generation|en|vendor_custom,5074,1897,5686
mask-generation|en|permissive,117,25,13
text-classification|eu|unknown,49602,917,4
text-to-speech|nl|permissive,494,81,150
document-question-answering|es|permissive,22,6,1
text-generation|ru|noncommercial,2095,977,170
image-segmentation|en|other,365,64,19
other|zh|permissive,272,13,11
zero-shot-classification|en|copyleft,2,1,2
audio-to-audio|ru|permissive,366,30,14
text-to-speech|cs|permissive,491,80,77
text-to-audio|ru|permissive,249,37,17
text-to-audio|es|permissive,270,39,42
translation|ab|responsible_ai,6,4,4
table-question-answering|ab|other,1,0,1
text-classification|ko|other,150,47,16
text-classification|zh|other,159,50,30
text-to-audio|de|permissive,254,40,21
text-to-speech|ab|unknown,158,21,14
text-to-speech|ab|permissive,444,69,22
text-to-speech|ak|permissive,446,70,6
text-to-speech|be|permissive,442,70,22
fill-mask|ve|other,163,10,3
fill-mask|tn|other,161,10,1
summarization|en|other,8,4,6
unk|ba|responsible_ai,54035,140,3
unk|unk|vendor_custom,7727,659,13627
unk|aa|copyleft,4882,139,7
unk|ab|copyleft,4881,138,5
unk|ae|copyleft,4881,138,5
unk|ak|copyleft,4882,138,6
unk|av|copyleft,4881,138,5
unk|ay|copyleft,4881,138,5
unk|bh|copyleft,4881,138,6
unk|bi|copyleft,4881,138,5
unk|bm|copyleft,4885,138,9
unk|co|copyleft,4881,138,5
unk|cr|copyleft,4881,138,5
unk|cu|copyleft,4881,138,5
unk|dz|copyleft,4881,138,5
unk|ee|copyleft,4882,138,6
audio-to-audio|th|permissive,356,28,4
unk|ca|other,27581,783,3
text-generation|av|responsible_ai,495,90,2
object-detection|ar|responsible_ai,27,3,2
text-classification|en|vendor_custom,77,50,269
voice-activity-detection|ab|responsible_ai,3,0,1
text-generation|ru|other,4078,1139,237
automatic-speech-recognition|ca|unknown,8235,125,11
unk|de|vendor_custom,6735,501,77
unk|en|vendor_custom,7638,635,1761
tabular-classification|ab|responsible_ai,3,0,1
audio-to-audio|zh|noncommercial,128,6,16
text-generation|unk|vendor_custom,5306,2020,7245
automatic-speech-recognition|bn|unknown,8238,126,14
text-generation|de|other,4207,1183,615
zero-shot-classification|ar|noncommercial,9,9,9
zero-shot-classification|bg|noncommercial,6,6,6
zero-shot-classification|de|noncommercial,11,10,11
zero-shot-classification|el|noncommercial,6,6,6
zero-shot-classification|es|noncommercial,8,8,8
zero-shot-classification|fr|noncommercial,11,10,11
zero-shot-classification|hi|noncommercial,10,9,10
zero-shot-classification|ru|noncommercial,6,6,6
zero-shot-classification|sw|noncommercial,6,6,6
zero-shot-classification|th|noncommercial,8,8,8
zero-shot-classification|tr|noncommercial,6,6,6
zero-shot-classification|ur|noncommercial,6,6,6
zero-shot-classification|vi|noncommercial,6,6,6
zero-shot-classification|zh|noncommercial,10,9,10
audio-to-audio|uk|permissive,354,28,2
text-to-speech|ml|permissive,467,78,68
text-generation|zh|vendor_custom,2552,1001,286
text-generation|ja|noncommercial,2200,1000,280
text-to-audio|ht|unknown,857,17,1
unk|nl|other,27607,784,31
text-generation|bg|responsible_ai,495,90,2
text-generation|ce|responsible_ai,494,89,1
text-generation|cy|responsible_ai,494,89,1
text-generation|da|responsible_ai,494,89,1
text-generation|el|responsible_ai,494,89,1
text-generation|ga|responsible_ai,494,89,1
text-generation|gd|responsible_ai,494,89,1
text-generation|la|responsible_ai,494,89,1
text-generation|rm|responsible_ai,494,89,1
text-generation|ro|responsible_ai,495,90,2
text-to-image|ar|permissive,5112,308,19
text-generation|it|other,4167,1173,420
voice-activity-detection|ja|unknown,10,3,1
token-classification|de|responsible_ai,18,4,2
audio-to-audio|zh|other,34,7,3
text-generation|es|vendor_custom,3022,1077,1053
text-generation|ru|vendor_custom,2460,942,85
text-to-speech|lt|permissive,446,70,30
text-generation|tr|other,3951,1108,55
text-to-speech|sl|permissive,445,73,28
tabular-classification|en|responsible_ai,3,0,1
unk|it|vendor_custom,6727,494,59
text-generation|unk|no_derivatives,23,14,12
text-classification|bh|unknown,49601,915,2
text-classification|gu|unknown,49608,917,9
text-classification|ml|unknown,49609,918,12
text-classification|mr|unknown,49609,917,10
text-classification|si|unknown,49604,917,7
text-to-speech|sk|permissive,447,72,30
image-classification|cv|copyleft,90,12,1
image-classification|sr|copyleft,90,12,1
text-to-image|ko|unknown,8406,327,1
text-generation|fr|vendor_custom,2984,1043,952
text-to-speech|en|other,215,49,239
text-to-audio|ht|permissive,233,36,1
audio-to-audio|cs|responsible_ai,39,0,28
audio-to-audio|sk|responsible_ai,30,0,19
summarization|bn|noncommercial,4,2,2
text-to-video|zu|responsible_ai,421,12,1
tabular-classification|en|unknown,247,1,28
translation|aa|unknown,699,30,1
automatic-speech-recognition|fr|responsible_ai,4,0,1
automatic-speech-recognition|ht|responsible_ai,4,0,1
text-generation|ja|vendor_custom,2589,1049,336
question-answering|zh|responsible_ai,25,8,2
visual-question-answering|unk|responsible_ai,4,2,1
unk|ko|vendor_custom,6717,499,85
text-generation|kk|responsible_ai,494,89,1
text-generation|wo|unknown,128507,15091,4
unk|es|vendor_custom,6741,504,112
unk|fr|vendor_custom,6734,499,70
audio-to-audio|es|permissive,366,31,15
audio-to-audio|fr|permissive,381,30,32
audio-to-audio|it|permissive,358,30,7
translation|zh|responsible_ai,4,2,2
text-generation|id|vendor_custom,2459,931,95
text-classification|ro|unknown,49605,918,9
zero-shot-classification|my|permissive,49,22,3
graph-ml|en|unknown,19,5,10
text-to-audio|am|permissive,234,37,3
table-question-answering|ab|responsible_ai,3,1,2
audio-to-audio|fr|unknown,182,4,7
tabular-regression|unk|responsible_ai,2,0,1
text-to-audio|hr|permissive,233,36,5
text-to-video|pl|responsible_ai,421,12,1
text-generation|ta|copyleft,423,162,7
automatic-speech-recognition|bs|unknown,8232,125,8
zero-shot-classification|aa|responsible_ai,3,1,1
text-generation|es|other,4191,1164,615
translation|ta|responsible_ai,4,1,2
question-answering|ak|responsible_ai,32,16,2
zero-shot-classification|af|permissive,49,23,3
zero-shot-classification|am|permissive,51,25,5
zero-shot-classification|as|permissive,48,22,2
zero-shot-classification|az|permissive,48,22,2
zero-shot-classification|be|permissive,49,22,3
zero-shot-classification|br|permissive,47,22,1
zero-shot-classification|bs|permissive,47,22,1
zero-shot-classification|cs|permissive,48,22,2
zero-shot-classification|cy|permissive,48,22,2
zero-shot-classification|eo|permissive,48,22,2
zero-shot-classification|et|permissive,48,22,2
zero-shot-classification|eu|permissive,48,22,2
zero-shot-classification|fi|permissive,48,22,2
zero-shot-classification|fy|permissive,49,22,3
zero-shot-classification|ga|permissive,48,22,2
zero-shot-classification|gd|permissive,48,22,2
zero-shot-classification|gl|permissive,48,22,2
zero-shot-classification|gu|permissive,48,22,2
zero-shot-classification|ha|permissive,48,22,2
zero-shot-classification|hr|permissive,47,22,1
zero-shot-classification|hu|permissive,49,22,3
zero-shot-classification|hy|permissive,48,22,2
zero-shot-classification|is|permissive,48,22,2
zero-shot-classification|jv|permissive,48,22,2
zero-shot-classification|ka|permissive,48,22,2
zero-shot-classification|kk|permissive,48,22,2
zero-shot-classification|km|permissive,48,22,2
zero-shot-classification|kn|permissive,48,22,2
zero-shot-classification|ku|permissive,48,22,2
zero-shot-classification|ky|permissive,48,22,2
zero-shot-classification|la|permissive,48,22,2
zero-shot-classification|lo|permissive,48,22,2
zero-shot-classification|lt|permissive,48,22,2
zero-shot-classification|lv|permissive,48,22,2
zero-shot-classification|mg|permissive,48,22,2
zero-shot-classification|mk|permissive,48,22,2
zero-shot-classification|ml|permissive,48,22,2
zero-shot-classification|mn|permissive,49,23,3
zero-shot-classification|ms|permissive,48,22,2
zero-shot-classification|ne|permissive,48,22,2
zero-shot-classification|om|permissive,47,22,1
zero-shot-classification|or|permissive,47,22,1
zero-shot-classification|pa|permissive,48,22,2
zero-shot-classification|ro|permissive,48,22,2
zero-shot-classification|sa|permissive,47,22,1
zero-shot-classification|sd|permissive,48,22,2
zero-shot-classification|si|permissive,48,22,2
zero-shot-classification|sk|permissive,48,22,2
zero-shot-classification|sl|permissive,48,22,2
zero-shot-classification|so|permissive,48,22,2
zero-shot-classification|sq|permissive,48,22,2
zero-shot-classification|sr|permissive,48,22,2
zero-shot-classification|su|permissive,48,22,2
zero-shot-classification|te|permissive,48,22,2
zero-shot-classification|tl|permissive,47,22,1
zero-shot-classification|ug|permissive,47,22,1
zero-shot-classification|uz|permissive,48,22,2
zero-shot-classification|xh|permissive,48,22,2
zero-shot-classification|yi|permissive,48,22,2
text-classification|unk|no_derivatives,6,2,3
audio-to-audio|ru|unknown,188,3,10
audio-to-audio|hi|permissive,356,30,4
audio-to-audio|mr|permissive,353,28,1
multiple-choice|id|permissive,163,59,1
image-to-text|ja|other,33,10,11
text-generation|cs|responsible_ai,495,90,2
text-to-speech|ca|permissive,447,72,28
token-classification|gv|permissive,2382,283,1
automatic-speech-recognition|es|responsible_ai,5,1,2
automatic-speech-recognition|it|responsible_ai,4,0,1
text-generation|no|vendor_custom,2438,920,41
audio-to-audio|ko|permissive,362,31,13
text-generation|it|vendor_custom,2963,1026,893
text-generation|aa|vendor_custom,2423,917,2
text-to-image|fr|responsible_ai,13859,439,14
automatic-speech-recognition|bs|noncommercial,305,41,10
automatic-speech-recognition|nb|noncommercial,305,41,10
automatic-speech-recognition|sr|noncommercial,305,41,10
automatic-speech-recognition|ur|noncommercial,306,41,11
automatic-speech-recognition|uz|noncommercial,303,41,9
question-answering|fr|copyleft,31,10,1
tabular-regression|en|permissive,311,8,167
unk|qu|permissive,161078,4518,26
text-generation|af|other,3933,1102,4
text-generation|bg|other,3943,1104,14
text-generation|bn|other,3943,1103,21
text-generation|ca|other,3938,1102,10
text-generation|cs|other,3944,1106,30
text-generation|cy|other,3934,1102,6
text-generation|ee|other,3933,1102,1
text-generation|el|other,3942,1104,17
text-generation|eo|other,3933,1102,1
text-generation|et|other,3940,1103,11
text-generation|fi|other,3972,1127,50
text-generation|ga|other,3936,1103,7
text-generation|gd|other,3934,1102,2
text-generation|ha|other,3934,1102,2
text-generation|he|other,3979,1114,68
text-generation|hi|other,4008,1123,160
text-generation|hr|other,3940,1103,11
text-generation|ht|other,3933,1102,4
text-generation|hu|other,3940,1103,11
text-generation|id|other,3965,1115,64
text-generation|ig|other,3933,1102,1
text-generation|ka|other,3938,1102,9
text-generation|kg|other,3933,1102,1
text-generation|la|other,3933,1102,1
text-generation|lv|other,3941,1104,12
text-generation|mg|other,3933,1102,1
text-generation|mk|other,3938,1102,9
text-generation|ml|other,3940,1103,16
text-generation|ms|other,3953,1110,28
text-generation|mt|other,3935,1103,6
text-generation|ne|other,3939,1102,13
text-generation|nl|other,3958,1113,52
text-generation|qu|other,3933,1102,1
text-generation|rm|other,3939,1102,7
text-generation|rn|other,3933,1102,1
text-generation|ro|other,3942,1103,25
text-generation|sk|other,3941,1103,12
text-generation|sl|other,3940,1103,17
text-generation|sw|other,3935,1102,7
text-generation|uk|other,3939,1102,11
text-generation|ur|other,3940,1103,26
text-generation|uz|other,3933,1102,4
text-generation|vi|other,3988,1119,100
text-generation|yo|other,3933,1102,1
text-to-speech|zh|other,169,30,162
text-generation|ms|unknown,128549,15117,59
text-generation|pl|vendor_custom,2447,938,40
automatic-speech-recognition|kk|unknown,8240,126,17
fill-mask|kg|unknown,6423,326,1
translation|rw|other,13,5,1
text-classification|as|unknown,49602,916,3
text-classification|pa|unknown,49605,917,6
text-to-video|en|unknown,107,21,27
text-to-video|ur|unknown,93,17,1
question-answering|bn|other,85,8,4
question-answering|en|other,100,18,22
question-answering|hi|other,87,8,6
question-answering|te|other,83,8,2
question-answering|aa|other,82,8,1
question-answering|ae|other,82,8,1
question-answering|am|other,82,8,1
question-answering|as|other,82,8,1
question-answering|ba|other,82,8,1
audio-to-audio|pl|unknown,179,3,1
automatic-speech-recognition|sw|unknown,8240,126,25
image-text-to-text|unk|other,667,210,1593
text-generation|ar|vendor_custom,2455,941,95
text-generation|bg|vendor_custom,2430,922,20
text-generation|bn|vendor_custom,2435,924,57
text-generation|ca|vendor_custom,2424,917,19
text-generation|cs|vendor_custom,2428,920,22
text-generation|da|vendor_custom,2436,923,37
text-generation|de|vendor_custom,2997,1046,937
text-generation|el|vendor_custom,2429,920,31
text-generation|eo|vendor_custom,2423,916,4
text-generation|eu|vendor_custom,2434,923,28
text-generation|fa|vendor_custom,2429,919,16
text-generation|fi|vendor_custom,2444,932,39
text-generation|gl|vendor_custom,2423,916,21
text-generation|he|vendor_custom,2428,919,11
text-generation|hu|vendor_custom,2444,924,37
text-generation|ko|vendor_custom,2534,991,275
text-generation|nb|vendor_custom,2431,918,22
text-generation|nl|vendor_custom,2430,922,25
text-generation|pt|vendor_custom,2947,1016,892
text-generation|ro|vendor_custom,2428,919,19
text-generation|sk|vendor_custom,2426,919,14
text-generation|sv|vendor_custom,2434,920,26
text-generation|th|vendor_custom,2965,1022,886
text-generation|tr|vendor_custom,2451,934,120
text-generation|uk|vendor_custom,2427,919,24
text-generation|vi|vendor_custom,2453,933,80
image-classification|pl|permissive,6085,738,6
unk|ak|permissive,161091,4521,56
unk|an|permissive,161082,4518,32
unk|av|permissive,161078,4520,36
unk|ay|permissive,161073,4518,24
unk|bi|permissive,161069,4516,15
unk|cu|permissive,161071,4516,15
unk|ee|permissive,161077,4518,20
unk|fj|permissive,161069,4516,11
unk|ho|permissive,161069,4516,11
unk|hz|permissive,161068,4516,9
unk|ie|permissive,161068,4516,10
unk|ii|permissive,161069,4516,10
unk|ik|permissive,161070,4516,11
unk|io|permissive,161073,4517,16
unk|iu|permissive,161069,4516,10
unk|kg|permissive,161072,4517,15
unk|ki|permissive,161076,4519,21
unk|kj|permissive,161072,4517,13
unk|kl|permissive,161069,4516,10
unk|ks|permissive,161084,4517,27
unk|kv|permissive,161069,4516,10
unk|kw|permissive,161069,4516,10
unk|lu|permissive,161072,4517,13
unk|mh|permissive,161070,4517,11
unk|na|permissive,161068,4516,10
unk|nd|permissive,161070,4518,12
unk|ng|permissive,161068,4516,9
unk|nr|permissive,161074,4519,18
unk|nv|permissive,161070,4516,10
unk|oj|permissive,161068,4516,8
unk|om|permissive,161099,4530,55
unk|os|permissive,161069,4516,10
unk|pi|permissive,161069,4516,9
unk|rn|permissive,161073,4518,14
unk|sc|permissive,161068,4518,11
unk|se|permissive,161074,4521,15
unk|ti|permissive,161084,4519,26
unk|to|permissive,161069,4516,10
unk|ts|permissive,161070,4517,10
unk|ty|permissive,161066,4516,6
unk|ug|permissive,161099,4528,65
unk|ve|permissive,161072,4518,12
unk|vo|permissive,161073,4517,15
unk|wa|permissive,161068,4517,9
unk|za|permissive,161068,4517,9
unk|ja|vendor_custom,6757,498,145
text-classification|av|responsible_ai,99,13,1
image-classification|uk|permissive,6083,738,3
unconditional-image-generation|en|responsible_ai,4,0,1
summarization|ms|unknown,552,48,1
unk|nb|other,27580,784,5
text-to-speech|nb|permissive,443,70,21
text-to-speech|no|permissive,457,73,103
text-to-audio|it|unknown,858,17,1
image-text-to-text|de|copyleft,27,11,1
image-text-to-text|la|copyleft,27,11,1
feature-extraction|he|unknown,10683,246,4
text-to-audio|ha|permissive,233,36,1
token-classification|th|copyleft,90,18,2
text-generation|si|vendor_custom,2422,916,41
image-to-text|en|noncommercial,24,6,8
image-to-text|ja|noncommercial,30,4,14
image-to-text|ja|vendor_custom,13,3,3
text-to-video|el|other,119,27,1
fill-mask|bm|permissive,1979,225,5
fill-mask|kr|permissive,1978,225,4
fill-mask|sg|permissive,1978,225,4
object-detection|unk|other,161,6,137
text-to-audio|vi|unknown,858,17,1
text-classification|ja|other,147,45,15
text-to-speech|yo|noncommercial,1277,84,14
translation|ks|permissive,5722,1599,89
unk|aa|vendor_custom,6690,493,5
token-classification|ab|permissive,2386,287,6
text-to-speech|id|copyleft,22,4,3
text-generation|sr|unknown,128507,15091,2
image-to-text|fa|unknown,147,34,9
text-generation|tl|responsible_ai,494,89,1
text-to-image|lo|other,1999,178,1
text-to-image|ar|other,2000,179,3
unk|de|other,27702,805,162
unk|ro|other,27582,785,15
feature-extraction|ch|permissive,1931,298,1
object-detection|fr|copyleft,487,28,27
question-answering|en|vendor_custom,42,28,52
text-classification|es|noncommercial,302,70,24
audio-to-audio|vi|unknown,179,3,1
automatic-speech-recognition|af|unknown,8232,125,9
automatic-speech-recognition|am|unknown,8232,125,9
automatic-speech-recognition|as|unknown,8233,126,9
automatic-speech-recognition|az|unknown,8233,125,11
automatic-speech-recognition|ba|unknown,8232,125,8
automatic-speech-recognition|be|unknown,8231,125,7
automatic-speech-recognition|bg|unknown,8231,125,7
automatic-speech-recognition|bo|unknown,8232,126,9
automatic-speech-recognition|br|unknown,8236,127,12
automatic-speech-recognition|cs|unknown,8241,125,17
automatic-speech-recognition|cy|unknown,8231,125,7
automatic-speech-recognition|eu|unknown,8231,125,9
automatic-speech-recognition|fo|unknown,8231,125,7
automatic-speech-recognition|gl|unknown,8231,125,7
automatic-speech-recognition|gu|unknown,8235,126,14
automatic-speech-recognition|ha|unknown,8233,126,10
automatic-speech-recognition|ht|unknown,8231,125,7
automatic-speech-recognition|hy|unknown,8233,127,10
automatic-speech-recognition|is|unknown,8237,125,13
automatic-speech-recognition|km|unknown,8232,125,13
automatic-speech-recognition|kn|unknown,8235,126,11
automatic-speech-recognition|la|unknown,8232,125,8
automatic-speech-recognition|lb|unknown,8231,125,11
automatic-speech-recognition|ln|unknown,8233,125,9
automatic-speech-recognition|lo|unknown,8231,125,7
automatic-speech-recognition|lt|unknown,8231,125,7
automatic-speech-recognition|lv|unknown,8231,125,7
automatic-speech-recognition|mg|unknown,8231,125,7
automatic-speech-recognition|mi|unknown,8231,125,7
automatic-speech-recognition|mk|unknown,8241,127,43
automatic-speech-recognition|mn|unknown,8234,126,11
automatic-speech-recognition|mr|unknown,8237,128,15
automatic-speech-recognition|ms|unknown,8246,130,22
automatic-speech-recognition|mt|unknown,8231,125,7
automatic-speech-recognition|my|unknown,8231,125,8
automatic-speech-recognition|nn|unknown,8231,125,7
automatic-speech-recognition|no|unknown,8235,125,11
automatic-speech-recognition|oc|unknown,8231,125,7
automatic-speech-recognition|pa|unknown,8233,126,9
automatic-speech-recognition|ro|unknown,8244,125,21
automatic-speech-recognition|sa|unknown,8233,125,9
automatic-speech-recognition|sd|unknown,8232,125,8
automatic-speech-recognition|si|unknown,8231,125,11
automatic-speech-recognition|sk|unknown,8231,125,7
automatic-speech-recognition|sl|unknown,8231,125,8
automatic-speech-recognition|sn|unknown,8233,125,9
automatic-speech-recognition|so|unknown,8231,125,7
automatic-speech-recognition|sq|unknown,8231,125,7
automatic-speech-recognition|su|unknown,8231,125,7
automatic-speech-recognition|ta|unknown,8244,128,25
automatic-speech-recognition|tg|unknown,8233,125,9
automatic-speech-recognition|tk|unknown,8231,125,7
automatic-speech-recognition|tl|unknown,8231,125,7
automatic-speech-recognition|tt|unknown,8232,125,8
automatic-speech-recognition|uk|unknown,8235,125,11
automatic-speech-recognition|uz|unknown,8240,127,17
automatic-speech-recognition|yi|unknown,8231,125,8
automatic-speech-recognition|yo|unknown,8232,125,11
table-question-answering|en|responsible_ai,3,2,2
text-to-speech|ar|noncommercial,1315,92,81
text-generation|sk|unknown,128507,15091,4
translation|aa|permissive,5712,1602,61
translation|ak|permissive,5703,1597,52
translation|av|permissive,5703,1597,48
translation|ay|permissive,5698,1597,38
translation|bm|permissive,5709,1595,55
translation|dv|permissive,5716,1598,80
translation|dz|permissive,5700,1595,46
translation|iu|permissive,5699,1594,43
translation|kv|permissive,5706,1594,56
translation|nr|permissive,5702,1594,49
translation|oj|permissive,5699,1594,43
translation|tg|permissive,5709,1597,70
translation|za|permissive,5700,1594,45
image-classification|vi|responsible_ai,47,2,1
text-generation|as|permissive,19292,4699,153
text-to-video|ja|unknown,93,17,1
audio-classification|bn|unknown,941,36,3
translation|unk|responsible_ai,28,14,2
text-to-speech|en|copyleft,40,9,24
feature-extraction|vi|unknown,10684,246,6
unconditional-image-generation|en|unknown,55,3,9
unconditional-image-generation|fr|unknown,47,2,1
unconditional-image-generation|ht|unknown,47,2,1
video-text-to-text|unk|vendor_custom,18,8,6
image-to-image|aa|permissive,1004,97,7
text-to-audio|no|permissive,233,36,1
unconditional-image-generation|aa|permissive,732,7,1
text-generation|sa|unknown,128509,15092,7
multiple-choice|zh|unknown,612,16,1
fill-mask|mt|unknown,6424,326,2
summarization|ae|permissive,330,76,2
audio-to-audio|hi|responsible_ai,13,1,2
audio-to-audio|da|permissive,353,28,1
text-to-video|ae|responsible_ai,422,13,2
text-to-audio|en|unknown,870,20,14
question-answering|ko|other,82,8,1
text-to-audio|th|permissive,234,36,6
automatic-speech-recognition|ab|responsible_ai,4,0,1
automatic-speech-recognition|ae|responsible_ai,4,0,1
automatic-speech-recognition|an|responsible_ai,4,0,1
automatic-speech-recognition|ar|responsible_ai,5,1,2
automatic-speech-recognition|av|responsible_ai,5,1,2
automatic-speech-recognition|ay|responsible_ai,4,0,1
automatic-speech-recognition|bg|responsible_ai,4,0,1
automatic-speech-recognition|bh|responsible_ai,4,0,1
summarization|ja|copyleft,4,4,1
text-generation|aa|permissive,19242,4681,41
text-generation|cs|unknown,128512,15094,15
text-generation|is|unknown,128511,15091,6
text-generation|ko|copyleft,454,176,43
image-text-to-text|en|responsible_ai,32,10,5
fill-mask|ch|noncommercial,84,25,1
image-to-text|unk|other,52,14,24
image-to-text|sv|permissive,364,79,11
text-generation|fa|noncommercial,2070,963,122
question-answering|unk|vendor_custom,53,35,18
text-generation|or|noncommercial,2006,947,1
text-generation|ko|other,4223,1201,730
text-to-image|de|permissive,5101,306,9
text-to-image|ru|permissive,5109,308,20
image-to-image|aa|responsible_ai,170,24,1
question-answering|zh|vendor_custom,21,17,8
object-detection|unk|noncommercial,95,7,78
token-classification|ch|permissive,2382,283,1
other|en|unknown,51,1,8
other|zh|unknown,46,0,3
text-to-image|unk|vendor_custom,28,23,35
image-text-to-text|th|permissive,2202,496,69
text-classification|de|noncommercial,303,66,24
video-classification|en|unknown,441,15,13
image-text-to-text|unk|noncommercial,162,76,142
text-classification|ae|permissive,10354,795,12
text-classification|ab|permissive,10363,800,22
text-classification|he|other,140,41,4
text-generation|gl|other,3937,1102,9
text-generation|lg|unknown,128507,15091,2
text-classification|tl|unknown,49611,917,14
text-generation|hi|noncommercial,2078,969,136
text-classification|ab|other,138,41,2
text-classification|af|other,139,41,3
text-classification|ak|other,138,41,2
text-classification|am|other,139,41,3
text-classification|an|other,138,41,2
text-classification|ar|other,150,48,16
text-classification|as|other,139,41,3
text-classification|av|other,138,41,2
text-classification|ay|other,138,41,2
text-classification|az|other,139,41,3
text-classification|ba|other,138,41,2
text-classification|be|other,139,41,4
text-classification|bg|other,142,43,6
text-classification|bi|other,138,41,2
text-classification|bm|other,138,41,2
text-classification|bn|other,142,44,7
text-classification|bo|other,139,41,3
text-classification|br|other,138,41,2
text-classification|bs|other,139,42,4
text-classification|ca|other,139,41,3
text-classification|ce|other,138,41,2
text-classification|ch|other,138,41,2
text-classification|co|other,138,41,2
text-classification|cs|other,142,42,6
text-classification|cu|other,138,41,2
text-classification|cv|other,138,41,2
text-classification|cy|other,139,41,3
text-classification|da|other,142,42,6
text-classification|dv|other,139,41,3
text-classification|dz|other,138,41,2
text-classification|ee|other,138,41,2
text-classification|el|other,142,43,6
text-classification|eo|other,139,41,3
text-classification|et|other,141,42,5
text-classification|eu|other,139,41,3
text-classification|fa|other,141,41,5
text-classification|fi|other,141,42,5
text-classification|fj|other,138,41,2
text-classification|fo|other,138,41,2
text-classification|fy|other,138,41,2
text-classification|ga|other,141,42,5
text-classification|gd|other,138,41,2
text-classification|gl|other,139,41,3
text-classification|gn|other,138,41,2
text-classification|gu|other,139,41,3
text-classification|gv|other,138,41,2
text-classification|ha|other,138,41,2
text-classification|hi|other,149,45,17
text-classification|ho|other,138,41,2
text-classification|hr|other,144,45,9
text-classification|ht|other,138,41,2
text-classification|hu|other,142,42,6
text-classification|hy|other,139,41,3
text-classification|hz|other,138,41,2
text-classification|ia|other,138,41,2
text-classification|id|other,141,42,5
text-classification|ie|other,138,41,2
text-classification|ig|other,138,41,2
text-classification|ii|other,138,41,2
text-classification|io|other,138,41,2
text-classification|is|other,139,41,3
text-classification|jv|other,138,41,2
text-classification|ka|other,139,41,3
text-classification|kg|other,138,41,2
text-classification|ki|other,138,41,2
text-classification|kj|other,138,41,2
text-classification|kk|other,139,41,3
text-classification|kl|other,138,41,2
text-classification|km|other,139,41,3
text-classification|kn|other,139,41,3
text-classification|ks|other,138,41,2
text-classification|kv|other,138,41,2
text-classification|kw|other,138,41,2
text-classification|ky|other,141,43,11
text-classification|la|other,139,41,3
text-classification|lb|other,138,41,2
text-classification|lg|other,138,41,2
text-classification|li|other,138,41,2
text-classification|ln|other,138,41,2
text-classification|lo|other,139,41,3
text-classification|lt|other,141,42,5
text-classification|lu|other,138,41,2
text-classification|lv|other,141,42,5
text-classification|mg|other,138,41,2
text-classification|mh|other,138,41,2
text-classification|mi|other,138,41,2
text-classification|mk|other,139,41,3
text-classification|ml|other,139,41,3
text-classification|mn|other,140,41,4
text-classification|mr|other,140,42,4
text-classification|ms|other,142,41,6
text-classification|mt|other,139,42,3
text-classification|my|other,139,41,3
text-classification|nb|other,138,41,2
text-classification|nd|other,138,41,2
text-classification|ne|other,139,41,3
text-classification|ng|other,138,41,2
text-classification|nl|other,144,44,10
text-classification|nn|other,138,41,2
text-classification|no|other,140,42,4
text-classification|nr|other,138,41,2
text-classification|nv|other,138,41,2
text-classification|ny|other,138,41,2
text-classification|oc|other,138,41,2
text-classification|oj|other,138,41,2
text-classification|om|other,138,41,2
text-classification|or|other,139,41,3
text-classification|os|other,138,41,2
text-classification|pa|other,139,41,3
text-classification|pl|other,144,44,10
text-classification|ps|other,138,41,2
text-classification|pt|other,156,46,25
text-classification|qu|other,138,41,2
text-classification|rm|other,138,41,2
text-classification|rn|other,138,41,2
text-classification|ro|other,141,42,5
text-classification|ru|other,150,46,16
text-classification|rw|other,138,41,2
text-classification|sa|other,138,41,2
text-classification|sc|other,138,41,2
text-classification|sd|other,138,41,2
text-classification|se|other,138,41,2
text-classification|sg|other,138,41,2
text-classification|si|other,139,41,3
text-classification|sk|other,141,42,5
text-classification|sl|other,142,43,6
text-classification|sm|other,138,41,2
text-classification|sn|other,138,41,2
text-classification|so|other,138,41,2
text-classification|sq|other,139,41,3
text-classification|sr|other,140,42,5
text-classification|ss|other,138,41,2
text-classification|st|other,139,41,3
text-classification|su|other,138,41,2
text-classification|sv|other,142,42,6
text-classification|sw|other,140,41,5
text-classification|ta|other,142,41,6
text-classification|te|other,139,41,3
text-classification|tg|other,138,41,2
text-classification|th|other,148,45,13
text-classification|ti|other,138,41,2
text-classification|tk|other,138,41,2
text-classification|tl|other,139,41,3
text-classification|tn|other,138,41,2
text-classification|to|other,138,41,2
text-classification|ts|other,138,41,2
text-classification|tt|other,138,41,2
text-classification|tw|other,138,41,2
text-classification|ty|other,138,41,2
text-classification|ug|other,139,41,3
text-classification|ur|other,142,41,6
text-classification|uz|other,138,41,2
text-classification|ve|other,138,41,2
text-classification|vi|other,145,43,11
text-classification|vo|other,138,41,2
text-classification|wa|other,138,41,2
text-classification|wo|other,138,41,2
text-classification|xh|other,139,41,3
text-classification|yi|other,138,41,2
text-classification|yo|other,139,41,3
text-classification|zu|other,138,41,2
text-to-speech|id|permissive,463,76,97
text-to-speech|io|permissive,442,69,2
question-answering|hr|noncommercial,12,4,1
feature-extraction|ko|responsible_ai,27,3,1
fill-mask|bn|other,162,11,2
fill-mask|hi|other,166,13,7
fill-mask|te|other,163,11,3
text-generation|is|vendor_custom,2424,918,16
text-classification|ts|permissive,10348,791,1
fill-mask|ae|permissive,1977,226,3
feature-extraction|ak|responsible_ai,31,3,5
feature-extraction|ar|responsible_ai,31,3,5
feature-extraction|as|responsible_ai,31,3,5
feature-extraction|bm|responsible_ai,31,3,5
feature-extraction|bn|responsible_ai,31,3,5
feature-extraction|ca|responsible_ai,31,3,5
feature-extraction|eu|responsible_ai,31,3,5
feature-extraction|fr|responsible_ai,35,6,9
feature-extraction|gu|responsible_ai,31,3,5
feature-extraction|hi|responsible_ai,31,3,5
feature-extraction|id|responsible_ai,31,3,5
feature-extraction|ig|responsible_ai,31,3,5
feature-extraction|ki|responsible_ai,31,3,5
feature-extraction|kn|responsible_ai,31,3,5
feature-extraction|lg|responsible_ai,31,3,5
feature-extraction|ln|responsible_ai,31,3,5
feature-extraction|ml|responsible_ai,31,3,5
feature-extraction|mr|responsible_ai,31,3,5
feature-extraction|ne|responsible_ai,31,3,5
feature-extraction|ny|responsible_ai,31,3,5
feature-extraction|or|responsible_ai,31,3,5
feature-extraction|pa|responsible_ai,31,3,5
feature-extraction|pt|responsible_ai,32,4,6
feature-extraction|rn|responsible_ai,31,3,5
feature-extraction|rw|responsible_ai,31,3,5
feature-extraction|sn|responsible_ai,31,3,5
feature-extraction|st|responsible_ai,31,3,5
feature-extraction|sw|responsible_ai,31,3,5
feature-extraction|ta|responsible_ai,31,3,5
feature-extraction|te|responsible_ai,31,3,5
feature-extraction|tn|responsible_ai,31,3,5
feature-extraction|ts|responsible_ai,31,3,5
feature-extraction|tw|responsible_ai,31,3,5
feature-extraction|vi|responsible_ai,31,3,5
feature-extraction|wo|responsible_ai,31,3,5
feature-extraction|xh|responsible_ai,31,3,5
feature-extraction|yo|responsible_ai,31,3,5
feature-extraction|zu|responsible_ai,31,3,5
token-classification|ar|other,53,14,8
text-classification|ku|other,138,40,2
sentence-similarity|af|noncommercial,25,11,4
sentence-similarity|ak|noncommercial,25,11,4
sentence-similarity|am|noncommercial,25,11,4
sentence-similarity|ar|noncommercial,36,14,15
sentence-similarity|as|noncommercial,25,11,4
sentence-similarity|ay|noncommercial,25,11,4
sentence-similarity|ba|noncommercial,25,11,4
sentence-similarity|be|noncommercial,25,11,4
sentence-similarity|bg|noncommercial,25,11,4
sentence-similarity|bm|noncommercial,25,11,4
sentence-similarity|bn|noncommercial,28,13,7
sentence-similarity|bo|noncommercial,25,11,4
sentence-similarity|bs|noncommercial,25,11,4
sentence-similarity|ca|noncommercial,25,11,4
sentence-similarity|cs|noncommercial,27,11,6
sentence-similarity|cy|noncommercial,25,11,4
sentence-similarity|da|noncommercial,25,11,4
sentence-similarity|de|noncommercial,37,16,16
sentence-similarity|dz|noncommercial,25,11,4
sentence-similarity|ee|noncommercial,25,11,4
sentence-similarity|el|noncommercial,25,11,4
sentence-similarity|eo|noncommercial,25,11,4
sentence-similarity|es|noncommercial,36,15,15
sentence-similarity|et|noncommercial,25,11,4
sentence-similarity|eu|noncommercial,25,11,4
sentence-similarity|fa|noncommercial,29,13,8
sentence-similarity|ff|noncommercial,25,11,4
sentence-similarity|fi|noncommercial,28,13,7
sentence-similarity|fj|noncommercial,25,11,4
sentence-similarity|fo|noncommercial,25,11,4
sentence-similarity|fr|noncommercial,37,15,16
sentence-similarity|ga|noncommercial,25,11,4
sentence-similarity|gd|noncommercial,25,11,4
sentence-similarity|gl|noncommercial,25,11,4
sentence-similarity|gn|noncommercial,25,11,4
sentence-similarity|gu|noncommercial,25,11,4
sentence-similarity|ha|noncommercial,25,11,4
sentence-similarity|he|noncommercial,25,11,4
sentence-similarity|hi|noncommercial,35,13,14
sentence-similarity|hr|noncommercial,25,11,4
sentence-similarity|ht|noncommercial,25,11,4
sentence-similarity|hu|noncommercial,25,11,4
sentence-similarity|hy|noncommercial,25,11,4
sentence-similarity|id|noncommercial,35,14,14
sentence-similarity|ig|noncommercial,25,11,4
sentence-similarity|is|noncommercial,25,11,4
sentence-similarity|it|noncommercial,36,15,15
sentence-similarity|ja|noncommercial,38,17,18
sentence-similarity|jv|noncommercial,25,11,4
sentence-similarity|ka|noncommercial,25,11,4
sentence-similarity|kg|noncommercial,25,11,4
sentence-similarity|ki|noncommercial,25,11,4
sentence-similarity|kk|noncommercial,25,11,4
sentence-similarity|km|noncommercial,25,11,4
sentence-similarity|kn|noncommercial,25,11,4
sentence-similarity|ko|noncommercial,37,15,16
sentence-similarity|kr|noncommercial,25,11,4
sentence-similarity|ks|noncommercial,25,11,4
sentence-similarity|ky|noncommercial,25,11,4
sentence-similarity|lb|noncommercial,26,12,5
sentence-similarity|lg|noncommercial,25,11,4
sentence-similarity|li|noncommercial,25,11,4
sentence-similarity|ln|noncommercial,25,11,4
sentence-similarity|lo|noncommercial,25,11,4
sentence-similarity|lt|noncommercial,25,11,4
sentence-similarity|lv|noncommercial,25,11,4
sentence-similarity|mi|noncommercial,25,11,4
sentence-similarity|mk|noncommercial,25,11,4
sentence-similarity|ml|noncommercial,25,11,4
sentence-similarity|mn|noncommercial,25,11,4
sentence-similarity|mr|noncommercial,25,11,4
sentence-similarity|ms|noncommercial,25,11,4
sentence-similarity|mt|noncommercial,25,11,4
sentence-similarity|my|noncommercial,25,11,4
sentence-similarity|nb|noncommercial,25,11,4
sentence-similarity|ne|noncommercial,26,12,5
sentence-similarity|nl|noncommercial,28,12,7
sentence-similarity|nn|noncommercial,25,11,4
sentence-similarity|ny|noncommercial,25,11,4
sentence-similarity|oc|noncommercial,25,11,4
sentence-similarity|pa|noncommercial,25,11,4
sentence-similarity|pl|noncommercial,31,11,10
sentence-similarity|pt|noncommercial,35,14,14
sentence-similarity|qu|noncommercial,25,11,4
sentence-similarity|rn|noncommercial,25,11,4
sentence-similarity|ro|noncommercial,25,11,4
sentence-similarity|ru|noncommercial,38,17,17
sentence-similarity|rw|noncommercial,25,11,4
sentence-similarity|sa|noncommercial,25,11,4
sentence-similarity|sc|noncommercial,25,11,4
sentence-similarity|sd|noncommercial,25,11,4
sentence-similarity|sg|noncommercial,25,11,4
sentence-similarity|si|noncommercial,25,11,4
sentence-similarity|sk|noncommercial,25,11,4
sentence-similarity|sl|noncommercial,25,11,4
sentence-similarity|sm|noncommercial,25,11,4
sentence-similarity|sn|noncommercial,25,11,4
sentence-similarity|so|noncommercial,25,11,4
sentence-similarity|sr|noncommercial,25,11,4
sentence-similarity|ss|noncommercial,25,11,4
sentence-similarity|st|noncommercial,25,11,4
sentence-similarity|su|noncommercial,25,11,4
sentence-similarity|sv|noncommercial,25,11,4
sentence-similarity|sw|noncommercial,28,13,7
sentence-similarity|ta|noncommercial,25,11,4
sentence-similarity|te|noncommercial,29,13,8
sentence-similarity|tg|noncommercial,25,11,4
sentence-similarity|th|noncommercial,34,13,13
sentence-similarity|ti|noncommercial,25,11,4
sentence-similarity|tk|noncommercial,25,11,4
sentence-similarity|tl|noncommercial,25,11,4
sentence-similarity|tn|noncommercial,25,11,4
sentence-similarity|tr|noncommercial,29,13,9
sentence-similarity|ts|noncommercial,25,11,4
sentence-similarity|tt|noncommercial,25,11,4
sentence-similarity|tw|noncommercial,25,11,4
sentence-similarity|ug|noncommercial,25,11,4
sentence-similarity|uk|noncommercial,25,11,4
sentence-similarity|ur|noncommercial,25,11,4
sentence-similarity|uz|noncommercial,25,11,4
sentence-similarity|vi|noncommercial,32,12,11
sentence-similarity|wo|noncommercial,26,11,5
sentence-similarity|xh|noncommercial,25,11,4
sentence-similarity|yi|noncommercial,25,11,4
sentence-similarity|yo|noncommercial,28,13,7
sentence-similarity|zh|noncommercial,38,14,17
sentence-similarity|zu|noncommercial,25,11,4
unk|id|other,27619,793,54
unk|km|other,27597,783,19
unk|lo|other,27596,783,18
unk|ms|other,27599,784,35
unk|my|other,27612,787,34
unk|th|other,27614,791,43
unk|tl|other,27605,790,30
unk|vi|other,27612,791,46
text-to-3d|unk|copyleft,2,0,1
voice-activity-detection|ru|permissive,100,7,5
text-to-video|fa|permissive,193,47,1
automatic-speech-recognition|ff|permissive,3095,248,7
feature-extraction|de|responsible_ai,27,3,1
text-to-image|ab|permissive,5104,307,6
image-classification|de|noncommercial,265,46,1
image-classification|zh|noncommercial,267,46,3
text-to-speech|sl|unknown,159,21,15
unk|sa|noncommercial,5898,498,9
audio-to-audio|aa|permissive,356,29,4
token-classification|bg|noncommercial,252,25,5
document-question-answering|id|permissive,22,6,1
translation|en|vendor_custom,43,28,67
question-answering|aa|permissive,2059,230,12
text-generation|et|unknown,128508,15091,3
translation|kn|unknown,704,34,9
translation|af|responsible_ai,3,1,1
translation|ar|responsible_ai,6,3,4
image-to-text|fa|permissive,369,80,18
feature-extraction|dv|permissive,1931,299,5
image-to-image|ja|responsible_ai,170,24,1
image-text-to-text|id|permissive,2212,500,90
text-generation|km|noncommercial,2011,950,38
text-generation|lo|noncommercial,2008,949,35
text-generation|ms|noncommercial,2012,950,39
text-generation|my|noncommercial,2008,949,35
text-generation|ta|noncommercial,2014,952,41
text-generation|th|noncommercial,2016,953,45
text-generation|tl|noncommercial,2007,949,34
text-generation|vi|noncommercial,2071,964,118
tabular-classification|ko|unknown,220,0,1
feature-extraction|zh|other,190,68,26
text-generation|ta|vendor_custom,2431,923,57
fill-mask|bs|copyleft,102,17,3
fill-mask|hr|copyleft,102,17,3
text-generation|ak|permissive,19237,4680,26
text-generation|av|permissive,19233,4680,11
text-generation|ay|permissive,19233,4680,10
text-generation|bi|permissive,19234,4681,22
text-generation|bm|permissive,19234,4680,15
text-generation|br|permissive,19252,4682,28
text-generation|bs|permissive,19279,4702,88
text-generation|ce|permissive,19234,4680,18
text-generation|ch|permissive,19236,4680,23
text-generation|dv|permissive,19235,4681,19
text-generation|dz|permissive,19234,4680,10
text-generation|ee|permissive,19235,4680,19
text-generation|ff|permissive,19257,4689,36
text-generation|fj|permissive,19233,4680,9
text-generation|fo|permissive,19245,4682,51
text-generation|gn|permissive,19249,4681,28
text-generation|gv|permissive,19233,4680,9
text-generation|ho|permissive,19232,4680,8
text-generation|iu|permissive,19233,4680,9
text-generation|kg|permissive,19234,4680,13
text-generation|kj|permissive,19232,4680,8
text-generation|kl|permissive,19232,4680,8
text-generation|ks|permissive,19262,4685,52
text-generation|kv|permissive,19232,4680,8
text-generation|kw|permissive,19233,4680,9
text-generation|lg|permissive,19257,4688,43
text-generation|ln|permissive,19256,4688,40
text-generation|lu|permissive,19231,4680,7
text-generation|mh|permissive,19231,4680,7
text-generation|nv|permissive,19231,4679,7
text-generation|oc|permissive,19247,4690,49
text-generation|oj|permissive,19230,4679,6
text-generation|om|permissive,19257,4688,52
text-generation|or|permissive,19297,4702,168
text-generation|rm|permissive,19248,4681,25
text-generation|rn|permissive,19233,4680,12
text-generation|rw|permissive,19233,4679,40
text-generation|sa|permissive,19302,4696,129
text-generation|se|permissive,19234,4680,10
text-generation|sg|permissive,19231,4679,9
text-generation|ti|permissive,19235,4679,23
text-generation|tn|permissive,19248,4680,37
text-generation|to|permissive,19231,4679,6
text-generation|ts|permissive,19232,4679,11
text-generation|ve|permissive,19232,4679,7
text-generation|wa|permissive,19231,4679,6
text-generation|wo|permissive,19259,4689,62
text-generation|za|permissive,19231,4679,6
image-text-to-text|fr|permissive,2248,517,182
image-text-to-text|la|permissive,2194,494,23
image-text-to-text|nl|permissive,2220,506,68
unconditional-image-generation|es|permissive,732,7,1
image-to-video|unk|unknown,107,20,109
question-answering|mn|unknown,4402,135,1
object-detection|ja|copyleft,489,28,29
tabular-regression|pt|unknown,140,1,1
text-generation|az|other,3937,1102,8
text-generation|fa|other,3940,1102,12
text-generation|hy|other,3943,1105,14
text-generation|kk|other,3939,1103,11
text-generation|kn|other,3939,1103,16
text-generation|lt|other,3940,1104,11
text-generation|mr|other,3939,1103,15
text-generation|sq|other,3937,1102,9
text-generation|sr|other,3938,1102,9
text-generation|ta|other,3943,1106,26
text-generation|te|other,3941,1104,23
text-generation|yi|other,3955,1108,26
text-generation|yi|unknown,128510,15091,5
audio-to-audio|ar|permissive,357,30,5
text-to-speech|as|unknown,163,21,19
text-to-speech|bn|unknown,167,21,25
text-to-speech|gu|unknown,166,21,22
text-to-speech|mr|unknown,168,23,24
text-to-speech|pa|unknown,166,21,22
text-to-speech|ta|unknown,166,21,22
text-to-speech|te|unknown,168,22,24
token-classification|tl|copyleft,90,19,2
text-generation|nn|vendor_custom,2429,918,19
text-generation|nb|copyleft,422,161,4
text-generation|no|copyleft,422,161,10
text-to-image|zh|permissive,5185,326,262
image-to-video|unk|other,230,39,228
text-generation|no|noncommercial,2020,955,56
image-to-video|unk|vendor_custom,6,6,1
translation|ja|vendor_custom,30,18,37
unk|zh|vendor_custom,6728,497,69
tabular-regression|en|copyleft,6,0,1
translation|ff|noncommercial,40,9,3
translation|kr|noncommercial,38,9,1
translation|qu|noncommercial,38,9,2
automatic-speech-recognition|ug|unknown,8234,125,6
image-to-3d|unk|responsible_ai,73,1,71
fill-mask|unk|vendor_custom,4,3,14
visual-question-answering|en|responsible_ai,2,0,1
voice-activity-detection|aa|permissive,96,7,1
sentence-similarity|da|other,28,13,9
sentence-similarity|de|other,34,16,35
sentence-similarity|es|other,34,15,33
sentence-similarity|fr|other,33,15,32
sentence-similarity|nl|other,32,14,13
sentence-similarity|sv|other,29,14,28
audio-to-audio|as|permissive,355,29,3
image-to-3d|en|other,142,16,92
zero-shot-classification|en|responsible_ai,5,1,3
zero-shot-classification|fr|responsible_ai,5,1,3
text-to-speech|ta|noncommercial,1287,85,23
text-to-speech|gu|noncommercial,1277,84,14
text-to-speech|mr|noncommercial,1276,83,11
audio-to-audio|pl|responsible_ai,14,0,3
text-to-speech|de|other,142,27,116
text-to-speech|es|other,152,33,128
text-to-speech|it|other,128,22,98
text-to-speech|af|noncommercial,1271,80,6
text-to-speech|am|noncommercial,1274,80,9
text-to-speech|as|noncommercial,1277,83,12
text-to-speech|az|noncommercial,1271,80,6
text-to-speech|be|noncommercial,1281,81,17
text-to-speech|bg|noncommercial,1271,80,6
text-to-speech|bn|noncommercial,1285,84,21
text-to-speech|bs|noncommercial,1271,80,6
text-to-speech|ca|noncommercial,1273,80,8
text-to-speech|cs|noncommercial,1272,80,7
text-to-speech|cy|noncommercial,1271,80,6
text-to-speech|da|noncommercial,1272,81,7
text-to-speech|el|noncommercial,1273,81,9
text-to-speech|et|noncommercial,1271,80,7
text-to-speech|fa|noncommercial,1284,83,22
text-to-speech|fi|noncommercial,1274,81,11
text-to-speech|ga|noncommercial,1270,79,4
text-to-speech|gl|noncommercial,1271,80,6
text-to-speech|ha|noncommercial,1275,82,14
text-to-speech|he|noncommercial,1271,80,7
text-to-speech|hr|noncommercial,1271,80,6
text-to-speech|hu|noncommercial,1282,82,21
text-to-speech|hy|noncommercial,1271,80,6
text-to-speech|id|noncommercial,1271,80,14
text-to-speech|ig|noncommercial,1273,81,9
text-to-speech|is|noncommercial,1271,80,6
text-to-speech|jv|noncommercial,1270,79,4
text-to-speech|ka|noncommercial,1281,81,19
text-to-speech|kk|noncommercial,1272,81,8
text-to-speech|km|noncommercial,1272,80,8
text-to-speech|kn|noncommercial,1275,83,10
text-to-speech|ky|noncommercial,1272,79,6
text-to-speech|lb|noncommercial,1273,80,7
text-to-speech|lg|noncommercial,1270,79,4
text-to-speech|ln|noncommercial,1270,79,4
text-to-speech|lo|noncommercial,1270,79,4
text-to-speech|lt|noncommercial,1281,81,18
text-to-speech|lv|noncommercial,1281,81,17
text-to-speech|mi|noncommercial,1271,80,6
text-to-speech|mk|noncommercial,1270,79,4
text-to-speech|ml|noncommercial,1275,83,10
text-to-speech|mn|noncommercial,1273,80,9
text-to-speech|ms|noncommercial,1271,80,6
text-to-speech|mt|noncommercial,1270,79,4
text-to-speech|my|noncommercial,1272,80,7
text-to-speech|nb|noncommercial,1271,80,5
text-to-speech|ne|noncommercial,1274,82,9
text-to-speech|nl|noncommercial,1305,89,56
text-to-speech|ny|noncommercial,1270,79,4
text-to-speech|oc|noncommercial,1270,79,4
text-to-speech|om|noncommercial,1272,79,6
text-to-speech|or|noncommercial,1274,82,8
text-to-speech|pa|noncommercial,1275,83,10
text-to-speech|ps|noncommercial,1271,80,7
text-to-speech|ro|noncommercial,1275,81,11
text-to-speech|sd|noncommercial,1272,80,7
text-to-speech|sk|noncommercial,1271,80,6
text-to-speech|sl|noncommercial,1271,80,6
text-to-speech|sn|noncommercial,1271,80,6
text-to-speech|so|noncommercial,1270,79,4
text-to-speech|sr|noncommercial,1271,80,6
text-to-speech|sv|noncommercial,1272,81,8
text-to-speech|sw|noncommercial,1283,82,22
text-to-speech|te|noncommercial,1275,83,12
text-to-speech|tg|noncommercial,1270,79,4
text-to-speech|th|noncommercial,1273,80,8
text-to-speech|tl|noncommercial,1271,80,6
text-to-speech|uk|noncommercial,1283,82,19
text-to-speech|ur|noncommercial,1274,82,9
text-to-speech|uz|noncommercial,1270,79,4
text-to-speech|vi|noncommercial,1292,87,56
text-to-speech|wo|noncommercial,1272,80,6
text-to-speech|xh|noncommercial,1270,79,4
text-to-speech|zu|noncommercial,1270,79,4
object-detection|aa|permissive,1360,94,1
object-detection|ab|permissive,1361,94,2
object-detection|ae|permissive,1360,94,1
object-detection|af|permissive,1360,94,1
object-detection|ak|permissive,1360,94,1
object-detection|am|permissive,1360,94,1
object-detection|an|permissive,1360,94,1
text-generation|et|vendor_custom,2424,918,18
feature-extraction|ab|noncommercial,191,51,4
feature-extraction|af|noncommercial,199,52,27
feature-extraction|am|noncommercial,199,52,27
feature-extraction|ar|noncommercial,204,56,34
feature-extraction|as|noncommercial,199,52,27
feature-extraction|az|noncommercial,199,52,27
feature-extraction|ba|noncommercial,191,51,4
feature-extraction|be|noncommercial,199,52,27
feature-extraction|bg|noncommercial,199,52,27
feature-extraction|bn|noncommercial,200,53,29
feature-extraction|bo|noncommercial,191,51,4
feature-extraction|br|noncommercial,199,52,27
feature-extraction|bs|noncommercial,199,52,27
feature-extraction|ca|noncommercial,199,52,27
feature-extraction|cs|noncommercial,200,53,28
feature-extraction|cv|noncommercial,191,51,4
feature-extraction|cy|noncommercial,199,52,27
feature-extraction|da|noncommercial,199,52,27
feature-extraction|de|noncommercial,204,56,34
feature-extraction|dv|noncommercial,191,51,4
feature-extraction|ee|noncommercial,191,51,4
feature-extraction|el|noncommercial,199,52,27
feature-extraction|eo|noncommercial,199,52,27
feature-extraction|es|noncommercial,207,59,37
feature-extraction|et|noncommercial,199,52,27
feature-extraction|eu|noncommercial,199,52,27
feature-extraction|fa|noncommercial,201,53,30
feature-extraction|fi|noncommercial,199,52,27
feature-extraction|fo|noncommercial,191,51,4
feature-extraction|fr|noncommercial,214,56,44
feature-extraction|fy|noncommercial,199,52,27
feature-extraction|ga|noncommercial,203,52,31
feature-extraction|gl|noncommercial,199,52,27
feature-extraction|gn|noncommercial,191,51,4
feature-extraction|gu|noncommercial,199,52,27
feature-extraction|gv|noncommercial,191,51,4
feature-extraction|ha|noncommercial,199,52,27
feature-extraction|he|noncommercial,199,52,27
feature-extraction|hi|noncommercial,200,53,29
feature-extraction|hr|noncommercial,199,52,27
feature-extraction|ht|noncommercial,191,51,4
feature-extraction|hu|noncommercial,200,53,28
feature-extraction|hy|noncommercial,199,52,27
feature-extraction|ia|noncommercial,191,51,4
feature-extraction|id|noncommercial,200,53,29
feature-extraction|ig|noncommercial,191,51,4
feature-extraction|is|noncommercial,199,52,27
feature-extraction|it|noncommercial,202,54,31
feature-extraction|ja|noncommercial,205,53,34
feature-extraction|jv|noncommercial,199,52,27
feature-extraction|ka|noncommercial,199,52,27
feature-extraction|kk|noncommercial,199,52,27
feature-extraction|km|noncommercial,199,52,27
feature-extraction|kn|noncommercial,199,52,27
feature-extraction|ko|noncommercial,202,54,31
feature-extraction|ku|noncommercial,199,52,27
feature-extraction|ky|noncommercial,199,52,27
feature-extraction|la|noncommercial,202,52,30
feature-extraction|lb|noncommercial,191,51,4
feature-extraction|lg|noncommercial,191,51,4
feature-extraction|ln|noncommercial,191,51,4
feature-extraction|lo|noncommercial,199,52,27
feature-extraction|lt|noncommercial,199,52,27
feature-extraction|lv|noncommercial,199,52,27
feature-extraction|mg|noncommercial,199,52,27
feature-extraction|mi|noncommercial,191,51,4
feature-extraction|mk|noncommercial,199,52,27
feature-extraction|ml|noncommercial,199,52,27
feature-extraction|mn|noncommercial,199,52,27
feature-extraction|mr|noncommercial,199,52,27
feature-extraction|ms|noncommercial,200,53,29
feature-extraction|mt|noncommercial,191,51,4
feature-extraction|my|noncommercial,199,52,27
feature-extraction|ne|noncommercial,200,53,29
feature-extraction|nl|noncommercial,200,53,28
feature-extraction|nn|noncommercial,191,51,4
feature-extraction|no|noncommercial,199,52,27
feature-extraction|oc|noncommercial,191,51,4
feature-extraction|or|noncommercial,199,52,27
feature-extraction|pa|noncommercial,199,52,27
feature-extraction|pl|noncommercial,201,53,30
feature-extraction|ps|noncommercial,199,52,27
feature-extraction|pt|noncommercial,205,54,34
feature-extraction|ro|noncommercial,200,53,29
feature-extraction|ru|noncommercial,204,55,37
feature-extraction|rw|noncommercial,191,51,4
feature-extraction|sa|noncommercial,199,52,27
feature-extraction|sc|noncommercial,191,51,4
feature-extraction|sd|noncommercial,199,52,27
feature-extraction|si|noncommercial,200,52,28
feature-extraction|sk|noncommercial,199,52,27
feature-extraction|sl|noncommercial,199,52,27
feature-extraction|sn|noncommercial,191,51,4
feature-extraction|so|noncommercial,199,52,27
feature-extraction|sq|noncommercial,199,52,27
feature-extraction|sr|noncommercial,200,53,29
feature-extraction|st|noncommercial,191,51,4
feature-extraction|su|noncommercial,199,52,27
feature-extraction|sv|noncommercial,201,54,30
feature-extraction|sw|noncommercial,199,52,27
feature-extraction|ta|noncommercial,199,52,27
feature-extraction|te|noncommercial,199,52,27
feature-extraction|tg|noncommercial,191,51,4
feature-extraction|th|noncommercial,199,52,27
feature-extraction|tk|noncommercial,191,51,4
feature-extraction|tl|noncommercial,199,52,27
feature-extraction|tn|noncommercial,191,51,4
feature-extraction|tr|noncommercial,200,53,29
feature-extraction|tt|noncommercial,191,51,4
feature-extraction|tw|noncommercial,191,51,4
feature-extraction|ug|noncommercial,199,52,27
feature-extraction|uk|noncommercial,200,53,29
feature-extraction|ur|noncommercial,199,52,27
feature-extraction|uz|noncommercial,199,52,27
feature-extraction|vi|noncommercial,201,53,30
feature-extraction|xh|noncommercial,199,52,27
feature-extraction|yi|noncommercial,199,52,27
feature-extraction|yo|noncommercial,191,51,4
text-generation|yi|copyleft,421,161,3
text-generation|cy|unknown,128508,15091,3
text-classification|ha|unknown,49603,918,6
text-classification|ig|unknown,49600,915,2
text-classification|yo|unknown,49601,915,3
text-to-image|fr|other,1999,178,15
text-to-image|ru|other,2003,179,13
text-ranking|pl|copyleft,1,0,1
image-text-to-text|fr|copyleft,29,13,4
image-text-to-text|hi|copyleft,27,11,2
image-text-to-text|pa|copyleft,27,11,1
image-text-to-text|ru|copyleft,28,12,2
image-classification|ru|unknown,5780,137,4
automatic-speech-recognition|ch|permissive,3093,248,6
unk|yi|other,27581,783,3
text-generation|ae|responsible_ai,495,90,2
text-generation|km|other,3947,1107,21
text-generation|lo|other,3947,1107,21
text-generation|my|other,3947,1107,21
text-generation|tl|other,3951,1111,26
image-text-to-text|en|vendor_custom,608,139,427
text-to-image|bn|noncommercial,160,64,3
text-to-3d|unk|unknown,11,3,8
text-to-speech|hy|permissive,445,71,25
image-to-3d|bg|unknown,45,6,1
image-to-3d|en|unknown,50,8,6
text-to-audio|cs|permissive,247,37,15
text-to-3d|unk|other,18,1,11
image-to-video|es|permissive,209,44,17
text-to-speech|ja|copyleft,38,6,19
image-to-text|vi|permissive,370,81,18
sentence-similarity|rm|unknown,4441,476,2
image-to-text|aa|permissive,359,79,4
object-detection|ru|permissive,1365,94,14
unk|th|responsible_ai,54035,139,3
audio-classification|bn|permissive,706,119,22
audio-classification|lb|permissive,694,112,3
audio-classification|ur|permissive,697,112,10
text-generation|hi|vendor_custom,2945,1015,884
text-generation|my|responsible_ai,496,90,3
text-generation|bh|copyleft,421,161,3
text-generation|hi|copyleft,424,163,8
translation|lo|unknown,703,34,7
text-generation|lo|unknown,128506,15090,4
document-question-answering|cs|permissive,31,6,10
text-generation|fi|responsible_ai,494,90,2
unk|vi|vendor_custom,6694,492,13
automatic-speech-recognition|cr|permissive,3092,248,2
text-to-audio|sk|permissive,233,36,3
automatic-speech-recognition|ug|copyleft,39,9,4
sentence-similarity|vi|other,32,12,13
image-to-video|en|permissive,338,70,401
feature-extraction|lg|permissive,1931,299,10
feature-extraction|ln|permissive,1931,299,10
visual-question-answering|ko|permissive,165,32,8
text-generation|ar|noncommercial,2160,974,232
text-to-audio|unk|no_derivatives,1,0,1
text-to-audio|unk|other,78,13,60
summarization|es|other,4,3,1
text-ranking|unk|unknown,125,74,289
text-to-image|vi|permissive,5100,305,1
audio-to-audio|pt|permissive,357,29,6
audio-to-audio|id|permissive,355,29,3
image-text-to-text|vi|copyleft,27,11,1
text-to-speech|zh|copyleft,34,5,17
image-to-video|ch|unknown,89,16,1
image-to-video|en|unknown,105,19,27
image-to-video|zh|unknown,89,16,2
graph-ml|en|noncommercial,9,2,5
other|en|noncommercial,44,2,23
text-to-speech|da|permissive,500,80,149
other|en|permissive,420,21,160
text-to-speech|hr|permissive,447,72,28
text-generation|aa|unknown,128508,15092,4
text-generation|af|unknown,128506,15091,1
text-generation|ak|unknown,128506,15091,1
text-generation|am|unknown,128517,15093,20
text-generation|bm|unknown,128506,15091,4
text-generation|ff|unknown,128506,15091,1
text-generation|ki|unknown,128506,15091,1
text-generation|ln|unknown,128506,15091,1
text-generation|mg|unknown,128506,15091,1
text-generation|nr|unknown,128506,15091,1
text-generation|om|unknown,128506,15091,1
text-generation|rn|unknown,128506,15091,1
text-generation|sn|unknown,128506,15091,1
text-generation|ti|unknown,128507,15091,2
text-generation|tn|unknown,128506,15091,2
text-generation|ve|unknown,128506,15091,1
text-generation|zu|unknown,128506,15091,1
image-to-image|unk|noncommercial,136,19,125
image-to-text|si|permissive,358,79,6
text-to-image|he|unknown,8406,327,1
image-feature-extraction|en|noncommercial,183,39,70
image-text-to-text|unk|vendor_custom,609,140,951
reinforcement-learning|unk|responsible_ai,4,1,1
text-generation|eo|unknown,128507,15091,3
text-generation|eu|unknown,128508,15092,14
text-generation|kn|noncommercial,2010,949,5
text-generation|kn|vendor_custom,2424,918,19
image-to-3d|unk|noncommercial,55,10,52
text-generation|my|unknown,128513,15091,16
audio-classification|unk|copyleft,31,6,16
text-to-image|bn|unknown,8405,327,1
text-generation|tw|permissive,19238,4683,36
image-to-text|ca|permissive,359,77,3
token-classification|cv|unknown,8366,196,2
text-ranking|da|permissive,65,32,10
text-generation|jv|noncommercial,2010,949,37
text-generation|su|noncommercial,2006,947,1
text-classification|sq|unknown,49602,917,3
unk|el|other,27581,783,4
object-detection|es|unknown,1644,37,5
feature-extraction|da|vendor_custom,29,15,1
image-to-3d|unk|other,143,16,58
tabular-classification|id|permissive,340,9,4
visual-question-answering|vi|unknown,176,15,6
text-classification|he|noncommercial,289,64,3
text-to-3d|en|permissive,71,12,40
unk|en|no_derivatives,223,8,11
summarization|ab|permissive,331,78,3
text-to-image|pt|permissive,5102,307,8
text-generation|te|vendor_custom,2424,919,44
text-generation|ml|vendor_custom,2423,918,16
text-to-video|en|permissive,357,79,428
audio-to-audio|ab|permissive,356,30,5
sentence-similarity|zh|copyleft,16,4,5
text-to-audio|fr|permissive,254,39,22
image-classification|es|noncommercial,268,47,4
visual-question-answering|unk|other,24,10,17
zero-shot-classification|co|permissive,47,22,1
zero-shot-classification|ht|permissive,47,22,1
zero-shot-classification|ig|permissive,47,22,1
zero-shot-classification|lb|permissive,47,22,1
zero-shot-classification|mi|permissive,47,22,1
zero-shot-classification|mt|permissive,47,22,1
zero-shot-classification|ny|permissive,47,22,1
zero-shot-classification|sm|permissive,47,22,1
zero-shot-classification|sn|permissive,47,22,1
zero-shot-classification|st|permissive,47,22,1
zero-shot-classification|tg|permissive,47,22,1
zero-shot-classification|yo|permissive,47,22,1
zero-shot-classification|zu|permissive,47,22,1
summarization|unk|other,11,7,3
feature-extraction|aa|permissive,1935,299,6
feature-extraction|ab|permissive,1933,298,3
text-classification|unk|vendor_custom,84,53,77
unk|ur|noncommercial,5899,498,10
text-to-video|aa|permissive,204,57,3
unk|id|noncommercial,5913,498,25
feature-extraction|be|unknown,10682,245,3
feature-extraction|uk|unknown,10683,246,4
voice-activity-detection|zh|permissive,101,8,7
text-generation|bh|permissive,19232,4680,8
unk|tr|other,27609,790,42
robotics|an|responsible_ai,1,0,1
text-ranking|pl|permissive,68,35,13
audio-to-audio|vi|noncommercial,114,7,2
text-to-image|af|permissive,5103,307,4
text-to-speech|gl|unknown,160,24,16
image-to-text|ko|unknown,142,34,4
text-to-audio|lt|permissive,233,36,1
text-generation|jv|vendor_custom,2425,919,25
text-generation|su|vendor_custom,2425,919,25
unk|ta|vendor_custom,6703,494,21
translation|de|vendor_custom,16,13,16
translation|es|vendor_custom,19,14,18
translation|fr|vendor_custom,17,14,17
translation|it|vendor_custom,14,11,10
translation|ko|vendor_custom,18,15,19
translation|nl|vendor_custom,13,10,9
translation|pt|vendor_custom,15,12,11
translation|ru|vendor_custom,16,12,14
text-to-speech|ar|permissive,533,85,206
text-to-speech|el|permissive,498,80,148
text-to-speech|ha|permissive,447,71,31
text-to-speech|la|permissive,442,69,3
text-to-speech|ro|permissive,471,75,56
text-to-speech|sw|permissive,477,76,126
text-to-speech|wo|permissive,447,72,31
text-to-speech|yo|permissive,454,71,38
time-series-forecasting|unk|noncommercial,26,6,23
unconditional-image-generation|ce|permissive,732,7,1
reinforcement-learning|zh|responsible_ai,2,0,1
text-generation|ha|responsible_ai,494,89,1
image-to-text|ta|permissive,363,77,7
table-question-answering|hi|permissive,19,11,5
summarization|uk|noncommercial,4,2,3
text-generation|sl|vendor_custom,2424,919,28
text-generation|sr|vendor_custom,2423,918,21
image-to-text|ar|copyleft,10,4,4
text-to-audio|hu|permissive,248,38,16
image-to-text|en|vendor_custom,17,7,9
translation|hu|unknown,718,35,22
unk|ha|copyleft,4891,138,15
unk|ig|copyleft,4887,138,11
translation|ja|other,21,9,13
text-generation|mr|vendor_custom,2426,921,29
text-retrieval|en|permissive,36,7,24
robotics|en|vendor_custom,75,11,74
fill-mask|id|copyleft,100,17,1
image-segmentation|ru|permissive,1440,113,2
image-to-text|es|permissive,387,84,51
depth-estimation|ur|permissive,242,57,1
text-to-image|ur|permissive,5100,305,1
image-to-text|si|unknown,141,34,2
text-to-video|unk|other,195,33,255
text-generation|tr|noncommercial,2095,968,150
keypoint-detection|unk|permissive,271,12,230
other|unk|other,114,4,84
feature-extraction|unk|vendor_custom,37,22,31
summarization|ae|unknown,552,48,1
image-classification|ja|permissive,6089,738,8
unk|sr|other,27582,784,13
text-generation|ro|noncommercial,2081,968,137
feature-extraction|ak|permissive,1932,298,2
text-generation|da|noncommercial,2010,952,45
text-classification|cy|unknown,49601,917,2
text-classification|eo|unknown,49602,918,3
text-classification|ga|unknown,49601,917,2
text-classification|gl|unknown,49601,917,2
text-classification|hu|unknown,49605,918,6
text-classification|km|unknown,49601,917,2
text-classification|kn|unknown,49607,917,10
text-classification|ku|unknown,49601,917,2
text-classification|ky|unknown,49601,917,2
text-classification|la|unknown,49601,917,2
text-classification|lo|unknown,49601,917,2
text-classification|lt|unknown,49601,917,2
text-classification|lv|unknown,49601,917,2
text-classification|mk|unknown,49601,917,2
text-classification|mn|unknown,49602,917,3
text-classification|my|unknown,49602,917,3
text-classification|ne|unknown,49603,918,4
text-classification|or|unknown,49606,917,7
text-classification|ps|unknown,49602,917,3
text-classification|sa|unknown,49604,917,6
text-classification|sk|unknown,49604,917,5
text-classification|so|unknown,49601,917,2
text-classification|sr|unknown,49604,918,8
text-classification|sv|unknown,49607,920,10
text-classification|te|unknown,49608,917,9
text-classification|uz|unknown,49601,917,2
image-to-3d|unk|unknown,50,8,49
image-feature-extraction|unk|responsible_ai,16,1,15
text-to-3d|en|other,18,1,7
robotics|en|copyleft,11,2,1
robotics|la|copyleft,11,2,1
image-text-to-text|unk|no_derivatives,1,0,1
text-generation|gu|other,3934,1103,12
text-generation|or|other,3935,1103,13
text-generation|pa|other,3934,1103,10
token-classification|cs|copyleft,96,20,11
token-classification|yi|copyleft,89,18,1
voice-activity-detection|fa|permissive,96,7,1
document-question-answering|th|permissive,22,6,1
question-answering|fr|other,81,8,1
image-to-text|th|unknown,150,34,12
image-to-video|aa|unknown,89,16,1
text-generation|gu|vendor_custom,2425,920,28
image-text-to-text|vi|permissive,2212,496,97
text-to-speech|da|unknown,161,23,21
text-to-speech|de|unknown,173,24,37
text-to-speech|el|unknown,161,23,21
text-to-speech|fi|unknown,162,23,22
text-to-speech|ha|unknown,159,22,18
text-to-speech|hu|unknown,163,23,23
text-to-speech|ko|unknown,167,26,33
text-to-speech|la|unknown,158,21,5
text-to-speech|nl|unknown,167,23,28
text-to-speech|pl|unknown,171,24,32
text-to-speech|pt|unknown,169,23,29
text-to-speech|ro|unknown,160,22,19
text-to-speech|sv|unknown,161,23,21
text-to-speech|sw|unknown,163,23,24
text-to-speech|uk|unknown,161,22,20
text-to-speech|wo|unknown,159,22,18
text-to-speech|yo|unknown,159,22,18
summarization|no|noncommercial,6,1,4
summarization|hi|responsible_ai,6,3,1
summarization|mr|responsible_ai,6,3,1
text-to-audio|hi|permissive,250,37,21
text-to-audio|ne|permissive,235,36,2
object-detection|id|unknown,1640,35,2
text-to-image|ja|permissive,5119,306,27
translation|ko|copyleft,12,5,5
visual-question-answering|en|vendor_custom,10,7,7
text-to-image|ab|unknown,8407,328,2
automatic-speech-recognition|hr|copyleft,36,9,4
image-text-to-text|tr|permissive,2218,507,98
unk|it|other,27684,798,135
text-ranking|en|responsible_ai,2,1,2
text-ranking|fr|responsible_ai,2,1,2
text-generation|bo|unknown,128506,15091,7
visual-question-answering|bn|permissive,159,29,1
image-classification|pa|unknown,5778,137,1
zero-shot-classification|fr|other,3,0,1
audio-to-audio|sv|responsible_ai,12,0,1
summarization|aa|permissive,334,79,6
text-generation|as|other,3932,1102,6
text-generation|sd|other,3932,1102,5
token-classification|fa|copyleft,105,19,17
token-classification|af|other,47,8,1
token-classification|am|other,47,8,1
token-classification|as|other,47,8,1
token-classification|az|other,47,8,1
token-classification|be|other,47,8,1
token-classification|bg|other,49,9,5
token-classification|bn|other,48,9,3
token-classification|br|other,47,8,1
token-classification|bs|other,47,8,1
token-classification|ca|other,47,8,1
token-classification|cs|other,49,9,5
token-classification|cy|other,47,8,1
token-classification|da|other,49,9,5
token-classification|el|other,50,10,6
token-classification|eo|other,47,8,1
token-classification|es|other,57,16,15
token-classification|et|other,49,9,5
token-classification|eu|other,47,8,1
token-classification|fa|other,48,8,2
token-classification|fi|other,49,9,5
token-classification|fy|other,47,8,1
token-classification|ga|other,48,8,2
token-classification|gd|other,47,8,1
token-classification|gl|other,47,8,1
token-classification|gu|other,47,8,1
token-classification|ha|other,47,8,1
token-classification|he|other,47,8,1
token-classification|hi|other,51,12,5
token-classification|hu|other,49,9,5
token-classification|hy|other,47,8,1
token-classification|id|other,49,10,3
token-classification|is|other,48,8,2
token-classification|ja|other,55,15,10
token-classification|jv|other,47,8,1
token-classification|ka|other,47,8,1
token-classification|kk|other,47,8,1
token-classification|km|other,47,8,1
token-classification|kn|other,47,8,1
token-classification|ko|other,56,12,11
token-classification|ku|other,47,8,1
token-classification|ky|other,51,11,5
token-classification|la|other,47,8,1
token-classification|lo|other,47,8,1
token-classification|lt|other,49,9,6
token-classification|lv|other,49,9,5
token-classification|mg|other,47,8,1
token-classification|mk|other,47,8,1
token-classification|ml|other,47,8,1
token-classification|mn|other,47,8,1
token-classification|mr|other,47,8,1
token-classification|ms|other,48,9,2
token-classification|my|other,47,8,1
token-classification|ne|other,48,9,2
token-classification|nl|other,53,13,10
token-classification|no|other,47,8,1
token-classification|om|other,47,8,1
token-classification|or|other,47,8,1
token-classification|pa|other,47,8,1
token-classification|pl|other,53,13,9
token-classification|ps|other,47,8,1
token-classification|pt|other,56,15,16
token-classification|ro|other,49,9,5
token-classification|ru|other,53,13,8
token-classification|sa|other,47,8,1
token-classification|sd|other,47,8,1
token-classification|si|other,47,8,1
token-classification|sk|other,49,9,5
token-classification|sl|other,48,8,2
token-classification|so|other,47,8,1
token-classification|sq|other,47,8,1
token-classification|sr|other,47,8,1
token-classification|su|other,47,8,1
token-classification|sv|other,48,8,2
token-classification|sw|other,48,9,2
token-classification|ta|other,47,8,1
token-classification|te|other,47,8,1
token-classification|th|other,49,10,3
token-classification|tl|other,47,8,1
token-classification|tr|other,48,9,2
token-classification|ug|other,47,8,1
token-classification|uk|other,47,8,1
token-classification|ur|other,47,8,1
token-classification|uz|other,47,8,1
token-classification|vi|other,51,12,5
token-classification|xh|other,47,8,1
token-classification|yi|other,47,8,1
token-classification|zh|other,55,16,18
any-to-any|en|permissive,7640,111,186
image-to-image|unk|copyleft,30,2,145
image-feature-extraction|unk|copyleft,9,4,7
any-to-any|en|unknown,35,15,19
image-to-video|az|permissive,196,44,1
image-to-video|ru|permissive,198,46,15
image-to-video|tr|permissive,197,45,2
object-detection|hy|unknown,1640,35,1
sentence-similarity|sv|copyleft,12,1,1
text-to-speech|qu|unknown,157,20,1
automatic-speech-recognition|co|permissive,3092,248,3
reinforcement-learning|de|permissive,1140,57,3
reinforcement-learning|es|permissive,1142,57,5
reinforcement-learning|fr|permissive,1141,59,4
reinforcement-learning|it|permissive,1138,56,1
any-to-any|unk|other,64,20,43
zero-shot-image-classification|unk|other,29,4,51
token-classification|ja|vendor_custom,5,5,4
text-generation|la|vendor_custom,2424,917,5
text-generation|ms|vendor_custom,2424,917,29
text-ranking|ja|permissive,82,42,36
text-to-speech|ca|copyleft,22,5,3
image-classification|ko|unknown,5783,137,6
text-to-image|en|vendor_custom,27,22,19
text-generation|id|copyleft,421,162,9
unk|kn|vendor_custom,6686,492,2
text-generation|ga|noncommercial,2012,951,42
object-detection|id|permissive,1364,94,6
image-feature-extraction|am|permissive,629,120,1
image-feature-extraction|en|permissive,700,132,95
text-generation|or|vendor_custom,2423,918,13
feature-extraction|fi|unknown,10682,246,3
feature-extraction|hr|unknown,10681,246,2
text-to-speech|fr|other,134,24,107
text-to-speech|ga|other,94,17,13
text-to-speech|nl|other,111,20,74
text-to-speech|ru|other,116,20,80
text-to-speech|vi|other,127,20,96
sentence-similarity|ti|permissive,1042,167,3
image-classification|cv|unknown,5778,137,1
automatic-speech-recognition|hi|responsible_ai,7,3,4
sentence-similarity|nb|unknown,4441,476,6
sentence-similarity|nn|unknown,4441,476,4
text-to-speech|aa|permissive,445,72,6
text-to-speech|an|permissive,442,69,21
reinforcement-learning|en|copyleft,35,0,1
image-to-text|tr|permissive,367,80,15
unk|bn|vendor_custom,6692,492,21
image-to-text|en|other,45,13,25
unk|ff|copyleft,4884,138,8
unk|gn|copyleft,4885,138,9
unk|kg|copyleft,4884,138,8
unk|lg|copyleft,4885,138,9
unk|ln|copyleft,4885,138,9
unk|lo|copyleft,4884,138,8
unk|om|copyleft,4885,138,9
unk|sa|copyleft,4887,138,12
unk|sd|copyleft,4885,138,9
unk|so|copyleft,4885,138,9
unk|ss|copyleft,4885,138,9
unk|ti|copyleft,4884,138,8
unk|tn|copyleft,4887,138,11
unk|wo|copyleft,4889,138,13
unk|xh|copyleft,4886,139,10
unk|bs|noncommercial,5895,498,6
unk|gd|noncommercial,5895,498,6
unk|hr|noncommercial,5898,498,9
unk|si|noncommercial,5895,498,6
unk|sr|noncommercial,5895,498,7
unk|ug|noncommercial,5896,498,7
unk|uz|noncommercial,5897,498,8
unk|yi|noncommercial,5895,498,6
tabular-regression|en|unknown,156,1,17
unk|he|other,27598,784,21
depth-estimation|aa|permissive,242,57,1
text-ranking|zh|permissive,83,37,38
text-generation|af|vendor_custom,2422,917,11
text-generation|am|vendor_custom,2421,916,14
text-generation|ee|vendor_custom,2421,916,1
robotics|unk|unknown,2704,73,2926
text-generation|tt|noncommercial,2007,948,3
audio-classification|lg|permissive,692,112,6
audio-classification|mh|permissive,692,112,2
text-to-speech|lv|permissive,448,72,27
tabular-classification|es|unknown,221,0,2
image-text-to-image|unk|unknown,170,9,164
text-to-speech|sw|copyleft,24,3,6
text-to-image|pt|other,2000,179,24
text-to-image|th|other,2001,179,24
text-to-speech|ky|permissive,445,70,24
image-to-text|sv|unknown,140,34,1
video-text-to-text|unk|permissive,186,66,156
unk|ka|responsible_ai,54035,140,3
unk|nl|responsible_ai,54038,141,9
unk|fo|unknown,149763,4275,2
text-to-3d|unk|responsible_ai,8,2,3
text-ranking|ru|permissive,73,37,20
unk|he|responsible_ai,54037,142,5
image-segmentation|zh|noncommercial,78,16,2
unk|sq|responsible_ai,54035,139,3
question-answering|az|unknown,4402,135,1
reinforcement-learning|unk|copyleft,36,1,34
unk|sv|vendor_custom,6688,492,4
image-text-to-text|id|other,507,149,39
image-text-to-text|km|other,491,142,1
image-text-to-text|lo|other,491,142,1
image-text-to-text|ms|other,493,142,3
image-text-to-text|my|other,491,142,1
image-text-to-text|th|other,508,150,47
image-text-to-text|tl|other,504,149,31
image-text-to-text|vi|other,507,151,41
image-text-to-text|zh|other,530,154,83
text-to-audio|rw|permissive,233,36,1
text-to-audio|sw|permissive,233,36,3
text-to-audio|en|vendor_custom,4,3,2
token-classification|cs|noncommercial,253,25,9
text-to-audio|ne|unknown,857,17,1
zero-shot-image-classification|am|permissive,605,73,3
zero-shot-image-classification|ar|permissive,606,73,4
zero-shot-image-classification|fr|permissive,607,74,5
zero-shot-image-classification|ha|permissive,605,73,3
zero-shot-image-classification|ig|permissive,603,73,1
zero-shot-image-classification|pt|permissive,606,74,4
zero-shot-image-classification|sn|permissive,603,73,1
zero-shot-image-classification|sw|permissive,605,73,3
zero-shot-image-classification|yo|permissive,603,73,1
zero-shot-image-classification|zu|permissive,603,73,1
object-detection|en|other,154,6,19
text-to-image|eu|permissive,5101,305,2
image-to-text|th|permissive,370,78,23
text-to-video|it|unknown,93,17,2
text-to-video|pt|unknown,93,17,1
sentence-similarity|ko|copyleft,15,4,6
text-to-image|ae|permissive,5104,308,6
unk|ms|responsible_ai,54036,141,4
text-ranking|th|unknown,89,45,1
translation|av|other,13,5,1
image-to-3d|en|permissive,329,26,124
image-to-3d|fr|permissive,214,21,1
feature-extraction|af|other,169,64,1
feature-extraction|am|other,169,64,1
feature-extraction|ar|other,170,65,7
feature-extraction|as|other,169,64,1
feature-extraction|az|other,169,64,1
feature-extraction|ba|other,169,64,1
feature-extraction|be|other,169,64,1
feature-extraction|bg|other,169,64,1
feature-extraction|bn|other,169,64,1
feature-extraction|bo|other,169,64,1
feature-extraction|br|other,169,64,1
feature-extraction|bs|other,169,64,1
feature-extraction|ca|other,169,64,1
feature-extraction|co|other,169,64,1
feature-extraction|cs|other,169,64,1
feature-extraction|cy|other,169,64,1
feature-extraction|da|other,169,64,1
feature-extraction|de|other,175,70,12
feature-extraction|dv|other,170,65,2
feature-extraction|el|other,169,64,1
feature-extraction|eo|other,169,64,1
feature-extraction|es|other,171,66,8
feature-extraction|et|other,169,64,1
feature-extraction|eu|other,169,64,1
feature-extraction|fa|other,169,64,1
feature-extraction|fi|other,169,64,2
feature-extraction|fo|other,169,64,1
feature-extraction|fr|other,176,65,13
feature-extraction|fy|other,169,64,1
feature-extraction|ga|other,169,64,1
feature-extraction|gd|other,169,64,1
feature-extraction|gl|other,169,64,1
feature-extraction|gu|other,169,64,1
feature-extraction|ha|other,169,64,1
feature-extraction|he|other,169,64,1
feature-extraction|hi|other,171,65,3
feature-extraction|hr|other,169,64,1
feature-extraction|ht|other,169,64,1
feature-extraction|hu|other,169,64,1
feature-extraction|hy|other,169,64,1
feature-extraction|id|other,173,64,5
feature-extraction|is|other,169,64,1
feature-extraction|it|other,170,65,7
feature-extraction|jv|other,169,64,1
feature-extraction|ka|other,169,64,1
feature-extraction|kk|other,170,65,2
feature-extraction|km|other,169,64,1
feature-extraction|kn|other,169,64,1
feature-extraction|ko|other,173,68,11
feature-extraction|ku|other,169,64,1
feature-extraction|ky|other,169,64,1
feature-extraction|la|other,169,64,1
feature-extraction|lb|other,169,64,1
feature-extraction|lo|other,169,64,1
feature-extraction|lt|other,169,64,1
feature-extraction|lv|other,169,64,1
feature-extraction|mg|other,169,64,1
feature-extraction|mi|other,169,64,1
feature-extraction|mk|other,169,64,1
feature-extraction|ml|other,169,64,1
feature-extraction|mn|other,169,64,1
feature-extraction|mr|other,169,64,1
feature-extraction|ms|other,173,64,5
feature-extraction|mt|other,169,64,1
feature-extraction|my|other,169,64,1
feature-extraction|ne|other,169,64,1
feature-extraction|nl|other,169,64,1
feature-extraction|nn|other,169,64,1
feature-extraction|no|other,169,64,6
feature-extraction|oc|other,169,64,1
feature-extraction|or|other,169,64,1
feature-extraction|pa|other,169,64,1
feature-extraction|pl|other,172,64,4
feature-extraction|ps|other,169,64,1
feature-extraction|pt|other,170,65,7
feature-extraction|rm|other,169,64,1
feature-extraction|ro|other,169,64,1
feature-extraction|ru|other,173,67,5
feature-extraction|rw|other,169,64,1
feature-extraction|sa|other,169,64,1
feature-extraction|sd|other,169,64,1
feature-extraction|si|other,170,64,2
feature-extraction|sk|other,169,64,1
feature-extraction|sl|other,169,64,1
feature-extraction|so|other,169,64,1
feature-extraction|sq|other,169,64,1
feature-extraction|sr|other,169,64,1
feature-extraction|su|other,169,64,1
feature-extraction|sv|other,169,64,7
feature-extraction|sw|other,169,64,1
feature-extraction|ta|other,173,64,5
feature-extraction|te|other,169,64,1
feature-extraction|tg|other,169,64,1
feature-extraction|th|other,173,64,5
feature-extraction|tk|other,169,64,1
feature-extraction|tl|other,169,64,1
feature-extraction|tr|other,170,64,2
feature-extraction|tt|other,169,64,1
feature-extraction|ug|other,169,64,1
feature-extraction|uk|other,169,64,1
feature-extraction|ur|other,169,64,1
feature-extraction|uz|other,169,64,1
feature-extraction|vi|other,173,64,5
feature-extraction|xh|other,169,64,1
feature-extraction|yi|other,169,64,1
feature-extraction|yo|other,169,64,1
feature-extraction|zu|other,169,64,1
automatic-speech-recognition|za|permissive,3092,248,1
question-answering|fa|vendor_custom,17,13,3
table-question-answering|fa|vendor_custom,2,1,1
robotics|nl|permissive,17431,140,1
image-text-to-text|en|noncommercial,155,71,132
image-text-to-text|ko|noncommercial,112,52,36
table-question-answering|bn|permissive,19,11,4
text-classification|pt|vendor_custom,30,21,2
question-answering|th|vendor_custom,18,15,5
image-to-text|mn|unknown,142,33,3
table-question-answering|th|permissive,17,11,2
depth-estimation|en|responsible_ai,7,1,6
text-ranking|pt|noncommercial,14,7,1
text-classification|ar|noncommercial,292,65,13
text-classification|az|noncommercial,289,63,3
text-classification|bg|noncommercial,288,63,2
text-classification|el|noncommercial,289,63,3
text-classification|hi|noncommercial,291,63,10
text-classification|it|noncommercial,292,66,11
text-classification|pl|noncommercial,290,64,9
text-classification|pt|noncommercial,292,67,14
text-classification|ru|noncommercial,294,67,16
text-classification|sw|noncommercial,290,64,10
text-classification|th|noncommercial,288,63,2
text-classification|ur|noncommercial,288,63,6
text-classification|vi|noncommercial,291,64,10
fill-mask|se|permissive,1994,228,20
fill-mask|kv|permissive,1975,224,1
image-to-text|id|unknown,141,33,2
image-text-to-text|es|permissive,2255,523,369
unk|pt|vendor_custom,6723,496,51
visual-question-answering|aa|permissive,159,29,1
text-to-audio|lb|permissive,233,36,1
table-question-answering|en|vendor_custom,4,4,3
translation|li|permissive,5682,1586,33
text-to-audio|ur|permissive,235,38,3
text-generation|ha|noncommercial,2011,951,48
text-generation|sw|noncommercial,2010,950,45
text-generation|xh|noncommercial,2006,948,35
text-generation|yo|noncommercial,2010,950,43
text-generation|zu|noncommercial,2009,949,39
unconditional-image-generation|unk|other,11,0,11
fill-mask|cu|permissive,1975,224,2
question-answering|dz|permissive,2050,225,2
automatic-speech-recognition|qu|permissive,3095,249,6
visual-question-answering|en|other,22,8,5
visual-question-answering|zh|other,19,5,2
text-to-audio|as|permissive,234,36,3
text-generation|am|responsible_ai,498,92,5
text-generation|uk|responsible_ai,496,90,3
question-answering|ro|unknown,4402,135,1
any-to-any|de|permissive,7552,72,10
question-answering|ml|unknown,4402,135,1
image-feature-extraction|en|other,120,27,60
visual-question-answering|cs|permissive,159,29,1
visual-question-answering|es|permissive,159,29,3
visual-question-answering|id|permissive,159,29,1
visual-question-answering|ja|permissive,160,30,3
visual-question-answering|ru|permissive,159,29,1
visual-question-answering|tr|permissive,159,29,1
automatic-speech-recognition|gd|permissive,3092,248,1
unk|ro|vendor_custom,6689,493,6
audio-to-audio|am|permissive,356,31,4
text-generation|el|noncommercial,2067,961,116
text-generation|he|noncommercial,2066,960,116
unconditional-image-generation|unk|responsible_ai,4,0,3
table-question-answering|unk|vendor_custom,6,5,1
object-detection|pt|permissive,1365,94,12
image-segmentation|pt|permissive,1439,113,2
text-generation|tr|copyleft,424,162,12
unk|th|vendor_custom,6708,492,32
unk|sn|vendor_custom,6685,491,1
unk|aa|unknown,149765,4275,5
image-text-to-text|zh|vendor_custom,410,96,27
text-to-audio|en|other,74,11,57
image-to-text|unk|vendor_custom,21,8,11
translation|unk|other,63,35,12
text-to-speech|th|unknown,169,24,25
object-detection|en|responsible_ai,28,3,3
any-to-any|tl|permissive,7546,68,1
text-to-image|th|permissive,5100,305,3
automatic-speech-recognition|az|copyleft,40,9,5
unk|cs|other,27594,783,21
unk|fa|other,27600,788,32
unk|hi|other,27622,799,62
unk|pl|other,27599,784,33
unk|uk|other,27580,784,11
text-to-image|sd|permissive,5100,305,2
question-answering|da|vendor_custom,17,13,4
object-detection|en|noncommercial,94,7,22
visual-question-answering|hi|vendor_custom,5,3,1
text-to-audio|dv|permissive,236,37,14
unk|ur|other,27605,789,27
fill-mask|unk|no_derivatives,1,0,1
image-to-video|unk|permissive,355,73,332
unk|bo|vendor_custom,6687,492,4
unk|kk|vendor_custom,6687,492,2
unk|mn|vendor_custom,6686,491,2
unk|ug|vendor_custom,6686,491,2
text-generation|kv|unknown,128505,15090,1
audio-to-audio|ml|permissive,353,28,1
sentence-similarity|tg|unknown,4442,476,3
token-classification|la|noncommercial,257,26,10
audio-classification|ur|noncommercial,73,22,2
text-to-audio|sv|permissive,234,36,1
unk|uk|responsible_ai,54036,141,7
image-text-to-text|hi|vendor_custom,442,99,64
video-text-to-text|en|vendor_custom,18,8,12
audio-to-audio|ar|unknown,179,3,1
automatic-speech-recognition|ig|unknown,8230,125,2
text-to-image|pt|unknown,8408,328,3
unk|ru|vendor_custom,6708,498,40
text-to-speech|unk|copyleft,146,20,26
audio-text-to-text|en|permissive,144,55,177
reinforcement-learning|ar|permissive,1139,57,2
sentence-similarity|yo|unknown,4441,477,3
video-classification|ru|permissive,158,23,1
unk|ne|vendor_custom,6686,492,5
document-question-answering|ar|unknown,39,0,1
document-question-answering|de|unknown,39,0,1
document-question-answering|es|unknown,39,0,1
document-question-answering|fa|unknown,39,0,1
document-question-answering|fr|unknown,40,1,2
document-question-answering|hi|unknown,39,0,1
document-question-answering|it|unknown,39,0,1
document-question-answering|ja|unknown,39,0,1
document-question-answering|ko|unknown,39,0,1
document-question-answering|tr|unknown,39,0,1
document-question-answering|zh|unknown,39,0,1
reinforcement-learning|en|noncommercial,9,2,3
text-to-speech|ae|permissive,444,71,4
text-to-speech|af|permissive,445,71,25
text-to-speech|am|permissive,443,71,24
text-to-speech|as|permissive,459,75,58
text-to-speech|av|permissive,443,70,3
text-to-speech|ay|permissive,441,69,1
text-to-speech|az|permissive,442,70,21
text-to-speech|ba|permissive,441,69,19
text-to-speech|bg|permissive,454,74,37
text-to-speech|bh|permissive,442,69,2
text-to-speech|bi|permissive,441,69,1
text-to-speech|bm|permissive,443,70,4
text-to-speech|bn|permissive,476,76,88
text-to-speech|bo|permissive,441,69,20
text-to-speech|br|permissive,442,69,20
text-to-speech|bs|permissive,443,71,22
text-to-speech|ce|permissive,441,69,1
text-to-speech|co|permissive,441,69,1
text-to-speech|cr|permissive,441,69,1
text-to-speech|cu|permissive,441,69,1
text-to-speech|cv|permissive,441,69,19
text-to-speech|cy|permissive,446,71,26
text-to-speech|dv|permissive,445,71,29
text-to-speech|dz|permissive,441,69,1
text-to-speech|ee|permissive,443,71,4
text-to-speech|eo|permissive,441,69,19
text-to-speech|et|permissive,443,71,23
text-to-speech|eu|permissive,451,73,30
text-to-speech|fa|permissive,490,82,80
text-to-speech|ff|permissive,443,71,23
text-to-speech|fj|permissive,441,69,1
text-to-speech|fo|permissive,441,69,1
text-to-speech|fy|permissive,441,69,19
text-to-speech|ga|permissive,442,70,21
text-to-speech|gd|permissive,441,69,1
text-to-speech|gn|permissive,442,70,21
text-to-speech|gu|permissive,464,77,69
text-to-speech|gv|permissive,441,69,19
text-to-speech|he|permissive,492,77,139
text-to-speech|ho|permissive,441,69,1
text-to-speech|ht|permissive,441,69,19
text-to-speech|hz|permissive,442,69,20
text-to-speech|ia|permissive,441,69,19
text-to-speech|ie|permissive,441,69,1
text-to-speech|ig|permissive,445,71,29
text-to-speech|ii|permissive,441,69,1
text-to-speech|ik|permissive,441,69,19
text-to-speech|iu|permissive,441,69,1
text-to-speech|jv|permissive,442,70,21
text-to-speech|ka|permissive,446,72,27
text-to-speech|kg|permissive,441,69,1
text-to-speech|ki|permissive,442,70,3
text-to-speech|kj|permissive,441,69,19
text-to-speech|kk|permissive,449,71,31
text-to-speech|kl|permissive,441,69,1
text-to-speech|km|permissive,448,70,66
text-to-speech|kn|permissive,466,76,70
text-to-speech|kr|permissive,441,69,1
text-to-speech|ks|permissive,451,73,33
text-to-speech|ku|permissive,443,70,3
text-to-speech|kv|permissive,441,69,1
text-to-speech|kw|permissive,441,69,19
text-to-speech|lb|permissive,445,71,24
text-to-speech|li|permissive,441,69,1
text-to-speech|ln|permissive,443,71,23
text-to-speech|lo|permissive,446,70,63
text-to-speech|lu|permissive,441,69,1
text-to-speech|mg|permissive,441,69,2
text-to-speech|mh|permissive,441,69,1
text-to-speech|mi|permissive,442,70,22
text-to-speech|mk|permissive,454,72,34
text-to-speech|mn|permissive,447,70,27
text-to-speech|mr|permissive,465,77,69
text-to-speech|ms|permissive,463,73,110
text-to-speech|mt|permissive,442,70,21
text-to-speech|my|permissive,446,70,63
text-to-speech|na|permissive,441,69,1
text-to-speech|nd|permissive,441,69,1
text-to-speech|ne|permissive,473,77,54
text-to-speech|ng|permissive,441,69,19
text-to-speech|nn|permissive,441,69,19
text-to-speech|nr|permissive,441,69,1
text-to-speech|nv|permissive,441,69,1
text-to-speech|ny|permissive,443,71,22
text-to-speech|oc|permissive,442,70,21
text-to-speech|oj|permissive,441,69,1
text-to-speech|om|permissive,450,72,31
text-to-speech|or|permissive,457,74,29
text-to-speech|os|permissive,441,69,19
text-to-speech|pa|permissive,462,76,63
text-to-speech|pi|permissive,441,69,1
text-to-speech|ps|permissive,444,70,23
text-to-speech|qu|permissive,441,69,1
text-to-speech|rm|permissive,441,69,19
text-to-speech|rn|permissive,442,70,2
text-to-speech|rw|permissive,446,72,27
text-to-speech|sa|permissive,454,74,50
text-to-speech|sc|permissive,441,69,19
text-to-speech|sd|permissive,452,74,37
text-to-speech|se|permissive,441,69,1
text-to-speech|sg|permissive,442,70,2
text-to-speech|si|permissive,445,69,23
text-to-speech|sm|permissive,441,69,1
text-to-speech|sn|permissive,443,71,22
text-to-speech|so|permissive,443,71,22
text-to-speech|sq|permissive,442,70,21
text-to-speech|sr|permissive,451,74,32
text-to-speech|ss|permissive,441,69,1
text-to-speech|st|permissive,441,69,2
text-to-speech|su|permissive,442,70,3
text-to-speech|ta|permissive,470,78,73
text-to-speech|te|permissive,465,76,69
text-to-speech|tg|permissive,447,70,29
text-to-speech|ti|permissive,443,71,22
text-to-speech|tk|permissive,442,70,21
text-to-speech|tl|permissive,457,71,57
text-to-speech|tn|permissive,441,69,20
text-to-speech|to|permissive,441,69,1
text-to-speech|ts|permissive,441,69,1
text-to-speech|tt|permissive,442,69,20
text-to-speech|tw|permissive,446,70,24
text-to-speech|ty|permissive,441,69,1
text-to-speech|ug|permissive,442,70,23
text-to-speech|ur|permissive,465,78,57
text-to-speech|uz|permissive,448,72,30
text-to-speech|ve|permissive,441,69,1
text-to-speech|vo|permissive,441,69,1
text-to-speech|wa|permissive,441,69,1
text-to-speech|xh|permissive,442,70,22
text-to-speech|yi|permissive,441,69,19
text-to-speech|za|permissive,441,69,1
graph-ml|en|other,9,1,3
any-to-any|unk|permissive,7649,119,7988
token-classification|az|noncommercial,248,25,2
time-series-forecasting|sv|permissive,660,42,1
zero-shot-classification|id|unknown,28,4,1
question-answering|az|noncommercial,12,4,1
depth-estimation|en|noncommercial,77,18,32
video-text-to-text|en|permissive,183,64,177
graph-ml|es|unknown,11,2,2
image-to-text|hi|permissive,366,81,13
text-generation|mk|noncommercial,2007,949,3
sentence-similarity|ay|permissive,1040,167,1
sentence-similarity|bm|permissive,1040,167,1
sentence-similarity|ee|permissive,1040,167,1
sentence-similarity|lg|permissive,1040,167,1
sentence-similarity|ln|permissive,1040,167,1
sentence-similarity|rn|permissive,1040,167,1
sentence-similarity|tn|permissive,1041,168,6
sentence-similarity|tw|permissive,1040,167,1
any-to-any|unk|unknown,38,17,23
table-question-answering|tr|unknown,40,3,1
image-classification|id|unknown,5782,138,5
text-classification|nr|copyleft,192,30,1
text-classification|ss|copyleft,193,30,2
text-classification|st|copyleft,193,30,2
text-classification|tn|copyleft,193,30,2
text-classification|ts|copyleft,193,30,2
text-classification|ve|copyleft,192,30,1
text-classification|zu|copyleft,193,30,2
depth-estimation|unk|noncommercial,77,18,52
translation|dv|unknown,700,30,2
automatic-speech-recognition|aa|permissive,3105,250,24
time-series-forecasting|en|permissive,728,47,75
audio-to-audio|fr|responsible_ai,12,0,1
automatic-speech-recognition|gd|noncommercial,300,39,4
automatic-speech-recognition|kg|noncommercial,300,39,4
automatic-speech-recognition|ks|noncommercial,300,39,4
automatic-speech-recognition|li|noncommercial,300,39,4
automatic-speech-recognition|nn|noncommercial,300,39,4
automatic-speech-recognition|sa|noncommercial,300,39,4
automatic-speech-recognition|sc|noncommercial,300,39,4
automatic-speech-recognition|si|noncommercial,300,39,4
automatic-speech-recognition|ss|noncommercial,300,39,4
automatic-speech-recognition|st|noncommercial,300,39,4
automatic-speech-recognition|tk|noncommercial,300,39,7
automatic-speech-recognition|tn|noncommercial,300,39,4
automatic-speech-recognition|tw|noncommercial,303,41,11
automatic-speech-recognition|ug|noncommercial,300,39,6
visual-document-retrieval|en|permissive,53,29,72
text-to-video|ar|permissive,206,59,5
image-to-text|he|permissive,365,77,9
audio-to-audio|ko|responsible_ai,12,0,1
unk|no|vendor_custom,6686,491,2
text-generation|sc|permissive,19245,4680,22
image-segmentation|fr|permissive,1439,113,1
image-to-video|av|permissive,196,44,1
image-to-text|is|permissive,359,77,4
unk|fy|responsible_ai,54035,140,3
unk|jv|responsible_ai,54038,143,6
image-classification|tw|unknown,5778,137,1
translation|ki|permissive,5681,1586,27
token-classification|ja|noncommercial,249,26,2
text-generation|el|unknown,128507,15091,2
zero-shot-classification|ay|permissive,47,22,1
text-generation|ab|vendor_custom,2422,916,1
automatic-speech-recognition|en|vendor_custom,3,2,3
automatic-speech-recognition|hi|vendor_custom,2,1,1
automatic-speech-recognition|sa|vendor_custom,2,1,1
visual-question-answering|es|unknown,176,18,3
text-generation|jv|other,3935,1105,8
unk|nl|vendor_custom,6687,492,4
unk|tr|vendor_custom,6696,493,42
image-to-text|nl|permissive,363,78,7
image-to-text|it|permissive,369,80,13
question-answering|yo|unknown,4403,137,2
fill-mask|bo|unknown,6423,326,1
text-classification|tr|vendor_custom,31,23,4
object-detection|fa|unknown,1640,35,1
question-answering|ha|unknown,4403,136,2
automatic-speech-recognition|ar|copyleft,40,10,7
automatic-speech-recognition|en|copyleft,58,16,30
video-classification|en|noncommercial,130,18,10
text-generation|am|noncommercial,2010,950,39
audio-to-audio|av|responsible_ai,12,0,1
image-feature-extraction|en|copyleft,9,4,3
text-classification|ch|permissive,10349,792,4
object-detection|ja|permissive,1368,94,14
graph-ml|es|permissive,75,3,2
token-classification|ar|noncommercial,253,26,6
tabular-classification|unk|other,51,4,40
mask-generation|fr|permissive,111,22,1
image-to-image|ja|permissive,1002,94,6
video-text-to-text|zh|permissive,118,37,27
question-answering|xh|unknown,4403,136,2
question-answering|zu|unknown,4403,136,2
question-answering|de|vendor_custom,20,16,14
audio-classification|vi|unknown,942,37,4
summarization|ko|vendor_custom,8,6,1
text-generation|km|unknown,128507,15090,10
image-classification|ja|unknown,5779,138,2
unconditional-image-generation|it|permissive,732,7,1
image-to-text|hu|noncommercial,17,4,1
summarization|sa|permissive,329,76,1
text-generation|hu|responsible_ai,494,89,1
text-generation|fa|responsible_ai,496,91,3
unk|gl|other,27579,783,2
fill-mask|he|copyleft,102,17,3
translation|pa|unknown,705,34,9
sentence-similarity|qu|permissive,1054,170,29
text-ranking|af|permissive,64,32,9
text-ranking|ar|permissive,73,37,24
text-ranking|az|permissive,62,31,7
text-ranking|be|permissive,62,31,7
text-ranking|bg|permissive,63,32,8
text-ranking|bn|permissive,67,32,12
text-ranking|ca|permissive,63,32,8
text-ranking|cs|permissive,63,32,9
text-ranking|cy|permissive,62,31,7
text-ranking|el|permissive,63,32,8
text-ranking|es|permissive,71,35,18
text-ranking|et|permissive,63,32,8
text-ranking|eu|permissive,63,32,8
text-ranking|fa|permissive,62,31,8
text-ranking|fi|permissive,63,32,8
text-ranking|gl|permissive,63,32,8
text-ranking|gu|permissive,63,32,8
text-ranking|he|permissive,62,31,7
text-ranking|hi|permissive,65,34,12
text-ranking|hr|permissive,63,32,8
text-ranking|ht|permissive,62,31,7
text-ranking|hu|permissive,63,32,9
text-ranking|hy|permissive,63,32,8
text-ranking|id|permissive,66,31,11
text-ranking|is|permissive,63,32,8
text-ranking|jv|permissive,62,31,7
text-ranking|ka|permissive,62,31,7
text-ranking|kk|permissive,62,31,7
text-ranking|km|permissive,62,31,7
text-ranking|kn|permissive,63,32,8
text-ranking|ko|permissive,69,31,19
text-ranking|ky|permissive,62,31,7
text-ranking|lo|permissive,62,31,7
text-ranking|lt|permissive,63,32,8
text-ranking|lv|permissive,63,32,8
text-ranking|mk|permissive,63,32,8
text-ranking|ml|permissive,63,32,8
text-ranking|mn|permissive,62,31,7
text-ranking|mr|permissive,63,32,8
text-ranking|ms|permissive,62,31,7
text-ranking|my|permissive,62,31,7
text-ranking|ne|permissive,64,32,9
text-ranking|nl|permissive,65,34,11
text-ranking|no|permissive,63,32,9
text-ranking|pa|permissive,63,32,8
text-ranking|pt|permissive,70,38,16
text-ranking|qu|permissive,61,30,6
text-ranking|ro|permissive,63,32,8
text-ranking|si|permissive,62,31,7
text-ranking|sk|permissive,63,32,9
text-ranking|sl|permissive,63,32,8
text-ranking|so|permissive,62,31,7
text-ranking|sq|permissive,63,32,8
text-ranking|sr|permissive,63,32,8
text-ranking|sv|permissive,63,32,8
text-ranking|sw|permissive,66,31,11
text-ranking|ta|permissive,63,32,8
text-ranking|te|permissive,67,32,12
text-ranking|th|permissive,66,31,11
text-ranking|tl|permissive,62,31,7
text-ranking|tr|permissive,64,33,14
text-ranking|uk|permissive,64,33,11
text-ranking|ur|permissive,63,32,8
text-ranking|vi|permissive,64,32,14
text-ranking|yo|permissive,62,31,7
text-to-speech|rw|copyleft,20,3,1
table-question-answering|ar|permissive,16,10,1
table-question-answering|es|permissive,19,13,4
table-question-answering|fr|permissive,16,10,1
table-question-answering|it|permissive,16,10,1
table-question-answering|pt|permissive,16,10,1
question-answering|ab|permissive,2054,227,6
question-answering|ak|permissive,2054,228,5
question-answering|av|permissive,2051,225,2
text-to-speech|wa|unknown,157,20,1
unk|hi|vendor_custom,6724,493,87
summarization|unk|vendor_custom,18,14,17
text-to-audio|cs|noncommercial,104,19,1
unk|ml|vendor_custom,6700,491,16
text-classification|ak|unknown,49600,915,1
zero-shot-classification|ab|permissive,51,26,5
question-answering|fr|responsible_ai,32,16,2
text-to-image|it|responsible_ai,13852,437,3
text-to-image|uk|responsible_ai,13851,437,1
reinforcement-learning|pt|permissive,1138,56,2
text-to-speech|az|copyleft,20,4,1
text-generation|uz|vendor_custom,2424,918,13
image-text-to-text|he|unknown,7969,477,1
sentence-similarity|en|vendor_custom,73,10,19
image-to-3d|de|other,55,12,1
audio-classification|unk|other,50,10,20
text-ranking|zh|unknown,90,46,2
image-segmentation|th|permissive,1439,113,1
fill-mask|oc|copyleft,102,18,3
token-classification|oc|copyleft,89,18,1
audio-to-audio|pl|permissive,355,29,4
fill-mask|qu|permissive,1977,225,3
text-generation|bg|unknown,128506,15091,1
text-generation|gl|unknown,128506,15091,2
text-generation|lt|unknown,128507,15092,6
text-generation|lv|unknown,128506,15091,2
text-generation|mt|unknown,128506,15091,1
text-generation|nn|unknown,128506,15091,1
text-generation|oc|unknown,128508,15091,8
tabular-classification|tr|permissive,340,9,4
image-text-to-text|fi|permissive,2207,499,34
audio-to-audio|es|unknown,182,4,7
image-to-text|ur|unknown,141,34,2
audio-to-audio|en|other,49,15,41
audio-to-audio|es|other,33,7,2
audio-to-audio|ja|other,35,8,5
voice-activity-detection|ru|unknown,11,4,2
text-generation|an|permissive,19233,4680,10
audio-text-to-text|en|vendor_custom,10,6,12
audio-text-to-text|hi|vendor_custom,2,0,2
text-to-audio|ko|permissive,268,39,37
sentence-similarity|ht|unknown,4440,476,2
sentence-similarity|qu|unknown,4440,476,2
text-to-image|ko|permissive,5105,305,33
text-generation|sq|vendor_custom,2422,917,3
feature-extraction|en|vendor_custom,35,20,10
graph-ml|th|unknown,10,2,1
feature-extraction|ff|permissive,1931,299,1
feature-extraction|ss|permissive,1931,299,1
feature-extraction|tn|permissive,1931,299,1
text-classification|es|vendor_custom,36,27,9
audio-to-audio|tr|permissive,355,28,3
image-to-text|ar|other,24,10,1
unk|an|noncommercial,5889,495,1
document-question-answering|fa|permissive,22,6,1
image-classification|de|unknown,5778,137,1
automatic-speech-recognition|xh|permissive,3099,248,14
translation|as|unknown,701,32,5
translation|or|unknown,701,32,3
translation|bo|other,13,6,2
unk|id|vendor_custom,6702,496,34
image-text-to-text|ko|unknown,7971,478,4
text-to-image|en|no_derivatives,5,3,2
unk|ar|vendor_custom,6709,495,38
text-to-image|fa|permissive,5102,306,3
unk|lt|vendor_custom,6688,494,4
audio-text-to-text|ar|permissive,79,23,52
audio-text-to-text|de|permissive,79,20,58
audio-text-to-text|es|permissive,77,20,56
audio-text-to-text|fr|permissive,78,20,57
audio-text-to-text|it|permissive,77,20,56
audio-text-to-text|ja|permissive,76,19,50
audio-text-to-text|pt|permissive,77,20,56
audio-text-to-text|ru|permissive,77,20,51
text-generation|zu|vendor_custom,2421,916,3
translation|kr|permissive,5678,1586,16
translation|ch|noncommercial,37,9,1
text-to-video|tr|permissive,193,48,1
image-text-to-text|ko|permissive,2239,518,287
audio-classification|unk|responsible_ai,12,6,21
image-classification|tr|noncommercial,267,47,5
voice-activity-detection|de|permissive,98,7,3
voice-activity-detection|es|permissive,98,7,3
audio-classification|or|permissive,698,112,7
text-classification|en|no_derivatives,6,2,3
other|ar|other,85,3,1
other|bn|other,85,3,1
other|cs|other,85,3,1
other|de|other,86,3,2
other|en|other,113,4,29
other|es|other,86,3,2
other|fa|other,85,3,1
other|fr|other,86,3,2
other|he|other,85,3,1
other|hi|other,85,3,1
other|id|other,85,3,1
other|ja|other,86,3,2
other|km|other,85,3,1
other|ko|other,86,3,2
other|lo|other,85,3,1
other|ms|other,85,3,1
other|my|other,85,3,1
other|nl|other,86,3,2
other|pl|other,86,3,2
other|pt|other,86,3,2
other|ru|other,85,3,1
other|th|other,85,3,1
other|tl|other,85,3,1
other|tr|other,85,3,1
other|ur|other,85,3,1
other|vi|other,85,3,1
visual-question-answering|unk|vendor_custom,11,8,4
image-text-to-text|ko|vendor_custom,409,96,25
image-text-to-text|fa|permissive,2208,497,69
translation|unk|vendor_custom,52,33,20
text-to-image|ch|permissive,5100,305,2
text-to-image|it|permissive,5101,306,5
text-to-image|ny|permissive,5099,305,1
text-to-image|ie|permissive,5100,305,2
feature-extraction|gd|noncommercial,195,50,23
feature-extraction|om|noncommercial,195,50,23
automatic-speech-recognition|ks|permissive,3097,250,6
text-generation|kg|unknown,128506,15090,1
question-answering|es|vendor_custom,19,16,7
text-to-speech|la|noncommercial,1268,81,3
text-to-video|fr|permissive,194,47,2
text-to-video|it|permissive,193,47,1
unk|te|vendor_custom,6685,491,69
text-generation|my|vendor_custom,2422,917,45
unk|si|vendor_custom,6687,492,59
unk|my|vendor_custom,6685,491,55
voice-activity-detection|en|unknown,15,5,6
voice-activity-detection|fr|unknown,10,4,1
voice-activity-detection|hi|unknown,10,4,1
voice-activity-detection|ml|unknown,10,4,1
voice-activity-detection|ta|unknown,10,4,1
unk|el|vendor_custom,6686,492,5
text-generation|sw|vendor_custom,2422,916,27
unk|af|other,27578,783,3
text-to-audio|it|permissive,248,37,17
text-to-image|ch|copyleft,151,21,1
text-to-image|fa|copyleft,151,21,1
text-to-image|fr|copyleft,151,21,2
text-to-image|it|copyleft,151,21,2
text-to-image|ja|copyleft,151,21,1
unk|sw|vendor_custom,6686,491,9
audio-to-audio|ko|unknown,180,5,2
keypoint-detection|en|noncommercial,30,5,15
image-segmentation|en|noncommercial,114,22,40
summarization|en|vendor_custom,12,10,9
image-text-to-text|pl|permissive,2211,501,83
text-to-image|an|permissive,5102,307,5
visual-document-retrieval|fr|permissive,37,24,29
object-detection|fa|responsible_ai,27,4,1
text-to-image|th|responsible_ai,13852,437,2
depth-estimation|unk|other,24,8,32
text-to-3d|en|copyleft,2,0,1
image-to-video|en|copyleft,2,0,1
text-to-image|jv|permissive,5101,306,2
image-to-video|en|other,230,39,244
text-to-image|ee|copyleft,150,20,1
text-to-image|es|copyleft,150,20,1
text-to-image|ng|copyleft,150,20,1
text-to-image|ss|copyleft,150,20,1
automatic-speech-recognition|lg|unknown,8235,126,12
visual-question-answering|af|unknown,174,17,1
visual-question-answering|bm|unknown,174,17,1
visual-question-answering|ca|unknown,174,17,1
visual-question-answering|ha|unknown,174,17,1
visual-question-answering|hi|unknown,174,17,1
visual-question-answering|ig|unknown,174,17,1
visual-question-answering|so|unknown,174,17,1
visual-question-answering|su|unknown,174,17,1
visual-question-answering|sw|unknown,174,17,1
visual-question-answering|tw|unknown,174,17,1
visual-question-answering|xh|unknown,174,17,1
visual-question-answering|zu|unknown,174,17,1
image-to-text|af|unknown,143,37,1
image-to-text|bm|unknown,143,37,1
image-to-text|ca|unknown,143,37,1
image-to-text|es|unknown,143,37,1
image-to-text|ha|unknown,144,37,2
image-to-text|hi|unknown,144,37,2
image-to-text|ig|unknown,143,37,1
image-to-text|so|unknown,143,37,1
image-to-text|su|unknown,143,37,1
image-to-text|sw|unknown,143,37,1
image-to-text|tw|unknown,143,37,1
image-to-text|xh|unknown,143,37,1
image-to-text|zu|unknown,143,37,1
video-text-to-text|af|unknown,30,13,1
video-text-to-text|bm|unknown,30,13,1
video-text-to-text|ca|unknown,30,13,1
video-text-to-text|es|unknown,30,13,1
video-text-to-text|ha|unknown,30,13,1
video-text-to-text|hi|unknown,30,13,1
video-text-to-text|ig|unknown,30,13,1
video-text-to-text|so|unknown,30,13,1
video-text-to-text|su|unknown,30,13,1
video-text-to-text|sw|unknown,30,13,1
video-text-to-text|tw|unknown,30,13,1
video-text-to-text|xh|unknown,30,13,1
video-text-to-text|zu|unknown,30,13,1
text-to-video|gu|permissive,193,48,1
text-to-video|hi|permissive,194,49,2
video-text-to-text|en|other,15,9,11
token-classification|lb|copyleft,89,17,1
image-text-to-text|de|vendor_custom,445,102,68
image-text-to-text|es|vendor_custom,442,101,70
image-text-to-text|fr|vendor_custom,442,101,68
image-text-to-text|it|vendor_custom,440,99,54
image-text-to-text|pt|vendor_custom,441,100,59
image-text-to-text|th|vendor_custom,440,99,57
image-feature-extraction|zh|permissive,632,122,6
visual-question-answering|ko|vendor_custom,5,4,2
text-ranking|pl|vendor_custom,4,0,4
multiple-choice|zh|permissive,167,62,4
question-answering|ar|responsible_ai,34,18,4
question-answering|ay|responsible_ai,33,17,3
text-to-audio|unk|vendor_custom,4,3,2
unk|da|responsible_ai,54037,142,8
unk|fi|responsible_ai,54035,141,6
unk|hr|responsible_ai,54036,142,7
unk|hu|responsible_ai,54035,141,7
unk|no|responsible_ai,54035,141,6
unk|sl|responsible_ai,54034,140,5
unk|sr|responsible_ai,54034,140,5
unk|sv|responsible_ai,54034,140,5
visual-document-retrieval|en|vendor_custom,2,2,7
translation|pa|vendor_custom,9,7,1
audio-to-audio|ko|noncommercial,119,5,7
audio-classification|ae|permissive,694,114,2
question-answering|ko|vendor_custom,16,13,4
image-to-text|ne|permissive,362,79,8
token-classification|bo|permissive,2387,287,11
automatic-speech-recognition|da|responsible_ai,9,5,18
tabular-regression|es|permissive,147,5,3
video-text-to-text|es|permissive,100,30,1
video-text-to-text|fr|permissive,100,30,1
sentence-similarity|pl|vendor_custom,75,6,17
video-text-to-text|en|noncommercial,22,13,16
video-text-to-text|tr|noncommercial,10,5,1
zero-shot-classification|an|permissive,48,24,2
zero-shot-classification|ik|permissive,47,23,1
image-segmentation|es|unknown,171,12,1
fill-mask|bo|copyleft,100,17,1
token-classification|bo|copyleft,89,18,1
question-answering|hr|unknown,4402,136,1
unk|lb|unknown,149763,4275,2
table-question-answering|id|unknown,41,3,2
image-feature-extraction|zh|vendor_custom,3,2,1
unk|sc|copyleft,4881,138,5
unk|zu|copyleft,4881,138,5
automatic-speech-recognition|sq|responsible_ai,4,1,1
audio-classification|en|other,47,9,31
image-to-text|ne|unknown,141,33,2
image-text-to-text|ja|noncommercial,109,50,27
video-to-video|en|permissive,112,23,46
depth-estimation|ru|permissive,242,58,1
translation|cu|permissive,5677,1587,21
translation|pi|permissive,5681,1586,30
question-answering|aa|responsible_ai,33,18,3
any-to-any|en|vendor_custom,8,8,3
image-to-text|fi|permissive,357,78,2
translation|hz|permissive,5673,1586,14
translation|nd|permissive,5673,1586,14
text-to-image|unk|no_derivatives,5,3,3
translation|cr|permissive,5671,1587,9
translation|ia|permissive,5670,1586,8
translation|ie|permissive,5670,1586,8
translation|ii|permissive,5670,1586,8
translation|ik|permissive,5670,1586,8
translation|vo|permissive,5671,1587,9
video-to-video|unk|unknown,16,2,14
image-classification|id|permissive,6093,738,15
text-generation|ab|unknown,128505,15090,1
text-generation|ae|unknown,128505,15090,1
object-detection|tl|permissive,1360,94,1
image-to-image|id|permissive,999,93,1
unk|fi|vendor_custom,6693,493,9
image-to-3d|ar|vendor_custom,1,1,1
image-to-3d|en|vendor_custom,1,1,1
translation|ms|unknown,714,36,25
image-classification|fr|responsible_ai,49,2,3
text-classification|ak|permissive,10351,794,9
image-classification|unk|vendor_custom,5,4,11
table-question-answering|ro|vendor_custom,2,2,1
text-to-audio|aa|responsible_ai,14,4,2
mask-generation|en|copyleft,1,1,1
question-answering|bm|permissive,2055,230,9
question-answering|gn|permissive,2057,232,12
question-answering|ln|permissive,2055,230,8
question-answering|rw|permissive,2056,230,9
question-answering|ar|vendor_custom,19,15,7
question-answering|bg|vendor_custom,16,13,3
question-answering|bm|vendor_custom,14,11,2
question-answering|bs|vendor_custom,16,13,3
question-answering|co|vendor_custom,14,11,2
question-answering|cs|vendor_custom,16,13,3
question-answering|eo|vendor_custom,14,11,2
question-answering|fr|vendor_custom,18,15,6
question-answering|gd|vendor_custom,14,11,2
question-answering|gl|vendor_custom,14,11,2
question-answering|gn|vendor_custom,14,11,2
question-answering|ha|vendor_custom,15,12,3
question-answering|he|vendor_custom,14,11,2
question-answering|hi|vendor_custom,16,13,4
question-answering|hr|vendor_custom,14,11,2
question-answering|ig|vendor_custom,15,12,3
question-answering|it|vendor_custom,17,14,4
question-answering|ja|vendor_custom,16,13,4
question-answering|ku|vendor_custom,16,13,3
question-answering|la|vendor_custom,16,13,3
question-answering|lb|vendor_custom,16,13,3
question-answering|ln|vendor_custom,14,11,2
question-answering|lo|vendor_custom,14,11,2
question-answering|mg|vendor_custom,14,11,2
question-answering|mn|vendor_custom,16,13,3
question-answering|mt|vendor_custom,14,11,2
question-answering|no|vendor_custom,14,11,1
question-answering|pt|vendor_custom,17,14,4
question-answering|ru|vendor_custom,16,13,4
question-answering|rw|vendor_custom,14,11,2
question-answering|sa|vendor_custom,14,11,2
question-answering|sk|vendor_custom,16,13,3
question-answering|sq|vendor_custom,14,11,2
question-answering|sr|vendor_custom,14,11,2
question-answering|sw|vendor_custom,14,11,2
question-answering|uk|vendor_custom,16,13,3
question-answering|vi|vendor_custom,16,13,4
image-feature-extraction|ko|permissive,631,120,3
text-to-speech|lg|unknown,158,22,14
text-to-audio|bn|permissive,233,36,1
image-to-text|kn|permissive,363,78,7
image-to-text|te|permissive,363,79,7
object-detection|ar|copyleft,485,28,25
object-detection|de|copyleft,485,28,25
object-detection|es|copyleft,486,28,26
object-detection|pt|copyleft,489,28,29
object-detection|ru|copyleft,486,28,29
object-detection|tr|copyleft,490,28,30
object-detection|vi|copyleft,486,28,26
object-detection|zh|copyleft,490,28,32
unk|pl|vendor_custom,6692,496,11
summarization|unk|copyleft,9,6,3
audio-text-to-text|unk|unknown,20,9,11
text-to-image|de|unknown,8406,327,2
text-to-image|fr|unknown,8405,327,1
text-to-image|ro|unknown,8405,327,1
text-to-3d|aa|permissive,36,8,2
text-to-3d|ae|permissive,35,7,1
text-to-3d|af|permissive,35,7,1
text-to-3d|am|permissive,35,7,1
text-to-image|sa|permissive,5099,305,1
text-to-image|ta|permissive,5099,305,1
text-to-image|te|permissive,5099,305,1
any-to-any|de|unknown,22,6,2
any-to-any|es|unknown,22,6,2
any-to-any|pl|unknown,22,6,2
text-generation|he|copyleft,421,161,9
multiple-choice|ru|permissive,165,61,2
text-to-audio|en|copyleft,2,2,2
document-question-answering|vi|permissive,24,9,2
text-to-audio|mr|permissive,233,36,1
automatic-speech-recognition|kl|permissive,3102,248,22
text-to-image|kg|permissive,5100,305,2
visual-question-answering|th|unknown,172,15,2
tabular-classification|en|other,50,4,11
visual-document-retrieval|unk|vendor_custom,3,3,3
visual-document-retrieval|unk|permissive,54,29,46
document-question-answering|en|vendor_custom,1,1,1
document-question-answering|hi|vendor_custom,1,1,1
document-question-answering|mr|vendor_custom,1,1,1
summarization|ru|responsible_ai,6,4,1
image-text-to-text|ja|unknown,7971,478,6
unk|pi|noncommercial,5891,495,2
image-feature-extraction|fr|permissive,629,121,1
any-to-any|aa|permissive,7553,75,4
image-classification|it|noncommercial,265,47,1
summarization|id|vendor_custom,9,7,2
text-to-image|ms|permissive,5099,305,1
automatic-speech-recognition|ur|responsible_ai,4,0,1
audio-to-audio|ar|noncommercial,114,5,2
audio-to-audio|de|noncommercial,118,6,6
audio-to-audio|es|noncommercial,117,6,5
audio-to-audio|fr|noncommercial,119,6,7
tabular-regression|ar|permissive,146,5,2
any-to-any|ab|permissive,7546,69,1
any-to-any|ae|permissive,7552,75,2
any-to-any|af|permissive,7546,69,1
any-to-any|ak|permissive,7553,76,3
any-to-any|am|permissive,7546,69,1
any-to-any|an|permissive,7552,75,2
any-to-any|ar|permissive,7551,72,8
any-to-any|as|permissive,7552,75,2
any-to-any|av|permissive,7546,69,1
any-to-any|ay|permissive,7552,75,2
any-to-any|az|permissive,7548,69,3
any-to-any|ba|permissive,7552,75,2
any-to-any|be|permissive,7546,69,1
any-to-any|bg|permissive,7552,75,2
any-to-any|bh|permissive,7552,75,2
any-to-any|bi|permissive,7546,69,1
any-to-any|bm|permissive,7552,75,2
any-to-any|bn|permissive,7546,69,1
any-to-any|bo|permissive,7552,75,2
any-to-any|br|permissive,7546,69,1
any-to-any|bs|permissive,7546,69,1
any-to-any|ca|permissive,7546,69,1
any-to-any|ce|permissive,7546,69,1
any-to-any|ch|permissive,7546,69,1
any-to-any|co|permissive,7546,69,1
any-to-any|cr|permissive,7546,69,1
any-to-any|cs|permissive,7548,69,3
any-to-any|cu|permissive,7546,69,1
any-to-any|cv|permissive,7546,69,1
any-to-any|cy|permissive,7546,69,1
any-to-any|da|permissive,7548,69,3
any-to-any|dv|permissive,7546,69,1
any-to-any|dz|permissive,7546,69,1
any-to-any|ee|permissive,7546,69,1
any-to-any|el|permissive,7546,69,1
any-to-any|eo|permissive,7546,69,1
any-to-any|es|permissive,7551,71,10
any-to-any|et|permissive,7546,69,1
any-to-any|eu|permissive,7546,69,1
any-to-any|fa|permissive,7546,69,1
any-to-any|ff|permissive,7546,69,1
any-to-any|fi|permissive,7548,69,3
any-to-any|fj|permissive,7546,69,1
any-to-any|fo|permissive,7546,69,1
any-to-any|fr|permissive,7553,73,11
any-to-any|fy|permissive,7546,69,1
any-to-any|ga|permissive,7547,70,2
any-to-any|gd|permissive,7546,69,1
any-to-any|gl|permissive,7546,69,1
any-to-any|gn|permissive,7546,69,1
any-to-any|gu|permissive,7546,69,1
any-to-any|gv|permissive,7546,69,1
any-to-any|ha|permissive,7546,69,1
any-to-any|he|permissive,7548,69,3
any-to-any|hi|permissive,7547,69,4
any-to-any|ho|permissive,7546,69,1
any-to-any|hr|permissive,7546,69,1
any-to-any|ht|permissive,7546,69,1
any-to-any|hu|permissive,7548,69,3
any-to-any|hy|permissive,7546,69,1
any-to-any|hz|permissive,7546,69,1
any-to-any|ia|permissive,7546,69,1
any-to-any|id|permissive,7546,69,3
any-to-any|ie|permissive,7546,69,1
any-to-any|ig|permissive,7546,69,1
any-to-any|ii|permissive,7546,69,1
any-to-any|ik|permissive,7546,69,1
any-to-any|io|permissive,7547,70,2
any-to-any|is|permissive,7546,69,1
any-to-any|it|permissive,7550,71,8
any-to-any|iu|permissive,7546,69,1
any-to-any|ja|permissive,7549,70,7
any-to-any|jv|permissive,7546,69,1
any-to-any|ka|permissive,7547,70,2
any-to-any|kg|permissive,7546,69,1
any-to-any|ki|permissive,7546,69,1
any-to-any|kj|permissive,7546,69,1
any-to-any|kk|permissive,7546,69,1
any-to-any|kl|permissive,7546,69,1
any-to-any|km|permissive,7546,69,1
any-to-any|kn|permissive,7547,70,2
any-to-any|ko|permissive,7548,69,7
any-to-any|kr|permissive,7546,69,1
any-to-any|ks|permissive,7546,69,1
any-to-any|ku|permissive,7546,69,1
any-to-any|kv|permissive,7546,69,1
any-to-any|kw|permissive,7546,69,1
any-to-any|ky|permissive,7546,69,1
any-to-any|la|permissive,7546,69,1
any-to-any|lb|permissive,7546,69,1
any-to-any|lg|permissive,7546,69,1
any-to-any|li|permissive,7546,69,1
any-to-any|ln|permissive,7546,69,1
any-to-any|lo|permissive,7546,69,1
any-to-any|lt|permissive,7546,69,1
any-to-any|lu|permissive,7546,69,1
any-to-any|lv|permissive,7546,69,1
any-to-any|mg|permissive,7546,69,1
any-to-any|mh|permissive,7546,69,1
any-to-any|mi|permissive,7547,70,2
any-to-any|mk|permissive,7546,69,1
any-to-any|ml|permissive,7547,69,2
any-to-any|mn|permissive,7546,69,1
any-to-any|mr|permissive,7546,69,1
any-to-any|ms|permissive,7547,70,3
any-to-any|mt|permissive,7546,69,1
any-to-any|my|permissive,7546,69,2
any-to-any|na|permissive,7546,69,1
any-to-any|nb|permissive,7546,69,1
any-to-any|nd|permissive,7546,69,1
any-to-any|ne|permissive,7546,69,1
any-to-any|ng|permissive,7546,69,1
any-to-any|nl|permissive,7548,69,3
any-to-any|nn|permissive,7546,69,1
any-to-any|no|permissive,7548,69,3
any-to-any|nr|permissive,7546,69,1
any-to-any|nv|permissive,7546,69,1
any-to-any|ny|permissive,7546,69,1
text-generation|ka|responsible_ai,494,90,1
text-generation|ko|responsible_ai,495,91,2
text-to-image|ms|vendor_custom,19,15,1
text-generation|km|vendor_custom,2423,917,24
text-generation|lo|vendor_custom,2422,917,19
visual-question-answering|am|responsible_ai,2,1,1
image-text-to-text|hi|permissive,2208,500,87
image-text-to-text|it|permissive,2232,511,125
image-text-to-text|pt|permissive,2237,515,143
video-text-to-text|unk|unknown,41,22,27
translation|en|no_derivatives,2,2,3
time-series-forecasting|en|unknown,32,4,8
time-series-forecasting|fa|unknown,25,4,1
image-to-3d|zh|other,123,15,72
text-to-image|id|unknown,8405,327,1
summarization|fr|responsible_ai,6,4,1
table-question-answering|ru|permissive,16,11,1
text-to-speech|unk|no_derivatives,1,1,1
audio-text-to-text|hi|permissive,79,22,60
audio-text-to-text|nl|permissive,74,20,53
audio-text-to-text|sv|permissive,73,19,47
audio-text-to-text|tr|permissive,73,19,47
audio-text-to-text|uk|permissive,73,19,47
audio-text-to-text|zh|permissive,104,37,114
token-classification|fo|unknown,8372,196,8
zero-shot-image-classification|de|permissive,605,74,3
zero-shot-image-classification|es|permissive,605,74,3
zero-shot-image-classification|it|permissive,605,74,3
zero-shot-image-classification|nl|permissive,605,74,3
zero-shot-image-classification|ru|permissive,606,74,5
zero-shot-image-classification|zh|permissive,615,76,15
unk|jv|vendor_custom,6687,493,15
unk|su|vendor_custom,6686,492,14
text-ranking|ar|unknown,88,45,3
text-generation|he|responsible_ai,494,90,1
other|unk|noncommercial,44,2,22
text-generation|pa|vendor_custom,2422,917,19
automatic-speech-recognition|ak|unknown,8230,125,4
text-to-speech|hi|copyleft,25,5,8
token-classification|ak|permissive,2382,284,1
fill-mask|ru|responsible_ai,23,6,2
image-to-3d|en|responsible_ai,72,0,1
image-to-3d|zh|responsible_ai,72,0,1
image-to-image|pl|permissive,1000,94,1
text-classification|bi|permissive,10347,791,1
text-generation|bh|unknown,128505,15090,1
audio-text-to-text|ja|vendor_custom,1,1,1
text-to-3d|unk|vendor_custom,3,1,4
any-to-any|ja|vendor_custom,7,7,1
visual-question-answering|vi|permissive,165,31,13
question-answering|nl|vendor_custom,16,13,2
feature-extraction|bm|unknown,10680,245,1
table-question-answering|ar|unknown,40,4,1
image-text-to-text|de|other,516,155,67
image-text-to-text|es|other,516,155,68
image-text-to-text|fr|other,515,154,74
image-text-to-text|it|other,515,154,53
image-text-to-text|ja|other,505,150,48
image-text-to-text|ko|other,506,149,46
image-text-to-text|pt|other,516,155,58
image-text-to-text|ru|other,501,148,16
text-to-audio|ja|other,48,10,3
keypoint-detection|en|permissive,270,11,44
translation|ig|unknown,704,35,8
text-to-speech|aa|responsible_ai,12,5,3
text-to-image|ak|permissive,5102,307,3
text-to-image|am|permissive,5102,307,3
text-to-image|av|permissive,5101,306,3
text-to-image|ay|permissive,5101,306,3
text-to-image|az|permissive,5102,307,3
text-to-image|ba|permissive,5101,306,2
text-to-image|be|permissive,5101,306,2
text-to-image|bg|permissive,5101,306,2
text-to-image|bh|permissive,5101,306,2
text-to-image|bi|permissive,5101,306,2
text-to-image|bn|permissive,5101,306,2
image-text-to-text|ne|permissive,2196,493,52
text-classification|fa|vendor_custom,30,23,3
unk|bn|other,27606,789,38
unk|gu|other,27583,784,5
unk|kn|other,27583,785,5
unk|ml|other,27583,784,5
unk|mr|other,27583,784,5
unk|or|other,27580,783,2
unk|pa|other,27583,785,5
unk|ta|other,27588,788,11
unk|te|other,27583,784,5
text-generation|dv|unknown,128506,15090,4
voice-activity-detection|yo|unknown,10,4,1
text-to-speech|ca|responsible_ai,10,3,1
visual-question-answering|ar|unknown,172,13,2
audio-text-to-text|wo|permissive,27,13,1
time-series-forecasting|bg|permissive,660,43,1
time-series-forecasting|de|permissive,660,43,1
visual-document-retrieval|unk|unknown,10,7,7
image-text-to-text|ur|unknown,7972,478,4
image-to-image|ko|permissive,1002,95,5
unk|ks|copyleft,4880,138,5
audio-classification|zh|unknown,942,38,3
translation|zh|vendor_custom,15,13,13
translation|ar|vendor_custom,17,15,18
translation|bn|vendor_custom,8,6,5
translation|cs|vendor_custom,12,10,8
translation|fa|vendor_custom,13,11,10
translation|he|vendor_custom,12,10,8
translation|hi|vendor_custom,15,13,13
translation|id|vendor_custom,13,11,9
translation|km|vendor_custom,8,6,4
translation|lo|vendor_custom,8,6,4
translation|ms|vendor_custom,8,6,4
translation|my|vendor_custom,8,6,4
translation|pl|vendor_custom,13,11,9
translation|th|vendor_custom,12,10,8
translation|tl|vendor_custom,12,10,8
translation|tr|vendor_custom,13,10,9
translation|ur|vendor_custom,8,6,4
translation|vi|vendor_custom,12,10,9
text-generation|az|noncommercial,2006,948,1
text-to-video|unk|vendor_custom,2,2,4
visual-question-answering|ja|vendor_custom,5,4,1
zero-shot-classification|av|permissive,47,23,1
image-classification|tr|permissive,6086,739,12
question-answering|de|no_derivatives,2,1,1
question-answering|de|responsible_ai,31,16,3
zero-shot-image-classification|af|permissive,604,73,2
zero-shot-image-classification|as|permissive,604,73,2
zero-shot-image-classification|az|permissive,604,73,2
zero-shot-image-classification|be|permissive,604,73,2
zero-shot-image-classification|bg|permissive,604,73,2
zero-shot-image-classification|bn|permissive,605,73,3
zero-shot-image-classification|bs|permissive,604,73,2
zero-shot-image-classification|ca|permissive,604,73,2
zero-shot-image-classification|cs|permissive,604,73,2
zero-shot-image-classification|cy|permissive,604,73,2
zero-shot-image-classification|da|permissive,604,73,2
zero-shot-image-classification|el|permissive,604,73,2
zero-shot-image-classification|eo|permissive,604,73,2
zero-shot-image-classification|et|permissive,604,73,2
zero-shot-image-classification|eu|permissive,604,73,2
zero-shot-image-classification|fi|permissive,604,73,2
zero-shot-image-classification|ga|permissive,604,73,2
zero-shot-image-classification|gd|permissive,604,73,2
zero-shot-image-classification|gl|permissive,604,73,2
zero-shot-image-classification|gu|permissive,604,73,2
zero-shot-image-classification|he|permissive,604,73,2
zero-shot-image-classification|hi|permissive,604,73,2
zero-shot-image-classification|hr|permissive,604,73,2
zero-shot-image-classification|hu|permissive,604,73,2
zero-shot-image-classification|hy|permissive,604,73,2
zero-shot-image-classification|id|permissive,617,73,15
zero-shot-image-classification|is|permissive,604,73,2
zero-shot-image-classification|ja|permissive,610,73,8
zero-shot-image-classification|jv|permissive,617,73,15
zero-shot-image-classification|ka|permissive,604,73,2
zero-shot-image-classification|kk|permissive,604,73,2
zero-shot-image-classification|km|permissive,604,73,2
zero-shot-image-classification|kn|permissive,604,73,2
zero-shot-image-classification|ku|permissive,604,73,2
zero-shot-image-classification|ky|permissive,604,73,2
zero-shot-image-classification|lo|permissive,604,73,2
zero-shot-image-classification|mk|permissive,604,73,2
zero-shot-image-classification|ml|permissive,604,73,2
zero-shot-image-classification|mr|permissive,604,73,2
zero-shot-image-classification|my|permissive,617,73,15
zero-shot-image-classification|ne|permissive,604,73,2
zero-shot-image-classification|no|permissive,604,73,2
zero-shot-image-classification|pl|permissive,605,73,3
zero-shot-image-classification|ro|permissive,604,73,2
zero-shot-image-classification|sa|permissive,604,73,2
zero-shot-image-classification|sd|permissive,604,73,2
zero-shot-image-classification|si|permissive,604,73,2
zero-shot-image-classification|sk|permissive,604,73,2
zero-shot-image-classification|sl|permissive,604,73,2
zero-shot-image-classification|so|permissive,604,73,2
zero-shot-image-classification|sr|permissive,604,73,2
zero-shot-image-classification|su|permissive,617,73,15
zero-shot-image-classification|sv|permissive,604,73,2
zero-shot-image-classification|ta|permissive,604,73,2
zero-shot-image-classification|te|permissive,604,73,2
zero-shot-image-classification|th|permissive,617,73,15
zero-shot-image-classification|tr|permissive,607,74,5
zero-shot-image-classification|ug|permissive,604,73,2
zero-shot-image-classification|uk|permissive,605,74,3
zero-shot-image-classification|ur|permissive,604,73,2
zero-shot-image-classification|vi|permissive,617,73,15
zero-shot-image-classification|xh|permissive,604,73,2
image-to-video|unk|noncommercial,26,11,14
zero-shot-image-classification|ja|copyleft,1,0,1
question-answering|es|responsible_ai,32,17,3
text-generation|kk|noncommercial,2011,949,8
image-to-3d|ru|permissive,214,22,1
text-classification|bn|noncommercial,289,65,8
text-classification|ms|noncommercial,287,63,2
text-classification|te|noncommercial,289,63,4
text-classification|tl|noncommercial,291,66,8
text-classification|uk|noncommercial,289,65,8
text-generation|ab|responsible_ai,495,90,2
text-generation|az|responsible_ai,494,90,1
text-to-speech|am|vendor_custom,1,1,1
image-to-image|cv|permissive,1000,93,1
unk|or|vendor_custom,6685,491,2
image-text-to-text|fr|unknown,7980,485,23
text-to-image|de|other,2000,178,3
text-generation|bg|noncommercial,2011,951,41
text-generation|et|noncommercial,2008,950,39
text-generation|fi|noncommercial,2014,954,48
text-generation|hr|noncommercial,2008,950,38
text-generation|lt|noncommercial,2011,951,42
text-generation|lv|noncommercial,2008,950,39
text-generation|mt|noncommercial,2011,951,42
text-generation|sk|noncommercial,2014,954,47
text-generation|sl|noncommercial,2009,950,40
text-generation|sv|noncommercial,2011,952,45
audio-text-to-text|ar|vendor_custom,3,2,3
audio-text-to-text|fr|vendor_custom,1,1,1
any-to-any|unk|noncommercial,19,7,5
text-to-video|vi|unknown,92,17,1
zero-shot-classification|unk|vendor_custom,2,1,1
unk|tw|other,27578,783,1
token-classification|th|vendor_custom,5,5,2
text-classification|ae|responsible_ai,99,14,1
any-to-any|en|noncommercial,18,7,15
image-to-text|dv|permissive,357,78,5
text-to-image|ko|other,1999,178,2
graph-ml|uk|responsible_ai,6,3,1
image-text-to-text|ar|noncommercial,105,47,21
question-answering|ab|responsible_ai,31,16,1
question-answering|ae|responsible_ai,32,17,2
question-answering|af|responsible_ai,34,19,5
question-answering|am|responsible_ai,31,16,1
question-answering|an|responsible_ai,31,16,1
question-answering|as|responsible_ai,31,16,1
question-answering|az|responsible_ai,31,16,1
question-answering|ba|responsible_ai,31,16,1
question-answering|be|responsible_ai,31,16,1
question-answering|bg|responsible_ai,31,16,1
question-answering|bh|responsible_ai,31,16,1
question-answering|bi|responsible_ai,31,16,1
question-answering|bm|responsible_ai,31,16,1
question-answering|bo|responsible_ai,31,16,1
question-answering|br|responsible_ai,31,16,1
question-answering|bs|responsible_ai,31,16,1
question-answering|ca|responsible_ai,31,16,1
question-answering|ce|responsible_ai,31,16,1
question-answering|ch|responsible_ai,31,16,1
question-answering|co|responsible_ai,31,16,1
question-answering|cr|responsible_ai,31,16,1
question-answering|cs|responsible_ai,31,16,1
question-answering|cu|responsible_ai,31,16,1
question-answering|cv|responsible_ai,31,16,1
question-answering|cy|responsible_ai,31,16,1
question-answering|da|responsible_ai,31,16,1
question-answering|dv|responsible_ai,31,16,1
question-answering|dz|responsible_ai,31,16,1
question-answering|ee|responsible_ai,31,16,1
question-answering|el|responsible_ai,31,16,1
question-answering|eo|responsible_ai,31,16,1
question-answering|et|responsible_ai,31,16,1
question-answering|eu|responsible_ai,31,16,1
question-answering|fa|responsible_ai,31,16,1
question-answering|ff|responsible_ai,31,16,1
question-answering|fi|responsible_ai,31,16,1
question-answering|fj|responsible_ai,31,16,1
question-answering|fo|responsible_ai,31,16,1
question-answering|fy|responsible_ai,31,16,1
question-answering|ga|responsible_ai,31,16,1
question-answering|gd|responsible_ai,31,16,1
question-answering|gl|responsible_ai,31,16,1
question-answering|gn|responsible_ai,31,16,1
question-answering|gu|responsible_ai,31,16,1
question-answering|gv|responsible_ai,31,16,1
question-answering|ha|responsible_ai,31,16,1
question-answering|he|responsible_ai,31,16,1
question-answering|hi|responsible_ai,31,16,1
question-answering|ho|responsible_ai,31,16,1
question-answering|hr|responsible_ai,31,16,1
question-answering|ht|responsible_ai,31,16,1
question-answering|hu|responsible_ai,31,16,1
question-answering|hy|responsible_ai,31,16,1
question-answering|hz|responsible_ai,31,16,1
question-answering|ia|responsible_ai,31,16,1
question-answering|id|responsible_ai,31,16,1
question-answering|ie|responsible_ai,31,16,1
question-answering|ig|responsible_ai,31,16,1
question-answering|ii|responsible_ai,31,16,1
question-answering|ik|responsible_ai,31,16,1
question-answering|is|responsible_ai,31,16,1
question-answering|it|responsible_ai,31,16,1
question-answering|iu|responsible_ai,31,16,1
question-answering|ja|responsible_ai,31,16,1
question-answering|jv|responsible_ai,31,16,1
question-answering|kg|responsible_ai,31,16,1
question-answering|ki|responsible_ai,31,16,1
question-answering|kj|responsible_ai,31,16,1
question-answering|ko|responsible_ai,31,16,1
image-text-to-text|af|permissive,2201,496,25
image-text-to-text|am|permissive,2193,491,13
image-text-to-text|ar|permissive,2228,509,153
image-text-to-text|as|permissive,2192,491,14
image-text-to-text|be|permissive,2195,493,18
image-text-to-text|bg|permissive,2199,496,22
image-text-to-text|bm|permissive,2185,488,2
image-text-to-text|bn|permissive,2198,493,57
image-text-to-text|bo|permissive,2190,491,10
image-text-to-text|bs|permissive,2194,493,14
image-text-to-text|ca|permissive,2197,494,26
image-text-to-text|cs|permissive,2200,497,24
image-text-to-text|cy|permissive,2192,491,12
image-text-to-text|da|permissive,2209,500,37
image-text-to-text|el|permissive,2209,499,44
image-text-to-text|eo|permissive,2190,491,7
image-text-to-text|et|permissive,2197,494,19
image-text-to-text|eu|permissive,2192,491,18
image-text-to-text|ga|permissive,2199,496,19
image-text-to-text|gd|permissive,2190,491,7
image-text-to-text|gl|permissive,2194,493,22
image-text-to-text|ha|permissive,2193,491,13
image-text-to-text|hr|permissive,2197,494,19
image-text-to-text|ht|permissive,2190,491,7
image-text-to-text|hu|permissive,2199,496,26
image-text-to-text|ig|permissive,2192,491,12
image-text-to-text|is|permissive,2204,497,30
image-text-to-text|jv|permissive,2192,491,12
image-text-to-text|ka|permissive,2194,493,16
image-text-to-text|ki|permissive,2185,488,2
image-text-to-text|kk|permissive,2194,493,17
image-text-to-text|km|permissive,2193,491,15
image-text-to-text|lb|permissive,2194,493,14
image-text-to-text|ln|permissive,2192,491,14
image-text-to-text|lo|permissive,2192,491,12
image-text-to-text|lt|permissive,2197,494,19
image-text-to-text|lv|permissive,2197,494,19
image-text-to-text|mi|permissive,2194,493,15
image-text-to-text|mr|permissive,2193,492,23
image-text-to-text|ms|permissive,2204,495,69
image-text-to-text|mt|permissive,2197,494,17
image-text-to-text|my|permissive,2192,491,21
image-text-to-text|no|permissive,2199,496,24
image-text-to-text|oc|permissive,2192,491,12
image-text-to-text|pa|permissive,2203,495,29
image-text-to-text|qu|permissive,2190,491,7
image-text-to-text|ro|permissive,2204,499,65
image-text-to-text|sa|permissive,2190,491,13
image-text-to-text|sc|permissive,2185,488,2
image-text-to-text|sd|permissive,2192,491,14
image-text-to-text|sg|permissive,2189,490,6
image-text-to-text|sk|permissive,2198,495,20
image-text-to-text|sl|permissive,2198,495,20
image-text-to-text|sm|permissive,2184,487,1
image-text-to-text|so|permissive,2192,491,12
image-text-to-text|sq|permissive,2189,490,9
image-text-to-text|sr|permissive,2195,491,49
image-text-to-text|ss|permissive,2189,490,6
image-text-to-text|sv|permissive,2214,500,78
image-text-to-text|sw|permissive,2199,493,26
image-text-to-text|ta|permissive,2195,491,31
image-text-to-text|te|permissive,2198,494,25
image-text-to-text|ti|permissive,2191,490,11
image-text-to-text|tl|permissive,2189,490,14
image-text-to-text|tn|permissive,2189,490,6
image-text-to-text|ts|permissive,2189,490,6
image-text-to-text|tw|permissive,2184,487,1
image-text-to-text|uk|permissive,2210,499,77
image-text-to-text|ur|permissive,2194,491,19
image-text-to-text|uz|permissive,2193,492,15
image-text-to-text|wo|permissive,2191,490,11
image-text-to-text|xh|permissive,2191,490,11
image-text-to-text|yo|permissive,2191,490,11
image-text-to-text|zu|permissive,2193,492,13
image-text-to-text|af|noncommercial,91,43,1
image-text-to-text|am|noncommercial,91,43,1
image-text-to-text|as|noncommercial,91,43,1
image-text-to-text|be|noncommercial,91,43,1
image-text-to-text|bg|noncommercial,91,43,1
image-text-to-text|bm|noncommercial,91,43,1
image-text-to-text|bn|noncommercial,93,45,3
image-text-to-text|bo|noncommercial,91,43,1
image-text-to-text|bs|noncommercial,91,43,1
image-text-to-text|ca|noncommercial,91,43,1
image-text-to-text|cs|noncommercial,105,47,20
image-text-to-text|cy|noncommercial,91,43,1
image-text-to-text|da|noncommercial,92,44,2
image-text-to-text|de|noncommercial,106,48,22
image-text-to-text|el|noncommercial,103,45,18
image-text-to-text|eo|noncommercial,91,43,1
image-text-to-text|es|noncommercial,106,48,22
image-text-to-text|et|noncommercial,91,43,1
image-text-to-text|eu|noncommercial,91,43,1
image-text-to-text|fa|noncommercial,102,44,17
image-text-to-text|fi|noncommercial,92,44,2
image-text-to-text|fr|noncommercial,106,48,22
image-text-to-text|ga|noncommercial,91,43,1
image-text-to-text|gd|noncommercial,91,43,1
image-text-to-text|gl|noncommercial,91,43,1
image-text-to-text|ha|noncommercial,91,43,1
image-text-to-text|hi|noncommercial,105,47,20
image-text-to-text|hr|noncommercial,91,43,1
image-text-to-text|ht|noncommercial,91,43,1
image-text-to-text|hu|noncommercial,92,44,2
image-text-to-text|id|noncommercial,103,45,18
image-text-to-text|ig|noncommercial,91,43,1
image-text-to-text|is|noncommercial,91,43,1
image-text-to-text|it|noncommercial,106,48,21
image-text-to-text|jv|noncommercial,91,43,1
image-text-to-text|ka|noncommercial,91,43,1
image-text-to-text|ki|noncommercial,91,43,1
image-text-to-text|kk|noncommercial,91,43,1
image-text-to-text|km|noncommercial,91,43,1
image-text-to-text|la|noncommercial,91,43,1
image-text-to-text|lb|noncommercial,91,43,1
image-text-to-text|ln|noncommercial,91,43,1
image-text-to-text|lo|noncommercial,91,43,1
image-text-to-text|lt|noncommercial,91,43,1
image-text-to-text|lv|noncommercial,91,43,1
image-text-to-text|mi|noncommercial,91,43,1
image-text-to-text|mr|noncommercial,91,43,1
image-text-to-text|ms|noncommercial,91,43,1
image-text-to-text|mt|noncommercial,91,43,1
image-text-to-text|my|noncommercial,91,43,1
image-text-to-text|no|noncommercial,92,44,2
image-text-to-text|oc|noncommercial,91,43,1
image-text-to-text|pa|noncommercial,91,43,1
image-text-to-text|pl|noncommercial,106,48,22
image-text-to-text|pt|noncommercial,106,48,22
image-text-to-text|qu|noncommercial,91,43,1
image-text-to-text|ro|noncommercial,108,50,25
image-text-to-text|ru|noncommercial,105,47,21
image-text-to-text|sa|noncommercial,91,43,1
image-text-to-text|sc|noncommercial,91,43,1
image-text-to-text|sd|noncommercial,91,43,1
image-text-to-text|sg|noncommercial,91,43,1
image-text-to-text|sk|noncommercial,91,43,1
image-text-to-text|sl|noncommercial,91,43,1
image-text-to-text|sm|noncommercial,91,43,1
image-text-to-text|so|noncommercial,91,43,1
image-text-to-text|sq|noncommercial,91,43,1
image-text-to-text|sr|noncommercial,91,43,3
image-text-to-text|ss|noncommercial,91,43,1
image-text-to-text|sv|noncommercial,92,44,2
image-text-to-text|sw|noncommercial,91,43,1
image-text-to-text|ta|noncommercial,91,43,1
image-text-to-text|te|noncommercial,91,43,1
image-text-to-text|th|noncommercial,92,44,2
image-text-to-text|ti|noncommercial,91,43,1
image-text-to-text|tl|noncommercial,91,43,1
image-text-to-text|tn|noncommercial,91,43,1
image-text-to-text|tr|noncommercial,104,45,19
image-text-to-text|ts|noncommercial,91,43,1
image-text-to-text|tw|noncommercial,91,43,1
image-text-to-text|uk|noncommercial,105,47,20
image-text-to-text|uz|noncommercial,91,43,1
image-text-to-text|vi|noncommercial,103,45,18
image-text-to-text|wo|noncommercial,91,43,1
image-text-to-text|xh|noncommercial,91,43,1
image-text-to-text|yo|noncommercial,91,43,1
image-text-to-text|zh|noncommercial,107,49,26
image-text-to-text|zu|noncommercial,91,43,1
video-to-video|unk|responsible_ai,6,1,6
text-to-audio|yo|permissive,233,36,3
unk|is|vendor_custom,6686,492,3
question-answering|bh|permissive,2051,226,4
translation|dz|unknown,702,32,6
visual-document-retrieval|en|noncommercial,6,3,5
zero-shot-classification|ae|unknown,28,4,1
zero-shot-classification|af|unknown,28,4,1
zero-shot-classification|ak|unknown,29,5,2
zero-shot-classification|am|unknown,28,4,1
zero-shot-classification|an|unknown,28,4,1
visual-document-retrieval|de|noncommercial,6,3,4
text-to-speech|ar|other,127,25,109
text-to-audio|ug|noncommercial,105,20,1
mask-generation|ar|permissive,111,22,1
sentence-similarity|ab|unknown,4440,476,1
sentence-similarity|an|unknown,4440,476,1
sentence-similarity|av|unknown,4440,476,1
sentence-similarity|ay|unknown,4440,476,1
sentence-similarity|ba|unknown,4440,476,1
sentence-similarity|bh|unknown,4440,476,1
sentence-similarity|bi|unknown,4440,476,1
sentence-similarity|bm|unknown,4440,476,1
sentence-similarity|bo|unknown,4440,476,1
sentence-similarity|ce|unknown,4440,476,1
sentence-similarity|ch|unknown,4440,476,1
sentence-similarity|co|unknown,4440,476,1
sentence-similarity|cr|unknown,4440,476,1
sentence-similarity|cu|unknown,4440,476,1
sentence-similarity|cv|unknown,4440,476,1
sentence-similarity|dz|unknown,4440,476,1
sentence-similarity|ee|unknown,4440,476,1
sentence-similarity|ff|unknown,4440,476,1
sentence-similarity|fj|unknown,4440,476,1
sentence-similarity|fo|unknown,4440,476,1
sentence-similarity|gn|unknown,4440,476,1
sentence-similarity|gv|unknown,4440,476,1
sentence-similarity|ia|unknown,4440,476,1
sentence-similarity|ie|unknown,4440,476,1
sentence-similarity|ig|unknown,4440,476,1
sentence-similarity|ik|unknown,4440,476,1
sentence-similarity|io|unknown,4440,476,1
sentence-similarity|iu|unknown,4440,476,1
sentence-similarity|kg|unknown,4440,476,1
sentence-similarity|ki|unknown,4440,476,1
sentence-similarity|kl|unknown,4440,476,1
sentence-similarity|ks|unknown,4440,476,1
sentence-similarity|kv|unknown,4440,476,1
sentence-similarity|kw|unknown,4440,476,1
sentence-similarity|lb|unknown,4440,476,1
sentence-similarity|lg|unknown,4440,476,1
sentence-similarity|li|unknown,4440,476,1
sentence-similarity|ln|unknown,4440,476,1
sentence-similarity|mi|unknown,4440,476,1
sentence-similarity|mt|unknown,4440,476,1
sentence-similarity|nv|unknown,4440,476,1
sentence-similarity|ny|unknown,4440,476,1
sentence-similarity|oc|unknown,4440,476,1
sentence-similarity|os|unknown,4440,476,1
sentence-similarity|pi|unknown,4440,476,1
sentence-similarity|rn|unknown,4440,476,1
sentence-similarity|rw|unknown,4440,476,1
sentence-similarity|sc|unknown,4440,476,1
sentence-similarity|se|unknown,4440,476,1
sentence-similarity|sg|unknown,4440,476,1
sentence-similarity|sm|unknown,4440,476,1
sentence-similarity|sn|unknown,4440,476,1
sentence-similarity|ss|unknown,4440,476,1
sentence-similarity|st|unknown,4440,476,1
sentence-similarity|ti|unknown,4440,476,1
sentence-similarity|tk|unknown,4440,476,1
sentence-similarity|tn|unknown,4440,476,1
sentence-similarity|to|unknown,4440,476,1
sentence-similarity|ts|unknown,4440,476,1
sentence-similarity|tt|unknown,4440,476,1
sentence-similarity|tw|unknown,4440,476,1
sentence-similarity|ty|unknown,4440,476,1
sentence-similarity|ve|unknown,4440,476,1
sentence-similarity|vo|unknown,4440,476,1
sentence-similarity|wa|unknown,4440,476,1
sentence-similarity|wo|unknown,4440,476,1
sentence-similarity|za|unknown,4440,476,1
sentence-similarity|zu|unknown,4440,476,2
unk|hy|responsible_ai,54034,140,3
image-to-video|ae|permissive,197,46,2
audio-text-to-text|en|noncommercial,11,7,15
audio-text-to-text|vi|noncommercial,2,0,1
audio-text-to-text|vi|permissive,69,20,53
text-to-audio|gd|unknown,858,18,1
fill-mask|aa|permissive,1979,229,6
text-classification|si|no_derivatives,4,1,1
text-classification|ta|no_derivatives,4,1,1
visual-question-answering|hi|permissive,160,30,2
text-to-speech|cs|other,108,19,71
text-to-speech|hi|other,122,22,96
text-to-speech|hu|other,113,23,72
text-to-speech|pl|other,110,20,73
text-to-speech|pt|other,121,22,90
text-to-speech|tr|other,108,20,71
video-classification|ae|copyleft,4,0,2
video-classification|ar|copyleft,4,0,2
text-to-image|sd|unknown,8405,327,1
unk|es|no_derivatives,213,6,1
audio-to-audio|unk|vendor_custom,5,4,1
text-to-audio|aa|permissive,238,41,6
zero-shot-classification|aa|permissive,49,24,3
zero-shot-classification|ae|permissive,50,25,4
zero-shot-classification|ak|permissive,48,23,2
zero-shot-classification|ba|permissive,47,22,1
zero-shot-classification|dv|permissive,47,22,1
audio-text-to-text|en|unknown,18,7,10
audio-text-to-text|id|unknown,11,4,1
visual-document-retrieval|tr|vendor_custom,1,1,1
text-ranking|am|permissive,65,34,10
text-ranking|as|permissive,63,32,7
text-ranking|bs|permissive,62,31,6
text-ranking|eo|permissive,62,31,6
text-ranking|fy|permissive,62,31,6
text-ranking|ga|permissive,63,32,7
text-ranking|gd|permissive,62,31,6
text-ranking|ha|permissive,62,31,6
text-ranking|ku|permissive,62,31,6
text-ranking|la|permissive,62,31,6
text-ranking|lb|permissive,59,29,1
text-ranking|mg|permissive,62,31,6
text-ranking|mt|permissive,60,30,2
text-ranking|nn|permissive,59,29,1
text-ranking|or|permissive,63,32,7
text-ranking|ps|permissive,62,31,6
text-ranking|sd|permissive,62,31,6
text-ranking|su|permissive,62,31,6
text-ranking|tg|permissive,59,29,1
text-ranking|uz|permissive,62,31,6
text-ranking|yi|permissive,62,31,6
automatic-speech-recognition|wo|unknown,8230,126,3
audio-text-to-text|id|noncommercial,2,1,1
text-generation|ae|permissive,19230,4680,8
text-generation|cr|permissive,19231,4680,8
text-generation|cu|permissive,19231,4680,7
text-generation|hz|permissive,19230,4680,6
text-generation|ia|permissive,19232,4680,8
text-generation|ie|permissive,19231,4680,19
text-generation|ii|permissive,19230,4680,8
text-generation|ik|permissive,19231,4680,7
text-generation|io|permissive,19231,4680,7
text-generation|ki|permissive,19235,4683,20
text-generation|kr|permissive,19230,4681,8
text-generation|li|permissive,19246,4681,26
text-generation|na|permissive,19229,4680,5
text-generation|nd|permissive,19229,4680,5
text-generation|ng|permissive,19229,4679,5
text-generation|pi|permissive,19232,4680,11
text-to-video|ja|permissive,195,48,3
question-answering|ae|permissive,2053,228,4
audio-to-audio|it|noncommercial,114,5,2
audio-to-audio|nl|noncommercial,114,5,2
audio-to-audio|pl|noncommercial,114,5,2
audio-to-audio|pt|noncommercial,115,6,3
visual-question-answering|en|noncommercial,10,5,12
translation|an|copyleft,9,3,1
translation|bg|copyleft,9,3,1
translation|ca|copyleft,9,3,1
translation|cs|copyleft,9,3,1
translation|cy|copyleft,9,3,1
translation|da|copyleft,9,3,1
translation|el|copyleft,9,3,1
translation|eu|copyleft,9,3,1
translation|ga|copyleft,9,3,1
translation|gl|copyleft,9,3,1
translation|hr|copyleft,9,3,1
translation|is|copyleft,9,3,1
translation|lt|copyleft,9,3,1
translation|lv|copyleft,9,3,1
translation|mt|copyleft,9,3,1
translation|nb|copyleft,9,3,1
translation|nl|copyleft,9,3,1
translation|no|copyleft,9,3,1
translation|oc|copyleft,9,3,1
translation|pt|copyleft,9,3,1
translation|sk|copyleft,9,3,1
translation|sl|copyleft,9,3,1
translation|sr|copyleft,9,3,1
translation|sv|copyleft,9,3,1
text-classification|id|noncommercial,289,64,7
text-to-video|zh|permissive,273,62,241
unk|iu|unknown,149763,4275,1
image-text-to-text|de|unknown,7980,485,22
image-text-to-text|hi|unknown,7974,481,10
image-text-to-text|it|unknown,7974,481,11
image-text-to-text|th|unknown,7976,481,15
image-to-video|ie|permissive,196,45,1
text-generation|mk|vendor_custom,2421,916,9
text-to-audio|pl|permissive,247,37,15
image-classification|mt|permissive,6081,738,1
image-to-3d|de|permissive,214,22,1
image-to-3d|es|permissive,214,22,1
image-to-image|af|permissive,1000,94,3
text-classification|de|vendor_custom,32,24,5
text-classification|fr|vendor_custom,30,22,3
text-classification|hi|vendor_custom,32,23,4
text-classification|it|vendor_custom,32,24,5
text-classification|nl|vendor_custom,29,21,1
image-to-text|unk|copyleft,20,7,6
text-ranking|en|unknown,121,73,109
text-to-video|ab|permissive,193,47,1
text-to-video|an|permissive,203,57,2
unk|av|unknown,149762,4274,2
zero-shot-classification|ii|permissive,47,22,1
audio-text-to-text|unk|permissive,156,66,27
image-text-to-text|nb|permissive,2190,491,8
image-text-to-text|nn|permissive,2190,491,8
text-to-speech|is|unknown,162,22,18
robotics|en|unknown,2703,73,118
any-to-any|en|other,62,18,76
any-to-any|zh|other,30,12,5
unconditional-image-generation|fa|permissive,732,8,1
object-detection|de|permissive,1367,95,15
object-detection|it|permissive,1361,94,3
question-answering|tr|vendor_custom,18,13,4
question-answering|gv|permissive,2051,226,2
other|unk|unknown,52,2,43
automatic-speech-recognition|ee|permissive,3101,250,14
any-to-any|zh|permissive,7568,76,50
text-generation|ty|permissive,19231,4681,6
text-generation|vo|permissive,19229,4679,16
image-text-to-text|dv|permissive,2192,493,10
voice-activity-detection|aa|responsible_ai,3,1,1
text-generation|aa|copyleft,421,162,3
text-generation|ab|copyleft,421,162,3
text-generation|ae|copyleft,420,161,2
text-generation|af|copyleft,422,162,4
text-generation|ak|copyleft,420,161,2
text-generation|am|copyleft,420,161,2
text-generation|an|copyleft,420,161,2
text-generation|ar|copyleft,424,165,6
text-generation|as|copyleft,422,162,4
text-generation|av|copyleft,420,161,2
text-generation|ay|copyleft,421,162,3
text-generation|az|copyleft,421,162,3
text-generation|ba|copyleft,420,161,2
text-generation|bi|copyleft,420,161,2
text-generation|bm|copyleft,420,161,2
text-generation|bn|copyleft,420,161,2
text-generation|bo|copyleft,420,161,2
text-generation|br|copyleft,420,161,2
text-generation|bs|copyleft,420,161,2
text-generation|ce|copyleft,420,161,2
text-generation|ch|copyleft,420,161,2
text-generation|co|copyleft,420,161,2
text-generation|cr|copyleft,420,161,2
text-generation|cu|copyleft,420,161,2
text-generation|cv|copyleft,420,161,2
text-generation|cy|copyleft,420,161,2
text-generation|dv|copyleft,420,161,2
text-generation|dz|copyleft,420,161,2
text-generation|ee|copyleft,420,161,2
text-generation|eo|copyleft,421,161,3
text-generation|et|copyleft,428,169,17
text-generation|fa|copyleft,421,161,9
text-generation|ff|copyleft,420,161,2
text-generation|fi|copyleft,428,169,17
text-generation|fj|copyleft,420,161,2
text-generation|fo|copyleft,420,161,2
text-generation|fy|copyleft,420,161,2
text-generation|ga|copyleft,428,169,17
text-generation|gd|copyleft,420,161,8
text-generation|gl|copyleft,420,161,2
text-generation|gn|copyleft,422,161,4
text-generation|gu|copyleft,420,161,2
text-generation|gv|copyleft,420,161,2
text-generation|ha|copyleft,420,161,2
text-generation|ho|copyleft,420,161,2
text-generation|ht|copyleft,420,161,8
text-generation|hy|copyleft,420,161,8
text-generation|hz|copyleft,420,161,2
text-generation|ia|copyleft,420,161,2
text-generation|ie|copyleft,420,161,2
text-generation|ig|copyleft,420,161,2
text-generation|ii|copyleft,420,161,2
text-generation|ik|copyleft,420,161,2
text-generation|io|copyleft,420,161,2
text-generation|iu|copyleft,420,161,2
text-generation|jv|copyleft,420,161,2
text-generation|ka|copyleft,420,161,2
text-generation|kg|copyleft,420,161,2
text-generation|ki|copyleft,420,161,2
text-generation|kj|copyleft,420,161,2
text-generation|kk|copyleft,421,161,3
text-generation|kl|copyleft,420,161,2
text-generation|km|copyleft,421,161,3
text-generation|kn|copyleft,420,161,2
text-generation|kr|copyleft,420,161,2
text-generation|ks|copyleft,420,161,3
text-generation|ku|copyleft,424,161,6
text-generation|kv|copyleft,420,161,2
text-generation|kw|copyleft,420,161,2
text-generation|ky|copyleft,420,161,2
text-generation|lb|copyleft,420,161,2
text-generation|lg|copyleft,421,161,3
text-generation|li|copyleft,420,161,2
text-generation|ln|copyleft,420,161,2
text-generation|lo|copyleft,420,161,2
text-generation|lt|copyleft,428,169,17
text-generation|lu|copyleft,420,161,2
text-generation|lv|copyleft,428,169,17
text-generation|mg|copyleft,420,161,2
text-generation|mh|copyleft,420,161,2
text-generation|mi|copyleft,420,161,2
text-generation|mk|copyleft,420,161,2
text-generation|ml|copyleft,420,161,2
text-generation|mn|copyleft,420,161,2
text-generation|mr|copyleft,420,161,3
text-generation|ms|copyleft,420,161,2
text-generation|mt|copyleft,428,169,11
text-generation|my|copyleft,421,161,3
text-generation|na|copyleft,420,161,2
text-generation|nd|copyleft,420,161,2
text-generation|ne|copyleft,420,161,2
text-generation|ng|copyleft,420,161,2
text-generation|nn|copyleft,420,161,2
text-generation|nr|copyleft,420,161,2
text-generation|nv|copyleft,420,161,2
text-generation|ny|copyleft,420,161,2
text-generation|oc|copyleft,420,161,2
text-generation|oj|copyleft,420,161,2
text-generation|om|copyleft,420,161,2
text-generation|or|copyleft,420,161,2
text-generation|os|copyleft,420,161,2
text-generation|pa|copyleft,420,161,2
text-generation|pi|copyleft,420,161,2
text-generation|ps|copyleft,420,161,2
text-generation|qu|copyleft,420,161,2
text-generation|rm|copyleft,420,161,2
text-generation|rn|copyleft,420,161,2
text-generation|rw|copyleft,420,161,2
text-generation|sa|copyleft,420,161,2
text-generation|sc|copyleft,420,161,2
text-generation|sd|copyleft,420,161,8
text-generation|se|copyleft,420,161,2
text-generation|sg|copyleft,420,161,2
text-generation|si|copyleft,420,161,3
text-generation|sm|copyleft,420,161,2
text-generation|sn|copyleft,420,161,2
text-generation|so|copyleft,420,161,2
text-generation|sq|copyleft,420,161,2
text-generation|ss|copyleft,420,161,2
text-generation|st|copyleft,420,161,2
text-generation|su|copyleft,420,161,2
text-generation|sw|copyleft,420,161,2
text-generation|te|copyleft,428,162,13
text-generation|tg|copyleft,420,161,2
text-generation|ti|copyleft,420,161,2
text-generation|tk|copyleft,420,161,2
text-generation|tn|copyleft,420,161,2
text-generation|to|copyleft,420,161,2
text-generation|ts|copyleft,420,161,2
text-generation|tt|copyleft,420,161,2
text-generation|tw|copyleft,420,161,2
text-generation|ty|copyleft,420,161,2
text-generation|ug|copyleft,420,161,2
text-generation|ur|copyleft,420,161,2
text-generation|uz|copyleft,420,161,2
text-generation|ve|copyleft,420,161,2
text-generation|vo|copyleft,420,161,2
text-generation|wa|copyleft,420,161,2
text-generation|wo|copyleft,422,163,4
text-generation|xh|copyleft,420,161,2
text-generation|yo|copyleft,420,161,2
text-generation|za|copyleft,420,161,2
text-generation|zu|copyleft,420,161,2
image-to-3d|pt|permissive,217,22,4
keypoint-detection|ru|permissive,229,9,1
image-text-to-text|dv|unknown,7970,478,2
text-classification|ab|noncommercial,287,63,1
image-to-3d|aa|responsible_ai,72,1,1
unk|bg|vendor_custom,6687,492,9
image-to-text|dv|vendor_custom,10,3,1
zero-shot-classification|tk|permissive,47,23,1
translation|aa|responsible_ai,6,4,4
document-question-answering|aa|permissive,22,7,1
audio-classification|hr|copyleft,14,3,1
audio-classification|sl|copyleft,14,3,1
audio-classification|sr|copyleft,14,3,1
image-to-image|vi|unknown,387,35,1
text-to-image|sv|other,1999,178,1
token-classification|fa|responsible_ai,17,4,1
token-classification|fr|responsible_ai,19,6,3
text-to-3d|zh|other,15,1,4
feature-extraction|ab|responsible_ai,27,4,1
table-question-answering|ab|permissive,17,12,2
table-question-answering|ae|permissive,16,11,1
table-question-answering|as|permissive,16,11,1
image-to-video|ne|responsible_ai,11,10,1
image-to-text|th|vendor_custom,11,4,1
audio-to-audio|nd|other,32,8,1
audio-to-audio|zu|other,32,8,1
audio-text-to-text|be|permissive,59,18,33
audio-text-to-text|bg|permissive,66,19,40
audio-text-to-text|bn|permissive,60,18,34
audio-text-to-text|cs|permissive,66,19,40
audio-text-to-text|cy|permissive,59,18,33
audio-text-to-text|da|permissive,66,19,40
audio-text-to-text|el|permissive,66,19,40
audio-text-to-text|et|permissive,66,19,40
audio-text-to-text|fa|permissive,67,19,41
audio-text-to-text|fi|permissive,66,19,40
audio-text-to-text|gl|permissive,59,18,33
audio-text-to-text|hu|permissive,66,19,40
audio-text-to-text|ka|permissive,59,18,33
audio-text-to-text|lt|permissive,66,19,40
audio-text-to-text|lv|permissive,66,19,40
audio-text-to-text|mk|permissive,59,18,33
audio-text-to-text|mr|permissive,59,18,33
audio-text-to-text|pl|permissive,67,19,41
audio-text-to-text|ro|permissive,67,19,41
audio-text-to-text|sk|permissive,66,19,40
audio-text-to-text|sl|permissive,66,19,40
audio-text-to-text|sr|permissive,67,19,41
audio-text-to-text|sw|permissive,67,20,41
audio-text-to-text|ta|permissive,60,19,34
audio-text-to-text|th|permissive,66,19,50
audio-text-to-text|ur|permissive,66,19,40
text-to-audio|ps|permissive,234,37,1
image-classification|zh|other,336,68,2
visual-document-retrieval|de|permissive,36,23,24
visual-document-retrieval|es|permissive,36,23,24
visual-document-retrieval|it|permissive,36,23,23
image-text-to-text|as|other,492,144,2
image-text-to-text|bn|other,493,144,5
image-text-to-text|gu|other,493,144,3
image-text-to-text|hi|other,507,151,43
image-text-to-text|kn|other,493,144,4
image-text-to-text|ml|other,493,144,5
image-text-to-text|mr|other,493,144,4
image-text-to-text|or|other,492,144,3
image-text-to-text|ta|other,494,144,6
image-text-to-text|te|other,493,144,4
unk|as|other,27581,784,3
unk|sa|other,27582,785,4
token-classification|en|vendor_custom,6,5,6
token-classification|tr|vendor_custom,4,3,1
image-to-video|vi|permissive,195,44,1
reinforcement-learning|zh|permissive,1157,62,27
audio-to-audio|hi|unknown,179,3,1
audio-to-audio|pa|unknown,179,3,1
unconditional-image-generation|pl|permissive,732,8,1
unk|fa|vendor_custom,6686,492,3
visual-document-retrieval|unk|noncommercial,6,3,4
reinforcement-learning|hi|permissive,1138,57,1
automatic-speech-recognition|bm|permissive,3100,249,31
text-to-audio|uz|permissive,233,36,1
translation|vi|copyleft,13,3,5
unk|fi|other,27582,783,4
sentence-similarity|ce|permissive,1040,168,5
sentence-similarity|dv|permissive,1041,169,11
sentence-similarity|gn|permissive,1040,168,5
sentence-similarity|gv|permissive,1040,168,5
sentence-similarity|nn|permissive,1044,170,10
table-question-answering|unk|responsible_ai,10,4,1
summarization|ru|noncommercial,5,4,4
audio-text-to-text|unk|other,28,14,4
text-to-image|mn|permissive,5100,306,1
text-to-image|ca|permissive,5101,306,2
audio-classification|ak|permissive,693,113,1
audio-classification|an|permissive,693,113,1
audio-classification|av|permissive,693,113,1
audio-classification|ay|permissive,693,113,1
text-generation|bs|vendor_custom,2422,917,15
text-generation|hr|vendor_custom,2422,916,19
graph-ml|unk|noncommercial,10,3,5
audio-classification|ar|unknown,944,36,6
unk|tr|no_derivatives,214,5,2
text-classification|ml|noncommercial,289,63,3
text-classification|ta|noncommercial,289,63,7
object-detection|ka|copyleft,485,28,1
feature-extraction|ar|vendor_custom,29,15,1
video-to-video|en|other,37,8,58
video-to-video|zh|other,34,7,4
text-classification|ko|vendor_custom,30,23,4
image-text-to-text|dv|noncommercial,90,42,1
any-to-any|tr|permissive,7548,69,4
image-classification|fa|permissive,6084,739,4
text-to-speech|id|unknown,160,23,16
text-to-image|te|vendor_custom,19,15,1
zero-shot-classification|unk|responsible_ai,12,3,2
image-to-video|unk|responsible_ai,17,14,49
automatic-speech-recognition|de|responsible_ai,4,1,1
audio-to-audio|tl|permissive,353,29,1
unk|eu|vendor_custom,6686,492,8
question-answering|ay|permissive,2050,225,1
question-answering|bi|permissive,2050,225,1
question-answering|bo|permissive,2051,226,2
question-answering|ch|permissive,2050,225,1
question-answering|cr|permissive,2050,225,1
question-answering|cu|permissive,2050,225,1
question-answering|dv|permissive,2050,225,2
question-answering|ee|permissive,2050,225,1
question-answering|ff|permissive,2050,225,1
question-answering|fj|permissive,2050,225,1
question-answering|fo|permissive,2050,225,1
question-answering|ho|permissive,2050,225,1
token-classification|ru|vendor_custom,4,4,1
other|am|permissive,262,12,1
other|bn|permissive,263,13,2
other|de|permissive,263,12,2
other|es|permissive,263,12,2
other|fr|permissive,263,12,2
other|pl|permissive,263,12,2
other|sw|permissive,263,12,2
other|uz|permissive,262,12,1
video-text-to-text|unk|noncommercial,22,13,9
voice-activity-detection|tr|permissive,97,8,2
summarization|et|vendor_custom,8,7,1
text-to-video|unk|copyleft,6,4,3
any-to-any|en|responsible_ai,2,1,2
any-to-any|te|responsible_ai,1,0,1
unk|aa|other,27580,785,3
image-classification|hi|permissive,6085,739,5
text-to-audio|tk|permissive,234,37,1
zero-shot-object-detection|en|unknown,19,2,4
document-question-answering|ru|noncommercial,12,6,2
unk|nd|unknown,149763,4274,1
unk|sn|unknown,149763,4274,1
fill-mask|lb|permissive,1975,224,2
reinforcement-learning|en|other,35,9,7
question-answering|af|vendor_custom,16,13,2
question-answering|am|vendor_custom,14,11,1
question-answering|ca|vendor_custom,14,11,1
question-answering|ur|vendor_custom,14,11,1
tabular-classification|unk|copyleft,10,0,8
text-generation|km|responsible_ai,494,90,1
fill-mask|af|other,161,11,1
fill-mask|an|other,161,11,1
fill-mask|ar|other,163,13,4
fill-mask|az|other,161,11,1
fill-mask|ba|other,162,11,2
fill-mask|be|other,161,11,1
fill-mask|br|other,161,11,1
fill-mask|bs|other,161,11,1
fill-mask|ca|other,161,11,1
fill-mask|ce|other,161,11,1
fill-mask|cv|other,161,11,1
fill-mask|cy|other,161,11,1
fill-mask|eu|other,161,11,1
fill-mask|fa|other,161,11,1
fill-mask|gl|other,161,11,1
fill-mask|gu|other,161,11,1
fill-mask|he|other,161,11,1
fill-mask|ht|other,161,11,1
fill-mask|hy|other,161,11,1
fill-mask|io|other,161,11,1
fill-mask|is|other,161,11,1
fill-mask|jv|other,161,11,1
fill-mask|ka|other,161,11,1
fill-mask|kk|other,161,11,1
fill-mask|kn|other,161,11,1
fill-mask|ky|other,162,12,2
fill-mask|la|other,161,11,1
fill-mask|mg|other,161,11,1
fill-mask|mk|other,161,11,1
fill-mask|ml|other,161,11,1
fill-mask|mr|other,161,11,1
fill-mask|ms|other,161,11,1
fill-mask|my|other,161,11,1
fill-mask|nb|other,161,11,1
fill-mask|ne|other,161,11,1
fill-mask|nn|other,161,11,1
fill-mask|oc|other,161,11,1
fill-mask|pa|other,161,11,1
fill-mask|ru|other,163,13,4
fill-mask|sq|other,161,11,1
fill-mask|sr|other,161,11,1
fill-mask|su|other,161,11,1
fill-mask|sw|other,161,11,1
fill-mask|ta|other,161,11,1
fill-mask|tg|other,161,11,1
fill-mask|tl|other,161,11,1
fill-mask|tr|other,163,13,4
fill-mask|tt|other,161,11,1
fill-mask|uk|other,161,11,1
fill-mask|uz|other,161,11,1
fill-mask|vi|other,164,14,5
fill-mask|vo|other,161,11,1
fill-mask|yo|other,161,11,1
object-detection|ar|permissive,1365,95,12
object-detection|fr|permissive,1366,98,15
object-detection|tr|permissive,1359,94,6
object-detection|vi|permissive,1363,94,9
summarization|kn|unknown,552,48,1
tabular-classification|pl|unknown,220,1,1
image-to-video|zh|permissive,281,53,194
audio-classification|id|unknown,943,37,5
translation|wo|unknown,702,34,8
image-to-3d|zh|permissive,214,22,2
audio-to-audio|bh|copyleft,41,4,1
audio-to-audio|gu|copyleft,41,4,2
audio-to-audio|hi|copyleft,41,4,2
audio-to-audio|mr|copyleft,41,4,2
fill-mask|nl|copyleft,101,18,5
audio-text-to-text|ar|unknown,11,4,2
text-to-audio|pt|permissive,250,38,18
unk|ha|other,27584,787,6
unk|sw|other,27583,787,6
text-to-image|bm|permissive,5100,305,1
text-to-image|bo|permissive,5100,305,1
text-to-image|br|permissive,5100,305,1
text-to-image|bs|permissive,5100,305,1
text-to-image|ce|permissive,5100,305,1
text-to-image|co|permissive,5100,305,1
text-to-image|cr|permissive,5100,305,1
text-to-image|cs|permissive,5100,305,1
text-to-image|cu|permissive,5100,305,1
text-to-image|cv|permissive,5100,305,1
text-to-image|cy|permissive,5100,305,1
text-to-image|da|permissive,5100,305,1
text-to-image|dv|permissive,5100,305,1
text-to-image|dz|permissive,5100,305,1
text-to-image|ee|permissive,5100,305,1
text-to-image|el|permissive,5100,305,1
text-to-image|eo|permissive,5100,305,1
text-to-image|et|permissive,5100,305,1
text-to-image|ff|permissive,5100,305,1
text-to-image|fi|permissive,5100,305,1
text-to-image|fj|permissive,5100,305,1
text-to-image|fo|permissive,5100,305,1
text-to-image|fy|permissive,5100,305,1
text-to-image|ga|permissive,5112,305,13
text-to-image|gd|permissive,5100,305,1
text-to-image|gl|permissive,5100,305,1
text-to-image|gn|permissive,5100,305,1
text-to-image|gu|permissive,5100,305,1
text-to-image|gv|permissive,5100,305,1
text-to-image|ha|permissive,5101,305,2
text-to-image|he|permissive,5100,305,2
text-to-image|ho|permissive,5100,305,1
text-to-image|hr|permissive,5100,305,1
text-to-image|ht|permissive,5100,305,1
text-to-image|hu|permissive,5100,305,1
text-to-image|hy|permissive,5100,305,1
text-to-image|hz|permissive,5100,305,1
text-to-image|ia|permissive,5100,305,1
text-to-image|id|permissive,5102,307,3
text-to-image|ig|permissive,5101,305,2
text-to-image|ii|permissive,5100,305,1
text-to-image|ik|permissive,5100,305,1
text-to-image|io|permissive,5100,305,1
text-to-image|is|permissive,5100,305,1
text-to-image|iu|permissive,5100,305,1
text-to-image|ka|permissive,5100,305,1
text-to-image|ki|permissive,5100,305,1
text-to-image|kj|permissive,5100,305,1
text-to-image|kk|permissive,5100,305,2
text-to-image|kl|permissive,5100,305,1
text-to-image|km|permissive,5101,305,2
text-to-image|kn|permissive,5100,305,1
reinforcement-learning|av|permissive,1138,57,1
audio-text-to-text|de|unknown,12,4,2
graph-ml|id|unknown,10,3,1
image-text-to-text|he|noncommercial,102,44,17
image-text-to-text|nl|noncommercial,104,46,19
automatic-speech-recognition|ks|unknown,8231,125,5
translation|ar|other,18,11,8
text-ranking|br|permissive,61,30,5
text-ranking|ff|permissive,61,30,5
text-ranking|gn|permissive,61,30,5
text-ranking|ig|permissive,61,30,5
text-ranking|lg|permissive,61,30,5
text-ranking|li|permissive,61,30,5
text-ranking|ln|permissive,61,30,5
text-ranking|om|permissive,61,30,5
text-ranking|rm|permissive,61,30,5
text-ranking|sa|permissive,61,30,5
text-ranking|sc|permissive,61,30,5
text-ranking|ss|permissive,61,30,5
text-ranking|tn|permissive,61,30,5
text-ranking|ug|permissive,61,30,5
text-ranking|wo|permissive,61,30,5
text-ranking|xh|permissive,61,30,5
text-ranking|zu|permissive,61,30,5
audio-text-to-text|si|permissive,27,13,1
translation|ae|unknown,699,31,1
any-to-any|ta|permissive,7546,69,2
any-to-any|te|permissive,7547,70,2
text-to-audio|ab|permissive,235,38,2
zero-shot-classification|unk|other,6,2,2
token-classification|am|vendor_custom,4,4,1
token-classification|ar|vendor_custom,5,4,2
token-classification|es|vendor_custom,5,5,2
token-classification|fr|vendor_custom,5,5,2
token-classification|ha|vendor_custom,4,4,1
token-classification|ig|vendor_custom,4,4,1
token-classification|ln|vendor_custom,4,4,1
token-classification|pt|vendor_custom,4,4,1
token-classification|sw|vendor_custom,4,4,1
token-classification|wo|vendor_custom,4,4,1
token-classification|xh|vendor_custom,4,4,1
token-classification|yo|vendor_custom,4,4,1
token-classification|zu|vendor_custom,4,4,1
text-to-audio|ae|responsible_ai,13,3,1
text-to-audio|ak|responsible_ai,13,3,1
unk|gu|vendor_custom,6700,492,16
unk|mr|vendor_custom,6699,491,17
automatic-speech-recognition|ak|copyleft,36,9,10
text-classification|aa|vendor_custom,30,23,2
text-classification|ab|vendor_custom,29,22,2
any-to-any|ro|unknown,22,5,2
reinforcement-learning|ja|permissive,1138,57,1
fill-mask|zh|vendor_custom,4,3,1
question-answering|nd|responsible_ai,24,9,1
question-answering|sn|responsible_ai,24,9,1
question-answering|zu|responsible_ai,24,9,1
unk|hu|vendor_custom,6688,494,8
sentence-similarity|lb|copyleft,13,3,5
image-to-3d|en|noncommercial,55,10,9
visual-document-retrieval|unk|copyleft,1,1,1
table-question-answering|ae|unknown,40,4,1
table-question-answering|he|unknown,40,4,1
table-question-answering|hi|unknown,40,4,1
audio-text-to-text|en|other,27,13,36
audio-text-to-text|id|other,5,2,1
audio-text-to-text|th|other,5,2,1
audio-text-to-text|vi|other,5,2,1
audio-text-to-text|zh|other,6,3,2
image-segmentation|en|vendor_custom,3,3,6
question-answering|id|vendor_custom,16,13,2
video-text-to-text|unk|other,16,9,6
zero-shot-object-detection|unk|copyleft,17,2,17
image-segmentation|zh|permissive,1448,115,11
text-classification|ru|vendor_custom,33,25,5
image-classification|ar|copyleft,90,13,1
sentence-similarity|aa|responsible_ai,3,3,1
text-to-video|ru|permissive,194,49,16
zero-shot-object-detection|en|permissive,61,15,4
zero-shot-object-detection|fr|permissive,58,14,1
automatic-speech-recognition|es|copyleft,44,9,11
automatic-speech-recognition|it|copyleft,43,9,14
automatic-speech-recognition|ja|copyleft,44,10,10
automatic-speech-recognition|kn|copyleft,39,9,4
automatic-speech-recognition|kr|copyleft,39,9,5
automatic-speech-recognition|nl|copyleft,42,9,9
automatic-speech-recognition|pt|copyleft,43,9,10
automatic-speech-recognition|ru|copyleft,42,9,9
automatic-speech-recognition|ta|copyleft,42,9,7
text-classification|tt|responsible_ai,102,17,4
text-to-speech|ca|unknown,160,21,16
text-to-speech|cs|unknown,160,21,16
text-to-speech|cy|unknown,158,21,14
text-to-speech|ka|unknown,159,21,15
text-to-speech|kk|unknown,161,22,18
text-to-speech|lb|unknown,158,21,14
text-to-speech|lv|unknown,158,21,14
text-to-speech|ne|unknown,162,21,6
text-to-speech|no|unknown,159,22,16
text-to-speech|sk|unknown,158,21,14
text-to-speech|sr|unknown,158,21,14
image-text-to-text|fa|vendor_custom,404,91,1
image-text-to-text|ar|vendor_custom,409,96,24
image-text-to-text|id|vendor_custom,408,95,23
image-text-to-text|ja|vendor_custom,408,94,19
image-text-to-text|ml|vendor_custom,404,91,9
image-text-to-text|ru|vendor_custom,405,92,12
object-detection|de|responsible_ai,26,3,1
object-detection|es|responsible_ai,26,3,1
object-detection|fr|responsible_ai,26,3,1
object-detection|ja|responsible_ai,26,3,1
object-detection|pt|responsible_ai,26,3,1
object-detection|ru|responsible_ai,26,3,1
object-detection|tr|responsible_ai,26,3,1
object-detection|vi|responsible_ai,26,3,1
object-detection|zh|responsible_ai,26,3,1
automatic-speech-recognition|unk|vendor_custom,4,3,1
text-to-speech|de|vendor_custom,2,2,7
video-text-to-text|ae|permissive,100,30,1
question-answering|kk|unknown,4402,135,1
sentence-similarity|an|responsible_ai,3,3,1
translation|yo|responsible_ai,3,2,1
text-to-audio|id|permissive,234,36,1
object-detection|la|permissive,1360,95,4
text-to-image|nl|responsible_ai,13851,437,2
translation|ae|permissive,5669,1589,3
text-classification|ab|unknown,49600,916,1
robotics|unk|copyleft,12,3,16
visual-document-retrieval|de|unknown,8,5,3
visual-document-retrieval|en|unknown,10,7,6
visual-document-retrieval|es|unknown,8,5,3
visual-document-retrieval|fr|unknown,8,5,3
visual-document-retrieval|it|unknown,8,5,3
text-to-speech|es|vendor_custom,2,2,13
text-to-speech|it|vendor_custom,2,2,9
text-to-speech|en|vendor_custom,6,4,14
fill-mask|af|responsible_ai,22,5,1
token-classification|ch|other,48,9,1
any-to-any|pl|noncommercial,6,3,1
graph-ml|id|permissive,76,4,3
question-answering|nl|noncommercial,12,5,1
image-text-to-text|ar|other,508,151,58
unk|uk|vendor_custom,6685,491,6
reinforcement-learning|en|vendor_custom,13,11,12
image-to-text|oc|permissive,357,77,1
token-classification|pt|responsible_ai,18,5,2
image-text-to-text|tl|vendor_custom,406,93,8
image-text-to-text|vi|vendor_custom,407,94,13
audio-to-audio|en|vendor_custom,5,4,4
audio-classification|de|copyleft,14,2,1
audio-classification|es|copyleft,14,2,1
audio-classification|fr|copyleft,14,2,1
audio-classification|it|copyleft,14,2,1
audio-classification|ja|copyleft,14,2,1
audio-classification|ko|copyleft,14,2,1
audio-classification|pt|copyleft,14,2,1
text-to-speech|fr|vendor_custom,2,2,9
text-to-speech|zh|vendor_custom,3,3,8
image-text-to-text|sa|unknown,7969,477,1
text-classification|ae|unknown,49599,915,1
object-detection|vi|unknown,1640,35,1
text-to-speech|kn|unknown,166,22,22
text-to-speech|ml|unknown,165,21,21
text-to-speech|or|unknown,164,20,8
image-to-image|zh|unknown,389,35,4
text-to-image|uk|permissive,5101,307,2
image-text-to-text|id|unknown,7972,480,12
image-text-to-text|tl|unknown,7971,479,8
image-text-to-text|ar|responsible_ai,30,10,1
image-text-to-text|de|responsible_ai,30,10,1
image-text-to-text|es|responsible_ai,30,10,1
image-text-to-text|fr|responsible_ai,30,10,3
image-text-to-text|hi|responsible_ai,30,10,1
image-text-to-text|id|responsible_ai,30,10,1
image-text-to-text|it|responsible_ai,30,10,1
image-text-to-text|pt|responsible_ai,30,10,1
image-text-to-text|th|responsible_ai,30,10,1
image-text-to-text|tl|responsible_ai,30,10,1
image-text-to-text|vi|responsible_ai,30,10,1
translation|uk|vendor_custom,12,10,8
object-detection|km|permissive,1360,94,2
text-to-speech|bm|noncommercial,1269,81,5
text-to-speech|de|responsible_ai,19,4,48
text-to-audio|ta|unknown,858,18,1
question-answering|tk|permissive,2050,225,1
text-generation|ay|responsible_ai,494,90,1
image-classification|sl|permissive,6081,738,1
object-detection|cv|permissive,1361,94,3
mask-generation|aa|responsible_ai,1,1,1
mask-generation|ae|responsible_ai,1,1,1
table-question-answering|zh|permissive,16,10,2
voice-activity-detection|unk|noncommercial,15,2,12
image-to-image|zh|permissive,1078,105,198
text-generation|as|vendor_custom,2422,917,15
text-generation|ur|vendor_custom,2422,917,12
depth-estimation|ar|responsible_ai,2,1,1
other|en|responsible_ai,4,0,2
translation|de|other,17,10,8
translation|fr|other,23,9,14
translation|it|other,17,9,8
image-to-image|ru|permissive,1001,94,2
object-detection|dv|permissive,1359,94,1
object-detection|nl|permissive,1360,94,2
image-to-text|yi|permissive,358,78,2
question-answering|si|copyleft,32,12,2
text-to-speech|he|unknown,159,22,16
translation|bh|permissive,5667,1587,3
question-answering|ch|unknown,4402,135,1
video-text-to-text|ja|permissive,100,29,1
question-answering|ur|unknown,4401,135,1
text-to-video|ae|permissive,203,57,2
text-to-video|ak|permissive,203,57,2
fill-mask|ae|responsible_ai,22,5,1
fill-mask|am|responsible_ai,22,5,1
fill-mask|av|responsible_ai,22,5,1
text-to-video|zh|noncommercial,44,7,2
text-ranking|ab|permissive,61,31,3
text-ranking|ae|permissive,60,30,2
text-ranking|an|permissive,59,29,1
text-ranking|bh|permissive,59,29,1
text-to-audio|ja|permissive,270,41,39
text-to-audio|tr|permissive,248,38,15
question-answering|vi|responsible_ai,24,9,1
text-to-speech|is|other,107,19,71
text-to-audio|fa|permissive,233,36,1
image-classification|yo|permissive,6082,738,1
text-to-image|km|unknown,8406,327,1
text-to-3d|aa|unknown,9,1,1
text-to-3d|ab|unknown,9,1,1
text-to-3d|ae|unknown,9,1,1
text-to-3d|af|unknown,9,1,1
text-to-3d|ak|unknown,9,1,1
text-to-3d|am|unknown,9,1,1
text-to-3d|an|unknown,9,1,1
text-to-3d|ar|unknown,9,1,1
text-to-3d|as|unknown,9,1,1
text-to-3d|av|unknown,9,1,1
text-to-3d|ay|unknown,9,1,1
text-to-3d|az|unknown,9,1,1
text-to-3d|ba|unknown,9,1,1
text-to-3d|be|unknown,9,1,1
text-to-3d|bg|unknown,9,1,1
text-to-3d|bh|unknown,9,1,1
text-to-3d|bi|unknown,9,1,1
text-to-3d|bm|unknown,9,1,1
text-to-3d|bn|unknown,9,1,1
text-to-3d|bo|unknown,9,1,1
text-to-3d|cs|unknown,9,1,1
text-to-3d|cy|unknown,9,1,1
text-to-3d|en|unknown,9,1,1
text-to-3d|fr|unknown,9,1,1
unk|rm|vendor_custom,6687,491,2
unk|ur|vendor_custom,6688,491,4
text-generation|kk|unknown,128510,15091,11
image-to-image|hi|permissive,1001,95,2
robotics|unk|other,356,42,529
unk|am|vendor_custom,6688,493,4
image-classification|gl|permissive,6081,738,1
text-to-audio|br|permissive,234,37,1
image-to-3d|unk|copyleft,6,2,6
image-to-image|fr|other,120,33,3
object-detection|ko|permissive,1365,94,7
text-classification|uk|vendor_custom,29,22,1
table-question-answering|tk|permissive,16,11,1
image-classification|mr|permissive,6082,738,3
tabular-regression|id|permissive,150,5,6
text-generation|ak|other,3933,1102,1
table-question-answering|en|other,2,2,2
unk|ak|other,27580,785,2
voice-activity-detection|de|other,16,3,1
voice-activity-detection|en|other,18,3,3
voice-activity-detection|es|other,16,3,1
voice-activity-detection|fr|other,16,3,1
voice-activity-detection|ru|other,16,3,1
voice-activity-detection|zh|other,17,3,2
image-text-to-text|he|permissive,2205,496,43
unk|mi|copyleft,4881,138,5
audio-classification|bn|other,22,4,2
text-retrieval|unk|permissive,39,9,12
text-to-3d|es|permissive,35,7,1
unk|ae|noncommercial,5890,496,1
keypoint-detection|unk|noncommercial,30,5,16
image-to-text|id|permissive,360,78,6
text-classification|br|unknown,49600,916,1
text-classification|bs|unknown,49600,916,1
text-classification|fy|unknown,49600,916,1
text-classification|gd|unknown,49600,916,1
text-classification|jv|unknown,49600,916,1
text-classification|mg|unknown,49600,916,1
text-classification|om|unknown,49600,916,1
text-classification|sd|unknown,49600,916,1
text-classification|su|unknown,49600,916,1
text-classification|ug|unknown,49600,916,1
text-classification|xh|unknown,49600,916,1
text-classification|yi|unknown,49600,916,1
automatic-speech-recognition|sw|copyleft,40,10,6
image-classification|pl|unknown,5778,138,1
token-classification|ca|noncommercial,248,25,1
image-to-text|tr|noncommercial,18,6,2
mask-generation|bn|unknown,59,1,1
token-classification|ti|permissive,2383,283,5
text-to-image|tr|permissive,5101,305,4
graph-ml|tr|permissive,75,3,2
text-generation|ti|vendor_custom,2421,916,2
automatic-speech-recognition|ak|permissive,3103,250,17
automatic-speech-recognition|kg|permissive,3098,248,6
automatic-speech-recognition|lu|permissive,3098,248,6
automatic-speech-recognition|ny|permissive,3100,249,55
automatic-speech-recognition|om|permissive,3098,248,10
automatic-speech-recognition|sg|permissive,3098,248,6
automatic-speech-recognition|ss|permissive,3099,248,7
automatic-speech-recognition|st|permissive,3099,248,8
automatic-speech-recognition|ti|permissive,3099,248,10
automatic-speech-recognition|tn|permissive,3099,248,10
automatic-speech-recognition|ts|permissive,3099,248,8
automatic-speech-recognition|ve|permissive,3099,248,8
translation|th|other,15,8,5
image-to-text|el|permissive,361,77,5
question-answering|ur|responsible_ai,24,9,1
token-classification|unk|vendor_custom,13,11,6
image-text-to-text|bg|other,492,143,2
image-text-to-text|ca|other,492,143,2
image-text-to-text|cs|other,492,143,2
image-text-to-text|cy|other,492,143,2
image-text-to-text|da|other,492,143,2
image-text-to-text|el|other,492,143,2
image-text-to-text|et|other,492,143,2
image-text-to-text|eu|other,492,143,2
image-text-to-text|fi|other,492,143,2
image-text-to-text|ga|other,492,143,2
image-text-to-text|gl|other,492,143,2
image-text-to-text|hr|other,492,143,2
image-text-to-text|hu|other,492,143,2
image-text-to-text|lt|other,492,143,2
image-text-to-text|lv|other,492,143,2
image-text-to-text|mt|other,492,143,2
image-text-to-text|nl|other,493,143,4
image-text-to-text|nn|other,493,144,6
image-text-to-text|oc|other,492,143,2
image-text-to-text|pl|other,494,144,9
image-text-to-text|ro|other,492,143,2
image-text-to-text|sk|other,492,143,2
image-text-to-text|sl|other,492,143,2
image-text-to-text|sr|other,492,143,2
image-text-to-text|sv|other,492,143,4
image-text-to-text|uk|other,492,143,2
image-feature-extraction|en|unknown,226,15,7
unk|ca|vendor_custom,6686,492,7
unk|gl|vendor_custom,6686,492,7
question-answering|si|unknown,4401,135,1
image-text-to-text|tr|vendor_custom,408,93,4
token-classification|th|responsible_ai,17,4,1
text-classification|ee|permissive,10347,791,1
text-classification|zu|permissive,10350,792,12
text-generation|en|no_derivatives,22,13,12
token-classification|ln|permissive,2381,283,1
automatic-speech-recognition|bh|permissive,3093,248,1
object-detection|sv|permissive,1363,96,6
graph-ml|id|responsible_ai,6,3,1
text-classification|jv|noncommercial,291,66,5
video-text-to-text|zh|noncommercial,14,7,6
time-series-forecasting|unk|other,23,3,17
unk|km|vendor_custom,6685,491,1
sentence-similarity|unk|responsible_ai,9,7,2
translation|ak|unknown,700,32,4
translation|be|unknown,704,36,8
translation|bg|unknown,724,35,28
translation|bm|unknown,700,32,4
translation|bs|unknown,702,34,6
translation|cy|unknown,705,35,10
translation|da|unknown,715,35,19
translation|ee|unknown,700,32,4
translation|el|unknown,716,35,20
translation|eo|unknown,701,32,5
translation|eu|unknown,710,33,14
translation|fj|unknown,700,32,4
translation|fo|unknown,700,32,4
translation|ga|unknown,706,35,10
translation|gd|unknown,702,34,6
translation|gn|unknown,700,32,4
translation|ha|unknown,704,36,8
translation|ht|unknown,702,34,6
translation|hy|unknown,703,35,7
translation|jv|unknown,702,34,6
translation|kg|unknown,700,32,4
translation|ki|unknown,700,32,4
translation|ks|unknown,701,33,5
translation|ky|unknown,701,32,5
translation|lb|unknown,702,34,6
translation|lg|unknown,702,34,6
translation|li|unknown,700,32,4
translation|ln|unknown,702,34,6
translation|mi|unknown,700,32,4
translation|mt|unknown,701,33,5
translation|nb|unknown,702,33,6
translation|nn|unknown,701,33,5
translation|ny|unknown,700,32,4
translation|oc|unknown,703,35,7
translation|rn|unknown,700,32,4
translation|rw|unknown,700,32,4
translation|sa|unknown,700,32,4
translation|sc|unknown,700,32,4
translation|sd|unknown,702,34,6
translation|sg|unknown,700,32,4
translation|sk|unknown,713,35,17
translation|sm|unknown,700,32,4
translation|sn|unknown,700,32,4
translation|so|unknown,702,34,6
translation|sr|unknown,703,35,7
translation|ss|unknown,702,34,6
translation|st|unknown,700,32,4
translation|su|unknown,702,34,6
translation|tg|unknown,700,32,5
translation|tk|unknown,700,32,4
translation|tn|unknown,702,34,6
translation|ts|unknown,700,32,4
translation|tt|unknown,700,32,4
translation|tw|unknown,700,32,4
translation|ug|unknown,723,34,34
translation|yo|unknown,702,34,6
translation|zu|unknown,702,34,6
translation|br|unknown,700,32,2
translation|ff|unknown,701,33,3
translation|fy|unknown,700,32,2
translation|mg|unknown,700,32,2
translation|no|unknown,703,33,5
translation|sq|unknown,707,32,9
translation|uz|unknown,701,32,4
translation|yi|unknown,700,32,2
text-to-speech|eu|unknown,158,21,14
image-to-image|en|noncommercial,136,19,45
text-to-speech|ae|vendor_custom,1,1,1
text-to-speech|af|vendor_custom,1,1,1
table-question-answering|ko|permissive,16,11,1
audio-text-to-text|an|vendor_custom,1,1,1
audio-text-to-text|ru|vendor_custom,2,2,2
token-classification|ks|permissive,2386,287,8
image-to-text|pt|unknown,140,34,2
text-to-image|nd|permissive,5100,306,1
text-to-image|nr|permissive,5100,306,1
text-to-image|st|permissive,5100,306,1
text-to-image|tn|permissive,5100,306,1
text-to-image|ts|permissive,5100,306,1
text-to-image|xh|permissive,5100,306,1
text-to-image|zu|permissive,5100,306,1
text-ranking|vi|unknown,89,46,2
question-answering|vi|copyleft,31,11,1
image-text-to-text|ak|other,491,143,1
table-question-answering|an|permissive,16,11,1
graph-ml|unk|other,9,1,6
text-to-image|hi|responsible_ai,13852,437,2
text-to-audio|af|permissive,234,37,1
zero-shot-classification|an|responsible_ai,3,2,1
token-classification|da|noncommercial,250,25,3
token-classification|et|noncommercial,252,25,5
token-classification|fi|noncommercial,250,25,3
token-classification|lt|noncommercial,250,25,3
token-classification|lv|noncommercial,250,25,3
token-classification|no|noncommercial,250,25,3
token-classification|ro|noncommercial,250,25,3
token-classification|sv|noncommercial,252,25,5
image-classification|ku|permissive,6082,738,1
tabular-classification|ar|permissive,337,9,1
tabular-classification|fa|permissive,337,9,1
tabular-classification|ku|permissive,337,9,1
unk|tl|vendor_custom,6688,491,3
text-ranking|aa|responsible_ai,1,0,1
translation|as|copyleft,11,3,19
translation|bn|copyleft,12,3,21
translation|gu|copyleft,11,3,20
translation|kn|copyleft,11,3,19
translation|ks|copyleft,11,3,19
translation|ml|copyleft,11,3,20
translation|mr|copyleft,11,3,20
translation|ne|copyleft,11,3,19
translation|or|copyleft,12,4,21
translation|pa|copyleft,11,3,20
translation|sa|copyleft,11,3,19
translation|sd|copyleft,11,3,19
translation|ta|copyleft,11,3,20
translation|te|copyleft,11,3,20
translation|ur|copyleft,11,3,19
unk|tw|copyleft,4881,138,5
text-to-image|es|other,1999,178,7
image-text-to-text|fa|unknown,7971,478,2
automatic-speech-recognition|bm|unknown,8240,128,12
object-detection|ko|unknown,1641,36,2
text-generation|is|noncommercial,2008,950,10
text-to-speech|az|unknown,158,22,14
text-to-speech|ky|unknown,159,22,15
text-to-speech|tk|unknown,158,22,14
text-to-speech|uz|unknown,159,22,15
audio-to-audio|ae|permissive,354,30,2
audio-to-audio|af|permissive,353,29,1
audio-to-audio|ak|permissive,353,29,1
audio-to-audio|an|permissive,353,29,1
audio-to-audio|av|permissive,355,30,3
image-to-video|en|noncommercial,26,11,15
visual-question-answering|unk|noncommercial,10,5,2
text-to-speech|cv|noncommercial,1267,79,1
image-classification|ml|unknown,5778,137,1
image-classification|ta|unknown,5778,137,1
text-to-speech|zu|permissive,442,70,21
token-classification|dv|permissive,2382,283,4
any-to-any|unk|copyleft,6,4,1
audio-to-audio|hi|noncommercial,115,7,7
text-retrieval|am|permissive,14,4,6
feature-extraction|bm|permissive,1931,298,1
image-to-3d|hi|permissive,214,22,1
image-to-3d|ur|permissive,214,22,1
text-to-video|bn|permissive,203,57,2
image-text-to-text|aa|unknown,7969,477,1
zero-shot-image-classification|unk|vendor_custom,2,2,1
audio-text-to-text|id|permissive,34,13,18
visual-document-retrieval|unk|other,5,2,7
image-to-text|ja|unknown,142,33,3
summarization|lo|vendor_custom,8,7,1
unk|de|no_derivatives,214,6,2
video-text-to-text|ta|permissive,100,30,1
image-classification|pa|permissive,6083,738,2
audio-classification|bm|permissive,694,113,2
table-question-answering|af|responsible_ai,2,1,1
text-to-image|oc|other,1999,178,3
text-to-speech|nb|other,89,17,3
text-to-speech|nn|other,100,17,53
text-to-speech|no|other,106,18,69
sentence-similarity|av|responsible_ai,3,3,1
any-to-any|aa|unknown,21,6,1
text-to-3d|ar|responsible_ai,4,2,1
tabular-classification|fr|permissive,342,9,6
translation|an|unknown,699,31,1
image-to-image|ae|permissive,1002,96,3
automatic-speech-recognition|ha|copyleft,36,9,3
text-to-video|am|copyleft,4,3,1
unk|tn|noncommercial,5891,495,2
automatic-speech-recognition|ae|permissive,3095,250,3
automatic-speech-recognition|av|permissive,3093,249,1
image-classification|pt|unknown,5778,137,1
translation|cs|other,14,7,4
translation|da|other,14,7,4
translation|fi|other,14,7,4
translation|hr|other,13,6,3
translation|hu|other,14,7,4
translation|id|other,14,7,4
translation|ko|other,16,9,6
translation|ms|other,14,7,4
translation|nb|other,14,7,4
translation|nl|other,14,7,4
translation|no|other,14,7,4
translation|pl|other,14,7,4
translation|pt|other,15,7,5
translation|ro|other,14,7,4
translation|ru|other,15,8,6
translation|sv|other,14,7,4
translation|tr|other,14,7,4
translation|uk|other,14,7,4
translation|vi|other,15,8,6
translation|zh|other,19,10,12
translation|hi|other,16,9,6
visual-question-answering|ja|other,18,6,1
text-generation|ba|other,3932,1102,3
text-generation|be|other,3933,1102,4
text-generation|bs|other,3932,1102,3
text-generation|fo|other,3933,1103,4
text-generation|lb|other,3932,1102,3
text-generation|li|other,3932,1102,3
text-generation|nb|other,3935,1103,8
text-generation|nn|other,3933,1103,6
text-generation|oc|other,3932,1102,3
text-generation|sc|other,3932,1102,3
text-generation|si|other,3933,1102,4
text-generation|su|other,3932,1102,3
text-generation|tg|other,3937,1102,9
text-generation|tt|other,3932,1102,3
token-classification|aa|permissive,2384,286,3
sentence-similarity|de|copyleft,14,3,4
reinforcement-learning|aa|unknown,246,43,2
reinforcement-learning|ae|unknown,245,42,1
reinforcement-learning|ak|unknown,245,42,1
reinforcement-learning|am|unknown,245,42,1
reinforcement-learning|ar|unknown,245,42,1
reinforcement-learning|av|unknown,245,42,1
reinforcement-learning|ay|unknown,245,42,1
reinforcement-learning|ba|unknown,245,42,1
reinforcement-learning|be|unknown,245,42,1
reinforcement-learning|bh|unknown,245,42,1
reinforcement-learning|bm|unknown,245,42,1
reinforcement-learning|bo|unknown,245,42,1
reinforcement-learning|as|unknown,246,43,1
sentence-similarity|unk|vendor_custom,85,11,70
audio-text-to-text|ko|permissive,42,21,18
sentence-similarity|fr|copyleft,13,3,3
translation|kn|vendor_custom,9,7,1
translation|ta|vendor_custom,12,10,10
translation|te|vendor_custom,9,7,1
unk|ab|vendor_custom,6686,492,1
unk|ae|vendor_custom,6686,492,1
unk|af|vendor_custom,6686,492,1
unk|ak|vendor_custom,6686,492,1
unk|an|vendor_custom,6687,492,2
unk|as|vendor_custom,6687,492,2
unk|av|vendor_custom,6687,492,2
unk|ay|vendor_custom,6686,492,1
unk|az|vendor_custom,6686,492,1
unk|ba|vendor_custom,6686,492,1
unk|be|vendor_custom,6686,492,1
unk|bh|vendor_custom,6686,492,1
unk|bi|vendor_custom,6686,492,1
unk|bm|vendor_custom,6686,492,1
unk|br|vendor_custom,6686,492,1
unk|bs|vendor_custom,6686,492,1
unk|ce|vendor_custom,6686,492,1
unk|ch|vendor_custom,6686,492,1
unk|co|vendor_custom,6686,492,1
unk|cr|vendor_custom,6686,492,1
unk|cs|vendor_custom,6686,492,1
unk|cu|vendor_custom,6686,492,1
unk|cv|vendor_custom,6686,492,1
unk|cy|vendor_custom,6686,492,1
unk|da|vendor_custom,6686,492,2
unk|dv|vendor_custom,6686,492,1
unk|dz|vendor_custom,6686,492,1
unk|ee|vendor_custom,6686,492,1
unk|eo|vendor_custom,6686,492,1
unk|et|vendor_custom,6686,492,1
unk|ff|vendor_custom,6686,492,1
unk|fj|vendor_custom,6686,492,1
unk|fo|vendor_custom,6686,492,1
unk|fy|vendor_custom,6686,492,3
unk|ga|vendor_custom,6686,492,1
unk|gd|vendor_custom,6686,492,1
unk|gn|vendor_custom,6686,492,1
unk|gv|vendor_custom,6686,492,1
unk|ha|vendor_custom,6686,492,4
unk|he|vendor_custom,6686,492,6
unk|ho|vendor_custom,6686,492,1
unk|hr|vendor_custom,6686,492,1
unk|ht|vendor_custom,6686,492,1
unk|hy|vendor_custom,6686,492,1
unk|hz|vendor_custom,6686,492,1
unk|ia|vendor_custom,6686,492,1
unk|ie|vendor_custom,6686,492,1
unk|ig|vendor_custom,6686,492,2
unk|ii|vendor_custom,6686,492,1
unk|ik|vendor_custom,6686,492,1
unk|io|vendor_custom,6686,492,1
unk|iu|vendor_custom,6686,492,1
unk|ka|vendor_custom,6686,492,1
unk|kg|vendor_custom,6686,492,1
unk|ki|vendor_custom,6686,492,1
unk|kj|vendor_custom,6686,492,1
unk|kl|vendor_custom,6686,492,1
image-to-video|ab|responsible_ai,11,9,1
unk|gn|responsible_ai,54035,141,3
text-classification|af|noncommercial,287,63,1
text-classification|am|noncommercial,287,63,1
text-classification|as|noncommercial,287,63,1
text-classification|be|noncommercial,287,63,1
text-classification|br|noncommercial,287,63,1
text-classification|bs|noncommercial,287,63,1
text-classification|ca|noncommercial,287,63,1
text-classification|cs|noncommercial,287,63,1
text-classification|cy|noncommercial,287,63,1
text-classification|da|noncommercial,287,63,1
text-classification|eo|noncommercial,287,63,1
text-classification|et|noncommercial,287,63,1
text-classification|eu|noncommercial,287,63,1
text-classification|fi|noncommercial,287,63,1
text-classification|fy|noncommercial,287,63,1
text-classification|ga|noncommercial,287,63,1
text-classification|gd|noncommercial,287,63,1
text-classification|gl|noncommercial,287,63,1
text-classification|gu|noncommercial,287,63,1
text-classification|ha|noncommercial,289,65,4
text-classification|hr|noncommercial,287,63,1
text-classification|hy|noncommercial,287,63,1
text-classification|is|noncommercial,289,63,3
text-classification|ka|noncommercial,287,63,1
text-classification|kk|noncommercial,287,63,2
text-classification|km|noncommercial,287,63,1
text-classification|kn|noncommercial,288,63,2
text-classification|ku|noncommercial,287,63,1
text-classification|ky|noncommercial,287,63,1
text-classification|la|noncommercial,287,63,1
text-classification|lo|noncommercial,287,63,1
text-classification|lt|noncommercial,287,63,1
text-classification|lv|noncommercial,287,63,1
text-classification|mg|noncommercial,287,63,1
text-classification|mk|noncommercial,287,63,1
text-classification|mn|noncommercial,287,63,1
text-classification|my|noncommercial,287,63,1
text-classification|ne|noncommercial,287,63,1
text-classification|om|noncommercial,287,63,1
text-classification|or|noncommercial,287,63,1
text-classification|pa|noncommercial,287,63,5
text-classification|ps|noncommercial,287,63,1
text-classification|ro|noncommercial,287,63,1
text-classification|sa|noncommercial,288,63,4
text-classification|sd|noncommercial,287,63,1
text-classification|si|noncommercial,287,63,3
text-classification|sk|noncommercial,287,63,1
text-classification|sl|noncommercial,287,63,1
text-classification|so|noncommercial,287,63,1
text-classification|sq|noncommercial,287,63,2
text-classification|sr|noncommercial,287,63,1
text-classification|su|noncommercial,287,63,1
text-classification|sv|noncommercial,287,63,1
text-classification|ug|noncommercial,287,63,1
text-classification|uz|noncommercial,287,63,1
text-classification|xh|noncommercial,287,63,1
text-classification|yi|noncommercial,287,63,1
text-to-speech|sc|noncommercial,1267,80,1
graph-ml|en|responsible_ai,8,4,3
text-to-3d|unk|noncommercial,2,0,1
text-generation|yi|noncommercial,2006,948,4
text-to-speech|sa|unknown,159,21,17
automatic-speech-recognition|to|permissive,3093,249,4
text-to-speech|kr|noncommercial,1267,79,1
image-to-image|fr|unknown,386,34,1
audio-classification|es|responsible_ai,4,4,2
audio-classification|bn|responsible_ai,4,4,3
audio-classification|hi|responsible_ai,4,4,3
audio-classification|kn|responsible_ai,4,4,3
audio-classification|ml|responsible_ai,4,4,3
audio-classification|mr|responsible_ai,4,4,3
audio-classification|ne|responsible_ai,4,4,3
audio-classification|ta|responsible_ai,4,4,3
audio-classification|te|responsible_ai,4,4,3
audio-classification|ur|responsible_ai,4,4,3
audio-classification|fr|responsible_ai,4,4,2
audio-classification|th|responsible_ai,4,4,2
audio-classification|de|responsible_ai,4,4,2
image-text-to-text|fi|unknown,7970,478,1
image-text-to-text|mi|unknown,7970,478,1
image-text-to-text|te|unknown,7970,478,1
audio-classification|ar|responsible_ai,4,4,2
audio-classification|bo|responsible_ai,4,4,2
text-generation|uz|unknown,128508,15090,6
text-to-speech|ki|noncommercial,1268,79,2
unk|zu|vendor_custom,6685,491,5
text-to-image|se|copyleft,151,21,2
text-classification|mt|copyleft,193,31,2
unconditional-image-generation|en|noncommercial,18,1,4
image-feature-extraction|unk|vendor_custom,4,3,2
text-to-image|ab|responsible_ai,13851,437,1
text-to-image|ar|responsible_ai,13852,438,5
text-to-image|be|responsible_ai,13851,437,1
text-to-image|ch|responsible_ai,13851,437,1
image-to-text|af|copyleft,7,2,1
image-to-text|am|copyleft,7,2,1
image-to-text|as|copyleft,7,2,1
image-to-text|az|copyleft,7,2,1
image-to-text|be|copyleft,7,2,1
image-to-text|bg|copyleft,7,2,1
image-to-text|bn|copyleft,7,2,1
image-to-text|br|copyleft,7,2,1
image-to-text|bs|copyleft,7,2,1
image-to-text|ca|copyleft,7,2,1
image-to-text|cs|copyleft,7,2,1
image-to-text|cy|copyleft,7,2,1
image-to-text|da|copyleft,7,2,1
image-to-text|de|copyleft,7,2,1
image-to-text|el|copyleft,7,2,1
image-to-text|eo|copyleft,7,2,1
image-to-text|es|copyleft,7,2,1
image-to-text|et|copyleft,7,2,1
image-to-text|eu|copyleft,7,2,1
image-to-text|fa|copyleft,7,2,1
image-to-text|fi|copyleft,7,2,1
image-to-text|fr|copyleft,7,2,1
image-to-text|fy|copyleft,7,2,1
image-to-text|ga|copyleft,7,2,1
image-to-text|gd|copyleft,7,2,1
image-to-text|gl|copyleft,7,2,1
image-to-text|gu|copyleft,7,2,1
image-to-text|ha|copyleft,7,2,1
image-to-text|he|copyleft,7,2,1
image-to-text|hi|copyleft,7,2,1
image-to-text|hr|copyleft,7,2,1
image-to-text|hu|copyleft,7,2,1
image-to-text|hy|copyleft,7,2,1
image-to-text|id|copyleft,7,2,1
image-to-text|is|copyleft,7,2,1
image-to-text|it|copyleft,7,2,1
image-to-text|ja|copyleft,10,2,4
image-to-text|jv|copyleft,7,2,1
image-to-text|ka|copyleft,7,2,1
image-to-text|kk|copyleft,7,2,1
image-to-text|km|copyleft,7,2,1
image-to-text|kn|copyleft,7,2,1
image-to-text|ko|copyleft,7,2,1
image-to-text|ku|copyleft,7,2,1
image-to-text|ky|copyleft,7,2,1
image-to-text|la|copyleft,7,2,1
image-to-text|lo|copyleft,7,2,1
image-to-text|lt|copyleft,7,2,1
image-to-text|lv|copyleft,7,2,1
image-to-text|mg|copyleft,7,2,1
image-to-text|mk|copyleft,7,2,1
image-to-text|ml|copyleft,7,2,1
image-to-text|mn|copyleft,7,2,1
image-to-text|mr|copyleft,7,2,1
image-to-text|ms|copyleft,7,2,1
image-to-text|my|copyleft,7,2,1
image-to-text|ne|copyleft,7,2,1
image-to-text|nl|copyleft,7,2,1
image-to-text|no|copyleft,7,2,1
image-to-text|om|copyleft,7,2,1
image-to-text|or|copyleft,7,2,1
image-to-text|pa|copyleft,7,2,1
image-to-text|pl|copyleft,7,2,1
image-to-text|ps|copyleft,7,2,1
image-to-text|pt|copyleft,7,2,1
image-to-text|ro|copyleft,7,2,1
image-to-text|ru|copyleft,7,2,1
image-to-text|sa|copyleft,7,2,1
image-to-text|sd|copyleft,7,2,1
image-to-text|si|copyleft,7,2,1
image-to-text|sk|copyleft,7,2,1
image-to-text|sl|copyleft,7,2,1
image-to-text|so|copyleft,7,2,1
image-to-text|sq|copyleft,7,2,1
image-to-text|sr|copyleft,7,2,1
image-to-text|su|copyleft,7,2,1
image-to-text|sv|copyleft,7,2,1
image-to-text|sw|copyleft,7,2,1
image-to-text|ta|copyleft,7,2,1
image-to-text|te|copyleft,7,2,1
image-to-text|th|copyleft,7,2,1
image-to-text|tl|copyleft,7,2,1
image-to-text|tr|copyleft,8,3,2
image-to-text|ug|copyleft,7,2,1
image-to-text|uk|copyleft,10,3,5
image-to-text|ur|copyleft,7,2,1
image-to-text|uz|copyleft,7,2,1
image-to-text|vi|copyleft,7,2,1
image-to-text|xh|copyleft,7,2,1
image-to-text|yi|copyleft,7,2,1
image-to-text|zh|copyleft,7,2,1
text-generation|lg|vendor_custom,2423,916,7
image-classification|ko|noncommercial,266,47,2
image-feature-extraction|en|vendor_custom,3,2,3
video-text-to-text|en|copyleft,2,2,2
audio-text-to-text|mn|unknown,11,4,1
object-detection|fa|permissive,1360,94,1
text-to-3d|zh|permissive,35,6,1
time-series-forecasting|ko|permissive,661,43,3
image-text-to-text|kn|permissive,2192,491,20
table-question-answering|id|vendor_custom,2,2,1
text-generation|la|noncommercial,2009,948,8
audio-to-audio|as|copyleft,40,3,1
audio-to-audio|bn|copyleft,40,3,1
audio-to-audio|kn|copyleft,40,3,1
audio-to-audio|ml|copyleft,40,3,1
audio-to-audio|or|copyleft,40,3,1
audio-to-audio|pa|copyleft,40,3,1
audio-to-audio|ta|copyleft,40,3,1
audio-to-audio|te|copyleft,40,3,1
text-to-speech|ba|unknown,158,21,14
text-to-speech|tt|unknown,159,21,15
image-text-to-text|uk|vendor_custom,406,93,10
text-to-speech|eo|unknown,158,21,14
text-to-speech|mk|unknown,158,21,14
text-to-speech|sq|unknown,158,21,14
image-text-to-text|nb|noncommercial,92,44,2
image-text-to-text|nn|noncommercial,92,44,2
automatic-speech-recognition|wo|copyleft,37,9,1
translation|is|vendor_custom,10,8,3
text-generation|ky|unknown,128505,15090,1
unk|is|responsible_ai,54039,142,7
table-question-answering|aa|unknown,40,4,1
time-series-forecasting|en|noncommercial,26,6,4
time-series-forecasting|tr|noncommercial,24,6,2
object-detection|eu|permissive,1360,94,1
object-detection|uk|permissive,1363,96,4
unk|az|responsible_ai,54035,141,3
automatic-speech-recognition|fa|copyleft,41,9,6
zero-shot-object-detection|zh|permissive,60,15,2
text-to-audio|zh|other,49,9,4
object-detection|fr|unknown,1639,35,3
graph-ml|ru|permissive,76,3,3
summarization|ch|permissive,330,78,1
summarization|or|permissive,330,78,1
translation|hi|responsible_ai,4,3,2
image-to-text|bn|unknown,141,33,2
text-ranking|ar|noncommercial,14,7,3
text-ranking|bn|noncommercial,14,7,3
text-ranking|es|noncommercial,14,7,3
text-ranking|fa|noncommercial,14,7,3
text-ranking|fi|noncommercial,14,7,3
text-ranking|fr|noncommercial,14,7,3
text-ranking|hi|noncommercial,14,7,3
text-ranking|id|noncommercial,14,7,3
text-ranking|ja|noncommercial,14,7,3
text-ranking|ko|noncommercial,14,7,3
text-ranking|ru|noncommercial,14,7,3
text-ranking|sw|noncommercial,14,7,3
text-ranking|te|noncommercial,14,7,3
text-ranking|th|noncommercial,14,7,3
text-ranking|zh|noncommercial,14,7,3
visual-document-retrieval|vi|unknown,8,5,2
visual-document-retrieval|zh|unknown,8,5,2
reinforcement-learning|unk|vendor_custom,13,11,4
image-to-video|zh|other,193,31,159
unk|ia|responsible_ai,54036,142,4
text-generation|so|responsible_ai,494,90,1
text-generation|ha|vendor_custom,2421,916,8
text-generation|ig|vendor_custom,2421,916,5
text-generation|yo|vendor_custom,2421,916,5
object-detection|tr|unknown,1640,35,1
fill-mask|it|copyleft,100,17,1
unconditional-image-generation|aa|vendor_custom,1,1,1
text-classification|zh|vendor_custom,33,24,5
image-to-text|sr|permissive,359,77,4
any-to-any|tr|unknown,22,6,2
image-to-image|vi|permissive,1000,93,1
text-to-speech|si|copyleft,21,4,3
tabular-regression|pl|permissive,147,5,3
image-to-video|bn|permissive,196,45,1
text-generation|sa|vendor_custom,2422,917,8
robotics|zh|noncommercial,61,12,1
text-to-audio|an|permissive,234,37,1
text-to-audio|av|permissive,234,37,1
text-to-audio|az|permissive,234,37,1
video-classification|ko|permissive,159,23,2
text-to-speech|ca|other,109,19,71
image-to-image|fr|permissive,1001,94,3
image-to-image|ar|permissive,1000,94,2
keypoint-detection|unk|responsible_ai,2,1,1
sentence-similarity|la|other,26,11,1
video-to-video|unk|other,37,8,40
image-text-to-text|zh|copyleft,34,13,13
token-classification|cy|copyleft,89,18,1
text-to-video|mn|permissive,193,48,1
text-to-video|pt|permissive,192,47,2
text-to-image|el|responsible_ai,13851,437,1
text-to-image|he|responsible_ai,13851,437,1
text-to-image|pl|responsible_ai,13851,437,1
text-to-image|sv|responsible_ai,13851,437,1
text-to-image|tr|responsible_ai,13851,437,1
text-to-image|vi|responsible_ai,13851,437,1
automatic-speech-recognition|ga|other,98,22,1
text-generation|ga|vendor_custom,2421,916,6
text-to-speech|nl|responsible_ai,18,4,47
text-to-speech|da|responsible_ai,19,5,48
audio-text-to-text|kk|vendor_custom,1,1,1
image-to-text|ha|permissive,357,78,1
image-to-text|ig|permissive,357,78,1
image-to-text|lg|permissive,357,78,1
image-to-text|rn|permissive,357,78,1
image-to-text|rw|permissive,357,78,1
image-to-text|sw|permissive,360,78,4
image-to-text|tw|permissive,357,78,1
image-to-text|yo|permissive,357,78,1
image-to-text|zu|permissive,357,78,1
image-to-image|zh|other,119,31,9
sentence-similarity|zh|other,35,14,19
image-to-3d|tr|permissive,214,22,1
text-to-speech|hi|vendor_custom,3,1,5
sentence-similarity|de|vendor_custom,64,6,7
automatic-speech-recognition|ki|permissive,3098,248,8
unconditional-image-generation|fr|permissive,733,8,2
any-to-any|fr|noncommercial,6,2,1
tabular-regression|fr|permissive,148,5,4
object-detection|hr|permissive,1360,94,1
document-question-answering|en|other,2,2,2
image-text-to-text|jv|vendor_custom,404,91,2
image-text-to-text|km|vendor_custom,404,91,2
image-text-to-text|lo|vendor_custom,404,91,2
image-text-to-text|ms|vendor_custom,404,91,7
image-text-to-text|my|vendor_custom,404,91,5
image-text-to-text|su|vendor_custom,404,91,2
image-text-to-text|ta|vendor_custom,404,91,5
video-to-video|hi|permissive,83,19,1
question-answering|yo|vendor_custom,14,11,1
image-to-text|af|permissive,359,77,3
image-to-text|be|permissive,359,77,3
image-to-text|bg|permissive,359,77,3
image-to-text|bs|permissive,359,77,3
image-to-text|cs|permissive,359,77,3
image-to-text|cy|permissive,359,77,3
image-to-text|da|permissive,362,78,6
image-to-text|et|permissive,359,77,4
image-to-text|ga|permissive,359,77,3
image-to-text|hr|permissive,359,77,3
image-to-text|lt|permissive,360,78,4
image-to-text|mr|permissive,359,77,3
image-to-text|ms|permissive,360,77,5
image-to-text|pl|permissive,359,77,5
image-to-text|sa|permissive,361,77,5
image-to-text|sk|permissive,359,77,3
image-to-text|sl|permissive,359,77,3
image-to-text|sq|permissive,359,77,3
image-to-text|tl|permissive,359,77,3
image-to-text|uk|permissive,364,80,12
image-to-text|ur|permissive,361,77,5
image-to-text|uz|permissive,359,77,4
text-to-speech|si|noncommercial,1268,80,3
zero-shot-image-classification|zh|copyleft,1,0,1
image-classification|fa|unknown,5777,137,1
question-answering|ar|other,83,10,2
video-classification|nl|permissive,158,24,1
translation|bg|vendor_custom,12,10,4
translation|da|vendor_custom,12,10,4
translation|el|vendor_custom,13,11,6
translation|fi|vendor_custom,12,10,4
translation|gu|vendor_custom,12,10,4
translation|hu|vendor_custom,12,10,4
translation|ro|vendor_custom,12,10,4
translation|sk|vendor_custom,12,10,4
translation|sv|vendor_custom,12,10,4
audio-to-audio|ar|copyleft,41,4,1
video-to-video|en|unknown,16,2,2
tabular-regression|unk|copyleft,7,0,5
feature-extraction|rm|permissive,1930,298,1
text-to-speech|ar|copyleft,22,3,3
text-to-speech|cs|copyleft,20,3,1
text-to-speech|de|copyleft,22,3,3
text-to-speech|es|copyleft,25,3,6
text-to-speech|fr|copyleft,23,3,4
text-to-speech|it|copyleft,22,3,3
text-to-speech|nl|copyleft,20,3,1
text-to-speech|pl|copyleft,24,3,5
text-to-speech|pt|copyleft,24,3,5
text-to-speech|ru|copyleft,22,3,3
text-to-speech|th|copyleft,21,4,2
text-to-speech|tr|copyleft,23,4,5
video-text-to-text|cs|noncommercial,11,5,2
video-text-to-text|de|noncommercial,11,5,2
video-text-to-text|es|noncommercial,11,5,2
video-text-to-text|fr|noncommercial,11,5,2
video-text-to-text|hi|noncommercial,11,5,2
video-text-to-text|it|noncommercial,11,5,2
video-text-to-text|ja|noncommercial,11,5,2
video-text-to-text|ko|noncommercial,11,5,2
video-text-to-text|nb|noncommercial,11,5,2
video-text-to-text|nl|noncommercial,11,5,2
video-text-to-text|nn|noncommercial,11,5,2
video-text-to-text|pl|noncommercial,11,5,2
video-text-to-text|pt|noncommercial,11,5,2
video-text-to-text|ro|noncommercial,11,5,2
video-text-to-text|ru|noncommercial,11,5,2
video-text-to-text|uk|noncommercial,11,5,2
audio-text-to-text|lo|other,5,2,1
robotics|fr|other,329,34,1
video-classification|en|copyleft,3,1,1
time-series-forecasting|en|copyleft,1,1,1
token-classification|pt|no_derivatives,2,1,1
image-text-to-text|hy|permissive,2194,493,15
image-text-to-text|kg|permissive,2187,490,3
image-text-to-text|ku|permissive,2192,493,8
image-text-to-text|ky|permissive,2194,493,13
image-text-to-text|mn|permissive,2195,494,17
image-text-to-text|rm|permissive,2192,493,8
image-text-to-text|tk|permissive,2193,492,12
image-text-to-text|tt|permissive,2191,492,7
image-text-to-text|ug|permissive,2194,493,14
image-text-to-text|za|permissive,2186,489,2
image-classification|sw|permissive,6082,738,1
image-segmentation|tr|noncommercial,81,17,6
image-to-text|ko|noncommercial,18,6,3
text-generation|tl|vendor_custom,2425,918,5
text-ranking|unk|other,8,3,10
token-classification|ay|permissive,2382,284,1
text-to-audio|zh|unknown,861,17,4
visual-document-retrieval|ar|permissive,31,18,2
visual-document-retrieval|ru|permissive,30,18,1
text-classification|ff|permissive,10347,791,1
text-classification|nr|permissive,10347,791,1
text-classification|sg|permissive,10347,791,1
text-to-speech|ky|other,94,19,15
image-to-image|ar|noncommercial,119,10,1
text-generation|mt|vendor_custom,2421,916,1
video-to-video|en|noncommercial,9,3,5
text-generation|cy|vendor_custom,2421,916,3
text-generation|lv|vendor_custom,2421,916,7
text-generation|lt|vendor_custom,2421,916,7
text-generation|ka|vendor_custom,2422,917,6
text-generation|ne|vendor_custom,2422,917,14
tabular-regression|bm|permissive,145,5,1
graph-ml|es|other,7,1,1
text-to-image|fa|unknown,8406,328,1
text-to-audio|ar|noncommercial,104,19,2
image-text-to-text|tr|unknown,7970,477,2
unk|uz|vendor_custom,6685,491,1
unk|am|other,27579,783,1
unk|az|other,27580,783,2
unk|bo|other,27579,783,1
unk|fo|other,27579,783,1
unk|hu|other,27579,783,1
unk|hy|other,27579,783,1
unk|ps|other,27579,783,1
unk|uz|other,27579,783,2
unk|yo|other,27579,783,1
audio-to-audio|bn|unknown,179,3,1
any-to-any|pl|permissive,7547,68,2
any-to-any|pt|permissive,7547,68,5
any-to-any|ru|permissive,7550,70,6
any-to-any|sv|permissive,7547,68,2
any-to-any|th|permissive,7547,68,4
any-to-any|uk|permissive,7547,68,2
video-to-video|unk|copyleft,2,2,1
sentence-similarity|kr|permissive,1039,167,1
token-classification|uz|noncommercial,248,25,1
sentence-similarity|ar|other,34,14,33
sentence-similarity|ja|other,33,14,32
sentence-similarity|ko|other,34,15,33
text-generation|af|noncommercial,2006,947,2
image-text-to-image|unk|permissive,57,25,40
graph-ml|az|permissive,74,3,1
image-to-video|id|unknown,89,17,1
token-classification|gn|permissive,2381,283,4
zero-shot-object-detection|it|noncommercial,1,1,1
mask-generation|en|other,14,2,49
text-to-image|fr|vendor_custom,19,15,1
graph-ml|my|permissive,74,3,1
image-classification|fr|other,335,67,1
text-generation|es|no_derivatives,14,5,2
text-to-speech|th|other,104,18,61
text-classification|ak|vendor_custom,29,22,1
text-classification|ar|vendor_custom,31,24,3
text-classification|ay|vendor_custom,29,22,1
text-classification|be|vendor_custom,29,22,1
text-classification|bg|vendor_custom,29,22,1
text-classification|bh|vendor_custom,29,22,1
text-classification|bi|vendor_custom,29,22,1
image-text-to-text|aa|permissive,2186,488,2
image-text-to-text|ab|permissive,2185,488,1
image-text-to-text|ae|permissive,2185,488,1
image-text-to-text|ak|permissive,2185,488,1
image-text-to-text|an|permissive,2186,488,2
image-text-to-text|av|permissive,2185,488,1
image-text-to-text|ay|permissive,2185,488,1
image-text-to-text|az|permissive,2192,491,11
image-text-to-text|ba|permissive,2185,488,1
image-text-to-text|bh|permissive,2185,488,1
image-text-to-text|bi|permissive,2185,488,1
image-text-to-text|br|permissive,2186,488,2
image-text-to-text|ce|permissive,2185,488,1
image-text-to-text|ch|permissive,2185,488,1
image-text-to-text|co|permissive,2185,488,1
image-text-to-text|cr|permissive,2185,488,1
image-text-to-text|cu|permissive,2185,488,3
image-text-to-text|cv|permissive,2185,488,1
image-text-to-text|dz|permissive,2190,491,6
image-text-to-text|ee|permissive,2185,488,1
image-text-to-text|ff|permissive,2187,488,6
image-text-to-text|fj|permissive,2185,488,1
image-text-to-text|fo|permissive,2190,491,6
image-text-to-text|fy|permissive,2190,491,6
image-text-to-text|gn|permissive,2193,491,12
image-text-to-text|gu|permissive,2193,492,17
image-text-to-text|gv|permissive,2190,491,6
image-text-to-text|ho|permissive,2185,488,1
image-text-to-text|hz|permissive,2185,488,1
image-text-to-text|ia|permissive,2185,488,1
image-text-to-text|ie|permissive,2185,488,1
image-text-to-text|ii|permissive,2185,488,1
image-text-to-text|ik|permissive,2185,488,1
image-text-to-text|io|permissive,2185,488,1
image-text-to-text|iu|permissive,2190,491,6
image-text-to-text|kj|permissive,2185,488,1
image-text-to-text|kl|permissive,2185,488,1
image-text-to-text|kr|permissive,2185,488,2
image-text-to-text|ks|permissive,2190,491,6
image-text-to-text|kv|permissive,2185,488,1
image-text-to-text|kw|permissive,2185,488,1
image-text-to-text|lg|permissive,2192,491,11
image-text-to-text|li|permissive,2185,488,1
image-text-to-text|lu|permissive,2185,488,1
image-text-to-text|mg|permissive,2190,491,6
image-text-to-text|mh|permissive,2185,488,1
image-text-to-text|mk|permissive,2192,491,13
image-text-to-text|ml|permissive,2194,492,18
image-text-to-text|na|permissive,2185,488,1
image-text-to-text|nd|permissive,2185,488,1
image-text-to-text|ng|permissive,2185,488,1
image-text-to-text|nr|permissive,2185,488,1
image-text-to-text|nv|permissive,2190,491,6
image-text-to-text|ny|permissive,2192,491,11
image-text-to-text|oj|permissive,2185,488,1
image-text-to-text|om|permissive,2192,491,11
image-text-to-text|or|permissive,2192,491,21
image-text-to-text|os|permissive,2190,491,6
image-text-to-text|pi|permissive,2185,488,2
image-text-to-text|ps|permissive,2192,491,12
image-text-to-text|rn|permissive,2190,491,6
image-text-to-text|rw|permissive,2192,491,11
image-text-to-text|sn|permissive,2192,491,11
image-text-to-text|kk|unknown,7970,478,1
text-to-image|no|unknown,8405,327,1
text-classification|ny|permissive,10348,792,5
text-classification|rn|permissive,10347,791,3
text-classification|st|permissive,10348,792,4
audio-to-audio|de|unknown,180,4,5
audio-to-audio|pt|unknown,180,4,5
zero-shot-classification|vi|unknown,29,6,2
text-to-3d|hi|unknown,9,2,1
fill-mask|ak|permissive,1975,225,1
translation|aa|copyleft,9,3,1
time-series-forecasting|en|other,23,3,7
image-to-image|ab|permissive,1000,94,1
image-to-image|ak|permissive,1000,94,2
image-to-image|am|permissive,1001,95,2
image-to-image|an|permissive,1001,95,2
image-to-image|as|permissive,1000,94,2
image-to-image|av|permissive,1000,94,1
image-to-image|ay|permissive,1000,94,1
image-to-image|az|permissive,1000,94,1
image-to-image|ba|permissive,1000,94,1
image-to-image|th|permissive,1000,94,1
text-to-video|zh|other,122,29,13
other|en|copyleft,64,1,4
time-series-forecasting|zh|permissive,663,42,4
other|en|vendor_custom,1,1,1
audio-text-to-text|rw|permissive,27,13,1
image-classification|th|unknown,5778,138,1
tabular-classification|en|noncommercial,30,1,11
video-text-to-text|it|responsible_ai,1,1,1
sentence-similarity|vi|vendor_custom,63,6,5
summarization|av|permissive,329,77,1
automatic-speech-recognition|ca|copyleft,40,9,5
image-classification|ru|noncommercial,265,46,2
depth-estimation|en|unknown,48,8,6
graph-ml|ar|unknown,10,3,1
sentence-similarity|ko|vendor_custom,64,6,8
image-classification|ru|other,334,67,1
reinforcement-learning|en|responsible_ai,2,1,1
reinforcement-learning|pl|responsible_ai,2,1,1
other|th|permissive,263,12,2
tabular-classification|pt|permissive,342,9,6
visual-document-retrieval|ar|vendor_custom,2,2,2
visual-document-retrieval|bn|vendor_custom,2,2,2
visual-document-retrieval|de|vendor_custom,2,2,2
visual-document-retrieval|es|vendor_custom,2,2,2
visual-document-retrieval|fr|vendor_custom,2,2,2
visual-document-retrieval|gu|vendor_custom,2,2,2
visual-document-retrieval|hi|vendor_custom,2,2,2
visual-document-retrieval|it|vendor_custom,2,2,2
visual-document-retrieval|ja|vendor_custom,2,2,2
visual-document-retrieval|kn|vendor_custom,2,2,2
visual-document-retrieval|ko|vendor_custom,2,2,2
visual-document-retrieval|ml|vendor_custom,2,2,2
visual-document-retrieval|mr|vendor_custom,2,2,2
visual-document-retrieval|or|vendor_custom,2,2,2
visual-document-retrieval|pa|vendor_custom,2,2,2
visual-document-retrieval|ru|vendor_custom,2,2,2
visual-document-retrieval|sa|vendor_custom,2,2,2
visual-document-retrieval|ta|vendor_custom,2,2,2
visual-document-retrieval|te|vendor_custom,2,2,2
visual-document-retrieval|th|vendor_custom,2,2,2
visual-document-retrieval|zh|vendor_custom,2,2,2
text-to-audio|ca|responsible_ai,13,2,1
text-to-audio|es|responsible_ai,13,2,1
visual-document-retrieval|zh|permissive,31,19,4
time-series-forecasting|pt|permissive,661,42,2
video-classification|vi|permissive,162,24,5
object-detection|ko|noncommercial,74,7,2
image-classification|ko|permissive,6085,738,7
audio-classification|ak|responsible_ai,4,4,1
image-to-text|km|permissive,363,77,8
audio-classification|ur|unknown,941,36,3
text-classification|sv|vendor_custom,29,22,1
unk|ab|unknown,149763,4274,2
text-to-3d|en|noncommercial,2,0,1
reinforcement-learning|ko|permissive,1138,56,2
zero-shot-classification|aa|unknown,28,5,1
zero-shot-classification|ab|unknown,28,5,1
text-ranking|en|copyleft,1,0,1
text-ranking|zh|copyleft,1,0,1
table-question-answering|aa|responsible_ai,2,2,1
text-ranking|af|responsible_ai,2,2,2
image-classification|en|vendor_custom,5,4,2
image-classification|id|vendor_custom,5,4,2
image-text-to-image|en|unknown,169,9,11
text-to-speech|ja|vendor_custom,2,2,5
unk|rm|noncommercial,5889,495,5
tabular-classification|ko|permissive,337,9,1
text-to-image|ko|noncommercial,157,64,1
text-to-speech|ms|unknown,158,22,15
text-ranking|pt|unknown,89,46,1
any-to-any|en|copyleft,6,4,6
automatic-speech-recognition|bm|copyleft,36,9,1
image-text-to-image|en|permissive,55,23,42
image-text-to-image|zh|permissive,48,18,29
image-text-to-video|en|permissive,23,16,7
image-text-to-image|en|responsible_ai,1,1,1
unk|bh|responsible_ai,54034,140,3
image-classification|ja|noncommercial,265,46,1
object-detection|es|noncommercial,73,7,1
text-to-audio|vi|copyleft,1,1,1
multiple-choice|vi|permissive,164,60,3
robotics|ko|unknown,2605,58,5
text-to-video|zh|unknown,93,18,2
text-to-image|de|noncommercial,157,64,1
image-text-to-text|nb|vendor_custom,404,91,10
image-text-to-text|nn|vendor_custom,404,91,10
image-text-to-text|no|vendor_custom,404,91,10
image-text-to-image|en|other,5,4,3
image-text-to-image|zh|other,4,3,1
unk|fj|copyleft,4880,138,4
unk|ho|copyleft,4880,138,4
unk|hz|copyleft,4880,138,4
unk|ie|copyleft,4880,138,4
unk|ii|copyleft,4880,138,4
unk|ik|copyleft,4880,138,4
unk|iu|copyleft,4880,138,4
unk|ki|copyleft,4881,138,5
unk|kj|copyleft,4880,138,4
unk|kl|copyleft,4880,138,4
unk|kr|copyleft,4880,138,4
unk|kv|copyleft,4880,138,4
unk|kw|copyleft,4880,138,4
unk|lu|copyleft,4880,138,4
unk|mh|copyleft,4880,138,4
unk|na|copyleft,4880,138,4
unk|nd|copyleft,4880,138,4
unk|ng|copyleft,4880,138,4
unk|nr|copyleft,4880,138,4
unk|nv|copyleft,4880,138,4
unk|ny|copyleft,4880,138,4
unk|oj|copyleft,4880,138,4
unk|pi|copyleft,4880,138,4
unk|rn|copyleft,4880,138,4
unk|rw|copyleft,4880,138,4
unk|sg|copyleft,4880,138,4
unk|sm|copyleft,4880,138,4
unk|sn|copyleft,4880,138,4
unk|st|copyleft,4880,138,4
unk|to|copyleft,4880,138,4
unk|ts|copyleft,4880,138,4
unk|ty|copyleft,4880,138,4
unk|ve|copyleft,4880,138,4
unk|za|copyleft,4880,138,4
text-to-speech|ar|responsible_ai,18,3,47
image-text-to-image|aa|vendor_custom,1,1,1
image-text-to-image|am|vendor_custom,1,1,1
image-text-to-image|aa|responsible_ai,3,2,4
image-text-to-image|am|responsible_ai,2,2,2
image-text-to-video|aa|responsible_ai,1,1,1
image-text-to-video|ae|responsible_ai,1,1,1
image-text-to-video|am|responsible_ai,1,1,1
automatic-speech-recognition|tn|unknown,8230,125,2
text-classification|dz|permissive,10348,791,1
text-to-audio|ae|permissive,234,37,2
image-segmentation|ja|permissive,1441,114,4
automatic-speech-recognition|am|responsible_ai,4,1,1
image-text-to-video|am|permissive,18,12,1
image-feature-extraction|aa|responsible_ai,16,1,1
image-feature-extraction|ae|responsible_ai,16,1,1
image-feature-extraction|az|responsible_ai,16,1,1
image-to-text|vi|unknown,142,35,4
graph-ml|aa|permissive,74,3,1
feature-extraction|aa|unknown,10679,244,1
feature-extraction|ay|unknown,10679,244,1
image-to-3d|aa|permissive,215,23,2
image-to-3d|as|permissive,214,22,1
image-to-video|aa|responsible_ai,11,9,1
audio-to-audio|aa|responsible_ai,13,1,2
audio-to-audio|ae|responsible_ai,12,0,1
audio-to-audio|af|responsible_ai,13,1,2
audio-to-audio|am|responsible_ai,12,0,1
image-classification|ja|copyleft,91,13,2
image-classification|zh|copyleft,91,13,2
summarization|tr|noncommercial,5,2,4
image-text-to-image|ae|responsible_ai,1,0,1
image-to-video|de|vendor_custom,5,5,21
image-to-video|en|vendor_custom,6,6,22
image-to-video|es|vendor_custom,5,5,21
image-to-video|fr|vendor_custom,5,5,21
image-to-video|it|vendor_custom,5,5,21
image-to-video|ja|vendor_custom,5,5,21
image-to-video|ko|vendor_custom,5,5,21
image-to-video|pt|vendor_custom,5,5,21
image-to-video|zh|vendor_custom,5,5,21
image-classification|am|permissive,6082,738,1
image-classification|ti|permissive,6082,738,1
text-generation|ug|unknown,128505,15090,4
object-detection|th|permissive,1362,94,3
audio-to-audio|az|permissive,353,29,1
audio-text-to-text|aa|permissive,34,14,8
audio-text-to-text|av|permissive,27,13,1
audio-text-to-text|az|permissive,27,13,1
object-detection|fi|permissive,1361,95,3
object-detection|no|permissive,1361,94,2
image-text-to-image|unk|other,5,4,3
image-to-text|an|permissive,357,78,1
visual-document-retrieval|pl|permissive,31,18,1
image-text-to-image|ar|responsible_ai,1,1,1
image-text-to-image|ay|responsible_ai,1,1,1
text-to-speech|ko|responsible_ai,28,4,58
text-to-speech|ay|responsible_ai,10,3,1
image-text-to-video|unk|unknown,10,6,40
image-to-video|de|other,190,31,156
image-to-video|es|other,190,31,156
image-to-video|fr|other,190,31,156
image-to-video|it|other,190,31,156
image-to-video|ja|other,190,31,156
image-to-video|ko|other,190,31,156
image-to-video|pt|other,190,31,156
automatic-speech-recognition|ts|other,97,21,1
image-text-to-image|ab|permissive,35,12,1
image-text-to-image|as|permissive,35,12,1
audio-to-audio|an|responsible_ai,12,1,1
any-to-any|hu|unknown,22,6,2
unk|cv|unknown,149763,4275,1
text-to-audio|sl|permissive,233,36,1
image-classification|aa|permissive,6083,739,2
image-classification|af|permissive,6082,739,1
image-classification|ay|permissive,6082,739,1
image-classification|ba|permissive,6082,739,1
image-classification|be|permissive,6083,739,2
image-to-video|aa|permissive,196,45,1
translation|av|responsible_ai,3,2,1
image-text-to-image|av|permissive,36,13,1
image-text-to-image|ay|permissive,36,13,1
image-text-to-image|az|permissive,36,13,1
image-text-to-image|ba|permissive,36,13,1
image-text-to-image|be|permissive,36,13,1
image-text-to-image|bg|permissive,36,13,1
image-text-to-image|bh|permissive,36,13,1
image-text-to-image|bi|permissive,36,13,1
image-text-to-image|bm|permissive,36,13,1
image-text-to-image|bn|permissive,36,13,1
image-text-to-image|bo|permissive,36,13,1
image-text-to-image|br|permissive,36,13,1
image-text-to-image|bs|permissive,36,13,1
image-text-to-image|ca|permissive,36,13,1
image-text-to-image|ce|permissive,36,13,1
image-text-to-image|ch|permissive,36,13,1
image-text-to-image|co|permissive,36,13,1
image-text-to-image|cr|permissive,36,13,1
other|gu|permissive,262,13,1
token-classification|rm|unknown,8365,197,1
image-text-to-video|unk|other,17,5,90
text-generation|nr|noncommercial,2005,947,1
audio-text-to-text|unk|noncommercial,11,7,1
token-classification|id|noncommercial,249,27,2
any-to-any|vi|unknown,22,6,2
unk|yo|vendor_custom,6685,491,3
text-classification|tg|unknown,49599,915,1
unk|ga|responsible_ai,54037,143,5
unk|ii|responsible_ai,54035,141,3
feature-extraction|qu|permissive,1933,301,3
text-to-audio|ab|responsible_ai,13,3,1
tabular-regression|unk|noncommercial,11,1,5
video-classification|hi|permissive,158,23,1
keypoint-detection|en|copyleft,32,2,2
token-classification|tr|responsible_ai,17,3,1
automatic-speech-recognition|gd|other,97,21,1
reinforcement-learning|unk|other,36,10,43
token-classification|nl|responsible_ai,17,4,1
token-classification|pl|responsible_ai,17,4,1
voice-activity-detection|ar|permissive,98,8,3
voice-activity-detection|unk|other,19,3,15
unk|rm|responsible_ai,54034,140,2
unk|ee|responsible_ai,54035,141,3
unk|ie|responsible_ai,54035,141,3
unk|tk|responsible_ai,54034,140,2
automatic-speech-recognition|id|responsible_ai,4,1,1
image-text-to-text|ms|unknown,7969,477,3
image-text-to-text|my|unknown,7969,477,3
image-text-to-text|ta|unknown,7969,477,3
audio-text-to-text|an|permissive,27,13,1
text-to-video|id|permissive,193,48,1
text-to-video|jv|permissive,193,48,1
zero-shot-image-classification|hu|vendor_custom,2,2,1
zero-shot-image-classification|ko|vendor_custom,2,2,1
audio-to-audio|nl|permissive,354,29,3
audio-classification|de|other,24,4,8
audio-classification|fr|other,24,4,8
audio-classification|ja|other,23,4,7
audio-classification|ko|other,25,5,9
audio-classification|vi|other,23,4,7
audio-classification|zh|other,25,4,9
unk|cu|noncommercial,5895,499,12
visual-document-retrieval|gd|vendor_custom,2,2,1
sentence-similarity|kk|other,26,10,1
sentence-similarity|ru|other,31,12,12
automatic-speech-recognition|aa|unknown,8229,125,1
automatic-speech-recognition|ae|unknown,8229,125,1
automatic-speech-recognition|an|unknown,8229,125,1
automatic-speech-recognition|av|unknown,8229,125,1
automatic-speech-recognition|ay|unknown,8229,125,1
automatic-speech-recognition|bh|unknown,8229,125,1
automatic-speech-recognition|bi|unknown,8229,125,1
automatic-speech-recognition|ce|unknown,8229,125,1
automatic-speech-recognition|ch|unknown,8229,125,1
automatic-speech-recognition|co|unknown,8229,125,1
automatic-speech-recognition|cr|unknown,8229,125,1
automatic-speech-recognition|cu|unknown,8229,125,1
automatic-speech-recognition|cv|unknown,8229,125,1
automatic-speech-recognition|dz|unknown,8229,125,1
automatic-speech-recognition|ee|unknown,8229,125,2
automatic-speech-recognition|ff|unknown,8229,125,1
automatic-speech-recognition|fj|unknown,8229,125,1
automatic-speech-recognition|gd|unknown,8229,125,1
automatic-speech-recognition|gn|unknown,8229,125,1
automatic-speech-recognition|gv|unknown,8229,125,1
automatic-speech-recognition|ho|unknown,8229,125,1
automatic-speech-recognition|hz|unknown,8229,125,1
automatic-speech-recognition|ia|unknown,8229,125,1
automatic-speech-recognition|ie|unknown,8229,125,1
automatic-speech-recognition|ii|unknown,8229,125,1
automatic-speech-recognition|ik|unknown,8229,125,1
automatic-speech-recognition|io|unknown,8229,125,1
automatic-speech-recognition|iu|unknown,8229,125,1
automatic-speech-recognition|jv|unknown,8229,125,1
automatic-speech-recognition|kg|unknown,8229,125,1
automatic-speech-recognition|ki|unknown,8230,126,2
automatic-speech-recognition|kj|unknown,8229,125,1
automatic-speech-recognition|kl|unknown,8229,125,1
automatic-speech-recognition|kr|unknown,8229,125,1
automatic-speech-recognition|ku|unknown,8231,125,3
automatic-speech-recognition|kv|unknown,8229,125,1
automatic-speech-recognition|kw|unknown,8229,125,1
automatic-speech-recognition|li|unknown,8229,125,1
automatic-speech-recognition|lu|unknown,8229,125,1
automatic-speech-recognition|mh|unknown,8229,125,1
automatic-speech-recognition|na|unknown,8229,125,1
automatic-speech-recognition|nb|unknown,8230,126,3
automatic-speech-recognition|nd|unknown,8229,125,1
automatic-speech-recognition|ng|unknown,8229,125,1
automatic-speech-recognition|nr|unknown,8229,125,1
automatic-speech-recognition|nv|unknown,8229,125,1
automatic-speech-recognition|ny|unknown,8229,125,1
automatic-speech-recognition|oj|unknown,8229,125,1
automatic-speech-recognition|om|unknown,8229,125,1
automatic-speech-recognition|or|unknown,8231,126,3
automatic-speech-recognition|os|unknown,8229,125,1
automatic-speech-recognition|pi|unknown,8229,125,1
automatic-speech-recognition|qu|unknown,8229,125,3
automatic-speech-recognition|rm|unknown,8229,125,1
automatic-speech-recognition|rn|unknown,8229,125,1
automatic-speech-recognition|rw|unknown,8230,125,2
automatic-speech-recognition|sc|unknown,8229,125,1
automatic-speech-recognition|se|unknown,8229,125,1
automatic-speech-recognition|sg|unknown,8229,125,1
automatic-speech-recognition|sm|unknown,8229,125,1
automatic-speech-recognition|ss|unknown,8229,125,1
automatic-speech-recognition|st|unknown,8229,125,1
automatic-speech-recognition|ti|unknown,8229,125,1
automatic-speech-recognition|to|unknown,8229,125,1
automatic-speech-recognition|ts|unknown,8229,125,1
automatic-speech-recognition|ty|unknown,8229,125,1
automatic-speech-recognition|ve|unknown,8229,125,1
automatic-speech-recognition|vo|unknown,8229,125,1
automatic-speech-recognition|wa|unknown,8229,125,1
automatic-speech-recognition|xh|unknown,8229,125,1
automatic-speech-recognition|za|unknown,8229,125,1
automatic-speech-recognition|zu|unknown,8229,125,1
visual-question-answering|pt|other,18,6,1
image-text-to-video|unk|permissive,25,18,29
automatic-speech-recognition|is|copyleft,43,11,8
audio-text-to-text|af|permissive,33,13,7
audio-text-to-text|ca|permissive,33,13,7
audio-text-to-text|he|permissive,33,13,7
audio-text-to-text|hr|permissive,33,13,7
audio-text-to-text|hy|permissive,33,13,7
audio-text-to-text|is|permissive,33,13,7
audio-text-to-text|jv|permissive,33,13,7
audio-text-to-text|kl|permissive,33,13,7
audio-text-to-text|mn|permissive,33,13,7
audio-text-to-text|ms|permissive,34,13,8
audio-text-to-text|ne|permissive,34,13,8
audio-text-to-text|no|permissive,33,13,7
audio-text-to-text|tl|permissive,33,13,7
audio-text-to-text|yi|permissive,33,13,7
unconditional-image-generation|cu|noncommercial,15,1,1
unconditional-image-generation|cv|noncommercial,16,1,2
tabular-regression|fi|permissive,145,6,1
tabular-regression|fy|permissive,145,6,1
text-to-speech|ak|responsible_ai,11,4,2
text-to-audio|lb|copyleft,1,1,1
text-to-audio|ug|copyleft,1,1,1
tabular-regression|af|permissive,145,6,1
time-series-forecasting|zh|unknown,25,4,1
reinforcement-learning|wo|copyleft,35,1,1
tabular-classification|es|permissive,338,9,2
sentence-similarity|aa|vendor_custom,60,7,1
zero-shot-object-detection|si|permissive,59,15,1
text-generation|cy|noncommercial,2007,949,37
image-to-text|sa|unknown,142,34,3
text-generation|ka|noncommercial,2006,948,4
text-generation|ne|noncommercial,2007,948,35
automatic-speech-recognition|lu|copyleft,37,10,1
unk|io|responsible_ai,54035,141,3
unk|ce|responsible_ai,54035,140,3
token-classification|ae|permissive,2382,284,1
document-question-answering|hz|copyleft,4,1,1
image-feature-extraction|lu|noncommercial,123,23,1
text-generation|mn|vendor_custom,2422,917,7
any-to-any|de|other,26,9,1
image-text-to-video|hi|responsible_ai,1,1,1
reinforcement-learning|yi|noncommercial,7,2,1
unk|ae|unknown,149763,4274,1
reinforcement-learning|es|vendor_custom,10,10,1
text-classification|ay|responsible_ai,99,13,1
voice-activity-detection|ho|copyleft,1,1,1
text-generation|sa|other,3933,1102,3
image-segmentation|dv|responsible_ai,9,2,1
table-question-answering|pt|other,1,1,1
image-to-text|nb|permissive,357,77,1
text-to-audio|aa|copyleft,1,1,1
text-to-audio|ar|copyleft,1,1,1
text-to-audio|as|copyleft,1,1,1
visual-question-answering|aa|responsible_ai,2,1,1
token-classification|vi|responsible_ai,17,4,1
automatic-speech-recognition|nr|permissive,3093,248,2
text-generation|ca|noncommercial,2009,949,36
text-generation|eu|noncommercial,2010,950,39
text-generation|gl|noncommercial,2007,949,36
text-generation|gu|noncommercial,2006,948,33
text-generation|ig|noncommercial,2010,949,40
text-generation|mg|noncommercial,2006,948,33
text-generation|mr|noncommercial,2009,950,36
text-generation|pa|noncommercial,2009,949,36
text-generation|sn|noncommercial,2006,948,35
text-generation|sr|noncommercial,2008,950,37
text-generation|te|noncommercial,2011,950,38
text-generation|ur|noncommercial,2011,951,45
text-generation|wo|noncommercial,2007,949,41
other|mr|permissive,262,13,1
question-answering|it|noncommercial,13,6,11
text-classification|ba|copyleft,192,30,1
text-classification|bm|copyleft,192,30,1
text-classification|bo|copyleft,192,30,1
text-classification|dz|copyleft,192,30,1
text-classification|ee|copyleft,192,30,1
text-classification|fj|copyleft,192,30,1
text-classification|fo|copyleft,192,30,1
text-classification|ht|copyleft,192,30,1
text-classification|ig|copyleft,192,30,1
text-classification|ki|copyleft,192,30,1
text-classification|ks|copyleft,192,30,1
text-classification|lb|copyleft,192,30,1
text-classification|lg|copyleft,192,30,1
text-classification|li|copyleft,192,30,1
text-classification|ln|copyleft,192,30,1
text-classification|mi|copyleft,192,30,1
text-classification|nb|copyleft,192,30,1
text-classification|nn|copyleft,192,30,1
text-classification|ny|copyleft,192,30,1
text-classification|oc|copyleft,192,30,1
text-classification|rn|copyleft,192,30,1
text-classification|rw|copyleft,192,30,1
text-classification|sc|copyleft,192,30,1
text-classification|sg|copyleft,192,30,1
text-classification|sm|copyleft,192,30,1
text-classification|sn|copyleft,192,30,1
text-classification|tg|copyleft,192,30,1
text-classification|ti|copyleft,192,30,1
text-classification|tk|copyleft,192,30,1
text-classification|tt|copyleft,192,30,1
text-classification|tw|copyleft,192,30,1
text-classification|wo|copyleft,192,30,1
text-classification|yo|copyleft,192,30,1
text-to-video|af|permissive,202,57,1
text-to-video|am|permissive,202,57,1
text-to-video|as|permissive,202,57,1
text-to-video|av|permissive,202,57,1
text-to-video|ay|permissive,202,57,1
text-to-video|az|permissive,202,57,1
text-to-video|ba|permissive,202,57,1
text-to-video|bg|permissive,202,57,1
text-to-video|bh|permissive,202,57,1
text-to-video|bi|permissive,202,57,1
text-to-video|bm|permissive,202,57,1
text-to-video|bo|permissive,202,57,1
text-to-video|br|permissive,202,57,1
text-to-video|bs|permissive,202,57,1
text-to-video|ca|permissive,202,57,1
text-to-video|ce|permissive,202,57,1
text-to-video|ch|permissive,202,57,1
text-to-video|co|permissive,202,57,1
text-to-video|cr|permissive,202,57,1
text-to-video|cs|permissive,202,57,1
text-to-3d|ee|permissive,35,7,1
fill-mask|om|copyleft,100,16,1
unk|cy|responsible_ai,54035,141,3
any-to-any|id|vendor_custom,7,7,1
image-classification|it|permissive,6083,738,2
sentence-similarity|qu|copyleft,12,2,1
text-to-speech|ar|vendor_custom,1,1,4
text-to-speech|ch|vendor_custom,1,1,2
text-to-speech|pl|vendor_custom,1,1,4
text-to-speech|pt|vendor_custom,1,1,4
automatic-speech-recognition|mg|copyleft,37,10,2
feature-extraction|no|vendor_custom,29,15,1
text-generation|ks|unknown,128506,15091,1
text-generation|sd|unknown,128506,15091,1
question-answering|wa|permissive,2051,226,1
text-to-image|tg|other,2001,178,2
unk|mg|responsible_ai,54035,141,3
unk|kg|responsible_ai,54036,142,4
unk|ay|other,27578,783,1
unk|ba|other,27578,783,1
unk|be|other,27578,783,1
unk|bh|other,27578,783,1
unk|cu|other,27578,783,1
unk|ia|other,27578,783,1
text-to-speech|si|unknown,158,21,14
tabular-classification|ru|permissive,337,9,1
text-to-audio|ur|unknown,858,18,2
audio-classification|de|unknown,940,36,2
audio-classification|es|unknown,940,36,2
audio-classification|pt|unknown,940,36,2
table-question-answering|ug|noncommercial,1,1,1
sentence-similarity|no|vendor_custom,59,6,3
text-ranking|aa|permissive,59,29,1
summarization|sg|permissive,329,77,1
audio-classification|es|other,23,3,3
audio-classification|hi|other,24,3,4
audio-classification|it|other,22,3,2
audio-classification|nl|other,23,3,3
audio-classification|pl|other,22,3,2
audio-classification|pt|other,22,3,2
audio-classification|tr|other,22,3,2
unk|za|responsible_ai,54034,140,2
graph-ml|ar|responsible_ai,6,3,1
time-series-forecasting|uk|permissive,660,43,1
automatic-speech-recognition|te|copyleft,40,10,6
tabular-classification|de|permissive,338,9,2
unk|my|responsible_ai,54034,139,2
fill-mask|ve|noncommercial,84,26,1
audio-to-audio|vi|permissive,353,28,1
audio-to-audio|ae|noncommercial,113,6,1
text-retrieval|en|noncommercial,4,3,6
text-retrieval|it|noncommercial,1,0,1
unk|ab|other,27578,783,1
image-to-text|or|permissive,356,77,3
text-to-audio|yo|noncommercial,106,21,2
graph-ml|gl|noncommercial,5,2,1
text-to-speech|ur|unknown,162,21,18
object-detection|uz|permissive,1360,94,1
unk|qu|responsible_ai,54034,140,2
mask-generation|unk|noncommercial,2,1,3
image-text-to-text|hr|unknown,7969,477,1
image-text-to-text|sl|unknown,7969,477,1
image-text-to-text|sr|unknown,7969,477,1
table-question-answering|ae|responsible_ai,2,1,1
unk|ha|responsible_ai,54035,140,3
robotics|nl|copyleft,11,3,1
feature-extraction|pi|permissive,1933,298,3
image-classification|he|permissive,6082,738,2
unk|el|responsible_ai,54035,141,3
reinforcement-learning|hz|permissive,1138,57,1
table-question-answering|as|responsible_ai,2,2,1
sentence-similarity|az|noncommercial,22,11,1
any-to-any|af|no_derivatives,2,0,2
any-to-any|am|no_derivatives,2,0,2
any-to-any|ar|no_derivatives,2,0,2
any-to-any|av|no_derivatives,2,0,2
any-to-any|ay|no_derivatives,2,0,2
any-to-any|az|no_derivatives,2,0,2
any-to-any|ba|no_derivatives,2,0,2
any-to-any|be|no_derivatives,2,0,2
any-to-any|bg|no_derivatives,2,0,2
any-to-any|bn|no_derivatives,2,0,2
any-to-any|bo|no_derivatives,2,0,2
any-to-any|br|no_derivatives,2,0,2
any-to-any|bs|no_derivatives,2,0,2
any-to-any|ca|no_derivatives,2,0,2
any-to-any|ce|no_derivatives,2,0,2
any-to-any|co|no_derivatives,2,0,2
any-to-any|cr|no_derivatives,2,0,2
any-to-any|cs|no_derivatives,2,0,2
any-to-any|cu|no_derivatives,2,0,2
any-to-any|cv|no_derivatives,2,0,2
any-to-any|cy|no_derivatives,2,0,2
any-to-any|da|no_derivatives,2,0,2
any-to-any|de|no_derivatives,2,0,2
any-to-any|dv|no_derivatives,2,0,2
any-to-any|dz|no_derivatives,2,0,2
any-to-any|el|no_derivatives,2,0,2
any-to-any|en|no_derivatives,2,0,2
any-to-any|eo|no_derivatives,2,0,2
any-to-any|es|no_derivatives,2,0,2
any-to-any|et|no_derivatives,2,0,2
any-to-any|eu|no_derivatives,2,0,2
any-to-any|fa|no_derivatives,2,0,2
any-to-any|fi|no_derivatives,2,0,2
any-to-any|fj|no_derivatives,2,0,2
any-to-any|fo|no_derivatives,2,0,2
any-to-any|fr|no_derivatives,2,0,2
any-to-any|fy|no_derivatives,2,0,2
any-to-any|ga|no_derivatives,2,0,2
any-to-any|gd|no_derivatives,2,0,2
any-to-any|gl|no_derivatives,2,0,2
any-to-any|gn|no_derivatives,2,0,2
any-to-any|gu|no_derivatives,2,0,2
any-to-any|ha|no_derivatives,2,0,2
any-to-any|he|no_derivatives,2,0,2
any-to-any|hi|no_derivatives,2,0,2
any-to-any|ht|no_derivatives,2,0,2
any-to-any|hu|no_derivatives,2,0,2
any-to-any|hy|no_derivatives,2,0,2
any-to-any|ia|no_derivatives,2,0,2
any-to-any|id|no_derivatives,2,0,2
any-to-any|ig|no_derivatives,2,0,2
any-to-any|io|no_derivatives,2,0,2
any-to-any|is|no_derivatives,2,0,2
any-to-any|it|no_derivatives,2,0,2
any-to-any|ja|no_derivatives,2,0,2
any-to-any|jv|no_derivatives,2,0,2
any-to-any|ka|no_derivatives,2,0,2
any-to-any|kk|no_derivatives,2,0,2
any-to-any|km|no_derivatives,2,0,2
any-to-any|kn|no_derivatives,2,0,2
any-to-any|ko|no_derivatives,2,0,2
any-to-any|ku|no_derivatives,2,0,2
any-to-any|kv|no_derivatives,2,0,2
any-to-any|ky|no_derivatives,2,0,2
any-to-any|la|no_derivatives,2,0,2
any-to-any|lb|no_derivatives,2,0,2
any-to-any|lg|no_derivatives,2,0,2
any-to-any|li|no_derivatives,2,0,2
any-to-any|ln|no_derivatives,2,0,2
any-to-any|lo|no_derivatives,2,0,2
any-to-any|lt|no_derivatives,2,0,2
any-to-any|lv|no_derivatives,2,0,2
any-to-any|mg|no_derivatives,2,0,2
any-to-any|mh|no_derivatives,2,0,2
any-to-any|mi|no_derivatives,2,0,2
any-to-any|mk|no_derivatives,2,0,2
any-to-any|ml|no_derivatives,2,0,2
any-to-any|mn|no_derivatives,2,0,2
any-to-any|mr|no_derivatives,2,0,2
any-to-any|ms|no_derivatives,2,0,2
any-to-any|mt|no_derivatives,2,0,2
any-to-any|my|no_derivatives,2,0,2
any-to-any|na|no_derivatives,2,0,2
any-to-any|ne|no_derivatives,2,0,2
any-to-any|nl|no_derivatives,2,0,2
any-to-any|no|no_derivatives,2,0,2
any-to-any|oc|no_derivatives,2,0,2
any-to-any|om|no_derivatives,2,0,2
any-to-any|os|no_derivatives,2,0,2
any-to-any|pa|no_derivatives,2,0,2
any-to-any|pi|no_derivatives,2,0,2
any-to-any|pl|no_derivatives,2,0,2
any-to-any|ps|no_derivatives,2,0,2
any-to-any|pt|no_derivatives,2,0,2
any-to-any|qu|no_derivatives,2,0,2
any-to-any|rm|no_derivatives,2,0,2
any-to-any|ro|no_derivatives,2,0,2
any-to-any|ru|no_derivatives,2,0,2
any-to-any|rw|no_derivatives,2,0,2
any-to-any|sa|no_derivatives,2,0,2
any-to-any|sc|no_derivatives,2,0,2
any-to-any|si|no_derivatives,2,0,2
any-to-any|sk|no_derivatives,2,0,2
any-to-any|sl|no_derivatives,2,0,2
any-to-any|sm|no_derivatives,2,0,2
any-to-any|sn|no_derivatives,2,0,2
any-to-any|so|no_derivatives,2,0,2
any-to-any|sq|no_derivatives,2,0,2
any-to-any|sr|no_derivatives,2,0,2
any-to-any|st|no_derivatives,2,0,2
any-to-any|su|no_derivatives,2,0,2
any-to-any|sv|no_derivatives,2,0,2
any-to-any|sw|no_derivatives,2,0,2
any-to-any|ta|no_derivatives,2,0,2
any-to-any|te|no_derivatives,2,0,2
any-to-any|tg|no_derivatives,2,0,2
any-to-any|th|no_derivatives,2,0,2
any-to-any|ti|no_derivatives,2,0,2
any-to-any|tk|no_derivatives,2,0,2
any-to-any|tl|no_derivatives,2,0,2
any-to-any|tn|no_derivatives,2,0,2
any-to-any|to|no_derivatives,2,0,2
any-to-any|tr|no_derivatives,2,0,2
any-to-any|tt|no_derivatives,2,0,2
any-to-any|ty|no_derivatives,2,0,2
any-to-any|ug|no_derivatives,2,0,2
any-to-any|uk|no_derivatives,2,0,2
any-to-any|ur|no_derivatives,2,0,2
any-to-any|uz|no_derivatives,2,0,2
any-to-any|vi|no_derivatives,2,0,2
any-to-any|vo|no_derivatives,2,0,2
any-to-any|wo|no_derivatives,2,0,2
any-to-any|xh|no_derivatives,2,0,2
any-to-any|yi|no_derivatives,2,0,2
any-to-any|yo|no_derivatives,2,0,2
any-to-any|zh|no_derivatives,2,0,2
any-to-any|zu|no_derivatives,2,0,2
image-text-to-image|ja|permissive,37,13,2
unk|la|responsible_ai,54035,141,3
text-to-video|sc|copyleft,4,3,1
image-text-to-image|ja|other,4,3,1
image-classification|my|permissive,6083,738,2
image-text-to-text|eu|unknown,7971,477,2
image-text-to-text|or|noncommercial,90,42,2
question-answering|az|vendor_custom,15,12,1
question-answering|be|vendor_custom,15,12,1
question-answering|el|vendor_custom,15,12,1
question-answering|fi|vendor_custom,15,12,1
question-answering|hu|vendor_custom,16,13,2
question-answering|hy|vendor_custom,15,12,1
question-answering|is|vendor_custom,15,12,1
question-answering|ka|vendor_custom,15,12,1
question-answering|kk|vendor_custom,15,12,1
question-answering|kn|vendor_custom,15,12,1
question-answering|ky|vendor_custom,15,12,1
question-answering|ne|vendor_custom,15,12,1
question-answering|pl|vendor_custom,15,12,1
question-answering|rm|vendor_custom,15,12,1
question-answering|ro|vendor_custom,15,12,1
question-answering|sl|vendor_custom,15,12,1
question-answering|uz|vendor_custom,15,12,1
text-retrieval|pt|permissive,13,2,1
translation|ca|vendor_custom,9,7,2
text-to-speech|dv|noncommercial,1266,79,1
video-to-video|zh|unknown,15,2,1
text-to-speech|uz|other,92,17,12
table-question-answering|ru|other,1,1,1
text-to-speech|ro|other,107,18,72
text-generation|tw|vendor_custom,2421,916,3
text-generation|az|vendor_custom,2422,917,5
text-generation|be|vendor_custom,2422,917,3
text-generation|hy|vendor_custom,2423,917,6
text-generation|kk|vendor_custom,2423,917,10
text-generation|ku|vendor_custom,2422,917,5
text-generation|ky|vendor_custom,2422,917,5
text-generation|lb|vendor_custom,2422,917,7
text-generation|rm|vendor_custom,2422,917,3
image-classification|ur|permissive,6083,738,2
image-text-to-image|zh|unknown,166,6,2
text-generation|be|noncommercial,2006,948,3
text-generation|cu|noncommercial,2006,948,3
text-generation|gd|noncommercial,2006,948,3
text-generation|gv|noncommercial,2006,948,3
text-generation|ht|noncommercial,2006,948,3
text-generation|hy|noncommercial,2006,948,3
text-generation|ky|noncommercial,2006,948,3
text-generation|oc|noncommercial,2006,948,3
text-generation|sa|noncommercial,2009,949,6
text-generation|sd|noncommercial,2006,948,3
text-generation|ug|noncommercial,2006,948,3
automatic-speech-recognition|af|copyleft,39,9,4
automatic-speech-recognition|am|copyleft,39,9,4
automatic-speech-recognition|as|copyleft,39,9,4
automatic-speech-recognition|ba|copyleft,39,9,4
automatic-speech-recognition|bg|copyleft,39,9,6
automatic-speech-recognition|bo|copyleft,36,9,1
automatic-speech-recognition|br|copyleft,36,9,1
automatic-speech-recognition|bs|copyleft,36,9,1
automatic-speech-recognition|cs|copyleft,39,9,6
automatic-speech-recognition|cy|copyleft,36,9,1
automatic-speech-recognition|da|copyleft,39,9,6
automatic-speech-recognition|el|copyleft,39,9,6
automatic-speech-recognition|eu|copyleft,39,9,4
automatic-speech-recognition|fi|copyleft,39,9,6
automatic-speech-recognition|fo|copyleft,36,9,1
automatic-speech-recognition|gl|copyleft,39,9,4
automatic-speech-recognition|gu|copyleft,36,9,1
automatic-speech-recognition|he|copyleft,39,9,4
automatic-speech-recognition|hi|copyleft,39,9,4
automatic-speech-recognition|ht|copyleft,39,9,4
automatic-speech-recognition|hu|copyleft,39,9,6
automatic-speech-recognition|hy|copyleft,39,9,4
automatic-speech-recognition|id|copyleft,39,9,4
automatic-speech-recognition|ka|copyleft,36,9,1
automatic-speech-recognition|kk|copyleft,39,9,4
automatic-speech-recognition|km|copyleft,36,9,1
automatic-speech-recognition|ko|copyleft,39,9,4
automatic-speech-recognition|lb|copyleft,36,9,1
automatic-speech-recognition|ln|copyleft,37,9,3
automatic-speech-recognition|lo|copyleft,39,9,4
automatic-speech-recognition|lt|copyleft,39,9,6
automatic-speech-recognition|lv|copyleft,36,9,3
automatic-speech-recognition|mi|copyleft,36,9,1
automatic-speech-recognition|mk|copyleft,39,9,4
automatic-speech-recognition|ml|copyleft,39,9,4
automatic-speech-recognition|mn|copyleft,39,9,4
automatic-speech-recognition|mr|copyleft,39,9,4
automatic-speech-recognition|ms|copyleft,36,9,1
automatic-speech-recognition|mt|copyleft,39,9,6
automatic-speech-recognition|my|copyleft,36,9,1
automatic-speech-recognition|ne|copyleft,36,9,1
automatic-speech-recognition|nn|copyleft,36,9,1
automatic-speech-recognition|no|copyleft,36,9,1
automatic-speech-recognition|oc|copyleft,36,9,1
automatic-speech-recognition|pa|copyleft,39,9,4
automatic-speech-recognition|pl|copyleft,39,9,6
automatic-speech-recognition|ps|copyleft,39,9,4
automatic-speech-recognition|ro|copyleft,39,9,6
automatic-speech-recognition|sa|copyleft,36,9,1
automatic-speech-recognition|sd|copyleft,39,9,4
automatic-speech-recognition|si|copyleft,36,9,1
automatic-speech-recognition|sk|copyleft,39,9,6
automatic-speech-recognition|sl|copyleft,39,9,6
automatic-speech-recognition|sn|copyleft,38,9,3
automatic-speech-recognition|so|copyleft,36,9,1
automatic-speech-recognition|sq|copyleft,39,9,4
automatic-speech-recognition|sr|copyleft,36,9,1
automatic-speech-recognition|su|copyleft,36,9,1
automatic-speech-recognition|sv|copyleft,39,9,6
automatic-speech-recognition|tg|copyleft,36,9,1
automatic-speech-recognition|tk|copyleft,39,9,4
automatic-speech-recognition|tl|copyleft,36,9,1
automatic-speech-recognition|tr|copyleft,39,9,4
automatic-speech-recognition|tt|copyleft,39,9,4
automatic-speech-recognition|uk|copyleft,39,9,6
automatic-speech-recognition|ur|copyleft,39,9,4
automatic-speech-recognition|uz|copyleft,39,9,4
automatic-speech-recognition|yi|copyleft,36,9,1
automatic-speech-recognition|yo|copyleft,36,9,1
text-to-speech|bo|noncommercial,1267,80,2
text-to-speech|br|noncommercial,1267,80,2
text-to-speech|eu|noncommercial,1269,80,4
text-to-speech|fo|noncommercial,1267,80,2
text-to-speech|ht|noncommercial,1268,80,3
text-to-speech|nn|noncommercial,1267,80,2
text-to-speech|no|noncommercial,1269,82,4
text-to-speech|sa|noncommercial,1270,82,5
text-to-speech|sq|noncommercial,1267,80,2
text-to-speech|yi|noncommercial,1267,80,2
image-text-to-video|en|copyleft,1,1,1
text-to-speech|bg|other,107,18,69
image-to-video|de|permissive,210,45,19
image-to-video|fr|permissive,210,45,19
image-to-video|it|permissive,195,44,2
image-to-video|ja|permissive,210,45,19
image-to-video|ko|permissive,210,45,19
image-to-video|pt|permissive,195,44,2
image-text-to-text|ja|copyleft,28,12,3
text-to-speech|af|other,105,17,67
text-to-speech|am|other,101,17,57
text-to-speech|as|other,107,18,70
text-to-speech|az|other,105,17,67
text-to-speech|be|other,109,17,71
text-to-speech|bn|other,110,18,73
text-to-speech|bo|other,100,17,56
text-to-speech|br|other,100,17,56
text-to-speech|bs|other,105,17,63
text-to-speech|cy|other,106,18,68
text-to-speech|da|other,107,18,69
text-to-speech|el|other,107,18,69
text-to-speech|et|other,106,17,68
text-to-speech|eu|other,105,17,67
text-to-speech|fa|other,108,18,70
text-to-speech|fi|other,107,18,69
text-to-speech|fo|other,100,17,56
text-to-speech|gl|other,106,17,68
text-to-speech|gu|other,108,18,71
text-to-speech|he|other,109,18,72
text-to-speech|hr|other,106,17,68
text-to-speech|ht|other,104,17,66
text-to-speech|hy|other,105,17,67
text-to-speech|id|other,105,17,68
text-to-speech|ka|other,108,19,66
text-to-speech|kk|other,106,18,69
text-to-speech|km|other,101,17,57
text-to-speech|kn|other,108,18,71
text-to-speech|la|other,104,17,66
text-to-speech|lt|other,107,17,65
text-to-speech|lv|other,108,18,70
text-to-speech|mi|other,105,17,67
text-to-speech|ml|other,109,18,72
text-to-speech|mn|other,105,17,67
text-to-speech|mr|other,108,18,72
text-to-speech|ms|other,105,17,67
text-to-speech|my|other,101,17,57
text-to-speech|ne|other,110,19,74
text-to-speech|pa|other,106,18,65
text-to-speech|ps|other,105,17,67
text-to-speech|sa|other,101,18,58
text-to-speech|sd|other,106,18,69
text-to-speech|si|other,100,17,56
text-to-speech|sk|other,107,18,69
text-to-speech|sl|other,107,18,65
text-to-speech|sn|other,105,17,67
text-to-speech|sq|other,104,17,66
text-to-speech|sr|other,106,18,68
text-to-speech|sv|other,107,18,69
text-to-speech|sw|other,113,21,76
text-to-speech|ta|other,109,18,72
text-to-speech|te|other,110,20,82
text-to-speech|tl|other,104,17,66
text-to-speech|uk|other,108,18,70
text-to-speech|ur|other,107,18,70
text-to-speech|yi|other,100,17,56
text-to-speech|yo|other,102,17,59
question-answering|ru|copyleft,33,10,3
question-answering|tt|copyleft,33,10,3
tabular-classification|pt|unknown,222,0,3
zero-shot-object-detection|unk|other,1,0,1
unk|tg|other,27579,783,1
image-classification|te|permissive,6083,738,2
image-text-to-text|pa|other,492,143,3
image-text-to-text|sa|other,492,143,3
time-series-forecasting|fr|permissive,660,42,1
image-to-text|gu|permissive,360,77,4
text-to-speech|jv|other,92,17,15
robotics|en|other,352,42,58
object-detection|zh|noncommercial,74,7,2
image-to-text|zh|noncommercial,17,5,1
text-generation|bo|noncommercial,2009,947,4
video-to-video|ar|permissive,82,18,1
video-to-video|de|permissive,82,18,1
video-to-video|fr|permissive,82,18,1
video-to-video|ja|permissive,83,18,2
video-to-video|ko|permissive,83,18,2
video-to-video|ru|permissive,83,18,2
video-to-video|zh|permissive,84,19,4
text-to-speech|dv|other,87,17,1
text-generation|ml|noncommercial,2007,948,2
video-to-video|av|permissive,83,19,1
token-classification|hy|copyleft,90,17,2
token-classification|he|noncommercial,249,25,2
text-to-3d|de|unknown,9,2,1
question-answering|hi|noncommercial,12,5,1
image-to-text|lv|permissive,356,77,1
video-classification|en|other,15,4,2
image-segmentation|ko|unknown,171,11,1
object-detection|bn|permissive,1367,94,8
text-generation|oc|vendor_custom,2421,916,3
token-classification|ab|copyleft,89,17,1
text-to-speech|ko|copyleft,21,3,2
text-generation|lg|noncommercial,2006,948,4
tabular-regression|ja|permissive,145,5,1
tabular-regression|en|noncommercial,11,1,6
image-classification|de|copyleft,90,12,1
image-classification|fr|copyleft,90,12,1
image-classification|lb|copyleft,90,12,1
image-classification|el|unknown,5778,138,2
image-text-to-text|tr|other,491,143,2
image-classification|ko|other,335,67,1
object-detection|tr|other,136,6,1
image-to-video|en|responsible_ai,14,13,4
image-text-to-text|bg|vendor_custom,407,94,3
keypoint-detection|en|unknown,23,1,1
text-to-speech|ki|unknown,157,21,1
audio-to-audio|hi|other,32,7,1
audio-to-audio|tr|other,32,7,1
unk|bo|responsible_ai,54034,140,2
unk|br|responsible_ai,54034,140,2
unk|bs|responsible_ai,54034,140,2
unk|ch|responsible_ai,54034,140,2
unk|co|responsible_ai,54034,140,2
unk|cr|responsible_ai,54034,140,2
unk|cu|responsible_ai,54034,140,2
unk|cv|responsible_ai,54034,140,2
unk|dv|responsible_ai,54034,140,2
unk|dz|responsible_ai,54034,140,2
unk|eo|responsible_ai,54034,140,2
unk|et|responsible_ai,54034,140,2
unk|ff|responsible_ai,54034,140,2
unk|fj|responsible_ai,54034,140,2
unk|fo|responsible_ai,54034,140,2
unk|gd|responsible_ai,54034,140,2
unk|gl|responsible_ai,54034,140,2
unk|gv|responsible_ai,54034,140,2
unk|ho|responsible_ai,54034,140,2
unk|ht|responsible_ai,54034,140,2
unk|hz|responsible_ai,54034,140,2
unk|ik|responsible_ai,54034,140,2
unk|iu|responsible_ai,54034,140,2
unk|kj|responsible_ai,54034,140,2
unk|kk|responsible_ai,54035,140,3
unk|kl|responsible_ai,54034,140,2
unk|km|responsible_ai,54034,140,2
unk|kr|responsible_ai,54034,140,2
unk|ks|responsible_ai,54034,140,2
unk|ku|responsible_ai,54034,140,2
unk|kv|responsible_ai,54034,140,2
unk|kw|responsible_ai,54034,140,2
unk|ky|responsible_ai,54034,140,2
unk|lb|responsible_ai,54034,140,2
unk|li|responsible_ai,54034,140,2
unk|lo|responsible_ai,54034,140,2
unk|lt|responsible_ai,54034,140,2
unk|lu|responsible_ai,54034,140,2
unk|lv|responsible_ai,54034,140,2
unk|mh|responsible_ai,54034,140,2
unk|mi|responsible_ai,54034,140,2
unk|mk|responsible_ai,54034,140,2
unk|mt|responsible_ai,54034,140,2
unk|na|responsible_ai,54034,140,2
unk|nb|responsible_ai,54034,140,2
unk|nd|responsible_ai,54034,140,2
unk|ng|responsible_ai,54034,140,2
unk|nn|responsible_ai,54034,140,2
unk|nr|responsible_ai,54034,140,2
unk|nv|responsible_ai,54034,140,2
unk|oc|responsible_ai,54034,140,2
unk|oj|responsible_ai,54034,140,2
unk|om|responsible_ai,54048,154,3
unk|os|responsible_ai,54034,140,2
unk|pi|responsible_ai,54034,140,2
unk|ps|responsible_ai,54033,139,1
unk|sa|responsible_ai,54033,139,2
unk|sc|responsible_ai,54033,139,1
unk|se|responsible_ai,54033,139,1
unk|sg|responsible_ai,54033,139,1
unk|si|responsible_ai,54033,139,1
unk|sk|responsible_ai,54033,139,1
unk|sm|responsible_ai,54033,139,1
unk|so|responsible_ai,54033,139,1
unk|ss|responsible_ai,54033,139,1
unk|su|responsible_ai,54033,139,1
unk|tg|responsible_ai,54033,139,1
unk|ti|responsible_ai,54033,139,1
unk|to|responsible_ai,54033,139,1
unk|tt|responsible_ai,54033,139,1
unk|ty|responsible_ai,54033,139,1
unk|ug|responsible_ai,54033,139,1
unk|ve|responsible_ai,54033,139,1
unk|vo|responsible_ai,54033,139,1
unk|wa|responsible_ai,54033,139,1
unk|yi|responsible_ai,54033,139,1
unk|ee|unknown,149763,4274,1
sentence-similarity|ar|vendor_custom,63,6,4
sentence-similarity|es|vendor_custom,64,6,6
sentence-similarity|fr|vendor_custom,64,6,6
sentence-similarity|hi|vendor_custom,63,6,5
sentence-similarity|id|vendor_custom,63,6,4
sentence-similarity|it|vendor_custom,64,6,6
sentence-similarity|ja|vendor_custom,63,6,4
sentence-similarity|nl|vendor_custom,64,6,6
sentence-similarity|pt|vendor_custom,64,6,14
sentence-similarity|ru|vendor_custom,64,6,5
sentence-similarity|th|vendor_custom,63,6,4
sentence-similarity|tr|vendor_custom,63,6,4
sentence-similarity|zh|vendor_custom,63,6,4
question-answering|ti|permissive,2051,226,3
image-text-to-video|aa|permissive,18,12,1
image-text-to-video|ab|permissive,18,12,1
image-text-to-video|ak|permissive,18,12,1
image-text-to-video|ar|permissive,18,12,1
token-classification|no|copyleft,93,17,5
tabular-classification|en|copyleft,10,0,2
tabular-classification|pt|copyleft,9,0,1
object-detection|km|unknown,1641,35,2
text-to-video|ja|responsible_ai,421,12,1
translation|be|copyleft,9,3,1
translation|kv|copyleft,9,3,1
token-classification|he|copyleft,92,17,4
text-to-speech|af|unknown,157,21,13
text-to-speech|am|unknown,157,21,13
text-to-speech|an|unknown,157,21,13
text-to-speech|be|unknown,157,21,13
text-to-speech|bg|unknown,157,21,13
text-to-speech|bo|unknown,157,21,13
text-to-speech|br|unknown,157,21,13
text-to-speech|bs|unknown,157,21,13
text-to-speech|cv|unknown,157,21,13
text-to-speech|dv|unknown,157,21,13
text-to-speech|et|unknown,157,21,13
text-to-speech|ff|unknown,157,21,13
text-to-speech|fy|unknown,157,21,13
text-to-speech|ga|unknown,157,21,13
text-to-speech|gn|unknown,157,21,13
text-to-speech|gv|unknown,157,21,13
text-to-speech|hr|unknown,157,21,13
text-to-speech|ht|unknown,157,21,13
text-to-speech|hy|unknown,157,21,13
text-to-speech|hz|unknown,157,21,13
text-to-speech|ia|unknown,157,21,13
text-to-speech|ig|unknown,157,21,13
text-to-speech|ik|unknown,157,21,13
text-to-speech|jv|unknown,157,21,13
text-to-speech|kj|unknown,157,21,13
text-to-speech|km|unknown,158,22,14
text-to-speech|ks|unknown,158,21,14
text-to-speech|kw|unknown,157,21,13
text-to-speech|ln|unknown,157,21,13
text-to-speech|lo|unknown,158,22,14
text-to-speech|lt|unknown,157,21,13
text-to-speech|mi|unknown,157,21,13
text-to-speech|mt|unknown,157,21,13
text-to-speech|my|unknown,158,22,15
text-to-speech|nb|unknown,157,21,13
text-to-speech|ng|unknown,157,21,13
text-to-speech|nn|unknown,157,21,13
text-to-speech|ny|unknown,157,21,13
text-to-speech|oc|unknown,157,21,13
text-to-speech|om|unknown,157,21,13
text-to-speech|os|unknown,157,21,13
text-to-speech|ps|unknown,157,21,13
text-to-speech|rm|unknown,157,21,13
text-to-speech|sc|unknown,157,21,13
text-to-speech|sd|unknown,158,21,14
text-to-speech|sn|unknown,157,21,13
text-to-speech|so|unknown,158,21,14
text-to-speech|tg|unknown,157,21,13
text-to-speech|ti|unknown,157,21,13
text-to-speech|tn|unknown,157,21,13
text-to-speech|tw|unknown,157,21,13
text-to-speech|ug|unknown,157,21,13
text-to-speech|xh|unknown,157,21,13
text-to-speech|yi|unknown,157,21,13
text-to-speech|zu|unknown,157,21,13
any-to-any|ko|noncommercial,10,3,5
unk|ne|other,27585,784,16
unk|oc|unknown,149763,4275,1
token-classification|fo|copyleft,90,17,2
image-to-text|de|other,28,10,6
image-to-text|es|other,28,10,6
image-to-text|fr|other,28,10,6
image-to-text|it|other,27,10,5
image-to-text|ko|other,31,10,9
image-to-text|nl|other,27,10,5
image-to-text|pt|other,27,10,5
image-to-text|ru|other,32,10,10
image-to-text|zh|other,33,10,11
token-classification|gl|noncommercial,249,25,2
image-feature-extraction|ja|permissive,630,120,2
text-to-audio|de|unknown,858,17,1
text-to-audio|es|unknown,858,17,1
text-to-audio|fr|unknown,858,17,1
text-to-audio|ja|unknown,858,17,1
text-to-audio|ko|unknown,858,17,1
text-to-audio|pt|unknown,858,17,1
text-classification|vi|vendor_custom,29,22,3
image-text-to-text|he|other,491,142,1
audio-to-audio|bn|responsible_ai,12,1,1
audio-to-audio|ne|responsible_ai,12,1,1
image-to-text|ar|noncommercial,26,7,10
image-to-text|ur|noncommercial,17,4,1
token-classification|hi|noncommercial,249,25,2
text-retrieval|en|other,1,1,1
keypoint-detection|en|responsible_ai,2,1,1
sentence-similarity|hi|other,31,12,12
sentence-similarity|th|other,31,12,12
text-to-video|am|responsible_ai,421,13,1
text-to-video|ru|responsible_ai,421,13,1
translation|nb|vendor_custom,8,6,1
translation|nn|vendor_custom,8,6,1
image-text-to-video|en|vendor_custom,2,2,1
token-classification|mt|copyleft,90,17,2
token-classification|mr|copyleft,90,17,2
text-generation|ce|vendor_custom,2421,916,8
fill-mask|lb|copyleft,103,16,4
text-to-speech|ee|noncommercial,1268,80,4
summarization|ts|permissive,329,76,1
token-classification|ta|noncommercial,250,26,3
token-classification|te|copyleft,90,17,2
token-classification|uk|noncommercial,249,25,2
token-classification|ur|noncommercial,249,25,2
token-classification|ug|copyleft,90,17,2
text-generation|mi|other,3934,1102,2
image-text-to-video|en|unknown,10,6,1
image-text-to-video|ja|unknown,10,6,1
any-to-any|mi|vendor_custom,6,6,1
audio-classification|ko|unknown,940,36,3
image-to-text|jv|permissive,360,79,4
object-detection|ko|other,137,6,2
any-to-any|ar|unknown,22,5,2
visual-question-answering|it|permissive,158,29,2
visual-question-answering|pl|permissive,158,29,2
image-text-to-text|ko|responsible_ai,29,9,1
text-generation|ny|vendor_custom,2421,916,9
text-generation|mi|vendor_custom,2421,916,14
text-to-speech|wo|other,88,17,2
object-detection|zh|other,137,6,2
unk|bg|other,27578,783,1
visual-document-retrieval|pt|permissive,32,20,5
multiple-choice|tr|permissive,165,60,2
image-to-text|ml|permissive,360,77,4
unk|oc|vendor_custom,6685,491,2
image-classification|id|noncommercial,265,46,1
tabular-regression|fr|noncommercial,6,1,1
text-generation|sc|vendor_custom,2421,916,1
image-to-text|my|permissive,358,77,2
token-classification|lb|permissive,2382,283,4
token-classification|rm|permissive,2381,283,3
image-to-text|ti|permissive,356,77,2
image-classification|unk|no_derivatives,4,2,2
mask-generation|unk|other,14,2,12
audio-text-to-text|mi|permissive,26,12,1
image-classification|en|no_derivatives,4,2,2
visual-question-answering|ar|permissive,158,29,1
any-to-any|unk|vendor_custom,9,9,12
image-to-text|bo|permissive,358,78,2
image-segmentation|bo|copyleft,69,4,1
video-classification|ja|unknown,430,11,2
robotics|unk|vendor_custom,75,11,91
other|unk|copyleft,64,1,60
unk|pa|vendor_custom,6685,491,2
tabular-classification|rw|permissive,338,9,2
text-to-audio|he|permissive,234,36,1
image-classification|rw|permissive,6082,738,1
image-text-to-image|ru|permissive,36,13,1
text-to-image|kv|other,2000,178,1
zero-shot-image-classification|unk|responsible_ai,5,2,2
audio-to-audio|tr|noncommercial,113,6,5
summarization|km|vendor_custom,8,7,1
summarization|uk|vendor_custom,8,7,1
robotics|zh|other,334,35,7
translation|la|vendor_custom,9,6,1
reinforcement-learning|ru|permissive,1140,56,4
unk|nb|vendor_custom,6686,491,2
unk|nn|vendor_custom,6686,491,2
translation|el|other,13,6,1
image-text-to-text|pa|vendor_custom,406,91,3
text-generation|bo|vendor_custom,2422,917,2
text-generation|ug|vendor_custom,2421,916,1
translation|gv|unknown,700,30,2
summarization|km|unknown,553,50,3
time-series-forecasting|es|permissive,662,42,3
image-classification|th|permissive,6082,738,1
image-segmentation|ja|other,350,61,2
text-to-speech|hy|copyleft,20,3,1
text-to-video|ar|unknown,94,17,2
unk|mk|vendor_custom,6685,491,1
text-to-audio|km|noncommercial,105,20,1
audio-classification|ff|permissive,692,112,1
audio-text-to-text|uk|vendor_custom,1,1,2
video-text-to-text|ro|unknown,27,9,1
image-segmentation|id|permissive,1440,113,2
text-to-speech|ne|copyleft,24,4,6
object-detection|uk|copyleft,486,29,3
video-classification|ro|unknown,429,11,1
zero-shot-classification|hi|unknown,28,5,1
zero-shot-classification|sw|unknown,28,5,1
text-to-video|de|vendor_custom,2,2,37
text-to-video|en|vendor_custom,2,2,37
text-to-video|es|vendor_custom,2,2,37
text-to-video|fr|vendor_custom,2,2,37
text-to-video|it|vendor_custom,2,2,37
text-to-video|ja|vendor_custom,2,2,37
text-to-video|ko|vendor_custom,2,2,37
text-to-video|pt|vendor_custom,2,2,37
text-to-video|zh|vendor_custom,2,2,37
unk|st|vendor_custom,6685,491,2
sentence-similarity|it|other,31,13,30
sentence-similarity|no|other,28,13,27
sentence-similarity|pt|other,31,13,30
image-classification|bo|permissive,6082,738,3
image-classification|kn|permissive,6087,738,7
image-classification|ta|permissive,6084,738,3
token-classification|os|permissive,2381,283,3
translation|lg|vendor_custom,9,7,1
text-to-speech|bg|responsible_ai,17,3,46
text-to-speech|cs|responsible_ai,17,3,46
text-to-speech|et|responsible_ai,17,3,45
text-to-speech|fi|responsible_ai,17,3,46
text-to-speech|hi|responsible_ai,16,3,45
text-to-speech|hr|responsible_ai,17,3,46
text-to-speech|hu|responsible_ai,17,3,46
text-to-speech|lt|responsible_ai,17,3,45
text-to-speech|lv|responsible_ai,17,3,45
text-to-speech|pl|responsible_ai,17,3,46
text-to-speech|ro|responsible_ai,17,3,46
text-to-speech|sk|responsible_ai,17,3,46
text-to-speech|sl|responsible_ai,17,3,45
text-to-speech|sv|responsible_ai,17,3,46
text-to-speech|tr|responsible_ai,20,3,49
text-to-speech|uk|responsible_ai,17,3,46
text-to-speech|vi|responsible_ai,17,3,46
zero-shot-classification|en|vendor_custom,2,1,1
zero-shot-classification|es|vendor_custom,2,1,1
sentence-similarity|he|other,28,10,3
sentence-similarity|ar|copyleft,13,3,2
tabular-classification|vi|permissive,338,9,2
tabular-classification|es|other,40,3,1
visual-question-answering|vi|other,18,6,1
reinforcement-learning|vi|other,32,7,1
voice-activity-detection|fr|permissive,97,7,2
tabular-regression|da|permissive,145,5,1
image-to-text|kk|permissive,357,78,2
sentence-similarity|ky|other,26,11,1
text-to-speech|lg|other,94,17,13
token-classification|lt|responsible_ai,17,4,1
audio-text-to-text|lg|vendor_custom,1,1,2
audio-text-to-text|zh|noncommercial,7,5,11
other|ar|permissive,262,12,1
image-to-text|km|unknown,142,33,3
image-text-to-text|mi|other,491,143,1
time-series-forecasting|tr|permissive,659,42,2
translation|sw|other,13,6,1
text-to-speech|na|responsible_ai,10,3,1
text-generation|lt|responsible_ai,493,89,1
tabular-regression|ru|copyleft,6,0,1
text-to-speech|as|copyleft,21,3,3
text-to-speech|ee|copyleft,22,4,6
text-to-speech|gu|copyleft,21,3,3
text-to-speech|om|copyleft,22,4,4
text-to-speech|sn|copyleft,21,3,3
text-to-speech|ur|copyleft,21,3,3
text-to-speech|tw|copyleft,23,3,8
text-classification|mi|responsible_ai,99,14,1
image-to-text|mi|permissive,358,79,4
text-generation|mi|noncommercial,2006,948,1
object-detection|mi|permissive,1359,94,1
image-text-to-text|hu|unknown,7970,478,1
image-segmentation|es|permissive,1440,113,2
text-to-speech|ny|copyleft,21,3,3
text-to-speech|bn|copyleft,21,3,3
any-to-any|vi|permissive,7545,68,1
image-text-to-image|tr|responsible_ai,1,1,1
text-generation|ki|noncommercial,2005,947,1
text-generation|ln|noncommercial,2005,947,1
text-generation|rw|noncommercial,2005,947,1
text-generation|so|noncommercial,2005,947,1
text-to-speech|ki|copyleft,21,3,3
image-text-to-text|bo|unknown,7969,477,1
text-to-speech|ht|copyleft,21,3,3
unk|bs|other,27579,783,1
unk|hr|other,27579,783,1
unk|sl|other,27580,784,3
text-to-speech|ig|copyleft,21,3,3
text-to-speech|yo|copyleft,22,3,4
text-to-speech|vi|copyleft,22,4,4
text-to-speech|ha|copyleft,21,3,4
text-to-speech|kn|copyleft,21,3,3
text-to-speech|ln|copyleft,21,3,3
text-to-speech|nd|copyleft,21,3,3
text-to-speech|pa|copyleft,21,3,3
text-to-speech|ta|copyleft,21,3,3
text-to-speech|te|copyleft,21,3,3
time-series-forecasting|pt|noncommercial,23,6,1
text-to-speech|mr|copyleft,21,3,3
text-to-speech|he|responsible_ai,9,3,1
text-to-speech|no|responsible_ai,9,3,1
image-text-to-text|nb|other,491,143,4
image-text-to-text|no|other,491,143,4
text-to-speech|ml|copyleft,21,3,3
text-to-speech|lg|copyleft,20,3,2
image-classification|id|responsible_ai,47,2,1
text-retrieval|am|vendor_custom,1,1,1
text-generation|pt|no_derivatives,13,4,1
text-to-speech|lu|copyleft,20,3,1
video-classification|ko|other,15,4,2
text-to-audio|pt|other,48,8,3
text-to-speech|uz|copyleft,20,3,1
audio-to-audio|uk|copyleft,40,3,1
text-classification|mi|unknown,49600,915,1
text-generation|so|vendor_custom,2421,916,1
image-to-video|unk|copyleft,2,0,1
image-to-text|zh|vendor_custom,11,3,1
image-classification|ja|other,336,67,2
tabular-regression|uk|permissive,145,5,1
image-classification|sk|permissive,6083,738,2
image-classification|se|permissive,6086,738,5
zero-shot-classification|he|noncommercial,2,2,2
time-series-forecasting|unk|responsible_ai,2,0,2
image-to-text|se|permissive,357,77,1
image-to-text|uk|unknown,140,34,2
text-to-speech|tr|vendor_custom,1,1,1
unk|kk|other,27581,783,3
unk|ky|other,27581,783,3
audio-to-audio|ru|other,32,7,1
other|vi|permissive,263,12,2
robotics|zh|unknown,2613,59,14
image-to-text|vi|noncommercial,17,5,1
object-detection|bo|permissive,1360,94,1
graph-ml|ja|permissive,75,2,2
graph-ml|ko|permissive,75,2,2
graph-ml|th|permissive,75,2,2
text-to-speech|tw|noncommercial,1269,80,7
translation|ab|noncommercial,37,9,3
text-generation|fy|vendor_custom,2421,916,5
text-generation|mg|vendor_custom,2421,916,6
text-generation|sd|vendor_custom,2421,916,6
text-generation|sm|vendor_custom,2421,916,6
zero-shot-object-detection|en|copyleft,17,2,1
image-text-to-text|te|vendor_custom,404,91,1
image-to-video|th|permissive,198,44,3
text-to-speech|ba|other,91,17,10
text-to-speech|eo|other,91,17,10
text-to-speech|ha|other,99,17,19
text-to-speech|lb|other,93,18,12
text-to-speech|ln|other,93,17,12
text-to-speech|mk|other,92,17,11
text-to-speech|mt|other,93,17,12
text-to-speech|ny|other,92,17,11
text-to-speech|oc|other,92,17,11
text-to-speech|om|other,92,17,11
text-to-speech|so|other,92,17,11
text-to-speech|tg|other,92,17,11
text-to-speech|ug|other,91,17,10
text-to-speech|xh|other,92,17,11
text-to-speech|zu|other,92,17,11
image-to-text|vi|other,24,11,1
automatic-speech-recognition|ay|permissive,3093,249,3
automatic-speech-recognition|sm|permissive,3093,249,3
image-classification|bo|unknown,5778,138,1
translation|bg|responsible_ai,3,2,1
translation|bh|responsible_ai,3,2,1
translation|bn|responsible_ai,3,2,1
translation|el|responsible_ai,3,2,1
translation|es|responsible_ai,3,2,1
translation|et|responsible_ai,3,2,1
translation|fj|responsible_ai,3,2,1
translation|hr|responsible_ai,3,2,1
translation|ht|responsible_ai,3,2,1
translation|hu|responsible_ai,3,2,1
translation|hy|responsible_ai,3,2,1
translation|id|responsible_ai,3,2,1
translation|it|responsible_ai,3,2,1
translation|ja|responsible_ai,3,2,1
translation|ml|responsible_ai,3,2,1
translation|mr|responsible_ai,3,2,1
translation|pa|responsible_ai,3,2,1
translation|rm|responsible_ai,3,2,1
translation|te|responsible_ai,3,2,1
translation|uk|responsible_ai,3,2,1
translation|ur|responsible_ai,3,2,1
translation|uz|responsible_ai,3,2,1
image-to-text|bn|permissive,359,77,3
image-to-text|ka|permissive,357,77,1
visual-question-answering|zh|noncommercial,3,2,1
audio-text-to-text|th|vendor_custom,1,1,1
sentence-similarity|si|copyleft,13,1,2
sentence-similarity|ta|copyleft,14,2,3
image-classification|bo|other,334,67,4
text-to-speech|ee|other,88,17,1
text-to-speech|tw|other,89,17,2
image-text-to-text|lt|vendor_custom,404,91,1
zero-shot-image-classification|en|other,28,3,4
fill-mask|ro|copyleft,100,17,1
image-text-to-text|sq|vendor_custom,406,91,2
graph-ml|en|copyleft,4,0,1
other|vi|unknown,44,1,1
text-to-audio|ko|copyleft,1,1,2
text-generation|gn|vendor_custom,2421,916,3
any-to-any|ca|copyleft,2,1,2
any-to-any|ch|copyleft,2,1,2
any-to-any|es|copyleft,2,1,2
any-to-any|ru|copyleft,2,1,2
image-classification|tr|other,335,68,2
sentence-similarity|sr|other,26,11,1
text-generation|ia|vendor_custom,2422,916,1
other|ko|permissive,262,12,1
other|bg|permissive,262,12,1
other|ha|permissive,262,12,1
other|uk|permissive,262,12,1
other|sv|permissive,262,12,1
other|pt|permissive,263,12,2
other|cs|permissive,262,12,1
other|ja|permissive,262,12,1
other|ru|permissive,263,13,2
object-detection|ja|other,137,6,2
automatic-speech-recognition|fy|other,97,21,1
other|tr|permissive,263,12,2
image-text-to-text|ko|copyleft,26,11,1
text-to-speech|lo|other,90,17,3
tabular-classification|ne|permissive,337,9,1
multiple-choice|unk|vendor_custom,1,1,1
image-segmentation|ms|noncommercial,77,16,1
other|tr|noncommercial,22,1,1
text-to-speech|he|copyleft,20,4,1
sentence-similarity|ks|permissive,1040,168,2
image-text-to-text|sw|other,491,143,1
translation|my|other,13,5,1
automatic-speech-recognition|nb|other,98,21,2
robotics|mt|other,329,34,1
automatic-speech-recognition|ay|other,97,21,1
automatic-speech-recognition|gn|other,97,21,1
automatic-speech-recognition|ig|other,97,21,1
automatic-speech-recognition|ku|other,97,21,1
automatic-speech-recognition|ky|other,98,21,2
automatic-speech-recognition|ny|other,97,21,1
automatic-speech-recognition|or|other,98,22,5
automatic-speech-recognition|qu|other,97,21,1
automatic-speech-recognition|sm|other,97,21,1
automatic-speech-recognition|to|other,97,21,1
automatic-speech-recognition|zu|other,97,21,1
summarization|ar|noncommercial,3,2,2
summarization|es|noncommercial,3,2,2
summarization|fa|noncommercial,3,2,2
summarization|fr|noncommercial,3,2,2
summarization|hi|noncommercial,3,2,2
summarization|id|noncommercial,3,2,2
summarization|ja|noncommercial,3,2,2
summarization|ko|noncommercial,3,2,2
summarization|vi|noncommercial,3,2,2
image-text-to-text|es|copyleft,27,12,2
graph-ml|ja|unknown,10,2,1
object-detection|cs|copyleft,487,29,3
question-answering|wo|noncommercial,12,5,1
text-to-image|oc|permissive,5099,305,1
any-to-any|ar|other,26,9,1
translation|sw|vendor_custom,9,7,2
automatic-speech-recognition|tw|copyleft,36,9,7
image-text-to-text|ca|unknown,7969,477,1
image-to-text|ii|permissive,357,78,1
image-to-text|ks|unknown,142,33,3
unk|ks|unknown,149762,4274,1
text-to-image|yo|permissive,5100,305,1
translation|pa|other,14,6,2
object-detection|kk|permissive,1361,94,2
image-text-to-image|hi|permissive,36,12,1
image-to-text|he|other,24,10,1
unk|ts|other,27579,783,1
text-to-speech|jv|copyleft,20,3,1
text-to-speech|su|copyleft,20,3,1
tabular-classification|vi|unknown,221,1,2
automatic-speech-recognition|lg|other,99,21,5
image-to-text|el|other,24,10,1
image-to-text|tt|permissive,357,77,1
image-classification|sd|permissive,6082,738,1
image-text-to-text|be|copyleft,27,12,1
image-text-to-text|pl|copyleft,27,12,1
image-text-to-text|uk|copyleft,27,12,1
unk|su|other,27580,783,2
image-to-text|mt|permissive,356,77,1
text-generation|ku|other,3933,1102,1
reinforcement-learning|zh|other,33,8,3
table-question-answering|en|copyleft,1,1,1
text-ranking|ru|unknown,88,45,1
audio-classification|ar|other,22,3,2
feature-extraction|lt|unknown,10680,245,2
video-classification|fr|permissive,158,23,1
video-classification|fr|unknown,429,11,1
text-classification|zu|noncommercial,287,63,1
token-classification|mt|other,48,8,1
token-classification|nb|other,48,8,1
token-classification|nn|other,48,8,1
token-classification|st|permissive,2382,284,1
token-classification|ts|permissive,2382,284,1
token-classification|ve|permissive,2382,284,1
text-generation|am|other,3933,1102,1
text-generation|lg|other,3933,1102,1
text-generation|rw|other,3933,1102,1
text-generation|so|other,3933,1102,1
image-to-text|am|unknown,140,33,1
feature-extraction|ks|permissive,1930,298,4
text-classification|te|vendor_custom,31,23,3
unk|ms|vendor_custom,6685,491,2
text-generation|ak|vendor_custom,2421,916,1
unconditional-image-generation|unk|copyleft,3,0,2
image-to-text|ka|noncommercial,17,4,1
text-to-audio|ar|other,46,8,1
text-to-audio|az|other,46,8,1
text-to-audio|bg|other,46,8,1
text-to-audio|bn|other,46,8,1
text-to-audio|ca|other,46,8,1
text-to-audio|cs|other,46,8,1
text-to-audio|da|other,46,8,1
text-to-audio|de|other,46,8,1
text-to-audio|el|other,46,8,1
text-to-audio|es|other,46,8,1
text-to-audio|fa|other,46,8,1
text-to-audio|fi|other,46,8,1
text-to-audio|fr|other,46,8,1
text-to-audio|he|other,46,8,1
text-to-audio|hi|other,46,8,1
text-to-audio|hr|other,46,8,1
text-to-audio|ht|other,46,8,1
text-to-audio|hu|other,46,8,1
text-to-audio|id|other,46,8,1
text-to-audio|is|other,46,8,1
text-to-audio|it|other,46,8,1
text-to-audio|ko|other,46,8,1
text-to-audio|la|other,46,8,1
text-to-audio|lt|other,46,8,1
text-to-audio|ms|other,46,8,1
text-to-audio|ne|other,46,8,1
text-to-audio|nl|other,46,8,1
text-to-audio|no|other,46,8,1
text-to-audio|pa|other,46,8,1
text-to-audio|pl|other,46,8,1
text-to-audio|ro|other,46,8,1
text-to-audio|ru|other,46,8,1
text-to-audio|sa|other,46,8,1
text-to-audio|sk|other,46,8,1
text-to-audio|sr|other,46,8,1
text-to-audio|sv|other,46,8,1
text-to-audio|sw|other,46,8,1
text-to-audio|ta|other,46,8,1
text-to-audio|te|other,46,8,1
text-to-audio|th|other,46,8,1
text-to-audio|tl|other,46,8,1
text-to-audio|tr|other,46,8,1
text-to-audio|uk|other,46,8,1
text-to-audio|ur|other,46,8,1
text-to-audio|vi|other,46,8,1
voice-activity-detection|en|noncommercial,14,2,2
automatic-speech-recognition|eo|copyleft,39,9,3
automatic-speech-recognition|gn|copyleft,39,9,3
automatic-speech-recognition|ia|copyleft,39,9,3
automatic-speech-recognition|ky|copyleft,39,9,3
automatic-speech-recognition|tn|copyleft,39,9,3
automatic-speech-recognition|zu|copyleft,40,9,4
other|da|other,85,3,1
other|it|other,85,3,1
other|no|other,85,3,1
other|sv|other,85,3,1
other|zh|other,85,3,1
text-to-speech|ig|other,88,17,2
text-to-speech|mg|noncommercial,1268,79,2
automatic-speech-recognition|bn|responsible_ai,4,1,1
image-classification|ml|permissive,6083,738,2
translation|sl|other,14,7,3
other|es|noncommercial,22,1,1
object-detection|ko|copyleft,487,28,2
object-detection|th|copyleft,487,28,2
image-text-to-text|se|permissive,2189,490,5
image-text-to-text|si|permissive,2189,490,5
image-text-to-text|st|permissive,2189,490,5
image-text-to-text|su|permissive,2189,490,5
image-text-to-text|tg|permissive,2191,490,10
image-text-to-text|to|permissive,2189,490,5
image-text-to-text|ve|permissive,2189,490,5
image-text-to-text|yi|permissive,2189,490,5
audio-classification|fr|unknown,941,37,2
translation|ne|other,14,7,2
image-to-text|ky|permissive,357,78,1
image-to-image|tr|other,118,32,1
summarization|fi|other,4,3,1
summarization|ru|other,4,3,1
summarization|lv|other,4,3,1
summarization|et|other,4,3,1
translation|or|other,14,7,3
sentence-similarity|as|other,27,12,8
sentence-similarity|bg|other,30,12,11
sentence-similarity|bn|other,27,12,8
sentence-similarity|fa|other,27,12,8
sentence-similarity|fi|other,27,12,8
sentence-similarity|id|other,27,12,8
sentence-similarity|mr|other,27,12,8
sentence-similarity|ms|other,27,12,8
sentence-similarity|ne|other,27,12,8
sentence-similarity|ro|other,27,12,8
sentence-similarity|sw|other,30,12,11
sentence-similarity|ta|other,27,12,8
sentence-similarity|te|other,27,12,8
sentence-similarity|uk|other,27,12,8
sentence-similarity|ur|other,27,12,8
reinforcement-learning|bn|permissive,1138,56,1
text-to-speech|km|copyleft,20,3,1
unk|la|other,27578,783,1
unconditional-image-generation|ru|noncommercial,16,1,2
image-text-to-image|id|unknown,165,4,1
summarization|ml|unknown,553,48,2
image-text-to-text|fa|responsible_ai,29,9,1
translation|am|vendor_custom,9,7,1
voice-activity-detection|af|noncommercial,13,2,1
image-classification|km|permissive,6083,738,2
visual-question-answering|ru|vendor_custom,5,4,1
tabular-classification|zh|noncommercial,20,1,1
sentence-similarity|el|other,29,11,5
text-ranking|el|other,8,3,2
text-ranking|en|other,8,3,2
audio-classification|ms|unknown,940,37,1
audio-to-audio|km|unknown,179,3,1
reinforcement-learning|unk|noncommercial,10,3,6
audio-to-audio|ru|noncommercial,113,5,1
translation|si|vendor_custom,12,10,9
translation|pi|vendor_custom,9,7,1
text-classification|am|vendor_custom,30,23,2
text-classification|bn|vendor_custom,30,23,2
text-classification|ha|vendor_custom,30,23,2
text-classification|km|vendor_custom,30,23,2
text-classification|my|vendor_custom,30,23,2
text-classification|ne|vendor_custom,30,23,2
text-classification|or|vendor_custom,30,23,2
text-classification|pa|vendor_custom,30,23,2
text-classification|pl|vendor_custom,30,23,2
text-classification|sw|vendor_custom,30,23,2
text-classification|ur|vendor_custom,30,23,2
audio-to-audio|ha|permissive,353,29,1
image-to-text|ps|permissive,357,77,1
text-to-video|de|other,119,27,1
text-to-video|es|other,119,27,1
text-to-video|fr|other,119,27,1
text-to-video|it|other,119,27,1
text-to-video|ja|other,119,27,1
text-to-video|ko|other,119,27,1
text-to-video|pt|other,119,27,1
text-generation|ln|vendor_custom,2421,916,1
voice-activity-detection|gu|permissive,96,7,1
voice-activity-detection|hi|permissive,97,7,3
voice-activity-detection|kn|permissive,96,7,1
voice-activity-detection|pa|permissive,96,7,1
voice-activity-detection|ta|permissive,96,7,1
voice-activity-detection|te|permissive,96,7,2
voice-activity-detection|ur|permissive,96,7,1
text-generation|ps|other,3932,1102,2
translation|pi|unknown,703,35,9
other|lb|permissive,262,12,1
any-to-any|ta|copyleft,2,1,1
image-text-to-video|unk|vendor_custom,2,2,1
image-to-text|hy|noncommercial,18,4,2
sentence-similarity|kk|copyleft,12,2,1
text-generation|pi|vendor_custom,2422,917,1
sentence-similarity|pl|other,29,11,4
text-generation|ii|other,3932,1102,1
image-segmentation|zh|other,350,60,2
translation|eu|vendor_custom,9,7,1
robotics|tr|noncommercial,61,12,1
robotics|tr|permissive,17431,140,1
image-to-text|pl|other,24,11,1
token-classification|lo|noncommercial,248,26,1
token-classification|ms|noncommercial,248,26,1
token-classification|my|noncommercial,248,26,1
token-classification|th|noncommercial,248,26,1
token-classification|tl|noncommercial,248,26,1
token-classification|vi|noncommercial,250,28,3
video-classification|zh|noncommercial,122,17,1
object-detection|zh|unknown,1641,36,2
image-to-text|ks|permissive,357,77,1
other|fa|permissive,263,14,2
text-generation|pi|other,3934,1102,2
unk|tw|noncommercial,5892,495,3
sentence-similarity|tr|copyleft,13,3,2
unconditional-image-generation|pt|permissive,732,7,1
reinforcement-learning|id|permissive,1138,57,1
token-classification|nn|copyleft,89,17,1
token-classification|yo|other,48,9,1
image-text-to-text|cu|noncommercial,90,42,2
video-text-to-text|zh|other,8,4,2
visual-question-answering|ar|noncommercial,3,1,1
text-to-image|ar|noncommercial,158,64,1
video-classification|zh|other,14,5,1
image-to-image|ar|unknown,387,34,1
image-text-to-image|ar|permissive,36,12,1
audio-to-audio|fi|permissive,353,28,1
image-to-image|ja|unknown,387,35,1
any-to-any|zh|noncommercial,6,2,1
translation|as|other,13,6,1
translation|bn|other,14,7,2
translation|gu|other,13,6,1
translation|kn|other,13,6,1
translation|ks|other,13,6,1
translation|ml|other,13,6,1
translation|mr|other,13,6,3
translation|sa|other,13,6,1
translation|sd|other,13,6,1
translation|ta|other,13,6,1
translation|te|other,13,6,1
translation|ur|other,13,6,1
sentence-similarity|bn|copyleft,12,2,1
sentence-similarity|es|copyleft,12,2,1
sentence-similarity|gu|copyleft,12,2,1
sentence-similarity|hi|copyleft,12,2,1
sentence-similarity|id|copyleft,12,2,1
sentence-similarity|it|copyleft,12,2,1
sentence-similarity|kn|copyleft,12,2,1
sentence-similarity|ml|copyleft,12,2,1
sentence-similarity|mr|copyleft,12,2,1
sentence-similarity|pt|copyleft,12,2,1
sentence-similarity|ru|copyleft,12,2,1
sentence-similarity|sa|copyleft,12,2,1
sentence-similarity|te|copyleft,12,2,1
sentence-similarity|th|copyleft,12,2,1
sentence-similarity|ur|copyleft,12,2,1
sentence-similarity|vi|copyleft,12,2,1
video-classification|unk|copyleft,5,1,2
token-classification|bo|unknown,8365,197,2
image-text-to-video|en|other,17,5,11
image-classification|as|permissive,6082,738,1
image-classification|gu|permissive,6082,738,1
image-classification|ne|permissive,6082,738,1
image-classification|or|permissive,6082,738,1
image-classification|sa|permissive,6082,738,1
image-to-text|as|other,24,11,2
image-to-text|bn|other,24,11,2
image-to-text|gu|other,24,11,2
image-to-text|hi|other,24,11,2
image-to-text|kn|other,24,11,2
image-to-text|ks|other,24,11,2
image-to-text|ml|other,24,11,2
image-to-text|mr|other,24,11,2
image-to-text|ne|other,24,11,2
image-to-text|or|other,24,11,2
image-to-text|pa|other,24,11,2
image-to-text|sa|other,24,11,2
image-to-text|sd|other,24,11,2
image-to-text|ta|other,24,11,2
image-to-text|te|other,24,11,2
image-to-text|ur|other,24,11,2
automatic-speech-recognition|hu|vendor_custom,2,2,2
automatic-speech-recognition|ks|other,98,22,4
image-to-text|ee|other,24,10,1
image-text-to-video|zh|other,17,5,5
text-generation|ba|vendor_custom,2421,916,2
text-generation|dv|vendor_custom,2421,916,2
text-generation|fj|vendor_custom,2421,916,2
text-generation|ht|vendor_custom,2421,916,2
text-generation|os|vendor_custom,2421,916,2
text-generation|ps|vendor_custom,2421,916,2
text-generation|qu|vendor_custom,2421,916,2
text-generation|rn|vendor_custom,2421,916,2
text-generation|sn|vendor_custom,2421,916,2
text-generation|st|vendor_custom,2421,916,2
text-generation|tg|vendor_custom,2421,916,2
text-generation|tk|vendor_custom,2421,916,2
text-generation|tn|vendor_custom,2421,916,2
text-generation|to|vendor_custom,2421,916,2
text-generation|ts|vendor_custom,2421,916,2
text-generation|tt|vendor_custom,2421,916,2
text-generation|xh|vendor_custom,2421,916,2
object-detection|el|permissive,1360,95,2
object-detection|he|permissive,1361,95,5
object-detection|is|permissive,1360,95,2
unk|ln|vendor_custom,6685,491,1
audio-classification|fa|unknown,940,36,1
text-generation|uz|noncommercial,2005,947,1
audio-to-audio|ru|copyleft,41,3,1
image-text-to-text|pl|vendor_custom,405,92,1
voice-activity-detection|tg|permissive,96,7,1
audio-to-audio|kk|permissive,353,28,1
audio-to-audio|tt|permissive,353,28,1
audio-to-audio|uz|permissive,353,28,1
text-to-image|uk|other,1999,178,1
unk|sn|other,27578,783,1
image-text-to-image|en|copyleft,1,1,1
translation|fa|other,14,7,2
text-to-audio|my|unknown,858,18,1
other|sd|permissive,262,12,1
text-to-speech|ff|other,88,17,1
text-to-speech|or|other,89,18,3
text-to-speech|su|other,88,17,1
tabular-regression|sv|permissive,145,5,1
image-segmentation|ar|other,349,60,1
image-segmentation|vi|other,349,60,1
visual-document-retrieval|ja|permissive,30,18,1
text-to-speech|am|copyleft,21,5,2
table-to-text|en|permissive,1,1,1
image-feature-extraction|ar|permissive,629,120,1
image-feature-extraction|hi|permissive,629,120,1
image-feature-extraction|ta|permissive,629,120,1
image-feature-extraction|th|permissive,629,120,1
text-to-audio|bm|permissive,234,37,4
tabular-regression|tr|other,10,0,1
sentence-similarity|rm|permissive,1041,169,4
text-generation|wo|other,3932,1102,1
image-to-text|pl|unknown,140,34,1
tabular-classification|it|permissive,337,9,1
tabular-classification|nl|permissive,337,9,1
tabular-regression|be|permissive,146,5,2
tabular-regression|de|permissive,146,5,2
tabular-regression|it|permissive,146,5,2
tabular-regression|nl|permissive,146,5,2
tabular-regression|pt|permissive,147,5,3
audio-classification|hi|unknown,941,36,2
audio-classification|mr|unknown,941,36,2
image-text-to-image|ja|unknown,165,5,1
visual-question-answering|ne|unknown,171,13,1
video-to-video|en|copyleft,2,2,1
translation|bs|other,13,6,1
robotics|ko|vendor_custom,54,10,1
image-segmentation|ru|other,349,60,1
audio-classification|af|other,21,3,1
audio-classification|am|other,21,3,1
audio-classification|as|other,21,3,1
audio-classification|az|other,21,3,1
audio-classification|ba|other,21,3,1
audio-classification|be|other,21,3,1
audio-classification|bg|other,21,3,1
audio-classification|bo|other,21,3,1
audio-classification|br|other,21,3,1
audio-classification|bs|other,21,3,1
audio-classification|ca|other,21,3,1
audio-classification|cs|other,21,3,1
audio-classification|cy|other,21,3,1
audio-classification|da|other,21,3,1
audio-classification|el|other,21,3,1
audio-classification|et|other,21,3,1
audio-classification|eu|other,21,3,1
audio-classification|fa|other,21,3,1
audio-classification|fi|other,21,3,1
audio-classification|fo|other,21,3,1
audio-classification|gl|other,21,3,1
audio-classification|gu|other,21,3,1
audio-classification|ha|other,21,3,1
audio-classification|he|other,21,3,1
audio-classification|hr|other,21,3,1
audio-classification|ht|other,21,3,1
audio-classification|hu|other,21,3,1
audio-classification|hy|other,21,3,1
audio-classification|id|other,21,3,1
audio-classification|is|other,21,3,1
audio-classification|ka|other,21,3,1
audio-classification|kk|other,21,3,1
audio-classification|km|other,21,3,1
audio-classification|kn|other,21,3,1
audio-classification|la|other,21,3,1
audio-classification|lb|other,21,3,1
audio-classification|ln|other,21,3,1
audio-classification|lo|other,21,3,1
audio-classification|lt|other,21,3,1
audio-classification|lv|other,21,3,1
audio-classification|mg|other,21,3,1
audio-classification|mi|other,21,3,1
audio-classification|mk|other,21,3,1
audio-classification|ml|other,21,3,1
audio-classification|mn|other,21,3,1
audio-classification|mr|other,21,3,1
audio-classification|ms|other,21,3,1
audio-classification|mt|other,21,3,1
audio-classification|my|other,21,3,1
audio-classification|ne|other,21,3,1
audio-classification|nn|other,21,3,1
audio-classification|no|other,21,3,1
audio-classification|oc|other,21,3,1
audio-classification|pa|other,21,3,1
audio-classification|ps|other,21,3,1
audio-classification|ro|other,21,3,1
audio-classification|ru|other,21,3,1
audio-classification|sa|other,21,3,1
audio-classification|sd|other,21,3,1
audio-classification|si|other,21,3,1
audio-classification|sk|other,21,3,1
audio-classification|sl|other,21,3,1
audio-classification|sn|other,21,3,1
audio-classification|so|other,21,3,1
audio-classification|sq|other,21,3,1
audio-classification|sr|other,21,3,1
audio-classification|su|other,21,3,1
audio-classification|sv|other,21,3,1
audio-classification|sw|other,21,3,1
audio-classification|ta|other,21,3,1
audio-classification|te|other,21,3,1
audio-classification|tg|other,21,3,1
audio-classification|th|other,21,3,1
audio-classification|tk|other,21,3,1
audio-classification|tl|other,21,3,1
audio-classification|tt|other,21,3,1
audio-classification|uk|other,21,3,1
audio-classification|ur|other,21,3,1
audio-classification|uz|other,21,3,1
audio-classification|yi|other,21,3,1
audio-classification|yo|other,21,3,1
text-classification|ee|noncommercial,287,63,1
text-classification|tw|noncommercial,287,63,1
text-classification|kg|permissive,10348,792,1
unk|sa|vendor_custom,6685,491,1
audio-text-to-text|ja|other,5,2,1
audio-text-to-text|ko|other,5,2,1
image-to-text|az|permissive,358,77,2
translation|pi|noncommercial,38,10,1
robotics|pi|permissive,17434,140,4
text-to-audio|sv|responsible_ai,13,3,1
text-to-audio|tk|responsible_ai,13,3,1
audio-to-audio|ne|permissive,353,28,1
audio-to-audio|sw|permissive,352,28,1
reinforcement-learning|zh|unknown,245,42,1
text-generation|ee|noncommercial,2006,948,6
text-generation|tw|noncommercial,2007,949,12
image-classification|si|permissive,6082,738,1
image-segmentation|ko|permissive,1439,113,1
image-to-text|hy|permissive,357,77,1
audio-text-to-text|ko|unknown,11,4,1
image-text-to-text|bn|unknown,7969,477,1
text-to-speech|ks|other,88,18,2
token-classification|eu|copyleft,89,18,1
audio-classification|ru|copyleft,18,2,5
text-generation|ak|noncommercial,2005,947,4
token-classification|yo|noncommercial,248,25,1
image-to-image|de|permissive,1000,93,1
image-to-text|as|unknown,140,33,1
image-to-text|gu|unknown,140,33,1
image-to-text|kn|unknown,140,33,1
image-to-text|ml|unknown,140,33,1
image-to-text|mr|unknown,140,33,1
image-to-text|or|unknown,140,33,1
image-to-text|pa|unknown,140,33,1
image-to-text|sd|unknown,140,33,1
image-to-text|ta|unknown,140,33,1
image-to-text|te|unknown,140,33,1
text-to-speech|ti|noncommercial,1267,79,1
multiple-choice|ko|permissive,164,60,1
object-detection|es|other,136,6,1
text-generation|az|unknown,128505,15090,6
tabular-classification|ja|permissive,337,9,1
automatic-speech-recognition|lg|copyleft,37,9,1
image-to-text|hy|unknown,140,33,1
image-to-text|da|noncommercial,17,5,1
image-to-text|sv|noncommercial,17,5,1
tabular-classification|uk|permissive,337,9,1
image-to-text|he|noncommercial,17,4,1
video-classification|vi|noncommercial,122,17,1
robotics|el|other,328,34,2
image-to-video|th|other,155,31,1
text-generation|ug|other,3932,1102,1
text-generation|ky|other,3933,1102,1
translation|be|vendor_custom,8,6,1
translation|cv|unknown,699,30,1
text-to-speech|ks|noncommercial,1269,81,3
unk|mt|unknown,149763,4274,1
unk|tg|unknown,149763,4274,1
unk|zu|unknown,149763,4274,1
depth-estimation|en|other,24,8,1
token-classification|ar|copyleft,89,18,1
any-to-any|zh|unknown,22,6,3
image-text-to-text|ks|other,491,143,1
image-text-to-text|ne|other,491,143,1
image-text-to-text|sd|other,491,143,1
image-text-to-text|ur|other,491,143,1
audio-classification|da|unknown,940,36,1
audio-classification|fi|unknown,940,36,1
audio-classification|gu|unknown,940,36,1
audio-classification|it|unknown,940,36,1
audio-classification|nl|unknown,940,36,1
audio-classification|no|unknown,940,36,1
audio-classification|pl|unknown,940,36,1
audio-classification|ta|unknown,940,36,1
audio-classification|te|unknown,940,36,1
audio-classification|tr|unknown,940,36,1
audio-classification|uk|unknown,940,36,1
sentence-similarity|nl|copyleft,12,2,1
text-to-speech|et|copyleft,20,3,1
text-to-audio|zh|noncommercial,104,19,7
feature-extraction|af|unknown,10680,245,1
feature-extraction|as|unknown,10680,245,1
feature-extraction|br|unknown,10680,245,1
feature-extraction|bs|unknown,10680,245,1
feature-extraction|cy|unknown,10680,245,1
feature-extraction|eo|unknown,10680,245,1
feature-extraction|fy|unknown,10680,245,1
feature-extraction|ga|unknown,10680,245,1
feature-extraction|gd|unknown,10680,245,1
feature-extraction|gl|unknown,10680,245,1
feature-extraction|gu|unknown,10680,245,1
feature-extraction|ha|unknown,10680,245,1
feature-extraction|jv|unknown,10680,245,1
feature-extraction|km|unknown,10680,245,1
feature-extraction|kn|unknown,10680,245,1
feature-extraction|ku|unknown,10680,245,1
feature-extraction|ky|unknown,10680,245,1
feature-extraction|la|unknown,10680,245,1
feature-extraction|lo|unknown,10680,245,1
feature-extraction|mg|unknown,10680,245,1
feature-extraction|ml|unknown,10680,245,1
feature-extraction|mn|unknown,10680,245,1
feature-extraction|mr|unknown,10680,245,1
feature-extraction|ne|unknown,10680,245,1
feature-extraction|om|unknown,10680,245,1
feature-extraction|or|unknown,10680,245,1
feature-extraction|pa|unknown,10680,245,1
feature-extraction|sd|unknown,10680,245,1
feature-extraction|si|unknown,10680,245,1
feature-extraction|sk|unknown,10680,245,1
feature-extraction|so|unknown,10680,245,1
feature-extraction|sr|unknown,10680,245,1
feature-extraction|su|unknown,10680,245,1
feature-extraction|sw|unknown,10680,245,1
feature-extraction|te|unknown,10680,245,1
feature-extraction|ug|unknown,10680,245,1
feature-extraction|uz|unknown,10680,245,1
feature-extraction|xh|unknown,10680,245,1
feature-extraction|yi|unknown,10680,245,1
text-to-speech|tl|unknown,157,21,1
audio-text-to-text|zh|unknown,11,3,1
text-classification|pi|noncommercial,286,62,2
text-classification|pi|permissive,10350,794,3
text-to-speech|ak|noncommercial,1269,81,4
image-classification|pt|other,335,67,1
voice-activity-detection|it|permissive,96,7,1
voice-activity-detection|ja|permissive,97,8,2
voice-activity-detection|ko|permissive,96,7,1
voice-activity-detection|pt|permissive,96,7,1
text-generation|tw|other,3932,1102,1
zero-shot-image-classification|tr|other,25,2,1
text-classification|pi|unknown,49599,915,1
image-to-image|cs|other,118,32,1
image-to-image|de|other,118,32,1
image-to-image|ro|other,118,32,1
image-to-image|ru|other,118,32,1
audio-to-audio|ar|other,32,7,1
audio-to-audio|ca|other,32,7,1
audio-to-audio|ee|other,32,7,1
audio-to-audio|eu|other,32,7,1
audio-to-audio|fr|other,32,7,1
audio-to-audio|gl|other,32,7,1
audio-to-audio|gu|other,32,7,1
audio-to-audio|ha|other,32,7,1
audio-to-audio|jv|other,32,7,1
audio-to-audio|ki|other,32,7,1
audio-to-audio|km|other,32,7,1
audio-to-audio|kn|other,32,7,1
audio-to-audio|lg|other,32,7,1
audio-to-audio|ln|other,32,7,1
audio-to-audio|ml|other,32,7,1
audio-to-audio|mr|other,32,7,1
audio-to-audio|my|other,32,7,1
audio-to-audio|ne|other,32,7,1
audio-to-audio|ny|other,32,7,1
audio-to-audio|su|other,32,7,1
audio-to-audio|ta|other,32,7,1
audio-to-audio|te|other,32,7,1
audio-to-audio|tw|other,32,7,1
audio-to-audio|yo|other,32,7,1
audio-to-audio|tw|copyleft,41,3,1
sentence-similarity|tr|other,28,10,3
text-classification|fo|unknown,49600,916,1
text-classification|se|unknown,49600,916,1
audio-to-audio|tw|noncommercial,113,5,1
voice-activity-detection|or|permissive,95,7,1
image-segmentation|da|permissive,1439,113,1
object-detection|ru|unknown,1640,35,1
image-to-3d|th|other,55,12,1
any-to-any|af|unknown,21,5,1
any-to-any|am|unknown,21,5,1
any-to-any|ay|unknown,21,5,1
any-to-any|az|unknown,21,5,1
any-to-any|be|unknown,21,5,1
any-to-any|bg|unknown,21,5,1
any-to-any|bn|unknown,21,5,1
any-to-any|br|unknown,21,5,1
any-to-any|bs|unknown,21,5,1
any-to-any|ca|unknown,21,5,1
any-to-any|ch|unknown,21,5,1
any-to-any|co|unknown,21,5,1
any-to-any|cs|unknown,21,5,1
any-to-any|cy|unknown,21,5,1
any-to-any|da|unknown,21,5,1
any-to-any|el|unknown,21,5,1
any-to-any|eo|unknown,21,5,1
any-to-any|et|unknown,21,5,1
any-to-any|eu|unknown,21,5,1
any-to-any|fa|unknown,21,5,1
any-to-any|ff|unknown,21,5,1
any-to-any|fi|unknown,21,5,1
any-to-any|fj|unknown,21,5,1
any-to-any|fo|unknown,21,5,1
any-to-any|fr|unknown,21,5,1
any-to-any|fy|unknown,21,5,1
any-to-any|ga|unknown,21,5,1
any-to-any|gd|unknown,21,5,1
any-to-any|gl|unknown,21,5,1
any-to-any|gn|unknown,21,5,1
any-to-any|gu|unknown,21,5,1
any-to-any|gv|unknown,21,5,1
any-to-any|ha|unknown,21,5,1
any-to-any|he|unknown,21,5,1
any-to-any|hi|unknown,21,5,1
any-to-any|hr|unknown,21,5,1
any-to-any|hy|unknown,21,5,1
any-to-any|id|unknown,21,5,1
any-to-any|ig|unknown,21,5,1
any-to-any|is|unknown,21,5,1
any-to-any|it|unknown,21,5,1
any-to-any|iu|unknown,21,5,1
any-to-any|ja|unknown,21,5,1
any-to-any|jv|unknown,21,5,1
any-to-any|ka|unknown,21,5,1
any-to-any|kg|unknown,21,5,1
any-to-any|kk|unknown,21,5,1
any-to-any|kl|unknown,21,5,1
any-to-any|km|unknown,21,5,1
any-to-any|kn|unknown,21,5,1
any-to-any|ko|unknown,21,5,1
any-to-any|ku|unknown,21,5,1
any-to-any|kw|unknown,21,5,1
any-to-any|ky|unknown,21,5,1
any-to-any|lb|unknown,21,5,1
any-to-any|lg|unknown,21,5,1
any-to-any|li|unknown,21,5,1
any-to-any|ln|unknown,21,5,1
any-to-any|lo|unknown,21,5,1
any-to-any|lt|unknown,21,5,1
any-to-any|lu|unknown,21,5,1
any-to-any|lv|unknown,21,5,1
any-to-any|mg|unknown,21,5,1
any-to-any|mi|unknown,21,5,1
any-to-any|mk|unknown,21,5,1
any-to-any|ml|unknown,21,5,1
any-to-any|mn|unknown,21,5,1
any-to-any|mr|unknown,21,5,1
any-to-any|ms|unknown,21,5,1
any-to-any|mt|unknown,21,5,1
any-to-any|my|unknown,21,5,1
any-to-any|na|unknown,21,5,1
any-to-any|ne|unknown,21,5,1
any-to-any|nl|unknown,21,5,1
any-to-any|no|unknown,21,5,1
any-to-any|ny|unknown,21,5,1
any-to-any|oc|unknown,21,5,1
any-to-any|om|unknown,21,5,1
any-to-any|pa|unknown,21,5,1
any-to-any|ps|unknown,21,5,1
any-to-any|pt|unknown,21,5,1
any-to-any|qu|unknown,21,5,1
any-to-any|rm|unknown,21,5,1
any-to-any|rn|unknown,21,5,1
any-to-any|ru|unknown,21,5,1
any-to-any|rw|unknown,21,5,1
any-to-any|sc|unknown,21,5,1
any-to-any|sg|unknown,21,5,1
any-to-any|si|unknown,21,5,1
any-to-any|sk|unknown,21,5,1
any-to-any|sl|unknown,21,5,1
any-to-any|sm|unknown,21,5,1
any-to-any|sn|unknown,21,5,1
any-to-any|so|unknown,21,5,1
any-to-any|sq|unknown,21,5,1
any-to-any|sr|unknown,21,5,1
any-to-any|st|unknown,21,5,1
any-to-any|su|unknown,21,5,1
any-to-any|sv|unknown,21,5,1
any-to-any|sw|unknown,21,5,1
any-to-any|ta|unknown,21,5,1
any-to-any|te|unknown,21,5,1
any-to-any|tg|unknown,21,5,1
any-to-any|th|unknown,21,5,1
any-to-any|tk|unknown,21,5,1
any-to-any|tl|unknown,21,5,1
any-to-any|tn|unknown,21,5,1
any-to-any|to|unknown,21,5,1
any-to-any|ts|unknown,21,5,1
any-to-any|ty|unknown,21,5,1
any-to-any|uk|unknown,21,5,1
any-to-any|ur|unknown,21,5,1
any-to-any|uz|unknown,21,5,1
any-to-any|ve|unknown,21,5,1
any-to-any|wa|unknown,21,5,1
any-to-any|wo|unknown,21,5,1
any-to-any|xh|unknown,21,5,1
any-to-any|yo|unknown,21,5,1
any-to-any|zu|unknown,21,5,1
text-to-audio|it|noncommercial,105,20,1
text-to-audio|fr|noncommercial,106,21,2
text-to-audio|bg|noncommercial,105,20,1
unk|tt|other,27579,783,1
text-to-audio|pa|noncommercial,105,20,1
text-to-audio|ur|noncommercial,105,20,1
image-segmentation|sv|other,349,61,1
image-segmentation|zh|unknown,171,11,1
multiple-choice|de|permissive,164,60,1
zero-shot-classification|ja|noncommercial,4,3,4
text-to-audio|es|noncommercial,105,20,1
text-to-audio|pt|noncommercial,105,20,1
tabular-regression|en|other,10,0,1
automatic-speech-recognition|am|vendor_custom,2,2,2
automatic-speech-recognition|om|vendor_custom,2,2,2
automatic-speech-recognition|sw|vendor_custom,2,2,2
zero-shot-image-classification|ms|permissive,615,73,13
audio-to-audio|ta|permissive,353,28,1
voice-activity-detection|bn|other,16,2,1
voice-activity-detection|gu|other,16,2,1
voice-activity-detection|hi|other,16,2,1
voice-activity-detection|kn|other,16,2,1
voice-activity-detection|ml|other,16,2,1
voice-activity-detection|mr|other,16,2,1
voice-activity-detection|pa|other,16,2,1
voice-activity-detection|ta|other,16,2,1
voice-activity-detection|te|other,16,2,1
text-classification|ht|noncommercial,287,63,1
table-question-answering|ta|permissive,16,11,1
text-generation|mi|unknown,128506,15090,1
depth-estimation|zh|permissive,242,57,1
zero-shot-classification|en|other,4,2,2
zero-shot-classification|ru|other,3,1,1
time-series-forecasting|zh|other,18,3,1
zero-shot-classification|ko|noncommercial,2,2,2
text-ranking|ja|vendor_custom,1,1,1
text-generation|om|noncommercial,2006,948,2
unk|st|unknown,149763,4274,1
