setting,semantics,k,strategy,seed,removed_providers,options_lost,matched_to,size_ratio
tol90,availability,5,descendants,,7545,0,,
tol90,availability,5,null,0.0,7773,0,descendants,1.0302186878727635
tol90,availability,5,null,1.0,7967,0,descendants,1.0559310801855533
tol90,availability,5,null,2.0,7872,0,descendants,1.0433399602385687
tol90,availability,5,null,3.0,8857,0,descendants,1.1738899933730949
tol90,availability,5,null,4.0,7540,0,descendants,0.9993373094764745
tol90,availability,5,null,5.0,7536,0,descendants,0.9988071570576541
tol90,availability,5,null,6.0,7540,0,descendants,0.9993373094764745
tol90,availability,5,null,7.0,7533,0,descendants,0.9984095427435388
tol90,availability,5,null,8.0,7561,0,descendants,1.0021206096752817
tol90,availability,5,null,9.0,7612,0,descendants,1.008880053015242
tol90,availability,5,null,10.0,7970,0,descendants,1.0563286944996686
tol90,availability,5,null,11.0,7736,0,descendants,1.0253147779986747
tol90,availability,5,null,12.0,7535,2,descendants,0.998674618952949
tol90,availability,5,null,13.0,7589,1,descendants,1.0058316766070245
tol90,availability,5,null,14.0,9693,0,descendants,1.2846918489065606
tol90,availability,5,null,15.0,7545,0,descendants,1.0
tol90,availability,5,null,16.0,7537,0,descendants,0.9989396951623591
tol90,availability,5,null,17.0,7536,3,descendants,0.9988071570576541
tol90,availability,5,null,18.0,7545,0,descendants,1.0
tol90,availability,5,null,19.0,7543,0,descendants,0.9997349237905898
tol90,availability,5,null,20.0,7537,0,descendants,0.9989396951623591
tol90,availability,5,null,21.0,7949,1,descendants,1.0535453943008615
tol90,availability,5,null,22.0,7538,0,descendants,0.9990722332670643
tol90,availability,5,null,23.0,7592,0,descendants,1.0062292909211399
tol90,availability,5,null,24.0,7537,0,descendants,0.9989396951623591
tol90,availability,5,null,25.0,7539,1,descendants,0.9992047713717693
tol90,availability,5,null,26.0,7541,0,descendants,0.9994698475811796
tol90,availability,5,null,27.0,7548,0,descendants,1.0003976143141153
tol90,availability,5,null,28.0,7542,0,descendants,0.9996023856858847
tol90,availability,5,null,29.0,7789,0,descendants,1.032339297548045
tol90,availability,5,null,30.0,7537,0,descendants,0.9989396951623591
tol90,availability,5,null,31.0,7539,2,descendants,0.9992047713717693
tol90,availability,5,null,32.0,7530,1,descendants,0.9980119284294234
tol90,availability,5,null,33.0,11786,0,descendants,1.5620941020543406
tol90,availability,5,null,34.0,7538,0,descendants,0.9990722332670643
tol90,availability,5,null,35.0,7737,0,descendants,1.0254473161033797
tol90,availability,5,null,36.0,7542,0,descendants,0.9996023856858847
tol90,availability,5,null,37.0,7662,0,descendants,1.015506958250497
tol90,availability,5,null,38.0,10265,0,descendants,1.3605036447978793
tol90,availability,5,null,39.0,7902,0,descendants,1.0473161033797216
tol90,availability,5,null,40.0,7541,0,descendants,0.9994698475811796
tol90,availability,5,null,41.0,7553,0,descendants,1.0010603048376407
tol90,availability,5,null,42.0,7535,1,descendants,0.998674618952949
tol90,availability,5,null,43.0,8132,0,descendants,1.0777998674618954
tol90,availability,5,null,44.0,7541,2,descendants,0.9994698475811796
tol90,availability,5,null,45.0,7546,1,descendants,1.000132538104705
tol90,availability,5,null,46.0,7533,0,descendants,0.9984095427435388
tol90,availability,5,null,47.0,7526,0,descendants,0.9974817760106031
tol90,availability,5,null,48.0,7537,0,descendants,0.9989396951623591
tol90,availability,5,null,49.0,8639,0,descendants,1.1449966865473824
tol90,availability,5,null,50.0,7541,0,descendants,0.9994698475811796
tol90,availability,5,null,51.0,7534,0,descendants,0.9985420808482439
tol90,availability,5,null,52.0,7531,0,descendants,0.9981444665341286
tol90,availability,5,null,53.0,7539,0,descendants,0.9992047713717693
tol90,availability,5,null,54.0,7536,1,descendants,0.9988071570576541
tol90,availability,5,null,55.0,7568,0,descendants,1.0030483764082174
tol90,availability,5,null,56.0,7521,0,descendants,0.9968190854870775
tol90,availability,5,null,57.0,7530,1,descendants,0.9980119284294234
tol90,availability,5,null,58.0,7540,1,descendants,0.9993373094764745
tol90,availability,5,null,59.0,7527,0,descendants,0.9976143141153081
tol90,availability,5,null,60.0,7539,0,descendants,0.9992047713717693
tol90,availability,5,null,61.0,9274,1,descendants,1.2291583830351227
tol90,availability,5,null,62.0,8379,0,descendants,1.1105367793240557
tol90,availability,5,null,63.0,7522,0,descendants,0.9969516235917827
tol90,availability,5,null,64.0,7536,1,descendants,0.9988071570576541
tol90,availability,5,null,65.0,7920,1,descendants,1.0497017892644136
tol90,availability,5,null,66.0,7527,0,descendants,0.9976143141153081
tol90,availability,5,null,67.0,7537,0,descendants,0.9989396951623591
tol90,availability,5,null,68.0,7612,0,descendants,1.008880053015242
tol90,availability,5,null,69.0,8718,0,descendants,1.1554671968190855
tol90,availability,5,null,70.0,7918,0,descendants,1.0494367130550033
tol90,availability,5,null,71.0,7528,1,descendants,0.9977468522200132
tol90,availability,5,null,72.0,7540,1,descendants,0.9993373094764745
tol90,availability,5,null,73.0,7526,1,descendants,0.9974817760106031
tol90,availability,5,null,74.0,7533,1,descendants,0.9984095427435388
tol90,availability,5,null,75.0,7677,0,descendants,1.0174950298210736
tol90,availability,5,null,76.0,8088,0,descendants,1.0719681908548708
tol90,availability,5,null,77.0,7534,0,descendants,0.9985420808482439
tol90,availability,5,null,78.0,7543,0,descendants,0.9997349237905898
tol90,availability,5,null,79.0,8031,0,descendants,1.06441351888668
tol90,availability,5,null,80.0,7480,0,descendants,0.9913850231941683
tol90,availability,5,null,81.0,8925,0,descendants,1.1829025844930416
tol90,availability,5,null,82.0,7620,0,descendants,1.0099403578528827
tol90,availability,5,null,83.0,11574,0,descendants,1.5339960238568588
tol90,availability,5,null,84.0,7530,0,descendants,0.9980119284294234
tol90,availability,5,null,85.0,7544,0,descendants,0.9998674618952949
tol90,availability,5,null,86.0,7597,0,descendants,1.0068919814446653
tol90,availability,5,null,87.0,8778,0,descendants,1.1634194831013918
tol90,availability,5,null,88.0,7540,0,descendants,0.9993373094764745
tol90,availability,5,null,89.0,7728,0,descendants,1.024254473161034
tol90,availability,5,null,90.0,7543,0,descendants,0.9997349237905898
tol90,availability,5,null,91.0,7542,0,descendants,0.9996023856858847
tol90,availability,5,null,92.0,7525,0,descendants,0.9973492379058979
tol90,availability,5,null,93.0,7544,0,descendants,0.9998674618952949
tol90,availability,5,null,94.0,9089,0,descendants,1.2046388336646785
tol90,availability,5,null,95.0,7618,0,descendants,1.0096752816434724
tol90,availability,5,null,96.0,7544,0,descendants,0.9998674618952949
tol90,availability,5,null,97.0,7629,0,descendants,1.0111332007952287
tol90,availability,5,null,98.0,9365,0,descendants,1.241219350563287
tol90,availability,5,null,99.0,7545,1,descendants,1.0
tol90,availability,5,null,100.0,7807,1,descendants,1.034724983432737
tol90,availability,5,null,101.0,7994,0,descendants,1.059509609012591
tol90,availability,5,null,102.0,8356,0,descendants,1.1074884029158383
tol90,availability,5,null,103.0,7541,0,descendants,0.9994698475811796
tol90,availability,5,null,104.0,7536,1,descendants,0.9988071570576541
tol90,availability,5,null,105.0,7530,0,descendants,0.9980119284294234
tol90,availability,5,null,106.0,7530,0,descendants,0.9980119284294234
tol90,availability,5,null,107.0,7543,0,descendants,0.9997349237905898
tol90,availability,5,null,108.0,7736,0,descendants,1.0253147779986747
tol90,availability,5,null,109.0,7542,0,descendants,0.9996023856858847
tol90,availability,5,null,110.0,7538,2,descendants,0.9990722332670643
tol90,availability,5,null,111.0,7749,0,descendants,1.027037773359841
tol90,availability,5,null,112.0,7666,0,descendants,1.0160371106693173
tol90,availability,5,null,113.0,7540,0,descendants,0.9993373094764745
tol90,availability,5,null,114.0,7540,0,descendants,0.9993373094764745
tol90,availability,5,null,115.0,7635,0,descendants,1.0119284294234592
tol90,availability,5,null,116.0,7540,0,descendants,0.9993373094764745
tol90,availability,5,null,117.0,7526,0,descendants,0.9974817760106031
tol90,availability,5,null,118.0,9309,0,descendants,1.2337972166998012
tol90,availability,5,null,119.0,9294,0,descendants,1.2318091451292246
tol90,availability,5,null,120.0,7542,0,descendants,0.9996023856858847
tol90,availability,5,null,121.0,7539,0,descendants,0.9992047713717693
tol90,availability,5,null,122.0,7699,0,descendants,1.0204108681245858
tol90,availability,5,null,123.0,7541,0,descendants,0.9994698475811796
tol90,availability,5,null,124.0,7537,0,descendants,0.9989396951623591
tol90,availability,5,null,125.0,7540,0,descendants,0.9993373094764745
tol90,availability,5,null,126.0,7538,0,descendants,0.9990722332670643
tol90,availability,5,null,127.0,7554,0,descendants,1.001192842942346
tol90,availability,5,null,128.0,7524,0,descendants,0.9972166998011929
tol90,availability,5,null,129.0,7534,1,descendants,0.9985420808482439
tol90,availability,5,null,130.0,10526,1,descendants,1.3950960901259113
tol90,availability,5,null,131.0,7539,2,descendants,0.9992047713717693
tol90,availability,5,null,132.0,7565,0,descendants,1.002650762094102
tol90,availability,5,null,133.0,11484,0,descendants,1.5220675944333997
tol90,availability,5,null,134.0,7563,0,descendants,1.0023856858846918
tol90,availability,5,null,135.0,7548,0,descendants,1.0003976143141153
tol90,availability,5,null,136.0,7539,0,descendants,0.9992047713717693
tol90,availability,5,null,137.0,7538,0,descendants,0.9990722332670643
tol90,availability,5,null,138.0,7712,0,descendants,1.0221338634857522
tol90,availability,5,null,139.0,7545,0,descendants,1.0
tol90,availability,5,null,140.0,8262,0,descendants,1.0950298210735587
tol90,availability,5,null,141.0,7535,0,descendants,0.998674618952949
tol90,availability,5,null,142.0,7986,0,descendants,1.0584493041749503
tol90,availability,5,null,143.0,7835,0,descendants,1.0384360503644798
tol90,availability,5,null,144.0,7539,0,descendants,0.9992047713717693
tol90,availability,5,null,145.0,7539,2,descendants,0.9992047713717693
tol90,availability,5,null,146.0,7534,1,descendants,0.9985420808482439
tol90,availability,5,null,147.0,7536,0,descendants,0.9988071570576541
tol90,availability,5,null,148.0,7774,2,descendants,1.0303512259774685
tol90,availability,5,null,149.0,8038,0,descendants,1.0653412856196156
tol90,availability,5,null,150.0,7545,0,descendants,1.0
tol90,availability,5,null,151.0,7537,0,descendants,0.9989396951623591
tol90,availability,5,null,152.0,7543,0,descendants,0.9997349237905898
tol90,availability,5,null,153.0,7630,0,descendants,1.0112657388999338
tol90,availability,5,null,154.0,7540,2,descendants,0.9993373094764745
tol90,availability,5,null,155.0,7597,2,descendants,1.0068919814446653
tol90,availability,5,null,156.0,7527,0,descendants,0.9976143141153081
tol90,availability,5,null,157.0,7628,0,descendants,1.0110006626905235
tol90,availability,5,null,158.0,7539,0,descendants,0.9992047713717693
tol90,availability,5,null,159.0,7555,0,descendants,1.001325381047051
tol90,availability,5,null,160.0,7534,0,descendants,0.9985420808482439
tol90,availability,5,null,161.0,7690,1,descendants,1.0192180251822398
tol90,availability,5,null,162.0,11159,0,descendants,1.4789927104042413
tol90,availability,5,null,163.0,7508,1,descendants,0.9950960901259112
tol90,availability,5,null,164.0,7544,1,descendants,0.9998674618952949
tol90,availability,5,null,165.0,7818,0,descendants,1.036182902584493
tol90,availability,5,null,166.0,7944,0,descendants,1.052882703777336
tol90,availability,5,null,167.0,8280,1,descendants,1.0974155069582505
tol90,availability,5,null,168.0,7538,0,descendants,0.9990722332670643
tol90,availability,5,null,169.0,7547,0,descendants,1.0002650762094103
tol90,availability,5,null,170.0,7545,0,descendants,1.0
tol90,availability,5,null,171.0,7538,0,descendants,0.9990722332670643
tol90,availability,5,null,172.0,7534,0,descendants,0.9985420808482439
tol90,availability,5,null,173.0,7532,0,descendants,0.9982770046388336
tol90,availability,5,null,174.0,7751,0,descendants,1.027302849569251
tol90,availability,5,null,175.0,7555,0,descendants,1.001325381047051
tol90,availability,5,null,176.0,7667,0,descendants,1.0161696487740226
tol90,availability,5,null,177.0,7538,0,descendants,0.9990722332670643
tol90,availability,5,null,178.0,7544,1,descendants,0.9998674618952949
tol90,availability,5,null,179.0,7540,0,descendants,0.9993373094764745
tol90,availability,5,null,180.0,12372,1,descendants,1.6397614314115307
tol90,availability,5,null,181.0,7534,1,descendants,0.9985420808482439
tol90,availability,5,null,182.0,7537,0,descendants,0.9989396951623591
tol90,availability,5,null,183.0,7541,0,descendants,0.9994698475811796
tol90,availability,5,null,184.0,7537,0,descendants,0.9989396951623591
tol90,availability,5,null,185.0,7533,0,descendants,0.9984095427435388
tol90,availability,5,null,186.0,7525,1,descendants,0.9973492379058979
tol90,availability,5,null,187.0,7549,1,descendants,1.0005301524188204
tol90,availability,5,null,188.0,7556,0,descendants,1.001457919151756
tol90,availability,5,null,189.0,7537,0,descendants,0.9989396951623591
tol90,availability,5,null,190.0,7798,0,descendants,1.033532140490391
tol90,availability,5,null,191.0,8503,0,descendants,1.1269715043074884
tol90,availability,5,null,192.0,7543,0,descendants,0.9997349237905898
tol90,availability,5,null,193.0,7537,0,descendants,0.9989396951623591
tol90,availability,5,null,194.0,7513,0,descendants,0.9957587806494367
tol90,availability,5,null,195.0,7531,1,descendants,0.9981444665341286
tol90,availability,5,null,196.0,7539,0,descendants,0.9992047713717693
tol90,availability,5,null,197.0,7522,0,descendants,0.9969516235917827
tol90,availability,5,null,198.0,9209,1,descendants,1.220543406229291
tol90,availability,5,null,199.0,7539,0,descendants,0.9992047713717693
tol90,availability,5,null,200.0,7543,0,descendants,0.9997349237905898
tol90,availability,5,null,201.0,8016,0,descendants,1.0624254473161034
tol90,availability,5,null,202.0,7503,0,descendants,0.9944333996023856
tol90,availability,5,null,203.0,7541,0,descendants,0.9994698475811796
tol90,availability,5,null,204.0,7537,0,descendants,0.9989396951623591
tol90,availability,5,null,205.0,8097,0,descendants,1.0731610337972166
tol90,availability,5,null,206.0,7536,0,descendants,0.9988071570576541
tol90,availability,5,null,207.0,7543,0,descendants,0.9997349237905898
tol90,availability,5,null,208.0,9123,1,descendants,1.209145129224652
tol90,availability,5,null,209.0,7540,0,descendants,0.9993373094764745
tol90,availability,5,null,210.0,7537,0,descendants,0.9989396951623591
tol90,availability,5,null,211.0,7950,0,descendants,1.0536779324055665
tol90,availability,5,null,212.0,7531,0,descendants,0.9981444665341286
tol90,availability,5,null,213.0,7547,0,descendants,1.0002650762094103
tol90,availability,5,null,214.0,7531,0,descendants,0.9981444665341286
tol90,availability,5,null,215.0,7534,0,descendants,0.9985420808482439
tol90,availability,5,null,216.0,7645,0,descendants,1.0132538104705102
tol90,availability,5,null,217.0,7543,0,descendants,0.9997349237905898
tol90,availability,5,null,218.0,7519,0,descendants,0.9965540092776674
tol90,availability,5,null,219.0,7556,0,descendants,1.001457919151756
tol90,availability,5,null,220.0,7543,0,descendants,0.9997349237905898
tol90,availability,5,null,221.0,8205,0,descendants,1.0874751491053678
tol90,availability,5,null,222.0,7565,0,descendants,1.002650762094102
tol90,availability,5,null,223.0,9692,0,descendants,1.2845593108018556
tol90,availability,5,null,224.0,7534,0,descendants,0.9985420808482439
tol90,availability,5,null,225.0,7544,1,descendants,0.9998674618952949
tol90,availability,5,null,226.0,7536,0,descendants,0.9988071570576541
tol90,availability,5,null,227.0,7539,0,descendants,0.9992047713717693
tol90,availability,5,null,228.0,7532,0,descendants,0.9982770046388336
tol90,availability,5,null,229.0,7557,0,descendants,1.0015904572564613
tol90,availability,5,null,230.0,7543,0,descendants,0.9997349237905898
tol90,availability,5,null,231.0,7549,0,descendants,1.0005301524188204
tol90,availability,5,null,232.0,7572,0,descendants,1.0035785288270378
tol90,availability,5,null,233.0,9954,0,descendants,1.3192842942345924
tol90,availability,5,null,234.0,7534,0,descendants,0.9985420808482439
tol90,availability,5,null,235.0,7531,1,descendants,0.9981444665341286
tol90,availability,5,null,236.0,8383,0,descendants,1.111066931742876
tol90,availability,5,null,237.0,12901,0,descendants,1.7098740888005302
tol90,availability,5,null,238.0,7552,0,descendants,1.0009277667329357
tol90,availability,5,null,239.0,7545,0,descendants,1.0
tol90,availability,5,null,240.0,7539,0,descendants,0.9992047713717693
tol90,availability,5,null,241.0,10056,0,descendants,1.3328031809145129
tol90,availability,5,null,242.0,7537,0,descendants,0.9989396951623591
tol90,availability,5,null,243.0,7560,0,descendants,1.0019880715705765
tol90,availability,5,null,244.0,9510,2,descendants,1.260437375745527
tol90,availability,5,null,245.0,7542,1,descendants,0.9996023856858847
tol90,availability,5,null,246.0,7538,0,descendants,0.9990722332670643
tol90,availability,5,null,247.0,7533,0,descendants,0.9984095427435388
tol90,availability,5,null,248.0,7538,0,descendants,0.9990722332670643
tol90,availability,5,null,249.0,8004,0,descendants,1.060834990059642
tol90,availability,5,null,250.0,8067,0,descendants,1.0691848906560637
tol90,availability,5,null,251.0,7536,0,descendants,0.9988071570576541
tol90,availability,5,null,252.0,7534,0,descendants,0.9985420808482439
tol90,availability,5,null,253.0,7544,0,descendants,0.9998674618952949
tol90,availability,5,null,254.0,7538,0,descendants,0.9990722332670643
tol90,availability,5,null,255.0,7811,1,descendants,1.0352551358515574
tol90,availability,5,null,256.0,7616,0,descendants,1.0094102054340623
tol90,availability,5,null,257.0,7542,0,descendants,0.9996023856858847
tol90,availability,5,null,258.0,7537,0,descendants,0.9989396951623591
tol90,availability,5,null,259.0,7675,0,descendants,1.0172299536116634
tol90,availability,5,null,260.0,7690,0,descendants,1.0192180251822398
tol90,availability,5,null,261.0,7540,0,descendants,0.9993373094764745
tol90,availability,5,null,262.0,7542,0,descendants,0.9996023856858847
tol90,availability,5,null,263.0,7532,0,descendants,0.9982770046388336
tol90,availability,5,null,264.0,7738,0,descendants,1.0255798542080847
tol90,availability,5,null,265.0,8643,0,descendants,1.1455268389662028
tol90,availability,5,null,266.0,7592,0,descendants,1.0062292909211399
tol90,availability,5,null,267.0,7620,0,descendants,1.0099403578528827
tol90,availability,5,null,268.0,7564,3,descendants,1.002518223989397
tol90,availability,5,null,269.0,7540,0,descendants,0.9993373094764745
tol90,availability,5,null,270.0,7536,0,descendants,0.9988071570576541
tol90,availability,5,null,271.0,8010,0,descendants,1.0616302186878728
tol90,availability,5,null,272.0,9098,0,descendants,1.2058316766070245
tol90,availability,5,null,273.0,7545,0,descendants,1.0
tol90,availability,5,null,274.0,7665,0,descendants,1.0159045725646123
tol90,availability,5,null,275.0,7775,0,descendants,1.0304837640821736
tol90,availability,5,null,276.0,7732,0,descendants,1.0247846255798543
tol90,availability,5,null,277.0,7535,0,descendants,0.998674618952949
tol90,availability,5,null,278.0,7542,0,descendants,0.9996023856858847
tol90,availability,5,null,279.0,7539,1,descendants,0.9992047713717693
tol90,availability,5,null,280.0,7542,0,descendants,0.9996023856858847
tol90,availability,5,null,281.0,7735,0,descendants,1.0251822398939696
tol90,availability,5,null,282.0,7543,0,descendants,0.9997349237905898
tol90,availability,5,null,283.0,7736,0,descendants,1.0253147779986747
tol90,availability,5,null,284.0,7538,0,descendants,0.9990722332670643
tol90,availability,5,null,285.0,7525,0,descendants,0.9973492379058979
tol90,availability,5,null,286.0,8571,0,descendants,1.1359840954274354
tol90,availability,5,null,287.0,7990,1,descendants,1.0589794565937707
tol90,availability,5,null,288.0,9506,0,descendants,1.2599072233267063
tol90,availability,5,null,289.0,7612,0,descendants,1.008880053015242
tol90,availability,5,null,290.0,9862,0,descendants,1.307090788601723
tol90,availability,5,null,291.0,7577,0,descendants,1.0042412193505632
tol90,availability,5,null,292.0,7530,0,descendants,0.9980119284294234
tol90,availability,5,null,293.0,7541,0,descendants,0.9994698475811796
tol90,availability,5,null,294.0,7541,1,descendants,0.9994698475811796
tol90,availability,5,null,295.0,7541,0,descendants,0.9994698475811796
tol90,availability,5,null,296.0,7549,0,descendants,1.0005301524188204
tol90,availability,5,null,297.0,7541,0,descendants,0.9994698475811796
tol90,availability,5,null,298.0,7959,0,descendants,1.0548707753479125
tol90,availability,5,null,299.0,7536,0,descendants,0.9988071570576541
tol90,availability,5,null,300.0,7541,0,descendants,0.9994698475811796
tol90,availability,5,null,301.0,8461,0,descendants,1.1214049039098741
tol90,availability,5,null,302.0,7538,0,descendants,0.9990722332670643
tol90,availability,5,null,303.0,7813,0,descendants,1.0355202120609674
tol90,availability,5,null,304.0,7539,0,descendants,0.9992047713717693
tol90,availability,5,null,305.0,7537,2,descendants,0.9989396951623591
tol90,availability,5,null,306.0,7534,1,descendants,0.9985420808482439
tol90,availability,5,null,307.0,7681,0,descendants,1.018025182239894
tol90,availability,5,null,308.0,7542,0,descendants,0.9996023856858847
tol90,availability,5,null,309.0,9181,0,descendants,1.216832339297548
tol90,availability,5,null,310.0,8589,0,descendants,1.1383697813121272
tol90,availability,5,null,311.0,7597,1,descendants,1.0068919814446653
tol90,availability,5,null,312.0,9466,0,descendants,1.2546056991385024
tol90,availability,5,null,313.0,7538,0,descendants,0.9990722332670643
tol90,availability,5,null,314.0,8265,2,descendants,1.095427435387674
tol90,availability,5,null,315.0,7541,0,descendants,0.9994698475811796
tol90,availability,5,null,316.0,7538,0,descendants,0.9990722332670643
tol90,availability,5,null,317.0,7546,1,descendants,1.000132538104705
tol90,availability,5,null,318.0,8883,1,descendants,1.1773359840954274
tol90,availability,5,null,319.0,7538,0,descendants,0.9990722332670643
tol90,availability,5,null,320.0,7704,0,descendants,1.0210735586481112
tol90,availability,5,null,321.0,7539,0,descendants,0.9992047713717693
tol90,availability,5,null,322.0,7639,2,descendants,1.0124585818422795
tol90,availability,5,null,323.0,7543,0,descendants,0.9997349237905898
tol90,availability,5,null,324.0,7532,0,descendants,0.9982770046388336
tol90,availability,5,null,325.0,7544,0,descendants,0.9998674618952949
tol90,availability,5,null,326.0,7515,0,descendants,0.9960238568588469
tol90,availability,5,null,327.0,7543,0,descendants,0.9997349237905898
tol90,availability,5,null,328.0,7515,0,descendants,0.9960238568588469
tol90,availability,5,null,329.0,7545,0,descendants,1.0
tol90,availability,5,null,330.0,7544,0,descendants,0.9998674618952949
tol90,availability,5,null,331.0,7537,0,descendants,0.9989396951623591
tol90,availability,5,null,332.0,7539,0,descendants,0.9992047713717693
tol90,availability,5,null,333.0,7537,0,descendants,0.9989396951623591
tol90,availability,5,null,334.0,7747,0,descendants,1.0267726971504307
tol90,availability,5,null,335.0,9351,0,descendants,1.2393638170974155
tol90,availability,5,null,336.0,7540,0,descendants,0.9993373094764745
tol90,availability,5,null,337.0,7543,2,descendants,0.9997349237905898
tol90,availability,5,null,338.0,7561,0,descendants,1.0021206096752817
tol90,availability,5,null,339.0,7527,0,descendants,0.9976143141153081
tol90,availability,5,null,340.0,7818,0,descendants,1.036182902584493
tol90,availability,5,null,341.0,7862,0,descendants,1.0420145791915176
tol90,availability,5,null,342.0,9911,0,descendants,1.313585155732273
tol90,availability,5,null,343.0,7539,0,descendants,0.9992047713717693
tol90,availability,5,null,344.0,7538,0,descendants,0.9990722332670643
tol90,availability,5,null,345.0,7543,0,descendants,0.9997349237905898
tol90,availability,5,null,346.0,7541,0,descendants,0.9994698475811796
tol90,availability,5,null,347.0,7892,0,descendants,1.0459907223326705
tol90,availability,5,null,348.0,7540,0,descendants,0.9993373094764745
tol90,availability,5,null,349.0,7692,0,descendants,1.01948310139165
tol90,availability,5,null,350.0,7551,0,descendants,1.0007952286282307
tol90,availability,5,null,351.0,7545,0,descendants,1.0
tol90,availability,5,null,352.0,7540,0,descendants,0.9993373094764745
tol90,availability,5,null,353.0,7546,0,descendants,1.000132538104705
tol90,availability,5,null,354.0,7542,0,descendants,0.9996023856858847
tol90,availability,5,null,355.0,7849,0,descendants,1.0402915838303513
tol90,availability,5,null,356.0,7538,0,descendants,0.9990722332670643
tol90,availability,5,null,357.0,7535,0,descendants,0.998674618952949
tol90,availability,5,null,358.0,7524,0,descendants,0.9972166998011929
tol90,availability,5,null,359.0,7544,0,descendants,0.9998674618952949
tol90,availability,5,null,360.0,9342,0,descendants,1.2381709741550695
tol90,availability,5,null,361.0,10419,0,descendants,1.3809145129224651
tol90,availability,5,null,362.0,7552,0,descendants,1.0009277667329357
tol90,availability,5,null,363.0,7540,0,descendants,0.9993373094764745
tol90,availability,5,null,364.0,7535,0,descendants,0.998674618952949
tol90,availability,5,null,365.0,7545,0,descendants,1.0
tol90,availability,5,null,366.0,7613,0,descendants,1.009012591119947
tol90,availability,5,null,367.0,7535,0,descendants,0.998674618952949
tol90,availability,5,null,368.0,7950,0,descendants,1.0536779324055665
tol90,availability,5,null,369.0,7540,2,descendants,0.9993373094764745
tol90,availability,5,null,370.0,7617,1,descendants,1.0095427435387674
tol90,availability,5,null,371.0,9448,0,descendants,1.2522200132538104
tol90,availability,5,null,372.0,7540,0,descendants,0.9993373094764745
tol90,availability,5,null,373.0,7888,0,descendants,1.0454605699138502
tol90,availability,5,null,374.0,7522,1,descendants,0.9969516235917827
tol90,availability,5,null,375.0,7542,0,descendants,0.9996023856858847
tol90,availability,5,null,376.0,7540,0,descendants,0.9993373094764745
tol90,availability,5,null,377.0,7586,0,descendants,1.0054340622929092
tol90,availability,5,null,378.0,7550,0,descendants,1.0006626905235254
tol90,availability,5,null,379.0,7701,0,descendants,1.020675944333996
tol90,availability,5,null,380.0,7531,0,descendants,0.9981444665341286
tol90,availability,5,null,381.0,7539,0,descendants,0.9992047713717693
tol90,availability,5,null,382.0,7536,0,descendants,0.9988071570576541
tol90,availability,5,null,383.0,7536,0,descendants,0.9988071570576541
tol90,availability,5,null,384.0,8021,2,descendants,1.0630881378396289
tol90,availability,5,null,385.0,7541,0,descendants,0.9994698475811796
tol90,availability,5,null,386.0,8147,2,descendants,1.0797879390324718
tol90,availability,5,null,387.0,7544,1,descendants,0.9998674618952949
tol90,availability,5,null,388.0,7540,0,descendants,0.9993373094764745
tol90,availability,5,null,389.0,7544,0,descendants,0.9998674618952949
tol90,availability,5,null,390.0,7538,1,descendants,0.9990722332670643
tol90,availability,5,null,391.0,7536,1,descendants,0.9988071570576541
tol90,availability,5,null,392.0,7522,0,descendants,0.9969516235917827
tol90,availability,5,null,393.0,7548,0,descendants,1.0003976143141153
tol90,availability,5,null,394.0,7539,0,descendants,0.9992047713717693
tol90,availability,5,null,395.0,7537,0,descendants,0.9989396951623591
tol90,availability,5,null,396.0,7541,0,descendants,0.9994698475811796
tol90,availability,5,null,397.0,7720,0,descendants,1.023194168323393
tol90,availability,5,null,398.0,7536,0,descendants,0.9988071570576541
tol90,availability,5,null,399.0,8139,0,descendants,1.078727634194831
tol90,availability,5,null,400.0,7543,0,descendants,0.9997349237905898
tol90,availability,5,null,401.0,7535,0,descendants,0.998674618952949
tol90,availability,5,null,402.0,7720,0,descendants,1.023194168323393
tol90,availability,5,null,403.0,7545,0,descendants,1.0
tol90,availability,5,null,404.0,7764,1,descendants,1.0290258449304175
tol90,availability,5,null,405.0,7664,0,descendants,1.0157720344599073
tol90,availability,5,null,406.0,7541,0,descendants,0.9994698475811796
tol90,availability,5,null,407.0,7543,0,descendants,0.9997349237905898
tol90,availability,5,null,408.0,7534,0,descendants,0.9985420808482439
tol90,availability,5,null,409.0,7542,0,descendants,0.9996023856858847
tol90,availability,5,null,410.0,7537,0,descendants,0.9989396951623591
tol90,availability,5,null,411.0,7533,0,descendants,0.9984095427435388
tol90,availability,5,null,412.0,7722,0,descendants,1.0234592445328032
tol90,availability,5,null,413.0,8103,0,descendants,1.0739562624254473
tol90,availability,5,null,414.0,7545,0,descendants,1.0
tol90,availability,5,null,415.0,7538,0,descendants,0.9990722332670643
tol90,availability,5,null,416.0,7532,0,descendants,0.9982770046388336
tol90,availability,5,null,417.0,11909,0,descendants,1.5783962889330683
tol90,availability,5,null,418.0,7540,0,descendants,0.9993373094764745
tol90,availability,5,null,419.0,8106,0,descendants,1.0743538767395626
tol90,availability,5,null,420.0,7583,2,descendants,1.0050364479787939
tol90,availability,5,null,421.0,7541,1,descendants,0.9994698475811796
tol90,availability,5,null,422.0,7528,0,descendants,0.9977468522200132
tol90,availability,5,null,423.0,7540,0,descendants,0.9993373094764745
tol90,availability,5,null,424.0,7543,0,descendants,0.9997349237905898
tol90,availability,5,null,425.0,7934,0,descendants,1.051557322730285
tol90,availability,5,null,426.0,7536,0,descendants,0.9988071570576541
tol90,availability,5,null,427.0,10139,0,descendants,1.3438038436050364
tol90,availability,5,null,428.0,7544,0,descendants,0.9998674618952949
tol90,availability,5,null,429.0,7538,1,descendants,0.9990722332670643
tol90,availability,5,null,430.0,7537,0,descendants,0.9989396951623591
tol90,availability,5,null,431.0,7538,0,descendants,0.9990722332670643
tol90,availability,5,null,432.0,7623,0,descendants,1.010337972166998
tol90,availability,5,null,433.0,7746,0,descendants,1.0266401590457257
tol90,availability,5,null,434.0,7527,0,descendants,0.9976143141153081
tol90,availability,5,null,435.0,9332,0,descendants,1.2368455931080184
tol90,availability,5,null,436.0,8008,0,descendants,1.0613651424784625
tol90,availability,5,null,437.0,7541,0,descendants,0.9994698475811796
tol90,availability,5,null,438.0,7537,0,descendants,0.9989396951623591
tol90,availability,5,null,439.0,7545,0,descendants,1.0
tol90,availability,5,null,440.0,7541,0,descendants,0.9994698475811796
tol90,availability,5,null,441.0,7993,0,descendants,1.059377070907886
tol90,availability,5,null,442.0,7784,0,descendants,1.0316766070245196
tol90,availability,5,null,443.0,7536,0,descendants,0.9988071570576541
tol90,availability,5,null,444.0,7526,0,descendants,0.9974817760106031
tol90,availability,5,null,445.0,7539,0,descendants,0.9992047713717693
tol90,availability,5,null,446.0,7544,0,descendants,0.9998674618952949
tol90,availability,5,null,447.0,7529,0,descendants,0.9978793903247184
tol90,availability,5,null,448.0,7522,0,descendants,0.9969516235917827
tol90,availability,5,null,449.0,7915,0,descendants,1.049039098740888
tol90,availability,5,null,450.0,7545,1,descendants,1.0
tol90,availability,5,null,451.0,7538,0,descendants,0.9990722332670643
tol90,availability,5,null,452.0,7544,0,descendants,0.9998674618952949
tol90,availability,5,null,453.0,7544,1,descendants,0.9998674618952949
tol90,availability,5,null,454.0,7542,0,descendants,0.9996023856858847
tol90,availability,5,null,455.0,7534,0,descendants,0.9985420808482439
tol90,availability,5,null,456.0,7816,0,descendants,1.0359178263750828
tol90,availability,5,null,457.0,7597,0,descendants,1.0068919814446653
tol90,availability,5,null,458.0,7541,0,descendants,0.9994698475811796
tol90,availability,5,null,459.0,7656,0,descendants,1.0147117296222663
tol90,availability,5,null,460.0,8093,1,descendants,1.0726308813783962
tol90,availability,5,null,461.0,7536,0,descendants,0.9988071570576541
tol90,availability,5,null,462.0,7537,0,descendants,0.9989396951623591
tol90,availability,5,null,463.0,7549,1,descendants,1.0005301524188204
tol90,availability,5,null,464.0,7541,1,descendants,0.9994698475811796
tol90,availability,5,null,465.0,7540,1,descendants,0.9993373094764745
tol90,availability,5,null,466.0,8586,0,descendants,1.1379721669980118
tol90,availability,5,null,467.0,7549,1,descendants,1.0005301524188204
tol90,availability,5,null,468.0,7545,0,descendants,1.0
tol90,availability,5,null,469.0,7542,0,descendants,0.9996023856858847
tol90,availability,5,null,470.0,7535,0,descendants,0.998674618952949
tol90,availability,5,null,471.0,10054,0,descendants,1.3325381047051028
tol90,availability,5,null,472.0,8148,0,descendants,1.0799204771371769
tol90,availability,5,null,473.0,9477,0,descendants,1.2560636182902585
tol90,availability,5,null,474.0,11288,0,descendants,1.4960901259111994
tol90,availability,5,null,475.0,7542,0,descendants,0.9996023856858847
tol90,availability,5,null,476.0,7537,0,descendants,0.9989396951623591
tol90,availability,5,null,477.0,7528,1,descendants,0.9977468522200132
tol90,availability,5,null,478.0,7543,0,descendants,0.9997349237905898
tol90,availability,5,null,479.0,7569,1,descendants,1.0031809145129225
tol90,availability,5,null,480.0,7736,1,descendants,1.0253147779986747
tol90,availability,5,null,481.0,8218,2,descendants,1.0891981444665342
tol90,availability,5,null,482.0,7538,1,descendants,0.9990722332670643
tol90,availability,5,null,483.0,8050,0,descendants,1.066931742876077
tol90,availability,5,null,484.0,7542,0,descendants,0.9996023856858847
tol90,availability,5,null,485.0,7541,0,descendants,0.9994698475811796
tol90,availability,5,null,486.0,7533,0,descendants,0.9984095427435388
tol90,availability,5,null,487.0,7541,0,descendants,0.9994698475811796
tol90,availability,5,null,488.0,7725,0,descendants,1.0238568588469186
tol90,availability,5,null,489.0,8197,0,descendants,1.086414844267727
tol90,availability,5,null,490.0,7543,0,descendants,0.9997349237905898
tol90,availability,5,null,491.0,7538,0,descendants,0.9990722332670643
tol90,availability,5,null,492.0,7536,1,descendants,0.9988071570576541
tol90,availability,5,null,493.0,7536,0,descendants,0.9988071570576541
tol90,availability,5,null,494.0,7537,0,descendants,0.9989396951623591
tol90,availability,5,null,495.0,7539,0,descendants,0.9992047713717693
tol90,availability,5,null,496.0,12912,0,descendants,1.7113320079522862
tol90,availability,5,null,497.0,7536,0,descendants,0.9988071570576541
tol90,availability,5,null,498.0,7541,0,descendants,0.9994698475811796
tol90,availability,5,null,499.0,7533,0,descendants,0.9984095427435388
tol90,availability,5,descendant_authors,,1954,0,,
tol90,availability,5,null,0.0,1954,0,descendant_authors,1.0
tol90,availability,5,null,1.0,1957,0,descendant_authors,1.0015353121801434
tol90,availability,5,null,2.0,1954,0,descendant_authors,1.0
tol90,availability,5,null,3.0,2646,0,descendant_authors,1.354145342886387
tol90,availability,5,null,4.0,1954,0,descendant_authors,1.0
tol90,availability,5,null,5.0,1954,0,descendant_authors,1.0
tol90,availability,5,null,6.0,2384,0,descendant_authors,1.2200614124872058
tol90,availability,5,null,7.0,2016,0,descendant_authors,1.0317297850562948
tol90,availability,5,null,8.0,1954,0,descendant_authors,1.0
tol90,availability,5,null,9.0,1982,0,descendant_authors,1.0143295803480041
tol90,availability,5,null,10.0,1954,0,descendant_authors,1.0
tol90,availability,5,null,11.0,1968,0,descendant_authors,1.007164790174002
tol90,availability,5,null,12.0,2038,0,descendant_authors,1.0429887410440122
tol90,availability,5,null,13.0,1953,0,descendant_authors,0.9994882292732856
tol90,availability,5,null,14.0,1955,0,descendant_authors,1.0005117707267144
tol90,availability,5,null,15.0,1954,0,descendant_authors,1.0
tol90,availability,5,null,16.0,1955,0,descendant_authors,1.0005117707267144
tol90,availability,5,null,17.0,2065,0,descendant_authors,1.056806550665302
tol90,availability,5,null,18.0,1953,0,descendant_authors,0.9994882292732856
tol90,availability,5,null,19.0,1954,0,descendant_authors,1.0
tol90,availability,5,null,20.0,1956,0,descendant_authors,1.0010235414534288
tol90,availability,5,null,21.0,1954,0,descendant_authors,1.0
tol90,availability,5,null,22.0,2417,0,descendant_authors,1.236949846468782
tol90,availability,5,null,23.0,2499,0,descendant_authors,1.2789150460593655
tol90,availability,5,null,24.0,1954,0,descendant_authors,1.0
tol90,availability,5,null,25.0,1954,0,descendant_authors,1.0
tol90,availability,5,null,26.0,2607,0,descendant_authors,1.334186284544524
tol90,availability,5,null,27.0,1956,0,descendant_authors,1.0010235414534288
tol90,availability,5,null,28.0,4117,0,descendant_authors,2.106960081883316
tol90,availability,5,null,29.0,1954,0,descendant_authors,1.0
tol90,availability,5,null,30.0,1954,0,descendant_authors,1.0
tol90,availability,5,null,31.0,1954,0,descendant_authors,1.0
tol90,availability,5,null,32.0,2604,0,descendant_authors,1.3326509723643807
tol90,availability,5,null,33.0,2002,0,descendant_authors,1.0245649948822928
tol90,availability,5,null,34.0,1954,0,descendant_authors,1.0
tol90,availability,5,null,35.0,1954,0,descendant_authors,1.0
tol90,availability,5,null,36.0,1954,0,descendant_authors,1.0
tol90,availability,5,null,37.0,1954,0,descendant_authors,1.0
tol90,availability,5,null,38.0,2194,0,descendant_authors,1.1228249744114636
tol90,availability,5,null,39.0,1954,0,descendant_authors,1.0
tol90,availability,5,null,40.0,1954,0,descendant_authors,1.0
tol90,availability,5,null,41.0,1958,0,descendant_authors,1.0020470829068577
tol90,availability,5,null,42.0,1954,0,descendant_authors,1.0
tol90,availability,5,null,43.0,1954,0,descendant_authors,1.0
tol90,availability,5,null,44.0,1954,0,descendant_authors,1.0
tol90,availability,5,null,45.0,1967,0,descendant_authors,1.0066530194472876
tol90,availability,5,null,46.0,1960,0,descendant_authors,1.0030706243602865
tol90,availability,5,null,47.0,1951,0,descendant_authors,0.9984646878198568
tol90,availability,5,null,48.0,1954,0,descendant_authors,1.0
tol90,availability,5,null,49.0,3656,0,descendant_authors,1.8710337768679632
tol90,availability,5,null,50.0,2946,0,descendant_authors,1.5076765609007166
tol90,availability,5,null,51.0,1954,0,descendant_authors,1.0
tol90,availability,5,null,52.0,2441,0,descendant_authors,1.2492323439099284
tol90,availability,5,null,53.0,1954,0,descendant_authors,1.0
tol90,availability,5,null,54.0,2077,0,descendant_authors,1.0629477993858751
tol90,availability,5,null,55.0,2598,0,descendant_authors,1.3295803480040942
tol90,availability,5,null,56.0,1955,0,descendant_authors,1.0005117707267144
tol90,availability,5,null,57.0,1954,0,descendant_authors,1.0
tol90,availability,5,null,58.0,1954,0,descendant_authors,1.0
tol90,availability,5,null,59.0,1954,1,descendant_authors,1.0
tol90,availability,5,null,60.0,1977,0,descendant_authors,1.011770726714432
tol90,availability,5,null,61.0,2073,0,descendant_authors,1.0609007164790174
tol90,availability,5,null,62.0,1954,0,descendant_authors,1.0
tol90,availability,5,null,63.0,2069,0,descendant_authors,1.0588536335721597
tol90,availability,5,null,64.0,2406,0,descendant_authors,1.2313203684749232
tol90,availability,5,null,65.0,2459,0,descendant_authors,1.2584442169907881
tol90,availability,5,null,66.0,1954,0,descendant_authors,1.0
tol90,availability,5,null,67.0,1954,0,descendant_authors,1.0
tol90,availability,5,null,68.0,2065,0,descendant_authors,1.056806550665302
tol90,availability,5,null,69.0,2121,0,descendant_authors,1.0854657113613102
tol90,availability,5,null,70.0,2067,0,descendant_authors,1.057830092118731
tol90,availability,5,null,71.0,1954,0,descendant_authors,1.0
tol90,availability,5,null,72.0,1955,0,descendant_authors,1.0005117707267144
tol90,availability,5,null,73.0,2392,0,descendant_authors,1.2241555783009213
tol90,availability,5,null,74.0,1954,0,descendant_authors,1.0
tol90,availability,5,null,75.0,1955,0,descendant_authors,1.0005117707267144
tol90,availability,5,null,76.0,1981,0,descendant_authors,1.0138178096212898
tol90,availability,5,null,77.0,2009,0,descendant_authors,1.0281473899692937
tol90,availability,5,null,78.0,1953,0,descendant_authors,0.9994882292732856
tol90,availability,5,null,79.0,1954,0,descendant_authors,1.0
tol90,availability,5,null,80.0,1954,0,descendant_authors,1.0
tol90,availability,5,null,81.0,2433,0,descendant_authors,1.245138178096213
tol90,availability,5,null,82.0,1954,0,descendant_authors,1.0
tol90,availability,5,null,83.0,2212,0,descendant_authors,1.1320368474923235
tol90,availability,5,null,84.0,1954,0,descendant_authors,1.0
tol90,availability,5,null,85.0,4171,0,descendant_authors,2.1345957011258956
tol90,availability,5,null,86.0,1954,0,descendant_authors,1.0
tol90,availability,5,null,87.0,5654,0,descendant_authors,2.8935516888433983
tol90,availability,5,null,88.0,1955,0,descendant_authors,1.0005117707267144
tol90,availability,5,null,89.0,1998,0,descendant_authors,1.022517911975435
tol90,availability,5,null,90.0,2235,0,descendant_authors,1.1438075742067553
tol90,availability,5,null,91.0,1954,0,descendant_authors,1.0
tol90,availability,5,null,92.0,1954,0,descendant_authors,1.0
tol90,availability,5,null,93.0,2013,0,descendant_authors,1.0301944728761514
tol90,availability,5,null,94.0,1954,0,descendant_authors,1.0
tol90,availability,5,null,95.0,3841,1,descendant_authors,1.9657113613101331
tol90,availability,5,null,96.0,1954,0,descendant_authors,1.0
tol90,availability,5,null,97.0,2106,0,descendant_authors,1.0777891504605936
tol90,availability,5,null,98.0,2117,0,descendant_authors,1.0834186284544525
tol90,availability,5,null,99.0,1954,0,descendant_authors,1.0
tol90,availability,5,null,100.0,1961,0,descendant_authors,1.003582395087001
tol90,availability,5,null,101.0,1953,0,descendant_authors,0.9994882292732856
tol90,availability,5,null,102.0,2144,0,descendant_authors,1.097236438075742
tol90,availability,5,null,103.0,1954,0,descendant_authors,1.0
tol90,availability,5,null,104.0,1949,0,descendant_authors,0.9974411463664279
tol90,availability,5,null,105.0,2348,0,descendant_authors,1.2016376663254862
tol90,availability,5,null,106.0,1953,0,descendant_authors,0.9994882292732856
tol90,availability,5,null,107.0,1958,0,descendant_authors,1.0020470829068577
tol90,availability,5,null,108.0,1953,0,descendant_authors,0.9994882292732856
tol90,availability,5,null,109.0,1956,0,descendant_authors,1.0010235414534288
tol90,availability,5,null,110.0,2405,1,descendant_authors,1.2308085977482088
tol90,availability,5,null,111.0,4153,0,descendant_authors,2.125383828045036
tol90,availability,5,null,112.0,1958,0,descendant_authors,1.0020470829068577
tol90,availability,5,null,113.0,1954,0,descendant_authors,1.0
tol90,availability,5,null,114.0,2315,0,descendant_authors,1.18474923234391
tol90,availability,5,null,115.0,3373,0,descendant_authors,1.726202661207779
tol90,availability,5,null,116.0,3781,0,descendant_authors,1.9350051177072671
tol90,availability,5,null,117.0,1950,0,descendant_authors,0.9979529170931423
tol90,availability,5,null,118.0,3137,0,descendant_authors,1.605424769703173
tol90,availability,5,null,119.0,1975,0,descendant_authors,1.010747185261003
tol90,availability,5,null,120.0,1954,0,descendant_authors,1.0
tol90,availability,5,null,121.0,1954,0,descendant_authors,1.0
tol90,availability,5,null,122.0,1954,0,descendant_authors,1.0
tol90,availability,5,null,123.0,1953,0,descendant_authors,0.9994882292732856
tol90,availability,5,null,124.0,1964,0,descendant_authors,1.0051177072671442
tol90,availability,5,null,125.0,2416,0,descendant_authors,1.2364380757420677
tol90,availability,5,null,126.0,1954,0,descendant_authors,1.0
tol90,availability,5,null,127.0,1953,0,descendant_authors,0.9994882292732856
tol90,availability,5,null,128.0,3204,0,descendant_authors,1.63971340839304
tol90,availability,5,null,129.0,1954,0,descendant_authors,1.0
tol90,availability,5,null,130.0,2467,0,descendant_authors,1.2625383828045036
tol90,availability,5,null,131.0,1954,0,descendant_authors,1.0
tol90,availability,5,null,132.0,1964,0,descendant_authors,1.0051177072671442
tol90,availability,5,null,133.0,3283,0,descendant_authors,1.68014329580348
tol90,availability,5,null,134.0,1954,0,descendant_authors,1.0
tol90,availability,5,null,135.0,2500,0,descendant_authors,1.2794268167860798
tol90,availability,5,null,136.0,1954,0,descendant_authors,1.0
tol90,availability,5,null,137.0,2298,0,descendant_authors,1.1760491299897646
tol90,availability,5,null,138.0,1952,0,descendant_authors,0.9989764585465711
tol90,availability,5,null,139.0,1954,0,descendant_authors,1.0
tol90,availability,5,null,140.0,1954,0,descendant_authors,1.0
tol90,availability,5,null,141.0,1954,0,descendant_authors,1.0
tol90,availability,5,null,142.0,1977,0,descendant_authors,1.011770726714432
tol90,availability,5,null,143.0,2056,0,descendant_authors,1.052200614124872
tol90,availability,5,null,144.0,1954,0,descendant_authors,1.0
tol90,availability,5,null,145.0,1954,0,descendant_authors,1.0
tol90,availability,5,null,146.0,2210,0,descendant_authors,1.1310133060388945
tol90,availability,5,null,147.0,1954,0,descendant_authors,1.0
tol90,availability,5,null,148.0,1954,0,descendant_authors,1.0
tol90,availability,5,null,149.0,1954,0,descendant_authors,1.0
tol90,availability,5,null,150.0,1954,0,descendant_authors,1.0
tol90,availability,5,null,151.0,2186,0,descendant_authors,1.1187308085977483
tol90,availability,5,null,152.0,1954,0,descendant_authors,1.0
tol90,availability,5,null,153.0,1954,0,descendant_authors,1.0
tol90,availability,5,null,154.0,1954,0,descendant_authors,1.0
tol90,availability,5,null,155.0,1979,0,descendant_authors,1.0127942681678608
tol90,availability,5,null,156.0,1954,0,descendant_authors,1.0
tol90,availability,5,null,157.0,1954,0,descendant_authors,1.0
tol90,availability,5,null,158.0,4409,0,descendant_authors,2.2563971340839304
tol90,availability,5,null,159.0,1954,0,descendant_authors,1.0
tol90,availability,5,null,160.0,2085,0,descendant_authors,1.0670419651995906
tol90,availability,5,null,161.0,2948,0,descendant_authors,1.5087001023541453
tol90,availability,5,null,162.0,1954,0,descendant_authors,1.0
tol90,availability,5,null,163.0,1953,0,descendant_authors,0.9994882292732856
tol90,availability,5,null,164.0,2692,0,descendant_authors,1.3776867963152508
tol90,availability,5,null,165.0,2104,0,descendant_authors,1.076765609007165
tol90,availability,5,null,166.0,3072,0,descendant_authors,1.5721596724667348
tol90,availability,5,null,167.0,1952,0,descendant_authors,0.9989764585465711
tol90,availability,5,null,168.0,2156,0,descendant_authors,1.1033776867963152
tol90,availability,5,null,169.0,1954,0,descendant_authors,1.0
tol90,availability,5,null,170.0,1954,0,descendant_authors,1.0
tol90,availability,5,null,171.0,2048,0,descendant_authors,1.0481064483111566
tol90,availability,5,null,172.0,1954,0,descendant_authors,1.0
tol90,availability,5,null,173.0,1952,0,descendant_authors,0.9989764585465711
tol90,availability,5,null,174.0,2036,0,descendant_authors,1.0419651995905834
tol90,availability,5,null,175.0,2681,0,descendant_authors,1.372057318321392
tol90,availability,5,null,176.0,1954,0,descendant_authors,1.0
tol90,availability,5,null,177.0,1954,1,descendant_authors,1.0
tol90,availability,5,null,178.0,1954,0,descendant_authors,1.0
tol90,availability,5,null,179.0,1952,0,descendant_authors,0.9989764585465711
tol90,availability,5,null,180.0,2403,0,descendant_authors,1.2297850562947799
tol90,availability,5,null,181.0,1995,0,descendant_authors,1.0209825997952917
tol90,availability,5,null,182.0,1954,0,descendant_authors,1.0
tol90,availability,5,null,183.0,1954,0,descendant_authors,1.0
tol90,availability,5,null,184.0,1953,0,descendant_authors,0.9994882292732856
tol90,availability,5,null,185.0,2564,0,descendant_authors,1.3121801432958036
tol90,availability,5,null,186.0,2041,0,descendant_authors,1.0445240532241555
tol90,availability,5,null,187.0,1954,0,descendant_authors,1.0
tol90,availability,5,null,188.0,1954,0,descendant_authors,1.0
tol90,availability,5,null,189.0,2547,0,descendant_authors,1.303480040941658
tol90,availability,5,null,190.0,1954,0,descendant_authors,1.0
tol90,availability,5,null,191.0,1951,0,descendant_authors,0.9984646878198568
tol90,availability,5,null,192.0,1954,0,descendant_authors,1.0
tol90,availability,5,null,193.0,1952,0,descendant_authors,0.9989764585465711
tol90,availability,5,null,194.0,2303,0,descendant_authors,1.1786079836233367
tol90,availability,5,null,195.0,2455,0,descendant_authors,1.2563971340839304
tol90,availability,5,null,196.0,1953,0,descendant_authors,0.9994882292732856
tol90,availability,5,null,197.0,1991,0,descendant_authors,1.018935516888434
tol90,availability,5,null,198.0,2093,0,descendant_authors,1.071136131013306
tol90,availability,5,null,199.0,1954,0,descendant_authors,1.0
tol90,availability,5,null,200.0,2303,0,descendant_authors,1.1786079836233367
tol90,availability,5,null,201.0,1954,0,descendant_authors,1.0
tol90,availability,5,null,202.0,1954,0,descendant_authors,1.0
tol90,availability,5,null,203.0,1954,0,descendant_authors,1.0
tol90,availability,5,null,204.0,1954,0,descendant_authors,1.0
tol90,availability,5,null,205.0,1955,0,descendant_authors,1.0005117707267144
tol90,availability,5,null,206.0,1981,0,descendant_authors,1.0138178096212898
tol90,availability,5,null,207.0,1954,0,descendant_authors,1.0
tol90,availability,5,null,208.0,1954,0,descendant_authors,1.0
tol90,availability,5,null,209.0,2191,0,descendant_authors,1.1212896622313204
tol90,availability,5,null,210.0,2064,0,descendant_authors,1.0562947799385876
tol90,availability,5,null,211.0,1956,0,descendant_authors,1.0010235414534288
tol90,availability,5,null,212.0,1954,0,descendant_authors,1.0
tol90,availability,5,null,213.0,1954,0,descendant_authors,1.0
tol90,availability,5,null,214.0,2648,0,descendant_authors,1.3551688843398157
tol90,availability,5,null,215.0,2049,0,descendant_authors,1.048618219037871
tol90,availability,5,null,216.0,2719,0,descendant_authors,1.3915046059365404
tol90,availability,5,null,217.0,1961,0,descendant_authors,1.003582395087001
tol90,availability,5,null,218.0,1954,0,descendant_authors,1.0
tol90,availability,5,null,219.0,1954,0,descendant_authors,1.0
tol90,availability,5,null,220.0,1954,0,descendant_authors,1.0
tol90,availability,5,null,221.0,1955,0,descendant_authors,1.0005117707267144
tol90,availability,5,null,222.0,1953,0,descendant_authors,0.9994882292732856
tol90,availability,5,null,223.0,1954,0,descendant_authors,1.0
tol90,availability,5,null,224.0,1954,0,descendant_authors,1.0
tol90,availability,5,null,225.0,1954,0,descendant_authors,1.0
tol90,availability,5,null,226.0,1954,0,descendant_authors,1.0
tol90,availability,5,null,227.0,1954,0,descendant_authors,1.0
tol90,availability,5,null,228.0,1952,1,descendant_authors,0.9989764585465711
tol90,availability,5,null,229.0,1954,0,descendant_authors,1.0
tol90,availability,5,null,230.0,1954,0,descendant_authors,1.0
tol90,availability,5,null,231.0,2095,0,descendant_authors,1.0721596724667348
tol90,availability,5,null,232.0,2950,0,descendant_authors,1.5097236438075743
tol90,availability,5,null,233.0,1954,0,descendant_authors,1.0
tol90,availability,5,null,234.0,2915,0,descendant_authors,1.491811668372569
tol90,availability,5,null,235.0,2669,0,descendant_authors,1.3659160696008188
tol90,availability,5,null,236.0,1952,0,descendant_authors,0.9989764585465711
tol90,availability,5,null,237.0,1952,0,descendant_authors,0.9989764585465711
tol90,availability,5,null,238.0,1954,0,descendant_authors,1.0
tol90,availability,5,null,239.0,1952,0,descendant_authors,0.9989764585465711
tol90,availability,5,null,240.0,1952,0,descendant_authors,0.9989764585465711
tol90,availability,5,null,241.0,1953,0,descendant_authors,0.9994882292732856
tol90,availability,5,null,242.0,1954,0,descendant_authors,1.0
tol90,availability,5,null,243.0,1954,0,descendant_authors,1.0
tol90,availability,5,null,244.0,1954,0,descendant_authors,1.0
tol90,availability,5,null,245.0,1954,0,descendant_authors,1.0
tol90,availability,5,null,246.0,2109,0,descendant_authors,1.079324462640737
tol90,availability,5,null,247.0,3249,0,descendant_authors,1.6627430910951893
tol90,availability,5,null,248.0,1954,0,descendant_authors,1.0
tol90,availability,5,null,249.0,1953,0,descendant_authors,0.9994882292732856
tol90,availability,5,null,250.0,1973,0,descendant_authors,1.0097236438075743
tol90,availability,5,null,251.0,2690,0,descendant_authors,1.3766632548618218
tol90,availability,5,null,252.0,2276,0,descendant_authors,1.164790174002047
tol90,availability,5,null,253.0,1953,0,descendant_authors,0.9994882292732856
tol90,availability,5,null,254.0,1972,0,descendant_authors,1.0092118730808597
tol90,availability,5,null,255.0,1970,0,descendant_authors,1.008188331627431
tol90,availability,5,null,256.0,1954,0,descendant_authors,1.0
tol90,availability,5,null,257.0,2087,0,descendant_authors,1.0680655066530194
tol90,availability,5,null,258.0,2144,0,descendant_authors,1.097236438075742
tol90,availability,5,null,259.0,2348,0,descendant_authors,1.2016376663254862
tol90,availability,5,null,260.0,1951,0,descendant_authors,0.9984646878198568
tol90,availability,5,null,261.0,1952,0,descendant_authors,0.9989764585465711
tol90,availability,5,null,262.0,1957,0,descendant_authors,1.0015353121801434
tol90,availability,5,null,263.0,1949,0,descendant_authors,0.9974411463664279
tol90,availability,5,null,264.0,3688,0,descendant_authors,1.8874104401228249
tol90,availability,5,null,265.0,1954,2,descendant_authors,1.0
tol90,availability,5,null,266.0,1954,0,descendant_authors,1.0
tol90,availability,5,null,267.0,1954,0,descendant_authors,1.0
tol90,availability,5,null,268.0,1954,0,descendant_authors,1.0
tol90,availability,5,null,269.0,1954,0,descendant_authors,1.0
tol90,availability,5,null,270.0,1969,0,descendant_authors,1.0076765609007166
tol90,availability,5,null,271.0,2620,0,descendant_authors,1.3408393039918116
tol90,availability,5,null,272.0,3079,0,descendant_authors,1.575742067553736
tol90,availability,5,null,273.0,1954,0,descendant_authors,1.0
tol90,availability,5,null,274.0,1942,1,descendant_authors,0.9938587512794268
tol90,availability,5,null,275.0,1954,0,descendant_authors,1.0
tol90,availability,5,null,276.0,1951,0,descendant_authors,0.9984646878198568
tol90,availability,5,null,277.0,1970,0,descendant_authors,1.008188331627431
tol90,availability,5,null,278.0,1987,0,descendant_authors,1.0168884339815762
tol90,availability,5,null,279.0,1954,0,descendant_authors,1.0
tol90,availability,5,null,280.0,1954,0,descendant_authors,1.0
tol90,availability,5,null,281.0,1952,0,descendant_authors,0.9989764585465711
tol90,availability,5,null,282.0,1953,0,descendant_authors,0.9994882292732856
tol90,availability,5,null,283.0,1954,0,descendant_authors,1.0
tol90,availability,5,null,284.0,1954,0,descendant_authors,1.0
tol90,availability,5,null,285.0,1991,0,descendant_authors,1.018935516888434
tol90,availability,5,null,286.0,1954,0,descendant_authors,1.0
tol90,availability,5,null,287.0,1954,0,descendant_authors,1.0
tol90,availability,5,null,288.0,1954,1,descendant_authors,1.0
tol90,availability,5,null,289.0,2011,0,descendant_authors,1.0291709314227226
tol90,availability,5,null,290.0,1954,0,descendant_authors,1.0
tol90,availability,5,null,291.0,1954,0,descendant_authors,1.0
tol90,availability,5,null,292.0,1954,0,descendant_authors,1.0
tol90,availability,5,null,293.0,2206,0,descendant_authors,1.1289662231320368
tol90,availability,5,null,294.0,1954,0,descendant_authors,1.0
tol90,availability,5,null,295.0,1955,0,descendant_authors,1.0005117707267144
tol90,availability,5,null,296.0,2010,0,descendant_authors,1.0286591606960083
tol90,availability,5,null,297.0,1951,0,descendant_authors,0.9984646878198568
tol90,availability,5,null,298.0,2485,2,descendant_authors,1.2717502558853633
tol90,availability,5,null,299.0,2029,0,descendant_authors,1.0383828045035823
tol90,availability,5,null,300.0,1953,0,descendant_authors,0.9994882292732856
tol90,availability,5,null,301.0,1961,0,descendant_authors,1.003582395087001
tol90,availability,5,null,302.0,2177,0,descendant_authors,1.1141248720573182
tol90,availability,5,null,303.0,1953,0,descendant_authors,0.9994882292732856
tol90,availability,5,null,304.0,1954,0,descendant_authors,1.0
tol90,availability,5,null,305.0,2085,0,descendant_authors,1.0670419651995906
tol90,availability,5,null,306.0,1952,0,descendant_authors,0.9989764585465711
tol90,availability,5,null,307.0,1954,0,descendant_authors,1.0
tol90,availability,5,null,308.0,2026,1,descendant_authors,1.0368474923234392
tol90,availability,5,null,309.0,1989,0,descendant_authors,1.0179119754350052
tol90,availability,5,null,310.0,1953,0,descendant_authors,0.9994882292732856
tol90,availability,5,null,311.0,1956,0,descendant_authors,1.0010235414534288
tol90,availability,5,null,312.0,1954,0,descendant_authors,1.0
tol90,availability,5,null,313.0,1947,0,descendant_authors,0.996417604912999
tol90,availability,5,null,314.0,2146,0,descendant_authors,1.098259979529171
tol90,availability,5,null,315.0,1954,0,descendant_authors,1.0
tol90,availability,5,null,316.0,2766,0,descendant_authors,1.4155578300921188
tol90,availability,5,null,317.0,1967,0,descendant_authors,1.0066530194472876
tol90,availability,5,null,318.0,2239,0,descendant_authors,1.145854657113613
tol90,availability,5,null,319.0,1954,0,descendant_authors,1.0
tol90,availability,5,null,320.0,1952,0,descendant_authors,0.9989764585465711
tol90,availability,5,null,321.0,2013,0,descendant_authors,1.0301944728761514
tol90,availability,5,null,322.0,1954,0,descendant_authors,1.0
tol90,availability,5,null,323.0,1954,0,descendant_authors,1.0
tol90,availability,5,null,324.0,1954,0,descendant_authors,1.0
tol90,availability,5,null,325.0,2014,0,descendant_authors,1.030706243602866
tol90,availability,5,null,326.0,1953,0,descendant_authors,0.9994882292732856
tol90,availability,5,null,327.0,1954,0,descendant_authors,1.0
tol90,availability,5,null,328.0,1954,0,descendant_authors,1.0
tol90,availability,5,null,329.0,1954,0,descendant_authors,1.0
tol90,availability,5,null,330.0,2094,0,descendant_authors,1.0716479017400204
tol90,availability,5,null,331.0,1954,0,descendant_authors,1.0
tol90,availability,5,null,332.0,1954,0,descendant_authors,1.0
tol90,availability,5,null,333.0,2297,0,descendant_authors,1.1755373592630503
tol90,availability,5,null,334.0,2215,0,descendant_authors,1.1335721596724668
tol90,availability,5,null,335.0,1975,0,descendant_authors,1.010747185261003
tol90,availability,5,null,336.0,1958,0,descendant_authors,1.0020470829068577
tol90,availability,5,null,337.0,1954,0,descendant_authors,1.0
tol90,availability,5,null,338.0,1954,0,descendant_authors,1.0
tol90,availability,5,null,339.0,1954,0,descendant_authors,1.0
tol90,availability,5,null,340.0,1954,1,descendant_authors,1.0
tol90,availability,5,null,341.0,1952,0,descendant_authors,0.9989764585465711
tol90,availability,5,null,342.0,1978,0,descendant_authors,1.0122824974411464
tol90,availability,5,null,343.0,1995,0,descendant_authors,1.0209825997952917
tol90,availability,5,null,344.0,2225,0,descendant_authors,1.138689866939611
tol90,availability,5,null,345.0,1954,0,descendant_authors,1.0
tol90,availability,5,null,346.0,1954,0,descendant_authors,1.0
tol90,availability,5,null,347.0,2108,0,descendant_authors,1.0788126919140226
tol90,availability,5,null,348.0,2202,1,descendant_authors,1.126919140225179
tol90,availability,5,null,349.0,2204,0,descendant_authors,1.127942681678608
tol90,availability,5,null,350.0,2340,0,descendant_authors,1.1975435005117707
tol90,availability,5,null,351.0,1950,0,descendant_authors,0.9979529170931423
tol90,availability,5,null,352.0,1954,0,descendant_authors,1.0
tol90,availability,5,null,353.0,1954,0,descendant_authors,1.0
tol90,availability,5,null,354.0,1954,0,descendant_authors,1.0
tol90,availability,5,null,355.0,1954,0,descendant_authors,1.0
tol90,availability,5,null,356.0,1954,1,descendant_authors,1.0
tol90,availability,5,null,357.0,1953,0,descendant_authors,0.9994882292732856
tol90,availability,5,null,358.0,1999,0,descendant_authors,1.0230296827021494
tol90,availability,5,null,359.0,1954,0,descendant_authors,1.0
tol90,availability,5,null,360.0,1959,0,descendant_authors,1.0025588536335721
tol90,availability,5,null,361.0,1954,0,descendant_authors,1.0
tol90,availability,5,null,362.0,1952,0,descendant_authors,0.9989764585465711
tol90,availability,5,null,363.0,2056,0,descendant_authors,1.052200614124872
tol90,availability,5,null,364.0,1954,0,descendant_authors,1.0
tol90,availability,5,null,365.0,1956,0,descendant_authors,1.0010235414534288
tol90,availability,5,null,366.0,2359,0,descendant_authors,1.207267144319345
tol90,availability,5,null,367.0,1954,0,descendant_authors,1.0
tol90,availability,5,null,368.0,1954,0,descendant_authors,1.0
tol90,availability,5,null,369.0,1954,0,descendant_authors,1.0
tol90,availability,5,null,370.0,1949,1,descendant_authors,0.9974411463664279
tol90,availability,5,null,371.0,2535,2,descendant_authors,1.297338792221085
tol90,availability,5,null,372.0,4452,0,descendant_authors,2.278403275332651
tol90,availability,5,null,373.0,1954,0,descendant_authors,1.0
tol90,availability,5,null,374.0,1954,0,descendant_authors,1.0
tol90,availability,5,null,375.0,1954,0,descendant_authors,1.0
tol90,availability,5,null,376.0,1958,0,descendant_authors,1.0020470829068577
tol90,availability,5,null,377.0,2546,0,descendant_authors,1.3029682702149437
tol90,availability,5,null,378.0,2000,1,descendant_authors,1.0235414534288638
tol90,availability,5,null,379.0,1954,0,descendant_authors,1.0
tol90,availability,5,null,380.0,2042,0,descendant_authors,1.04503582395087
tol90,availability,5,null,381.0,1983,0,descendant_authors,1.0148413510747185
tol90,availability,5,null,382.0,1954,0,descendant_authors,1.0
tol90,availability,5,null,383.0,1953,0,descendant_authors,0.9994882292732856
tol90,availability,5,null,384.0,1954,0,descendant_authors,1.0
tol90,availability,5,null,385.0,2381,0,descendant_authors,1.2185261003070624
tol90,availability,5,null,386.0,2174,0,descendant_authors,1.1125895598771751
tol90,availability,5,null,387.0,1954,0,descendant_authors,1.0
tol90,availability,5,null,388.0,1948,0,descendant_authors,0.9969293756397134
tol90,availability,5,null,389.0,1954,0,descendant_authors,1.0
tol90,availability,5,null,390.0,1954,0,descendant_authors,1.0
tol90,availability,5,null,391.0,2253,0,descendant_authors,1.1530194472876152
tol90,availability,5,null,392.0,2153,0,descendant_authors,1.1018423746161718
tol90,availability,5,null,393.0,2216,0,descendant_authors,1.1340839303991812
tol90,availability,5,null,394.0,1952,0,descendant_authors,0.9989764585465711
tol90,availability,5,null,395.0,1993,0,descendant_authors,1.019959058341863
tol90,availability,5,null,396.0,1954,0,descendant_authors,1.0
tol90,availability,5,null,397.0,2310,1,descendant_authors,1.1821903787103378
tol90,availability,5,null,398.0,1953,1,descendant_authors,0.9994882292732856
tol90,availability,5,null,399.0,1954,0,descendant_authors,1.0
tol90,availability,5,null,400.0,1954,1,descendant_authors,1.0
tol90,availability,5,null,401.0,1958,0,descendant_authors,1.0020470829068577
tol90,availability,5,null,402.0,1954,0,descendant_authors,1.0
tol90,availability,5,null,403.0,1954,0,descendant_authors,1.0
tol90,availability,5,null,404.0,1952,0,descendant_authors,0.9989764585465711
tol90,availability,5,null,405.0,1948,0,descendant_authors,0.9969293756397134
tol90,availability,5,null,406.0,1954,0,descendant_authors,1.0
tol90,availability,5,null,407.0,1954,0,descendant_authors,1.0
tol90,availability,5,null,408.0,1954,0,descendant_authors,1.0
tol90,availability,5,null,409.0,1981,0,descendant_authors,1.0138178096212898
tol90,availability,5,null,410.0,1954,0,descendant_authors,1.0
tol90,availability,5,null,411.0,2690,0,descendant_authors,1.3766632548618218
tol90,availability,5,null,412.0,1975,0,descendant_authors,1.010747185261003
tol90,availability,5,null,413.0,1963,0,descendant_authors,1.0046059365404298
tol90,availability,5,null,414.0,1960,0,descendant_authors,1.0030706243602865
tol90,availability,5,null,415.0,2056,1,descendant_authors,1.052200614124872
tol90,availability,5,null,416.0,2070,0,descendant_authors,1.059365404298874
tol90,availability,5,null,417.0,1956,0,descendant_authors,1.0010235414534288
tol90,availability,5,null,418.0,2237,0,descendant_authors,1.1448311156601843
tol90,availability,5,null,419.0,1953,1,descendant_authors,0.9994882292732856
tol90,availability,5,null,420.0,1968,0,descendant_authors,1.007164790174002
tol90,availability,5,null,421.0,1954,0,descendant_authors,1.0
tol90,availability,5,null,422.0,2119,0,descendant_authors,1.0844421699078812
tol90,availability,5,null,423.0,2059,1,descendant_authors,1.0537359263050154
tol90,availability,5,null,424.0,1954,0,descendant_authors,1.0
tol90,availability,5,null,425.0,1952,0,descendant_authors,0.9989764585465711
tol90,availability,5,null,426.0,2069,0,descendant_authors,1.0588536335721597
tol90,availability,5,null,427.0,2848,0,descendant_authors,1.4575230296827022
tol90,availability,5,null,428.0,1955,0,descendant_authors,1.0005117707267144
tol90,availability,5,null,429.0,2344,0,descendant_authors,1.1995905834186285
tol90,availability,5,null,430.0,2176,0,descendant_authors,1.1136131013306039
tol90,availability,5,null,431.0,2001,0,descendant_authors,1.0240532241555782
tol90,availability,5,null,432.0,2169,0,descendant_authors,1.1100307062436028
tol90,availability,5,null,433.0,1981,0,descendant_authors,1.0138178096212898
tol90,availability,5,null,434.0,1954,0,descendant_authors,1.0
tol90,availability,5,null,435.0,1981,0,descendant_authors,1.0138178096212898
tol90,availability,5,null,436.0,1954,0,descendant_authors,1.0
tol90,availability,5,null,437.0,1954,0,descendant_authors,1.0
tol90,availability,5,null,438.0,3532,0,descendant_authors,1.8075742067553735
tol90,availability,5,null,439.0,6423,0,descendant_authors,3.287103377686796
tol90,availability,5,null,440.0,2096,0,descendant_authors,1.0726714431934494
tol90,availability,5,null,441.0,2159,0,descendant_authors,1.1049129989764586
tol90,availability,5,null,442.0,1954,0,descendant_authors,1.0
tol90,availability,5,null,443.0,1950,0,descendant_authors,0.9979529170931423
tol90,availability,5,null,444.0,2394,1,descendant_authors,1.22517911975435
tol90,availability,5,null,445.0,1954,0,descendant_authors,1.0
tol90,availability,5,null,446.0,2745,0,descendant_authors,1.4048106448311157
tol90,availability,5,null,447.0,1954,0,descendant_authors,1.0
tol90,availability,5,null,448.0,1953,0,descendant_authors,0.9994882292732856
tol90,availability,5,null,449.0,1953,0,descendant_authors,0.9994882292732856
tol90,availability,5,null,450.0,1950,0,descendant_authors,0.9979529170931423
tol90,availability,5,null,451.0,1954,0,descendant_authors,1.0
tol90,availability,5,null,452.0,1952,1,descendant_authors,0.9989764585465711
tol90,availability,5,null,453.0,1954,0,descendant_authors,1.0
tol90,availability,5,null,454.0,2123,0,descendant_authors,1.086489252814739
tol90,availability,5,null,455.0,2734,0,descendant_authors,1.399181166837257
tol90,availability,5,null,456.0,1954,0,descendant_authors,1.0
tol90,availability,5,null,457.0,1954,0,descendant_authors,1.0
tol90,availability,5,null,458.0,1954,0,descendant_authors,1.0
tol90,availability,5,null,459.0,1954,0,descendant_authors,1.0
tol90,availability,5,null,460.0,1954,0,descendant_authors,1.0
tol90,availability,5,null,461.0,2171,0,descendant_authors,1.1110542476970318
tol90,availability,5,null,462.0,1954,0,descendant_authors,1.0
tol90,availability,5,null,463.0,2029,0,descendant_authors,1.0383828045035823
tol90,availability,5,null,464.0,1954,2,descendant_authors,1.0
tol90,availability,5,null,465.0,2314,0,descendant_authors,1.1842374616171956
tol90,availability,5,null,466.0,1954,0,descendant_authors,1.0
tol90,availability,5,null,467.0,1954,0,descendant_authors,1.0
tol90,availability,5,null,468.0,1954,0,descendant_authors,1.0
tol90,availability,5,null,469.0,1955,0,descendant_authors,1.0005117707267144
tol90,availability,5,null,470.0,1956,0,descendant_authors,1.0010235414534288
tol90,availability,5,null,471.0,2291,0,descendant_authors,1.1724667349027635
tol90,availability,5,null,472.0,1952,0,descendant_authors,0.9989764585465711
tol90,availability,5,null,473.0,1954,0,descendant_authors,1.0
tol90,availability,5,null,474.0,2061,0,descendant_authors,1.0547594677584442
tol90,availability,5,null,475.0,1954,0,descendant_authors,1.0
tol90,availability,5,null,476.0,1954,0,descendant_authors,1.0
tol90,availability,5,null,477.0,1952,0,descendant_authors,0.9989764585465711
tol90,availability,5,null,478.0,1983,0,descendant_authors,1.0148413510747185
tol90,availability,5,null,479.0,2059,0,descendant_authors,1.0537359263050154
tol90,availability,5,null,480.0,1954,0,descendant_authors,1.0
tol90,availability,5,null,481.0,2130,0,descendant_authors,1.09007164790174
tol90,availability,5,null,482.0,1954,0,descendant_authors,1.0
tol90,availability,5,null,483.0,2273,0,descendant_authors,1.1632548618219039
tol90,availability,5,null,484.0,1954,0,descendant_authors,1.0
tol90,availability,5,null,485.0,2491,0,descendant_authors,1.27482088024565
tol90,availability,5,null,486.0,2782,0,descendant_authors,1.4237461617195497
tol90,availability,5,null,487.0,1954,0,descendant_authors,1.0
tol90,availability,5,null,488.0,1954,0,descendant_authors,1.0
tol90,availability,5,null,489.0,3643,0,descendant_authors,1.8643807574206754
tol90,availability,5,null,490.0,2379,0,descendant_authors,1.2175025588536337
tol90,availability,5,null,491.0,1954,0,descendant_authors,1.0
tol90,availability,5,null,492.0,1954,0,descendant_authors,1.0
tol90,availability,5,null,493.0,3087,0,descendant_authors,1.5798362333674514
tol90,availability,5,null,494.0,1953,0,descendant_authors,0.9994882292732856
tol90,availability,5,null,495.0,1954,1,descendant_authors,1.0
tol90,availability,5,null,496.0,1951,0,descendant_authors,0.9984646878198568
tol90,availability,5,null,497.0,2912,0,descendant_authors,1.4902763561924257
tol90,availability,5,null,498.0,1954,0,descendant_authors,1.0
tol90,availability,5,null,499.0,2048,0,descendant_authors,1.0481064483111566
tol90,availability,5,downloads,,5,0,,
tol90,availability,5,null,0.0,5,0,downloads,1.0
tol90,availability,5,null,1.0,5,0,downloads,1.0
tol90,availability,5,null,2.0,5,0,downloads,1.0
tol90,availability,5,null,3.0,5,0,downloads,1.0
tol90,availability,5,null,4.0,5,0,downloads,1.0
tol90,availability,5,null,5.0,5,0,downloads,1.0
tol90,availability,5,null,6.0,5,0,downloads,1.0
tol90,availability,5,null,7.0,5,0,downloads,1.0
tol90,availability,5,null,8.0,5,0,downloads,1.0
tol90,availability,5,null,9.0,5,0,downloads,1.0
tol90,availability,5,null,10.0,5,0,downloads,1.0
tol90,availability,5,null,11.0,5,0,downloads,1.0
tol90,availability,5,null,12.0,5,0,downloads,1.0
tol90,availability,5,null,13.0,5,0,downloads,1.0
tol90,availability,5,null,14.0,5,0,downloads,1.0
tol90,availability,5,null,15.0,5,0,downloads,1.0
tol90,availability,5,null,16.0,6,0,downloads,1.2
tol90,availability,5,null,17.0,5,0,downloads,1.0
tol90,availability,5,null,18.0,5,0,downloads,1.0
tol90,availability,5,null,19.0,5,0,downloads,1.0
tol90,availability,5,null,20.0,5,0,downloads,1.0
tol90,availability,5,null,21.0,5,0,downloads,1.0
tol90,availability,5,null,22.0,5,0,downloads,1.0
tol90,availability,5,null,23.0,5,0,downloads,1.0
tol90,availability,5,null,24.0,5,0,downloads,1.0
tol90,availability,5,null,25.0,5,0,downloads,1.0
tol90,availability,5,null,26.0,5,0,downloads,1.0
tol90,availability,5,null,27.0,5,0,downloads,1.0
tol90,availability,5,null,28.0,5,0,downloads,1.0
tol90,availability,5,null,29.0,5,0,downloads,1.0
tol90,availability,5,null,30.0,5,0,downloads,1.0
tol90,availability,5,null,31.0,5,0,downloads,1.0
tol90,availability,5,null,32.0,5,0,downloads,1.0
tol90,availability,5,null,33.0,6,0,downloads,1.2
tol90,availability,5,null,34.0,5,0,downloads,1.0
tol90,availability,5,null,35.0,5,0,downloads,1.0
tol90,availability,5,null,36.0,14,0,downloads,2.8
tol90,availability,5,null,37.0,5,0,downloads,1.0
tol90,availability,5,null,38.0,12,0,downloads,2.4
tol90,availability,5,null,39.0,5,0,downloads,1.0
tol90,availability,5,null,40.0,5,0,downloads,1.0
tol90,availability,5,null,41.0,5,0,downloads,1.0
tol90,availability,5,null,42.0,5,0,downloads,1.0
tol90,availability,5,null,43.0,5,0,downloads,1.0
tol90,availability,5,null,44.0,5,0,downloads,1.0
tol90,availability,5,null,45.0,6,0,downloads,1.2
tol90,availability,5,null,46.0,5,0,downloads,1.0
tol90,availability,5,null,47.0,5,0,downloads,1.0
tol90,availability,5,null,48.0,5,0,downloads,1.0
tol90,availability,5,null,49.0,5,0,downloads,1.0
tol90,availability,5,null,50.0,67,0,downloads,13.4
tol90,availability,5,null,51.0,5,0,downloads,1.0
tol90,availability,5,null,52.0,5,0,downloads,1.0
tol90,availability,5,null,53.0,5,0,downloads,1.0
tol90,availability,5,null,54.0,7,0,downloads,1.4
tol90,availability,5,null,55.0,5,0,downloads,1.0
tol90,availability,5,null,56.0,5,0,downloads,1.0
tol90,availability,5,null,57.0,5,0,downloads,1.0
tol90,availability,5,null,58.0,5,0,downloads,1.0
tol90,availability,5,null,59.0,5,0,downloads,1.0
tol90,availability,5,null,60.0,5,0,downloads,1.0
tol90,availability,5,null,61.0,5,0,downloads,1.0
tol90,availability,5,null,62.0,5,0,downloads,1.0
tol90,availability,5,null,63.0,5,0,downloads,1.0
tol90,availability,5,null,64.0,5,0,downloads,1.0
tol90,availability,5,null,65.0,7,0,downloads,1.4
tol90,availability,5,null,66.0,5,0,downloads,1.0
tol90,availability,5,null,67.0,5,0,downloads,1.0
tol90,availability,5,null,68.0,5,0,downloads,1.0
tol90,availability,5,null,69.0,5,0,downloads,1.0
tol90,availability,5,null,70.0,5,0,downloads,1.0
tol90,availability,5,null,71.0,5,0,downloads,1.0
tol90,availability,5,null,72.0,5,0,downloads,1.0
tol90,availability,5,null,73.0,5,0,downloads,1.0
tol90,availability,5,null,74.0,6,0,downloads,1.2
tol90,availability,5,null,75.0,5,0,downloads,1.0
tol90,availability,5,null,76.0,5,0,downloads,1.0
tol90,availability,5,null,77.0,5,0,downloads,1.0
tol90,availability,5,null,78.0,5,0,downloads,1.0
tol90,availability,5,null,79.0,5,0,downloads,1.0
tol90,availability,5,null,80.0,5,0,downloads,1.0
tol90,availability,5,null,81.0,5,0,downloads,1.0
tol90,availability,5,null,82.0,5,0,downloads,1.0
tol90,availability,5,null,83.0,5,0,downloads,1.0
tol90,availability,5,null,84.0,6,0,downloads,1.2
tol90,availability,5,null,85.0,5,0,downloads,1.0
tol90,availability,5,null,86.0,5,0,downloads,1.0
tol90,availability,5,null,87.0,21,0,downloads,4.2
tol90,availability,5,null,88.0,5,0,downloads,1.0
tol90,availability,5,null,89.0,5,0,downloads,1.0
tol90,availability,5,null,90.0,8,0,downloads,1.6
tol90,availability,5,null,91.0,5,0,downloads,1.0
tol90,availability,5,null,92.0,5,0,downloads,1.0
tol90,availability,5,null,93.0,5,0,downloads,1.0
tol90,availability,5,null,94.0,5,0,downloads,1.0
tol90,availability,5,null,95.0,5,0,downloads,1.0
tol90,availability,5,null,96.0,5,0,downloads,1.0
tol90,availability,5,null,97.0,5,0,downloads,1.0
tol90,availability,5,null,98.0,5,0,downloads,1.0
tol90,availability,5,null,99.0,5,0,downloads,1.0
tol90,availability,5,null,100.0,149,0,downloads,29.8
tol90,availability,5,null,101.0,5,0,downloads,1.0
tol90,availability,5,null,102.0,5,0,downloads,1.0
tol90,availability,5,null,103.0,5,0,downloads,1.0
tol90,availability,5,null,104.0,5,0,downloads,1.0
tol90,availability,5,null,105.0,5,0,downloads,1.0
tol90,availability,5,null,106.0,5,0,downloads,1.0
tol90,availability,5,null,107.0,5,0,downloads,1.0
tol90,availability,5,null,108.0,5,0,downloads,1.0
tol90,availability,5,null,109.0,5,0,downloads,1.0
tol90,availability,5,null,110.0,5,0,downloads,1.0
tol90,availability,5,null,111.0,5,0,downloads,1.0
tol90,availability,5,null,112.0,5,0,downloads,1.0
tol90,availability,5,null,113.0,5,0,downloads,1.0
tol90,availability,5,null,114.0,5,0,downloads,1.0
tol90,availability,5,null,115.0,5,0,downloads,1.0
tol90,availability,5,null,116.0,5,0,downloads,1.0
tol90,availability,5,null,117.0,5,0,downloads,1.0
tol90,availability,5,null,118.0,26,0,downloads,5.2
tol90,availability,5,null,119.0,5,0,downloads,1.0
tol90,availability,5,null,120.0,5,0,downloads,1.0
tol90,availability,5,null,121.0,5,0,downloads,1.0
tol90,availability,5,null,122.0,5,0,downloads,1.0
tol90,availability,5,null,123.0,5,0,downloads,1.0
tol90,availability,5,null,124.0,5,0,downloads,1.0
tol90,availability,5,null,125.0,5,0,downloads,1.0
tol90,availability,5,null,126.0,5,0,downloads,1.0
tol90,availability,5,null,127.0,7,0,downloads,1.4
tol90,availability,5,null,128.0,5,0,downloads,1.0
tol90,availability,5,null,129.0,5,0,downloads,1.0
tol90,availability,5,null,130.0,5,0,downloads,1.0
tol90,availability,5,null,131.0,5,0,downloads,1.0
tol90,availability,5,null,132.0,5,0,downloads,1.0
tol90,availability,5,null,133.0,5,0,downloads,1.0
tol90,availability,5,null,134.0,5,0,downloads,1.0
tol90,availability,5,null,135.0,5,0,downloads,1.0
tol90,availability,5,null,136.0,5,0,downloads,1.0
tol90,availability,5,null,137.0,6,0,downloads,1.2
tol90,availability,5,null,138.0,5,0,downloads,1.0
tol90,availability,5,null,139.0,5,0,downloads,1.0
tol90,availability,5,null,140.0,5,0,downloads,1.0
tol90,availability,5,null,141.0,5,0,downloads,1.0
tol90,availability,5,null,142.0,5,0,downloads,1.0
tol90,availability,5,null,143.0,5,0,downloads,1.0
tol90,availability,5,null,144.0,5,0,downloads,1.0
tol90,availability,5,null,145.0,5,0,downloads,1.0
tol90,availability,5,null,146.0,5,0,downloads,1.0
tol90,availability,5,null,147.0,5,0,downloads,1.0
tol90,availability,5,null,148.0,5,0,downloads,1.0
tol90,availability,5,null,149.0,5,0,downloads,1.0
tol90,availability,5,null,150.0,8,0,downloads,1.6
tol90,availability,5,null,151.0,5,0,downloads,1.0
tol90,availability,5,null,152.0,9,0,downloads,1.8
tol90,availability,5,null,153.0,20,0,downloads,4.0
tol90,availability,5,null,154.0,5,0,downloads,1.0
tol90,availability,5,null,155.0,5,0,downloads,1.0
tol90,availability,5,null,156.0,5,0,downloads,1.0
tol90,availability,5,null,157.0,5,0,downloads,1.0
tol90,availability,5,null,158.0,5,0,downloads,1.0
tol90,availability,5,null,159.0,5,0,downloads,1.0
tol90,availability,5,null,160.0,5,0,downloads,1.0
tol90,availability,5,null,161.0,5,0,downloads,1.0
tol90,availability,5,null,162.0,13,0,downloads,2.6
tol90,availability,5,null,163.0,5,0,downloads,1.0
tol90,availability,5,null,164.0,5,0,downloads,1.0
tol90,availability,5,null,165.0,5,0,downloads,1.0
tol90,availability,5,null,166.0,5,0,downloads,1.0
tol90,availability,5,null,167.0,5,0,downloads,1.0
tol90,availability,5,null,168.0,5,0,downloads,1.0
tol90,availability,5,null,169.0,9,0,downloads,1.8
tol90,availability,5,null,170.0,5,0,downloads,1.0
tol90,availability,5,null,171.0,5,0,downloads,1.0
tol90,availability,5,null,172.0,7,0,downloads,1.4
tol90,availability,5,null,173.0,5,0,downloads,1.0
tol90,availability,5,null,174.0,5,0,downloads,1.0
tol90,availability,5,null,175.0,5,0,downloads,1.0
tol90,availability,5,null,176.0,5,0,downloads,1.0
tol90,availability,5,null,177.0,5,0,downloads,1.0
tol90,availability,5,null,178.0,5,0,downloads,1.0
tol90,availability,5,null,179.0,5,0,downloads,1.0
tol90,availability,5,null,180.0,5,0,downloads,1.0
tol90,availability,5,null,181.0,5,0,downloads,1.0
tol90,availability,5,null,182.0,63,0,downloads,12.6
tol90,availability,5,null,183.0,5,0,downloads,1.0
tol90,availability,5,null,184.0,5,0,downloads,1.0
tol90,availability,5,null,185.0,5,0,downloads,1.0
tol90,availability,5,null,186.0,5,0,downloads,1.0
tol90,availability,5,null,187.0,5,0,downloads,1.0
tol90,availability,5,null,188.0,5,0,downloads,1.0
tol90,availability,5,null,189.0,5,0,downloads,1.0
tol90,availability,5,null,190.0,5,0,downloads,1.0
tol90,availability,5,null,191.0,5,0,downloads,1.0
tol90,availability,5,null,192.0,5,0,downloads,1.0
tol90,availability,5,null,193.0,5,0,downloads,1.0
tol90,availability,5,null,194.0,5,0,downloads,1.0
tol90,availability,5,null,195.0,5,0,downloads,1.0
tol90,availability,5,null,196.0,5,0,downloads,1.0
tol90,availability,5,null,197.0,5,0,downloads,1.0
tol90,availability,5,null,198.0,5,0,downloads,1.0
tol90,availability,5,null,199.0,5,0,downloads,1.0
tol90,availability,5,null,200.0,5,0,downloads,1.0
tol90,availability,5,null,201.0,5,0,downloads,1.0
tol90,availability,5,null,202.0,5,0,downloads,1.0
tol90,availability,5,null,203.0,11,0,downloads,2.2
tol90,availability,5,null,204.0,5,0,downloads,1.0
tol90,availability,5,null,205.0,5,0,downloads,1.0
tol90,availability,5,null,206.0,5,0,downloads,1.0
tol90,availability,5,null,207.0,11,0,downloads,2.2
tol90,availability,5,null,208.0,5,0,downloads,1.0
tol90,availability,5,null,209.0,5,0,downloads,1.0
tol90,availability,5,null,210.0,5,0,downloads,1.0
tol90,availability,5,null,211.0,5,0,downloads,1.0
tol90,availability,5,null,212.0,5,0,downloads,1.0
tol90,availability,5,null,213.0,5,0,downloads,1.0
tol90,availability,5,null,214.0,5,0,downloads,1.0
tol90,availability,5,null,215.0,5,0,downloads,1.0
tol90,availability,5,null,216.0,5,0,downloads,1.0
tol90,availability,5,null,217.0,5,0,downloads,1.0
tol90,availability,5,null,218.0,5,0,downloads,1.0
tol90,availability,5,null,219.0,5,0,downloads,1.0
tol90,availability,5,null,220.0,5,0,downloads,1.0
tol90,availability,5,null,221.0,5,0,downloads,1.0
tol90,availability,5,null,222.0,5,0,downloads,1.0
tol90,availability,5,null,223.0,5,0,downloads,1.0
tol90,availability,5,null,224.0,5,0,downloads,1.0
tol90,availability,5,null,225.0,5,0,downloads,1.0
tol90,availability,5,null,226.0,5,0,downloads,1.0
tol90,availability,5,null,227.0,5,0,downloads,1.0
tol90,availability,5,null,228.0,5,0,downloads,1.0
tol90,availability,5,null,229.0,5,0,downloads,1.0
tol90,availability,5,null,230.0,5,0,downloads,1.0
tol90,availability,5,null,231.0,5,0,downloads,1.0
tol90,availability,5,null,232.0,5,0,downloads,1.0
tol90,availability,5,null,233.0,5,0,downloads,1.0
tol90,availability,5,null,234.0,5,0,downloads,1.0
tol90,availability,5,null,235.0,5,0,downloads,1.0
tol90,availability,5,null,236.0,5,0,downloads,1.0
tol90,availability,5,null,237.0,5,0,downloads,1.0
tol90,availability,5,null,238.0,6,0,downloads,1.2
tol90,availability,5,null,239.0,5,0,downloads,1.0
tol90,availability,5,null,240.0,5,0,downloads,1.0
tol90,availability,5,null,241.0,5,0,downloads,1.0
tol90,availability,5,null,242.0,5,0,downloads,1.0
tol90,availability,5,null,243.0,5,0,downloads,1.0
tol90,availability,5,null,244.0,5,0,downloads,1.0
tol90,availability,5,null,245.0,5,0,downloads,1.0
tol90,availability,5,null,246.0,5,0,downloads,1.0
tol90,availability,5,null,247.0,5,0,downloads,1.0
tol90,availability,5,null,248.0,5,0,downloads,1.0
tol90,availability,5,null,249.0,5,0,downloads,1.0
tol90,availability,5,null,250.0,5,0,downloads,1.0
tol90,availability,5,null,251.0,5,0,downloads,1.0
tol90,availability,5,null,252.0,5,0,downloads,1.0
tol90,availability,5,null,253.0,5,0,downloads,1.0
tol90,availability,5,null,254.0,5,0,downloads,1.0
tol90,availability,5,null,255.0,5,0,downloads,1.0
tol90,availability,5,null,256.0,8,0,downloads,1.6
tol90,availability,5,null,257.0,5,0,downloads,1.0
tol90,availability,5,null,258.0,6,0,downloads,1.2
tol90,availability,5,null,259.0,5,0,downloads,1.0
tol90,availability,5,null,260.0,5,0,downloads,1.0
tol90,availability,5,null,261.0,5,0,downloads,1.0
tol90,availability,5,null,262.0,5,0,downloads,1.0
tol90,availability,5,null,263.0,6,0,downloads,1.2
tol90,availability,5,null,264.0,5,0,downloads,1.0
tol90,availability,5,null,265.0,5,0,downloads,1.0
tol90,availability,5,null,266.0,5,0,downloads,1.0
tol90,availability,5,null,267.0,7,0,downloads,1.4
tol90,availability,5,null,268.0,5,0,downloads,1.0
tol90,availability,5,null,269.0,7,0,downloads,1.4
tol90,availability,5,null,270.0,5,0,downloads,1.0
tol90,availability,5,null,271.0,5,0,downloads,1.0
tol90,availability,5,null,272.0,5,0,downloads,1.0
tol90,availability,5,null,273.0,5,0,downloads,1.0
tol90,availability,5,null,274.0,5,0,downloads,1.0
tol90,availability,5,null,275.0,5,0,downloads,1.0
tol90,availability,5,null,276.0,5,0,downloads,1.0
tol90,availability,5,null,277.0,5,0,downloads,1.0
tol90,availability,5,null,278.0,5,0,downloads,1.0
tol90,availability,5,null,279.0,5,0,downloads,1.0
tol90,availability,5,null,280.0,5,0,downloads,1.0
tol90,availability,5,null,281.0,5,0,downloads,1.0
tol90,availability,5,null,282.0,5,0,downloads,1.0
tol90,availability,5,null,283.0,5,0,downloads,1.0
tol90,availability,5,null,284.0,5,0,downloads,1.0
tol90,availability,5,null,285.0,5,0,downloads,1.0
tol90,availability,5,null,286.0,41,0,downloads,8.2
tol90,availability,5,null,287.0,5,0,downloads,1.0
tol90,availability,5,null,288.0,5,0,downloads,1.0
tol90,availability,5,null,289.0,7,0,downloads,1.4
tol90,availability,5,null,290.0,5,0,downloads,1.0
tol90,availability,5,null,291.0,5,0,downloads,1.0
tol90,availability,5,null,292.0,5,0,downloads,1.0
tol90,availability,5,null,293.0,5,0,downloads,1.0
tol90,availability,5,null,294.0,5,0,downloads,1.0
tol90,availability,5,null,295.0,5,0,downloads,1.0
tol90,availability,5,null,296.0,19,0,downloads,3.8
tol90,availability,5,null,297.0,5,0,downloads,1.0
tol90,availability,5,null,298.0,5,0,downloads,1.0
tol90,availability,5,null,299.0,5,0,downloads,1.0
tol90,availability,5,null,300.0,7,0,downloads,1.4
tol90,availability,5,null,301.0,5,0,downloads,1.0
tol90,availability,5,null,302.0,5,0,downloads,1.0
tol90,availability,5,null,303.0,5,0,downloads,1.0
tol90,availability,5,null,304.0,180,0,downloads,36.0
tol90,availability,5,null,305.0,5,0,downloads,1.0
tol90,availability,5,null,306.0,5,0,downloads,1.0
tol90,availability,5,null,307.0,5,0,downloads,1.0
tol90,availability,5,null,308.0,5,0,downloads,1.0
tol90,availability,5,null,309.0,5,0,downloads,1.0
tol90,availability,5,null,310.0,5,0,downloads,1.0
tol90,availability,5,null,311.0,5,0,downloads,1.0
tol90,availability,5,null,312.0,5,0,downloads,1.0
tol90,availability,5,null,313.0,5,0,downloads,1.0
tol90,availability,5,null,314.0,5,0,downloads,1.0
tol90,availability,5,null,315.0,5,0,downloads,1.0
tol90,availability,5,null,316.0,5,0,downloads,1.0
tol90,availability,5,null,317.0,6,0,downloads,1.2
tol90,availability,5,null,318.0,5,0,downloads,1.0
tol90,availability,5,null,319.0,5,0,downloads,1.0
tol90,availability,5,null,320.0,9,0,downloads,1.8
tol90,availability,5,null,321.0,5,0,downloads,1.0
tol90,availability,5,null,322.0,5,0,downloads,1.0
tol90,availability,5,null,323.0,5,0,downloads,1.0
tol90,availability,5,null,324.0,5,0,downloads,1.0
tol90,availability,5,null,325.0,6,0,downloads,1.2
tol90,availability,5,null,326.0,5,0,downloads,1.0
tol90,availability,5,null,327.0,9,0,downloads,1.8
tol90,availability,5,null,328.0,5,0,downloads,1.0
tol90,availability,5,null,329.0,5,0,downloads,1.0
tol90,availability,5,null,330.0,5,0,downloads,1.0
tol90,availability,5,null,331.0,5,0,downloads,1.0
tol90,availability,5,null,332.0,5,0,downloads,1.0
tol90,availability,5,null,333.0,5,0,downloads,1.0
tol90,availability,5,null,334.0,5,0,downloads,1.0
tol90,availability,5,null,335.0,5,0,downloads,1.0
tol90,availability,5,null,336.0,5,0,downloads,1.0
tol90,availability,5,null,337.0,5,0,downloads,1.0
tol90,availability,5,null,338.0,5,0,downloads,1.0
tol90,availability,5,null,339.0,19,0,downloads,3.8
tol90,availability,5,null,340.0,5,0,downloads,1.0
tol90,availability,5,null,341.0,5,0,downloads,1.0
tol90,availability,5,null,342.0,5,0,downloads,1.0
tol90,availability,5,null,343.0,5,0,downloads,1.0
tol90,availability,5,null,344.0,50,0,downloads,10.0
tol90,availability,5,null,345.0,5,0,downloads,1.0
tol90,availability,5,null,346.0,5,0,downloads,1.0
tol90,availability,5,null,347.0,5,0,downloads,1.0
tol90,availability,5,null,348.0,5,0,downloads,1.0
tol90,availability,5,null,349.0,5,0,downloads,1.0
tol90,availability,5,null,350.0,5,0,downloads,1.0
tol90,availability,5,null,351.0,5,0,downloads,1.0
tol90,availability,5,null,352.0,5,0,downloads,1.0
tol90,availability,5,null,353.0,5,0,downloads,1.0
tol90,availability,5,null,354.0,5,0,downloads,1.0
tol90,availability,5,null,355.0,6,0,downloads,1.2
tol90,availability,5,null,356.0,6,0,downloads,1.2
tol90,availability,5,null,357.0,5,0,downloads,1.0
tol90,availability,5,null,358.0,5,0,downloads,1.0
tol90,availability,5,null,359.0,5,0,downloads,1.0
tol90,availability,5,null,360.0,5,0,downloads,1.0
tol90,availability,5,null,361.0,5,0,downloads,1.0
tol90,availability,5,null,362.0,5,0,downloads,1.0
tol90,availability,5,null,363.0,5,0,downloads,1.0
tol90,availability,5,null,364.0,5,0,downloads,1.0
tol90,availability,5,null,365.0,6,0,downloads,1.2
tol90,availability,5,null,366.0,5,0,downloads,1.0
tol90,availability,5,null,367.0,5,0,downloads,1.0
tol90,availability,5,null,368.0,7,0,downloads,1.4
tol90,availability,5,null,369.0,5,0,downloads,1.0
tol90,availability,5,null,370.0,5,0,downloads,1.0
tol90,availability,5,null,371.0,5,0,downloads,1.0
tol90,availability,5,null,372.0,5,0,downloads,1.0
tol90,availability,5,null,373.0,8,0,downloads,1.6
tol90,availability,5,null,374.0,5,0,downloads,1.0
tol90,availability,5,null,375.0,5,0,downloads,1.0
tol90,availability,5,null,376.0,5,0,downloads,1.0
tol90,availability,5,null,377.0,6,0,downloads,1.2
tol90,availability,5,null,378.0,5,0,downloads,1.0
tol90,availability,5,null,379.0,5,0,downloads,1.0
tol90,availability,5,null,380.0,5,0,downloads,1.0
tol90,availability,5,null,381.0,5,0,downloads,1.0
tol90,availability,5,null,382.0,5,0,downloads,1.0
tol90,availability,5,null,383.0,5,0,downloads,1.0
tol90,availability,5,null,384.0,5,0,downloads,1.0
tol90,availability,5,null,385.0,5,0,downloads,1.0
tol90,availability,5,null,386.0,5,0,downloads,1.0
tol90,availability,5,null,387.0,5,0,downloads,1.0
tol90,availability,5,null,388.0,5,0,downloads,1.0
tol90,availability,5,null,389.0,7,0,downloads,1.4
tol90,availability,5,null,390.0,5,0,downloads,1.0
tol90,availability,5,null,391.0,6,0,downloads,1.2
tol90,availability,5,null,392.0,5,0,downloads,1.0
tol90,availability,5,null,393.0,7,0,downloads,1.4
tol90,availability,5,null,394.0,5,0,downloads,1.0
tol90,availability,5,null,395.0,5,0,downloads,1.0
tol90,availability,5,null,396.0,5,0,downloads,1.0
tol90,availability,5,null,397.0,5,0,downloads,1.0
tol90,availability,5,null,398.0,5,0,downloads,1.0
tol90,availability,5,null,399.0,5,0,downloads,1.0
tol90,availability,5,null,400.0,5,0,downloads,1.0
tol90,availability,5,null,401.0,5,0,downloads,1.0
tol90,availability,5,null,402.0,5,0,downloads,1.0
tol90,availability,5,null,403.0,5,0,downloads,1.0
tol90,availability,5,null,404.0,5,0,downloads,1.0
tol90,availability,5,null,405.0,5,0,downloads,1.0
tol90,availability,5,null,406.0,5,0,downloads,1.0
tol90,availability,5,null,407.0,5,0,downloads,1.0
tol90,availability,5,null,408.0,5,0,downloads,1.0
tol90,availability,5,null,409.0,5,0,downloads,1.0
tol90,availability,5,null,410.0,14,0,downloads,2.8
tol90,availability,5,null,411.0,184,0,downloads,36.8
tol90,availability,5,null,412.0,9,0,downloads,1.8
tol90,availability,5,null,413.0,49,0,downloads,9.8
tol90,availability,5,null,414.0,5,0,downloads,1.0
tol90,availability,5,null,415.0,5,0,downloads,1.0
tol90,availability,5,null,416.0,5,0,downloads,1.0
tol90,availability,5,null,417.0,5,0,downloads,1.0
tol90,availability,5,null,418.0,5,0,downloads,1.0
tol90,availability,5,null,419.0,5,0,downloads,1.0
tol90,availability,5,null,420.0,5,0,downloads,1.0
tol90,availability,5,null,421.0,5,0,downloads,1.0
tol90,availability,5,null,422.0,5,0,downloads,1.0
tol90,availability,5,null,423.0,5,0,downloads,1.0
tol90,availability,5,null,424.0,5,0,downloads,1.0
tol90,availability,5,null,425.0,5,0,downloads,1.0
tol90,availability,5,null,426.0,5,0,downloads,1.0
tol90,availability,5,null,427.0,6,0,downloads,1.2
tol90,availability,5,null,428.0,5,0,downloads,1.0
tol90,availability,5,null,429.0,5,0,downloads,1.0
tol90,availability,5,null,430.0,5,0,downloads,1.0
tol90,availability,5,null,431.0,5,0,downloads,1.0
tol90,availability,5,null,432.0,5,0,downloads,1.0
tol90,availability,5,null,433.0,5,0,downloads,1.0
tol90,availability,5,null,434.0,7,0,downloads,1.4
tol90,availability,5,null,435.0,5,0,downloads,1.0
tol90,availability,5,null,436.0,5,0,downloads,1.0
tol90,availability,5,null,437.0,5,0,downloads,1.0
tol90,availability,5,null,438.0,5,0,downloads,1.0
tol90,availability,5,null,439.0,5,0,downloads,1.0
tol90,availability,5,null,440.0,5,0,downloads,1.0
tol90,availability,5,null,441.0,5,0,downloads,1.0
tol90,availability,5,null,442.0,5,0,downloads,1.0
tol90,availability,5,null,443.0,5,0,downloads,1.0
tol90,availability,5,null,444.0,6,0,downloads,1.2
tol90,availability,5,null,445.0,5,0,downloads,1.0
tol90,availability,5,null,446.0,5,0,downloads,1.0
tol90,availability,5,null,447.0,5,0,downloads,1.0
tol90,availability,5,null,448.0,5,0,downloads,1.0
tol90,availability,5,null,449.0,5,0,downloads,1.0
tol90,availability,5,null,450.0,5,0,downloads,1.0
tol90,availability,5,null,451.0,5,0,downloads,1.0
tol90,availability,5,null,452.0,5,0,downloads,1.0
tol90,availability,5,null,453.0,5,0,downloads,1.0
tol90,availability,5,null,454.0,5,0,downloads,1.0
tol90,availability,5,null,455.0,5,0,downloads,1.0
tol90,availability,5,null,456.0,5,0,downloads,1.0
tol90,availability,5,null,457.0,5,0,downloads,1.0
tol90,availability,5,null,458.0,5,0,downloads,1.0
tol90,availability,5,null,459.0,10,0,downloads,2.0
tol90,availability,5,null,460.0,5,0,downloads,1.0
tol90,availability,5,null,461.0,5,0,downloads,1.0
tol90,availability,5,null,462.0,5,0,downloads,1.0
tol90,availability,5,null,463.0,5,0,downloads,1.0
tol90,availability,5,null,464.0,11,0,downloads,2.2
tol90,availability,5,null,465.0,5,0,downloads,1.0
tol90,availability,5,null,466.0,5,0,downloads,1.0
tol90,availability,5,null,467.0,5,0,downloads,1.0
tol90,availability,5,null,468.0,5,0,downloads,1.0
tol90,availability,5,null,469.0,5,0,downloads,1.0
tol90,availability,5,null,470.0,5,0,downloads,1.0
tol90,availability,5,null,471.0,5,0,downloads,1.0
tol90,availability,5,null,472.0,5,0,downloads,1.0
tol90,availability,5,null,473.0,5,0,downloads,1.0
tol90,availability,5,null,474.0,5,0,downloads,1.0
tol90,availability,5,null,475.0,5,0,downloads,1.0
tol90,availability,5,null,476.0,5,0,downloads,1.0
tol90,availability,5,null,477.0,5,0,downloads,1.0
tol90,availability,5,null,478.0,5,0,downloads,1.0
tol90,availability,5,null,479.0,5,0,downloads,1.0
tol90,availability,5,null,480.0,5,0,downloads,1.0
tol90,availability,5,null,481.0,9,0,downloads,1.8
tol90,availability,5,null,482.0,5,0,downloads,1.0
tol90,availability,5,null,483.0,5,0,downloads,1.0
tol90,availability,5,null,484.0,5,0,downloads,1.0
tol90,availability,5,null,485.0,5,0,downloads,1.0
tol90,availability,5,null,486.0,5,0,downloads,1.0
tol90,availability,5,null,487.0,5,0,downloads,1.0
tol90,availability,5,null,488.0,5,0,downloads,1.0
tol90,availability,5,null,489.0,5,0,downloads,1.0
tol90,availability,5,null,490.0,5,0,downloads,1.0
tol90,availability,5,null,491.0,5,0,downloads,1.0
tol90,availability,5,null,492.0,6,0,downloads,1.2
tol90,availability,5,null,493.0,5,0,downloads,1.0
tol90,availability,5,null,494.0,5,0,downloads,1.0
tol90,availability,5,null,495.0,5,0,downloads,1.0
tol90,availability,5,null,496.0,7,0,downloads,1.4
tol90,availability,5,null,497.0,5,0,downloads,1.0
tol90,availability,5,null,498.0,5,0,downloads,1.0
tol90,availability,5,null,499.0,5,0,downloads,1.0
tol90,availability,5,outdegree,,634,0,,
tol90,availability,5,null,0.0,634,0,outdegree,1.0
tol90,availability,5,null,1.0,783,0,outdegree,1.2350157728706626
tol90,availability,5,null,2.0,634,0,outdegree,1.0
tol90,availability,5,null,3.0,634,0,outdegree,1.0
tol90,availability,5,null,4.0,634,0,outdegree,1.0
tol90,availability,5,null,5.0,634,0,outdegree,1.0
tol90,availability,5,null,6.0,634,0,outdegree,1.0
tol90,availability,5,null,7.0,683,0,outdegree,1.0772870662460567
tol90,availability,5,null,8.0,634,0,outdegree,1.0
tol90,availability,5,null,9.0,765,0,outdegree,1.2066246056782335
tol90,availability,5,null,10.0,639,0,outdegree,1.0078864353312302
tol90,availability,5,null,11.0,740,0,outdegree,1.167192429022082
tol90,availability,5,null,12.0,766,0,outdegree,1.2082018927444795
tol90,availability,5,null,13.0,714,0,outdegree,1.1261829652996846
tol90,availability,5,null,14.0,634,0,outdegree,1.0
tol90,availability,5,null,15.0,634,0,outdegree,1.0
tol90,availability,5,null,16.0,633,0,outdegree,0.998422712933754
tol90,availability,5,null,17.0,634,0,outdegree,1.0
tol90,availability,5,null,18.0,634,0,outdegree,1.0
tol90,availability,5,null,19.0,1210,1,outdegree,1.9085173501577286
tol90,availability,5,null,20.0,1400,0,outdegree,2.2082018927444795
tol90,availability,5,null,21.0,634,0,outdegree,1.0
tol90,availability,5,null,22.0,648,0,outdegree,1.0220820189274449
tol90,availability,5,null,23.0,634,0,outdegree,1.0
tol90,availability,5,null,24.0,634,0,outdegree,1.0
tol90,availability,5,null,25.0,634,0,outdegree,1.0
tol90,availability,5,null,26.0,634,0,outdegree,1.0
tol90,availability,5,null,27.0,634,0,outdegree,1.0
tol90,availability,5,null,28.0,895,0,outdegree,1.411671924290221
tol90,availability,5,null,29.0,639,0,outdegree,1.0078864353312302
tol90,availability,5,null,30.0,727,0,outdegree,1.1466876971608833
tol90,availability,5,null,31.0,635,0,outdegree,1.001577287066246
tol90,availability,5,null,32.0,640,0,outdegree,1.0094637223974763
tol90,availability,5,null,33.0,634,0,outdegree,1.0
tol90,availability,5,null,34.0,711,0,outdegree,1.1214511041009463
tol90,availability,5,null,35.0,677,0,outdegree,1.0678233438485805
tol90,availability,5,null,36.0,678,0,outdegree,1.0694006309148265
tol90,availability,5,null,37.0,636,0,outdegree,1.003154574132492
tol90,availability,5,null,38.0,634,0,outdegree,1.0
tol90,availability,5,null,39.0,753,0,outdegree,1.1876971608832807
tol90,availability,5,null,40.0,1599,0,outdegree,2.5220820189274447
tol90,availability,5,null,41.0,634,0,outdegree,1.0
tol90,availability,5,null,42.0,634,0,outdegree,1.0
tol90,availability,5,null,43.0,634,0,outdegree,1.0
tol90,availability,5,null,44.0,797,0,outdegree,1.2570977917981072
tol90,availability,5,null,45.0,634,0,outdegree,1.0
tol90,availability,5,null,46.0,634,0,outdegree,1.0
tol90,availability,5,null,47.0,1557,0,outdegree,2.4558359621451102
tol90,availability,5,null,48.0,1108,0,outdegree,1.747634069400631
tol90,availability,5,null,49.0,634,0,outdegree,1.0
tol90,availability,5,null,50.0,635,0,outdegree,1.001577287066246
tol90,availability,5,null,51.0,634,0,outdegree,1.0
tol90,availability,5,null,52.0,634,0,outdegree,1.0
tol90,availability,5,null,53.0,634,0,outdegree,1.0
tol90,availability,5,null,54.0,714,0,outdegree,1.1261829652996846
tol90,availability,5,null,55.0,634,0,outdegree,1.0
tol90,availability,5,null,56.0,634,0,outdegree,1.0
tol90,availability,5,null,57.0,1610,0,outdegree,2.5394321766561516
tol90,availability,5,null,58.0,634,0,outdegree,1.0
tol90,availability,5,null,59.0,634,0,outdegree,1.0
tol90,availability,5,null,60.0,634,0,outdegree,1.0
tol90,availability,5,null,61.0,812,0,outdegree,1.2807570977917981
tol90,availability,5,null,62.0,634,0,outdegree,1.0
tol90,availability,5,null,63.0,963,0,outdegree,1.5189274447949528
tol90,availability,5,null,64.0,634,0,outdegree,1.0
tol90,availability,5,null,65.0,634,0,outdegree,1.0
tol90,availability,5,null,66.0,1474,0,outdegree,2.324921135646688
tol90,availability,5,null,67.0,634,0,outdegree,1.0
tol90,availability,5,null,68.0,668,0,outdegree,1.053627760252366
tol90,availability,5,null,69.0,635,0,outdegree,1.001577287066246
tol90,availability,5,null,70.0,635,0,outdegree,1.001577287066246
tol90,availability,5,null,71.0,634,0,outdegree,1.0
tol90,availability,5,null,72.0,634,0,outdegree,1.0
tol90,availability,5,null,73.0,1144,0,outdegree,1.804416403785489
tol90,availability,5,null,74.0,634,0,outdegree,1.0
tol90,availability,5,null,75.0,860,0,outdegree,1.3564668769716088
tol90,availability,5,null,76.0,1058,0,outdegree,1.6687697160883281
tol90,availability,5,null,77.0,634,0,outdegree,1.0
tol90,availability,5,null,78.0,651,0,outdegree,1.026813880126183
tol90,availability,5,null,79.0,634,0,outdegree,1.0
tol90,availability,5,null,80.0,634,0,outdegree,1.0
tol90,availability,5,null,81.0,634,0,outdegree,1.0
tol90,availability,5,null,82.0,634,0,outdegree,1.0
tol90,availability,5,null,83.0,680,0,outdegree,1.0725552050473186
tol90,availability,5,null,84.0,634,0,outdegree,1.0
tol90,availability,5,null,85.0,640,0,outdegree,1.0094637223974763
tol90,availability,5,null,86.0,1105,0,outdegree,1.7429022082018928
tol90,availability,5,null,87.0,634,0,outdegree,1.0
tol90,availability,5,null,88.0,755,0,outdegree,1.1908517350157728
tol90,availability,5,null,89.0,789,0,outdegree,1.2444794952681388
tol90,availability,5,null,90.0,1624,0,outdegree,2.5615141955835963
tol90,availability,5,null,91.0,634,0,outdegree,1.0
tol90,availability,5,null,92.0,634,0,outdegree,1.0
tol90,availability,5,null,93.0,634,0,outdegree,1.0
tol90,availability,5,null,94.0,1620,0,outdegree,2.555205047318612
tol90,availability,5,null,95.0,1264,0,outdegree,1.9936908517350158
tol90,availability,5,null,96.0,634,0,outdegree,1.0
tol90,availability,5,null,97.0,1055,0,outdegree,1.66403785488959
tol90,availability,5,null,98.0,647,0,outdegree,1.0205047318611988
tol90,availability,5,null,99.0,633,0,outdegree,0.998422712933754
tol90,availability,5,null,100.0,634,0,outdegree,1.0
tol90,availability,5,null,101.0,1552,0,outdegree,2.44794952681388
tol90,availability,5,null,102.0,634,0,outdegree,1.0
tol90,availability,5,null,103.0,847,0,outdegree,1.33596214511041
tol90,availability,5,null,104.0,634,0,outdegree,1.0
tol90,availability,5,null,105.0,731,0,outdegree,1.1529968454258674
tol90,availability,5,null,106.0,639,0,outdegree,1.0078864353312302
tol90,availability,5,null,107.0,662,0,outdegree,1.0441640378548895
tol90,availability,5,null,108.0,634,0,outdegree,1.0
tol90,availability,5,null,109.0,634,0,outdegree,1.0
tol90,availability,5,null,110.0,776,0,outdegree,1.22397476340694
tol90,availability,5,null,111.0,634,0,outdegree,1.0
tol90,availability,5,null,112.0,698,0,outdegree,1.1009463722397477
tol90,availability,5,null,113.0,640,0,outdegree,1.0094637223974763
tol90,availability,5,null,114.0,920,0,outdegree,1.4511041009463723
tol90,availability,5,null,115.0,779,0,outdegree,1.2287066246056781
tol90,availability,5,null,116.0,645,0,outdegree,1.0173501577287065
tol90,availability,5,null,117.0,637,0,outdegree,1.0047318611987381
tol90,availability,5,null,118.0,634,0,outdegree,1.0
tol90,availability,5,null,119.0,634,0,outdegree,1.0
tol90,availability,5,null,120.0,634,0,outdegree,1.0
tol90,availability,5,null,121.0,634,0,outdegree,1.0
tol90,availability,5,null,122.0,634,0,outdegree,1.0
tol90,availability,5,null,123.0,655,0,outdegree,1.0331230283911672
tol90,availability,5,null,124.0,634,0,outdegree,1.0
tol90,availability,5,null,125.0,632,0,outdegree,0.9968454258675079
tol90,availability,5,null,126.0,634,0,outdegree,1.0
tol90,availability,5,null,127.0,679,0,outdegree,1.0709779179810726
tol90,availability,5,null,128.0,1015,0,outdegree,1.6009463722397477
tol90,availability,5,null,129.0,994,0,outdegree,1.5678233438485805
tol90,availability,5,null,130.0,816,0,outdegree,1.2870662460567823
tol90,availability,5,null,131.0,1060,0,outdegree,1.6719242902208202
tol90,availability,5,null,132.0,634,0,outdegree,1.0
tol90,availability,5,null,133.0,634,0,outdegree,1.0
tol90,availability,5,null,134.0,2752,0,outdegree,4.340694006309148
tol90,availability,5,null,135.0,1158,0,outdegree,1.8264984227129337
tol90,availability,5,null,136.0,634,0,outdegree,1.0
tol90,availability,5,null,137.0,6126,0,outdegree,9.662460567823343
tol90,availability,5,null,138.0,634,0,outdegree,1.0
tol90,availability,5,null,139.0,634,0,outdegree,1.0
tol90,availability,5,null,140.0,634,0,outdegree,1.0
tol90,availability,5,null,141.0,634,0,outdegree,1.0
tol90,availability,5,null,142.0,634,0,outdegree,1.0
tol90,availability,5,null,143.0,634,0,outdegree,1.0
tol90,availability,5,null,144.0,634,0,outdegree,1.0
tol90,availability,5,null,145.0,634,0,outdegree,1.0
tol90,availability,5,null,146.0,634,0,outdegree,1.0
tol90,availability,5,null,147.0,643,0,outdegree,1.0141955835962144
tol90,availability,5,null,148.0,1207,0,outdegree,1.9037854889589905
tol90,availability,5,null,149.0,729,0,outdegree,1.1498422712933754
tol90,availability,5,null,150.0,636,0,outdegree,1.003154574132492
tol90,availability,5,null,151.0,634,0,outdegree,1.0
tol90,availability,5,null,152.0,817,0,outdegree,1.2886435331230284
tol90,availability,5,null,153.0,795,0,outdegree,1.2539432176656151
tol90,availability,5,null,154.0,634,0,outdegree,1.0
tol90,availability,5,null,155.0,964,0,outdegree,1.5205047318611988
tol90,availability,5,null,156.0,634,0,outdegree,1.0
tol90,availability,5,null,157.0,636,0,outdegree,1.003154574132492
tol90,availability,5,null,158.0,1727,0,outdegree,2.72397476340694
tol90,availability,5,null,159.0,641,0,outdegree,1.0110410094637223
tol90,availability,5,null,160.0,634,0,outdegree,1.0
tol90,availability,5,null,161.0,634,0,outdegree,1.0
tol90,availability,5,null,162.0,634,0,outdegree,1.0
tol90,availability,5,null,163.0,650,0,outdegree,1.025236593059937
tol90,availability,5,null,164.0,639,1,outdegree,1.0078864353312302
tol90,availability,5,null,165.0,634,0,outdegree,1.0
tol90,availability,5,null,166.0,766,0,outdegree,1.2082018927444795
tol90,availability,5,null,167.0,634,0,outdegree,1.0
tol90,availability,5,null,168.0,904,0,outdegree,1.4258675078864353
tol90,availability,5,null,169.0,2806,0,outdegree,4.425867507886435
tol90,availability,5,null,170.0,634,0,outdegree,1.0
tol90,availability,5,null,171.0,634,0,outdegree,1.0
tol90,availability,5,null,172.0,702,0,outdegree,1.1072555205047319
tol90,availability,5,null,173.0,634,0,outdegree,1.0
tol90,availability,5,null,174.0,634,0,outdegree,1.0
tol90,availability,5,null,175.0,634,0,outdegree,1.0
tol90,availability,5,null,176.0,648,0,outdegree,1.0220820189274449
tol90,availability,5,null,177.0,634,0,outdegree,1.0
tol90,availability,5,null,178.0,634,0,outdegree,1.0
tol90,availability,5,null,179.0,635,0,outdegree,1.001577287066246
tol90,availability,5,null,180.0,634,0,outdegree,1.0
tol90,availability,5,null,181.0,698,0,outdegree,1.1009463722397477
tol90,availability,5,null,182.0,634,0,outdegree,1.0
tol90,availability,5,null,183.0,637,0,outdegree,1.0047318611987381
tol90,availability,5,null,184.0,637,0,outdegree,1.0047318611987381
tol90,availability,5,null,185.0,800,2,outdegree,1.2618296529968454
tol90,availability,5,null,186.0,634,0,outdegree,1.0
tol90,availability,5,null,187.0,634,0,outdegree,1.0
tol90,availability,5,null,188.0,897,0,outdegree,1.414826498422713
tol90,availability,5,null,189.0,687,0,outdegree,1.083596214511041
tol90,availability,5,null,190.0,634,0,outdegree,1.0
tol90,availability,5,null,191.0,634,0,outdegree,1.0
tol90,availability,5,null,192.0,768,0,outdegree,1.2113564668769716
tol90,availability,5,null,193.0,634,0,outdegree,1.0
tol90,availability,5,null,194.0,634,0,outdegree,1.0
tol90,availability,5,null,195.0,851,0,outdegree,1.3422712933753944
tol90,availability,5,null,196.0,634,0,outdegree,1.0
tol90,availability,5,null,197.0,631,0,outdegree,0.9952681388012619
tol90,availability,5,null,198.0,727,0,outdegree,1.1466876971608833
tol90,availability,5,null,199.0,895,0,outdegree,1.411671924290221
tol90,availability,5,null,200.0,924,0,outdegree,1.4574132492113565
tol90,availability,5,null,201.0,634,0,outdegree,1.0
tol90,availability,5,null,202.0,634,0,outdegree,1.0
tol90,availability,5,null,203.0,634,0,outdegree,1.0
tol90,availability,5,null,204.0,634,0,outdegree,1.0
tol90,availability,5,null,205.0,634,0,outdegree,1.0
tol90,availability,5,null,206.0,634,0,outdegree,1.0
tol90,availability,5,null,207.0,846,0,outdegree,1.334384858044164
tol90,availability,5,null,208.0,2033,0,outdegree,3.2066246056782335
tol90,availability,5,null,209.0,634,0,outdegree,1.0
tol90,availability,5,null,210.0,1066,0,outdegree,1.6813880126182965
tol90,availability,5,null,211.0,801,0,outdegree,1.2634069400630914
tol90,availability,5,null,212.0,967,0,outdegree,1.525236593059937
tol90,availability,5,null,213.0,634,0,outdegree,1.0
tol90,availability,5,null,214.0,778,0,outdegree,1.227129337539432
tol90,availability,5,null,215.0,634,0,outdegree,1.0
tol90,availability,5,null,216.0,659,0,outdegree,1.0394321766561514
tol90,availability,5,null,217.0,634,0,outdegree,1.0
tol90,availability,5,null,218.0,634,0,outdegree,1.0
tol90,availability,5,null,219.0,634,0,outdegree,1.0
tol90,availability,5,null,220.0,634,0,outdegree,1.0
tol90,availability,5,null,221.0,650,0,outdegree,1.025236593059937
tol90,availability,5,null,222.0,634,0,outdegree,1.0
tol90,availability,5,null,223.0,634,0,outdegree,1.0
tol90,availability,5,null,224.0,634,0,outdegree,1.0
tol90,availability,5,null,225.0,753,0,outdegree,1.1876971608832807
tol90,availability,5,null,226.0,634,0,outdegree,1.0
tol90,availability,5,null,227.0,634,0,outdegree,1.0
tol90,availability,5,null,228.0,1754,0,outdegree,2.7665615141955837
tol90,availability,5,null,229.0,959,0,outdegree,1.5126182965299684
tol90,availability,5,null,230.0,634,0,outdegree,1.0
tol90,availability,5,null,231.0,634,0,outdegree,1.0
tol90,availability,5,null,232.0,1737,0,outdegree,2.7397476340694005
tol90,availability,5,null,233.0,634,0,outdegree,1.0
tol90,availability,5,null,234.0,634,0,outdegree,1.0
tol90,availability,5,null,235.0,634,0,outdegree,1.0
tol90,availability,5,null,236.0,637,0,outdegree,1.0047318611987381
tol90,availability,5,null,237.0,688,0,outdegree,1.085173501577287
tol90,availability,5,null,238.0,634,0,outdegree,1.0
tol90,availability,5,null,239.0,647,0,outdegree,1.0205047318611988
tol90,availability,5,null,240.0,635,0,outdegree,1.001577287066246
tol90,availability,5,null,241.0,632,0,outdegree,0.9968454258675079
tol90,availability,5,null,242.0,634,0,outdegree,1.0
tol90,availability,5,null,243.0,649,0,outdegree,1.023659305993691
tol90,availability,5,null,244.0,647,0,outdegree,1.0205047318611988
tol90,availability,5,null,245.0,634,0,outdegree,1.0
tol90,availability,5,null,246.0,634,0,outdegree,1.0
tol90,availability,5,null,247.0,635,0,outdegree,1.001577287066246
tol90,availability,5,null,248.0,638,0,outdegree,1.0063091482649842
tol90,availability,5,null,249.0,985,0,outdegree,1.553627760252366
tol90,availability,5,null,250.0,634,0,outdegree,1.0
tol90,availability,5,null,251.0,635,0,outdegree,1.001577287066246
tol90,availability,5,null,252.0,634,0,outdegree,1.0
tol90,availability,5,null,253.0,2192,0,outdegree,3.4574132492113563
tol90,availability,5,null,254.0,634,0,outdegree,1.0
tol90,availability,5,null,255.0,634,0,outdegree,1.0
tol90,availability,5,null,256.0,1250,0,outdegree,1.971608832807571
tol90,availability,5,null,257.0,634,0,outdegree,1.0
tol90,availability,5,null,258.0,1035,0,outdegree,1.6324921135646688
tol90,availability,5,null,259.0,634,0,outdegree,1.0
tol90,availability,5,null,260.0,634,0,outdegree,1.0
tol90,availability,5,null,261.0,635,0,outdegree,1.001577287066246
tol90,availability,5,null,262.0,636,0,outdegree,1.003154574132492
tol90,availability,5,null,263.0,854,1,outdegree,1.3470031545741326
tol90,availability,5,null,264.0,634,0,outdegree,1.0
tol90,availability,5,null,265.0,1334,0,outdegree,2.1041009463722395
tol90,availability,5,null,266.0,1004,0,outdegree,1.583596214511041
tol90,availability,5,null,267.0,634,0,outdegree,1.0
tol90,availability,5,null,268.0,636,0,outdegree,1.003154574132492
tol90,availability,5,null,269.0,634,0,outdegree,1.0
tol90,availability,5,null,270.0,634,0,outdegree,1.0
tol90,availability,5,null,271.0,634,0,outdegree,1.0
tol90,availability,5,null,272.0,634,0,outdegree,1.0
tol90,availability,5,null,273.0,634,0,outdegree,1.0
tol90,availability,5,null,274.0,634,0,outdegree,1.0
tol90,availability,5,null,275.0,1087,0,outdegree,1.7145110410094637
tol90,availability,5,null,276.0,634,0,outdegree,1.0
tol90,availability,5,null,277.0,634,0,outdegree,1.0
tol90,availability,5,null,278.0,634,0,outdegree,1.0
tol90,availability,5,null,279.0,634,0,outdegree,1.0
tol90,availability,5,null,280.0,694,0,outdegree,1.0946372239747635
tol90,availability,5,null,281.0,634,0,outdegree,1.0
tol90,availability,5,null,282.0,634,0,outdegree,1.0
tol90,availability,5,null,283.0,676,0,outdegree,1.0662460567823344
tol90,availability,5,null,284.0,645,0,outdegree,1.0173501577287065
tol90,availability,5,null,285.0,1021,0,outdegree,1.610410094637224
tol90,availability,5,null,286.0,771,0,outdegree,1.2160883280757098
tol90,availability,5,null,287.0,634,0,outdegree,1.0
tol90,availability,5,null,288.0,634,0,outdegree,1.0
tol90,availability,5,null,289.0,634,0,outdegree,1.0
tol90,availability,5,null,290.0,775,0,outdegree,1.222397476340694
tol90,availability,5,null,291.0,634,0,outdegree,1.0
tol90,availability,5,null,292.0,5851,0,outdegree,9.228706624605678
tol90,availability,5,null,293.0,1189,0,outdegree,1.8753943217665616
tol90,availability,5,null,294.0,634,0,outdegree,1.0
tol90,availability,5,null,295.0,745,0,outdegree,1.1750788643533123
tol90,availability,5,null,296.0,901,0,outdegree,1.4211356466876972
tol90,availability,5,null,297.0,634,0,outdegree,1.0
tol90,availability,5,null,298.0,634,0,outdegree,1.0
tol90,availability,5,null,299.0,2570,0,outdegree,4.053627760252366
tol90,availability,5,null,300.0,634,0,outdegree,1.0
tol90,availability,5,null,301.0,634,0,outdegree,1.0
tol90,availability,5,null,302.0,634,0,outdegree,1.0
tol90,availability,5,null,303.0,971,0,outdegree,1.5315457413249212
tol90,availability,5,null,304.0,634,0,outdegree,1.0
tol90,availability,5,null,305.0,719,0,outdegree,1.1340694006309149
tol90,availability,5,null,306.0,634,0,outdegree,1.0
tol90,availability,5,null,307.0,634,0,outdegree,1.0
tol90,availability,5,null,308.0,634,0,outdegree,1.0
tol90,availability,5,null,309.0,634,0,outdegree,1.0
tol90,availability,5,null,310.0,634,0,outdegree,1.0
tol90,availability,5,null,311.0,1056,0,outdegree,1.665615141955836
tol90,availability,5,null,312.0,634,0,outdegree,1.0
tol90,availability,5,null,313.0,646,0,outdegree,1.0189274447949528
tol90,availability,5,null,314.0,634,0,outdegree,1.0
tol90,availability,5,null,315.0,646,0,outdegree,1.0189274447949528
tol90,availability,5,null,316.0,634,0,outdegree,1.0
tol90,availability,5,null,317.0,634,0,outdegree,1.0
tol90,availability,5,null,318.0,638,0,outdegree,1.0063091482649842
tol90,availability,5,null,319.0,634,0,outdegree,1.0
tol90,availability,5,null,320.0,1407,0,outdegree,2.219242902208202
tol90,availability,5,null,321.0,632,0,outdegree,0.9968454258675079
tol90,availability,5,null,322.0,634,0,outdegree,1.0
tol90,availability,5,null,323.0,634,1,outdegree,1.0
tol90,availability,5,null,324.0,635,0,outdegree,1.001577287066246
tol90,availability,5,null,325.0,634,0,outdegree,1.0
tol90,availability,5,null,326.0,634,0,outdegree,1.0
tol90,availability,5,null,327.0,634,0,outdegree,1.0
tol90,availability,5,null,328.0,634,0,outdegree,1.0
tol90,availability,5,null,329.0,635,0,outdegree,1.001577287066246
tol90,availability,5,null,330.0,634,0,outdegree,1.0
tol90,availability,5,null,331.0,634,0,outdegree,1.0
tol90,availability,5,null,332.0,634,0,outdegree,1.0
tol90,availability,5,null,333.0,631,0,outdegree,0.9952681388012619
tol90,availability,5,null,334.0,654,0,outdegree,1.0315457413249212
tol90,availability,5,null,335.0,793,0,outdegree,1.250788643533123
tol90,availability,5,null,336.0,1540,0,outdegree,2.4290220820189274
tol90,availability,5,null,337.0,637,0,outdegree,1.0047318611987381
tol90,availability,5,null,338.0,634,0,outdegree,1.0
tol90,availability,5,null,339.0,634,0,outdegree,1.0
tol90,availability,5,null,340.0,634,0,outdegree,1.0
tol90,availability,5,null,341.0,641,0,outdegree,1.0110410094637223
tol90,availability,5,null,342.0,636,0,outdegree,1.003154574132492
tol90,availability,5,null,343.0,634,0,outdegree,1.0
tol90,availability,5,null,344.0,896,0,outdegree,1.413249211356467
tol90,availability,5,null,345.0,782,0,outdegree,1.2334384858044165
tol90,availability,5,null,346.0,634,0,outdegree,1.0
tol90,availability,5,null,347.0,634,0,outdegree,1.0
tol90,availability,5,null,348.0,634,0,outdegree,1.0
tol90,availability,5,null,349.0,728,1,outdegree,1.1482649842271293
tol90,availability,5,null,350.0,637,0,outdegree,1.0047318611987381
tol90,availability,5,null,351.0,634,0,outdegree,1.0
tol90,availability,5,null,352.0,634,0,outdegree,1.0
tol90,availability,5,null,353.0,634,0,outdegree,1.0
tol90,availability,5,null,354.0,635,0,outdegree,1.001577287066246
tol90,availability,5,null,355.0,634,0,outdegree,1.0
tol90,availability,5,null,356.0,925,0,outdegree,1.4589905362776026
tol90,availability,5,null,357.0,634,0,outdegree,1.0
tol90,availability,5,null,358.0,634,0,outdegree,1.0
tol90,availability,5,null,359.0,634,0,outdegree,1.0
tol90,availability,5,null,360.0,634,0,outdegree,1.0
tol90,availability,5,null,361.0,634,0,outdegree,1.0
tol90,availability,5,null,362.0,658,0,outdegree,1.0378548895899053
tol90,availability,5,null,363.0,635,0,outdegree,1.001577287066246
tol90,availability,5,null,364.0,634,0,outdegree,1.0
tol90,availability,5,null,365.0,634,0,outdegree,1.0
tol90,availability,5,null,366.0,646,0,outdegree,1.0189274447949528
tol90,availability,5,null,367.0,1402,0,outdegree,2.2113564668769716
tol90,availability,5,null,368.0,639,0,outdegree,1.0078864353312302
tol90,availability,5,null,369.0,634,0,outdegree,1.0
tol90,availability,5,null,370.0,661,0,outdegree,1.0425867507886435
tol90,availability,5,null,371.0,866,0,outdegree,1.3659305993690851
tol90,availability,5,null,372.0,742,0,outdegree,1.1703470031545742
tol90,availability,5,null,373.0,634,0,outdegree,1.0
tol90,availability,5,null,374.0,635,0,outdegree,1.001577287066246
tol90,availability,5,null,375.0,634,0,outdegree,1.0
tol90,availability,5,null,376.0,634,0,outdegree,1.0
tol90,availability,5,null,377.0,634,0,outdegree,1.0
tol90,availability,5,null,378.0,692,0,outdegree,1.0914826498422714
tol90,availability,5,null,379.0,634,0,outdegree,1.0
tol90,availability,5,null,380.0,902,0,outdegree,1.4227129337539433
tol90,availability,5,null,381.0,634,0,outdegree,1.0
tol90,availability,5,null,382.0,637,0,outdegree,1.0047318611987381
tol90,availability,5,null,383.0,635,0,outdegree,1.001577287066246
tol90,availability,5,null,384.0,634,0,outdegree,1.0
tol90,availability,5,null,385.0,634,0,outdegree,1.0
tol90,availability,5,null,386.0,655,0,outdegree,1.0331230283911672
tol90,availability,5,null,387.0,631,0,outdegree,0.9952681388012619
tol90,availability,5,null,388.0,740,0,outdegree,1.167192429022082
tol90,availability,5,null,389.0,634,0,outdegree,1.0
tol90,availability,5,null,390.0,634,0,outdegree,1.0
tol90,availability,5,null,391.0,634,0,outdegree,1.0
tol90,availability,5,null,392.0,852,0,outdegree,1.3438485804416405
tol90,availability,5,null,393.0,634,0,outdegree,1.0
tol90,availability,5,null,394.0,634,0,outdegree,1.0
tol90,availability,5,null,395.0,634,0,outdegree,1.0
tol90,availability,5,null,396.0,1419,0,outdegree,2.2381703470031544
tol90,availability,5,null,397.0,811,1,outdegree,1.279179810725552
tol90,availability,5,null,398.0,685,0,outdegree,1.0804416403785488
tol90,availability,5,null,399.0,672,0,outdegree,1.0599369085173502
tol90,availability,5,null,400.0,634,0,outdegree,1.0
tol90,availability,5,null,401.0,696,0,outdegree,1.0977917981072556
tol90,availability,5,null,402.0,1510,0,outdegree,2.3817034700315456
tol90,availability,5,null,403.0,634,0,outdegree,1.0
tol90,availability,5,null,404.0,1044,0,outdegree,1.6466876971608833
tol90,availability,5,null,405.0,635,0,outdegree,1.001577287066246
tol90,availability,5,null,406.0,671,0,outdegree,1.0583596214511042
tol90,availability,5,null,407.0,634,0,outdegree,1.0
tol90,availability,5,null,408.0,634,0,outdegree,1.0
tol90,availability,5,null,409.0,882,0,outdegree,1.391167192429022
tol90,availability,5,null,410.0,802,0,outdegree,1.2649842271293374
tol90,availability,5,null,411.0,634,0,outdegree,1.0
tol90,availability,5,null,412.0,634,0,outdegree,1.0
tol90,availability,5,null,413.0,777,0,outdegree,1.225552050473186
tol90,availability,5,null,414.0,634,0,outdegree,1.0
tol90,availability,5,null,415.0,615,0,outdegree,0.9700315457413249
tol90,availability,5,null,416.0,705,0,outdegree,1.11198738170347
tol90,availability,5,null,417.0,675,0,outdegree,1.0646687697160884
tol90,availability,5,null,418.0,634,0,outdegree,1.0
tol90,availability,5,null,419.0,634,0,outdegree,1.0
tol90,availability,5,null,420.0,634,0,outdegree,1.0
tol90,availability,5,null,421.0,1069,0,outdegree,1.6861198738170347
tol90,availability,5,null,422.0,634,0,outdegree,1.0
tol90,availability,5,null,423.0,732,0,outdegree,1.1545741324921135
tol90,availability,5,null,424.0,1307,0,outdegree,2.0615141955835963
tol90,availability,5,null,425.0,634,0,outdegree,1.0
tol90,availability,5,null,426.0,756,0,outdegree,1.1924290220820188
tol90,availability,5,null,427.0,728,0,outdegree,1.1482649842271293
tol90,availability,5,null,428.0,635,0,outdegree,1.001577287066246
tol90,availability,5,null,429.0,634,0,outdegree,1.0
tol90,availability,5,null,430.0,634,0,outdegree,1.0
tol90,availability,5,null,431.0,1730,0,outdegree,2.728706624605678
tol90,availability,5,null,432.0,638,0,outdegree,1.0063091482649842
tol90,availability,5,null,433.0,634,0,outdegree,1.0
tol90,availability,5,null,434.0,634,0,outdegree,1.0
tol90,availability,5,null,435.0,634,0,outdegree,1.0
tol90,availability,5,null,436.0,634,0,outdegree,1.0
tol90,availability,5,null,437.0,635,0,outdegree,1.001577287066246
tol90,availability,5,null,438.0,736,0,outdegree,1.160883280757098
tol90,availability,5,null,439.0,634,0,outdegree,1.0
tol90,availability,5,null,440.0,635,0,outdegree,1.001577287066246
tol90,availability,5,null,441.0,640,0,outdegree,1.0094637223974763
tol90,availability,5,null,442.0,634,0,outdegree,1.0
tol90,availability,5,null,443.0,634,0,outdegree,1.0
tol90,availability,5,null,444.0,634,0,outdegree,1.0
tol90,availability,5,null,445.0,918,0,outdegree,1.4479495268138802
tol90,availability,5,null,446.0,634,0,outdegree,1.0
tol90,availability,5,null,447.0,640,0,outdegree,1.0094637223974763
tol90,availability,5,null,448.0,785,0,outdegree,1.2381703470031546
tol90,availability,5,null,449.0,634,0,outdegree,1.0
tol90,availability,5,null,450.0,634,0,outdegree,1.0
tol90,availability,5,null,451.0,634,0,outdegree,1.0
tol90,availability,5,null,452.0,634,0,outdegree,1.0
tol90,availability,5,null,453.0,634,0,outdegree,1.0
tol90,availability,5,null,454.0,634,0,outdegree,1.0
tol90,availability,5,null,455.0,1059,0,outdegree,1.6703470031545742
tol90,availability,5,null,456.0,634,0,outdegree,1.0
tol90,availability,5,null,457.0,634,0,outdegree,1.0
tol90,availability,5,null,458.0,634,0,outdegree,1.0
tol90,availability,5,null,459.0,3200,0,outdegree,5.047318611987381
tol90,availability,5,null,460.0,634,0,outdegree,1.0
tol90,availability,5,null,461.0,695,0,outdegree,1.0962145110410095
tol90,availability,5,null,462.0,1248,0,outdegree,1.9684542586750788
tol90,availability,5,null,463.0,1948,0,outdegree,3.0725552050473186
tol90,availability,5,null,464.0,634,0,outdegree,1.0
tol90,availability,5,null,465.0,737,0,outdegree,1.162460567823344
tol90,availability,5,null,466.0,634,0,outdegree,1.0
tol90,availability,5,null,467.0,634,0,outdegree,1.0
tol90,availability,5,null,468.0,634,0,outdegree,1.0
tol90,availability,5,null,469.0,635,0,outdegree,1.001577287066246
tol90,availability,5,null,470.0,661,0,outdegree,1.0425867507886435
tol90,availability,5,null,471.0,629,0,outdegree,0.9921135646687698
tol90,availability,5,null,472.0,828,0,outdegree,1.3059936908517351
tol90,availability,5,null,473.0,958,0,outdegree,1.5110410094637223
tol90,availability,5,null,474.0,652,0,outdegree,1.028391167192429
tol90,availability,5,null,475.0,634,0,outdegree,1.0
tol90,availability,5,null,476.0,634,0,outdegree,1.0
tol90,availability,5,null,477.0,1729,0,outdegree,2.727129337539432
tol90,availability,5,null,478.0,649,2,outdegree,1.023659305993691
tol90,availability,5,null,479.0,634,0,outdegree,1.0
tol90,availability,5,null,480.0,634,0,outdegree,1.0
tol90,availability,5,null,481.0,634,0,outdegree,1.0
tol90,availability,5,null,482.0,2802,0,outdegree,4.419558359621451
tol90,availability,5,null,483.0,711,0,outdegree,1.1214511041009463
tol90,availability,5,null,484.0,639,0,outdegree,1.0078864353312302
tol90,availability,5,null,485.0,702,0,outdegree,1.1072555205047319
tol90,availability,5,null,486.0,634,0,outdegree,1.0
tol90,availability,5,null,487.0,634,0,outdegree,1.0
tol90,availability,5,null,488.0,634,0,outdegree,1.0
tol90,availability,5,null,489.0,632,0,outdegree,0.9968454258675079
tol90,availability,5,null,490.0,787,0,outdegree,1.2413249211356467
tol90,availability,5,null,491.0,634,0,outdegree,1.0
tol90,availability,5,null,492.0,634,0,outdegree,1.0
tol90,availability,5,null,493.0,1234,0,outdegree,1.946372239747634
tol90,availability,5,null,494.0,634,0,outdegree,1.0
tol90,availability,5,null,495.0,632,0,outdegree,0.9968454258675079
tol90,availability,5,null,496.0,634,0,outdegree,1.0
tol90,availability,5,null,497.0,634,0,outdegree,1.0
tol90,availability,5,null,498.0,634,0,outdegree,1.0
tol90,availability,5,null,499.0,676,0,outdegree,1.0662460567823344
