option,n_root_lineages
fill-mask|en|permissive,1017
fill-mask|unk|unknown,6423
fill-mask|zh|permissive,169
fill-mask|de|permissive,106
fill-mask|af|permissive,47
fill-mask|an|permissive,7
fill-mask|ar|permissive,120
fill-mask|az|permissive,28
fill-mask|ba|permissive,7
fill-mask|be|permissive,31
fill-mask|bg|permissive,53
fill-mask|bn|permissive,59
fill-mask|br|permissive,17
fill-mask|bs|permissive,26
fill-mask|ca|permissive,44
fill-mask|ce|permissive,5
fill-mask|cs|permissive,39
fill-mask|cv|permissive,5
fill-mask|cy|permissive,36
fill-mask|da|permissive,59
fill-mask|el|permissive,54
fill-mask|es|permissive,110
fill-mask|et|permissive,42
fill-mask|eu|permissive,45
fill-mask|fa|permissive,62
fill-mask|fi|permissive,79
fill-mask|fr|permissive,138
fill-mask|ga|permissive,34
fill-mask|gl|permissive,38
fill-mask|gu|permissive,42
fill-mask|he|permissive,42
fill-mask|hi|permissive,88
fill-mask|hr|permissive,44
fill-mask|ht|permissive,13
fill-mask|hu|permissive,48
fill-mask|hy|permissive,38
fill-mask|id|permissive,62
fill-mask|io|permissive,5
fill-mask|is|permissive,49
fill-mask|it|permissive,93
fill-mask|ja|permissive,83
fill-mask|jv|permissive,37
fill-mask|ka|permissive,43
fill-mask|kk|permissive,39
fill-mask|kn|permissive,41
fill-mask|ko|permissive,89
fill-mask|ky|permissive,26
fill-mask|la|permissive,33
fill-mask|lt|permissive,42
fill-mask|lv|permissive,44
fill-mask|mg|permissive,31
fill-mask|mk|permissive,31
fill-mask|ml|permissive,48
fill-mask|mn|permissive,33
fill-mask|mr|permissive,65
fill-mask|ms|permissive,46
fill-mask|my|permissive,37
fill-mask|nb|permissive,23
fill-mask|ne|permissive,42
fill-mask|nl|permissive,70
fill-mask|nn|permissive,22
fill-mask|oc|permissive,7
fill-mask|pa|permissive,38
fill-mask|pl|permissive,63
fill-mask|pt|permissive,109
fill-mask|ro|permissive,51
fill-mask|ru|permissive,82
fill-mask|sk|permissive,41
fill-mask|sl|permissive,41
fill-mask|sq|permissive,38
fill-mask|sr|permissive,43
fill-mask|su|permissive,24
fill-mask|sv|permissive,79
fill-mask|sw|permissive,67
fill-mask|ta|permissive,51
fill-mask|te|permissive,54
fill-mask|tg|permissive,8
fill-mask|th|permissive,59
fill-mask|tl|permissive,37
fill-mask|tr|permissive,88
fill-mask|tt|permissive,7
fill-mask|uk|permissive,44
fill-mask|uz|permissive,26
fill-mask|vi|permissive,81
fill-mask|vo|permissive,5
fill-mask|yo|permissive,31
question-answering|en|permissive,702
text-generation|en|permissive,30346
text-classification|en|permissive,4415
translation|de|permissive,705
translation|en|permissive,2995
translation|fr|permissive,1016
translation|ro|permissive,225
text-generation|en|unknown,12691
fill-mask|de|unknown,16
fill-mask|en|unknown,387
fill-mask|fr|unknown,21
fill-mask|af|noncommercial,1
fill-mask|am|noncommercial,1
fill-mask|an|noncommercial,1
fill-mask|ar|noncommercial,7
fill-mask|az|noncommercial,3
fill-mask|be|noncommercial,1
fill-mask|bg|noncommercial,3
fill-mask|bn|noncommercial,1
fill-mask|br|noncommercial,1
fill-mask|bs|noncommercial,1
fill-mask|ca|noncommercial,1
fill-mask|cs|noncommercial,4
fill-mask|cy|noncommercial,1
fill-mask|da|noncommercial,5
fill-mask|de|noncommercial,10
fill-mask|el|noncommercial,3
fill-mask|en|noncommercial,51
fill-mask|eo|noncommercial,1
fill-mask|es|noncommercial,6
fill-mask|et|noncommercial,1
fill-mask|eu|noncommercial,5
fill-mask|fa|noncommercial,2
fill-mask|fi|noncommercial,1
fill-mask|fr|noncommercial,10
fill-mask|fy|noncommercial,1
fill-mask|ga|noncommercial,2
fill-mask|gl|noncommercial,1
fill-mask|gu|noncommercial,1
fill-mask|he|noncommercial,1
fill-mask|hi|noncommercial,4
fill-mask|hr|noncommercial,1
fill-mask|hu|noncommercial,2
fill-mask|hy|noncommercial,1
fill-mask|ia|noncommercial,1
fill-mask|id|noncommercial,1
fill-mask|is|noncommercial,1
fill-mask|it|noncommercial,5
fill-mask|ja|noncommercial,21
fill-mask|jv|noncommercial,1
fill-mask|ka|noncommercial,1
fill-mask|kk|noncommercial,1
fill-mask|kn|noncommercial,1
fill-mask|ko|noncommercial,2
fill-mask|ku|noncommercial,1
fill-mask|la|noncommercial,3
fill-mask|lb|noncommercial,1
fill-mask|lt|noncommercial,1
fill-mask|lv|noncommercial,1
fill-mask|mk|noncommercial,1
fill-mask|ml|noncommercial,1
fill-mask|mn|noncommercial,1
fill-mask|mr|noncommercial,1
fill-mask|ms|noncommercial,1
fill-mask|my|noncommercial,1
fill-mask|ne|noncommercial,1
fill-mask|nl|noncommercial,2
fill-mask|nn|noncommercial,1
fill-mask|no|noncommercial,1
fill-mask|oc|noncommercial,1
fill-mask|pl|noncommercial,2
fill-mask|pt|noncommercial,4
fill-mask|ro|noncommercial,2
fill-mask|ru|noncommercial,4
fill-mask|si|noncommercial,1
fill-mask|sk|noncommercial,3
fill-mask|sl|noncommercial,1
fill-mask|sq|noncommercial,1
fill-mask|sr|noncommercial,1
fill-mask|sv|noncommercial,2
fill-mask|sw|noncommercial,3
fill-mask|ta|noncommercial,1
fill-mask|te|noncommercial,1
fill-mask|th|noncommercial,3
fill-mask|tl|noncommercial,1
fill-mask|tr|noncommercial,27
fill-mask|tt|noncommercial,1
fill-mask|uk|noncommercial,1
fill-mask|ur|noncommercial,3
fill-mask|uz|noncommercial,1
fill-mask|vi|noncommercial,5
fill-mask|yi|noncommercial,1
fill-mask|zh|noncommercial,6
fill-mask|am|permissive,43
fill-mask|as|permissive,26
fill-mask|eo|permissive,20
fill-mask|fy|permissive,15
fill-mask|gd|permissive,16
fill-mask|ha|permissive,37
fill-mask|km|permissive,27
fill-mask|ku|permissive,20
fill-mask|lo|permissive,20
fill-mask|no|permissive,53
fill-mask|om|permissive,23
fill-mask|or|permissive,26
fill-mask|ps|permissive,27
fill-mask|sa|permissive,35
fill-mask|sd|permissive,29
fill-mask|si|permissive,42
fill-mask|so|permissive,36
fill-mask|ug|permissive,18
fill-mask|ur|permissive,53
fill-mask|xh|permissive,32
fill-mask|yi|permissive,15
fill-mask|af|unknown,10
fill-mask|am|unknown,17
fill-mask|ar|unknown,55
fill-mask|as|unknown,6
fill-mask|az|unknown,9
fill-mask|be|unknown,6
fill-mask|bg|unknown,9
fill-mask|bn|unknown,12
fill-mask|br|unknown,6
fill-mask|bs|unknown,6
fill-mask|ca|unknown,7
fill-mask|cs|unknown,9
fill-mask|cy|unknown,7
fill-mask|da|unknown,8
fill-mask|el|unknown,20
fill-mask|eo|unknown,8
fill-mask|es|unknown,25
fill-mask|et|unknown,7
fill-mask|eu|unknown,8
fill-mask|fa|unknown,12
fill-mask|fi|unknown,9
fill-mask|fy|unknown,7
fill-mask|ga|unknown,7
fill-mask|gd|unknown,6
fill-mask|gl|unknown,9
fill-mask|gu|unknown,12
fill-mask|ha|unknown,10
fill-mask|he|unknown,13
fill-mask|hi|unknown,11
fill-mask|hr|unknown,7
fill-mask|hu|unknown,9
fill-mask|hy|unknown,6
fill-mask|id|unknown,16
fill-mask|is|unknown,8
fill-mask|it|unknown,15
fill-mask|ja|unknown,8
fill-mask|jv|unknown,10
fill-mask|ka|unknown,7
fill-mask|kk|unknown,6
fill-mask|km|unknown,6
fill-mask|kn|unknown,8
fill-mask|ko|unknown,37
fill-mask|ku|unknown,7
fill-mask|ky|unknown,6
fill-mask|la|unknown,6
fill-mask|lo|unknown,7
fill-mask|lt|unknown,7
fill-mask|lv|unknown,7
fill-mask|mg|unknown,9
fill-mask|mk|unknown,6
fill-mask|ml|unknown,6
fill-mask|mn|unknown,11
fill-mask|mr|unknown,11
fill-mask|ms|unknown,7
fill-mask|my|unknown,8
fill-mask|ne|unknown,10
fill-mask|nl|unknown,12
fill-mask|no|unknown,6
fill-mask|om|unknown,9
fill-mask|or|unknown,8
fill-mask|pa|unknown,8
fill-mask|pl|unknown,9
fill-mask|ps|unknown,6
fill-mask|pt|unknown,20
fill-mask|ro|unknown,8
fill-mask|ru|unknown,15
fill-mask|sa|unknown,9
fill-mask|sd|unknown,6
fill-mask|si|unknown,12
fill-mask|sk|unknown,7
fill-mask|sl|unknown,9
fill-mask|so|unknown,6
fill-mask|sq|unknown,6
fill-mask|sr|unknown,8
fill-mask|su|unknown,6
fill-mask|sv|unknown,15
fill-mask|sw|unknown,11
fill-mask|ta|unknown,7
fill-mask|te|unknown,7
fill-mask|th|unknown,14
fill-mask|tl|unknown,9
fill-mask|tr|unknown,13
fill-mask|ug|unknown,6
fill-mask|uk|unknown,6
fill-mask|ur|unknown,8
fill-mask|uz|unknown,10
fill-mask|vi|unknown,10
fill-mask|xh|unknown,9
fill-mask|yi|unknown,7
fill-mask|zh|unknown,95
token-classification|af|unknown,4
token-classification|am|unknown,7
token-classification|ar|unknown,24
token-classification|as|unknown,3
token-classification|az|unknown,5
token-classification|be|unknown,4
token-classification|bg|unknown,9
token-classification|bn|unknown,8
token-classification|br|unknown,3
token-classification|bs|unknown,3
token-classification|ca|unknown,6
token-classification|cs|unknown,8
token-classification|cy|unknown,3
token-classification|da|unknown,15
token-classification|de|unknown,101
token-classification|el|unknown,6
token-classification|en|unknown,435
token-classification|eo|unknown,5
token-classification|es|unknown,88
token-classification|et|unknown,6
token-classification|eu|unknown,4
token-classification|fa|unknown,20
token-classification|fi|unknown,12
token-classification|fr|unknown,116
token-classification|fy|unknown,4
token-classification|ga|unknown,4
token-classification|gd|unknown,3
token-classification|gl|unknown,4
token-classification|gu|unknown,5
token-classification|ha|unknown,7
token-classification|he|unknown,11
token-classification|hi|unknown,12
token-classification|hr|unknown,6
token-classification|hu|unknown,7
token-classification|hy|unknown,4
token-classification|id|unknown,15
token-classification|is|unknown,8
token-classification|it|unknown,27
token-classification|ja|unknown,7
token-classification|jv|unknown,5
token-classification|ka|unknown,5
token-classification|kk|unknown,6
token-classification|km|unknown,3
token-classification|kn|unknown,4
token-classification|ko|unknown,13
token-classification|ku|unknown,3
token-classification|ky|unknown,4
token-classification|la|unknown,12
token-classification|lo|unknown,3
token-classification|lt|unknown,4
token-classification|lv|unknown,5
token-classification|mg|unknown,3
token-classification|mk|unknown,3
token-classification|ml|unknown,5
token-classification|mn|unknown,24
token-classification|mr|unknown,4
token-classification|ms|unknown,4
token-classification|my|unknown,4
token-classification|ne|unknown,5
token-classification|nl|unknown,32
token-classification|no|unknown,5
token-classification|om|unknown,3
token-classification|or|unknown,3
token-classification|pa|unknown,3
token-classification|pl|unknown,18
token-classification|ps|unknown,3
token-classification|pt|unknown,75
token-classification|ro|unknown,6
token-classification|ru|unknown,29
token-classification|sa|unknown,3
token-classification|sd|unknown,3
token-classification|si|unknown,4
token-classification|sk|unknown,7
token-classification|sl|unknown,8
token-classification|so|unknown,3
token-classification|sq|unknown,3
token-classification|sr|unknown,6
token-classification|su|unknown,3
token-classification|sv|unknown,15
token-classification|sw|unknown,15
token-classification|ta|unknown,7
token-classification|te|unknown,5
token-classification|th|unknown,11
token-classification|tl|unknown,39
token-classification|tr|unknown,20
token-classification|ug|unknown,3
token-classification|uk|unknown,6
token-classification|ur|unknown,8
token-classification|uz|unknown,5
token-classification|vi|unknown,24
token-classification|xh|unknown,3
token-classification|yi|unknown,3
token-classification|zh|unknown,28
text-generation|unk|unknown,128926
unk|ru|permissive,828
automatic-speech-recognition|unk|unknown,8232
unk|unk|unknown,151383
text-classification|unk|unknown,49604
feature-extraction|unk|unknown,10714
token-classification|zh|permissive,154
unk|unk|permissive,161255
sentence-similarity|unk|unknown,4444
token-classification|unk|permissive,2383
automatic-speech-recognition|unk|permissive,3088
summarization|it|unknown,6
text-classification|unk|permissive,10363
unk|unk|noncommercial,5903
fill-mask|unk|permissive,1976
image-classification|unk|unknown,5778
text-classification|ar|permissive,235
token-classification|unk|unknown,8369
text-classification|en|unknown,3070
unk|en|unknown,10096
question-answering|en|unknown,229
text-generation|unk|permissive,19645
automatic-speech-recognition|ba|permissive,273
question-answering|unk|permissive,2053
automatic-speech-recognition|gl|permissive,285
automatic-speech-recognition|ha|permissive,289
automatic-speech-recognition|sw|permissive,326
automatic-speech-recognition|hu|permissive,344
automatic-speech-recognition|ku|permissive,8
automatic-speech-recognition|mt|permissive,301
image-classification|unk|permissive,6091
audio-classification|unk|permissive,695
text-classification|ru|unknown,111
question-answering|ru|permissive,38
automatic-speech-recognition|fr|permissive,672
automatic-speech-recognition|fr|unknown,33
automatic-speech-recognition|pt|permissive,553
unk|unk|other,27599
question-answering|unk|unknown,4402
unk|da|permissive,244
automatic-speech-recognition|ta|permissive,339
question-answering|ru|unknown,11
automatic-speech-recognition|de|permissive,628
automatic-speech-recognition|ar|permissive,517
automatic-speech-recognition|ja|permissive,550
token-classification|hr|permissive,29
token-classification|sr|permissive,47
multiple-choice|unk|unknown,611
unk|hu|unknown,14
unk|en|noncommercial,1237
token-classification|de|noncommercial,22
token-classification|en|noncommercial,61
token-classification|es|noncommercial,27
token-classification|fr|noncommercial,24
token-classification|it|noncommercial,22
token-classification|nl|noncommercial,15
token-classification|pl|noncommercial,13
token-classification|pt|noncommercial,12
token-classification|ru|noncommercial,7
automatic-speech-recognition|id|permissive,409
audio-classification|el|permissive,12
audio-classification|ja|unknown,4
automatic-speech-recognition|tr|unknown,30
automatic-speech-recognition|tr|permissive,399
translation|unk|unknown,699
text-classification|bg|permissive,60
text-classification|cs|permissive,68
text-classification|da|permissive,83
text-classification|de|permissive,243
text-classification|el|permissive,74
text-classification|es|permissive,474
text-classification|fi|permissive,66
text-classification|fr|permissive,307
text-classification|ga|permissive,35
text-classification|he|permissive,50
text-classification|hu|permissive,76
text-classification|is|permissive,36
text-classification|it|permissive,258
text-classification|kw|permissive,3
text-classification|la|permissive,37
text-classification|lt|permissive,52
text-classification|nl|permissive,133
text-classification|nn|permissive,21
text-classification|pl|permissive,100
text-classification|pt|permissive,229
text-classification|ro|permissive,68
text-classification|ru|permissive,238
text-classification|sa|permissive,22
text-classification|sk|permissive,54
text-classification|sl|permissive,51
text-classification|sr|permissive,36
text-classification|sv|permissive,82
token-classification|ar|permissive,137
translation|vi|permissive,251
translation|id|permissive,189
token-classification|nl|permissive,140
summarization|en|permissive,432
text-generation|fr|permissive,1341
unk|es|unknown,169
unk|ko|noncommercial,194
depth-estimation|unk|permissive,247
unk|id|unknown,71
unk|ja|permissive,966
zero-shot-classification|unk|unknown,27
text-classification|en|copyleft,95
feature-extraction|en|permissive,1645
unk|en|permissive,41200
token-classification|en|permissive,1483
feature-extraction|unk|permissive,2020
token-classification|unk|copyleft,88
automatic-speech-recognition|vi|permissive,399
unk|ga|permissive,160
text-classification|fr|unknown,106
text-classification|nl|unknown,29
token-classification|da|permissive,79
sentence-similarity|unk|permissive,1043
text-generation|es|permissive,1437
feature-extraction|bg|unknown,3
feature-extraction|cs|unknown,4
feature-extraction|pl|unknown,7
feature-extraction|ru|unknown,22
feature-extraction|en|unknown,235
unk|ru|unknown,205
automatic-speech-recognition|lt|permissive,330
automatic-speech-recognition|ab|permissive,10
automatic-speech-recognition|as|permissive,305
automatic-speech-recognition|bg|permissive,311
automatic-speech-recognition|br|permissive,286
automatic-speech-recognition|gn|permissive,18
automatic-speech-recognition|hi|permissive,468
automatic-speech-recognition|kk|permissive,296
automatic-speech-recognition|mr|permissive,327
automatic-speech-recognition|or|permissive,46
automatic-speech-recognition|sl|permissive,328
automatic-speech-recognition|sr|permissive,297
summarization|ca|unknown,3
summarization|es|unknown,27
fill-mask|et|copyleft,2
fill-mask|en|copyleft,38
fill-mask|lt|copyleft,2
fill-mask|lv|copyleft,2
fill-mask|sl|copyleft,8
automatic-speech-recognition|ru|permissive,486
summarization|de|unknown,10
unk|fa|unknown,30
text-generation|pt|unknown,119
feature-extraction|fi|permissive,73
unk|fi|permissive,280
text-generation|fi|permissive,220
automatic-speech-recognition|nl|unknown,27
text-generation|id|unknown,47
automatic-speech-recognition|fi|unknown,18
text-classification|it|unknown,35
text-generation|nl|unknown,33
text-generation|it|unknown,115
text-to-speech|en|permissive,1008
automatic-speech-recognition|ur|permissive,332
automatic-speech-recognition|pa|permissive,299
unk|hi|permissive,535
text-classification|kn|permissive,39
text-classification|ml|permissive,42
text-classification|ta|permissive,58
translation|unk|permissive,5667
translation|km|permissive,111
translation|es|permissive,1046
translation|af|permissive,208
translation|eo|permissive,254
translation|fi|permissive,680
translation|nl|permissive,267
translation|ru|permissive,411
translation|sv|permissive,728
translation|am|permissive,130
translation|ar|permissive,327
translation|he|permissive,233
translation|mt|permissive,145
translation|so|permissive,99
translation|ti|permissive,93
translation|ee|permissive,102
translation|ig|permissive,120
translation|lg|permissive,123
translation|ln|permissive,111
translation|ny|permissive,106
translation|rn|permissive,96
translation|rw|permissive,111
translation|sg|permissive,95
translation|sn|permissive,105
translation|ts|permissive,100
translation|wo|permissive,73
translation|xh|permissive,130
translation|yo|permissive,119
translation|zu|permissive,97
translation|el|permissive,168
translation|it|permissive,350
translation|pl|permissive,239
translation|tr|permissive,212
translation|io|permissive,15
translation|az|permissive,98
translation|lt|permissive,179
translation|lv|permissive,154
translation|be|permissive,138
translation|bg|permissive,226
translation|uk|permissive,382
translation|bi|permissive,88
translation|bn|permissive,178
translation|ca|permissive,259
translation|pt|permissive,368
translation|ab|permissive,23
translation|ce|permissive,47
translation|ka|permissive,86
translation|br|permissive,81
translation|cy|permissive,103
translation|ga|permissive,133
translation|gd|permissive,84
translation|gv|permissive,67
translation|kw|permissive,61
translation|ht|permissive,129
translation|cs|permissive,228
translation|da|permissive,207
translation|no|permissive,200
translation|zh|permissive,278
translation|et|permissive,170
translation|eu|permissive,134
translation|fj|permissive,88
translation|ha|permissive,138
translation|ho|permissive,51
translation|hr|permissive,157
translation|hu|permissive,195
translation|is|permissive,190
translation|kg|permissive,84
translation|ms|permissive,142
translation|tl|permissive,101
translation|kn|permissive,101
translation|ml|permissive,110
translation|ta|permissive,121
translation|te|permissive,117
translation|se|permissive,72
translation|fo|permissive,85
translation|fy|permissive,107
translation|lb|permissive,98
translation|nb|permissive,95
translation|nn|permissive,80
translation|yi|permissive,107
translation|gl|permissive,176
translation|hi|permissive,213
translation|hy|permissive,99
translation|as|permissive,115
translation|gu|permissive,144
translation|mr|permissive,155
translation|or|permissive,121
translation|os|permissive,69
translation|ps|permissive,94
translation|si|permissive,120
translation|ur|permissive,164
translation|an|permissive,57
translation|co|permissive,85
translation|mk|permissive,131
translation|oc|permissive,103
translation|rm|permissive,79
translation|sc|permissive,42
translation|sl|permissive,180
translation|sq|permissive,101
translation|wa|permissive,82
translation|kj|permissive,58
translation|lu|permissive,66
translation|mg|permissive,105
translation|mh|permissive,80
translation|ba|permissive,59
translation|bo|permissive,70
translation|ch|permissive,62
translation|cv|permissive,52
translation|gn|permissive,48
translation|ja|permissive,265
translation|jv|permissive,89
translation|kl|permissive,46
translation|lo|permissive,85
translation|mi|permissive,63
translation|mn|permissive,83
translation|my|permissive,89
translation|na|permissive,29
translation|nv|permissive,43
translation|sm|permissive,91
translation|su|permissive,83
translation|th|permissive,125
translation|tk|permissive,55
translation|to|permissive,86
translation|tt|permissive,53
translation|ty|permissive,56
translation|ng|permissive,18
translation|om|permissive,75
translation|sk|permissive,144
translation|ss|permissive,67
translation|st|permissive,92
translation|sw|permissive,114
translation|tn|permissive,89
translation|tw|permissive,49
translation|ve|permissive,70
unk|fr|permissive,1395
unk|he|permissive,191
translation|ko|permissive,205
translation|pa|permissive,104
text-classification|zh|permissive,305
token-classification|fa|permissive,65
text-classification|fa|permissive,96
text-generation|fa|permissive,242
token-classification|es|permissive,294
text-classification|ko|unknown,72
unk|ko|unknown,155
unk|zh|permissive,2188
text-generation|zh|permissive,2299
unk|bm|unknown,8
unk|fr|unknown,112
text-generation|ru|unknown,348
summarization|ru|permissive,29
token-classification|ru|permissive,112
text-generation|de|permissive,1153
automatic-speech-recognition|nl|permissive,448
multiple-choice|unk|permissive,163
token-classification|fr|permissive,228
unk|ko|permissive,693
zero-shot-classification|it|permissive,8
text-classification|es|unknown,102
text-classification|ca|permissive,53
text-classification|ca|unknown,9
audio-to-audio|unk|copyleft,40
unk|unk|copyleft,4841
text-generation|ro|permissive,222
translation|en|noncommercial,177
translation|ja|noncommercial,91
translation|zh|noncommercial,122
unk|sv|unknown,26
sentence-similarity|sv|permissive,138
token-classification|sv|permissive,76
automatic-speech-recognition|unk|noncommercial,296
automatic-speech-recognition|sv|permissive,390
unk|ar|unknown,107
fill-mask|unk|other,160
zero-shot-classification|ar|other,2
unk|ru|other,141
fill-mask|ja|copyleft,59
token-classification|ja|copyleft,48
token-classification|th|permissive,54
token-classification|en|copyleft,69
feature-extraction|fr|permissive,148
automatic-speech-recognition|lb|permissive,281
feature-extraction|de|unknown,7
summarization|es|permissive,18
text-generation|zh|copyleft,115
fill-mask|qu|unknown,1
feature-extraction|zh|permissive,249
token-classification|pt|permissive,174
text-generation|pt|permissive,777
automatic-speech-recognition|es|permissive,626
summarization|lt|permissive,3
feature-extraction|am|unknown,2
feature-extraction|ar|unknown,12
feature-extraction|az|unknown,3
feature-extraction|bn|unknown,4
feature-extraction|ca|unknown,2
feature-extraction|el|unknown,4
feature-extraction|es|unknown,11
feature-extraction|et|unknown,4
feature-extraction|fa|unknown,10
feature-extraction|fr|unknown,12
feature-extraction|hi|unknown,6
feature-extraction|hu|unknown,3
feature-extraction|id|unknown,7
feature-extraction|is|unknown,3
feature-extraction|it|unknown,6
feature-extraction|ja|unknown,5
feature-extraction|ka|unknown,2
feature-extraction|kk|unknown,4
feature-extraction|ko|unknown,16
feature-extraction|lv|unknown,2
feature-extraction|mk|unknown,2
feature-extraction|ms|unknown,21
feature-extraction|nl|unknown,13
feature-extraction|ps|unknown,2
feature-extraction|ro|unknown,3
feature-extraction|sl|unknown,2
feature-extraction|sq|unknown,2
feature-extraction|sv|unknown,30
feature-extraction|th|unknown,4
feature-extraction|tl|unknown,2
feature-extraction|tr|unknown,6
feature-extraction|ur|unknown,4
feature-extraction|zh|unknown,37
text-classification|eu|permissive,29
question-answering|es|unknown,36
text-generation|en|copyleft,583
automatic-speech-recognition|ne|permissive,311
image-text-to-text|unk|unknown,7985
question-answering|eu|unknown,3
text-generation|ru|permissive,1095
text-classification|de|unknown,76
automatic-speech-recognition|cs|permissive,342
automatic-speech-recognition|ka|permissive,286
text-generation|sk|copyleft,17
summarization|unk|unknown,552
text-generation|ja|unknown,278
zero-shot-classification|en|permissive,174
zero-shot-classification|en|unknown,30
zero-shot-classification|ar|permissive,31
zero-shot-classification|bg|permissive,21
zero-shot-classification|de|permissive,32
zero-shot-classification|el|permissive,26
zero-shot-classification|es|permissive,31
zero-shot-classification|fr|permissive,35
zero-shot-classification|hi|permissive,23
zero-shot-classification|ru|permissive,32
zero-shot-classification|sw|permissive,24
zero-shot-classification|th|permissive,24
zero-shot-classification|tr|permissive,40
zero-shot-classification|ur|permissive,22
zero-shot-classification|vi|permissive,24
zero-shot-classification|zh|permissive,32
fill-mask|tn|unknown,5
fill-mask|zu|unknown,4
text-classification|unk|copyleft,197
automatic-speech-recognition|ja|unknown,44
summarization|hu|permissive,9
text-generation|hu|permissive,198
translation|en|copyleft,53
translation|hu|copyleft,2
translation|en|unknown,382
translation|pt|unknown,31
image-segmentation|unk|permissive,1448
automatic-speech-recognition|no|permissive,322
zero-shot-classification|no|permissive,8
token-classification|no|permissive,57
text-classification|no|permissive,39
text-classification|se|permissive,3
text-generation|nb|permissive,38
text-generation|nn|permissive,41
text-generation|no|permissive,160
unk|no|permissive,237
automatic-speech-recognition|nb|permissive,26
automatic-speech-recognition|nn|permissive,280
fill-mask|unk|copyleft,99
automatic-speech-recognition|unk|other,98
text-classification|da|unknown,17
unk|vi|permissive,457
text-generation|vi|unknown,66
text-generation|he|permissive,192
text-generation|ja|permissive,1267
text-generation|mn|unknown,11
automatic-speech-recognition|en|permissive,1577
automatic-speech-recognition|ca|permissive,327
automatic-speech-recognition|el|permissive,365
text-classification|pt|unknown,81
automatic-speech-recognition|et|unknown,7
automatic-speech-recognition|ru|unknown,32
automatic-speech-recognition|fi|permissive,381
image-classification|en|permissive,1182
audio-classification|unk|unknown,940
unk|es|permissive,1113
question-answering|id|permissive,19
object-detection|unk|unknown,1639
unk|hu|permissive,238
question-answering|de|unknown,9
sentence-similarity|de|unknown,30
zero-shot-classification|de|unknown,4
sentence-similarity|fr|unknown,36
automatic-speech-recognition|hi|unknown,39
object-detection|en|permissive,408
unk|bn|permissive,358
zero-shot-image-classification|unk|unknown,359
token-classification|bn|permissive,51
video-classification|unk|permissive,159
unk|cs|permissive,277
summarization|de|permissive,17
question-answering|ja|copyleft,13
unk|en|responsible_ai,542
text-classification|en|noncommercial,209
text-classification|en|responsible_ai,103
unk|ru|responsible_ai,45
text-classification|ru|responsible_ai,14
unk|unk|responsible_ai,54002
text-classification|fr|responsible_ai,15
text-classification|it|responsible_ai,11
text-classification|pt|responsible_ai,6
text-classification|id|permissive,169
unk|en|copyleft,478
feature-extraction|de|permissive,147
feature-extraction|es|permissive,127
feature-extraction|it|permissive,102
feature-extraction|nl|permissive,85
feature-extraction|pl|permissive,85
feature-extraction|pt|permissive,155
feature-extraction|ru|permissive,147
summarization|de|noncommercial,2
summarization|en|noncommercial,12
automatic-speech-recognition|bn|permissive,355
automatic-speech-recognition|et|permissive,392
text-generation|de|copyleft,48
translation|de|copyleft,9
text-generation|uk|unknown,26
token-classification|unk|noncommercial,247
feature-extraction|da|permissive,86
sentence-similarity|fi|unknown,13
unk|cs|unknown,24
unk|no|unknown,11
sentence-similarity|vi|unknown,24
question-answering|id|unknown,14
text-to-image|en|copyleft,42
text-to-image|ru|copyleft,4
text-classification|ar|unknown,99
summarization|unk|permissive,332
fill-mask|wo|unknown,5
automatic-speech-recognition|wo|permissive,25
text-generation|ta|unknown,22
feature-extraction|pt|unknown,5
image-to-text|pt|permissive,23
image-feature-extraction|unk|unknown,226
automatic-speech-recognition|ky|permissive,25
text-generation|unk|copyleft,432
unk|tr|unknown,75
unk|as|unknown,7
unk|bn|unknown,44
unk|gu|unknown,19
unk|hi|unknown,58
unk|kn|unknown,10
unk|ml|unknown,26
unk|mr|unknown,21
unk|or|unknown,9
unk|pa|unknown,12
unk|ta|unknown,51
unk|te|unknown,27
unk|as|permissive,108
unk|gu|permissive,183
unk|kn|permissive,179
unk|ml|permissive,207
unk|mr|permissive,203
unk|or|permissive,100
unk|pa|permissive,164
unk|ta|permissive,247
unk|te|permissive,196
question-answering|ko|copyleft,7
summarization|ko|permissive,15
question-answering|th|unknown,7
automatic-speech-recognition|th|copyleft,12
text-classification|id|unknown,60
feature-extraction|id|permissive,97
token-classification|hu|permissive,45
token-classification|tr|permissive,133
text-classification|tr|unknown,70
token-classification|sq|permissive,36
text-generation|ar|unknown,81
unk|ar|permissive,770
summarization|ko|unknown,28
unk|bg|permissive,225
unk|de|permissive,1064
unk|el|permissive,256
unk|sw|permissive,257
unk|th|permissive,391
unk|tr|permissive,557
unk|ur|permissive,231
text-classification|bn|unknown,21
automatic-speech-recognition|pl|permissive,416
fill-mask|dz|permissive,2
unk|pl|unknown,33
text-classification|af|permissive,45
text-classification|an|permissive,13
text-classification|az|permissive,42
text-classification|ba|permissive,18
text-classification|be|permissive,27
text-classification|bn|permissive,89
text-classification|br|permissive,21
text-classification|bs|permissive,25
text-classification|ce|permissive,13
text-classification|cv|permissive,13
text-classification|cy|permissive,32
text-classification|et|permissive,49
text-classification|gl|permissive,37
text-classification|gu|permissive,40
text-classification|hi|permissive,151
text-classification|hr|permissive,53
text-classification|ht|permissive,20
text-classification|hy|permissive,30
text-classification|io|permissive,11
text-classification|ja|permissive,146
text-classification|jv|permissive,33
text-classification|ka|permissive,33
text-classification|kk|permissive,32
text-classification|ko|permissive,160
text-classification|ky|permissive,28
text-classification|lv|permissive,54
text-classification|mg|permissive,24
text-classification|mk|permissive,30
text-classification|mr|permissive,61
text-classification|ms|permissive,52
text-classification|my|permissive,38
text-classification|nb|permissive,22
text-classification|ne|permissive,50
text-classification|oc|permissive,12
text-classification|pa|permissive,40
text-classification|sq|permissive,32
text-classification|su|permissive,26
text-classification|sw|permissive,61
text-classification|te|permissive,43
text-classification|tg|permissive,15
text-classification|tl|permissive,52
text-classification|tr|permissive,202
text-classification|tt|permissive,16
text-classification|uk|permissive,56
text-classification|uz|permissive,32
text-classification|vi|permissive,144
text-classification|vo|permissive,11
text-classification|yo|permissive,31
automatic-speech-recognition|kn|permissive,303
automatic-speech-recognition|ko|permissive,429
question-answering|vi|permissive,53
audio-classification|en|permissive,346
automatic-speech-recognition|cv|permissive,8
automatic-speech-recognition|lv|permissive,321
automatic-speech-recognition|mn|permissive,320
automatic-speech-recognition|ro|permissive,341
automatic-speech-recognition|tt|permissive,283
automatic-speech-recognition|uk|permissive,385
question-answering|it|unknown,6
automatic-speech-recognition|dv|permissive,23
automatic-speech-recognition|ia|permissive,8
automatic-speech-recognition|te|permissive,323
automatic-speech-recognition|sk|permissive,315
translation|ru|unknown,80
text-to-image|en|unknown,198
automatic-speech-recognition|hy|permissive,301
text-classification|af|unknown,5
text-classification|pl|unknown,13
automatic-speech-recognition|bn|copyleft,7
sentence-similarity|en|permissive,1081
sentence-similarity|dv|unknown,2
text-generation|ar|other,182
automatic-speech-recognition|tw|unknown,5
text-to-speech|mn|unknown,2
text-generation|sw|permissive,184
table-question-answering|unk|unknown,39
text-generation|ko|unknown,323
question-answering|ko|noncommercial,2
text-classification|ko|noncommercial,12
sentence-similarity|unk|noncommercial,30
feature-extraction|sv|permissive,75
text-generation|sv|unknown,14
automatic-speech-recognition|lg|permissive,36
automatic-speech-recognition|en|unknown,199
text-generation|id|permissive,410
fill-mask|en|responsible_ai,10
text-generation|ko|noncommercial,454
feature-extraction|ko|permissive,121
token-classification|id|permissive,67
summarization|id|permissive,14
summarization|id|unknown,20
automatic-speech-recognition|eu|permissive,289
automatic-speech-recognition|jv|permissive,30
automatic-speech-recognition|su|permissive,270
fill-mask|ig|permissive,19
fill-mask|rn|permissive,7
fill-mask|rw|permissive,13
fill-mask|ti|permissive,12
text-generation|fr|unknown,189
text-classification|zh|unknown,83
automatic-speech-recognition|th|permissive,384
question-answering|sw|unknown,5
token-classification|zh|copyleft,29
fill-mask|zh|copyleft,10
text-classification|hr|copyleft,5
unk|bs|permissive,106
unk|hr|permissive,160
unk|sr|permissive,232
token-classification|bs|permissive,10
text-classification|sl|copyleft,12
automatic-speech-recognition|hr|unknown,10
unk|it|unknown,84
feature-extraction|it|copyleft,2
sentence-similarity|cs|permissive,133
sentence-similarity|da|permissive,132
sentence-similarity|de|permissive,223
sentence-similarity|es|permissive,208
sentence-similarity|fi|permissive,126
sentence-similarity|fr|permissive,246
sentence-similarity|he|permissive,125
sentence-similarity|hr|permissive,123
sentence-similarity|hu|permissive,128
sentence-similarity|id|permissive,179
sentence-similarity|it|permissive,217
sentence-similarity|nl|permissive,192
sentence-similarity|no|permissive,69
sentence-similarity|pl|permissive,189
sentence-similarity|pt|permissive,233
sentence-similarity|ro|permissive,129
sentence-similarity|ru|permissive,244
sentence-similarity|tr|permissive,201
sentence-similarity|vi|permissive,204
unk|zh|unknown,267
question-answering|fr|noncommercial,2
unk|ca|permissive,298
zero-shot-classification|ru|unknown,5
text-generation|ja|other,413
sentence-similarity|ja|copyleft,4
automatic-speech-recognition|eo|permissive,14
token-classification|sk|noncommercial,1
token-classification|sk|permissive,49
unk|mk|permissive,170
unk|uk|permissive,319
unk|pl|permissive,382
unk|sl|permissive,195
translation|ca|unknown,24
translation|es|unknown,112
text-ranking|en|permissive,125
text-ranking|de|permissive,17
token-classification|de|permissive,206
summarization|am|unknown,13
summarization|ar|unknown,32
summarization|az|unknown,13
summarization|bn|unknown,16
summarization|cy|unknown,13
summarization|en|unknown,272
summarization|fa|unknown,23
summarization|fr|unknown,25
summarization|gd|unknown,13
summarization|gu|unknown,13
summarization|ha|unknown,13
summarization|hi|unknown,14
summarization|ig|unknown,13
summarization|ja|unknown,14
summarization|ky|unknown,13
summarization|mr|unknown,14
summarization|my|unknown,13
summarization|ne|unknown,17
summarization|om|unknown,13
summarization|pa|unknown,13
summarization|ps|unknown,13
summarization|pt|unknown,16
summarization|rn|unknown,13
summarization|ru|unknown,18
summarization|si|unknown,18
summarization|so|unknown,13
summarization|sr|unknown,13
summarization|sw|unknown,13
summarization|ta|unknown,14
summarization|te|unknown,14
summarization|th|unknown,16
summarization|ti|unknown,13
summarization|tr|unknown,14
summarization|uk|unknown,14
summarization|ur|unknown,17
summarization|uz|unknown,13
summarization|vi|unknown,19
summarization|yo|unknown,13
summarization|zh|unknown,30
text-classification|el|copyleft,9
fill-mask|el|copyleft,4
sentence-similarity|ko|permissive,217
feature-extraction|af|permissive,58
feature-extraction|am|permissive,51
feature-extraction|ar|permissive,103
feature-extraction|as|permissive,44
feature-extraction|az|permissive,63
feature-extraction|be|permissive,56
feature-extraction|bg|permissive,79
feature-extraction|bn|permissive,76
feature-extraction|bo|permissive,5
feature-extraction|bs|permissive,51
feature-extraction|ca|permissive,68
feature-extraction|co|permissive,3
feature-extraction|cs|permissive,87
feature-extraction|cy|permissive,57
feature-extraction|el|permissive,73
feature-extraction|eo|permissive,43
feature-extraction|et|permissive,67
feature-extraction|eu|permissive,57
feature-extraction|fa|permissive,82
feature-extraction|fy|permissive,36
feature-extraction|ga|permissive,56
feature-extraction|gd|permissive,36
feature-extraction|gl|permissive,61
feature-extraction|gu|permissive,66
feature-extraction|ha|permissive,38
feature-extraction|he|permissive,81
feature-extraction|hi|permissive,96
feature-extraction|hr|permissive,67
feature-extraction|ht|permissive,23
feature-extraction|hu|permissive,73
feature-extraction|hy|permissive,64
feature-extraction|ig|permissive,7
feature-extraction|is|permissive,66
feature-extraction|ja|permissive,143
feature-extraction|jv|permissive,56
feature-extraction|ka|permissive,68
feature-extraction|kk|permissive,60
feature-extraction|km|permissive,59
feature-extraction|kn|permissive,63
feature-extraction|ku|permissive,39
feature-extraction|ky|permissive,48
feature-extraction|la|permissive,48
feature-extraction|lb|permissive,12
feature-extraction|lo|permissive,51
feature-extraction|lt|permissive,67
feature-extraction|lv|permissive,68
feature-extraction|mg|permissive,50
feature-extraction|mi|permissive,5
feature-extraction|mk|permissive,62
feature-extraction|ml|permissive,63
feature-extraction|mn|permissive,59
feature-extraction|mr|permissive,73
feature-extraction|ms|permissive,68
feature-extraction|mt|permissive,10
feature-extraction|my|permissive,61
feature-extraction|ne|permissive,65
feature-extraction|no|permissive,60
feature-extraction|ny|permissive,5
feature-extraction|or|permissive,42
feature-extraction|pa|permissive,62
feature-extraction|ro|permissive,75
feature-extraction|rw|permissive,4
feature-extraction|si|permissive,52
feature-extraction|sk|permissive,67
feature-extraction|sl|permissive,67
feature-extraction|sm|permissive,3
feature-extraction|sn|permissive,5
feature-extraction|so|permissive,44
feature-extraction|sq|permissive,64
feature-extraction|sr|permissive,65
feature-extraction|st|permissive,3
feature-extraction|su|permissive,42
feature-extraction|sw|permissive,73
feature-extraction|ta|permissive,67
feature-extraction|te|permissive,75
feature-extraction|tg|permissive,17
feature-extraction|th|permissive,80
feature-extraction|tk|permissive,2
feature-extraction|tl|permissive,62
feature-extraction|tr|permissive,95
feature-extraction|tt|permissive,15
feature-extraction|ug|permissive,35
feature-extraction|uk|permissive,77
feature-extraction|ur|permissive,74
feature-extraction|uz|permissive,55
feature-extraction|vi|permissive,90
feature-extraction|wo|permissive,5
feature-extraction|xh|permissive,47
feature-extraction|yi|permissive,36
feature-extraction|yo|permissive,27
feature-extraction|zu|permissive,7
text-to-image|en|permissive,799
visual-question-answering|unk|permissive,160
token-classification|hr|other,4
text-to-speech|fr|permissive,217
object-detection|unk|permissive,1372
automatic-speech-recognition|it|permissive,509
unk|it|permissive,729
sentence-similarity|ko|unknown,45
unk|kr|permissive,16
image-classification|en|unknown,165
question-answering|de|permissive,33
text-generation|pl|unknown,48
unk|pt|unknown,106
automatic-speech-recognition|vi|noncommercial,36
token-classification|ro|permissive,55
sentence-similarity|es|unknown,43
unk|af|permissive,223
unk|eu|permissive,192
unk|id|permissive,472
unk|pt|permissive,741
unk|yo|permissive,157
text-generation|ar|permissive,716
unk|eo|permissive,101
question-answering|tr|unknown,14
audio-to-audio|en|permissive,276
automatic-speech-recognition|zh|permissive,563
audio-to-audio|unk|permissive,363
voice-activity-detection|unk|permissive,97
automatic-speech-recognition|kr|permissive,9
voice-activity-detection|en|permissive,29
text-to-speech|zh|permissive,402
text-to-speech|ja|permissive,291
question-answering|fr|unknown,5
token-classification|af|copyleft,3
token-classification|da|copyleft,8
token-classification|de|copyleft,18
token-classification|es|copyleft,16
token-classification|fi|copyleft,6
token-classification|fr|copyleft,19
token-classification|ga|copyleft,3
token-classification|hr|copyleft,6
token-classification|id|copyleft,4
token-classification|ko|copyleft,25
token-classification|lt|copyleft,7
token-classification|lv|copyleft,3
token-classification|nb|copyleft,3
token-classification|nl|copyleft,25
token-classification|pl|copyleft,7
token-classification|pt|copyleft,13
token-classification|ro|copyleft,13
token-classification|ru|copyleft,11
token-classification|sk|copyleft,4
token-classification|sr|copyleft,23
token-classification|sv|copyleft,11
token-classification|vi|copyleft,9
zero-shot-classification|unk|permissive,48
image-feature-extraction|unk|permissive,635
feature-extraction|en|noncommercial,112
text-to-speech|en|unknown,175
unk|am|permissive,200
unk|az|permissive,183
unk|ba|permissive,53
unk|be|permissive,153
unk|br|permissive,63
unk|cy|permissive,161
unk|et|permissive,188
unk|fa|permissive,337
unk|ff|permissive,44
unk|fy|permissive,98
unk|gd|permissive,97
unk|gl|permissive,202
unk|ha|permissive,184
unk|ht|permissive,93
unk|hy|permissive,147
unk|ig|permissive,147
unk|is|permissive,202
unk|jv|permissive,173
unk|ka|permissive,175
unk|kk|permissive,188
unk|km|permissive,176
unk|lb|permissive,102
unk|lg|permissive,55
unk|ln|permissive,56
unk|lo|permissive,144
unk|lt|permissive,182
unk|lv|permissive,191
unk|mg|permissive,118
unk|mn|permissive,151
unk|ms|permissive,235
unk|my|permissive,174
unk|ne|permissive,230
unk|nl|permissive,391
unk|oc|permissive,58
unk|ps|permissive,121
unk|ro|permissive,420
unk|sd|permissive,122
unk|si|permissive,146
unk|sk|permissive,192
unk|so|permissive,154
unk|sq|permissive,146
unk|ss|permissive,32
unk|su|permissive,152
unk|sv|permissive,298
unk|tl|permissive,126
unk|tn|permissive,32
unk|uz|permissive,151
unk|wo|permissive,49
unk|xh|permissive,146
unk|yi|permissive,106
unk|zu|permissive,127
image-segmentation|unk|other,348
translation|af|unknown,25
translation|ar|unknown,56
translation|az|unknown,8
translation|bn|unknown,28
translation|cs|unknown,38
translation|de|unknown,103
translation|et|unknown,32
translation|fa|unknown,23
translation|fi|unknown,62
translation|fr|unknown,95
translation|gl|unknown,15
translation|gu|unknown,23
translation|he|unknown,42
translation|hi|unknown,47
translation|hr|unknown,11
translation|id|unknown,39
translation|it|unknown,54
translation|ja|unknown,68
translation|ka|unknown,9
translation|kk|unknown,23
translation|km|unknown,21
translation|ko|unknown,46
translation|lt|unknown,28
translation|lv|unknown,20
translation|mk|unknown,9
translation|ml|unknown,14
translation|mn|unknown,18
translation|mr|unknown,21
translation|my|unknown,23
translation|ne|unknown,7
translation|nl|unknown,51
translation|pl|unknown,26
translation|ps|unknown,5
translation|ro|unknown,14
translation|si|unknown,19
translation|sl|unknown,11
translation|sv|unknown,57
translation|sw|unknown,7
translation|ta|unknown,27
translation|te|unknown,21
translation|th|unknown,25
translation|tl|unknown,23
translation|tr|unknown,48
translation|uk|unknown,57
translation|ur|unknown,31
translation|vi|unknown,64
translation|xh|unknown,18
translation|zh|unknown,80
unk|af|unknown,18
unk|az|unknown,14
unk|de|unknown,118
unk|et|unknown,16
unk|fi|unknown,27
unk|gl|unknown,11
unk|he|unknown,21
unk|hr|unknown,13
unk|ja|unknown,117
unk|ka|unknown,14
unk|kk|unknown,11
unk|km|unknown,12
unk|lt|unknown,9
unk|lv|unknown,10
unk|mk|unknown,12
unk|mn|unknown,16
unk|my|unknown,12
unk|ne|unknown,14
unk|nl|unknown,29
unk|ps|unknown,8
unk|ro|unknown,20
unk|si|unknown,15
unk|sl|unknown,15
unk|sw|unknown,20
unk|th|unknown,41
unk|tl|unknown,19
unk|uk|unknown,28
unk|ur|unknown,34
unk|vi|unknown,79
unk|xh|unknown,12
automatic-speech-recognition|fa|permissive,409
text-to-speech|ar|unknown,19
text-to-speech|es|unknown,21
text-to-speech|fr|unknown,19
text-to-speech|ru|unknown,18
text-to-speech|tr|unknown,11
text-to-speech|vi|unknown,14
text-to-speech|zh|unknown,41
automatic-speech-recognition|cs|noncommercial,22
automatic-speech-recognition|de|noncommercial,39
automatic-speech-recognition|en|noncommercial,86
automatic-speech-recognition|es|noncommercial,36
automatic-speech-recognition|et|noncommercial,23
automatic-speech-recognition|fi|noncommercial,23
automatic-speech-recognition|fr|noncommercial,42
automatic-speech-recognition|hr|noncommercial,16
automatic-speech-recognition|hu|noncommercial,22
automatic-speech-recognition|it|noncommercial,29
automatic-speech-recognition|lt|noncommercial,21
automatic-speech-recognition|nl|noncommercial,34
automatic-speech-recognition|pl|noncommercial,25
automatic-speech-recognition|ro|noncommercial,23
automatic-speech-recognition|sk|noncommercial,21
automatic-speech-recognition|sl|noncommercial,23
automatic-speech-recognition|bg|noncommercial,20
automatic-speech-recognition|da|noncommercial,25
automatic-speech-recognition|el|noncommercial,36
automatic-speech-recognition|lv|noncommercial,18
automatic-speech-recognition|mt|noncommercial,26
automatic-speech-recognition|pt|noncommercial,28
automatic-speech-recognition|sv|noncommercial,24
automatic-speech-recognition|cy|permissive,288
unk|ab|permissive,57
unk|bo|permissive,40
unk|cv|permissive,23
unk|dv|permissive,37
unk|fo|permissive,22
unk|gn|permissive,33
unk|gv|permissive,18
unk|ia|permissive,19
unk|ku|permissive,98
unk|ky|permissive,128
unk|la|permissive,140
unk|mi|permissive,77
unk|mt|permissive,111
unk|nn|permissive,64
unk|rm|permissive,16
unk|rw|permissive,50
unk|sa|permissive,79
unk|sn|permissive,82
unk|tg|permissive,83
unk|tk|permissive,37
unk|tt|permissive,31
text-generation|bg|permissive,163
text-generation|bn|permissive,285
text-generation|ca|permissive,167
text-generation|el|permissive,182
text-generation|et|permissive,127
text-generation|eu|permissive,92
text-generation|hi|permissive,492
text-generation|ht|permissive,46
text-generation|it|permissive,1007
text-generation|ko|permissive,1186
text-generation|my|permissive,114
text-generation|qu|permissive,33
text-generation|ta|permissive,197
text-generation|te|permissive,178
text-generation|th|permissive,384
text-generation|tr|permissive,569
text-generation|ur|permissive,154
text-generation|vi|permissive,397
audio-to-audio|unk|unknown,179
fill-mask|ti|unknown,6
token-classification|ti|unknown,2
text-classification|ti|unknown,3
text-generation|si|unknown,12
text-classification|sw|unknown,10
text-generation|da|unknown,10
text-generation|fa|unknown,37
text-generation|sw|unknown,5
text-generation|no|unknown,9
automatic-speech-recognition|dv|unknown,5
automatic-speech-recognition|es|unknown,22
sentence-similarity|en|unknown,601
document-question-answering|unk|unknown,38
text-generation|tl|unknown,13
image-text-to-text|unk|permissive,2256
image-to-text|unk|unknown,142
automatic-speech-recognition|km|permissive,298
automatic-speech-recognition|gu|permissive,300
question-answering|ar|unknown,22
automatic-speech-recognition|fa|unknown,31
text-generation|bn|unknown,23
question-answering|hi|unknown,2
question-answering|ta|unknown,4
unk|co|permissive,55
unk|ny|permissive,66
unk|sm|permissive,50
unk|st|permissive,53
feature-extraction|an|permissive,8
feature-extraction|ba|permissive,8
feature-extraction|br|permissive,46
feature-extraction|ce|permissive,6
feature-extraction|cv|permissive,5
feature-extraction|io|permissive,5
feature-extraction|nb|permissive,22
feature-extraction|nn|permissive,15
feature-extraction|oc|permissive,15
feature-extraction|vo|permissive,13
table-question-answering|en|permissive,57
automatic-speech-recognition|ml|permissive,324
question-answering|nl|unknown,2
question-answering|pl|unknown,2
feature-extraction|zh|noncommercial,26
fill-mask|bo|permissive,10
sentence-similarity|hi|unknown,13
token-classification|hu|copyleft,10
text-classification|as|permissive,30
text-classification|bh|permissive,5
text-classification|or|permissive,21
text-classification|si|permissive,30
fill-mask|bh|permissive,4
automatic-speech-recognition|he|permissive,299
automatic-speech-recognition|he|unknown,19
summarization|it|permissive,19
feature-extraction|eu|unknown,3
unk|eu|unknown,7
unk|ja|copyleft,102
question-answering|da|permissive,14
fill-mask|dv|permissive,2
fill-mask|nr|permissive,3
fill-mask|tn|permissive,14
fill-mask|ts|permissive,12
fill-mask|tl|copyleft,11
unk|tl|copyleft,15
text-generation|tl|copyleft,4
sentence-similarity|nl|unknown,21
token-classification|ga|permissive,69
automatic-speech-recognition|ga|permissive,22
automatic-speech-recognition|ab|unknown,3
token-classification|yo|unknown,4
tabular-classification|unk|unknown,219
text-generation|zh|unknown,507
token-classification|ja|permissive,141
tabular-classification|unk|permissive,336
image-to-image|unk|unknown,384
video-to-video|unk|permissive,83
image-to-text|unk|permissive,371
image-to-image|unk|permissive,993
time-series-forecasting|unk|permissive,659
video-classification|unk|unknown,428
image-to-text|ja|permissive,56
sentence-similarity|sk|permissive,122
fill-mask|ko|copyleft,10
feature-extraction|om|permissive,33
feature-extraction|ps|permissive,36
feature-extraction|sa|permissive,40
feature-extraction|sd|permissive,38
question-answering|ja|noncommercial,1
text-classification|ja|noncommercial,9
unk|ja|noncommercial,136
text-to-speech|ko|permissive,192
question-answering|zh|unknown,24
sentence-similarity|el|permissive,128
summarization|fr|permissive,21
automatic-speech-recognition|la|copyleft,2
automatic-speech-recognition|unk|copyleft,36
automatic-speech-recognition|rw|permissive,32
automatic-speech-recognition|ug|permissive,6
automatic-speech-recognition|uz|permissive,303
question-answering|zh|permissive,92
summarization|fa|permissive,11
token-classification|is|permissive,38
automatic-speech-recognition|is|permissive,292
question-answering|fa|unknown,5
question-answering|sv|unknown,1
text-generation|mk|permissive,69
text-generation|hr|permissive,121
text-generation|sl|permissive,127
text-generation|sr|permissive,140
token-classification|af|permissive,12
token-classification|am|permissive,33
token-classification|as|permissive,12
token-classification|az|permissive,32
token-classification|be|permissive,32
token-classification|bg|permissive,54
token-classification|br|permissive,6
token-classification|ca|permissive,51
token-classification|cs|permissive,60
token-classification|cy|permissive,31
token-classification|el|permissive,49
token-classification|eo|permissive,26
token-classification|et|permissive,53
token-classification|eu|permissive,36
token-classification|fi|permissive,66
token-classification|fy|permissive,26
token-classification|gd|permissive,28
token-classification|gl|permissive,49
token-classification|gu|permissive,37
token-classification|ha|permissive,30
token-classification|he|permissive,45
token-classification|hi|permissive,111
token-classification|hy|permissive,33
token-classification|it|permissive,165
token-classification|jv|permissive,28
token-classification|ka|permissive,30
token-classification|kk|permissive,43
token-classification|km|permissive,27
token-classification|kn|permissive,38
token-classification|ko|permissive,82
token-classification|ku|permissive,26
token-classification|ky|permissive,31
token-classification|la|permissive,39
token-classification|lo|permissive,5
token-classification|lt|permissive,51
token-classification|lv|permissive,55
token-classification|mg|permissive,27
token-classification|mk|permissive,32
token-classification|ml|permissive,40
token-classification|mn|permissive,62
token-classification|mr|permissive,50
token-classification|ms|permissive,40
token-classification|my|permissive,31
token-classification|ne|permissive,38
token-classification|om|permissive,7
token-classification|or|permissive,14
token-classification|pa|permissive,38
token-classification|pl|permissive,84
token-classification|ps|permissive,27
token-classification|sa|permissive,14
token-classification|sd|permissive,12
token-classification|si|permissive,30
token-classification|sl|permissive,57
token-classification|so|permissive,4
token-classification|su|permissive,6
token-classification|sw|permissive,11
token-classification|ta|permissive,47
token-classification|te|permissive,74
token-classification|tl|permissive,25
token-classification|ug|permissive,7
token-classification|uk|permissive,77
token-classification|ur|permissive,43
token-classification|uz|permissive,35
token-classification|vi|permissive,82
token-classification|xh|permissive,29
token-classification|yi|permissive,27
fill-mask|gl|copyleft,3
fill-mask|pt|copyleft,3
token-classification|ig|unknown,3
token-classification|rw|unknown,3
token-classification|wo|unknown,3
text-classification|th|permissive,80
text-classification|ur|permissive,68
automatic-speech-recognition|ky|unknown,6
automatic-speech-recognition|it|unknown,20
text-generation|de|unknown,213
summarization|nl|unknown,3
text-classification|unk|responsible_ai,98
unk|dv|unknown,7
fill-mask|dv|unknown,4
text-generation|es|unknown,184
fill-mask|ks|permissive,5
feature-extraction|ta|unknown,2
image-text-to-text|es|unknown,19
question-answering|pt|permissive,28
question-answering|es|permissive,45
fill-mask|tg|unknown,2
text-generation|en|other,3849
token-classification|en|other,53
question-answering|fa|permissive,29
question-answering|en|noncommercial,28
question-answering|vi|noncommercial,6
text-generation|ja|copyleft,72
image-classification|unk|other,335
text-to-image|unk|unknown,8216
unk|ar|copyleft,31
unk|ch|copyleft,5
unk|fr|copyleft,49
token-classification|el|noncommercial,9
sentence-similarity|unk|copyleft,11
unk|es|noncommercial,89
question-answering|tr|permissive,40
summarization|tr|permissive,11
automatic-speech-recognition|sv|unknown,18
summarization|no|unknown,3
text-classification|fa|noncommercial,11
multiple-choice|fa|noncommercial,6
unk|fa|noncommercial,51
question-answering|ca|permissive,7
text-classification|ja|copyleft,29
question-answering|pt|unknown,4
token-classification|nb|unknown,4
fill-mask|lu|permissive,6
text-classification|unk|noncommercial,287
text-generation|tr|unknown,68
text-classification|hi|unknown,34
text-to-speech|unk|permissive,455
automatic-speech-recognition|da|permissive,337
token-classification|fo|permissive,4
token-classification|nb|permissive,20
token-classification|nn|permissive,14
text-classification|am|permissive,42
text-classification|km|permissive,27
text-classification|lo|permissive,22
text-classification|ps|permissive,22
text-classification|sd|permissive,20
text-classification|ug|permissive,14
image-to-text|en|permissive,569
question-answering|bn|permissive,18
text-ranking|unk|permissive,61
text-classification|unk|other,138
text-to-image|ru|unknown,4
automatic-speech-recognition|zh|copyleft,9
unk|pl|copyleft,47
text-classification|mn|permissive,25
sentence-similarity|af|permissive,69
sentence-similarity|am|permissive,58
sentence-similarity|ar|permissive,210
sentence-similarity|as|permissive,43
sentence-similarity|az|permissive,70
sentence-similarity|be|permissive,68
sentence-similarity|bg|permissive,126
sentence-similarity|bn|permissive,86
sentence-similarity|bo|permissive,14
sentence-similarity|bs|permissive,50
sentence-similarity|ca|permissive,123
sentence-similarity|co|permissive,15
sentence-similarity|cy|permissive,68
sentence-similarity|eo|permissive,46
sentence-similarity|et|permissive,121
sentence-similarity|eu|permissive,68
sentence-similarity|fa|permissive,130
sentence-similarity|fy|permissive,42
sentence-similarity|ga|permissive,51
sentence-similarity|gd|permissive,42
sentence-similarity|gl|permissive,118
sentence-similarity|gu|permissive,126
sentence-similarity|ha|permissive,51
sentence-similarity|hi|permissive,181
sentence-similarity|ht|permissive,40
sentence-similarity|hy|permissive,118
sentence-similarity|ig|permissive,23
sentence-similarity|is|permissive,68
sentence-similarity|ja|permissive,207
sentence-similarity|jv|permissive,67
sentence-similarity|ka|permissive,117
sentence-similarity|kk|permissive,70
sentence-similarity|km|permissive,64
sentence-similarity|kn|permissive,76
sentence-similarity|ku|permissive,93
sentence-similarity|ky|permissive,65
sentence-similarity|la|permissive,53
sentence-similarity|lb|permissive,16
sentence-similarity|lo|permissive,63
sentence-similarity|lt|permissive,121
sentence-similarity|lv|permissive,121
sentence-similarity|mg|permissive,50
sentence-similarity|mi|permissive,18
sentence-similarity|mk|permissive,118
sentence-similarity|ml|permissive,75
sentence-similarity|mn|permissive,113
sentence-similarity|mr|permissive,128
sentence-similarity|ms|permissive,121
sentence-similarity|mt|permissive,20
sentence-similarity|my|permissive,119
sentence-similarity|ne|permissive,71
sentence-similarity|ny|permissive,20
sentence-similarity|or|permissive,48
sentence-similarity|pa|permissive,75
sentence-similarity|rw|permissive,13
sentence-similarity|si|permissive,68
sentence-similarity|sl|permissive,122
sentence-similarity|sm|permissive,15
sentence-similarity|sn|permissive,20
sentence-similarity|so|permissive,65
sentence-similarity|sq|permissive,119
sentence-similarity|sr|permissive,119
sentence-similarity|st|permissive,15
sentence-similarity|su|permissive,46
sentence-similarity|sw|permissive,74
sentence-similarity|ta|permissive,80
sentence-similarity|te|permissive,79
sentence-similarity|tg|permissive,18
sentence-similarity|th|permissive,169
sentence-similarity|tk|permissive,13
sentence-similarity|tl|permissive,69
sentence-similarity|tt|permissive,16
sentence-similarity|ug|permissive,42
sentence-similarity|uk|permissive,131
sentence-similarity|ur|permissive,127
sentence-similarity|uz|permissive,51
sentence-similarity|wo|permissive,18
sentence-similarity|xh|permissive,50
sentence-similarity|yi|permissive,42
sentence-similarity|yo|permissive,43
sentence-similarity|zh|permissive,204
sentence-similarity|zu|permissive,20
sentence-similarity|nb|permissive,64
feature-extraction|ja|copyleft,13
token-classification|ca|copyleft,5
token-classification|mk|copyleft,5
audio-classification|ar|permissive,22
audio-classification|br|permissive,8
audio-classification|ca|permissive,15
audio-classification|cs|permissive,13
audio-classification|cv|permissive,3
audio-classification|cy|permissive,8
audio-classification|de|permissive,28
audio-classification|dv|permissive,1
audio-classification|eo|permissive,8
audio-classification|es|permissive,36
audio-classification|et|permissive,12
audio-classification|eu|permissive,11
audio-classification|fa|permissive,14
audio-classification|fr|permissive,29
audio-classification|fy|permissive,4
audio-classification|ia|permissive,6
audio-classification|id|permissive,24
audio-classification|it|permissive,25
audio-classification|ja|permissive,24
audio-classification|ka|permissive,9
audio-classification|ky|permissive,5
audio-classification|lv|permissive,9
audio-classification|mn|permissive,10
audio-classification|mt|permissive,9
audio-classification|nl|permissive,13
audio-classification|pl|permissive,19
audio-classification|pt|permissive,23
audio-classification|rm|permissive,1
audio-classification|ro|permissive,11
audio-classification|ru|permissive,25
audio-classification|rw|permissive,5
audio-classification|sl|permissive,12
audio-classification|sv|permissive,11
audio-classification|ta|permissive,22
audio-classification|tr|permissive,17
audio-classification|tt|permissive,10
audio-classification|uk|permissive,12
audio-classification|ab|permissive,7
audio-classification|af|permissive,8
audio-classification|am|permissive,9
audio-classification|as|permissive,13
audio-classification|az|permissive,8
audio-classification|ba|permissive,9
audio-classification|be|permissive,10
audio-classification|bg|permissive,10
audio-classification|bi|permissive,5
audio-classification|bo|permissive,8
audio-classification|bs|permissive,8
audio-classification|da|permissive,11
audio-classification|fi|permissive,12
audio-classification|fo|permissive,6
audio-classification|gl|permissive,11
audio-classification|gn|permissive,5
audio-classification|gu|permissive,14
audio-classification|gv|permissive,5
audio-classification|ha|permissive,9
audio-classification|he|permissive,7
audio-classification|hi|permissive,32
audio-classification|hr|permissive,10
audio-classification|ht|permissive,8
audio-classification|hu|permissive,10
audio-classification|hy|permissive,8
audio-classification|is|permissive,6
audio-classification|jv|permissive,5
audio-classification|kk|permissive,9
audio-classification|km|permissive,8
audio-classification|kn|permissive,13
audio-classification|ko|permissive,19
audio-classification|la|permissive,8
audio-classification|ln|permissive,11
audio-classification|lo|permissive,8
audio-classification|lt|permissive,8
audio-classification|mg|permissive,8
audio-classification|mi|permissive,6
audio-classification|mk|permissive,9
audio-classification|ml|permissive,16
audio-classification|mr|permissive,20
audio-classification|ms|permissive,13
audio-classification|my|permissive,8
audio-classification|ne|permissive,8
audio-classification|nn|permissive,8
audio-classification|no|permissive,12
audio-classification|oc|permissive,10
audio-classification|pa|permissive,13
audio-classification|ps|permissive,9
audio-classification|sa|permissive,6
audio-classification|sd|permissive,9
audio-classification|si|permissive,8
audio-classification|sk|permissive,10
audio-classification|sn|permissive,11
audio-classification|so|permissive,8
audio-classification|sq|permissive,8
audio-classification|sr|permissive,14
audio-classification|su|permissive,8
audio-classification|sw|permissive,10
audio-classification|te|permissive,18
audio-classification|tg|permissive,9
audio-classification|th|permissive,11
audio-classification|tk|permissive,8
audio-classification|tl|permissive,8
audio-classification|uz|permissive,12
audio-classification|vi|permissive,21
audio-classification|yi|permissive,8
audio-classification|yo|permissive,8
audio-classification|zh|permissive,38
unk|zh|copyleft,79
unk|de|copyleft,53
unk|hu|copyleft,18
unk|it|copyleft,35
unk|es|copyleft,41
token-classification|cu|permissive,2
token-classification|mt|permissive,28
token-classification|wo|permissive,5
feature-extraction|sa|unknown,2
question-answering|sv|permissive,6
sentence-similarity|ar|unknown,17
sentence-similarity|bg|unknown,9
sentence-similarity|el|unknown,12
sentence-similarity|ru|unknown,28
sentence-similarity|th|unknown,12
sentence-similarity|tr|unknown,29
sentence-similarity|ur|unknown,9
sentence-similarity|zh|unknown,34
zero-shot-classification|ar|unknown,3
zero-shot-classification|bg|unknown,2
zero-shot-classification|el|unknown,2
zero-shot-classification|es|unknown,5
zero-shot-classification|fr|unknown,6
zero-shot-classification|th|unknown,2
zero-shot-classification|tr|unknown,2
zero-shot-classification|ur|unknown,2
zero-shot-classification|zh|unknown,3
text-to-speech|ch|permissive,3
document-question-answering|unk|copyleft,3
document-question-answering|unk|noncommercial,10
text-classification|ja|unknown,34
text-generation|th|unknown,41
token-classification|en|responsible_ai,15
text-classification|en|other,140
sentence-similarity|unk|other,26
fill-mask|da|copyleft,3
fill-mask|fo|copyleft,3
fill-mask|is|copyleft,4
fill-mask|no|copyleft,3
fill-mask|sv|copyleft,4
text-classification|is|copyleft,4
token-classification|is|copyleft,8
question-answering|is|unknown,2
unk|is|copyleft,38
translation|is|unknown,25
text-generation|jv|permissive,88
text-generation|su|permissive,76
question-answering|th|permissive,20
fill-mask|unk|noncommercial,83
text-to-speech|it|unknown,14
unk|sg|permissive,14
fill-mask|gn|permissive,6
image-segmentation|unk|unknown,178
automatic-speech-recognition|da|other,20
depth-estimation|unk|unknown,42
audio-classification|unk|noncommercial,77
fill-mask|pl|copyleft,3
fill-mask|uk|copyleft,2
token-classification|uk|copyleft,5
token-classification|hi|copyleft,1
question-answering|he|unknown,3
text-generation|mr|permissive,149
reinforcement-learning|unk|unknown,246
text-classification|es|other,26
fill-mask|be|copyleft,3
token-classification|be|copyleft,4
text-generation|unk|other,4140
automatic-speech-recognition|ml|unknown,10
image-text-to-text|ar|unknown,8
visual-question-answering|unk|unknown,171
token-classification|bg|copyleft,2
unk|cs|noncommercial,44
feature-extraction|unk|noncommercial,193
text-generation|unk|noncommercial,2044
text-classification|eo|permissive,16
text-classification|fy|permissive,14
text-classification|gd|permissive,16
text-classification|ha|permissive,29
text-classification|ku|permissive,16
text-classification|om|permissive,18
text-classification|so|permissive,29
text-classification|xh|permissive,17
text-classification|yi|permissive,14
question-answering|hu|unknown,8
sentence-similarity|it|unknown,26
text-generation|cs|noncommercial,77
text-ranking|fr|permissive,41
automatic-speech-recognition|de|copyleft,12
image-classification|en|noncommercial,67
translation|qu|permissive,34
text-classification|cs|unknown,12
token-classification|unk|other,47
text-to-speech|unk|unknown,158
audio-classification|en|noncommercial,35
text-generation|uk|permissive,260
image-classification|unk|copyleft,112
text-generation|af|permissive,84
text-generation|az|permissive,81
text-generation|ba|permissive,18
text-generation|be|permissive,72
text-generation|cv|permissive,14
text-generation|da|permissive,219
text-generation|hy|permissive,69
text-generation|ka|permissive,73
text-generation|kk|permissive,132
text-generation|ky|permissive,65
text-generation|lt|permissive,116
text-generation|lv|permissive,101
text-generation|ml|permissive,134
text-generation|mn|permissive,71
text-generation|ms|permissive,145
text-generation|os|permissive,12
text-generation|pl|permissive,378
text-generation|sv|permissive,250
text-generation|tg|permissive,37
text-generation|tk|permissive,15
text-generation|tl|permissive,83
text-generation|tt|permissive,21
text-generation|uz|permissive,90
text-generation|yo|permissive,90
feature-extraction|tl|copyleft,2
automatic-speech-recognition|hi|other,21
unk|ko|copyleft,40
unconditional-image-generation|unk|unknown,46
unconditional-image-generation|unk|permissive,731
text-to-image|unk|permissive,5011
fill-mask|ny|permissive,17
fill-mask|sn|permissive,15
fill-mask|st|permissive,12
fill-mask|zu|permissive,20
automatic-speech-recognition|be|copyleft,5
translation|bs|permissive,84
translation|sr|permissive,92
fill-mask|mt|noncommercial,2
fill-mask|sr|copyleft,6
question-answering|bg|permissive,14
translation|unk|noncommercial,37
zero-shot-image-classification|en|permissive,139
token-classification|et|copyleft,3
image-to-text|ar|unknown,5
image-classification|fr|permissive,13
question-answering|unk|copyleft,30
feature-extraction|unk|copyleft,78
text-classification|vi|unknown,63
text-generation|en|noncommercial,2071
image-to-text|en|unknown,53
image-to-text|fr|unknown,7
unk|sl|copyleft,23
text-classification|ti|permissive,6
text-classification|pl|copyleft,12
automatic-speech-recognition|vi|copyleft,7
text-generation|bo|permissive,51
text-generation|mg|permissive,53
text-generation|ug|permissive,34
text-generation|gd|permissive,42
translation|es|copyleft,6
translation|fr|copyleft,6
translation|it|copyleft,2
translation|ja|copyleft,14
translation|ru|copyleft,8
translation|uk|copyleft,4
summarization|ar|permissive,30
summarization|ur|permissive,3
text-to-speech|en|noncommercial,162
sentence-similarity|ca|unknown,9
summarization|vi|permissive,20
text-classification|az|unknown,5
text-classification|be|unknown,4
text-classification|he|unknown,22
text-classification|hy|unknown,4
text-classification|ka|unknown,5
text-classification|kk|unknown,5
text-classification|uk|unknown,12
unk|da|unknown,15
text-generation|ak|responsible_ai,57
text-generation|ar|responsible_ai,65
text-generation|as|responsible_ai,55
text-generation|bm|responsible_ai,54
text-generation|bn|responsible_ai,56
text-generation|ca|responsible_ai,54
text-generation|en|responsible_ai,623
text-generation|es|responsible_ai,88
text-generation|eu|responsible_ai,54
text-generation|fr|responsible_ai,96
text-generation|gu|responsible_ai,54
text-generation|hi|responsible_ai,70
text-generation|id|responsible_ai,62
text-generation|ig|responsible_ai,54
text-generation|ki|responsible_ai,54
text-generation|kn|responsible_ai,54
text-generation|lg|responsible_ai,54
text-generation|ln|responsible_ai,54
text-generation|ml|responsible_ai,56
text-generation|mr|responsible_ai,54
text-generation|ne|responsible_ai,54
text-generation|ny|responsible_ai,54
text-generation|or|responsible_ai,54
text-generation|pa|responsible_ai,54
text-generation|pt|responsible_ai,70
text-generation|rn|responsible_ai,54
text-generation|rw|responsible_ai,54
text-generation|sn|responsible_ai,54
text-generation|st|responsible_ai,54
text-generation|sw|responsible_ai,55
text-generation|ta|responsible_ai,56
text-generation|te|responsible_ai,55
text-generation|tn|responsible_ai,54
text-generation|ts|responsible_ai,54
text-generation|tw|responsible_ai,54
text-generation|ur|responsible_ai,56
text-generation|vi|responsible_ai,59
text-generation|wo|responsible_ai,54
text-generation|xh|responsible_ai,54
text-generation|yo|responsible_ai,54
text-generation|zh|responsible_ai,315
text-generation|zu|responsible_ai,54
unk|de|noncommercial,86
sentence-similarity|en|other,35
unk|en|other,1638
unk|is|other,17
unk|nn|other,7
unk|no|other,17
unk|sv|other,20
text-generation|cs|copyleft,24
automatic-speech-recognition|be|permissive,276
summarization|am|permissive,4
keypoint-detection|unk|unknown,22
question-answering|ar|permissive,50
text-classification|et|unknown,3
question-answering|zh|copyleft,2
translation|no|noncommercial,12
image-segmentation|unk|noncommercial,76
unk|am|unknown,10
unk|bg|unknown,10
unk|bs|unknown,5
unk|ca|unknown,10
unk|el|unknown,20
unk|is|unknown,11
unk|sq|unknown,6
unk|sr|unknown,7
unk|tk|unknown,4
unk|ug|unknown,3
unk|uz|unknown,10
summarization|da|unknown,2
text-ranking|ko|unknown,1
text-to-speech|rw|unknown,4
text-ranking|ar|permissive,19
text-ranking|es|permissive,16
text-ranking|hi|permissive,8
text-ranking|it|permissive,14
text-ranking|ja|permissive,28
text-ranking|nl|permissive,8
text-ranking|pt|permissive,13
text-ranking|ru|permissive,17
text-ranking|vi|permissive,10
text-ranking|zh|permissive,32
text-classification|hr|unknown,8
tabular-regression|unk|unknown,139
question-answering|uk|permissive,16
unk|tw|permissive,48
text-to-image|en|noncommercial,97
text-to-image|ru|noncommercial,2
text-classification|tw|permissive,6
unk|be|unknown,4
unk|br|unknown,2
unk|cy|unknown,6
unk|eo|unknown,1
unk|ff|unknown,1
unk|fy|unknown,1
unk|ga|unknown,3
unk|gd|unknown,2
unk|gn|unknown,1
unk|ha|unknown,3
unk|ht|unknown,1
unk|hy|unknown,4
unk|ig|unknown,3
unk|jv|unknown,5
unk|kg|unknown,1
unk|ku|unknown,5
unk|ky|unknown,2
unk|la|unknown,3
unk|lg|unknown,1
unk|ln|unknown,1
unk|lo|unknown,4
unk|mg|unknown,2
unk|ms|unknown,58
unk|om|unknown,3
unk|qu|unknown,1
unk|sa|unknown,3
unk|sd|unknown,2
unk|sk|unknown,4
unk|so|unknown,3
unk|ss|unknown,1
unk|su|unknown,2
unk|ti|unknown,3
unk|tn|unknown,1
unk|wo|unknown,2
unk|yo|unknown,9
text-classification|it|copyleft,10
fill-mask|ar|copyleft,2
image-classification|es|permissive,27
time-series-forecasting|unk|unknown,24
automatic-speech-recognition|bm|other,1
image-text-to-text|pt|unknown,16
automatic-speech-recognition|kn|other,13
automatic-speech-recognition|fr|other,27
automatic-speech-recognition|my|other,13
automatic-speech-recognition|es|other,26
automatic-speech-recognition|en|other,124
automatic-speech-recognition|tl|other,11
unk|zh|noncommercial,127
automatic-speech-recognition|zh|unknown,40
text-classification|it|other,21
translation|ba|unknown,8
fill-mask|es|copyleft,4
text-generation|es|copyleft,44
token-classification|mt|noncommercial,5
text-classification|mt|noncommercial,2
fill-mask|ca|copyleft,2
unk|vi|copyleft,22
fill-mask|la|copyleft,2
unk|unk|no_derivatives,212
unk|ak|responsible_ai,18
unk|ar|responsible_ai,33
unk|as|responsible_ai,17
unk|bm|responsible_ai,9
unk|bn|responsible_ai,14
unk|ca|responsible_ai,12
unk|es|responsible_ai,53
unk|eu|responsible_ai,8
unk|fr|responsible_ai,57
unk|gu|responsible_ai,7
unk|hi|responsible_ai,17
unk|id|responsible_ai,28
unk|ig|responsible_ai,8
unk|ki|responsible_ai,8
unk|kn|responsible_ai,8
unk|lg|responsible_ai,8
unk|ln|responsible_ai,8
unk|ml|responsible_ai,10
unk|mr|responsible_ai,8
unk|ne|responsible_ai,8
unk|ny|responsible_ai,8
unk|or|responsible_ai,8
unk|pa|responsible_ai,9
unk|pt|responsible_ai,31
unk|rn|responsible_ai,8
unk|rw|responsible_ai,7
unk|sn|responsible_ai,7
unk|st|responsible_ai,7
unk|sw|responsible_ai,9
unk|ta|responsible_ai,10
unk|te|responsible_ai,7
unk|tn|responsible_ai,7
unk|ts|responsible_ai,7
unk|tw|responsible_ai,10
unk|ur|responsible_ai,12
unk|vi|responsible_ai,12
unk|wo|responsible_ai,8
unk|xh|responsible_ai,8
unk|yo|responsible_ai,7
unk|zh|responsible_ai,52
unk|zu|responsible_ai,7
fill-mask|fr|copyleft,2
automatic-speech-recognition|id|unknown,26
zero-shot-object-detection|unk|permissive,59
text-generation|unk|responsible_ai,496
summarization|en|copyleft,8
text-generation|hi|unknown,42
table-question-answering|unk|permissive,16
text-generation|fr|copyleft,40
image-segmentation|en|unknown,32
text-generation|ml|unknown,6
tabular-regression|unk|permissive,144
text-generation|is|copyleft,4
video-classification|unk|noncommercial,121
summarization|ml|permissive,2
object-detection|en|copyleft,80
translation|af|noncommercial,67
translation|ak|noncommercial,61
translation|am|noncommercial,69
translation|ar|noncommercial,82
translation|as|noncommercial,68
translation|ba|noncommercial,59
translation|be|noncommercial,68
translation|bg|noncommercial,71
translation|bm|noncommercial,59
translation|bn|noncommercial,71
translation|bo|noncommercial,59
translation|bs|noncommercial,67
translation|ca|noncommercial,76
translation|cs|noncommercial,75
translation|cy|noncommercial,67
translation|da|noncommercial,72
translation|de|noncommercial,110
translation|dz|noncommercial,59
translation|ee|noncommercial,61
translation|el|noncommercial,73
translation|eo|noncommercial,68
translation|es|noncommercial,105
translation|et|noncommercial,72
translation|eu|noncommercial,67
translation|fi|noncommercial,72
translation|fj|noncommercial,60
translation|fo|noncommercial,60
translation|fr|noncommercial,113
translation|ga|noncommercial,70
translation|gd|noncommercial,68
translation|gl|noncommercial,68
translation|gn|noncommercial,60
translation|gu|noncommercial,68
translation|ha|noncommercial,71
translation|he|noncommercial,73
translation|hi|noncommercial,76
translation|hr|noncommercial,71
translation|ht|noncommercial,60
translation|hu|noncommercial,75
translation|hy|noncommercial,68
translation|id|noncommercial,74
translation|ig|noncommercial,60
translation|is|noncommercial,72
translation|it|noncommercial,98
translation|jv|noncommercial,68
translation|ka|noncommercial,67
translation|kg|noncommercial,59
translation|ki|noncommercial,60
translation|kk|noncommercial,68
translation|km|noncommercial,68
translation|kn|noncommercial,69
translation|ko|noncommercial,101
translation|ks|noncommercial,60
translation|ky|noncommercial,69
translation|lb|noncommercial,60
translation|lg|noncommercial,60
translation|li|noncommercial,60
translation|ln|noncommercial,60
translation|lo|noncommercial,68
translation|lt|noncommercial,70
translation|mi|noncommercial,60
translation|mk|noncommercial,68
translation|ml|noncommercial,70
translation|mt|noncommercial,62
translation|my|noncommercial,68
translation|nb|noncommercial,60
translation|nl|noncommercial,96
translation|nn|noncommercial,59
translation|ny|noncommercial,60
translation|oc|noncommercial,60
translation|pa|noncommercial,70
translation|pl|noncommercial,78
translation|pt|noncommercial,98
translation|rn|noncommercial,60
translation|ro|noncommercial,84
translation|ru|noncommercial,106
translation|rw|noncommercial,60
translation|sa|noncommercial,68
translation|sc|noncommercial,61
translation|sd|noncommercial,68
translation|sg|noncommercial,60
translation|si|noncommercial,72
translation|sk|noncommercial,71
translation|sl|noncommercial,73
translation|sm|noncommercial,60
translation|sn|noncommercial,60
translation|so|noncommercial,68
translation|sr|noncommercial,71
translation|ss|noncommercial,60
translation|st|noncommercial,60
translation|su|noncommercial,68
translation|sv|noncommercial,77
translation|ta|noncommercial,74
translation|te|noncommercial,71
translation|tg|noncommercial,60
translation|th|noncommercial,70
translation|ti|noncommercial,62
translation|tk|noncommercial,60
translation|tl|noncommercial,68
translation|tn|noncommercial,60
translation|tr|noncommercial,75
translation|ts|noncommercial,60
translation|tt|noncommercial,60
translation|tw|noncommercial,62
translation|ug|noncommercial,68
translation|uk|noncommercial,75
translation|ur|noncommercial,71
translation|vi|noncommercial,78
translation|wo|noncommercial,60
translation|xh|noncommercial,68
translation|yo|noncommercial,60
translation|zu|noncommercial,59
unk|fr|noncommercial,85
unk|lb|noncommercial,12
unk|pt|noncommercial,70
text-generation|hr|unknown,3
automatic-speech-recognition|ar|noncommercial,35
question-answering|fi|copyleft,2
text-classification|bg|unknown,4
text-classification|el|unknown,14
text-classification|th|unknown,13
text-classification|ur|unknown,12
text-generation|ca|copyleft,6
fill-mask|eu|copyleft,2
text-generation|eu|copyleft,5
document-question-answering|unk|permissive,21
text-generation|el|copyleft,16
translation|bo|unknown,17
summarization|unk|noncommercial,2
sentence-similarity|pt|unknown,56
unk|rw|unknown,5
text-classification|de|copyleft,21
sentence-similarity|pl|copyleft,6
text-to-image|fr|permissive,19
automatic-speech-recognition|id|noncommercial,20
translation|fa|permissive,116
automatic-speech-recognition|af|permissive,286
automatic-speech-recognition|am|permissive,283
automatic-speech-recognition|az|permissive,280
automatic-speech-recognition|bo|permissive,269
automatic-speech-recognition|bs|permissive,269
automatic-speech-recognition|fo|permissive,280
automatic-speech-recognition|gv|permissive,2
automatic-speech-recognition|hr|permissive,309
automatic-speech-recognition|ht|permissive,270
automatic-speech-recognition|la|permissive,267
automatic-speech-recognition|ln|permissive,286
automatic-speech-recognition|lo|permissive,270
automatic-speech-recognition|mg|permissive,274
automatic-speech-recognition|mi|permissive,268
automatic-speech-recognition|mk|permissive,285
automatic-speech-recognition|ms|permissive,312
automatic-speech-recognition|my|permissive,276
automatic-speech-recognition|oc|permissive,267
automatic-speech-recognition|ps|permissive,279
automatic-speech-recognition|rm|permissive,1
automatic-speech-recognition|sa|permissive,284
automatic-speech-recognition|sd|permissive,277
automatic-speech-recognition|si|permissive,270
automatic-speech-recognition|sn|permissive,285
automatic-speech-recognition|so|permissive,281
automatic-speech-recognition|sq|permissive,267
automatic-speech-recognition|tg|permissive,273
automatic-speech-recognition|tk|permissive,268
automatic-speech-recognition|tl|permissive,288
automatic-speech-recognition|yi|permissive,278
automatic-speech-recognition|yo|permissive,287
automatic-speech-recognition|zu|permissive,15
image-text-to-text|unk|copyleft,28
image-classification|es|unknown,8
document-question-answering|en|permissive,28
question-answering|cs|unknown,1
text-to-image|unk|responsible_ai,11613
automatic-speech-recognition|ga|unknown,3
automatic-speech-recognition|ja|noncommercial,35
question-answering|id|other,1
image-classification|en|other,45
image-classification|es|other,2
feature-extraction|unk|responsible_ai,26
automatic-speech-recognition|sr|unknown,7
object-detection|en|unknown,96
text-generation|ne|permissive,143
text-generation|lb|permissive,45
zero-shot-classification|bn|permissive,7
zero-shot-classification|fa|permissive,7
zero-shot-classification|he|permissive,6
zero-shot-classification|id|permissive,9
zero-shot-classification|ja|permissive,8
zero-shot-classification|ko|permissive,9
zero-shot-classification|mr|permissive,5
zero-shot-classification|nl|permissive,7
zero-shot-classification|pl|permissive,10
zero-shot-classification|ps|permissive,5
zero-shot-classification|pt|permissive,9
zero-shot-classification|sv|permissive,9
zero-shot-classification|ta|permissive,5
zero-shot-classification|uk|permissive,7
automatic-speech-recognition|de|unknown,26
video-classification|en|permissive,85
summarization|sv|permissive,5
unk|it|noncommercial,68
summarization|pt|permissive,17
summarization|pt|noncommercial,2
text-to-image|en|responsible_ai,1705
fill-mask|id|other,3
text-to-speech|uk|permissive,28
image-to-image|unk|other,116
image-to-image|en|unknown,38
text-to-image|ja|responsible_ai,70
document-question-answering|en|noncommercial,7
text-to-speech|unk|other,91
text-to-image|unk|other,1915
image-to-image|unk|responsible_ai,96
summarization|el|permissive,8
automatic-speech-recognition|uk|noncommercial,23
fill-mask|unk|responsible_ai,21
text-generation|uk|noncommercial,70
audio-classification|nb|permissive,1
table-to-text|en|unknown,2
sentence-similarity|en|noncommercial,54
zero-shot-image-classification|unk|permissive,602
feature-extraction|ru|copyleft,3
translation|ar|copyleft,3
translation|fi|copyleft,3
translation|hi|copyleft,6
translation|tr|copyleft,2
translation|zh|copyleft,21
unk|ab|responsible_ai,19
zero-shot-image-classification|ko|permissive,7
text-classification|mr|noncommercial,3
image-classification|unk|responsible_ai,46
text-to-speech|lg|permissive,14
text-to-speech|hi|unknown,19
text-generation|pl|copyleft,78
robotics|unk|permissive,17434
summarization|unk|responsible_ai,5
text-to-speech|is|permissive,7
question-answering|sw|permissive,12
audio-classification|hr|noncommercial,1
translation|en|responsible_ai,17
translation|vi|responsible_ai,3
sentence-similarity|ro|unknown,9
audio-to-audio|unk|noncommercial,112
text-to-speech|unk|noncommercial,1267
token-classification|la|copyleft,8
unk|da|other,11
text-generation|de|responsible_ai,28
image-to-image|en|permissive,376
question-answering|unk|responsible_ai,23
text-generation|am|permissive,94
text-generation|co|permissive,21
text-generation|cs|permissive,248
text-generation|cy|permissive,69
text-generation|eo|permissive,48
text-generation|fy|permissive,39
text-generation|ga|permissive,90
text-generation|gl|permissive,84
text-generation|gu|permissive,127
text-generation|ha|permissive,113
text-generation|ig|permissive,98
text-generation|is|permissive,112
text-generation|km|permissive,97
text-generation|kn|permissive,142
text-generation|ku|permissive,56
text-generation|la|permissive,67
text-generation|lo|permissive,88
text-generation|mi|permissive,76
text-generation|mt|permissive,61
text-generation|nl|permissive,323
text-generation|ny|permissive,43
text-generation|pa|permissive,120
text-generation|ps|permissive,57
text-generation|sd|permissive,80
text-generation|si|permissive,74
text-generation|sk|permissive,107
text-generation|sm|permissive,18
text-generation|sn|permissive,44
text-generation|so|permissive,83
text-generation|sq|permissive,68
text-generation|st|permissive,33
text-generation|xh|permissive,85
text-generation|yi|permissive,75
text-generation|zu|permissive,88
text-classification|de|other,25
multiple-choice|unk|noncommercial,7
multiple-choice|en|noncommercial,8
text-classification|fr|other,24
unk|cs|copyleft,21
unk|ru|copyleft,41
object-detection|unk|responsible_ai,26
table-question-answering|en|unknown,13
text-generation|fi|unknown,19
voice-activity-detection|unk|responsible_ai,2
text-to-image|ja|other,42
text-to-image|en|other,2482
text-to-image|zh|other,29
text-to-image|zh|responsible_ai,16
text-to-speech|de|permissive,226
token-classification|tr|copyleft,16
translation|ff|permissive,54
translation|kk|permissive,91
translation|ne|permissive,108
translation|sd|permissive,91
translation|uz|permissive,74
token-classification|unk|responsible_ai,16
image-to-text|ko|permissive,47
question-answering|unk|noncommercial,11
feature-extraction|en|responsible_ai,28
question-answering|unk|other,81
unk|vi|noncommercial,41
text-classification|zh|noncommercial,16
image-classification|ru|permissive,12
unk|ja|other,202
fill-mask|fo|permissive,4
zero-shot-classification|ja|copyleft,4
automatic-speech-recognition|fi|responsible_ai,3
unk|zh|other,238
text-to-image|ko|responsible_ai,6
unk|av|responsible_ai,8
image-segmentation|no|permissive,1
token-classification|unk|no_derivatives,1
text-classification|af|copyleft,4
text-classification|am|copyleft,3
text-classification|ar|copyleft,8
text-classification|as|copyleft,3
text-classification|az|copyleft,2
text-classification|be|copyleft,3
text-classification|bg|copyleft,4
text-classification|bn|copyleft,3
text-classification|br|copyleft,2
text-classification|bs|copyleft,3
text-classification|ca|copyleft,4
text-classification|cs|copyleft,9
text-classification|cy|copyleft,3
text-classification|da|copyleft,9
text-classification|eo|copyleft,3
text-classification|es|copyleft,14
text-classification|et|copyleft,3
text-classification|eu|copyleft,3
text-classification|fa|copyleft,3
text-classification|fi|copyleft,6
text-classification|fr|copyleft,11
text-classification|fy|copyleft,2
text-classification|ga|copyleft,4
text-classification|gd|copyleft,3
text-classification|gl|copyleft,3
text-classification|gu|copyleft,3
text-classification|ha|copyleft,3
text-classification|he|copyleft,4
text-classification|hi|copyleft,5
text-classification|hu|copyleft,7
text-classification|hy|copyleft,3
text-classification|id|copyleft,7
text-classification|jv|copyleft,4
text-classification|ka|copyleft,3
text-classification|kk|copyleft,3
text-classification|km|copyleft,3
text-classification|kn|copyleft,3
text-classification|ko|copyleft,9
text-classification|ku|copyleft,2
text-classification|ky|copyleft,3
text-classification|la|copyleft,3
text-classification|lo|copyleft,3
text-classification|lt|copyleft,4
text-classification|lv|copyleft,3
text-classification|mg|copyleft,2
text-classification|mk|copyleft,3
text-classification|ml|copyleft,3
text-classification|mn|copyleft,2
text-classification|mr|copyleft,3
text-classification|ms|copyleft,2
text-classification|my|copyleft,3
text-classification|ne|copyleft,2
text-classification|nl|copyleft,23
text-classification|no|copyleft,6
text-classification|om|copyleft,2
text-classification|or|copyleft,2
text-classification|pa|copyleft,3
text-classification|ps|copyleft,2
text-classification|pt|copyleft,6
text-classification|ro|copyleft,5
text-classification|ru|copyleft,9
text-classification|sa|copyleft,3
text-classification|sd|copyleft,3
text-classification|si|copyleft,11
text-classification|sk|copyleft,4
text-classification|so|copyleft,4
text-classification|sq|copyleft,2
text-classification|sr|copyleft,6
text-classification|su|copyleft,4
text-classification|sv|copyleft,11
text-classification|sw|copyleft,3
text-classification|ta|copyleft,3
text-classification|te|copyleft,3
text-classification|th|copyleft,3
text-classification|tl|copyleft,3
text-classification|tr|copyleft,6
text-classification|ug|copyleft,3
text-classification|uk|copyleft,5
text-classification|ur|copyleft,3
text-classification|uz|copyleft,2
text-classification|vi|copyleft,6
text-classification|xh|copyleft,4
text-classification|yi|copyleft,2
text-classification|zh|copyleft,9
summarization|uk|permissive,4
zero-shot-image-classification|en|responsible_ai,3
zero-shot-image-classification|zh|responsible_ai,4
unk|pt|copyleft,26
fill-mask|hi|copyleft,2
token-classification|it|responsible_ai,2
question-answering|vi|unknown,9
token-classification|gl|copyleft,4
keypoint-detection|unk|other,36
keypoint-detection|unk|copyleft,30
text-to-speech|vi|permissive,99
feature-extraction|id|copyleft,2
image-text-to-text|en|unknown,425
image-text-to-text|zh|unknown,41
text-to-speech|en|responsible_ai,40
summarization|ja|permissive,3
text-to-image|de|responsible_ai,3
unconditional-image-generation|en|permissive,50
zero-shot-classification|da|permissive,7
zero-shot-classification|nb|permissive,4
fill-mask|mt|permissive,13
unk|ch|permissive,20
question-answering|af|permissive,11
question-answering|am|permissive,9
question-answering|as|permissive,4
question-answering|az|permissive,9
question-answering|be|permissive,7
question-answering|br|permissive,4
question-answering|bs|permissive,12
question-answering|cs|permissive,14
question-answering|cy|permissive,5
question-answering|el|permissive,9
question-answering|eo|permissive,10
question-answering|et|permissive,5
question-answering|eu|permissive,5
question-answering|fi|permissive,7
question-answering|fr|permissive,69
question-answering|fy|permissive,4
question-answering|ga|permissive,6
question-answering|gd|permissive,10
question-answering|gl|permissive,12
question-answering|gu|permissive,7
question-answering|ha|permissive,11
question-answering|he|permissive,14
question-answering|hi|permissive,34
question-answering|hr|permissive,10
question-answering|hu|permissive,8
question-answering|hy|permissive,8
question-answering|is|permissive,6
question-answering|it|permissive,25
question-answering|ja|permissive,24
question-answering|jv|permissive,4
question-answering|ka|permissive,6
question-answering|kk|permissive,16
question-answering|km|permissive,5
question-answering|kn|permissive,6
question-answering|ko|permissive,25
question-answering|ku|permissive,11
question-answering|ky|permissive,6
question-answering|la|permissive,12
question-answering|lo|permissive,9
question-answering|lt|permissive,4
question-answering|lv|permissive,4
question-answering|mg|permissive,10
question-answering|mk|permissive,4
question-answering|ml|permissive,7
question-answering|mn|permissive,12
question-answering|mr|permissive,6
question-answering|ms|permissive,6
question-answering|my|permissive,5
question-answering|ne|permissive,8
question-answering|nl|permissive,8
question-answering|no|permissive,6
question-answering|om|permissive,2
question-answering|or|permissive,3
question-answering|pa|permissive,7
question-answering|pl|permissive,13
question-answering|ps|permissive,4
question-answering|ro|permissive,11
question-answering|sa|permissive,11
question-answering|sd|permissive,3
question-answering|si|permissive,7
question-answering|sk|permissive,15
question-answering|sl|permissive,7
question-answering|so|permissive,4
question-answering|sq|permissive,11
question-answering|sr|permissive,12
question-answering|su|permissive,4
question-answering|ta|permissive,11
question-answering|te|permissive,11
question-answering|tl|permissive,3
question-answering|ug|permissive,3
question-answering|ur|permissive,9
question-answering|uz|permissive,11
question-answering|xh|permissive,3
question-answering|yi|permissive,3
unk|aa|responsible_ai,41
automatic-speech-recognition|el|responsible_ai,2
unk|ca|copyleft,17
visual-question-answering|en|permissive,154
image-text-to-text|de|permissive,147
automatic-speech-recognition|ps|unknown,9
text-to-image|unk|copyleft,147
automatic-speech-recognition|id|other,17
automatic-speech-recognition|se|permissive,4
text-classification|dz|unknown,1
text-to-speech|ko|other,48
automatic-speech-recognition|fy|permissive,5
image-to-text|no|permissive,8
automatic-speech-recognition|ar|unknown,38
text-to-audio|unk|responsible_ai,12
token-classification|an|permissive,1
token-classification|ba|permissive,3
token-classification|ce|permissive,2
token-classification|cv|permissive,2
token-classification|ht|permissive,4
token-classification|io|permissive,1
token-classification|oc|permissive,3
token-classification|tg|permissive,27
token-classification|tt|permissive,8
token-classification|vo|permissive,1
token-classification|yo|permissive,30
object-detection|unk|copyleft,490
automatic-speech-recognition|fy|unknown,18
fill-mask|vi|copyleft,3
text-generation|da|other,54
text-generation|is|other,37
text-generation|no|other,34
text-generation|sv|other,58
zero-shot-classification|sv|unknown,1
automatic-speech-recognition|pl|unknown,19
token-classification|bm|permissive,1
token-classification|ee|permissive,2
token-classification|ig|permissive,26
token-classification|lg|permissive,3
token-classification|ny|permissive,2
token-classification|rw|permissive,2
token-classification|sn|permissive,2
token-classification|tn|permissive,4
token-classification|tw|permissive,2
token-classification|zu|permissive,26
text-to-speech|unk|responsible_ai,9
text-to-audio|en|responsible_ai,11
unk|pl|noncommercial,49
audio-to-audio|en|copyleft,7
audio-to-audio|ja|copyleft,4
audio-to-audio|zh|copyleft,3
audio-to-audio|ja|permissive,39
audio-to-audio|zh|permissive,39
text-classification|av|permissive,7
text-classification|ay|permissive,3
text-classification|bo|permissive,7
text-classification|co|permissive,3
text-classification|dv|permissive,4
text-classification|fo|permissive,2
text-classification|gn|permissive,4
text-classification|gv|permissive,2
text-classification|ia|permissive,3
text-classification|ie|permissive,2
text-classification|ig|permissive,17
text-classification|kv|permissive,2
text-classification|lb|permissive,6
text-classification|lg|permissive,5
text-classification|li|permissive,3
text-classification|ln|permissive,5
text-classification|mi|permissive,5
text-classification|mt|permissive,18
text-classification|nv|permissive,2
text-classification|os|permissive,2
text-classification|qu|permissive,6
text-classification|rm|permissive,7
text-classification|rw|permissive,9
text-classification|sc|permissive,4
text-classification|sn|permissive,10
text-classification|tk|permissive,3
text-classification|tn|permissive,7
text-classification|to|permissive,2
text-classification|wa|permissive,2
text-classification|wo|permissive,4
automatic-speech-recognition|el|unknown,19
unk|bg|copyleft,16
unk|mk|copyleft,12
unk|mt|copyleft,8
unk|tr|copyleft,17
unk|bs|copyleft,14
unk|hr|copyleft,16
unk|sr|copyleft,18
text-generation|hu|noncommercial,15
unk|sq|copyleft,14
text-generation|la|copyleft,8
text-to-image|my|noncommercial,1
token-classification|ko|noncommercial,7
automatic-speech-recognition|ja|other,43
feature-extraction|en|other,79
text-to-speech|fa|unknown,8
fill-mask|kg|permissive,6
fill-mask|lg|permissive,9
fill-mask|ln|permissive,9
fill-mask|ss|permissive,9
fill-mask|de|other,9
fill-mask|fr|other,9
fill-mask|it|other,9
automatic-speech-recognition|pt|unknown,25
fill-mask|bg|other,4
fill-mask|cs|other,4
fill-mask|da|other,4
fill-mask|el|other,4
fill-mask|en|other,52
fill-mask|es|other,8
fill-mask|et|other,4
fill-mask|fi|other,4
fill-mask|ga|other,4
fill-mask|hr|other,5
fill-mask|hu|other,4
fill-mask|lt|other,4
fill-mask|lv|other,4
fill-mask|mt|other,3
fill-mask|nl|other,6
fill-mask|pl|other,8
fill-mask|pt|other,11
fill-mask|ro|other,4
fill-mask|sk|other,4
fill-mask|sl|other,4
fill-mask|sv|other,4
text-to-image|es|responsible_ai,7
image-text-to-text|en|permissive,2911
other|unk|responsible_ai,2
image-text-to-text|en|other,277
image-feature-extraction|unk|noncommercial,124
image-classification|unk|noncommercial,265
unk|ru|noncommercial,63
graph-ml|unk|permissive,75
text-to-image|unk|noncommercial,148
summarization|hu|unknown,2
image-to-text|ru|permissive,35
fill-mask|aa|unknown,3
fill-mask|ak|unknown,3
fill-mask|bm|unknown,4
fill-mask|ff|unknown,3
fill-mask|ig|unknown,4
fill-mask|ki|unknown,3
fill-mask|lg|unknown,3
fill-mask|ln|unknown,3
fill-mask|nr|unknown,3
fill-mask|rn|unknown,3
fill-mask|sn|unknown,3
fill-mask|ve|unknown,3
fill-mask|yo|unknown,5
text-generation|hu|unknown,5
image-segmentation|en|permissive,287
text-classification|aa|responsible_ai,18
image-classification|cs|unknown,1
automatic-speech-recognition|hu|unknown,17
text-to-speech|rw|other,6
image-segmentation|en|responsible_ai,7
automatic-speech-recognition|rw|other,3
unk|bh|permissive,19
text-generation|sr|copyleft,9
reinforcement-learning|en|permissive,278
unk|af|responsible_ai,13
image-to-text|unk|responsible_ai,13
text-to-speech|fa|responsible_ai,3
text-to-image|ja|unknown,5
table-question-answering|ko|unknown,1
text-generation|ab|permissive,11
text-generation|ru|responsible_ai,18
question-answering|aa|unknown,2
other|unk|permissive,261
automatic-speech-recognition|ko|unknown,91
fill-mask|ja|other,10
fill-mask|ko|other,8
fill-mask|zh|other,15
image-to-text|ru|unknown,3
audio-to-audio|en|responsible_ai,54
audio-classification|en|responsible_ai,9
visual-question-answering|en|copyleft,6
audio-to-audio|ja|noncommercial,13
unk|sd|responsible_ai,2
sentence-similarity|id|unknown,23
audio-to-audio|en|unknown,67
text-classification|az|responsible_ai,2
image-to-text|en|responsible_ai,8
text-classification|ta|unknown,16
unk|es|other,169
image-classification|en|copyleft,31
unk|fa|responsible_ai,9
depth-estimation|av|permissive,1
text-classification|af|responsible_ai,5
text-classification|am|responsible_ai,10
text-classification|ar|responsible_ai,15
text-classification|as|responsible_ai,2
text-classification|be|responsible_ai,1
text-classification|bg|responsible_ai,1
text-classification|bn|responsible_ai,2
text-classification|br|responsible_ai,1
text-classification|bs|responsible_ai,1
text-classification|ca|responsible_ai,2
text-classification|cs|responsible_ai,1
text-classification|cy|responsible_ai,1
text-classification|da|responsible_ai,2
text-classification|de|responsible_ai,13
text-classification|el|responsible_ai,1
text-classification|eo|responsible_ai,1
text-classification|es|responsible_ai,17
text-classification|et|responsible_ai,1
text-classification|eu|responsible_ai,2
text-classification|fa|responsible_ai,3
text-classification|fi|responsible_ai,2
text-classification|fy|responsible_ai,1
text-classification|ga|responsible_ai,1
text-classification|gd|responsible_ai,1
text-classification|gl|responsible_ai,1
text-classification|gu|responsible_ai,2
text-classification|ha|responsible_ai,1
text-classification|he|responsible_ai,9
text-classification|hi|responsible_ai,13
text-classification|hr|responsible_ai,1
text-classification|hu|responsible_ai,1
text-classification|hy|responsible_ai,1
text-classification|id|responsible_ai,5
text-classification|is|responsible_ai,1
text-classification|ja|responsible_ai,9
text-classification|jv|responsible_ai,1
text-classification|ka|responsible_ai,1
text-classification|kk|responsible_ai,1
text-classification|km|responsible_ai,1
text-classification|kn|responsible_ai,2
text-classification|ko|responsible_ai,1
text-classification|ku|responsible_ai,2
text-classification|ky|responsible_ai,1
text-classification|la|responsible_ai,1
text-classification|lo|responsible_ai,1
text-classification|lt|responsible_ai,4
text-classification|lv|responsible_ai,1
text-classification|mg|responsible_ai,1
text-classification|mk|responsible_ai,1
text-classification|ml|responsible_ai,3
text-classification|mn|responsible_ai,1
text-classification|mr|responsible_ai,2
text-classification|ms|responsible_ai,1
text-classification|my|responsible_ai,1
text-classification|ne|responsible_ai,2
text-classification|nl|responsible_ai,1
text-classification|no|responsible_ai,2
text-classification|om|responsible_ai,1
text-classification|or|responsible_ai,2
text-classification|pa|responsible_ai,2
text-classification|pl|responsible_ai,2
text-classification|ps|responsible_ai,1
text-classification|ro|responsible_ai,1
text-classification|sa|responsible_ai,1
text-classification|sd|responsible_ai,1
text-classification|si|responsible_ai,1
text-classification|sk|responsible_ai,2
text-classification|sl|responsible_ai,2
text-classification|so|responsible_ai,1
text-classification|sq|responsible_ai,1
text-classification|sr|responsible_ai,1
text-classification|su|responsible_ai,1
text-classification|sv|responsible_ai,2
text-classification|sw|responsible_ai,3
text-classification|ta|responsible_ai,2
text-classification|te|responsible_ai,2
text-classification|th|responsible_ai,1
text-classification|tl|responsible_ai,1
text-classification|tr|responsible_ai,5
text-classification|ug|responsible_ai,1
text-classification|uk|responsible_ai,12
text-classification|ur|responsible_ai,2
text-classification|uz|responsible_ai,1
text-classification|vi|responsible_ai,16
text-classification|xh|responsible_ai,2
text-classification|yi|responsible_ai,1
robotics|ar|permissive,6
table-question-answering|es|responsible_ai,1
summarization|is|unknown,1
unk|dz|permissive,15
zero-shot-image-classification|en|noncommercial,12
text-classification|aa|permissive,43
text-to-image|fa|responsible_ai,2
multiple-choice|en|unknown,1
multiple-choice|ja|permissive,7
question-answering|fi|unknown,1
text-generation|he|unknown,16
translation|et|copyleft,2
translation|ro|copyleft,2
summarization|az|responsible_ai,1
zero-shot-classification|ar|responsible_ai,1
sentence-similarity|bn|unknown,12
text-to-image|zh|copyleft,4
image-to-text|en|copyleft,13
text-to-image|aa|responsible_ai,3
text-to-image|ae|responsible_ai,1
text-to-image|af|responsible_ai,1
text-to-image|ak|responsible_ai,1
text-to-image|am|responsible_ai,7
text-to-image|an|responsible_ai,1
text-to-image|az|responsible_ai,1
text-classification|fa|unknown,16
text-to-speech|ja|other,90
text-classification|nb|unknown,6
text-classification|nn|unknown,2
text-classification|no|unknown,8
text-to-video|unk|responsible_ai,420
text-to-image|sd|other,1
automatic-speech-recognition|ur|unknown,14
unk|ja|responsible_ai,113
unk|fa|copyleft,14
automatic-speech-recognition|af|other,10
automatic-speech-recognition|am|other,10
automatic-speech-recognition|ar|other,40
automatic-speech-recognition|as|other,11
automatic-speech-recognition|az|other,10
automatic-speech-recognition|ba|other,9
automatic-speech-recognition|be|other,9
automatic-speech-recognition|bg|other,15
automatic-speech-recognition|bn|other,11
automatic-speech-recognition|bo|other,9
automatic-speech-recognition|br|other,9
automatic-speech-recognition|bs|other,9
automatic-speech-recognition|ca|other,9
automatic-speech-recognition|cs|other,19
automatic-speech-recognition|cy|other,10
automatic-speech-recognition|de|other,34
automatic-speech-recognition|el|other,18
automatic-speech-recognition|et|other,16
automatic-speech-recognition|eu|other,9
automatic-speech-recognition|fa|other,13
automatic-speech-recognition|fi|other,19
automatic-speech-recognition|fo|other,9
automatic-speech-recognition|gl|other,9
automatic-speech-recognition|gu|other,13
automatic-speech-recognition|ha|other,12
automatic-speech-recognition|he|other,14
automatic-speech-recognition|hr|other,18
automatic-speech-recognition|ht|other,10
automatic-speech-recognition|hu|other,19
automatic-speech-recognition|hy|other,10
automatic-speech-recognition|is|other,9
automatic-speech-recognition|it|other,21
automatic-speech-recognition|ka|other,10
automatic-speech-recognition|kk|other,10
automatic-speech-recognition|km|other,13
automatic-speech-recognition|ko|other,39
automatic-speech-recognition|la|other,9
automatic-speech-recognition|lb|other,7
automatic-speech-recognition|ln|other,12
automatic-speech-recognition|lo|other,9
automatic-speech-recognition|lt|other,16
automatic-speech-recognition|lv|other,15
automatic-speech-recognition|mg|other,9
automatic-speech-recognition|mi|other,10
automatic-speech-recognition|mk|other,11
automatic-speech-recognition|ml|other,11
automatic-speech-recognition|mn|other,9
automatic-speech-recognition|mr|other,14
automatic-speech-recognition|ms|other,15
automatic-speech-recognition|mt|other,15
automatic-speech-recognition|ne|other,14
automatic-speech-recognition|nl|other,22
automatic-speech-recognition|nn|other,10
automatic-speech-recognition|no|other,13
automatic-speech-recognition|oc|other,9
automatic-speech-recognition|pa|other,10
automatic-speech-recognition|pl|other,21
automatic-speech-recognition|ps|other,9
automatic-speech-recognition|pt|other,24
automatic-speech-recognition|ro|other,18
automatic-speech-recognition|ru|other,20
automatic-speech-recognition|sa|other,10
automatic-speech-recognition|sd|other,10
automatic-speech-recognition|si|other,11
automatic-speech-recognition|sk|other,16
automatic-speech-recognition|sl|other,16
automatic-speech-recognition|sn|other,12
automatic-speech-recognition|so|other,10
automatic-speech-recognition|sq|other,9
automatic-speech-recognition|sr|other,11
automatic-speech-recognition|su|other,9
automatic-speech-recognition|sv|other,18
automatic-speech-recognition|sw|other,11
automatic-speech-recognition|ta|other,14
automatic-speech-recognition|te|other,13
automatic-speech-recognition|tg|other,10
automatic-speech-recognition|th|other,19
automatic-speech-recognition|tk|other,9
automatic-speech-recognition|tr|other,20
automatic-speech-recognition|tt|other,9
automatic-speech-recognition|uk|other,20
automatic-speech-recognition|ur|other,11
automatic-speech-recognition|uz|other,11
automatic-speech-recognition|vi|other,27
automatic-speech-recognition|yi|other,9
automatic-speech-recognition|yo|other,14
automatic-speech-recognition|zh|other,46
text-ranking|en|noncommercial,7
text-ranking|unk|noncommercial,13
translation|az|noncommercial,10
translation|br|noncommercial,8
translation|fa|noncommercial,17
translation|fy|noncommercial,8
translation|ku|noncommercial,8
translation|la|noncommercial,9
translation|lv|noncommercial,14
translation|mg|noncommercial,9
translation|mn|noncommercial,14
translation|mr|noncommercial,11
translation|ms|noncommercial,12
translation|ne|noncommercial,15
translation|om|noncommercial,10
translation|or|noncommercial,9
translation|ps|noncommercial,9
translation|sq|noncommercial,11
translation|sw|noncommercial,14
translation|uz|noncommercial,11
translation|yi|noncommercial,12
image-classification|en|responsible_ai,14
translation|ku|permissive,71
translation|ky|permissive,62
translation|la|permissive,71
translation|sa|permissive,93
translation|ug|permissive,73
feature-extraction|ae|permissive,3
feature-extraction|av|permissive,2
question-answering|bn|unknown,1
image-to-text|zh|unknown,4
feature-extraction|unk|other,172
multiple-choice|en|permissive,18
audio-to-audio|ja|unknown,12
audio-to-audio|zh|unknown,8
reinforcement-learning|unk|permissive,1139
audio-classification|en|unknown,31
unk|ce|permissive,21
unk|cr|permissive,11
unk|li|permissive,13
unk|bo|unknown,11
tabular-regression|unk|other,9
table-question-answering|am|responsible_ai,1
image-to-text|zh|permissive,204
token-classification|aa|responsible_ai,4
token-classification|ab|responsible_ai,3
token-classification|ae|responsible_ai,4
token-classification|af|responsible_ai,3
token-classification|ak|responsible_ai,1
token-classification|am|responsible_ai,1
token-classification|an|responsible_ai,1
token-classification|ar|responsible_ai,1
token-classification|as|responsible_ai,1
token-classification|av|responsible_ai,1
token-classification|ay|responsible_ai,1
token-classification|az|responsible_ai,1
token-classification|bg|responsible_ai,1
token-classification|bn|responsible_ai,1
token-classification|bo|responsible_ai,1
question-answering|unk|no_derivatives,1
image-to-image|en|copyleft,8
image-to-image|zh|copyleft,2
sentence-similarity|en|responsible_ai,4
sentence-similarity|ja|responsible_ai,1
text-to-image|as|permissive,5
text-to-image|hi|permissive,8
robotics|en|permissive,458
text-generation|eu|other,8
text-generation|ka|unknown,3
unk|de|responsible_ai,12
sentence-similarity|en|copyleft,27
question-answering|en|copyleft,20
unk|ae|responsible_ai,21
unk|an|responsible_ai,10
unk|be|responsible_ai,4
unk|bi|responsible_ai,4
question-answering|ms|unknown,7
text-classification|tr|noncommercial,11
zero-shot-image-classification|en|unknown,9
feature-extraction|ae|responsible_ai,2
sentence-similarity|ml|unknown,7
unk|rw|other,1
zero-shot-classification|ab|responsible_ai,2
zero-shot-classification|af|responsible_ai,2
sentence-similarity|hu|unknown,8
unk|ce|unknown,1
unk|ch|unknown,3
unk|cr|unknown,2
unk|li|unknown,1
token-classification|tr|noncommercial,6
text-generation|pl|other,125
depth-estimation|en|permissive,37
image-to-text|de|permissive,43
image-to-text|fr|permissive,60
image-to-text|ro|permissive,10
image-segmentation|en|copyleft,22
text-classification|hu|noncommercial,9
image-text-to-text|zh|permissive,516
text-generation|as|unknown,5
unk|nb|permissive,59
image-segmentation|hi|unknown,1
image-segmentation|te|unknown,1
unk|am|noncommercial,13
image-to-text|unk|noncommercial,16
text-generation|be|unknown,1
text-generation|ca|unknown,11
text-generation|ce|unknown,1
text-generation|ch|unknown,2
text-generation|cr|unknown,1
text-generation|ga|unknown,2
text-generation|gu|unknown,9
text-generation|ha|unknown,3
text-generation|ig|unknown,2
text-generation|ku|unknown,1
text-generation|la|unknown,5
text-generation|li|unknown,1
text-generation|ne|unknown,12
text-generation|or|unknown,3
text-generation|pa|unknown,4
text-generation|ro|unknown,10
text-generation|sl|unknown,3
text-generation|so|unknown,1
text-generation|te|unknown,14
text-generation|ur|unknown,12
text-generation|xh|unknown,3
text-generation|yo|unknown,2
unk|ro|noncommercial,77
summarization|af|permissive,3
summarization|az|permissive,1
summarization|be|permissive,1
summarization|bg|permissive,2
summarization|bn|permissive,4
summarization|ca|permissive,1
summarization|co|permissive,1
summarization|cs|permissive,2
summarization|cy|permissive,1
summarization|da|permissive,8
summarization|eo|permissive,1
summarization|et|permissive,5
summarization|eu|permissive,1
summarization|fi|permissive,2
summarization|fy|permissive,1
summarization|ga|permissive,1
summarization|gd|permissive,1
summarization|gl|permissive,1
summarization|gu|permissive,1
summarization|ha|permissive,1
summarization|hi|permissive,4
summarization|ht|permissive,1
summarization|hy|permissive,1
summarization|ig|permissive,1
summarization|is|permissive,1
summarization|jv|permissive,1
summarization|ka|permissive,1
summarization|kk|permissive,1
summarization|km|permissive,3
summarization|kn|permissive,1
summarization|ku|permissive,1
summarization|ky|permissive,1
summarization|la|permissive,1
summarization|lb|permissive,1
summarization|lo|permissive,4
summarization|lv|permissive,2
summarization|mg|permissive,1
summarization|mi|permissive,1
summarization|mk|permissive,1
summarization|mn|permissive,5
summarization|mr|permissive,1
summarization|ms|permissive,1
summarization|mt|permissive,1
summarization|my|permissive,1
summarization|ne|permissive,6
summarization|nl|permissive,3
summarization|no|permissive,1
summarization|ny|permissive,1
summarization|pa|permissive,1
summarization|pl|permissive,5
summarization|ps|permissive,1
summarization|ro|permissive,5
summarization|sd|permissive,3
summarization|si|permissive,2
summarization|sk|permissive,2
summarization|sl|permissive,1
summarization|sm|permissive,1
summarization|sn|permissive,1
summarization|so|permissive,2
summarization|sq|permissive,1
summarization|sr|permissive,1
summarization|st|permissive,1
summarization|su|permissive,1
summarization|sw|permissive,1
summarization|ta|permissive,1
summarization|te|permissive,1
summarization|tg|permissive,1
summarization|th|permissive,4
summarization|uz|permissive,2
summarization|xh|permissive,1
summarization|yi|permissive,1
summarization|yo|permissive,1
summarization|zh|permissive,15
summarization|zu|permissive,1
automatic-speech-recognition|et|copyleft,6
visual-question-answering|de|permissive,24
visual-question-answering|fr|permissive,26
visual-question-answering|ro|permissive,22
text-to-speech|ru|noncommercial,50
text-to-speech|ja|unknown,23
translation|unk|copyleft,8
question-answering|co|permissive,8
question-answering|ht|permissive,3
question-answering|ig|permissive,7
question-answering|lb|permissive,9
question-answering|mi|permissive,1
question-answering|mt|permissive,7
question-answering|ny|permissive,1
question-answering|sm|permissive,1
question-answering|sn|permissive,1
question-answering|st|permissive,1
question-answering|tg|permissive,2
question-answering|yo|permissive,2
question-answering|zu|permissive,2
image-to-text|la|permissive,15
text-classification|fr|noncommercial,17
text-generation|es|noncommercial,190
automatic-speech-recognition|da|unknown,16
feature-extraction|en|copyleft,24
feature-extraction|ko|copyleft,2
image-text-to-text|unk|responsible_ai,30
translation|en|other,48
translation|es|other,14
feature-extraction|af|copyleft,1
feature-extraction|sq|copyleft,1
feature-extraction|am|copyleft,1
feature-extraction|ar|copyleft,2
text-to-speech|ja|responsible_ai,20
feature-extraction|an|copyleft,1
feature-extraction|hy|copyleft,1
sentence-similarity|ba|permissive,4
fill-mask|rm|noncommercial,2
feature-extraction|as|copyleft,1
text-to-image|es|noncommercial,1
feature-extraction|az|copyleft,1
feature-extraction|ba|copyleft,1
feature-extraction|eu|copyleft,1
feature-extraction|be|copyleft,1
feature-extraction|bn|copyleft,1
feature-extraction|bh|copyleft,1
feature-extraction|bs|copyleft,1
feature-extraction|br|copyleft,1
feature-extraction|bg|copyleft,1
feature-extraction|my|copyleft,1
feature-extraction|ca|copyleft,1
feature-extraction|ce|copyleft,1
feature-extraction|zh|copyleft,3
feature-extraction|cv|copyleft,1
feature-extraction|co|copyleft,1
feature-extraction|hr|copyleft,1
feature-extraction|cs|copyleft,1
feature-extraction|da|copyleft,2
feature-extraction|dv|copyleft,1
feature-extraction|nl|copyleft,5
feature-extraction|pa|copyleft,1
feature-extraction|eo|copyleft,1
feature-extraction|et|copyleft,1
feature-extraction|fi|copyleft,1
feature-extraction|fr|copyleft,2
feature-extraction|gl|copyleft,1
feature-extraction|ka|copyleft,1
feature-extraction|de|copyleft,3
feature-extraction|el|copyleft,1
feature-extraction|gu|copyleft,1
feature-extraction|ht|copyleft,1
feature-extraction|he|copyleft,2
feature-extraction|hi|copyleft,1
feature-extraction|hu|copyleft,2
feature-extraction|is|copyleft,1
feature-extraction|io|copyleft,1
feature-extraction|ia|copyleft,1
feature-extraction|ga|copyleft,1
text-to-video|unk|noncommercial,42
token-classification|rm|noncommercial,2
text-to-image|pt|responsible_ai,6
video-classification|am|responsible_ai,1
video-classification|ch|responsible_ai,1
video-classification|en|responsible_ai,1
video-classification|zh|responsible_ai,1
text-generation|ja|responsible_ai,11
text-generation|ms|responsible_ai,1
text-generation|th|responsible_ai,8
feature-extraction|jv|copyleft,1
feature-extraction|kn|copyleft,1
feature-extraction|kk|copyleft,1
feature-extraction|km|copyleft,1
feature-extraction|ky|copyleft,1
feature-extraction|ku|copyleft,1
feature-extraction|la|copyleft,1
feature-extraction|lv|copyleft,1
feature-extraction|li|copyleft,1
feature-extraction|lt|copyleft,1
feature-extraction|lb|copyleft,1
feature-extraction|mk|copyleft,1
feature-extraction|mg|copyleft,1
feature-extraction|ms|copyleft,1
feature-extraction|ml|copyleft,1
feature-extraction|mt|copyleft,1
feature-extraction|gv|copyleft,1
feature-extraction|mr|copyleft,1
feature-extraction|mn|copyleft,1
feature-extraction|ne|copyleft,1
feature-extraction|no|copyleft,1
feature-extraction|nn|copyleft,1
feature-extraction|oc|copyleft,1
feature-extraction|or|copyleft,1
feature-extraction|os|copyleft,1
feature-extraction|ps|copyleft,1
feature-extraction|fa|copyleft,4
feature-extraction|pl|copyleft,1
feature-extraction|pt|copyleft,1
feature-extraction|qu|copyleft,1
feature-extraction|ro|copyleft,1
feature-extraction|rm|copyleft,1
feature-extraction|sa|copyleft,1
feature-extraction|sc|copyleft,1
feature-extraction|gd|copyleft,1
feature-extraction|sr|copyleft,1
feature-extraction|sd|copyleft,1
feature-extraction|si|copyleft,1
feature-extraction|sk|copyleft,1
unk|pt|other,141
text-classification|zh|responsible_ai,13
image-feature-extraction|unk|other,100
unk|sk|other,3
text-generation|zh|other,668
image-to-3d|unk|permissive,214
document-question-answering|pt|permissive,3
unk|th|copyleft,14
text-to-image|aa|unknown,1
unconditional-image-generation|zh|permissive,1
text-to-audio|unk|unknown,857
image-to-text|hu|permissive,7
text-classification|fi|unknown,8
unk|ar|other,55
feature-extraction|it|responsible_ai,1
feature-extraction|ur|responsible_ai,6
feature-extraction|sl|copyleft,1
feature-extraction|so|copyleft,1
object-detection|zh|permissive,33
feature-extraction|es|copyleft,1
feature-extraction|su|copyleft,1
feature-extraction|sw|copyleft,1
feature-extraction|sv|copyleft,1
feature-extraction|tg|copyleft,1
feature-extraction|ta|copyleft,1
feature-extraction|tt|copyleft,1
feature-extraction|te|copyleft,1
feature-extraction|th|copyleft,1
feature-extraction|bo|copyleft,1
feature-extraction|tr|copyleft,1
feature-extraction|tk|copyleft,1
feature-extraction|uk|copyleft,1
feature-extraction|ur|copyleft,1
feature-extraction|ug|copyleft,1
feature-extraction|uz|copyleft,1
feature-extraction|vi|copyleft,3
feature-extraction|vo|copyleft,1
feature-extraction|wa|copyleft,1
feature-extraction|cy|copyleft,1
feature-extraction|fy|copyleft,1
feature-extraction|yi|copyleft,1
feature-extraction|yo|copyleft,1
unk|it|responsible_ai,17
automatic-speech-recognition|th|unknown,24
text-classification|ms|unknown,16
translation|pl|copyleft,5
unk|fi|copyleft,19
text-generation|nb|responsible_ai,3
text-generation|no|responsible_ai,4
unk|da|copyleft,17
unk|el|copyleft,20
unk|et|copyleft,17
unk|ga|copyleft,14
unk|lt|copyleft,15
unk|lv|copyleft,23
unk|nb|copyleft,7
unk|nl|copyleft,20
unk|ro|copyleft,15
unk|sk|copyleft,19
unk|sv|copyleft,19
unk|eu|copyleft,14
unk|gl|copyleft,15
unk|nn|copyleft,8
image-classification|vi|permissive,12
zero-shot-classification|am|responsible_ai,1
text-to-video|unk|unknown,93
text-generation|id|noncommercial,91
sentence-similarity|aa|unknown,1
question-answering|en|responsible_ai,29
unk|bm|permissive,43
zero-shot-object-detection|unk|unknown,17
automatic-speech-recognition|unk|responsible_ai,3
feature-extraction|aa|responsible_ai,5
unk|uk|noncommercial,43
audio-classification|am|unknown,2
reinforcement-learning|de|unknown,2
reinforcement-learning|en|unknown,31
reinforcement-learning|es|unknown,2
reinforcement-learning|fr|unknown,2
reinforcement-learning|it|unknown,1
reinforcement-learning|la|unknown,1
reinforcement-learning|nb|unknown,1
reinforcement-learning|ru|unknown,1
image-classification|zh|unknown,2
image-to-image|en|responsible_ai,70
fill-mask|de|copyleft,3
summarization|es|responsible_ai,1
text-to-image|ar|unknown,6
sentence-similarity|pl|unknown,399
image-text-to-text|ur|noncommercial,2
zero-shot-classification|pt|unknown,2
robotics|en|noncommercial,12
image-classification|vi|unknown,1
image-text-to-text|ru|unknown,23
text-classification|ch|unknown,1
text-classification|nl|noncommercial,6
robotics|unk|noncommercial,60
sentence-similarity|he|unknown,13
token-classification|de|other,18
token-classification|fr|other,15
token-classification|it|other,14
image-classification|zh|permissive,35
text-to-video|unk|permissive,193
image-text-to-text|ru|permissive,112
tabular-classification|en|permissive,252
text-generation|bg|copyleft,14
text-generation|da|copyleft,17
text-generation|hr|copyleft,16
text-generation|hu|copyleft,14
text-generation|it|copyleft,45
text-generation|nl|copyleft,21
text-generation|pt|copyleft,28
text-generation|ro|copyleft,20
text-generation|ru|copyleft,34
text-generation|sl|copyleft,17
text-generation|sv|copyleft,16
text-generation|uk|copyleft,9
text-generation|it|noncommercial,203
text-to-speech|th|responsible_ai,3
unk|am|responsible_ai,25
mask-generation|unk|permissive,110
text-generation|pt|other,266
text-to-image|aa|permissive,14
text-generation|zh|noncommercial,242
image-segmentation|unk|responsible_ai,8
graph-ml|unk|copyleft,3
image-segmentation|unk|copyleft,71
text-generation|tr|responsible_ai,8
unk|da|noncommercial,19
summarization|ro|unknown,3
text-generation|sv|responsible_ai,2
text-to-image|id|responsible_ai,4
audio-to-audio|ja|responsible_ai,12
automatic-speech-recognition|ig|permissive,18
text-to-image|zh|unknown,7
text-generation|th|copyleft,17
text-generation|vi|copyleft,14
automatic-speech-recognition|ka|unknown,7
text-to-video|en|noncommercial,8
feature-extraction|da|unknown,4
feature-extraction|no|unknown,3
feature-extraction|ja|other,16
image-to-text|af|responsible_ai,1
video-text-to-text|en|unknown,17
tabular-regression|en|responsible_ai,1
audio-classification|ru|unknown,5
text-classification|aa|unknown,1
text-to-video|en|responsible_ai,9
text-to-video|fa|responsible_ai,4
text-to-audio|en|noncommercial,28
text-to-audio|nl|permissive,18
token-classification|zh|noncommercial,8
image-classification|bn|permissive,12
visual-question-answering|de|copyleft,2
visual-question-answering|ja|copyleft,2
visual-question-answering|zh|copyleft,4
object-detection|bn|copyleft,1
text-to-speech|es|permissive,221
text-to-speech|hi|permissive,124
text-to-speech|it|permissive,187
text-to-speech|pl|permissive,112
text-to-speech|pt|permissive,177
text-to-speech|ru|permissive,167
text-to-speech|tr|permissive,104
unconditional-image-generation|unk|noncommercial,14
text-to-audio|zh|permissive,107
image-to-image|en|other,85
translation|ae|responsible_ai,2
text-generation|fo|unknown,5
text-classification|is|unknown,5
image-classification|ar|permissive,13
image-classification|pt|permissive,15
summarization|en|responsible_ai,9
unk|fr|other,163
robotics|en|responsible_ai,1
robotics|zh|responsible_ai,1
translation|de|responsible_ai,2
translation|fr|responsible_ai,2
translation|ro|responsible_ai,1
text-classification|ak|responsible_ai,2
text-classification|bm|responsible_ai,1
text-classification|ig|responsible_ai,1
text-classification|ki|responsible_ai,1
text-classification|lg|responsible_ai,1
text-classification|ln|responsible_ai,1
text-classification|ny|responsible_ai,1
text-classification|rn|responsible_ai,1
text-classification|rw|responsible_ai,1
text-classification|sn|responsible_ai,1
text-classification|st|responsible_ai,1
text-classification|tn|responsible_ai,1
text-classification|ts|responsible_ai,1
text-classification|tw|responsible_ai,1
text-classification|wo|responsible_ai,1
text-classification|yo|responsible_ai,1
text-classification|zu|responsible_ai,1
text-generation|rw|unknown,2
unk|ay|responsible_ai,3
text-generation|pl|responsible_ai,13
depth-estimation|unk|copyleft,3
text-to-video|en|copyleft,1
unk|pl|responsible_ai,17
unk|aa|permissive,110
feature-extraction|es|responsible_ai,6
text-to-audio|unk|permissive,237
text-classification|an|responsible_ai,1
image-text-to-text|ja|permissive,164
mask-generation|unk|unknown,58
token-classification|eu|noncommercial,5
tabular-classification|unk|noncommercial,19
unk|uk|copyleft,16
question-answering|an|permissive,4
question-answering|ba|permissive,3
question-answering|ce|permissive,2
question-answering|cv|permissive,3
question-answering|io|permissive,1
question-answering|nb|permissive,1
question-answering|nn|permissive,1
question-answering|oc|permissive,1
question-answering|tt|permissive,2
question-answering|vo|permissive,1
text-generation|th|other,89
question-answering|sr|unknown,3
text-classification|am|unknown,7
automatic-speech-recognition|fr|copyleft,11
unk|ko|other,161
feature-extraction|my|unknown,2
text-to-image|ru|responsible_ai,9
feature-extraction|hy|unknown,4
text-generation|fr|noncommercial,188
text-generation|sm|noncommercial,1
audio-to-audio|id|unknown,2
image-to-image|zh|responsible_ai,1
translation|ko|responsible_ai,2
unk|mn|responsible_ai,3
token-classification|mn|noncommercial,1
text-to-speech|gl|permissive,20
text-generation|it|responsible_ai,28
image-classification|he|unknown,1
reinforcement-learning|aa|responsible_ai,1
text-classification|sl|unknown,9
image-classification|fr|unknown,3
zero-shot-classification|en|noncommercial,21
text-to-video|en|other,88
automatic-speech-recognition|te|unknown,16
video-classification|unk|other,13
text-to-speech|hu|permissive,60
text-classification|aa|copyleft,1
object-detection|es|permissive,11
unconditional-image-generation|ru|permissive,1
question-answering|bn|responsible_ai,9
text-to-video|hi|responsible_ai,1
question-answering|ja|unknown,2
zero-shot-image-classification|ja|responsible_ai,2
text-generation|aa|responsible_ai,6
image-to-text|he|unknown,1
text-to-image|aa|other,1
summarization|zh|noncommercial,2
visual-question-answering|zh|permissive,33
image-to-text|de|unknown,3
image-to-text|it|unknown,2
image-to-text|hu|unknown,3
unk|bg|responsible_ai,4
unk|cs|responsible_ai,4
unk|ro|responsible_ai,11
unk|or|noncommercial,17
sentence-similarity|br|permissive,30
sentence-similarity|om|permissive,27
sentence-similarity|ps|permissive,36
sentence-similarity|sa|permissive,31
sentence-similarity|sd|permissive,34
zero-shot-classification|ca|permissive,4
unk|af|copyleft,12
unk|am|copyleft,10
unk|an|copyleft,5
unk|as|copyleft,13
unk|az|copyleft,14
unk|ba|copyleft,5
unk|be|copyleft,11
unk|bn|copyleft,16
unk|bo|copyleft,5
unk|br|copyleft,10
unk|ce|copyleft,5
unk|cv|copyleft,5
unk|cy|copyleft,13
unk|dv|copyleft,5
unk|eo|copyleft,9
unk|fo|copyleft,4
unk|fy|copyleft,9
unk|gd|copyleft,11
unk|gu|copyleft,14
unk|gv|copyleft,4
unk|he|copyleft,16
unk|hi|copyleft,15
unk|ht|copyleft,11
unk|hy|copyleft,9
unk|ia|copyleft,4
unk|id|copyleft,20
unk|io|copyleft,4
unk|jv|copyleft,12
unk|ka|copyleft,11
unk|kk|copyleft,9
unk|km|copyleft,10
unk|kn|copyleft,12
unk|ku|copyleft,9
unk|ky|copyleft,9
unk|la|copyleft,12
unk|lb|copyleft,4
unk|li|copyleft,5
unk|mg|copyleft,9
unk|ml|copyleft,11
unk|mn|copyleft,9
unk|mr|copyleft,12
unk|ms|copyleft,10
unk|my|copyleft,10
unk|ne|copyleft,11
unk|no|copyleft,10
unk|oc|copyleft,4
unk|or|copyleft,11
unk|os|copyleft,4
unk|pa|copyleft,10
unk|ps|copyleft,9
unk|qu|copyleft,9
unk|rm|copyleft,5
unk|se|copyleft,4
unk|si|copyleft,18
unk|su|copyleft,9
unk|sw|copyleft,17
unk|ta|copyleft,13
unk|te|copyleft,14
unk|tg|copyleft,4
unk|tk|copyleft,4
unk|tt|copyleft,4
unk|ug|copyleft,5
unk|ur|copyleft,11
unk|uz|copyleft,10
unk|vo|copyleft,4
unk|wa|copyleft,4
unk|yi|copyleft,5
unk|yo|copyleft,13
unk|ko|responsible_ai,14
unk|tl|responsible_ai,3
text-to-image|lv|unknown,1
text-classification|uk|other,7
unk|nl|noncommercial,46
image-text-to-text|en|copyleft,31
text-generation|ss|permissive,26
text-generation|nr|permissive,11
automatic-speech-recognition|en|responsible_ai,10
automatic-speech-recognition|fa|responsible_ai,1
unk|ab|noncommercial,5
unk|af|noncommercial,16
unk|ak|noncommercial,8
unk|ar|noncommercial,71
unk|as|noncommercial,11
unk|av|noncommercial,6
unk|ay|noncommercial,5
unk|az|noncommercial,11
unk|ba|noncommercial,5
unk|be|noncommercial,12
unk|bg|noncommercial,16
unk|bi|noncommercial,5
unk|bm|noncommercial,5
unk|bn|noncommercial,22
unk|bo|noncommercial,6
unk|br|noncommercial,11
unk|ca|noncommercial,16
unk|ce|noncommercial,5
unk|cv|noncommercial,5
unk|cy|noncommercial,12
unk|dv|noncommercial,5
unk|dz|noncommercial,5
unk|ee|noncommercial,7
unk|el|noncommercial,27
unk|eo|noncommercial,11
unk|et|noncommercial,14
unk|eu|noncommercial,14
unk|ff|noncommercial,5
unk|fi|noncommercial,16
unk|fj|noncommercial,5
unk|fo|noncommercial,5
unk|fy|noncommercial,12
unk|ga|noncommercial,16
unk|gl|noncommercial,12
unk|gn|noncommercial,6
unk|gu|noncommercial,11
unk|ha|noncommercial,11
unk|he|noncommercial,25
unk|hi|noncommercial,42
unk|ht|noncommercial,10
unk|hu|noncommercial,27
unk|hy|noncommercial,11
unk|ia|noncommercial,5
unk|ig|noncommercial,5
unk|is|noncommercial,13
unk|jv|noncommercial,12
unk|ka|noncommercial,12
unk|ki|noncommercial,6
unk|kk|noncommercial,14
unk|km|noncommercial,11
unk|kn|noncommercial,12
unk|kr|noncommercial,5
unk|ku|noncommercial,11
unk|kv|noncommercial,5
unk|ky|noncommercial,11
unk|la|noncommercial,20
unk|lg|noncommercial,6
unk|ln|noncommercial,5
unk|lo|noncommercial,11
unk|lt|noncommercial,17
unk|lv|noncommercial,15
unk|mg|noncommercial,11
unk|mh|noncommercial,5
unk|mi|noncommercial,6
unk|mk|noncommercial,13
unk|ml|noncommercial,12
unk|mn|noncommercial,11
unk|mr|noncommercial,15
unk|ms|noncommercial,14
unk|mt|noncommercial,8
unk|my|noncommercial,14
unk|ne|noncommercial,15
unk|no|noncommercial,40
unk|ny|noncommercial,5
unk|oc|noncommercial,6
unk|om|noncommercial,12
unk|os|noncommercial,5
unk|pa|noncommercial,11
unk|ps|noncommercial,11
unk|qu|noncommercial,6
unk|rn|noncommercial,5
unk|rw|noncommercial,5
unk|sd|noncommercial,11
unk|sg|noncommercial,5
unk|sk|noncommercial,16
unk|sl|noncommercial,13
unk|sm|noncommercial,5
unk|sn|noncommercial,6
unk|so|noncommercial,11
unk|sq|noncommercial,11
unk|su|noncommercial,12
unk|sv|noncommercial,19
unk|sw|noncommercial,16
unk|ta|noncommercial,18
unk|te|noncommercial,14
unk|tg|noncommercial,5
unk|th|noncommercial,16
unk|ti|noncommercial,5
unk|tl|noncommercial,12
unk|tr|noncommercial,42
unk|ts|noncommercial,5
unk|tt|noncommercial,5
unk|wo|noncommercial,6
unk|xh|noncommercial,13
unk|yo|noncommercial,6
unk|za|noncommercial,5
unk|zu|noncommercial,7
text-to-image|zh|noncommercial,14
automatic-speech-recognition|eo|unknown,4
object-detection|da|permissive,1
graph-ml|unk|responsible_ai,5
text-generation|fr|other,467
automatic-speech-recognition|ab|noncommercial,6
automatic-speech-recognition|af|noncommercial,19
automatic-speech-recognition|ak|noncommercial,12
automatic-speech-recognition|am|noncommercial,24
automatic-speech-recognition|as|noncommercial,20
automatic-speech-recognition|av|noncommercial,5
automatic-speech-recognition|ay|noncommercial,5
automatic-speech-recognition|az|noncommercial,15
automatic-speech-recognition|ba|noncommercial,13
automatic-speech-recognition|be|noncommercial,19
automatic-speech-recognition|bi|noncommercial,5
automatic-speech-recognition|bm|noncommercial,9
automatic-speech-recognition|bn|noncommercial,25
automatic-speech-recognition|bo|noncommercial,13
automatic-speech-recognition|br|noncommercial,9
automatic-speech-recognition|ca|noncommercial,24
automatic-speech-recognition|ce|noncommercial,5
automatic-speech-recognition|cv|noncommercial,9
automatic-speech-recognition|cy|noncommercial,21
automatic-speech-recognition|dv|noncommercial,7
automatic-speech-recognition|dz|noncommercial,9
automatic-speech-recognition|ee|noncommercial,15
automatic-speech-recognition|eo|noncommercial,10
automatic-speech-recognition|eu|noncommercial,14
automatic-speech-recognition|fa|noncommercial,21
automatic-speech-recognition|ff|noncommercial,5
automatic-speech-recognition|fj|noncommercial,9
automatic-speech-recognition|fo|noncommercial,13
automatic-speech-recognition|fy|noncommercial,5
automatic-speech-recognition|ga|noncommercial,16
automatic-speech-recognition|gl|noncommercial,22
automatic-speech-recognition|gn|noncommercial,10
automatic-speech-recognition|gu|noncommercial,20
automatic-speech-recognition|ha|noncommercial,22
automatic-speech-recognition|he|noncommercial,20
automatic-speech-recognition|hi|noncommercial,23
automatic-speech-recognition|ht|noncommercial,13
automatic-speech-recognition|hy|noncommercial,20
automatic-speech-recognition|ia|noncommercial,6
automatic-speech-recognition|ig|noncommercial,19
automatic-speech-recognition|is|noncommercial,19
automatic-speech-recognition|jv|noncommercial,16
automatic-speech-recognition|ka|noncommercial,19
automatic-speech-recognition|ki|noncommercial,9
automatic-speech-recognition|kk|noncommercial,25
automatic-speech-recognition|km|noncommercial,20
automatic-speech-recognition|kn|noncommercial,20
automatic-speech-recognition|ko|noncommercial,29
automatic-speech-recognition|kr|noncommercial,5
automatic-speech-recognition|ku|noncommercial,6
automatic-speech-recognition|kv|noncommercial,5
automatic-speech-recognition|ky|noncommercial,16
automatic-speech-recognition|la|noncommercial,9
automatic-speech-recognition|lb|noncommercial,18
automatic-speech-recognition|lg|noncommercial,16
automatic-speech-recognition|ln|noncommercial,21
automatic-speech-recognition|lo|noncommercial,19
automatic-speech-recognition|mg|noncommercial,9
automatic-speech-recognition|mh|noncommercial,5
automatic-speech-recognition|mi|noncommercial,19
automatic-speech-recognition|mk|noncommercial,19
automatic-speech-recognition|ml|noncommercial,20
automatic-speech-recognition|mn|noncommercial,18
automatic-speech-recognition|mr|noncommercial,16
automatic-speech-recognition|ms|noncommercial,16
automatic-speech-recognition|my|noncommercial,19
automatic-speech-recognition|ne|noncommercial,23
automatic-speech-recognition|no|noncommercial,9
automatic-speech-recognition|ny|noncommercial,15
automatic-speech-recognition|oc|noncommercial,19
automatic-speech-recognition|om|noncommercial,15
automatic-speech-recognition|or|noncommercial,12
automatic-speech-recognition|os|noncommercial,5
automatic-speech-recognition|pa|noncommercial,19
automatic-speech-recognition|ps|noncommercial,15
automatic-speech-recognition|qu|noncommercial,5
automatic-speech-recognition|rn|noncommercial,9
automatic-speech-recognition|ru|noncommercial,31
automatic-speech-recognition|rw|noncommercial,10
automatic-speech-recognition|sd|noncommercial,20
automatic-speech-recognition|sg|noncommercial,9
automatic-speech-recognition|sm|noncommercial,9
automatic-speech-recognition|sn|noncommercial,21
automatic-speech-recognition|so|noncommercial,20
automatic-speech-recognition|sq|noncommercial,9
automatic-speech-recognition|su|noncommercial,13
automatic-speech-recognition|sw|noncommercial,15
automatic-speech-recognition|ta|noncommercial,23
automatic-speech-recognition|te|noncommercial,20
automatic-speech-recognition|tg|noncommercial,19
automatic-speech-recognition|th|noncommercial,20
automatic-speech-recognition|ti|noncommercial,13
automatic-speech-recognition|tl|noncommercial,19
automatic-speech-recognition|tr|noncommercial,25
automatic-speech-recognition|ts|noncommercial,10
automatic-speech-recognition|tt|noncommercial,13
automatic-speech-recognition|wo|noncommercial,16
automatic-speech-recognition|xh|noncommercial,16
automatic-speech-recognition|yo|noncommercial,27
automatic-speech-recognition|za|noncommercial,5
automatic-speech-recognition|zh|noncommercial,35
automatic-speech-recognition|zu|noncommercial,16
text-to-speech|ja|noncommercial,78
audio-to-audio|unk|other,32
tabular-classification|unk|responsible_ai,2
zero-shot-classification|zh|responsible_ai,1
feature-extraction|zh|responsible_ai,6
automatic-speech-recognition|or|no_derivatives,1
text-to-audio|en|permissive,114
text-generation|is|responsible_ai,1
text-classification|cr|permissive,1
text-classification|fj|permissive,5
text-classification|ks|permissive,3
text-classification|sm|permissive,7
text-to-audio|ca|permissive,1
text-to-3d|en|responsible_ai,4
depth-estimation|unk|responsible_ai,1
summarization|ab|responsible_ai,3
text-classification|tr|other,13
image-classification|de|permissive,6
sentence-similarity|ne|unknown,10
audio-classification|zh|copyleft,4
robotics|aa|permissive,2
robotics|ab|permissive,1
robotics|ae|permissive,1
robotics|af|permissive,1
robotics|ak|permissive,1
robotics|am|permissive,1
robotics|an|permissive,1
robotics|as|permissive,1
robotics|av|permissive,1
robotics|ay|permissive,1
robotics|az|permissive,1
robotics|ba|permissive,1
robotics|be|permissive,1
robotics|bg|permissive,1
robotics|bh|permissive,1
robotics|bi|permissive,1
robotics|bm|permissive,1
robotics|bn|permissive,1
robotics|bo|permissive,1
robotics|br|permissive,1
robotics|bs|permissive,1
robotics|ca|permissive,1
robotics|ce|permissive,1
robotics|ch|permissive,1
robotics|co|permissive,1
robotics|cr|permissive,1
robotics|cs|permissive,1
robotics|cu|permissive,1
robotics|cv|permissive,1
robotics|cy|permissive,1
robotics|da|permissive,1
robotics|de|permissive,2
robotics|dv|permissive,1
robotics|dz|permissive,1
robotics|ee|permissive,1
robotics|el|permissive,1
robotics|eo|permissive,1
robotics|es|permissive,2
robotics|et|permissive,1
robotics|eu|permissive,1
robotics|fa|permissive,1
robotics|ff|permissive,1
robotics|fi|permissive,1
robotics|fj|permissive,1
robotics|fo|permissive,1
robotics|fr|permissive,3
robotics|fy|permissive,1
robotics|ga|permissive,1
robotics|gd|permissive,1
robotics|gl|permissive,1
robotics|gn|permissive,1
robotics|gu|permissive,1
robotics|gv|permissive,1
robotics|ha|permissive,1
robotics|he|permissive,1
robotics|hi|permissive,1
robotics|ho|permissive,1
robotics|hr|permissive,1
robotics|ht|permissive,1
robotics|hu|permissive,1
robotics|hy|permissive,1
robotics|hz|permissive,1
robotics|ia|permissive,1
robotics|id|permissive,1
robotics|ie|permissive,1
robotics|ig|permissive,1
robotics|ii|permissive,1
robotics|ik|permissive,1
robotics|io|permissive,1
robotics|is|permissive,1
robotics|it|permissive,1
robotics|iu|permissive,1
robotics|ja|permissive,8
robotics|jv|permissive,1
robotics|ka|permissive,1
robotics|kg|permissive,1
robotics|ki|permissive,1
robotics|kj|permissive,1
robotics|kk|permissive,1
robotics|kl|permissive,1
robotics|km|permissive,1
robotics|kn|permissive,1
robotics|ko|permissive,12
robotics|kr|permissive,1
robotics|ku|permissive,1
robotics|kv|permissive,1
robotics|ky|permissive,1
robotics|la|permissive,1
robotics|lb|permissive,1
robotics|lg|permissive,1
robotics|lo|permissive,1
robotics|lu|permissive,1
robotics|mk|permissive,1
robotics|pa|permissive,1
robotics|ru|permissive,4
robotics|uk|permissive,1
robotics|ve|permissive,1
robotics|vi|permissive,1
robotics|zh|permissive,30
translation|am|unknown,8
translation|ti|unknown,5
token-classification|el|copyleft,2
image-to-image|es|permissive,7
text-to-audio|unk|noncommercial,106
text-generation|bn|noncommercial,7
voice-activity-detection|ja|responsible_ai,1
voice-activity-detection|ru|responsible_ai,1
voice-activity-detection|zh|responsible_ai,1
audio-to-audio|es|responsible_ai,7
audio-to-audio|ru|responsible_ai,9
audio-to-audio|uk|responsible_ai,2
fill-mask|ee|permissive,6
fill-mask|tw|permissive,8
unk|uz|responsible_ai,2
unconditional-image-generation|en|copyleft,1
token-classification|it|copyleft,9
question-answering|ar|noncommercial,1
question-answering|es|noncommercial,1
question-answering|pt|noncommercial,3
question-answering|ru|noncommercial,1
question-answering|uk|noncommercial,1
question-answering|zh|noncommercial,2
audio-classification|ab|noncommercial,6
audio-classification|af|noncommercial,6
audio-classification|ak|noncommercial,6
audio-classification|am|noncommercial,6
audio-classification|ar|noncommercial,8
audio-classification|as|noncommercial,6
audio-classification|av|noncommercial,6
audio-classification|ay|noncommercial,6
audio-classification|az|noncommercial,6
audio-classification|ba|noncommercial,6
audio-classification|be|noncommercial,6
audio-classification|bg|noncommercial,6
audio-classification|bi|noncommercial,6
audio-classification|bm|noncommercial,6
audio-classification|bn|noncommercial,7
audio-classification|bo|noncommercial,6
audio-classification|br|noncommercial,6
audio-classification|ca|noncommercial,6
audio-classification|ce|noncommercial,6
audio-classification|cs|noncommercial,6
audio-classification|cv|noncommercial,6
audio-classification|cy|noncommercial,6
audio-classification|da|noncommercial,7
audio-classification|de|noncommercial,8
audio-classification|dv|noncommercial,6
audio-classification|dz|noncommercial,6
audio-classification|ee|noncommercial,6
audio-classification|el|noncommercial,7
audio-classification|eo|noncommercial,6
audio-classification|es|noncommercial,8
audio-classification|et|noncommercial,6
audio-classification|eu|noncommercial,6
audio-classification|fa|noncommercial,7
audio-classification|ff|noncommercial,6
audio-classification|fi|noncommercial,7
audio-classification|fj|noncommercial,6
audio-classification|fo|noncommercial,6
audio-classification|fr|noncommercial,9
audio-classification|fy|noncommercial,6
audio-classification|ga|noncommercial,6
audio-classification|gl|noncommercial,6
audio-classification|gn|noncommercial,6
audio-classification|gu|noncommercial,7
audio-classification|ha|noncommercial,6
audio-classification|he|noncommercial,8
audio-classification|hi|noncommercial,8
audio-classification|ht|noncommercial,6
audio-classification|hu|noncommercial,6
audio-classification|hy|noncommercial,6
audio-classification|ia|noncommercial,6
audio-classification|ig|noncommercial,6
audio-classification|is|noncommercial,6
audio-classification|it|noncommercial,8
audio-classification|ja|noncommercial,7
audio-classification|jv|noncommercial,6
audio-classification|ka|noncommercial,6
audio-classification|ki|noncommercial,6
audio-classification|kk|noncommercial,7
audio-classification|km|noncommercial,6
audio-classification|kn|noncommercial,7
audio-classification|ko|noncommercial,8
audio-classification|kr|noncommercial,6
audio-classification|ku|noncommercial,6
audio-classification|kv|noncommercial,6
audio-classification|ky|noncommercial,6
audio-classification|la|noncommercial,6
audio-classification|lb|noncommercial,6
audio-classification|lg|noncommercial,6
audio-classification|ln|noncommercial,6
audio-classification|lo|noncommercial,6
audio-classification|lt|noncommercial,6
audio-classification|lv|noncommercial,6
audio-classification|mg|noncommercial,6
audio-classification|mh|noncommercial,6
audio-classification|mi|noncommercial,6
audio-classification|mk|noncommercial,6
audio-classification|ml|noncommercial,7
audio-classification|mn|noncommercial,6
audio-classification|mr|noncommercial,7
audio-classification|ms|noncommercial,7
audio-classification|mt|noncommercial,6
audio-classification|my|noncommercial,7
audio-classification|ne|noncommercial,6
audio-classification|nl|noncommercial,8
audio-classification|no|noncommercial,7
audio-classification|ny|noncommercial,6
audio-classification|oc|noncommercial,6
audio-classification|om|noncommercial,6
audio-classification|or|noncommercial,7
audio-classification|os|noncommercial,6
audio-classification|pa|noncommercial,6
audio-classification|pl|noncommercial,6
audio-classification|ps|noncommercial,6
audio-classification|pt|noncommercial,7
audio-classification|qu|noncommercial,6
audio-classification|rn|noncommercial,6
audio-classification|ro|noncommercial,6
audio-classification|ru|noncommercial,8
audio-classification|rw|noncommercial,6
audio-classification|sd|noncommercial,6
audio-classification|sg|noncommercial,6
audio-classification|sk|noncommercial,6
audio-classification|sl|noncommercial,6
audio-classification|sm|noncommercial,6
audio-classification|sn|noncommercial,6
audio-classification|so|noncommercial,6
audio-classification|sq|noncommercial,6
audio-classification|su|noncommercial,6
audio-classification|sv|noncommercial,8
audio-classification|sw|noncommercial,6
audio-classification|ta|noncommercial,7
audio-classification|te|noncommercial,7
audio-classification|tg|noncommercial,6
audio-classification|th|noncommercial,6
audio-classification|ti|noncommercial,6
audio-classification|tl|noncommercial,6
audio-classification|tr|noncommercial,8
audio-classification|ts|noncommercial,6
audio-classification|tt|noncommercial,6
audio-classification|uk|noncommercial,6
audio-classification|vi|noncommercial,7
audio-classification|wo|noncommercial,6
audio-classification|xh|noncommercial,6
audio-classification|yo|noncommercial,6
audio-classification|za|noncommercial,6
audio-classification|zh|noncommercial,16
audio-classification|zu|noncommercial,6
token-classification|id|responsible_ai,1
text-generation|pl|noncommercial,84
text-generation|pt|noncommercial,175
question-answering|av|responsible_ai,9
fill-mask|ff|permissive,5
fill-mask|ki|permissive,5
fill-mask|kj|permissive,5
fill-mask|ve|permissive,7
fill-mask|wo|permissive,10
multiple-choice|unk|copyleft,5
table-question-answering|aa|permissive,6
sentence-similarity|af|unknown,5
sentence-similarity|am|unknown,7
sentence-similarity|as|unknown,4
sentence-similarity|az|unknown,5
sentence-similarity|be|unknown,6
sentence-similarity|br|unknown,3
sentence-similarity|bs|unknown,3
sentence-similarity|cs|unknown,8
sentence-similarity|cy|unknown,5
sentence-similarity|da|unknown,9
sentence-similarity|eo|unknown,4
sentence-similarity|et|unknown,8
sentence-similarity|eu|unknown,5
sentence-similarity|fa|unknown,11
sentence-similarity|fy|unknown,3
sentence-similarity|ga|unknown,4
sentence-similarity|gd|unknown,3
sentence-similarity|gl|unknown,7
sentence-similarity|gu|unknown,9
sentence-similarity|ha|unknown,5
sentence-similarity|hr|unknown,7
sentence-similarity|hy|unknown,7
sentence-similarity|is|unknown,9
sentence-similarity|ja|unknown,29
sentence-similarity|jv|unknown,4
sentence-similarity|ka|unknown,7
sentence-similarity|kk|unknown,7
sentence-similarity|km|unknown,6
sentence-similarity|kn|unknown,7
sentence-similarity|ku|unknown,6
sentence-similarity|ky|unknown,5
sentence-similarity|la|unknown,6
sentence-similarity|lo|unknown,5
sentence-similarity|lt|unknown,8
sentence-similarity|lv|unknown,8
sentence-similarity|mg|unknown,3
sentence-similarity|mk|unknown,7
sentence-similarity|mn|unknown,7
sentence-similarity|mr|unknown,10
sentence-similarity|ms|unknown,7
sentence-similarity|my|unknown,7
sentence-similarity|no|unknown,10
sentence-similarity|om|unknown,3
sentence-similarity|or|unknown,5
sentence-similarity|pa|unknown,5
sentence-similarity|ps|unknown,5
sentence-similarity|sa|unknown,4
sentence-similarity|sd|unknown,3
sentence-similarity|si|unknown,7
sentence-similarity|sk|unknown,7
sentence-similarity|sl|unknown,7
sentence-similarity|so|unknown,5
sentence-similarity|sq|unknown,7
sentence-similarity|sr|unknown,7
sentence-similarity|su|unknown,3
sentence-similarity|sv|unknown,9
sentence-similarity|sw|unknown,7
sentence-similarity|ta|unknown,7
sentence-similarity|te|unknown,8
sentence-similarity|tl|unknown,5
sentence-similarity|ug|unknown,3
sentence-similarity|uk|unknown,9
sentence-similarity|uz|unknown,5
sentence-similarity|xh|unknown,4
sentence-similarity|yi|unknown,3
text-to-speech|de|noncommercial,63
text-to-speech|es|noncommercial,64
text-to-speech|fr|noncommercial,58
text-to-speech|hi|noncommercial,23
text-to-speech|it|noncommercial,51
text-to-speech|ko|noncommercial,56
text-to-speech|pl|noncommercial,47
text-to-speech|pt|noncommercial,51
text-to-speech|tr|noncommercial,19
text-to-speech|zh|noncommercial,80
audio-classification|ko|responsible_ai,1
text-generation|be|copyleft,4
audio-to-audio|en|noncommercial,38
audio-to-audio|id|noncommercial,1
question-answering|ko|unknown,8
token-classification|he|responsible_ai,1
text-generation|kn|unknown,5
text-generation|mr|unknown,10
audio-to-audio|jv|responsible_ai,1
audio-to-audio|zh|responsible_ai,1
unk|ae|permissive,109
video-to-video|unk|noncommercial,5
text-to-speech|id|responsible_ai,10
voice-activity-detection|unk|unknown,9
text-to-speech|sv|permissive,66
graph-ml|unk|unknown,9
text-classification|ab|responsible_ai,6
translation|be|responsible_ai,1
translation|ru|responsible_ai,2
feature-extraction|ja|responsible_ai,1
feature-extraction|th|responsible_ai,1
token-classification|ig|noncommercial,1
unk|jv|other,8
question-answering|ru|responsible_ai,1
text-to-audio|ar|permissive,20
image-text-to-text|vi|unknown,9
audio-classification|en|copyleft,11
audio-to-audio|unk|responsible_ai,11
document-question-answering|en|unknown,8
text-to-image|es|permissive,10
audio-to-audio|de|permissive,12
text-to-speech|el|responsible_ai,11
text-to-speech|es|responsible_ai,27
text-to-speech|fr|responsible_ai,22
text-to-speech|it|responsible_ai,11
text-to-speech|la|responsible_ai,2
text-to-speech|pt|responsible_ai,22
text-to-speech|ru|responsible_ai,16
text-to-speech|zh|responsible_ai,9
audio-to-audio|pt|responsible_ai,6
graph-ml|en|permissive,60
text-generation|nl|noncommercial,90
automatic-speech-recognition|ne|unknown,13
graph-ml|zh|permissive,4
summarization|he|unknown,3
unk|tr|responsible_ai,139
visual-question-answering|en|unknown,35
visual-question-answering|zh|unknown,11
text-generation|de|noncommercial,211
text-to-3d|unk|permissive,35
automatic-speech-recognition|vi|unknown,32
image-to-text|ar|permissive,36
text-to-speech|fi|permissive,42
text-to-speech|th|permissive,36
automatic-speech-recognition|tw|permissive,16
zero-shot-image-classification|en|copyleft,3
text-classification|ch|responsible_ai,1
token-classification|sl|copyleft,10
token-classification|es|responsible_ai,3
table-question-answering|ak|permissive,1
table-question-answering|id|permissive,2
image-segmentation|pt|unknown,2
zero-shot-image-classification|unk|noncommercial,119
text-generation|en|vendor_custom,3403
mask-generation|en|permissive,9
text-classification|eu|unknown,4
text-to-speech|nl|permissive,61
document-question-answering|es|permissive,1
text-generation|ru|noncommercial,113
image-segmentation|en|other,19
other|zh|permissive,11
zero-shot-classification|en|copyleft,2
audio-to-audio|ru|permissive,15
text-to-speech|cs|permissive,57
text-to-audio|ru|permissive,19
text-to-audio|es|permissive,43
translation|ab|responsible_ai,4
table-question-answering|ab|other,1
text-classification|ko|other,16
text-classification|zh|other,27
text-to-audio|de|permissive,24
text-to-speech|ab|unknown,2
text-to-speech|ab|permissive,5
text-to-speech|ak|permissive,7
text-to-speech|be|permissive,4
fill-mask|ve|other,3
fill-mask|tn|other,1
summarization|en|other,5
unk|ba|responsible_ai,3
unk|unk|vendor_custom,6760
unk|aa|copyleft,6
unk|ab|copyleft,4
unk|ae|copyleft,4
unk|ak|copyleft,5
unk|av|copyleft,4
unk|ay|copyleft,4
unk|bh|copyleft,5
unk|bi|copyleft,4
unk|bm|copyleft,8
unk|co|copyleft,4
unk|cr|copyleft,4
unk|cu|copyleft,4
unk|dz|copyleft,4
unk|ee|copyleft,5
audio-to-audio|th|permissive,4
unk|ca|other,3
text-generation|av|responsible_ai,2
object-detection|ar|responsible_ai,2
text-classification|en|vendor_custom,63
voice-activity-detection|ab|responsible_ai,1
text-generation|ru|other,205
automatic-speech-recognition|ca|unknown,10
unk|de|vendor_custom,76
unk|en|vendor_custom,1320
text-generation|de|vendor_custom,674
text-generation|unk|vendor_custom,2586
tabular-classification|ab|responsible_ai,1
audio-to-audio|zh|noncommercial,17
automatic-speech-recognition|bn|unknown,13
text-generation|de|other,419
zero-shot-classification|ar|noncommercial,9
zero-shot-classification|bg|noncommercial,6
zero-shot-classification|de|noncommercial,11
zero-shot-classification|el|noncommercial,6
zero-shot-classification|es|noncommercial,8
zero-shot-classification|fr|noncommercial,11
zero-shot-classification|hi|noncommercial,10
zero-shot-classification|ru|noncommercial,6
zero-shot-classification|sw|noncommercial,6
zero-shot-classification|th|noncommercial,8
zero-shot-classification|tr|noncommercial,6
zero-shot-classification|ur|noncommercial,6
zero-shot-classification|vi|noncommercial,6
zero-shot-classification|zh|noncommercial,10
audio-to-audio|uk|permissive,2
text-to-speech|ml|permissive,34
text-generation|zh|vendor_custom,183
text-generation|ja|noncommercial,229
text-to-audio|ht|unknown,1
unk|nl|other,30
text-generation|bg|responsible_ai,2
text-generation|ce|responsible_ai,1
text-generation|cy|responsible_ai,1
text-generation|da|responsible_ai,1
text-generation|el|responsible_ai,1
text-generation|ga|responsible_ai,1
text-generation|gd|responsible_ai,1
text-generation|la|responsible_ai,1
text-generation|rm|responsible_ai,1
text-generation|ro|responsible_ai,2
text-to-image|ar|permissive,19
text-generation|it|other,329
voice-activity-detection|ja|unknown,1
token-classification|de|responsible_ai,2
audio-to-audio|zh|other,3
text-generation|es|vendor_custom,687
text-generation|ru|vendor_custom,69
feature-extraction|ab|noncommercial,6
feature-extraction|af|noncommercial,15
feature-extraction|ak|noncommercial,2
feature-extraction|am|noncommercial,15
feature-extraction|ar|noncommercial,20
feature-extraction|as|noncommercial,15
feature-extraction|av|noncommercial,2
feature-extraction|ay|noncommercial,2
feature-extraction|az|noncommercial,15
feature-extraction|ba|noncommercial,6
feature-extraction|be|noncommercial,15
feature-extraction|bg|noncommercial,15
feature-extraction|bi|noncommercial,2
feature-extraction|bm|noncommercial,2
feature-extraction|bn|noncommercial,16
feature-extraction|bo|noncommercial,6
feature-extraction|br|noncommercial,15
feature-extraction|ca|noncommercial,15
feature-extraction|ce|noncommercial,2
feature-extraction|cs|noncommercial,16
feature-extraction|cv|noncommercial,6
feature-extraction|cy|noncommercial,15
feature-extraction|da|noncommercial,15
feature-extraction|de|noncommercial,21
feature-extraction|dv|noncommercial,6
feature-extraction|dz|noncommercial,2
feature-extraction|ee|noncommercial,6
feature-extraction|el|noncommercial,15
feature-extraction|eo|noncommercial,15
feature-extraction|es|noncommercial,25
feature-extraction|et|noncommercial,15
feature-extraction|eu|noncommercial,15
feature-extraction|fa|noncommercial,17
feature-extraction|ff|noncommercial,2
feature-extraction|fi|noncommercial,15
feature-extraction|fj|noncommercial,2
feature-extraction|fo|noncommercial,6
feature-extraction|fr|noncommercial,31
feature-extraction|fy|noncommercial,15
feature-extraction|ga|noncommercial,19
feature-extraction|gl|noncommercial,15
feature-extraction|gn|noncommercial,6
feature-extraction|gu|noncommercial,15
feature-extraction|ha|noncommercial,15
feature-extraction|he|noncommercial,15
feature-extraction|hi|noncommercial,16
feature-extraction|ht|noncommercial,6
feature-extraction|hu|noncommercial,16
feature-extraction|hy|noncommercial,15
feature-extraction|ia|noncommercial,6
feature-extraction|ig|noncommercial,6
feature-extraction|is|noncommercial,15
feature-extraction|it|noncommercial,19
feature-extraction|ja|noncommercial,22
feature-extraction|jv|noncommercial,15
feature-extraction|ka|noncommercial,15
feature-extraction|ki|noncommercial,2
feature-extraction|kk|noncommercial,15
feature-extraction|km|noncommercial,15
feature-extraction|kn|noncommercial,15
feature-extraction|ko|noncommercial,19
feature-extraction|kr|noncommercial,2
feature-extraction|ku|noncommercial,15
feature-extraction|kv|noncommercial,2
feature-extraction|ky|noncommercial,15
feature-extraction|la|noncommercial,18
feature-extraction|lb|noncommercial,6
feature-extraction|lg|noncommercial,6
feature-extraction|ln|noncommercial,6
feature-extraction|lo|noncommercial,15
feature-extraction|lt|noncommercial,15
feature-extraction|lv|noncommercial,15
feature-extraction|mg|noncommercial,15
feature-extraction|mh|noncommercial,2
feature-extraction|mi|noncommercial,6
feature-extraction|mk|noncommercial,15
feature-extraction|ml|noncommercial,15
feature-extraction|mn|noncommercial,15
feature-extraction|mr|noncommercial,15
feature-extraction|ms|noncommercial,16
feature-extraction|mt|noncommercial,6
feature-extraction|my|noncommercial,15
feature-extraction|ne|noncommercial,16
feature-extraction|nl|noncommercial,16
feature-extraction|no|noncommercial,15
feature-extraction|ny|noncommercial,2
feature-extraction|oc|noncommercial,6
feature-extraction|om|noncommercial,11
feature-extraction|or|noncommercial,15
feature-extraction|os|noncommercial,2
feature-extraction|pa|noncommercial,15
feature-extraction|pl|noncommercial,17
feature-extraction|ps|noncommercial,15
feature-extraction|pt|noncommercial,21
feature-extraction|qu|noncommercial,2
feature-extraction|rn|noncommercial,2
feature-extraction|ro|noncommercial,16
feature-extraction|ru|noncommercial,24
feature-extraction|rw|noncommercial,6
feature-extraction|sd|noncommercial,15
feature-extraction|sg|noncommercial,2
feature-extraction|sk|noncommercial,15
feature-extraction|sl|noncommercial,15
feature-extraction|sm|noncommercial,2
feature-extraction|sn|noncommercial,6
feature-extraction|so|noncommercial,15
feature-extraction|sq|noncommercial,15
feature-extraction|su|noncommercial,15
feature-extraction|sv|noncommercial,17
feature-extraction|sw|noncommercial,15
feature-extraction|ta|noncommercial,15
feature-extraction|te|noncommercial,15
feature-extraction|tg|noncommercial,6
feature-extraction|th|noncommercial,15
feature-extraction|ti|noncommercial,2
feature-extraction|tl|noncommercial,15
feature-extraction|tr|noncommercial,16
feature-extraction|ts|noncommercial,2
feature-extraction|tt|noncommercial,6
feature-extraction|uk|noncommercial,16
feature-extraction|vi|noncommercial,17
feature-extraction|wo|noncommercial,2
feature-extraction|xh|noncommercial,15
feature-extraction|yo|noncommercial,6
feature-extraction|za|noncommercial,2
feature-extraction|zu|noncommercial,2
text-to-speech|lt|permissive,8
text-generation|tr|other,53
text-to-speech|sl|permissive,7
tabular-classification|en|responsible_ai,1
unk|it|vendor_custom,54
text-generation|unk|no_derivatives,12
text-classification|bh|unknown,2
text-classification|gu|unknown,9
text-classification|ml|unknown,12
text-classification|mr|unknown,10
text-classification|si|unknown,7
text-to-speech|sk|permissive,11
text-generation|ko|vendor_custom,169
image-classification|cv|copyleft,1
image-classification|sr|copyleft,1
text-to-image|ko|unknown,1
text-generation|fr|vendor_custom,635
text-to-speech|en|other,147
text-to-audio|ht|permissive,1
audio-to-audio|cs|responsible_ai,28
audio-to-audio|sk|responsible_ai,19
summarization|bn|noncommercial,2
text-to-video|zu|responsible_ai,1
tabular-classification|en|unknown,28
translation|aa|unknown,1
automatic-speech-recognition|fr|responsible_ai,1
automatic-speech-recognition|ht|responsible_ai,1
text-generation|ja|vendor_custom,234
question-answering|zh|responsible_ai,2
visual-question-answering|unk|responsible_ai,1
unk|ko|vendor_custom,60
text-generation|kk|responsible_ai,1
text-generation|wo|unknown,4
unk|es|vendor_custom,76
unk|fr|vendor_custom,60
audio-to-audio|es|permissive,15
audio-to-audio|fr|permissive,30
audio-to-audio|it|permissive,7
translation|zh|responsible_ai,2
text-generation|id|vendor_custom,66
text-classification|ro|unknown,8
zero-shot-classification|my|permissive,4
graph-ml|en|unknown,11
text-to-audio|am|permissive,2
table-question-answering|ab|responsible_ai,2
audio-to-audio|fr|unknown,4
tabular-regression|unk|responsible_ai,1
text-to-audio|hr|permissive,1
text-to-video|pl|responsible_ai,1
text-generation|ta|copyleft,11
automatic-speech-recognition|bs|unknown,7
zero-shot-classification|aa|responsible_ai,1
text-generation|es|other,400
translation|ta|responsible_ai,2
question-answering|ak|responsible_ai,9
zero-shot-classification|af|permissive,4
zero-shot-classification|am|permissive,6
zero-shot-classification|as|permissive,2
zero-shot-classification|az|permissive,3
zero-shot-classification|be|permissive,4
zero-shot-classification|br|permissive,1
zero-shot-classification|bs|permissive,2
zero-shot-classification|cs|permissive,5
zero-shot-classification|cy|permissive,3
zero-shot-classification|eo|permissive,3
zero-shot-classification|et|permissive,3
zero-shot-classification|eu|permissive,3
zero-shot-classification|fi|permissive,3
zero-shot-classification|fy|permissive,4
zero-shot-classification|ga|permissive,3
zero-shot-classification|gd|permissive,3
zero-shot-classification|gl|permissive,3
zero-shot-classification|gu|permissive,3
zero-shot-classification|ha|permissive,3
zero-shot-classification|hr|permissive,2
zero-shot-classification|hu|permissive,4
zero-shot-classification|hy|permissive,3
zero-shot-classification|is|permissive,3
zero-shot-classification|jv|permissive,2
zero-shot-classification|ka|permissive,3
zero-shot-classification|kk|permissive,3
zero-shot-classification|km|permissive,3
zero-shot-classification|kn|permissive,3
zero-shot-classification|ku|permissive,3
zero-shot-classification|ky|permissive,3
zero-shot-classification|la|permissive,3
zero-shot-classification|lo|permissive,3
zero-shot-classification|lt|permissive,3
zero-shot-classification|lv|permissive,3
zero-shot-classification|mg|permissive,3
zero-shot-classification|mk|permissive,3
zero-shot-classification|ml|permissive,3
zero-shot-classification|mn|permissive,4
zero-shot-classification|ms|permissive,3
zero-shot-classification|ne|permissive,3
zero-shot-classification|om|permissive,1
zero-shot-classification|or|permissive,1
zero-shot-classification|pa|permissive,3
zero-shot-classification|ro|permissive,3
zero-shot-classification|sa|permissive,1
zero-shot-classification|sd|permissive,3
zero-shot-classification|si|permissive,3
zero-shot-classification|sk|permissive,3
zero-shot-classification|sl|permissive,3
zero-shot-classification|so|permissive,3
zero-shot-classification|sq|permissive,3
zero-shot-classification|sr|permissive,3
zero-shot-classification|su|permissive,3
zero-shot-classification|te|permissive,3
zero-shot-classification|tl|permissive,2
zero-shot-classification|ug|permissive,1
zero-shot-classification|uz|permissive,3
zero-shot-classification|xh|permissive,3
zero-shot-classification|yi|permissive,3
text-classification|unk|no_derivatives,3
audio-to-audio|ru|unknown,10
audio-to-audio|hi|permissive,4
audio-to-audio|mr|permissive,1
multiple-choice|id|permissive,1
image-to-text|ja|other,11
text-generation|cs|responsible_ai,2
text-to-speech|ca|permissive,9
token-classification|gv|permissive,1
automatic-speech-recognition|es|responsible_ai,2
automatic-speech-recognition|it|responsible_ai,1
text-generation|no|vendor_custom,33
audio-to-audio|ko|permissive,11
text-generation|it|vendor_custom,611
text-generation|aa|vendor_custom,2
text-to-image|fr|responsible_ai,9
automatic-speech-recognition|bs|noncommercial,14
automatic-speech-recognition|nb|noncommercial,10
automatic-speech-recognition|sr|noncommercial,14
automatic-speech-recognition|ur|noncommercial,15
automatic-speech-recognition|uz|noncommercial,13
question-answering|fr|copyleft,2
tabular-regression|en|permissive,167
unk|qu|permissive,23
text-generation|af|other,4
text-generation|bg|other,17
text-generation|bn|other,30
text-generation|ca|other,13
text-generation|cs|other,31
text-generation|cy|other,6
text-generation|ee|other,1
text-generation|el|other,19
text-generation|eo|other,1
text-generation|et|other,13
text-generation|fi|other,48
text-generation|ga|other,9
text-generation|gd|other,2
text-generation|ha|other,4
text-generation|he|other,54
text-generation|hi|other,126
text-generation|hr|other,13
text-generation|ht|other,4
text-generation|hu|other,15
text-generation|id|other,59
text-generation|ig|other,3
text-generation|ka|other,9
text-generation|kg|other,1
text-generation|la|other,1
text-generation|lv|other,14
text-generation|mg|other,1
text-generation|mk|other,9
text-generation|ml|other,20
text-generation|ms|other,33
text-generation|mt|other,8
text-generation|ne|other,15
text-generation|nl|other,54
text-generation|qu|other,1
text-generation|rm|other,7
text-generation|rn|other,3
text-generation|ro|other,24
text-generation|sk|other,14
text-generation|sl|other,17
text-generation|sw|other,12
text-generation|uk|other,18
text-generation|ur|other,25
text-generation|uz|other,4
text-generation|vi|other,88
text-generation|yo|other,4
text-to-speech|zh|other,93
text-generation|ms|unknown,57
text-generation|pl|vendor_custom,42
automatic-speech-recognition|kk|unknown,16
fill-mask|kg|unknown,1
translation|rw|other,1
text-classification|as|unknown,3
text-classification|pa|unknown,6
text-to-video|en|unknown,21
text-to-video|ur|unknown,1
question-answering|bn|other,4
question-answering|en|other,21
question-answering|hi|other,6
question-answering|te|other,2
question-answering|aa|other,1
question-answering|ae|other,1
question-answering|am|other,1
question-answering|as|other,1
question-answering|ba|other,1
audio-to-audio|pl|unknown,1
automatic-speech-recognition|sw|unknown,16
image-text-to-text|unk|other,519
text-generation|ar|vendor_custom,61
text-generation|bg|vendor_custom,16
text-generation|bn|vendor_custom,29
text-generation|ca|vendor_custom,9
text-generation|cs|vendor_custom,18
text-generation|da|vendor_custom,28
text-generation|el|vendor_custom,12
text-generation|eo|vendor_custom,3
text-generation|eu|vendor_custom,21
text-generation|fa|vendor_custom,17
text-generation|fi|vendor_custom,35
text-generation|gl|vendor_custom,6
text-generation|he|vendor_custom,12
text-generation|hu|vendor_custom,31
text-generation|nb|vendor_custom,20
text-generation|nl|vendor_custom,24
text-generation|pt|vendor_custom,596
text-generation|ro|vendor_custom,18
text-generation|sk|vendor_custom,10
text-generation|sv|vendor_custom,22
text-generation|th|vendor_custom,603
text-generation|tr|vendor_custom,54
text-generation|uk|vendor_custom,17
text-generation|vi|vendor_custom,58
image-classification|pl|permissive,6
unk|ak|permissive,51
unk|an|permissive,36
unk|av|permissive,30
unk|ay|permissive,24
unk|bi|permissive,14
unk|cu|permissive,15
unk|ee|permissive,20
unk|fj|permissive,11
unk|ho|permissive,11
unk|hz|permissive,9
unk|ie|permissive,10
unk|ii|permissive,10
unk|ik|permissive,11
unk|io|permissive,19
unk|iu|permissive,10
unk|kg|permissive,15
unk|ki|permissive,20
unk|kj|permissive,13
unk|kl|permissive,10
unk|ks|permissive,27
unk|kv|permissive,10
unk|kw|permissive,10
unk|lu|permissive,13
unk|mh|permissive,11
unk|na|permissive,10
unk|nd|permissive,15
unk|ng|permissive,9
unk|nr|permissive,15
unk|nv|permissive,10
unk|oj|permissive,8
unk|om|permissive,47
unk|os|permissive,10
unk|pi|permissive,9
unk|rn|permissive,14
unk|sc|permissive,9
unk|se|permissive,15
unk|ti|permissive,30
unk|to|permissive,10
unk|ts|permissive,10
unk|ty|permissive,6
unk|ug|permissive,51
unk|ve|permissive,12
unk|vo|permissive,15
unk|wa|permissive,9
unk|za|permissive,8
unk|ja|vendor_custom,89
text-classification|av|responsible_ai,1
image-classification|uk|permissive,3
unconditional-image-generation|en|responsible_ai,1
summarization|ms|unknown,1
unk|nb|other,3
text-to-speech|nb|permissive,4
text-to-speech|no|permissive,21
text-to-audio|it|unknown,1
image-text-to-text|de|copyleft,1
image-text-to-text|la|copyleft,1
feature-extraction|he|unknown,4
text-to-audio|ha|permissive,1
token-classification|th|copyleft,2
text-generation|si|vendor_custom,11
image-to-text|en|noncommercial,9
image-to-text|ja|noncommercial,14
image-to-text|ja|vendor_custom,3
text-to-video|el|other,1
fill-mask|bm|permissive,5
fill-mask|kr|permissive,4
fill-mask|sg|permissive,4
object-detection|unk|other,138
text-to-audio|vi|unknown,1
text-classification|ja|other,14
text-to-speech|yo|noncommercial,12
translation|ks|permissive,76
unk|aa|vendor_custom,5
token-classification|ab|permissive,5
text-to-image|es|other,3
text-to-speech|id|copyleft,3
text-generation|sr|unknown,3
image-to-text|fa|unknown,8
text-generation|tl|responsible_ai,1
text-to-image|lo|other,1
text-to-image|ar|other,3
unk|de|other,149
unk|ro|other,9
feature-extraction|ch|permissive,1
object-detection|fr|copyleft,5
question-answering|en|vendor_custom,38
text-classification|es|noncommercial,20
audio-to-audio|vi|unknown,1
automatic-speech-recognition|af|unknown,7
automatic-speech-recognition|am|unknown,8
automatic-speech-recognition|as|unknown,8
automatic-speech-recognition|az|unknown,10
automatic-speech-recognition|ba|unknown,7
automatic-speech-recognition|be|unknown,6
automatic-speech-recognition|bg|unknown,6
automatic-speech-recognition|bo|unknown,8
automatic-speech-recognition|br|unknown,11
automatic-speech-recognition|cs|unknown,16
automatic-speech-recognition|cy|unknown,6
automatic-speech-recognition|eu|unknown,7
automatic-speech-recognition|fo|unknown,6
automatic-speech-recognition|gl|unknown,6
automatic-speech-recognition|gu|unknown,12
automatic-speech-recognition|ha|unknown,9
automatic-speech-recognition|ht|unknown,6
automatic-speech-recognition|hy|unknown,8
automatic-speech-recognition|is|unknown,12
automatic-speech-recognition|km|unknown,9
automatic-speech-recognition|kn|unknown,10
automatic-speech-recognition|la|unknown,7
automatic-speech-recognition|lb|unknown,7
automatic-speech-recognition|ln|unknown,8
automatic-speech-recognition|lo|unknown,6
automatic-speech-recognition|lt|unknown,6
automatic-speech-recognition|lv|unknown,6
automatic-speech-recognition|mg|unknown,6
automatic-speech-recognition|mi|unknown,6
automatic-speech-recognition|mk|unknown,16
automatic-speech-recognition|mn|unknown,10
automatic-speech-recognition|mr|unknown,12
automatic-speech-recognition|ms|unknown,21
automatic-speech-recognition|mt|unknown,6
automatic-speech-recognition|my|unknown,7
automatic-speech-recognition|nn|unknown,6
automatic-speech-recognition|no|unknown,10
automatic-speech-recognition|oc|unknown,6
automatic-speech-recognition|pa|unknown,8
automatic-speech-recognition|ro|unknown,20
automatic-speech-recognition|sa|unknown,8
automatic-speech-recognition|sd|unknown,7
automatic-speech-recognition|si|unknown,8
automatic-speech-recognition|sk|unknown,6
automatic-speech-recognition|sl|unknown,6
automatic-speech-recognition|sn|unknown,8
automatic-speech-recognition|so|unknown,6
automatic-speech-recognition|sq|unknown,6
automatic-speech-recognition|su|unknown,6
automatic-speech-recognition|ta|unknown,22
automatic-speech-recognition|tg|unknown,8
automatic-speech-recognition|tk|unknown,6
automatic-speech-recognition|tl|unknown,6
automatic-speech-recognition|tt|unknown,7
automatic-speech-recognition|uk|unknown,10
automatic-speech-recognition|uz|unknown,16
automatic-speech-recognition|yi|unknown,7
automatic-speech-recognition|yo|unknown,8
table-question-answering|en|responsible_ai,2
text-to-speech|ar|noncommercial,54
text-generation|sk|unknown,4
translation|aa|permissive,55
translation|ak|permissive,45
translation|av|permissive,43
translation|ay|permissive,33
translation|bm|permissive,50
translation|dv|permissive,67
translation|dz|permissive,41
translation|iu|permissive,38
translation|kv|permissive,51
translation|nr|permissive,44
translation|oj|permissive,38
translation|tg|permissive,59
translation|za|permissive,40
image-classification|vi|responsible_ai,1
text-generation|as|permissive,82
text-to-video|ja|unknown,3
audio-classification|bn|unknown,3
translation|unk|responsible_ai,2
text-to-speech|en|copyleft,27
feature-extraction|vi|unknown,7
unconditional-image-generation|en|unknown,9
unconditional-image-generation|fr|unknown,1
unconditional-image-generation|ht|unknown,1
video-text-to-text|unk|vendor_custom,6
image-to-image|aa|permissive,5
text-to-audio|no|permissive,1
unconditional-image-generation|aa|permissive,1
text-generation|sa|unknown,7
multiple-choice|zh|unknown,1
fill-mask|mt|unknown,2
summarization|ae|permissive,2
audio-to-audio|hi|responsible_ai,2
audio-to-audio|da|permissive,1
text-to-video|ae|responsible_ai,2
text-to-audio|en|unknown,14
question-answering|ko|other,1
text-to-audio|th|permissive,2
automatic-speech-recognition|ab|responsible_ai,1
automatic-speech-recognition|ae|responsible_ai,1
automatic-speech-recognition|an|responsible_ai,1
automatic-speech-recognition|ar|responsible_ai,2
automatic-speech-recognition|av|responsible_ai,2
automatic-speech-recognition|ay|responsible_ai,1
automatic-speech-recognition|bg|responsible_ai,1
automatic-speech-recognition|bh|responsible_ai,1
summarization|ja|copyleft,1
text-generation|aa|permissive,29
text-generation|cs|unknown,16
text-generation|is|unknown,6
text-generation|ko|copyleft,41
image-text-to-text|en|responsible_ai,9
fill-mask|ch|noncommercial,1
image-to-text|unk|other,23
image-to-text|sv|permissive,15
text-generation|fa|noncommercial,69
question-answering|unk|vendor_custom,13
text-generation|or|noncommercial,1
text-generation|ko|other,431
text-to-image|de|permissive,6
text-to-image|ru|permissive,18
image-to-image|aa|responsible_ai,1
question-answering|zh|vendor_custom,9
object-detection|unk|noncommercial,72
token-classification|ch|permissive,1
other|en|unknown,8
other|zh|unknown,3
text-to-image|unk|vendor_custom,18
image-text-to-text|th|permissive,58
text-classification|de|noncommercial,19
video-classification|en|unknown,13
image-text-to-text|unk|noncommercial,94
text-classification|ae|permissive,11
text-classification|ab|permissive,22
text-classification|he|other,4
text-generation|gl|other,10
text-generation|lg|unknown,2
text-classification|tl|unknown,14
text-generation|hi|noncommercial,80
text-classification|ab|other,2
text-classification|af|other,3
text-classification|ak|other,2
text-classification|am|other,3
text-classification|an|other,2
text-classification|ar|other,16
text-classification|as|other,3
text-classification|av|other,2
text-classification|ay|other,2
text-classification|az|other,3
text-classification|ba|other,2
text-classification|be|other,4
text-classification|bg|other,6
text-classification|bi|other,2
text-classification|bm|other,2
text-classification|bn|other,6
text-classification|bo|other,3
text-classification|br|other,2
text-classification|bs|other,3
text-classification|ca|other,3
text-classification|ce|other,2
text-classification|ch|other,2
text-classification|co|other,2
text-classification|cs|other,6
text-classification|cu|other,2
text-classification|cv|other,2
text-classification|cy|other,3
text-classification|da|other,7
text-classification|dv|other,3
text-classification|dz|other,2
text-classification|ee|other,2
text-classification|el|other,6
text-classification|eo|other,3
text-classification|et|other,5
text-classification|eu|other,3
text-classification|fa|other,5
text-classification|fi|other,5
text-classification|fj|other,2
text-classification|fo|other,2
text-classification|fy|other,2
text-classification|ga|other,5
text-classification|gd|other,2
text-classification|gl|other,3
text-classification|gn|other,2
text-classification|gu|other,3
text-classification|gv|other,2
text-classification|ha|other,2
text-classification|hi|other,16
text-classification|ho|other,2
text-classification|hr|other,8
text-classification|ht|other,2
text-classification|hu|other,6
text-classification|hy|other,3
text-classification|hz|other,2
text-classification|ia|other,2
text-classification|id|other,6
text-classification|ie|other,2
text-classification|ig|other,2
text-classification|ii|other,2
text-classification|io|other,2
text-classification|is|other,3
text-classification|jv|other,2
text-classification|ka|other,3
text-classification|kg|other,2
text-classification|ki|other,2
text-classification|kj|other,2
text-classification|kk|other,3
text-classification|kl|other,2
text-classification|km|other,3
text-classification|kn|other,3
text-classification|ks|other,2
text-classification|kv|other,2
text-classification|kw|other,2
text-classification|ky|other,6
text-classification|la|other,3
text-classification|lb|other,2
text-classification|lg|other,2
text-classification|li|other,2
text-classification|ln|other,2
text-classification|lo|other,3
text-classification|lt|other,5
text-classification|lu|other,2
text-classification|lv|other,5
text-classification|mg|other,2
text-classification|mh|other,2
text-classification|mi|other,2
text-classification|mk|other,3
text-classification|ml|other,3
text-classification|mn|other,4
text-classification|mr|other,4
text-classification|ms|other,6
text-classification|mt|other,3
text-classification|my|other,3
text-classification|nb|other,2
text-classification|nd|other,2
text-classification|ne|other,3
text-classification|ng|other,2
text-classification|nl|other,10
text-classification|nn|other,2
text-classification|no|other,5
text-classification|nr|other,2
text-classification|nv|other,2
text-classification|ny|other,2
text-classification|oc|other,2
text-classification|oj|other,2
text-classification|om|other,2
text-classification|or|other,3
text-classification|os|other,2
text-classification|pa|other,3
text-classification|pl|other,9
text-classification|ps|other,2
text-classification|pt|other,23
text-classification|qu|other,2
text-classification|rm|other,2
text-classification|rn|other,2
text-classification|ro|other,5
text-classification|ru|other,17
text-classification|rw|other,2
text-classification|sa|other,2
text-classification|sc|other,2
text-classification|sd|other,2
text-classification|se|other,2
text-classification|sg|other,2
text-classification|si|other,3
text-classification|sk|other,5
text-classification|sl|other,6
text-classification|sm|other,2
text-classification|sn|other,2
text-classification|so|other,2
text-classification|sq|other,3
text-classification|sr|other,4
text-classification|ss|other,2
text-classification|st|other,3
text-classification|su|other,2
text-classification|sv|other,6
text-classification|sw|other,5
text-classification|ta|other,6
text-classification|te|other,3
text-classification|tg|other,2
text-classification|th|other,13
text-classification|ti|other,2
text-classification|tk|other,2
text-classification|tl|other,3
text-classification|tn|other,2
text-classification|to|other,2
text-classification|ts|other,2
text-classification|tt|other,2
text-classification|tw|other,2
text-classification|ty|other,2
text-classification|ug|other,3
text-classification|ur|other,6
text-classification|uz|other,2
text-classification|ve|other,2
text-classification|vi|other,10
text-classification|vo|other,2
text-classification|wa|other,2
text-classification|wo|other,2
text-classification|xh|other,3
text-classification|yi|other,2
text-classification|yo|other,3
text-classification|zu|other,2
text-to-speech|id|permissive,30
text-to-speech|io|permissive,2
question-answering|hr|noncommercial,1
feature-extraction|ko|responsible_ai,1
fill-mask|bn|other,2
fill-mask|hi|other,6
fill-mask|te|other,3
text-generation|is|vendor_custom,11
text-classification|ts|permissive,2
fill-mask|ae|permissive,3
feature-extraction|ak|responsible_ai,5
feature-extraction|ar|responsible_ai,6
feature-extraction|as|responsible_ai,5
feature-extraction|bm|responsible_ai,5
feature-extraction|bn|responsible_ai,5
feature-extraction|ca|responsible_ai,5
feature-extraction|eu|responsible_ai,5
feature-extraction|fr|responsible_ai,9
feature-extraction|gu|responsible_ai,5
feature-extraction|hi|responsible_ai,5
feature-extraction|id|responsible_ai,5
feature-extraction|ig|responsible_ai,5
feature-extraction|ki|responsible_ai,5
feature-extraction|kn|responsible_ai,5
feature-extraction|lg|responsible_ai,5
feature-extraction|ln|responsible_ai,5
feature-extraction|ml|responsible_ai,5
feature-extraction|mr|responsible_ai,5
feature-extraction|ne|responsible_ai,5
feature-extraction|ny|responsible_ai,5
feature-extraction|or|responsible_ai,5
feature-extraction|pa|responsible_ai,5
feature-extraction|pt|responsible_ai,6
feature-extraction|rn|responsible_ai,5
feature-extraction|rw|responsible_ai,5
feature-extraction|sn|responsible_ai,5
feature-extraction|st|responsible_ai,5
feature-extraction|sw|responsible_ai,5
feature-extraction|ta|responsible_ai,5
feature-extraction|te|responsible_ai,5
feature-extraction|tn|responsible_ai,5
feature-extraction|ts|responsible_ai,5
feature-extraction|tw|responsible_ai,5
feature-extraction|vi|responsible_ai,5
feature-extraction|wo|responsible_ai,5
feature-extraction|xh|responsible_ai,5
feature-extraction|yo|responsible_ai,5
feature-extraction|zu|responsible_ai,5
token-classification|ar|other,10
text-classification|ku|other,2
sentence-similarity|af|noncommercial,4
sentence-similarity|ak|noncommercial,4
sentence-similarity|am|noncommercial,4
sentence-similarity|ar|noncommercial,15
sentence-similarity|as|noncommercial,4
sentence-similarity|ay|noncommercial,4
sentence-similarity|ba|noncommercial,4
sentence-similarity|be|noncommercial,4
sentence-similarity|bg|noncommercial,4
sentence-similarity|bm|noncommercial,4
sentence-similarity|bn|noncommercial,7
sentence-similarity|bo|noncommercial,4
sentence-similarity|bs|noncommercial,4
sentence-similarity|ca|noncommercial,4
sentence-similarity|cs|noncommercial,6
sentence-similarity|cy|noncommercial,4
sentence-similarity|da|noncommercial,4
sentence-similarity|de|noncommercial,16
sentence-similarity|dz|noncommercial,4
sentence-similarity|ee|noncommercial,4
sentence-similarity|el|noncommercial,4
sentence-similarity|eo|noncommercial,4
sentence-similarity|es|noncommercial,15
sentence-similarity|et|noncommercial,4
sentence-similarity|eu|noncommercial,4
sentence-similarity|fa|noncommercial,8
sentence-similarity|ff|noncommercial,4
sentence-similarity|fi|noncommercial,7
sentence-similarity|fj|noncommercial,4
sentence-similarity|fo|noncommercial,4
sentence-similarity|fr|noncommercial,16
sentence-similarity|ga|noncommercial,4
sentence-similarity|gd|noncommercial,4
sentence-similarity|gl|noncommercial,4
sentence-similarity|gn|noncommercial,4
sentence-similarity|gu|noncommercial,4
sentence-similarity|ha|noncommercial,4
sentence-similarity|he|noncommercial,4
sentence-similarity|hi|noncommercial,14
sentence-similarity|hr|noncommercial,4
sentence-similarity|ht|noncommercial,4
sentence-similarity|hu|noncommercial,4
sentence-similarity|hy|noncommercial,4
sentence-similarity|id|noncommercial,14
sentence-similarity|ig|noncommercial,4
sentence-similarity|is|noncommercial,4
sentence-similarity|it|noncommercial,15
sentence-similarity|ja|noncommercial,17
sentence-similarity|jv|noncommercial,4
sentence-similarity|ka|noncommercial,4
sentence-similarity|kg|noncommercial,4
sentence-similarity|ki|noncommercial,4
sentence-similarity|kk|noncommercial,4
sentence-similarity|km|noncommercial,4
sentence-similarity|kn|noncommercial,4
sentence-similarity|ko|noncommercial,16
sentence-similarity|kr|noncommercial,4
sentence-similarity|ks|noncommercial,4
sentence-similarity|ky|noncommercial,4
sentence-similarity|lb|noncommercial,5
sentence-similarity|lg|noncommercial,4
sentence-similarity|li|noncommercial,4
sentence-similarity|ln|noncommercial,4
sentence-similarity|lo|noncommercial,4
sentence-similarity|lt|noncommercial,4
sentence-similarity|lv|noncommercial,4
sentence-similarity|mi|noncommercial,4
sentence-similarity|mk|noncommercial,4
sentence-similarity|ml|noncommercial,4
sentence-similarity|mn|noncommercial,4
sentence-similarity|mr|noncommercial,4
sentence-similarity|ms|noncommercial,4
sentence-similarity|mt|noncommercial,4
sentence-similarity|my|noncommercial,4
sentence-similarity|nb|noncommercial,4
sentence-similarity|ne|noncommercial,5
sentence-similarity|nl|noncommercial,7
sentence-similarity|nn|noncommercial,4
sentence-similarity|ny|noncommercial,4
sentence-similarity|oc|noncommercial,4
sentence-similarity|pa|noncommercial,4
sentence-similarity|pl|noncommercial,10
sentence-similarity|pt|noncommercial,14
sentence-similarity|qu|noncommercial,4
sentence-similarity|rn|noncommercial,4
sentence-similarity|ro|noncommercial,4
sentence-similarity|ru|noncommercial,18
sentence-similarity|rw|noncommercial,4
sentence-similarity|sa|noncommercial,4
sentence-similarity|sc|noncommercial,4
sentence-similarity|sd|noncommercial,4
sentence-similarity|sg|noncommercial,4
sentence-similarity|si|noncommercial,4
sentence-similarity|sk|noncommercial,4
sentence-similarity|sl|noncommercial,4
sentence-similarity|sm|noncommercial,4
sentence-similarity|sn|noncommercial,4
sentence-similarity|so|noncommercial,4
sentence-similarity|sr|noncommercial,4
sentence-similarity|ss|noncommercial,4
sentence-similarity|st|noncommercial,4
sentence-similarity|su|noncommercial,4
sentence-similarity|sv|noncommercial,4
sentence-similarity|sw|noncommercial,7
sentence-similarity|ta|noncommercial,4
sentence-similarity|te|noncommercial,8
sentence-similarity|tg|noncommercial,4
sentence-similarity|th|noncommercial,13
sentence-similarity|ti|noncommercial,4
sentence-similarity|tk|noncommercial,4
sentence-similarity|tl|noncommercial,4
sentence-similarity|tn|noncommercial,4
sentence-similarity|tr|noncommercial,8
sentence-similarity|ts|noncommercial,4
sentence-similarity|tt|noncommercial,4
sentence-similarity|tw|noncommercial,4
sentence-similarity|ug|noncommercial,4
sentence-similarity|uk|noncommercial,4
sentence-similarity|ur|noncommercial,4
sentence-similarity|uz|noncommercial,4
sentence-similarity|vi|noncommercial,11
sentence-similarity|wo|noncommercial,5
sentence-similarity|xh|noncommercial,4
sentence-similarity|yi|noncommercial,4
sentence-similarity|yo|noncommercial,7
sentence-similarity|zh|noncommercial,17
sentence-similarity|zu|noncommercial,4
unk|id|other,46
unk|km|other,19
unk|lo|other,18
unk|ms|other,28
unk|my|other,34
unk|th|other,39
unk|tl|other,28
unk|vi|other,38
text-to-3d|unk|copyleft,1
text-generation|nn|vendor_custom,17
voice-activity-detection|ru|permissive,7
text-to-video|fa|permissive,1
automatic-speech-recognition|ff|permissive,6
feature-extraction|de|responsible_ai,1
text-to-image|ab|permissive,6
image-classification|de|noncommercial,1
image-classification|zh|noncommercial,3
translation|en|vendor_custom,49
translation|ja|vendor_custom,33
text-to-speech|sl|unknown,3
unk|sa|noncommercial,9
audio-to-audio|aa|permissive,4
token-classification|bg|noncommercial,5
document-question-answering|id|permissive,1
question-answering|aa|permissive,11
text-generation|et|unknown,4
translation|kn|unknown,9
translation|af|responsible_ai,1
translation|ar|responsible_ai,4
image-to-text|fa|permissive,17
text-generation|yi|other,60
feature-extraction|dv|permissive,4
image-to-image|ja|responsible_ai,1
image-text-to-text|id|permissive,69
text-generation|km|noncommercial,6
text-generation|lo|noncommercial,3
text-generation|ms|noncommercial,7
text-generation|my|noncommercial,3
text-generation|ta|noncommercial,9
text-generation|th|noncommercial,12
text-generation|tl|noncommercial,2
text-generation|vi|noncommercial,70
tabular-classification|ko|unknown,1
feature-extraction|zh|other,30
text-generation|ta|vendor_custom,27
fill-mask|bs|copyleft,4
fill-mask|hr|copyleft,4
text-generation|ak|permissive,24
text-generation|av|permissive,11
text-generation|ay|permissive,10
text-generation|bi|permissive,13
text-generation|bm|permissive,30
text-generation|br|permissive,29
text-generation|bs|permissive,68
text-generation|ce|permissive,14
text-generation|ch|permissive,16
text-generation|dv|permissive,16
text-generation|dz|permissive,10
text-generation|ee|permissive,18
text-generation|ff|permissive,36
text-generation|fj|permissive,9
text-generation|fo|permissive,22
text-generation|gn|permissive,28
text-generation|gv|permissive,9
text-generation|ho|permissive,8
text-generation|iu|permissive,9
text-generation|kg|permissive,15
text-generation|kj|permissive,8
text-generation|kl|permissive,8
text-generation|ks|permissive,41
text-generation|kv|permissive,8
text-generation|kw|permissive,9
text-generation|lg|permissive,43
text-generation|ln|permissive,38
text-generation|lu|permissive,7
text-generation|mh|permissive,7
text-generation|nv|permissive,7
text-generation|oc|permissive,30
text-generation|oj|permissive,6
text-generation|om|permissive,46
text-generation|or|permissive,91
text-generation|rm|permissive,28
text-generation|rn|permissive,12
text-generation|rw|permissive,27
text-generation|sa|permissive,99
text-generation|se|permissive,9
text-generation|sg|permissive,9
text-generation|ti|permissive,21
text-generation|tn|permissive,35
text-generation|to|permissive,6
text-generation|ts|permissive,11
text-generation|ve|permissive,8
text-generation|wa|permissive,6
text-generation|wo|permissive,48
text-generation|za|permissive,7
image-text-to-text|fr|permissive,140
image-text-to-text|la|permissive,18
image-text-to-text|nl|permissive,69
unconditional-image-generation|es|permissive,1
image-to-video|unk|unknown,88
question-answering|mn|unknown,1
object-detection|ja|copyleft,7
tabular-regression|pt|unknown,1
text-generation|az|other,8
text-generation|fa|other,17
text-generation|hy|other,15
text-generation|kk|other,12
text-generation|kn|other,21
text-generation|lt|other,13
text-generation|mr|other,22
text-generation|sq|other,9
text-generation|sr|other,10
text-generation|ta|other,30
text-generation|te|other,24
text-generation|yi|unknown,5
feature-extraction|en|vendor_custom,16
audio-to-audio|ar|permissive,5
text-to-speech|as|unknown,7
text-to-speech|bn|unknown,12
text-to-speech|gu|unknown,10
text-to-speech|mr|unknown,12
text-to-speech|pa|unknown,10
text-to-speech|ta|unknown,10
text-to-speech|te|unknown,12
token-classification|tl|copyleft,2
text-generation|nb|copyleft,4
text-generation|no|copyleft,5
text-to-image|zh|permissive,122
image-to-video|unk|other,159
text-generation|no|noncommercial,19
image-to-video|unk|vendor_custom,2
unk|zh|vendor_custom,58
tabular-regression|en|copyleft,1
translation|ff|noncommercial,3
translation|kr|noncommercial,1
translation|qu|noncommercial,2
automatic-speech-recognition|ug|unknown,6
image-to-3d|unk|responsible_ai,71
fill-mask|unk|vendor_custom,4
visual-question-answering|en|responsible_ai,1
voice-activity-detection|aa|permissive,1
sentence-similarity|da|other,4
sentence-similarity|de|other,10
sentence-similarity|es|other,10
sentence-similarity|fr|other,9
sentence-similarity|nl|other,9
sentence-similarity|sv|other,5
audio-to-audio|as|permissive,3
image-to-3d|en|other,94
zero-shot-classification|en|responsible_ai,3
zero-shot-classification|fr|responsible_ai,3
text-to-speech|ta|noncommercial,23
text-to-speech|gu|noncommercial,14
text-to-speech|mr|noncommercial,11
audio-to-audio|pl|responsible_ai,3
text-to-speech|de|other,63
text-to-speech|es|other,76
text-to-speech|it|other,49
text-to-speech|af|noncommercial,6
text-to-speech|am|noncommercial,9
text-to-speech|as|noncommercial,12
text-to-speech|az|noncommercial,6
text-to-speech|be|noncommercial,16
text-to-speech|bg|noncommercial,6
text-to-speech|bn|noncommercial,21
text-to-speech|bs|noncommercial,6
text-to-speech|ca|noncommercial,9
text-to-speech|cs|noncommercial,9
text-to-speech|cy|noncommercial,6
text-to-speech|da|noncommercial,9
text-to-speech|el|noncommercial,10
text-to-speech|et|noncommercial,7
text-to-speech|fa|noncommercial,22
text-to-speech|fi|noncommercial,11
text-to-speech|ga|noncommercial,5
text-to-speech|gl|noncommercial,7
text-to-speech|ha|noncommercial,11
text-to-speech|he|noncommercial,8
text-to-speech|hr|noncommercial,6
text-to-speech|hu|noncommercial,20
text-to-speech|hy|noncommercial,6
text-to-speech|id|noncommercial,8
text-to-speech|ig|noncommercial,8
text-to-speech|is|noncommercial,6
text-to-speech|jv|noncommercial,5
text-to-speech|ka|noncommercial,17
text-to-speech|kk|noncommercial,7
text-to-speech|km|noncommercial,8
text-to-speech|kn|noncommercial,11
text-to-speech|ky|noncommercial,7
text-to-speech|lb|noncommercial,8
text-to-speech|lg|noncommercial,5
text-to-speech|ln|noncommercial,5
text-to-speech|lo|noncommercial,5
text-to-speech|lt|noncommercial,16
text-to-speech|lv|noncommercial,16
text-to-speech|mi|noncommercial,6
text-to-speech|mk|noncommercial,5
text-to-speech|ml|noncommercial,11
text-to-speech|mn|noncommercial,9
text-to-speech|ms|noncommercial,6
text-to-speech|mt|noncommercial,5
text-to-speech|my|noncommercial,7
text-to-speech|nb|noncommercial,6
text-to-speech|ne|noncommercial,8
text-to-speech|nl|noncommercial,44
text-to-speech|ny|noncommercial,5
text-to-speech|oc|noncommercial,7
text-to-speech|om|noncommercial,7
text-to-speech|or|noncommercial,8
text-to-speech|pa|noncommercial,10
text-to-speech|ps|noncommercial,7
text-to-speech|ro|noncommercial,11
text-to-speech|sd|noncommercial,7
text-to-speech|sk|noncommercial,6
text-to-speech|sl|noncommercial,6
text-to-speech|sn|noncommercial,6
text-to-speech|so|noncommercial,5
text-to-speech|sr|noncommercial,6
text-to-speech|sv|noncommercial,10
text-to-speech|sw|noncommercial,20
text-to-speech|te|noncommercial,11
text-to-speech|tg|noncommercial,5
text-to-speech|th|noncommercial,10
text-to-speech|tl|noncommercial,5
text-to-speech|uk|noncommercial,19
text-to-speech|ur|noncommercial,10
text-to-speech|uz|noncommercial,5
text-to-speech|vi|noncommercial,28
text-to-speech|wo|noncommercial,7
text-to-speech|xh|noncommercial,5
text-to-speech|zu|noncommercial,5
object-detection|aa|permissive,1
object-detection|ab|permissive,2
object-detection|ae|permissive,1
object-detection|af|permissive,1
object-detection|ak|permissive,1
object-detection|am|permissive,1
object-detection|an|permissive,1
text-generation|et|vendor_custom,7
feature-extraction|bs|noncommercial,13
feature-extraction|gv|noncommercial,4
feature-extraction|hr|noncommercial,13
feature-extraction|id|noncommercial,14
feature-extraction|nn|noncommercial,4
feature-extraction|sa|noncommercial,13
feature-extraction|sc|noncommercial,4
feature-extraction|si|noncommercial,14
feature-extraction|sr|noncommercial,14
feature-extraction|st|noncommercial,4
feature-extraction|tk|noncommercial,4
feature-extraction|tn|noncommercial,4
feature-extraction|tw|noncommercial,4
feature-extraction|ug|noncommercial,13
feature-extraction|ur|noncommercial,13
feature-extraction|uz|noncommercial,13
feature-extraction|yi|noncommercial,13
text-generation|yi|copyleft,3
text-generation|cy|unknown,3
text-classification|ha|unknown,6
text-classification|ig|unknown,2
text-classification|yo|unknown,3
text-to-image|fr|other,7
text-to-image|ru|other,11
text-ranking|pl|copyleft,1
image-text-to-text|fr|copyleft,3
image-text-to-text|hi|copyleft,2
image-text-to-text|pa|copyleft,1
image-text-to-text|ru|copyleft,2
image-classification|ru|unknown,4
automatic-speech-recognition|ch|permissive,2
unk|yi|other,3
text-generation|ae|responsible_ai,2
text-generation|km|other,20
text-generation|lo|other,23
text-generation|my|other,23
text-generation|tl|other,29
image-text-to-text|en|vendor_custom,261
text-to-image|bn|noncommercial,3
text-to-3d|unk|unknown,8
text-to-speech|hy|permissive,7
image-to-3d|bg|unknown,1
image-to-3d|en|unknown,6
text-to-audio|cs|permissive,15
text-to-3d|unk|other,11
image-to-video|es|permissive,17
text-to-speech|ja|copyleft,20
image-to-text|vi|permissive,18
sentence-similarity|rm|unknown,2
image-to-text|aa|permissive,4
object-detection|ru|permissive,11
unk|th|responsible_ai,3
audio-classification|bn|permissive,17
audio-classification|lb|permissive,3
audio-classification|ur|permissive,10
text-generation|hi|vendor_custom,581
text-generation|my|responsible_ai,3
text-generation|bh|copyleft,3
text-generation|hi|copyleft,12
translation|lo|unknown,7
text-generation|lo|unknown,4
document-question-answering|cs|permissive,10
text-generation|fi|responsible_ai,1
unk|vi|vendor_custom,13
automatic-speech-recognition|cr|permissive,1
text-to-audio|sk|permissive,1
text-generation|yi|noncommercial,5
automatic-speech-recognition|ug|copyleft,4
sentence-similarity|vi|other,8
image-to-video|en|permissive,176
feature-extraction|lg|permissive,2
feature-extraction|ln|permissive,2
visual-question-answering|ko|permissive,7
text-generation|ar|noncommercial,165
text-to-audio|unk|no_derivatives,1
reinforcement-learning|ae|responsible_ai,1
text-to-audio|unk|other,46
summarization|es|other,1
text-ranking|unk|unknown,90
text-to-image|vi|permissive,1
audio-to-audio|pt|permissive,6
audio-to-audio|id|permissive,3
image-text-to-text|vi|copyleft,1
text-to-speech|zh|copyleft,17
image-to-video|ch|unknown,1
image-to-video|en|unknown,23
image-to-video|zh|unknown,2
graph-ml|en|noncommercial,5
other|en|noncommercial,23
text-to-speech|da|permissive,69
other|en|permissive,160
text-to-speech|hr|permissive,9
text-generation|aa|unknown,4
text-generation|af|unknown,2
text-generation|ak|unknown,1
text-generation|am|unknown,17
text-generation|bm|unknown,2
text-generation|ff|unknown,1
text-generation|ki|unknown,1
text-generation|ln|unknown,1
text-generation|mg|unknown,1
text-generation|nr|unknown,1
text-generation|om|unknown,1
text-generation|rn|unknown,1
text-generation|sn|unknown,1
text-generation|ti|unknown,2
text-generation|tn|unknown,2
text-generation|ve|unknown,1
text-generation|zu|unknown,1
image-to-image|unk|noncommercial,120
image-to-text|si|permissive,3
text-to-image|he|unknown,1
image-feature-extraction|en|noncommercial,62
image-text-to-text|unk|vendor_custom,427
reinforcement-learning|unk|responsible_ai,1
text-generation|eo|unknown,3
text-generation|eu|unknown,9
text-generation|kn|noncommercial,5
text-generation|kn|vendor_custom,12
image-to-3d|unk|noncommercial,47
text-generation|my|unknown,16
audio-classification|unk|copyleft,13
text-to-image|bn|unknown,1
text-generation|tw|permissive,43
image-to-text|ca|permissive,3
token-classification|cv|unknown,2
text-ranking|da|permissive,8
text-generation|jv|noncommercial,5
text-generation|su|noncommercial,1
image-to-text|unk|copyleft,8
text-classification|sq|unknown,3
unk|el|other,4
object-detection|es|unknown,5
image-text-to-text|ro|permissive,50
feature-extraction|da|vendor_custom,1
image-to-3d|unk|other,54
tabular-classification|id|permissive,4
visual-question-answering|vi|unknown,6
text-classification|he|noncommercial,4
text-to-3d|en|permissive,40
question-answering|my|vendor_custom,1
unk|en|no_derivatives,13
summarization|ab|permissive,3
text-to-image|pt|permissive,6
text-generation|te|vendor_custom,15
text-generation|ml|vendor_custom,11
text-to-video|en|permissive,189
audio-to-audio|ab|permissive,5
unk|ta|vendor_custom,22
sentence-similarity|zh|copyleft,5
unk|te|vendor_custom,9
text-to-audio|fr|permissive,25
unk|ml|vendor_custom,17
image-classification|es|noncommercial,4
visual-question-answering|unk|other,17
zero-shot-classification|co|permissive,2
zero-shot-classification|ht|permissive,2
zero-shot-classification|ig|permissive,2
zero-shot-classification|lb|permissive,2
zero-shot-classification|mi|permissive,2
zero-shot-classification|mt|permissive,2
zero-shot-classification|ny|permissive,2
zero-shot-classification|sm|permissive,2
zero-shot-classification|sn|permissive,2
zero-shot-classification|st|permissive,2
zero-shot-classification|tg|permissive,2
zero-shot-classification|yo|permissive,2
zero-shot-classification|zu|permissive,2
summarization|unk|other,3
feature-extraction|aa|permissive,6
feature-extraction|ab|permissive,3
text-classification|unk|vendor_custom,29
unk|ur|noncommercial,10
text-to-video|aa|permissive,12
unk|id|noncommercial,29
feature-extraction|be|unknown,3
feature-extraction|uk|unknown,4
voice-activity-detection|zh|permissive,12
text-generation|bh|permissive,9
unk|tr|other,36
robotics|an|responsible_ai,1
text-ranking|pl|permissive,11
audio-to-audio|vi|noncommercial,2
text-to-image|af|permissive,4
text-to-speech|gl|unknown,4
image-to-text|ko|unknown,3
text-to-audio|lt|permissive,1
text-generation|jv|vendor_custom,13
text-generation|su|vendor_custom,13
translation|de|vendor_custom,14
translation|es|vendor_custom,16
translation|fr|vendor_custom,16
translation|it|vendor_custom,9
translation|ko|vendor_custom,19
translation|nl|vendor_custom,8
translation|pt|vendor_custom,10
translation|ru|vendor_custom,15
text-to-speech|ar|permissive,111
text-to-speech|el|permissive,66
text-to-speech|ha|permissive,10
text-to-speech|la|permissive,3
text-to-speech|ro|permissive,35
text-to-speech|sw|permissive,44
text-to-speech|wo|permissive,9
text-to-speech|yo|permissive,18
time-series-forecasting|unk|noncommercial,23
unconditional-image-generation|ce|permissive,1
reinforcement-learning|zh|responsible_ai,1
text-generation|ha|responsible_ai,1
image-to-text|ta|permissive,7
table-question-answering|hi|permissive,4
summarization|uk|noncommercial,2
text-generation|sl|vendor_custom,12
text-generation|sr|vendor_custom,10
image-to-text|ar|copyleft,4
text-to-audio|hu|permissive,16
image-to-text|en|vendor_custom,8
translation|hu|unknown,22
unk|ha|copyleft,14
unk|ig|copyleft,10
translation|ja|other,24
text-generation|mr|vendor_custom,18
text-retrieval|en|permissive,24
robotics|en|vendor_custom,28
fill-mask|id|copyleft,2
image-segmentation|ru|permissive,3
image-to-text|es|permissive,42
depth-estimation|ur|permissive,1
text-to-image|ur|permissive,1
image-to-text|si|unknown,2
text-to-video|unk|other,120
text-generation|tr|noncommercial,110
keypoint-detection|unk|permissive,228
other|unk|other,84
feature-extraction|unk|vendor_custom,32
summarization|ae|unknown,1
image-classification|ja|permissive,8
unk|sr|other,7
text-generation|ro|noncommercial,91
feature-extraction|ak|permissive,2
text-generation|da|noncommercial,6
text-classification|cy|unknown,2
text-classification|eo|unknown,3
text-classification|ga|unknown,2
text-classification|gl|unknown,2
text-classification|hu|unknown,6
text-classification|km|unknown,2
text-classification|kn|unknown,10
text-classification|ku|unknown,2
text-classification|ky|unknown,2
text-classification|la|unknown,2
text-classification|lo|unknown,2
text-classification|lt|unknown,2
text-classification|lv|unknown,2
text-classification|mk|unknown,2
text-classification|mn|unknown,3
text-classification|my|unknown,3
text-classification|ne|unknown,4
text-classification|or|unknown,7
text-classification|ps|unknown,3
text-classification|sa|unknown,6
text-classification|sk|unknown,5
text-classification|so|unknown,2
text-classification|sr|unknown,5
text-classification|sv|unknown,10
text-classification|te|unknown,9
text-classification|uz|unknown,2
image-to-3d|unk|unknown,44
image-feature-extraction|unk|responsible_ai,15
text-to-3d|en|other,7
robotics|en|copyleft,1
robotics|la|copyleft,1
image-text-to-text|unk|no_derivatives,1
text-generation|gu|other,17
text-generation|or|other,15
text-generation|pa|other,14
token-classification|cs|copyleft,8
token-classification|yi|copyleft,1
voice-activity-detection|fa|permissive,1
document-question-answering|th|permissive,1
question-answering|fr|other,1
image-to-text|th|unknown,12
image-to-video|aa|unknown,1
text-generation|gu|vendor_custom,14
image-text-to-text|vi|permissive,69
text-to-speech|da|unknown,6
text-to-speech|de|unknown,20
text-to-speech|el|unknown,6
text-to-speech|fi|unknown,7
text-to-speech|ha|unknown,3
text-to-speech|hu|unknown,7
text-to-speech|ko|unknown,13
text-to-speech|la|unknown,2
text-to-speech|nl|unknown,13
text-to-speech|pl|unknown,16
text-to-speech|pt|unknown,14
text-to-speech|ro|unknown,4
text-to-speech|sv|unknown,6
text-to-speech|sw|unknown,9
text-to-speech|uk|unknown,5
text-to-speech|wo|unknown,3
text-to-speech|yo|unknown,3
summarization|no|noncommercial,4
summarization|hi|responsible_ai,1
summarization|mr|responsible_ai,1
text-to-audio|hi|permissive,20
text-to-audio|ne|permissive,3
object-detection|id|unknown,2
text-to-image|ja|permissive,29
translation|ko|copyleft,4
visual-question-answering|en|vendor_custom,6
text-to-image|ab|unknown,2
automatic-speech-recognition|hr|copyleft,2
image-text-to-text|tr|permissive,81
unk|it|other,123
text-ranking|en|responsible_ai,2
text-ranking|fr|responsible_ai,2
text-generation|bo|unknown,7
visual-question-answering|bn|permissive,1
image-classification|pa|unknown,1
zero-shot-classification|fr|other,2
audio-to-audio|sv|responsible_ai,1
summarization|aa|permissive,6
text-generation|as|other,9
text-generation|sd|other,5
token-classification|fa|copyleft,17
token-classification|af|other,1
token-classification|am|other,1
token-classification|as|other,1
token-classification|az|other,1
token-classification|be|other,1
token-classification|bg|other,3
token-classification|bn|other,2
token-classification|br|other,1
token-classification|bs|other,1
token-classification|ca|other,1
token-classification|cs|other,3
token-classification|cy|other,1
token-classification|da|other,3
token-classification|el|other,4
token-classification|eo|other,1
token-classification|es|other,14
token-classification|et|other,3
token-classification|eu|other,1
token-classification|fa|other,2
token-classification|fi|other,3
token-classification|fy|other,1
token-classification|ga|other,2
token-classification|gd|other,1
token-classification|gl|other,1
token-classification|gu|other,1
token-classification|ha|other,1
token-classification|he|other,2
token-classification|hi|other,6
token-classification|hu|other,3
token-classification|hy|other,1
token-classification|id|other,3
token-classification|is|other,2
token-classification|ja|other,12
token-classification|jv|other,1
token-classification|ka|other,1
token-classification|kk|other,1
token-classification|km|other,1
token-classification|kn|other,1
token-classification|ko|other,13
token-classification|ku|other,1
token-classification|ky|other,5
token-classification|la|other,1
token-classification|lo|other,1
token-classification|lt|other,3
token-classification|lv|other,3
token-classification|mg|other,1
token-classification|mk|other,1
token-classification|ml|other,1
token-classification|mn|other,1
token-classification|mr|other,1
token-classification|ms|other,2
token-classification|my|other,1
token-classification|ne|other,2
token-classification|nl|other,10
token-classification|no|other,1
token-classification|om|other,1
token-classification|or|other,1
token-classification|pa|other,1
token-classification|pl|other,8
token-classification|ps|other,1
token-classification|pt|other,15
token-classification|ro|other,3
token-classification|ru|other,9
token-classification|sa|other,1
token-classification|sd|other,1
token-classification|si|other,1
token-classification|sk|other,3
token-classification|sl|other,2
token-classification|so|other,1
token-classification|sq|other,1
token-classification|sr|other,1
token-classification|su|other,1
token-classification|sv|other,2
token-classification|sw|other,2
token-classification|ta|other,1
token-classification|te|other,1
token-classification|th|other,3
token-classification|tl|other,1
token-classification|tr|other,3
token-classification|ug|other,1
token-classification|uk|other,2
token-classification|ur|other,1
token-classification|uz|other,1
token-classification|vi|other,5
token-classification|xh|other,1
token-classification|yi|other,1
token-classification|zh|other,12
any-to-any|en|permissive,145
image-to-image|unk|copyleft,23
image-feature-extraction|unk|copyleft,6
any-to-any|en|unknown,17
image-to-video|az|permissive,1
image-to-video|ru|permissive,3
image-to-video|tr|permissive,2
object-detection|hy|unknown,1
sentence-similarity|sv|copyleft,1
text-to-speech|qu|unknown,1
automatic-speech-recognition|co|permissive,1
reinforcement-learning|de|permissive,3
reinforcement-learning|es|permissive,5
reinforcement-learning|fr|permissive,4
reinforcement-learning|it|permissive,1
any-to-any|unk|other,29
zero-shot-image-classification|unk|other,24
token-classification|ja|vendor_custom,2
text-generation|la|vendor_custom,5
text-generation|ms|vendor_custom,13
text-to-speech|ca|copyleft,4
image-classification|ko|unknown,6
text-to-image|en|vendor_custom,10
text-generation|id|copyleft,7
unk|kn|vendor_custom,2
text-generation|ga|noncommercial,7
object-detection|id|permissive,6
image-feature-extraction|am|permissive,1
image-feature-extraction|en|permissive,93
text-generation|or|vendor_custom,9
feature-extraction|fi|unknown,3
feature-extraction|hr|unknown,2
text-to-speech|fr|other,57
text-to-speech|ga|other,8
text-to-speech|nl|other,29
text-to-speech|ru|other,35
text-to-speech|vi|other,43
sentence-similarity|ti|permissive,3
image-classification|cv|unknown,1
automatic-speech-recognition|hi|responsible_ai,4
sentence-similarity|nb|unknown,4
sentence-similarity|nn|unknown,3
text-to-speech|aa|permissive,5
text-to-speech|an|permissive,4
reinforcement-learning|en|copyleft,1
image-to-text|tr|permissive,12
unk|bn|vendor_custom,14
image-to-text|en|other,27
unk|ff|copyleft,7
unk|gn|copyleft,8
unk|kg|copyleft,7
unk|lg|copyleft,8
unk|ln|copyleft,8
unk|lo|copyleft,7
unk|om|copyleft,8
unk|sa|copyleft,11
unk|sd|copyleft,8
unk|so|copyleft,8
unk|ss|copyleft,8
unk|ti|copyleft,7
unk|tn|copyleft,10
unk|wo|copyleft,12
unk|xh|copyleft,9
unk|bs|noncommercial,6
unk|gd|noncommercial,6
unk|hr|noncommercial,9
unk|si|noncommercial,6
unk|sr|noncommercial,9
unk|ug|noncommercial,7
unk|uz|noncommercial,8
unk|yi|noncommercial,6
tabular-regression|en|unknown,17
unk|he|other,20
depth-estimation|aa|permissive,1
text-generation|af|vendor_custom,6
text-generation|am|vendor_custom,6
text-generation|ee|vendor_custom,1
robotics|unk|unknown,2601
text-generation|tt|noncommercial,2
audio-classification|lg|permissive,3
audio-classification|mh|permissive,1
text-to-speech|lv|permissive,9
tabular-classification|es|unknown,2
image-text-to-image|unk|unknown,164
text-to-speech|sw|copyleft,7
text-to-image|pt|other,2
text-to-image|th|other,2
text-to-speech|ky|permissive,6
image-to-text|sv|unknown,1
video-text-to-text|unk|permissive,99
unk|ka|responsible_ai,3
unk|nl|responsible_ai,6
unk|fo|unknown,2
text-to-3d|unk|responsible_ai,3
unk|he|responsible_ai,5
image-segmentation|zh|noncommercial,2
unk|sq|responsible_ai,3
question-answering|az|unknown,1
reinforcement-learning|unk|copyleft,34
unk|sv|vendor_custom,4
image-text-to-text|id|other,28
image-text-to-text|km|other,1
image-text-to-text|lo|other,1
image-text-to-text|ms|other,4
image-text-to-text|my|other,1
image-text-to-text|th|other,31
image-text-to-text|tl|other,15
image-text-to-text|vi|other,27
image-text-to-text|zh|other,83
text-to-audio|rw|permissive,1
text-to-audio|sw|permissive,1
text-to-audio|en|vendor_custom,3
token-classification|cs|noncommercial,7
text-to-audio|ne|unknown,1
zero-shot-image-classification|am|permissive,3
zero-shot-image-classification|ar|permissive,4
zero-shot-image-classification|fr|permissive,5
zero-shot-image-classification|ha|permissive,3
zero-shot-image-classification|ig|permissive,1
zero-shot-image-classification|pt|permissive,4
zero-shot-image-classification|sn|permissive,1
zero-shot-image-classification|sw|permissive,3
zero-shot-image-classification|yo|permissive,1
zero-shot-image-classification|zu|permissive,1
object-detection|en|other,22
text-to-image|eu|permissive,2
image-to-text|th|permissive,20
text-to-video|it|unknown,3
text-to-video|pt|unknown,3
sentence-similarity|ko|copyleft,4
text-to-image|ae|permissive,6
unk|ms|responsible_ai,6
text-ranking|th|unknown,1
translation|av|other,1
image-to-3d|en|permissive,122
image-to-3d|fr|permissive,1
feature-extraction|af|other,1
feature-extraction|am|other,1
feature-extraction|ar|other,6
feature-extraction|as|other,3
feature-extraction|az|other,1
feature-extraction|ba|other,1
feature-extraction|be|other,1
feature-extraction|bg|other,3
feature-extraction|bn|other,3
feature-extraction|bo|other,1
feature-extraction|br|other,1
feature-extraction|bs|other,1
feature-extraction|ca|other,1
feature-extraction|co|other,1
feature-extraction|cs|other,1
feature-extraction|cy|other,1
feature-extraction|da|other,3
feature-extraction|de|other,12
feature-extraction|dv|other,2
feature-extraction|el|other,1
feature-extraction|eo|other,1
feature-extraction|es|other,8
feature-extraction|et|other,1
feature-extraction|eu|other,1
feature-extraction|fa|other,3
feature-extraction|fi|other,3
feature-extraction|fo|other,1
feature-extraction|fr|other,13
feature-extraction|fy|other,1
feature-extraction|ga|other,1
feature-extraction|gd|other,1
feature-extraction|gl|other,1
feature-extraction|gu|other,1
feature-extraction|ha|other,1
feature-extraction|he|other,1
feature-extraction|hi|other,7
feature-extraction|hr|other,1
feature-extraction|ht|other,1
feature-extraction|hu|other,1
feature-extraction|hy|other,1
feature-extraction|id|other,7
feature-extraction|is|other,1
feature-extraction|it|other,7
feature-extraction|jv|other,1
feature-extraction|ka|other,1
feature-extraction|kk|other,2
feature-extraction|km|other,1
feature-extraction|kn|other,1
feature-extraction|ko|other,9
feature-extraction|ku|other,1
feature-extraction|ky|other,1
feature-extraction|la|other,1
feature-extraction|lb|other,1
feature-extraction|lo|other,1
feature-extraction|lt|other,1
feature-extraction|lv|other,1
feature-extraction|mg|other,1
feature-extraction|mi|other,1
feature-extraction|mk|other,1
feature-extraction|ml|other,1
feature-extraction|mn|other,1
feature-extraction|mr|other,3
feature-extraction|ms|other,7
feature-extraction|mt|other,1
feature-extraction|my|other,1
feature-extraction|ne|other,3
feature-extraction|nl|other,5
feature-extraction|nn|other,1
feature-extraction|no|other,4
feature-extraction|oc|other,1
feature-extraction|or|other,1
feature-extraction|pa|other,1
feature-extraction|pl|other,6
feature-extraction|ps|other,1
feature-extraction|pt|other,7
feature-extraction|rm|other,1
feature-extraction|ro|other,3
feature-extraction|ru|other,9
feature-extraction|rw|other,1
feature-extraction|sa|other,1
feature-extraction|sd|other,1
feature-extraction|si|other,2
feature-extraction|sk|other,1
feature-extraction|sl|other,1
feature-extraction|so|other,1
feature-extraction|sq|other,1
feature-extraction|sr|other,1
feature-extraction|su|other,1
feature-extraction|sv|other,4
feature-extraction|sw|other,3
feature-extraction|ta|other,7
feature-extraction|te|other,3
feature-extraction|tg|other,1
feature-extraction|th|other,7
feature-extraction|tk|other,1
feature-extraction|tl|other,1
feature-extraction|tr|other,4
feature-extraction|tt|other,1
feature-extraction|ug|other,1
feature-extraction|uk|other,3
feature-extraction|ur|other,3
feature-extraction|uz|other,1
feature-extraction|vi|other,9
feature-extraction|xh|other,1
feature-extraction|yi|other,1
feature-extraction|yo|other,1
feature-extraction|zu|other,1
automatic-speech-recognition|za|permissive,1
question-answering|fa|vendor_custom,4
table-question-answering|fa|vendor_custom,1
robotics|nl|permissive,1
image-text-to-text|en|noncommercial,91
image-text-to-text|ko|noncommercial,26
table-question-answering|bn|permissive,4
text-classification|pt|vendor_custom,10
question-answering|th|vendor_custom,7
image-to-text|mn|unknown,3
table-question-answering|th|permissive,2
depth-estimation|en|responsible_ai,6
text-ranking|pt|noncommercial,1
text-classification|ar|noncommercial,9
text-classification|az|noncommercial,4
text-classification|bg|noncommercial,3
text-classification|el|noncommercial,4
text-classification|hi|noncommercial,7
text-classification|it|noncommercial,9
text-classification|pl|noncommercial,6
text-classification|pt|noncommercial,10
text-classification|ru|noncommercial,10
text-classification|sw|noncommercial,6
text-classification|th|noncommercial,3
text-classification|ur|noncommercial,3
text-classification|vi|noncommercial,7
fill-mask|se|permissive,20
fill-mask|kv|permissive,1
image-to-text|id|unknown,2
image-text-to-text|es|permissive,149
unk|pt|vendor_custom,50
visual-question-answering|aa|permissive,1
text-to-audio|lb|permissive,1
table-question-answering|en|vendor_custom,5
translation|li|permissive,33
text-to-audio|ur|permissive,4
text-generation|az|unknown,4
text-generation|gl|unknown,3
text-generation|kk|unknown,12
text-generation|km|unknown,9
text-generation|lt|unknown,6
text-generation|lv|unknown,3
text-generation|mk|unknown,1
text-generation|ps|unknown,1
text-generation|ha|noncommercial,9
text-generation|sw|noncommercial,6
text-generation|xh|noncommercial,2
text-generation|yo|noncommercial,8
text-generation|zu|noncommercial,5
unconditional-image-generation|unk|other,11
text-generation|ca|noncommercial,5
text-generation|el|noncommercial,66
text-generation|sv|noncommercial,7
fill-mask|cu|permissive,2
question-answering|dz|permissive,2
automatic-speech-recognition|qu|permissive,4
visual-question-answering|en|other,5
visual-question-answering|zh|other,2
text-to-audio|as|permissive,3
text-generation|am|responsible_ai,5
text-generation|uk|responsible_ai,4
question-answering|ro|unknown,1
any-to-any|de|permissive,14
question-answering|ml|unknown,1
image-feature-extraction|en|other,25
visual-question-answering|cs|permissive,1
visual-question-answering|es|permissive,2
visual-question-answering|id|permissive,1
visual-question-answering|ja|permissive,2
visual-question-answering|ru|permissive,1
visual-question-answering|tr|permissive,1
automatic-speech-recognition|gd|permissive,1
unk|ro|vendor_custom,7
audio-to-audio|am|permissive,4
text-generation|he|noncommercial,64
unconditional-image-generation|unk|responsible_ai,3
table-question-answering|unk|vendor_custom,1
object-detection|pt|permissive,10
image-segmentation|pt|permissive,3
text-generation|tr|copyleft,10
unk|th|vendor_custom,30
unk|sn|vendor_custom,1
unk|aa|unknown,5
image-text-to-text|zh|vendor_custom,18
text-to-audio|en|other,37
image-to-text|unk|vendor_custom,11
translation|unk|other,12
text-to-speech|th|unknown,13
object-detection|en|responsible_ai,5
any-to-any|tl|permissive,1
text-to-image|th|permissive,3
automatic-speech-recognition|az|copyleft,5
unk|cs|other,20
unk|fa|other,26
unk|hi|other,52
unk|pl|other,27
unk|uk|other,5
text-to-image|sd|permissive,2
question-answering|da|vendor_custom,5
object-detection|en|noncommercial,25
visual-question-answering|hi|vendor_custom,1
text-to-audio|dv|permissive,3
unk|ur|other,27
text-generation|en|no_derivatives,14
fill-mask|unk|no_derivatives,1
text-generation|hy|unknown,1
image-to-video|unk|permissive,200
unk|bo|vendor_custom,3
unk|kk|vendor_custom,2
unk|mn|vendor_custom,2
unk|ug|vendor_custom,2
text-generation|kv|unknown,1
audio-to-audio|ml|permissive,1
sentence-similarity|tg|unknown,3
token-classification|la|noncommercial,10
audio-classification|ur|noncommercial,2
text-to-audio|sv|permissive,1
unk|uk|responsible_ai,4
image-text-to-text|hi|vendor_custom,50
video-text-to-text|en|vendor_custom,12
audio-to-audio|ar|unknown,1
automatic-speech-recognition|ig|unknown,2
text-to-image|pt|unknown,3
unk|ru|vendor_custom,31
text-to-speech|unk|copyleft,19
audio-text-to-text|en|permissive,124
reinforcement-learning|ar|permissive,2
sentence-similarity|yo|unknown,3
video-classification|ru|permissive,1
unk|ne|vendor_custom,4
document-question-answering|ar|unknown,1
document-question-answering|de|unknown,1
document-question-answering|es|unknown,1
document-question-answering|fa|unknown,1
document-question-answering|fr|unknown,2
document-question-answering|hi|unknown,1
document-question-answering|it|unknown,1
document-question-answering|ja|unknown,1
document-question-answering|ko|unknown,1
document-question-answering|tr|unknown,1
document-question-answering|zh|unknown,1
reinforcement-learning|en|noncommercial,18
text-to-speech|ae|permissive,4
text-to-speech|af|permissive,7
text-to-speech|am|permissive,4
text-to-speech|as|permissive,25
text-to-speech|av|permissive,3
text-to-speech|ay|permissive,1
text-to-speech|az|permissive,3
text-to-speech|ba|permissive,2
text-to-speech|bg|permissive,15
text-to-speech|bh|permissive,3
text-to-speech|bi|permissive,1
text-to-speech|bm|permissive,3
text-to-speech|bn|permissive,46
text-to-speech|bo|permissive,3
text-to-speech|br|permissive,3
text-to-speech|bs|permissive,4
text-to-speech|ce|permissive,1
text-to-speech|co|permissive,1
text-to-speech|cr|permissive,1
text-to-speech|cu|permissive,1
text-to-speech|cv|permissive,2
text-to-speech|cy|permissive,10
text-to-speech|dv|permissive,6
text-to-speech|dz|permissive,1
text-to-speech|ee|permissive,4
text-to-speech|eo|permissive,2
text-to-speech|et|permissive,5
text-to-speech|eu|permissive,12
text-to-speech|fa|permissive,57
text-to-speech|ff|permissive,5
text-to-speech|fj|permissive,1
text-to-speech|fo|permissive,1
text-to-speech|fy|permissive,2
text-to-speech|ga|permissive,3
text-to-speech|gd|permissive,1
text-to-speech|gn|permissive,3
text-to-speech|gu|permissive,32
text-to-speech|gv|permissive,2
text-to-speech|he|permissive,58
text-to-speech|ho|permissive,1
text-to-speech|ht|permissive,2
text-to-speech|hz|permissive,3
text-to-speech|ia|permissive,2
text-to-speech|ie|permissive,1
text-to-speech|ig|permissive,8
text-to-speech|ii|permissive,1
text-to-speech|ik|permissive,2
text-to-speech|iu|permissive,1
text-to-speech|jv|permissive,3
text-to-speech|ka|permissive,8
text-to-speech|kg|permissive,1
text-to-speech|ki|permissive,3
text-to-speech|kj|permissive,2
text-to-speech|kk|permissive,11
text-to-speech|kl|permissive,1
text-to-speech|km|permissive,10
text-to-speech|kn|permissive,36
text-to-speech|kr|permissive,2
text-to-speech|ks|permissive,14
text-to-speech|ku|permissive,3
text-to-speech|kv|permissive,1
text-to-speech|kw|permissive,2
text-to-speech|lb|permissive,6
text-to-speech|li|permissive,1
text-to-speech|ln|permissive,5
text-to-speech|lo|permissive,8
text-to-speech|lu|permissive,1
text-to-speech|mg|permissive,2
text-to-speech|mh|permissive,1
text-to-speech|mi|permissive,4
text-to-speech|mk|permissive,16
text-to-speech|mn|permissive,9
text-to-speech|mr|permissive,35
text-to-speech|ms|permissive,27
text-to-speech|mt|permissive,3
text-to-speech|my|permissive,8
text-to-speech|na|permissive,1
text-to-speech|nd|permissive,1
text-to-speech|ne|permissive,39
text-to-speech|ng|permissive,2
text-to-speech|nn|permissive,2
text-to-speech|nr|permissive,1
text-to-speech|nv|permissive,1
text-to-speech|ny|permissive,4
text-to-speech|oc|permissive,3
text-to-speech|oj|permissive,1
text-to-speech|om|permissive,12
text-to-speech|or|permissive,22
text-to-speech|os|permissive,2
text-to-speech|pa|permissive,28
text-to-speech|pi|permissive,1
text-to-speech|ps|permissive,5
text-to-speech|qu|permissive,1
text-to-speech|rm|permissive,2
text-to-speech|rn|permissive,2
text-to-speech|rw|permissive,10
text-to-speech|sa|permissive,20
text-to-speech|sc|permissive,2
text-to-speech|sd|permissive,17
text-to-speech|se|permissive,1
text-to-speech|sg|permissive,2
text-to-speech|si|permissive,7
text-to-speech|sm|permissive,1
text-to-speech|sn|permissive,4
text-to-speech|so|permissive,4
text-to-speech|sq|permissive,4
text-to-speech|sr|permissive,13
text-to-speech|ss|permissive,1
text-to-speech|st|permissive,2
text-to-speech|su|permissive,3
text-to-speech|ta|permissive,39
text-to-speech|te|permissive,33
text-to-speech|tg|permissive,10
text-to-speech|ti|permissive,4
text-to-speech|tk|permissive,3
text-to-speech|tl|permissive,20
text-to-speech|tn|permissive,4
text-to-speech|to|permissive,1
text-to-speech|ts|permissive,1
text-to-speech|tt|permissive,3
text-to-speech|tw|permissive,8
text-to-speech|ty|permissive,1
text-to-speech|ug|permissive,5
text-to-speech|ur|permissive,32
text-to-speech|uz|permissive,10
text-to-speech|ve|permissive,1
text-to-speech|vo|permissive,1
text-to-speech|wa|permissive,1
text-to-speech|xh|permissive,4
text-to-speech|yi|permissive,2
text-to-speech|za|permissive,1
graph-ml|en|other,3
any-to-any|unk|permissive,7558
token-classification|az|noncommercial,2
time-series-forecasting|sv|permissive,1
zero-shot-classification|id|unknown,1
question-answering|az|noncommercial,1
depth-estimation|en|noncommercial,30
video-text-to-text|en|permissive,100
graph-ml|es|unknown,2
image-to-text|hi|permissive,13
text-generation|mk|noncommercial,3
sentence-similarity|ay|permissive,1
sentence-similarity|bm|permissive,1
sentence-similarity|ee|permissive,1
sentence-similarity|lg|permissive,1
sentence-similarity|ln|permissive,1
sentence-similarity|rn|permissive,1
sentence-similarity|tn|permissive,3
sentence-similarity|tw|permissive,1
any-to-any|unk|unknown,22
table-question-answering|tr|unknown,1
image-classification|id|unknown,5
text-classification|nr|copyleft,1
text-classification|ss|copyleft,2
text-classification|st|copyleft,2
text-classification|tn|copyleft,2
text-classification|ts|copyleft,2
text-classification|ve|copyleft,1
text-classification|zu|copyleft,2
depth-estimation|unk|noncommercial,53
translation|dv|unknown,2
automatic-speech-recognition|aa|permissive,15
time-series-forecasting|en|permissive,83
audio-to-audio|fr|responsible_ai,1
automatic-speech-recognition|gd|noncommercial,4
automatic-speech-recognition|kg|noncommercial,4
automatic-speech-recognition|ks|noncommercial,4
automatic-speech-recognition|li|noncommercial,4
automatic-speech-recognition|nn|noncommercial,8
automatic-speech-recognition|sa|noncommercial,8
automatic-speech-recognition|sc|noncommercial,4
automatic-speech-recognition|si|noncommercial,8
automatic-speech-recognition|ss|noncommercial,4
automatic-speech-recognition|st|noncommercial,5
automatic-speech-recognition|tk|noncommercial,9
automatic-speech-recognition|tn|noncommercial,5
automatic-speech-recognition|tw|noncommercial,9
automatic-speech-recognition|ug|noncommercial,5
visual-document-retrieval|en|permissive,30
text-to-video|ar|permissive,14
image-to-text|he|permissive,9
audio-to-audio|ko|responsible_ai,1
unk|no|vendor_custom,2
text-generation|sc|permissive,22
image-segmentation|fr|permissive,3
image-to-video|av|permissive,1
image-to-text|is|permissive,4
unk|fy|responsible_ai,3
unk|jv|responsible_ai,6
image-classification|tw|unknown,1
translation|ki|permissive,24
token-classification|ja|noncommercial,4
text-generation|el|unknown,2
zero-shot-classification|ay|permissive,1
text-generation|ab|vendor_custom,1
automatic-speech-recognition|en|vendor_custom,3
automatic-speech-recognition|hi|vendor_custom,1
automatic-speech-recognition|sa|vendor_custom,1
visual-question-answering|es|unknown,6
text-generation|jv|other,8
unk|ar|vendor_custom,34
unk|nl|vendor_custom,3
unk|tr|vendor_custom,19
image-to-text|nl|permissive,11
image-to-text|it|permissive,19
question-answering|yo|unknown,2
fill-mask|bo|unknown,1
text-classification|tr|vendor_custom,6
object-detection|fa|unknown,1
question-answering|ha|unknown,2
automatic-speech-recognition|ar|copyleft,7
automatic-speech-recognition|en|copyleft,25
video-classification|en|noncommercial,10
text-generation|am|noncommercial,5
audio-to-audio|av|responsible_ai,1
image-feature-extraction|en|copyleft,3
text-classification|ch|permissive,5
object-detection|ja|permissive,13
graph-ml|es|permissive,2
token-classification|ar|noncommercial,6
tabular-classification|unk|other,39
mask-generation|fr|permissive,1
image-to-image|ja|permissive,6
video-text-to-text|zh|permissive,24
question-answering|xh|unknown,2
question-answering|zu|unknown,2
question-answering|de|vendor_custom,9
audio-classification|vi|unknown,4
summarization|ko|vendor_custom,1
image-classification|ja|unknown,2
unconditional-image-generation|it|permissive,1
image-to-text|hu|noncommercial,1
summarization|sa|permissive,1
text-generation|hu|responsible_ai,1
text-generation|fa|responsible_ai,3
unk|gl|other,2
fill-mask|he|copyleft,4
translation|pa|unknown,9
sentence-similarity|qu|permissive,17
text-ranking|af|permissive,7
text-ranking|az|permissive,5
text-ranking|be|permissive,5
text-ranking|bg|permissive,6
text-ranking|bn|permissive,10
text-ranking|ca|permissive,6
text-ranking|cs|permissive,6
text-ranking|cy|permissive,5
text-ranking|el|permissive,7
text-ranking|et|permissive,6
text-ranking|eu|permissive,6
text-ranking|fa|permissive,6
text-ranking|fi|permissive,6
text-ranking|gl|permissive,6
text-ranking|gu|permissive,6
text-ranking|he|permissive,5
text-ranking|hr|permissive,6
text-ranking|ht|permissive,5
text-ranking|hu|permissive,7
text-ranking|hy|permissive,6
text-ranking|id|permissive,10
text-ranking|is|permissive,6
text-ranking|jv|permissive,5
text-ranking|ka|permissive,5
text-ranking|kk|permissive,5
text-ranking|km|permissive,5
text-ranking|kn|permissive,6
text-ranking|ko|permissive,16
text-ranking|ky|permissive,5
text-ranking|lo|permissive,5
text-ranking|lt|permissive,6
text-ranking|lv|permissive,6
text-ranking|mk|permissive,6
text-ranking|ml|permissive,6
text-ranking|mn|permissive,5
text-ranking|mr|permissive,6
text-ranking|ms|permissive,5
text-ranking|my|permissive,5
text-ranking|ne|permissive,7
text-ranking|no|permissive,7
text-ranking|pa|permissive,6
text-ranking|qu|permissive,4
text-ranking|ro|permissive,6
text-ranking|si|permissive,5
text-ranking|sk|permissive,6
text-ranking|sl|permissive,6
text-ranking|so|permissive,5
text-ranking|sq|permissive,6
text-ranking|sr|permissive,6
text-ranking|sv|permissive,6
text-ranking|sw|permissive,9
text-ranking|ta|permissive,6
text-ranking|te|permissive,10
text-ranking|th|permissive,9
text-ranking|tl|permissive,5
text-ranking|tr|permissive,12
text-ranking|uk|permissive,8
text-ranking|ur|permissive,6
text-ranking|yo|permissive,5
text-to-speech|rw|copyleft,1
table-question-answering|ar|permissive,1
table-question-answering|es|permissive,4
table-question-answering|fr|permissive,1
table-question-answering|it|permissive,1
table-question-answering|pt|permissive,1
question-answering|ab|permissive,6
question-answering|ak|permissive,5
question-answering|av|permissive,2
text-to-speech|wa|unknown,1
unk|hi|vendor_custom,52
summarization|unk|vendor_custom,7
text-to-audio|cs|noncommercial,1
summarization|en|vendor_custom,36
text-classification|ak|unknown,1
zero-shot-classification|ab|permissive,5
question-answering|fr|responsible_ai,9
text-to-image|it|responsible_ai,3
text-to-image|uk|responsible_ai,1
reinforcement-learning|pt|permissive,2
text-to-speech|az|copyleft,2
text-generation|uz|vendor_custom,8
question-answering|uz|vendor_custom,3
image-text-to-text|he|unknown,1
sentence-similarity|en|vendor_custom,16
image-to-3d|de|other,1
audio-classification|unk|other,21
text-ranking|zh|unknown,2
image-segmentation|th|permissive,1
fill-mask|oc|copyleft,3
token-classification|oc|copyleft,1
audio-to-audio|pl|permissive,3
fill-mask|qu|permissive,3
text-generation|bg|unknown,1
text-generation|mt|unknown,1
text-generation|nn|unknown,1
text-generation|oc|unknown,6
tabular-classification|tr|permissive,4
image-text-to-text|fi|permissive,49
text-generation|sq|unknown,1
audio-to-audio|es|unknown,4
image-to-text|ur|unknown,2
audio-to-audio|en|other,20
audio-to-audio|es|other,2
audio-to-audio|ja|other,4
voice-activity-detection|ru|unknown,2
text-generation|an|permissive,10
audio-text-to-text|en|vendor_custom,10
audio-text-to-text|hi|vendor_custom,2
text-to-audio|ko|permissive,40
sentence-similarity|ht|unknown,2
sentence-similarity|qu|unknown,2
text-to-image|ko|permissive,12
text-generation|sq|vendor_custom,3
graph-ml|th|unknown,1
feature-extraction|ff|permissive,1
feature-extraction|ss|permissive,1
feature-extraction|tn|permissive,2
text-classification|es|vendor_custom,15
audio-to-audio|tr|permissive,3
image-to-text|ar|other,1
unk|an|noncommercial,1
feature-extraction|qu|permissive,5
document-question-answering|fa|permissive,1
image-classification|de|unknown,1
automatic-speech-recognition|xh|permissive,10
translation|as|unknown,5
translation|or|unknown,3
translation|bo|other,4
unk|id|vendor_custom,39
image-text-to-text|ko|unknown,4
text-to-image|en|no_derivatives,2
text-to-image|fa|permissive,4
unk|lt|vendor_custom,4
audio-text-to-text|ar|permissive,53
audio-text-to-text|de|permissive,54
audio-text-to-text|es|permissive,52
audio-text-to-text|fr|permissive,53
audio-text-to-text|it|permissive,52
audio-text-to-text|ja|permissive,50
audio-text-to-text|pt|permissive,52
audio-text-to-text|ru|permissive,51
text-generation|zu|vendor_custom,2
translation|kr|permissive,16
translation|ch|noncommercial,1
text-to-video|tr|permissive,1
image-text-to-text|ko|permissive,131
audio-classification|unk|responsible_ai,4
image-classification|tr|noncommercial,3
voice-activity-detection|de|permissive,5
voice-activity-detection|es|permissive,5
audio-classification|or|permissive,7
text-classification|en|no_derivatives,3
other|ar|other,1
other|bn|other,1
other|cs|other,1
other|de|other,2
other|en|other,29
other|es|other,2
other|fa|other,1
other|fr|other,2
other|he|other,1
other|hi|other,1
other|id|other,1
other|ja|other,2
other|km|other,1
other|ko|other,2
other|lo|other,1
other|ms|other,1
other|my|other,1
other|nl|other,2
other|pl|other,2
other|pt|other,2
other|ru|other,1
other|th|other,1
other|tl|other,1
other|tr|other,1
other|ur|other,1
other|vi|other,1
visual-question-answering|unk|vendor_custom,4
image-text-to-text|ko|vendor_custom,19
image-text-to-text|fa|permissive,55
translation|unk|vendor_custom,10
text-to-image|ch|permissive,2
text-to-image|it|permissive,4
text-to-image|ny|permissive,1
text-to-image|ie|permissive,2
feature-extraction|gd|noncommercial,9
automatic-speech-recognition|ks|permissive,9
text-generation|kg|unknown,1
question-answering|es|vendor_custom,8
text-to-speech|la|noncommercial,2
text-to-video|fr|permissive,2
text-to-video|it|permissive,1
text-generation|my|vendor_custom,11
unk|si|vendor_custom,8
unk|my|vendor_custom,4
voice-activity-detection|en|unknown,6
voice-activity-detection|fr|unknown,1
voice-activity-detection|hi|unknown,1
voice-activity-detection|ml|unknown,1
voice-activity-detection|ta|unknown,1
unk|el|vendor_custom,3
text-generation|sw|vendor_custom,8
unk|af|other,3
text-to-audio|it|permissive,19
text-to-image|ch|copyleft,1
text-to-image|fa|copyleft,1
text-to-image|fr|copyleft,2
text-to-image|it|copyleft,2
text-to-image|ja|copyleft,1
unk|sw|vendor_custom,6
audio-to-audio|ko|unknown,2
keypoint-detection|en|noncommercial,15
image-segmentation|en|noncommercial,39
image-to-text|fi|permissive,2
image-text-to-text|pl|permissive,64
text-to-image|an|permissive,5
visual-document-retrieval|fr|permissive,12
object-detection|fa|responsible_ai,1
text-to-image|th|responsible_ai,2
depth-estimation|unk|other,24
text-to-3d|en|copyleft,1
image-to-video|en|copyleft,1
text-to-image|jv|permissive,2
image-to-video|en|other,90
text-to-image|ee|copyleft,1
text-to-image|es|copyleft,1
text-to-image|ng|copyleft,1
text-to-image|ss|copyleft,1
automatic-speech-recognition|lg|unknown,10
visual-question-answering|af|unknown,4
visual-question-answering|bm|unknown,4
visual-question-answering|ca|unknown,4
visual-question-answering|ha|unknown,4
visual-question-answering|hi|unknown,4
visual-question-answering|ig|unknown,4
visual-question-answering|so|unknown,4
visual-question-answering|su|unknown,4
visual-question-answering|sw|unknown,4
visual-question-answering|tw|unknown,4
visual-question-answering|xh|unknown,4
visual-question-answering|zu|unknown,4
image-to-text|af|unknown,4
image-to-text|bm|unknown,4
image-to-text|ca|unknown,4
image-to-text|es|unknown,4
image-to-text|ha|unknown,5
image-to-text|hi|unknown,5
image-to-text|ig|unknown,4
image-to-text|so|unknown,4
image-to-text|su|unknown,4
image-to-text|sw|unknown,4
image-to-text|tw|unknown,4
image-to-text|xh|unknown,4
image-to-text|zu|unknown,4
video-text-to-text|af|unknown,4
video-text-to-text|bm|unknown,4
video-text-to-text|ca|unknown,4
video-text-to-text|es|unknown,4
video-text-to-text|ha|unknown,4
video-text-to-text|hi|unknown,4
video-text-to-text|ig|unknown,4
video-text-to-text|so|unknown,4
video-text-to-text|su|unknown,4
video-text-to-text|sw|unknown,4
video-text-to-text|tw|unknown,4
video-text-to-text|xh|unknown,4
video-text-to-text|zu|unknown,4
text-to-video|gu|permissive,1
text-to-video|hi|permissive,2
video-text-to-text|en|other,10
token-classification|lb|copyleft,1
image-text-to-text|de|vendor_custom,54
image-text-to-text|es|vendor_custom,53
image-text-to-text|fr|vendor_custom,52
image-text-to-text|it|vendor_custom,47
image-text-to-text|pt|vendor_custom,49
image-text-to-text|th|vendor_custom,45
image-feature-extraction|zh|permissive,6
visual-question-answering|ko|vendor_custom,1
text-ranking|pl|vendor_custom,4
multiple-choice|zh|permissive,4
question-answering|ar|responsible_ai,11
question-answering|ay|responsible_ai,10
text-to-audio|unk|vendor_custom,2
unk|da|responsible_ai,5
unk|fi|responsible_ai,3
unk|hr|responsible_ai,4
unk|hu|responsible_ai,4
unk|no|responsible_ai,3
unk|sl|responsible_ai,2
unk|sr|responsible_ai,2
unk|sv|responsible_ai,2
visual-document-retrieval|en|vendor_custom,2
translation|pa|vendor_custom,4
audio-to-audio|ko|noncommercial,8
text-classification|de|vendor_custom,11
text-classification|fr|vendor_custom,9
text-classification|hi|vendor_custom,11
text-classification|it|vendor_custom,12
text-classification|th|vendor_custom,6
audio-classification|ae|permissive,2
question-answering|ko|vendor_custom,5
image-to-text|ne|permissive,6
token-classification|bo|permissive,8
automatic-speech-recognition|da|responsible_ai,6
tabular-regression|es|permissive,3
video-text-to-text|es|permissive,1
video-text-to-text|fr|permissive,1
sentence-similarity|pl|vendor_custom,17
video-text-to-text|en|noncommercial,14
video-text-to-text|tr|noncommercial,1
zero-shot-classification|an|permissive,2
zero-shot-classification|ik|permissive,1
image-segmentation|es|unknown,1
fill-mask|bo|copyleft,1
token-classification|bo|copyleft,1
question-answering|hr|unknown,1
unk|lb|unknown,2
table-question-answering|id|unknown,2
image-feature-extraction|zh|vendor_custom,1
unk|sc|copyleft,4
unk|zu|copyleft,4
automatic-speech-recognition|sq|responsible_ai,1
audio-classification|en|other,30
image-to-text|ne|unknown,2
image-text-to-text|ja|noncommercial,23
video-to-video|en|permissive,34
depth-estimation|ru|permissive,1
translation|cu|permissive,21
translation|pi|permissive,30
question-answering|aa|responsible_ai,10
any-to-any|en|vendor_custom,11
translation|hz|permissive,14
translation|nd|permissive,14
text-to-image|unk|no_derivatives,3
translation|cr|permissive,9
translation|ia|permissive,8
translation|ie|permissive,8
translation|ii|permissive,8
translation|ik|permissive,8
translation|vo|permissive,9
video-to-video|unk|unknown,14
image-classification|id|permissive,16
text-generation|ab|unknown,1
text-generation|ae|unknown,1
object-detection|tl|permissive,1
image-to-image|id|permissive,1
unk|fi|vendor_custom,9
image-to-3d|ar|vendor_custom,1
image-to-3d|en|vendor_custom,1
translation|ms|unknown,19
image-classification|fr|responsible_ai,3
text-classification|ak|permissive,10
image-classification|unk|vendor_custom,3
table-question-answering|ro|vendor_custom,1
text-to-audio|aa|responsible_ai,2
mask-generation|en|copyleft,1
question-answering|bm|permissive,7
question-answering|gn|permissive,10
question-answering|ln|permissive,6
question-answering|rw|permissive,7
question-answering|ar|vendor_custom,8
question-answering|bg|vendor_custom,4
question-answering|bm|vendor_custom,2
question-answering|bs|vendor_custom,4
question-answering|co|vendor_custom,2
question-answering|cs|vendor_custom,4
question-answering|eo|vendor_custom,2
question-answering|fr|vendor_custom,7
question-answering|gd|vendor_custom,2
question-answering|gl|vendor_custom,2
question-answering|gn|vendor_custom,2
question-answering|ha|vendor_custom,3
question-answering|he|vendor_custom,2
question-answering|hi|vendor_custom,5
question-answering|hr|vendor_custom,2
question-answering|ig|vendor_custom,3
question-answering|it|vendor_custom,6
question-answering|ja|vendor_custom,4
question-answering|ku|vendor_custom,4
question-answering|la|vendor_custom,4
question-answering|lb|vendor_custom,4
question-answering|ln|vendor_custom,2
question-answering|lo|vendor_custom,2
question-answering|mg|vendor_custom,2
question-answering|mn|vendor_custom,4
question-answering|mt|vendor_custom,2
question-answering|no|vendor_custom,1
question-answering|pt|vendor_custom,6
question-answering|ru|vendor_custom,5
question-answering|rw|vendor_custom,2
question-answering|sa|vendor_custom,2
question-answering|sk|vendor_custom,4
question-answering|sq|vendor_custom,2
question-answering|sr|vendor_custom,2
question-answering|sw|vendor_custom,2
question-answering|uk|vendor_custom,4
question-answering|vi|vendor_custom,5
image-feature-extraction|ko|permissive,3
text-to-speech|lg|unknown,2
text-to-audio|bn|permissive,2
image-to-text|kn|permissive,7
image-to-text|te|permissive,7
object-detection|ar|copyleft,3
object-detection|de|copyleft,3
object-detection|es|copyleft,4
object-detection|pt|copyleft,7
object-detection|ru|copyleft,4
object-detection|tr|copyleft,8
object-detection|vi|copyleft,4
object-detection|zh|copyleft,8
unk|pl|vendor_custom,9
summarization|unk|copyleft,3
audio-text-to-text|unk|unknown,10
text-to-image|de|unknown,2
text-to-image|fr|unknown,1
text-to-image|ro|unknown,1
text-to-3d|aa|permissive,2
text-to-3d|ae|permissive,1
text-to-3d|af|permissive,1
text-to-3d|am|permissive,1
text-to-image|sa|permissive,1
text-to-image|ta|permissive,1
text-to-image|te|permissive,1
any-to-any|de|unknown,2
any-to-any|es|unknown,2
any-to-any|pl|unknown,2
text-generation|he|copyleft,6
multiple-choice|ru|permissive,2
text-to-audio|en|copyleft,3
document-question-answering|vi|permissive,3
text-to-audio|mr|permissive,2
automatic-speech-recognition|kl|permissive,13
text-to-image|kg|permissive,2
visual-question-answering|th|unknown,2
tabular-classification|en|other,11
visual-document-retrieval|unk|vendor_custom,1
visual-document-retrieval|unk|permissive,30
document-question-answering|en|vendor_custom,1
document-question-answering|hi|vendor_custom,1
document-question-answering|mr|vendor_custom,1
summarization|ru|responsible_ai,1
image-text-to-text|ja|unknown,6
unk|pi|noncommercial,2
text-generation|ar|copyleft,10
text-generation|fa|copyleft,6
image-feature-extraction|fr|permissive,1
any-to-any|aa|permissive,8
image-classification|it|noncommercial,1
summarization|id|vendor_custom,2
text-to-image|ms|permissive,1
automatic-speech-recognition|ur|responsible_ai,1
audio-to-audio|ar|noncommercial,3
audio-to-audio|de|noncommercial,7
audio-to-audio|es|noncommercial,6
audio-to-audio|fr|noncommercial,8
tabular-regression|ar|permissive,2
any-to-any|ab|permissive,1
any-to-any|ae|permissive,7
any-to-any|af|permissive,1
any-to-any|ak|permissive,8
any-to-any|am|permissive,1
any-to-any|an|permissive,7
any-to-any|ar|permissive,9
any-to-any|as|permissive,7
any-to-any|av|permissive,1
any-to-any|ay|permissive,7
any-to-any|az|permissive,3
any-to-any|ba|permissive,7
any-to-any|be|permissive,1
any-to-any|bg|permissive,7
any-to-any|bh|permissive,7
any-to-any|bi|permissive,1
any-to-any|bm|permissive,7
any-to-any|bn|permissive,2
any-to-any|bo|permissive,7
any-to-any|br|permissive,1
any-to-any|bs|permissive,1
any-to-any|ca|permissive,1
any-to-any|ce|permissive,1
any-to-any|ch|permissive,1
any-to-any|co|permissive,1
any-to-any|cr|permissive,1
any-to-any|cs|permissive,3
any-to-any|cu|permissive,1
any-to-any|cv|permissive,1
any-to-any|cy|permissive,1
any-to-any|da|permissive,3
any-to-any|dv|permissive,1
any-to-any|dz|permissive,1
any-to-any|ee|permissive,1
any-to-any|el|permissive,1
any-to-any|eo|permissive,1
any-to-any|es|permissive,10
any-to-any|et|permissive,1
any-to-any|eu|permissive,1
any-to-any|fa|permissive,2
any-to-any|ff|permissive,1
any-to-any|fi|permissive,3
any-to-any|fj|permissive,1
any-to-any|fo|permissive,1
any-to-any|fr|permissive,14
any-to-any|fy|permissive,1
any-to-any|ga|permissive,2
any-to-any|gd|permissive,1
any-to-any|gl|permissive,1
any-to-any|gn|permissive,1
any-to-any|gu|permissive,1
any-to-any|gv|permissive,1
any-to-any|ha|permissive,1
any-to-any|he|permissive,3
any-to-any|hi|permissive,6
any-to-any|ho|permissive,1
any-to-any|hr|permissive,1
any-to-any|ht|permissive,1
any-to-any|hu|permissive,3
any-to-any|hy|permissive,1
any-to-any|hz|permissive,1
any-to-any|ia|permissive,1
any-to-any|id|permissive,3
any-to-any|ie|permissive,1
any-to-any|ig|permissive,1
any-to-any|ii|permissive,1
any-to-any|ik|permissive,1
any-to-any|io|permissive,2
any-to-any|is|permissive,1
any-to-any|it|permissive,12
any-to-any|iu|permissive,1
any-to-any|ja|permissive,12
any-to-any|jv|permissive,1
any-to-any|ka|permissive,2
any-to-any|kg|permissive,1
any-to-any|ki|permissive,1
any-to-any|kj|permissive,1
any-to-any|kk|permissive,1
any-to-any|kl|permissive,1
any-to-any|km|permissive,1
any-to-any|kn|permissive,2
any-to-any|ko|permissive,8
any-to-any|kr|permissive,1
any-to-any|ks|permissive,1
any-to-any|ku|permissive,1
any-to-any|kv|permissive,1
any-to-any|kw|permissive,1
any-to-any|ky|permissive,1
any-to-any|la|permissive,1
any-to-any|lb|permissive,1
any-to-any|lg|permissive,1
any-to-any|li|permissive,1
any-to-any|ln|permissive,1
any-to-any|lo|permissive,1
any-to-any|lt|permissive,1
any-to-any|lu|permissive,1
any-to-any|lv|permissive,1
any-to-any|mg|permissive,1
any-to-any|mh|permissive,1
any-to-any|mi|permissive,2
any-to-any|mk|permissive,1
any-to-any|ml|permissive,2
any-to-any|mn|permissive,1
any-to-any|mr|permissive,1
any-to-any|ms|permissive,4
any-to-any|mt|permissive,1
any-to-any|my|permissive,2
any-to-any|na|permissive,1
any-to-any|nb|permissive,1
any-to-any|nd|permissive,1
any-to-any|ne|permissive,3
any-to-any|ng|permissive,1
any-to-any|nl|permissive,3
any-to-any|nn|permissive,1
any-to-any|no|permissive,3
any-to-any|nr|permissive,1
any-to-any|nv|permissive,1
any-to-any|ny|permissive,1
text-generation|ka|responsible_ai,1
text-generation|ko|responsible_ai,3
text-to-image|ms|vendor_custom,1
text-generation|km|vendor_custom,11
text-generation|lo|vendor_custom,9
visual-question-answering|am|responsible_ai,1
image-text-to-text|hi|permissive,66
image-text-to-text|it|permissive,105
image-text-to-text|pt|permissive,111
video-text-to-text|unk|unknown,26
translation|en|no_derivatives,2
time-series-forecasting|en|unknown,8
time-series-forecasting|fa|unknown,1
image-to-3d|zh|other,72
text-to-image|id|unknown,1
summarization|fr|responsible_ai,1
table-question-answering|ru|permissive,1
text-to-speech|unk|no_derivatives,1
audio-text-to-text|hi|permissive,54
audio-text-to-text|nl|permissive,49
audio-text-to-text|sv|permissive,47
audio-text-to-text|tr|permissive,47
audio-text-to-text|uk|permissive,47
audio-text-to-text|zh|permissive,82
token-classification|fo|unknown,8
zero-shot-image-classification|de|permissive,3
zero-shot-image-classification|es|permissive,3
zero-shot-image-classification|it|permissive,3
zero-shot-image-classification|nl|permissive,3
zero-shot-image-classification|ru|permissive,5
zero-shot-image-classification|zh|permissive,15
unk|jv|vendor_custom,21
unk|su|vendor_custom,20
text-ranking|ar|unknown,1
text-generation|he|responsible_ai,1
other|unk|noncommercial,21
text-generation|pa|vendor_custom,11
automatic-speech-recognition|ak|unknown,4
text-to-speech|hi|copyleft,8
token-classification|ak|permissive,1
fill-mask|ru|responsible_ai,2
image-to-3d|en|responsible_ai,1
image-to-3d|zh|responsible_ai,1
image-to-image|pl|permissive,1
text-classification|bi|permissive,2
text-ranking|en|other,2
text-generation|bh|unknown,1
audio-text-to-text|ja|vendor_custom,1
text-to-3d|unk|vendor_custom,3
any-to-any|ja|vendor_custom,1
visual-question-answering|vi|permissive,8
question-answering|nl|vendor_custom,3
feature-extraction|bm|unknown,1
table-question-answering|ar|unknown,1
image-text-to-text|de|other,47
image-text-to-text|es|other,51
image-text-to-text|fr|other,49
image-text-to-text|it|other,44
image-text-to-text|ja|other,48
image-text-to-text|ko|other,42
image-text-to-text|pt|other,42
image-text-to-text|ru|other,25
text-to-audio|ja|other,4
mask-generation|unk|copyleft,1
keypoint-detection|en|permissive,44
translation|ig|unknown,8
text-to-speech|aa|responsible_ai,3
text-to-image|ak|permissive,3
text-to-image|am|permissive,3
text-to-image|av|permissive,3
text-to-image|ay|permissive,3
text-to-image|az|permissive,3
text-to-image|ba|permissive,2
text-to-image|be|permissive,2
text-to-image|bg|permissive,2
text-to-image|bh|permissive,2
text-to-image|bi|permissive,2
text-to-image|bn|permissive,2
image-text-to-text|ne|permissive,30
text-classification|fa|vendor_custom,3
unk|bn|other,32
unk|gu|other,5
unk|kn|other,5
unk|ml|other,5
unk|mr|other,5
unk|or|other,2
unk|pa|other,5
unk|ta|other,11
unk|te|other,5
text-generation|dv|unknown,3
voice-activity-detection|yo|unknown,1
text-to-speech|ca|responsible_ai,1
visual-question-answering|ar|unknown,2
audio-text-to-text|wo|permissive,1
time-series-forecasting|bg|permissive,1
time-series-forecasting|de|permissive,1
visual-document-retrieval|unk|unknown,7
image-text-to-text|ur|unknown,3
image-to-image|ko|permissive,4
unk|ks|copyleft,4
audio-classification|zh|unknown,3
translation|zh|vendor_custom,14
translation|ar|vendor_custom,14
translation|bn|vendor_custom,6
translation|cs|vendor_custom,8
translation|fa|vendor_custom,9
translation|he|vendor_custom,7
translation|hi|vendor_custom,13
translation|id|vendor_custom,9
translation|km|vendor_custom,2
translation|lo|vendor_custom,2
translation|ms|vendor_custom,2
translation|my|vendor_custom,2
translation|pl|vendor_custom,8
translation|th|vendor_custom,7
translation|tl|vendor_custom,7
translation|tr|vendor_custom,9
translation|ur|vendor_custom,2
translation|vi|vendor_custom,8
text-generation|az|noncommercial,1
text-to-video|unk|vendor_custom,1
visual-question-answering|ja|vendor_custom,1
zero-shot-classification|av|permissive,1
image-classification|tr|permissive,8
question-answering|de|no_derivatives,1
question-answering|de|responsible_ai,8
zero-shot-image-classification|af|permissive,2
zero-shot-image-classification|as|permissive,2
zero-shot-image-classification|az|permissive,2
zero-shot-image-classification|be|permissive,2
zero-shot-image-classification|bg|permissive,2
zero-shot-image-classification|bn|permissive,3
zero-shot-image-classification|bs|permissive,2
zero-shot-image-classification|ca|permissive,2
zero-shot-image-classification|cs|permissive,2
zero-shot-image-classification|cy|permissive,2
zero-shot-image-classification|da|permissive,2
zero-shot-image-classification|el|permissive,2
zero-shot-image-classification|eo|permissive,2
zero-shot-image-classification|et|permissive,2
zero-shot-image-classification|eu|permissive,2
zero-shot-image-classification|fi|permissive,2
zero-shot-image-classification|ga|permissive,2
zero-shot-image-classification|gd|permissive,2
zero-shot-image-classification|gl|permissive,2
zero-shot-image-classification|gu|permissive,2
zero-shot-image-classification|he|permissive,2
zero-shot-image-classification|hi|permissive,2
zero-shot-image-classification|hr|permissive,2
zero-shot-image-classification|hu|permissive,2
zero-shot-image-classification|hy|permissive,2
zero-shot-image-classification|id|permissive,15
zero-shot-image-classification|is|permissive,2
zero-shot-image-classification|ja|permissive,8
zero-shot-image-classification|jv|permissive,15
zero-shot-image-classification|ka|permissive,2
zero-shot-image-classification|kk|permissive,2
zero-shot-image-classification|km|permissive,2
zero-shot-image-classification|kn|permissive,2
zero-shot-image-classification|ku|permissive,2
zero-shot-image-classification|ky|permissive,2
zero-shot-image-classification|lo|permissive,2
zero-shot-image-classification|mk|permissive,2
zero-shot-image-classification|ml|permissive,2
zero-shot-image-classification|mr|permissive,2
zero-shot-image-classification|my|permissive,15
zero-shot-image-classification|ne|permissive,2
zero-shot-image-classification|no|permissive,2
zero-shot-image-classification|pl|permissive,3
zero-shot-image-classification|ro|permissive,2
zero-shot-image-classification|sa|permissive,2
zero-shot-image-classification|sd|permissive,2
zero-shot-image-classification|si|permissive,2
zero-shot-image-classification|sk|permissive,2
zero-shot-image-classification|sl|permissive,2
zero-shot-image-classification|so|permissive,2
zero-shot-image-classification|sr|permissive,2
zero-shot-image-classification|su|permissive,15
zero-shot-image-classification|sv|permissive,2
zero-shot-image-classification|ta|permissive,2
zero-shot-image-classification|te|permissive,2
zero-shot-image-classification|th|permissive,15
zero-shot-image-classification|tr|permissive,5
zero-shot-image-classification|ug|permissive,2
zero-shot-image-classification|uk|permissive,3
zero-shot-image-classification|ur|permissive,2
zero-shot-image-classification|vi|permissive,15
zero-shot-image-classification|xh|permissive,2
audio-to-audio|vi|permissive,2
image-to-video|unk|noncommercial,13
zero-shot-image-classification|ja|copyleft,1
question-answering|es|responsible_ai,9
text-classification|id|vendor_custom,1
text-classification|ja|vendor_custom,1
text-classification|ko|vendor_custom,6
text-classification|nl|vendor_custom,2
text-classification|ru|vendor_custom,6
text-classification|zh|vendor_custom,6
text-generation|kk|noncommercial,8
image-to-3d|ru|permissive,1
text-classification|bn|noncommercial,5
text-classification|ms|noncommercial,3
text-classification|te|noncommercial,5
text-classification|tl|noncommercial,8
text-classification|uk|noncommercial,5
text-generation|ab|responsible_ai,2
text-generation|az|responsible_ai,1
text-to-speech|am|vendor_custom,1
image-to-image|cv|permissive,1
unk|or|vendor_custom,2
image-text-to-text|fr|unknown,17
text-to-image|de|other,3
text-generation|bg|noncommercial,6
text-generation|et|noncommercial,4
text-generation|fi|noncommercial,9
text-generation|hr|noncommercial,3
text-generation|lt|noncommercial,7
text-generation|lv|noncommercial,4
text-generation|mt|noncommercial,7
text-generation|sk|noncommercial,10
text-generation|sl|noncommercial,6
audio-text-to-text|ar|vendor_custom,3
audio-text-to-text|fr|vendor_custom,1
any-to-any|unk|noncommercial,6
text-to-video|vi|unknown,1
zero-shot-classification|unk|vendor_custom,1
unk|tw|other,1
token-classification|th|vendor_custom,2
text-classification|ae|responsible_ai,1
any-to-any|en|noncommercial,14
image-to-text|dv|permissive,3
text-to-image|ko|other,2
graph-ml|uk|responsible_ai,1
image-text-to-text|ar|noncommercial,18
question-answering|ab|responsible_ai,8
question-answering|ae|responsible_ai,9
question-answering|af|responsible_ai,11
question-answering|am|responsible_ai,8
question-answering|an|responsible_ai,8
question-answering|as|responsible_ai,8
question-answering|az|responsible_ai,8
question-answering|ba|responsible_ai,8
question-answering|be|responsible_ai,8
question-answering|bg|responsible_ai,8
question-answering|bh|responsible_ai,8
question-answering|bi|responsible_ai,8
question-answering|bm|responsible_ai,8
question-answering|bo|responsible_ai,8
question-answering|br|responsible_ai,8
question-answering|bs|responsible_ai,8
question-answering|ca|responsible_ai,8
question-answering|ce|responsible_ai,8
question-answering|ch|responsible_ai,8
question-answering|co|responsible_ai,8
question-answering|cr|responsible_ai,8
question-answering|cs|responsible_ai,8
question-answering|cu|responsible_ai,8
question-answering|cv|responsible_ai,8
question-answering|cy|responsible_ai,8
question-answering|da|responsible_ai,8
question-answering|dv|responsible_ai,8
question-answering|dz|responsible_ai,8
question-answering|ee|responsible_ai,8
question-answering|el|responsible_ai,8
question-answering|eo|responsible_ai,8
question-answering|et|responsible_ai,8
question-answering|eu|responsible_ai,8
question-answering|fa|responsible_ai,8
question-answering|ff|responsible_ai,8
question-answering|fi|responsible_ai,8
question-answering|fj|responsible_ai,8
question-answering|fo|responsible_ai,8
question-answering|fy|responsible_ai,8
question-answering|ga|responsible_ai,8
question-answering|gd|responsible_ai,8
question-answering|gl|responsible_ai,8
question-answering|gn|responsible_ai,8
question-answering|gu|responsible_ai,8
question-answering|gv|responsible_ai,8
question-answering|ha|responsible_ai,8
question-answering|he|responsible_ai,8
question-answering|hi|responsible_ai,8
question-answering|ho|responsible_ai,8
question-answering|hr|responsible_ai,8
question-answering|ht|responsible_ai,8
question-answering|hu|responsible_ai,8
question-answering|hy|responsible_ai,8
question-answering|hz|responsible_ai,8
question-answering|ia|responsible_ai,8
question-answering|id|responsible_ai,8
question-answering|ie|responsible_ai,8
question-answering|ig|responsible_ai,8
question-answering|ii|responsible_ai,8
question-answering|ik|responsible_ai,8
question-answering|is|responsible_ai,8
question-answering|it|responsible_ai,8
question-answering|iu|responsible_ai,8
question-answering|ja|responsible_ai,8
question-answering|jv|responsible_ai,8
question-answering|kg|responsible_ai,8
question-answering|ki|responsible_ai,8
question-answering|kj|responsible_ai,8
question-answering|ko|responsible_ai,8
image-text-to-text|af|permissive,44
image-text-to-text|am|permissive,26
image-text-to-text|ar|permissive,107
image-text-to-text|as|permissive,21
image-text-to-text|be|permissive,28
image-text-to-text|bg|permissive,29
image-text-to-text|bm|permissive,4
image-text-to-text|bn|permissive,37
image-text-to-text|bo|permissive,10
image-text-to-text|bs|permissive,22
image-text-to-text|ca|permissive,33
image-text-to-text|cs|permissive,33
image-text-to-text|cy|permissive,20
image-text-to-text|da|permissive,42
image-text-to-text|el|permissive,52
image-text-to-text|eo|permissive,7
image-text-to-text|et|permissive,26
image-text-to-text|eu|permissive,26
image-text-to-text|ga|permissive,27
image-text-to-text|gd|permissive,8
image-text-to-text|gl|permissive,29
image-text-to-text|ha|permissive,26
image-text-to-text|hr|permissive,26
image-text-to-text|ht|permissive,7
image-text-to-text|hu|permissive,32
image-text-to-text|ig|permissive,25
image-text-to-text|is|permissive,44
image-text-to-text|jv|permissive,20
image-text-to-text|ka|permissive,23
image-text-to-text|ki|permissive,4
image-text-to-text|kk|permissive,26
image-text-to-text|km|permissive,22
image-text-to-text|lb|permissive,22
image-text-to-text|ln|permissive,23
image-text-to-text|lo|permissive,20
image-text-to-text|lt|permissive,26
image-text-to-text|lv|permissive,26
image-text-to-text|mi|permissive,28
image-text-to-text|mr|permissive,28
image-text-to-text|ms|permissive,51
image-text-to-text|mt|permissive,25
image-text-to-text|my|permissive,25
image-text-to-text|no|permissive,32
image-text-to-text|oc|permissive,20
image-text-to-text|pa|permissive,43
image-text-to-text|qu|permissive,7
image-text-to-text|sa|permissive,12
image-text-to-text|sc|permissive,2
image-text-to-text|sd|permissive,21
image-text-to-text|sg|permissive,8
image-text-to-text|sk|permissive,28
image-text-to-text|sl|permissive,27
image-text-to-text|sm|permissive,1
image-text-to-text|so|permissive,25
image-text-to-text|sq|permissive,8
image-text-to-text|sr|permissive,28
image-text-to-text|ss|permissive,8
image-text-to-text|sv|permissive,62
image-text-to-text|sw|permissive,44
image-text-to-text|ta|permissive,32
image-text-to-text|te|permissive,31
image-text-to-text|ti|permissive,24
image-text-to-text|tl|permissive,11
image-text-to-text|tn|permissive,11
image-text-to-text|ts|permissive,8
image-text-to-text|tw|permissive,4
image-text-to-text|uk|permissive,61
image-text-to-text|ur|permissive,26
image-text-to-text|uz|permissive,22
image-text-to-text|wo|permissive,21
image-text-to-text|xh|permissive,24
image-text-to-text|yo|permissive,24
image-text-to-text|zu|permissive,26
image-text-to-text|af|noncommercial,1
image-text-to-text|am|noncommercial,1
image-text-to-text|as|noncommercial,1
image-text-to-text|be|noncommercial,1
image-text-to-text|bg|noncommercial,1
image-text-to-text|bm|noncommercial,1
image-text-to-text|bn|noncommercial,3
image-text-to-text|bo|noncommercial,1
image-text-to-text|bs|noncommercial,1
image-text-to-text|ca|noncommercial,1
image-text-to-text|cs|noncommercial,17
image-text-to-text|cy|noncommercial,1
image-text-to-text|da|noncommercial,3
image-text-to-text|de|noncommercial,20
image-text-to-text|el|noncommercial,14
image-text-to-text|eo|noncommercial,1
image-text-to-text|es|noncommercial,20
image-text-to-text|et|noncommercial,2
image-text-to-text|eu|noncommercial,1
image-text-to-text|fa|noncommercial,13
image-text-to-text|fi|noncommercial,3
image-text-to-text|fr|noncommercial,20
image-text-to-text|ga|noncommercial,1
image-text-to-text|gd|noncommercial,1
image-text-to-text|gl|noncommercial,1
image-text-to-text|ha|noncommercial,1
image-text-to-text|hi|noncommercial,16
image-text-to-text|hr|noncommercial,2
image-text-to-text|ht|noncommercial,1
image-text-to-text|hu|noncommercial,3
image-text-to-text|id|noncommercial,15
image-text-to-text|ig|noncommercial,1
image-text-to-text|is|noncommercial,2
image-text-to-text|it|noncommercial,18
image-text-to-text|jv|noncommercial,1
image-text-to-text|ka|noncommercial,1
image-text-to-text|ki|noncommercial,1
image-text-to-text|kk|noncommercial,1
image-text-to-text|km|noncommercial,1
image-text-to-text|la|noncommercial,1
image-text-to-text|lb|noncommercial,1
image-text-to-text|ln|noncommercial,1
image-text-to-text|lo|noncommercial,1
image-text-to-text|lt|noncommercial,2
image-text-to-text|lv|noncommercial,2
image-text-to-text|mi|noncommercial,1
image-text-to-text|mr|noncommercial,1
image-text-to-text|ms|noncommercial,2
image-text-to-text|mt|noncommercial,2
image-text-to-text|my|noncommercial,1
image-text-to-text|no|noncommercial,3
image-text-to-text|oc|noncommercial,1
image-text-to-text|pa|noncommercial,1
image-text-to-text|pl|noncommercial,18
image-text-to-text|pt|noncommercial,20
image-text-to-text|qu|noncommercial,1
image-text-to-text|ro|noncommercial,22
image-text-to-text|ru|noncommercial,18
image-text-to-text|sa|noncommercial,1
image-text-to-text|sc|noncommercial,1
image-text-to-text|sd|noncommercial,1
image-text-to-text|sg|noncommercial,1
image-text-to-text|sk|noncommercial,2
image-text-to-text|sl|noncommercial,2
image-text-to-text|sm|noncommercial,1
image-text-to-text|so|noncommercial,1
image-text-to-text|sq|noncommercial,2
image-text-to-text|sr|noncommercial,2
image-text-to-text|ss|noncommercial,1
image-text-to-text|sv|noncommercial,3
image-text-to-text|sw|noncommercial,2
image-text-to-text|ta|noncommercial,2
image-text-to-text|te|noncommercial,1
image-text-to-text|th|noncommercial,2
image-text-to-text|ti|noncommercial,1
image-text-to-text|tl|noncommercial,2
image-text-to-text|tn|noncommercial,1
image-text-to-text|tr|noncommercial,17
image-text-to-text|ts|noncommercial,1
image-text-to-text|tw|noncommercial,1
image-text-to-text|uk|noncommercial,16
image-text-to-text|uz|noncommercial,1
image-text-to-text|vi|noncommercial,15
image-text-to-text|wo|noncommercial,1
image-text-to-text|xh|noncommercial,1
image-text-to-text|yo|noncommercial,1
image-text-to-text|zh|noncommercial,23
image-text-to-text|zu|noncommercial,2
video-to-video|unk|responsible_ai,6
text-to-audio|yo|permissive,1
unk|is|vendor_custom,2
question-answering|bh|permissive,3
translation|dz|unknown,6
visual-document-retrieval|en|noncommercial,2
zero-shot-classification|ae|unknown,1
zero-shot-classification|af|unknown,1
zero-shot-classification|ak|unknown,2
zero-shot-classification|am|unknown,1
zero-shot-classification|an|unknown,1
visual-document-retrieval|de|noncommercial,2
text-to-speech|ar|other,47
text-to-audio|ug|noncommercial,1
mask-generation|ar|permissive,1
sentence-similarity|ab|unknown,1
sentence-similarity|an|unknown,1
sentence-similarity|av|unknown,1
sentence-similarity|ay|unknown,1
sentence-similarity|ba|unknown,1
sentence-similarity|bh|unknown,1
sentence-similarity|bi|unknown,1
sentence-similarity|bm|unknown,1
sentence-similarity|bo|unknown,1
sentence-similarity|ce|unknown,1
sentence-similarity|ch|unknown,1
sentence-similarity|co|unknown,1
sentence-similarity|cr|unknown,1
sentence-similarity|cu|unknown,1
sentence-similarity|cv|unknown,1
sentence-similarity|dz|unknown,1
sentence-similarity|ee|unknown,1
sentence-similarity|ff|unknown,1
sentence-similarity|fj|unknown,1
sentence-similarity|fo|unknown,1
sentence-similarity|gn|unknown,1
sentence-similarity|gv|unknown,1
sentence-similarity|ia|unknown,1
sentence-similarity|ie|unknown,1
sentence-similarity|ig|unknown,1
sentence-similarity|ik|unknown,1
sentence-similarity|io|unknown,1
sentence-similarity|iu|unknown,1
sentence-similarity|kg|unknown,1
sentence-similarity|ki|unknown,1
sentence-similarity|kl|unknown,1
sentence-similarity|ks|unknown,1
sentence-similarity|kv|unknown,1
sentence-similarity|kw|unknown,1
sentence-similarity|lb|unknown,1
sentence-similarity|lg|unknown,1
sentence-similarity|li|unknown,1
sentence-similarity|ln|unknown,1
sentence-similarity|mi|unknown,1
sentence-similarity|mt|unknown,1
sentence-similarity|nv|unknown,1
sentence-similarity|ny|unknown,1
sentence-similarity|oc|unknown,1
sentence-similarity|os|unknown,1
sentence-similarity|pi|unknown,1
sentence-similarity|rn|unknown,1
sentence-similarity|rw|unknown,1
sentence-similarity|sc|unknown,1
sentence-similarity|se|unknown,1
sentence-similarity|sg|unknown,1
sentence-similarity|sm|unknown,1
sentence-similarity|sn|unknown,1
sentence-similarity|ss|unknown,1
sentence-similarity|st|unknown,1
sentence-similarity|ti|unknown,1
sentence-similarity|tk|unknown,1
sentence-similarity|tn|unknown,1
sentence-similarity|to|unknown,1
sentence-similarity|ts|unknown,1
sentence-similarity|tt|unknown,1
sentence-similarity|tw|unknown,1
sentence-similarity|ty|unknown,1
sentence-similarity|ve|unknown,1
sentence-similarity|vo|unknown,1
sentence-similarity|wa|unknown,1
sentence-similarity|wo|unknown,1
sentence-similarity|za|unknown,1
sentence-similarity|zu|unknown,2
unk|hy|responsible_ai,3
image-to-video|ae|permissive,2
audio-text-to-text|en|noncommercial,10
audio-text-to-text|vi|noncommercial,1
audio-text-to-text|vi|permissive,44
text-to-audio|gd|unknown,1
fill-mask|aa|permissive,6
text-classification|si|no_derivatives,1
text-classification|ta|no_derivatives,1
visual-question-answering|hi|permissive,2
text-to-speech|cs|other,25
text-to-speech|hi|other,43
text-to-speech|hu|other,29
text-to-speech|pl|other,28
text-to-speech|pt|other,42
text-to-speech|tr|other,26
video-classification|ae|copyleft,2
video-classification|ar|copyleft,2
text-to-image|sd|unknown,1
unk|es|no_derivatives,1
audio-to-audio|unk|vendor_custom,1
text-to-audio|aa|permissive,5
zero-shot-classification|aa|permissive,3
zero-shot-classification|ae|permissive,4
zero-shot-classification|ak|permissive,2
zero-shot-classification|ba|permissive,1
zero-shot-classification|dv|permissive,1
text-to-audio|unk|copyleft,1
audio-text-to-text|en|unknown,8
audio-text-to-text|id|unknown,1
visual-document-retrieval|tr|vendor_custom,1
translation|mr|vendor_custom,4
text-ranking|am|permissive,7
text-ranking|as|permissive,5
text-ranking|bs|permissive,4
text-ranking|eo|permissive,4
text-ranking|fy|permissive,4
text-ranking|ga|permissive,6
text-ranking|gd|permissive,4
text-ranking|ha|permissive,4
text-ranking|ku|permissive,4
text-ranking|la|permissive,4
text-ranking|lb|permissive,1
text-ranking|mg|permissive,4
text-ranking|mt|permissive,2
text-ranking|nn|permissive,1
text-ranking|or|permissive,5
text-ranking|ps|permissive,4
text-ranking|sd|permissive,4
text-ranking|su|permissive,4
text-ranking|tg|permissive,1
text-ranking|uz|permissive,4
text-ranking|yi|permissive,4
automatic-speech-recognition|wo|unknown,3
audio-text-to-text|id|noncommercial,1
text-generation|ae|permissive,8
text-generation|cr|permissive,8
text-generation|cu|permissive,7
text-generation|hz|permissive,6
text-generation|ia|permissive,8
text-generation|ie|permissive,10
text-generation|ii|permissive,8
text-generation|ik|permissive,7
text-generation|io|permissive,7
text-generation|ki|permissive,14
text-generation|kr|permissive,7
text-generation|li|permissive,23
text-generation|na|permissive,5
text-generation|nd|permissive,5
text-generation|ng|permissive,5
text-generation|pi|permissive,9
text-to-video|ja|permissive,3
question-answering|ae|permissive,4
audio-to-audio|it|noncommercial,3
audio-to-audio|nl|noncommercial,3
audio-to-audio|pl|noncommercial,3
audio-to-audio|pt|noncommercial,4
visual-question-answering|en|noncommercial,8
translation|an|copyleft,1
translation|bg|copyleft,1
translation|ca|copyleft,1
translation|cs|copyleft,1
translation|cy|copyleft,1
translation|da|copyleft,1
translation|el|copyleft,1
translation|eu|copyleft,1
translation|ga|copyleft,1
translation|gl|copyleft,1
translation|hr|copyleft,1
translation|is|copyleft,1
translation|lt|copyleft,1
translation|lv|copyleft,1
translation|mt|copyleft,1
translation|nb|copyleft,1
translation|nl|copyleft,1
translation|no|copyleft,1
translation|oc|copyleft,1
translation|pt|copyleft,1
translation|sk|copyleft,1
translation|sl|copyleft,1
translation|sr|copyleft,1
translation|sv|copyleft,1
text-classification|id|noncommercial,4
text-to-video|zh|permissive,96
unk|iu|unknown,1
image-text-to-text|de|unknown,16
image-text-to-text|hi|unknown,7
image-text-to-text|it|unknown,7
image-text-to-text|th|unknown,11
image-to-video|ie|permissive,1
text-to-3d|en|vendor_custom,1
text-generation|mk|vendor_custom,4
text-to-audio|pl|permissive,15
image-classification|mt|permissive,1
image-to-3d|de|permissive,1
image-to-3d|es|permissive,1
image-to-image|af|permissive,3
object-detection|ar|permissive,9
object-detection|de|permissive,12
object-detection|fr|permissive,10
object-detection|tr|permissive,3
object-detection|vi|permissive,7
text-ranking|en|unknown,39
text-to-video|ab|permissive,1
text-to-video|an|permissive,11
unk|av|unknown,2
zero-shot-classification|ii|permissive,1
text-generation|eo|copyleft,4
audio-text-to-text|unk|permissive,28
image-text-to-text|nb|permissive,8
image-text-to-text|nn|permissive,8
text-to-speech|is|unknown,6
robotics|en|unknown,114
any-to-any|en|other,43
any-to-any|zh|other,7
unconditional-image-generation|fa|permissive,1
object-detection|it|permissive,3
question-answering|tr|vendor_custom,5
question-answering|gv|permissive,2
other|unk|unknown,44
automatic-speech-recognition|ee|permissive,11
any-to-any|zh|permissive,44
text-generation|ty|permissive,6
text-generation|vo|permissive,7
image-text-to-text|dv|permissive,10
voice-activity-detection|aa|responsible_ai,1
text-generation|aa|copyleft,3
text-generation|ab|copyleft,3
text-generation|ae|copyleft,2
text-generation|af|copyleft,4
text-generation|ak|copyleft,2
text-generation|am|copyleft,2
text-generation|an|copyleft,2
text-generation|as|copyleft,5
text-generation|av|copyleft,2
text-generation|ay|copyleft,3
text-generation|az|copyleft,3
text-generation|ba|copyleft,2
text-generation|bi|copyleft,2
text-generation|bm|copyleft,2
text-generation|bn|copyleft,3
text-generation|bo|copyleft,2
text-generation|br|copyleft,2
text-generation|bs|copyleft,2
text-generation|ce|copyleft,2
text-generation|ch|copyleft,2
text-generation|co|copyleft,2
text-generation|cr|copyleft,2
text-generation|cu|copyleft,2
text-generation|cv|copyleft,2
text-generation|cy|copyleft,3
text-generation|dv|copyleft,2
text-generation|dz|copyleft,2
text-generation|ee|copyleft,2
text-generation|et|copyleft,13
text-generation|ff|copyleft,2
text-generation|fi|copyleft,13
text-generation|fj|copyleft,2
text-generation|fo|copyleft,2
text-generation|fy|copyleft,2
text-generation|ga|copyleft,13
text-generation|gd|copyleft,3
text-generation|gl|copyleft,3
text-generation|gn|copyleft,4
text-generation|gu|copyleft,3
text-generation|gv|copyleft,2
text-generation|ha|copyleft,2
text-generation|ho|copyleft,2
text-generation|ht|copyleft,3
text-generation|hy|copyleft,3
text-generation|hz|copyleft,2
text-generation|ia|copyleft,2
text-generation|ie|copyleft,2
text-generation|ig|copyleft,2
text-generation|ii|copyleft,2
text-generation|ik|copyleft,2
text-generation|io|copyleft,2
text-generation|iu|copyleft,2
text-generation|jv|copyleft,2
text-generation|ka|copyleft,2
text-generation|kg|copyleft,2
text-generation|ki|copyleft,2
text-generation|kj|copyleft,2
text-generation|kk|copyleft,3
text-generation|kl|copyleft,2
text-generation|km|copyleft,3
text-generation|kn|copyleft,3
text-generation|kr|copyleft,2
text-generation|ks|copyleft,3
text-generation|ku|copyleft,6
text-generation|kv|copyleft,2
text-generation|kw|copyleft,2
text-generation|ky|copyleft,2
text-generation|lb|copyleft,2
text-generation|lg|copyleft,3
text-generation|li|copyleft,2
text-generation|ln|copyleft,2
text-generation|lo|copyleft,2
text-generation|lt|copyleft,13
text-generation|lu|copyleft,2
text-generation|lv|copyleft,13
text-generation|mg|copyleft,2
text-generation|mh|copyleft,2
text-generation|mi|copyleft,2
text-generation|mk|copyleft,2
text-generation|ml|copyleft,3
text-generation|mn|copyleft,2
text-generation|mr|copyleft,4
text-generation|ms|copyleft,2
text-generation|mt|copyleft,12
text-generation|my|copyleft,3
text-generation|na|copyleft,2
text-generation|nd|copyleft,2
text-generation|ne|copyleft,3
text-generation|ng|copyleft,2
text-generation|nn|copyleft,3
text-generation|nr|copyleft,2
text-generation|nv|copyleft,2
text-generation|ny|copyleft,2
text-generation|oc|copyleft,3
text-generation|oj|copyleft,2
text-generation|om|copyleft,2
text-generation|or|copyleft,3
text-generation|os|copyleft,2
text-generation|pa|copyleft,3
text-generation|pi|copyleft,2
text-generation|ps|copyleft,2
text-generation|qu|copyleft,2
text-generation|rm|copyleft,2
text-generation|rn|copyleft,2
text-generation|rw|copyleft,2
text-generation|sa|copyleft,3
text-generation|sc|copyleft,2
text-generation|sd|copyleft,4
text-generation|se|copyleft,2
text-generation|sg|copyleft,2
text-generation|si|copyleft,3
text-generation|sm|copyleft,2
text-generation|sn|copyleft,2
text-generation|so|copyleft,2
text-generation|sq|copyleft,2
text-generation|ss|copyleft,2
text-generation|st|copyleft,2
text-generation|su|copyleft,2
text-generation|sw|copyleft,2
text-generation|te|copyleft,12
text-generation|tg|copyleft,2
text-generation|ti|copyleft,2
text-generation|tk|copyleft,2
text-generation|tn|copyleft,2
text-generation|to|copyleft,2
text-generation|ts|copyleft,2
text-generation|tt|copyleft,2
text-generation|tw|copyleft,2
text-generation|ty|copyleft,2
text-generation|ug|copyleft,2
text-generation|ur|copyleft,3
text-generation|uz|copyleft,2
text-generation|ve|copyleft,2
text-generation|vo|copyleft,2
text-generation|wa|copyleft,2
text-generation|wo|copyleft,4
text-generation|xh|copyleft,2
text-generation|yo|copyleft,2
text-generation|za|copyleft,2
text-generation|zu|copyleft,2
image-to-3d|pt|permissive,4
keypoint-detection|ru|permissive,1
image-text-to-text|dv|unknown,1
text-classification|ab|noncommercial,1
image-to-3d|aa|responsible_ai,1
unk|bg|vendor_custom,6
image-to-text|dv|vendor_custom,1
zero-shot-classification|tk|permissive,1
translation|aa|responsible_ai,4
document-question-answering|aa|permissive,1
audio-classification|hr|copyleft,1
audio-classification|sl|copyleft,1
audio-classification|sr|copyleft,1
image-to-image|vi|unknown,1
text-to-image|sv|other,1
token-classification|fa|responsible_ai,1
token-classification|fr|responsible_ai,3
text-to-3d|zh|other,4
feature-extraction|ab|responsible_ai,1
table-question-answering|ab|permissive,2
table-question-answering|ae|permissive,1
table-question-answering|as|permissive,1
image-to-video|ne|responsible_ai,1
image-to-text|th|vendor_custom,1
audio-to-audio|nd|other,1
audio-to-audio|zu|other,1
audio-text-to-text|be|permissive,33
audio-text-to-text|bg|permissive,40
audio-text-to-text|bn|permissive,34
audio-text-to-text|cs|permissive,40
audio-text-to-text|cy|permissive,33
audio-text-to-text|da|permissive,40
audio-text-to-text|el|permissive,40
audio-text-to-text|et|permissive,40
audio-text-to-text|fa|permissive,41
audio-text-to-text|fi|permissive,40
audio-text-to-text|gl|permissive,33
audio-text-to-text|hu|permissive,40
audio-text-to-text|ka|permissive,33
audio-text-to-text|lt|permissive,40
audio-text-to-text|lv|permissive,40
audio-text-to-text|mk|permissive,33
audio-text-to-text|mr|permissive,33
audio-text-to-text|pl|permissive,41
audio-text-to-text|ro|permissive,41
audio-text-to-text|sk|permissive,40
audio-text-to-text|sl|permissive,40
audio-text-to-text|sr|permissive,41
audio-text-to-text|sw|permissive,41
audio-text-to-text|ta|permissive,34
audio-text-to-text|th|permissive,41
audio-text-to-text|ur|permissive,40
text-to-audio|ps|permissive,1
image-classification|zh|other,2
visual-document-retrieval|de|permissive,10
visual-document-retrieval|es|permissive,10
visual-document-retrieval|it|permissive,10
image-text-to-text|as|other,2
image-text-to-text|bn|other,5
image-text-to-text|gu|other,3
image-text-to-text|hi|other,30
image-text-to-text|kn|other,4
image-text-to-text|ml|other,5
image-text-to-text|mr|other,4
image-text-to-text|or|other,3
image-text-to-text|ta|other,6
image-text-to-text|te|other,4
unk|as|other,3
unk|sa|other,4
token-classification|en|vendor_custom,5
token-classification|tr|vendor_custom,1
image-to-video|vi|permissive,1
reinforcement-learning|zh|permissive,42
audio-to-audio|hi|unknown,1
audio-to-audio|pa|unknown,1
unconditional-image-generation|pl|permissive,1
unk|fa|vendor_custom,3
visual-document-retrieval|unk|noncommercial,4
reinforcement-learning|hi|permissive,1
automatic-speech-recognition|bm|permissive,14
text-to-audio|uz|permissive,1
translation|vi|copyleft,6
unk|fi|other,4
sentence-similarity|ce|permissive,2
sentence-similarity|dv|permissive,4
sentence-similarity|gn|permissive,2
sentence-similarity|gv|permissive,2
sentence-similarity|nn|permissive,10
table-question-answering|unk|responsible_ai,1
summarization|ru|noncommercial,3
audio-text-to-text|unk|other,4
translation|ar|other,15
translation|bn|other,7
translation|cs|other,8
translation|de|other,15
translation|fa|other,7
translation|fr|other,20
translation|he|other,5
translation|hi|other,10
translation|id|other,8
translation|it|other,12
translation|km|other,5
translation|ko|other,13
translation|lo|other,3
translation|ms|other,7
translation|my|other,6
translation|nl|other,8
translation|pl|other,8
translation|pt|other,12
translation|ru|other,13
translation|th|other,11
translation|tl|other,5
translation|tr|other,8
translation|ur|other,6
translation|vi|other,9
translation|zh|other,20
text-to-image|mn|permissive,1
text-to-image|ca|permissive,2
audio-classification|ak|permissive,1
audio-classification|an|permissive,1
audio-classification|av|permissive,1
audio-classification|ay|permissive,1
text-generation|bs|vendor_custom,6
text-generation|hr|vendor_custom,8
graph-ml|unk|noncommercial,4
audio-classification|ar|unknown,6
unk|tr|no_derivatives,2
text-classification|ml|noncommercial,4
text-classification|ta|noncommercial,4
object-detection|ka|copyleft,1
feature-extraction|ar|vendor_custom,1
video-to-video|en|other,8
video-to-video|zh|other,3
image-text-to-text|dv|noncommercial,1
any-to-any|tr|permissive,5
image-classification|fa|permissive,4
text-to-speech|id|unknown,4
text-to-image|te|vendor_custom,1
zero-shot-classification|unk|responsible_ai,2
robotics|en|other,36
image-to-video|unk|responsible_ai,10
automatic-speech-recognition|de|responsible_ai,1
audio-to-audio|tl|permissive,1
unk|eu|vendor_custom,7
question-answering|ay|permissive,1
question-answering|bi|permissive,1
question-answering|bo|permissive,2
question-answering|ch|permissive,1
question-answering|cr|permissive,1
question-answering|cu|permissive,1
question-answering|dv|permissive,2
question-answering|ee|permissive,1
question-answering|ff|permissive,1
question-answering|fj|permissive,1
question-answering|fo|permissive,1
question-answering|ho|permissive,1
token-classification|ru|vendor_custom,1
other|am|permissive,1
other|bn|permissive,2
other|de|permissive,2
other|es|permissive,2
other|fr|permissive,2
other|pl|permissive,2
other|sw|permissive,2
other|uz|permissive,1
video-text-to-text|unk|noncommercial,9
voice-activity-detection|tr|permissive,4
summarization|et|vendor_custom,1
text-to-video|unk|copyleft,3
any-to-any|en|responsible_ai,2
any-to-any|te|responsible_ai,1
unk|aa|other,3
image-classification|hi|permissive,5
text-to-audio|tk|permissive,1
zero-shot-object-detection|en|unknown,2
document-question-answering|ru|noncommercial,2
text-generation|tl|vendor_custom,9
text-generation|ur|vendor_custom,10
unk|nd|unknown,1
unk|sn|unknown,1
fill-mask|lb|permissive,4
reinforcement-learning|en|other,9
question-answering|af|vendor_custom,3
question-answering|am|vendor_custom,1
question-answering|ca|vendor_custom,1
question-answering|ur|vendor_custom,2
tabular-classification|unk|copyleft,8
text-generation|km|responsible_ai,1
fill-mask|af|other,1
fill-mask|an|other,1
fill-mask|ar|other,3
fill-mask|az|other,1
fill-mask|ba|other,2
fill-mask|be|other,1
fill-mask|br|other,1
fill-mask|bs|other,1
fill-mask|ca|other,1
fill-mask|ce|other,1
fill-mask|cv|other,1
fill-mask|cy|other,1
fill-mask|eu|other,1
fill-mask|fa|other,1
fill-mask|gl|other,1
fill-mask|gu|other,1
fill-mask|he|other,1
fill-mask|ht|other,1
fill-mask|hy|other,1
fill-mask|io|other,1
fill-mask|is|other,1
fill-mask|jv|other,1
fill-mask|ka|other,1
fill-mask|kk|other,1
fill-mask|kn|other,1
fill-mask|ky|other,2
fill-mask|la|other,1
fill-mask|mg|other,1
fill-mask|mk|other,1
fill-mask|ml|other,1
fill-mask|mr|other,1
fill-mask|ms|other,1
fill-mask|my|other,1
fill-mask|nb|other,1
fill-mask|ne|other,1
fill-mask|nn|other,1
fill-mask|oc|other,1
fill-mask|pa|other,1
fill-mask|ru|other,3
fill-mask|sq|other,1
fill-mask|sr|other,1
fill-mask|su|other,1
fill-mask|sw|other,1
fill-mask|ta|other,1
fill-mask|tg|other,1
fill-mask|tl|other,1
fill-mask|tr|other,3
fill-mask|tt|other,1
fill-mask|uk|other,1
fill-mask|uz|other,1
fill-mask|vi|other,4
fill-mask|vo|other,1
fill-mask|yo|other,1
summarization|kn|unknown,1
tabular-classification|pl|unknown,1
image-to-video|zh|permissive,103
audio-classification|id|unknown,5
translation|wo|unknown,7
image-to-3d|zh|permissive,2
audio-to-audio|bh|copyleft,1
audio-to-audio|gu|copyleft,2
audio-to-audio|hi|copyleft,2
audio-to-audio|mr|copyleft,2
fill-mask|nl|copyleft,3
audio-text-to-text|ar|unknown,1
text-to-audio|pt|permissive,21
unk|ha|other,7
unk|sw|other,6
text-to-image|bm|permissive,1
text-to-image|bo|permissive,1
text-to-image|br|permissive,1
text-to-image|bs|permissive,1
text-to-image|ce|permissive,1
text-to-image|co|permissive,1
text-to-image|cr|permissive,1
text-to-image|cs|permissive,1
text-to-image|cu|permissive,1
text-to-image|cv|permissive,1
text-to-image|cy|permissive,1
text-to-image|da|permissive,1
text-to-image|dv|permissive,1
text-to-image|dz|permissive,1
text-to-image|ee|permissive,1
text-to-image|el|permissive,1
text-to-image|eo|permissive,1
text-to-image|et|permissive,1
text-to-image|ff|permissive,1
text-to-image|fi|permissive,1
text-to-image|fj|permissive,1
text-to-image|fo|permissive,1
text-to-image|fy|permissive,1
text-to-image|ga|permissive,13
text-to-image|gd|permissive,1
text-to-image|gl|permissive,1
text-to-image|gn|permissive,1
text-to-image|gu|permissive,1
text-to-image|gv|permissive,1
text-to-image|ha|permissive,2
text-to-image|he|permissive,2
text-to-image|ho|permissive,1
text-to-image|hr|permissive,1
text-to-image|ht|permissive,1
text-to-image|hu|permissive,1
text-to-image|hy|permissive,1
text-to-image|hz|permissive,1
text-to-image|ia|permissive,1
text-to-image|id|permissive,4
text-to-image|ig|permissive,2
text-to-image|ii|permissive,1
text-to-image|ik|permissive,1
text-to-image|io|permissive,1
text-to-image|is|permissive,1
text-to-image|iu|permissive,1
text-to-image|ka|permissive,1
text-to-image|ki|permissive,1
text-to-image|kj|permissive,1
text-to-image|kk|permissive,2
text-to-image|kl|permissive,1
text-to-image|km|permissive,2
text-to-image|kn|permissive,1
reinforcement-learning|av|permissive,1
audio-text-to-text|de|unknown,2
graph-ml|id|unknown,1
image-text-to-text|he|noncommercial,13
image-text-to-text|nl|noncommercial,16
automatic-speech-recognition|ks|unknown,5
text-ranking|br|permissive,3
text-ranking|ff|permissive,3
text-ranking|gn|permissive,3
text-ranking|ig|permissive,3
text-ranking|lg|permissive,3
text-ranking|li|permissive,3
text-ranking|ln|permissive,3
text-ranking|om|permissive,3
text-ranking|rm|permissive,3
text-ranking|sa|permissive,3
text-ranking|sc|permissive,3
text-ranking|ss|permissive,3
text-ranking|tn|permissive,3
text-ranking|ug|permissive,3
text-ranking|wo|permissive,3
text-ranking|xh|permissive,3
text-ranking|zu|permissive,3
audio-text-to-text|si|permissive,1
translation|ae|unknown,1
any-to-any|ta|permissive,2
any-to-any|te|permissive,2
text-to-audio|ab|permissive,2
zero-shot-classification|unk|other,2
token-classification|am|vendor_custom,1
token-classification|ar|vendor_custom,2
token-classification|es|vendor_custom,3
token-classification|fr|vendor_custom,2
token-classification|ha|vendor_custom,1
token-classification|ig|vendor_custom,1
token-classification|ln|vendor_custom,1
token-classification|pt|vendor_custom,1
token-classification|sw|vendor_custom,1
token-classification|wo|vendor_custom,1
token-classification|xh|vendor_custom,1
token-classification|yo|vendor_custom,1
token-classification|zu|vendor_custom,1
text-to-audio|ae|responsible_ai,1
text-to-audio|ak|responsible_ai,1
unk|gu|vendor_custom,16
unk|mr|vendor_custom,17
automatic-speech-recognition|ak|copyleft,2
text-classification|aa|vendor_custom,2
text-classification|ab|vendor_custom,1
any-to-any|ro|unknown,2
reinforcement-learning|ja|permissive,1
fill-mask|zh|vendor_custom,1
question-answering|nd|responsible_ai,1
question-answering|sn|responsible_ai,1
question-answering|zu|responsible_ai,1
unk|hu|vendor_custom,4
sentence-similarity|lb|copyleft,2
image-to-3d|en|noncommercial,9
visual-document-retrieval|unk|copyleft,1
table-question-answering|ae|unknown,1
table-question-answering|he|unknown,1
table-question-answering|hi|unknown,1
audio-text-to-text|en|other,26
audio-text-to-text|id|other,1
audio-text-to-text|th|other,1
audio-text-to-text|vi|other,1
audio-text-to-text|zh|other,2
image-segmentation|en|vendor_custom,3
question-answering|id|vendor_custom,3
text-ranking|unk|other,9
video-text-to-text|unk|other,8
zero-shot-object-detection|unk|copyleft,17
image-segmentation|zh|permissive,14
image-classification|ar|copyleft,4
sentence-similarity|aa|responsible_ai,1
text-generation|av|vendor_custom,1
text-to-video|ru|permissive,5
zero-shot-object-detection|en|permissive,5
zero-shot-object-detection|fr|permissive,1
automatic-speech-recognition|es|copyleft,11
automatic-speech-recognition|it|copyleft,10
automatic-speech-recognition|ja|copyleft,11
automatic-speech-recognition|kn|copyleft,4
automatic-speech-recognition|kr|copyleft,5
automatic-speech-recognition|nl|copyleft,9
automatic-speech-recognition|pt|copyleft,10
automatic-speech-recognition|ru|copyleft,9
automatic-speech-recognition|ta|copyleft,7
text-classification|tt|responsible_ai,8
text-to-speech|ca|unknown,4
text-to-speech|cs|unknown,4
text-to-speech|cy|unknown,2
text-to-speech|ka|unknown,3
text-to-speech|kk|unknown,5
text-to-speech|lb|unknown,2
text-to-speech|lv|unknown,2
text-to-speech|ne|unknown,6
text-to-speech|no|unknown,4
text-to-speech|sk|unknown,2
text-to-speech|sr|unknown,2
image-text-to-text|fa|vendor_custom,2
image-text-to-text|ar|vendor_custom,15
image-text-to-text|id|vendor_custom,11
image-text-to-text|ja|vendor_custom,18
image-text-to-text|ml|vendor_custom,4
image-text-to-text|ru|vendor_custom,7
object-detection|de|responsible_ai,1
object-detection|es|responsible_ai,1
object-detection|fr|responsible_ai,1
object-detection|ja|responsible_ai,1
object-detection|pt|responsible_ai,1
object-detection|ru|responsible_ai,1
object-detection|tr|responsible_ai,1
object-detection|vi|responsible_ai,1
object-detection|zh|responsible_ai,1
automatic-speech-recognition|unk|vendor_custom,1
text-to-speech|de|vendor_custom,4
video-text-to-text|ae|permissive,1
question-answering|kk|unknown,1
sentence-similarity|an|responsible_ai,1
text-generation|ne|vendor_custom,8
translation|yo|responsible_ai,1
text-to-audio|id|permissive,1
object-detection|la|permissive,2
text-to-image|nl|responsible_ai,2
image-text-to-text|he|permissive,47
translation|ae|permissive,3
text-classification|ab|unknown,1
robotics|unk|copyleft,11
any-to-any|pt|permissive,8
any-to-any|th|permissive,5
visual-document-retrieval|de|unknown,1
visual-document-retrieval|en|unknown,3
visual-document-retrieval|es|unknown,1
visual-document-retrieval|fr|unknown,1
visual-document-retrieval|it|unknown,1
text-to-speech|es|vendor_custom,3
text-to-speech|it|vendor_custom,3
image-text-to-text|he|vendor_custom,1
text-to-speech|en|vendor_custom,8
fill-mask|af|responsible_ai,1
token-classification|ch|other,1
any-to-any|pl|noncommercial,1
graph-ml|id|permissive,3
question-answering|nl|noncommercial,1
image-text-to-text|ar|other,38
unk|uk|vendor_custom,4
reinforcement-learning|en|vendor_custom,12
image-to-text|oc|permissive,1
token-classification|pt|responsible_ai,2
image-text-to-text|tl|vendor_custom,5
image-text-to-text|vi|vendor_custom,8
audio-to-audio|en|vendor_custom,4
audio-classification|de|copyleft,1
audio-classification|es|copyleft,1
audio-classification|fr|copyleft,1
audio-classification|it|copyleft,1
audio-classification|ja|copyleft,1
audio-classification|ko|copyleft,1
audio-classification|pt|copyleft,1
text-to-speech|fr|vendor_custom,3
text-to-speech|zh|vendor_custom,4
image-text-to-text|sa|unknown,1
text-classification|ae|unknown,1
audio-text-to-text|unk|vendor_custom,2
object-detection|vi|unknown,1
text-to-speech|kn|unknown,10
text-to-speech|ml|unknown,9
text-to-speech|or|unknown,8
image-to-image|zh|unknown,4
text-to-image|uk|permissive,3
image-text-to-text|id|unknown,6
image-text-to-text|tl|unknown,4
image-text-to-text|ar|responsible_ai,1
image-text-to-text|de|responsible_ai,1
image-text-to-text|es|responsible_ai,1
image-text-to-text|fr|responsible_ai,2
image-text-to-text|hi|responsible_ai,1
image-text-to-text|id|responsible_ai,1
image-text-to-text|it|responsible_ai,1
image-text-to-text|pt|responsible_ai,1
image-text-to-text|th|responsible_ai,1
image-text-to-text|tl|responsible_ai,1
image-text-to-text|vi|responsible_ai,1
translation|uk|vendor_custom,6
object-detection|km|permissive,2
text-to-speech|bm|noncommercial,4
text-to-speech|de|responsible_ai,11
text-to-audio|ta|unknown,1
question-answering|tk|permissive,2
text-generation|ay|responsible_ai,1
image-classification|sl|permissive,1
object-detection|cv|permissive,3
mask-generation|aa|responsible_ai,1
mask-generation|ae|responsible_ai,1
table-question-answering|zh|permissive,2
voice-activity-detection|unk|noncommercial,12
image-to-image|zh|permissive,92
text-generation|as|vendor_custom,9
depth-estimation|ar|responsible_ai,1
other|en|responsible_ai,2
image-to-image|ru|permissive,3
object-detection|dv|permissive,1
object-detection|nl|permissive,2
image-to-text|yi|permissive,2
question-answering|si|copyleft,2
text-to-speech|he|unknown,4
translation|bh|permissive,2
question-answering|ch|unknown,1
video-text-to-text|ja|permissive,1
question-answering|ur|unknown,1
text-to-video|ae|permissive,11
text-to-video|ak|permissive,11
fill-mask|ae|responsible_ai,1
fill-mask|am|responsible_ai,1
fill-mask|av|responsible_ai,1
text-to-video|zh|noncommercial,2
text-ranking|ab|permissive,3
text-ranking|ae|permissive,2
text-ranking|an|permissive,1
text-ranking|bh|permissive,1
text-to-audio|ja|permissive,41
text-to-audio|tr|permissive,15
question-answering|vi|responsible_ai,1
text-to-speech|is|other,22
text-to-audio|fa|permissive,1
image-classification|yo|permissive,1
text-to-image|km|unknown,1
text-to-3d|aa|unknown,1
text-to-3d|ab|unknown,1
text-to-3d|ae|unknown,1
text-to-3d|af|unknown,1
text-to-3d|ak|unknown,1
text-to-3d|am|unknown,1
text-to-3d|an|unknown,1
text-to-3d|ar|unknown,1
text-to-3d|as|unknown,1
text-to-3d|av|unknown,1
text-to-3d|ay|unknown,1
text-to-3d|az|unknown,1
text-to-3d|ba|unknown,1
text-to-3d|be|unknown,1
text-to-3d|bg|unknown,1
text-to-3d|bh|unknown,1
text-to-3d|bi|unknown,1
text-to-3d|bm|unknown,1
text-to-3d|bn|unknown,1
text-to-3d|bo|unknown,1
text-to-3d|cs|unknown,1
text-to-3d|cy|unknown,1
text-to-3d|en|unknown,1
text-to-3d|fr|unknown,1
unk|rm|vendor_custom,2
unk|ur|vendor_custom,4
image-to-image|hi|permissive,2
robotics|unk|other,333
unk|am|vendor_custom,4
image-classification|gl|permissive,1
text-to-audio|br|permissive,1
image-to-3d|unk|copyleft,6
image-to-image|fr|other,3
object-detection|ko|permissive,7
text-classification|uk|vendor_custom,1
table-question-answering|tk|permissive,1
image-classification|mr|permissive,3
tabular-regression|id|permissive,6
text-generation|ak|other,3
table-question-answering|en|other,2
unk|ak|other,2
voice-activity-detection|de|other,1
voice-activity-detection|en|other,6
voice-activity-detection|es|other,1
voice-activity-detection|fr|other,1
voice-activity-detection|ru|other,1
voice-activity-detection|zh|other,3
unk|mi|copyleft,4
audio-classification|bn|other,2
text-retrieval|unk|permissive,12
text-to-3d|es|permissive,1
unk|ae|noncommercial,1
keypoint-detection|unk|noncommercial,15
image-to-text|id|permissive,6
text-classification|br|unknown,1
text-classification|bs|unknown,1
text-classification|fy|unknown,1
text-classification|gd|unknown,1
text-classification|jv|unknown,1
text-classification|mg|unknown,1
text-classification|om|unknown,1
text-classification|sd|unknown,1
text-classification|su|unknown,1
text-classification|ug|unknown,1
text-classification|xh|unknown,1
text-classification|yi|unknown,1
automatic-speech-recognition|sw|copyleft,5
image-classification|pl|unknown,1
token-classification|ca|noncommercial,1
image-to-text|tr|noncommercial,2
mask-generation|bn|unknown,1
token-classification|ti|permissive,3
text-to-image|tr|permissive,4
graph-ml|tr|permissive,2
text-generation|ti|vendor_custom,1
image-segmentation|ja|permissive,6
automatic-speech-recognition|ak|permissive,14
automatic-speech-recognition|kg|permissive,6
automatic-speech-recognition|lu|permissive,6
automatic-speech-recognition|ny|permissive,15
automatic-speech-recognition|om|permissive,9
automatic-speech-recognition|sg|permissive,6
automatic-speech-recognition|ss|permissive,7
automatic-speech-recognition|st|permissive,8
automatic-speech-recognition|ti|permissive,9
automatic-speech-recognition|tn|permissive,10
automatic-speech-recognition|ts|permissive,8
automatic-speech-recognition|ve|permissive,8
image-to-text|el|permissive,5
question-answering|ur|responsible_ai,1
token-classification|unk|vendor_custom,3
image-text-to-text|bg|other,2
image-text-to-text|ca|other,2
image-text-to-text|cs|other,3
image-text-to-text|cy|other,2
image-text-to-text|da|other,2
image-text-to-text|el|other,2
image-text-to-text|et|other,2
image-text-to-text|eu|other,2
image-text-to-text|fi|other,3
image-text-to-text|ga|other,2
image-text-to-text|gl|other,2
image-text-to-text|hr|other,2
image-text-to-text|hu|other,2
image-text-to-text|lt|other,2
image-text-to-text|lv|other,2
image-text-to-text|mt|other,2
image-text-to-text|nl|other,5
image-text-to-text|nn|other,7
image-text-to-text|oc|other,2
image-text-to-text|pl|other,13
image-text-to-text|ro|other,3
image-text-to-text|sk|other,2
image-text-to-text|sl|other,2
image-text-to-text|sr|other,3
image-text-to-text|sv|other,4
image-text-to-text|uk|other,3
image-feature-extraction|en|unknown,4
unk|ca|vendor_custom,6
unk|gl|vendor_custom,6
question-answering|si|unknown,1
image-text-to-text|tr|vendor_custom,4
token-classification|th|responsible_ai,1
text-classification|ee|permissive,2
text-classification|zu|permissive,11
token-classification|ln|permissive,1
automatic-speech-recognition|bh|permissive,1
object-detection|sv|permissive,5
graph-ml|id|responsible_ai,1
text-classification|jv|noncommercial,6
video-text-to-text|zh|noncommercial,5
time-series-forecasting|unk|other,18
unk|km|vendor_custom,1
sentence-similarity|unk|responsible_ai,2
translation|ak|unknown,4
translation|be|unknown,8
translation|bg|unknown,28
translation|bm|unknown,4
translation|bs|unknown,6
translation|cy|unknown,9
translation|da|unknown,19
translation|ee|unknown,4
translation|el|unknown,20
translation|eo|unknown,5
translation|eu|unknown,14
translation|fj|unknown,4
translation|fo|unknown,4
translation|ga|unknown,10
translation|gd|unknown,6
translation|gn|unknown,4
translation|ha|unknown,8
translation|ht|unknown,6
translation|hy|unknown,7
translation|jv|unknown,6
translation|kg|unknown,4
translation|ki|unknown,4
translation|ks|unknown,5
translation|ky|unknown,5
translation|lb|unknown,6
translation|lg|unknown,6
translation|li|unknown,4
translation|ln|unknown,6
translation|mi|unknown,4
translation|mt|unknown,5
translation|nb|unknown,6
translation|nn|unknown,5
translation|ny|unknown,4
translation|oc|unknown,7
translation|rn|unknown,4
translation|rw|unknown,4
translation|sa|unknown,4
translation|sc|unknown,4
translation|sd|unknown,6
translation|sg|unknown,4
translation|sk|unknown,17
translation|sm|unknown,4
translation|sn|unknown,4
translation|so|unknown,6
translation|sr|unknown,7
translation|ss|unknown,6
translation|st|unknown,4
translation|su|unknown,6
translation|tg|unknown,4
translation|tk|unknown,4
translation|tn|unknown,6
translation|ts|unknown,4
translation|tt|unknown,4
translation|tw|unknown,4
translation|ug|unknown,30
translation|yo|unknown,6
translation|zu|unknown,6
translation|br|unknown,2
translation|ff|unknown,3
translation|fy|unknown,2
translation|mg|unknown,2
translation|no|unknown,5
translation|sq|unknown,9
translation|uz|unknown,4
translation|yi|unknown,2
text-to-speech|eu|unknown,2
unk|ne|other,10
image-to-image|en|noncommercial,20
text-to-speech|ae|vendor_custom,1
text-to-speech|af|vendor_custom,1
table-question-answering|ko|permissive,1
audio-text-to-text|an|vendor_custom,1
audio-text-to-text|ru|vendor_custom,2
token-classification|ks|permissive,7
image-to-text|pt|unknown,2
text-to-image|nd|permissive,1
text-to-image|nr|permissive,1
text-to-image|st|permissive,1
text-to-image|tn|permissive,1
text-to-image|ts|permissive,1
text-to-image|xh|permissive,1
text-to-image|zu|permissive,1
text-ranking|vi|unknown,2
question-answering|vi|copyleft,1
image-text-to-text|ak|other,1
table-question-answering|an|permissive,1
graph-ml|unk|other,6
text-to-image|hi|responsible_ai,2
text-to-audio|af|permissive,1
visual-document-retrieval|en|other,1
zero-shot-classification|an|responsible_ai,1
token-classification|da|noncommercial,3
token-classification|et|noncommercial,5
token-classification|fi|noncommercial,3
token-classification|lt|noncommercial,3
token-classification|lv|noncommercial,3
token-classification|no|noncommercial,3
token-classification|ro|noncommercial,3
token-classification|sv|noncommercial,5
image-classification|ku|permissive,1
tabular-classification|ar|permissive,1
tabular-classification|fa|permissive,1
tabular-classification|ku|permissive,1
unk|tl|vendor_custom,3
text-ranking|aa|responsible_ai,1
translation|as|copyleft,3
translation|bn|copyleft,4
translation|gu|copyleft,3
translation|kn|copyleft,3
translation|ks|copyleft,3
translation|ml|copyleft,3
translation|mr|copyleft,3
translation|ne|copyleft,3
translation|or|copyleft,4
translation|pa|copyleft,3
translation|sa|copyleft,3
translation|sd|copyleft,3
translation|ta|copyleft,3
translation|te|copyleft,3
translation|ur|copyleft,3
unk|tw|copyleft,4
image-text-to-text|fa|unknown,2
automatic-speech-recognition|bm|unknown,12
object-detection|ko|unknown,2
text-generation|is|noncommercial,4
text-to-speech|az|unknown,2
text-to-speech|ky|unknown,3
text-to-speech|tk|unknown,2
text-to-speech|uz|unknown,3
audio-to-audio|ae|permissive,2
audio-to-audio|af|permissive,1
audio-to-audio|ak|permissive,1
audio-to-audio|an|permissive,1
audio-to-audio|av|permissive,3
image-to-video|en|noncommercial,16
visual-question-answering|unk|noncommercial,2
text-to-speech|cv|noncommercial,2
automatic-speech-recognition|nd|permissive,1
image-classification|ml|unknown,1
image-classification|ta|unknown,1
text-to-speech|zu|permissive,3
token-classification|dv|permissive,3
any-to-any|unk|copyleft,1
audio-to-audio|hi|noncommercial,4
text-retrieval|am|permissive,3
feature-extraction|bm|permissive,1
image-to-3d|hi|permissive,1
image-to-3d|ur|permissive,1
text-to-video|bn|permissive,11
text-to-video|zh|responsible_ai,1
image-text-to-text|aa|unknown,1
voice-activity-detection|unk|other,17
zero-shot-image-classification|unk|vendor_custom,1
audio-text-to-text|id|permissive,9
visual-document-retrieval|unk|other,5
image-to-text|ja|unknown,3
summarization|lo|vendor_custom,2
unk|de|no_derivatives,2
video-text-to-text|ta|permissive,1
image-classification|pa|permissive,2
audio-classification|bm|permissive,2
table-question-answering|af|responsible_ai,1
text-to-image|oc|other,2
text-to-speech|nb|other,3
text-to-speech|nn|other,15
text-to-speech|no|other,22
sentence-similarity|av|responsible_ai,1
any-to-any|aa|unknown,1
text-to-3d|ar|responsible_ai,1
tabular-classification|fr|permissive,6
translation|an|unknown,1
image-to-image|ae|permissive,3
automatic-speech-recognition|ha|copyleft,3
text-to-video|am|copyleft,1
unk|tn|noncommercial,2
automatic-speech-recognition|ae|permissive,3
automatic-speech-recognition|av|permissive,1
image-classification|pt|unknown,1
translation|da|other,3
translation|fi|other,3
translation|hr|other,2
translation|hu|other,3
translation|nb|other,2
translation|no|other,3
translation|ro|other,3
translation|sv|other,3
translation|uk|other,6
visual-question-answering|ja|other,1
text-generation|ba|other,3
text-generation|be|other,4
text-generation|bs|other,3
text-generation|fo|other,4
text-generation|lb|other,3
text-generation|li|other,3
text-generation|nb|other,10
text-generation|nn|other,8
text-generation|oc|other,3
text-generation|sc|other,3
text-generation|si|other,4
text-generation|su|other,3
text-generation|tg|other,9
text-generation|tt|other,3
token-classification|aa|permissive,3
sentence-similarity|de|copyleft,3
reinforcement-learning|aa|unknown,2
reinforcement-learning|ae|unknown,1
reinforcement-learning|ak|unknown,1
reinforcement-learning|am|unknown,1
reinforcement-learning|ar|unknown,1
reinforcement-learning|av|unknown,1
reinforcement-learning|ay|unknown,1
reinforcement-learning|ba|unknown,1
reinforcement-learning|be|unknown,1
reinforcement-learning|bh|unknown,1
reinforcement-learning|bm|unknown,1
reinforcement-learning|bo|unknown,1
reinforcement-learning|as|unknown,1
sentence-similarity|unk|vendor_custom,59
audio-text-to-text|ko|permissive,16
sentence-similarity|fr|copyleft,2
translation|kn|vendor_custom,4
translation|ta|vendor_custom,9
translation|te|vendor_custom,4
unk|ab|vendor_custom,1
unk|ae|vendor_custom,1
unk|af|vendor_custom,1
unk|ak|vendor_custom,1
unk|an|vendor_custom,2
unk|as|vendor_custom,2
unk|av|vendor_custom,2
unk|ay|vendor_custom,1
unk|az|vendor_custom,1
unk|ba|vendor_custom,1
unk|be|vendor_custom,1
unk|bh|vendor_custom,1
unk|bi|vendor_custom,1
unk|bm|vendor_custom,1
unk|br|vendor_custom,1
unk|bs|vendor_custom,1
unk|ce|vendor_custom,1
unk|ch|vendor_custom,1
unk|co|vendor_custom,1
unk|cr|vendor_custom,1
unk|cs|vendor_custom,1
unk|cu|vendor_custom,1
unk|cv|vendor_custom,1
unk|cy|vendor_custom,1
unk|da|vendor_custom,2
unk|dv|vendor_custom,1
unk|dz|vendor_custom,1
unk|ee|vendor_custom,1
unk|eo|vendor_custom,1
unk|et|vendor_custom,1
unk|ff|vendor_custom,1
unk|fj|vendor_custom,1
unk|fo|vendor_custom,1
unk|fy|vendor_custom,2
unk|ga|vendor_custom,1
unk|gd|vendor_custom,1
unk|gn|vendor_custom,1
unk|gv|vendor_custom,1
unk|ha|vendor_custom,4
unk|he|vendor_custom,5
unk|ho|vendor_custom,1
unk|hr|vendor_custom,1
unk|ht|vendor_custom,1
unk|hy|vendor_custom,1
unk|hz|vendor_custom,1
unk|ia|vendor_custom,1
unk|ie|vendor_custom,1
unk|ig|vendor_custom,2
unk|ii|vendor_custom,1
unk|ik|vendor_custom,1
unk|io|vendor_custom,1
unk|iu|vendor_custom,1
unk|ka|vendor_custom,1
unk|kg|vendor_custom,1
unk|ki|vendor_custom,1
unk|kj|vendor_custom,1
unk|kl|vendor_custom,1
image-to-video|ab|responsible_ai,1
unk|gn|responsible_ai,3
text-classification|af|noncommercial,2
text-classification|am|noncommercial,2
text-classification|as|noncommercial,2
text-classification|be|noncommercial,2
text-classification|br|noncommercial,2
text-classification|bs|noncommercial,2
text-classification|ca|noncommercial,3
text-classification|cs|noncommercial,2
text-classification|cy|noncommercial,2
text-classification|da|noncommercial,2
text-classification|eo|noncommercial,2
text-classification|et|noncommercial,2
text-classification|eu|noncommercial,3
text-classification|fi|noncommercial,2
text-classification|fy|noncommercial,2
text-classification|ga|noncommercial,2
text-classification|gd|noncommercial,2
text-classification|gl|noncommercial,3
text-classification|gu|noncommercial,2
text-classification|ha|noncommercial,4
text-classification|hr|noncommercial,2
text-classification|hy|noncommercial,2
text-classification|is|noncommercial,4
text-classification|ka|noncommercial,2
text-classification|kk|noncommercial,2
text-classification|km|noncommercial,2
text-classification|kn|noncommercial,3
text-classification|ku|noncommercial,2
text-classification|ky|noncommercial,2
text-classification|la|noncommercial,2
text-classification|lo|noncommercial,2
text-classification|lt|noncommercial,2
text-classification|lv|noncommercial,2
text-classification|mg|noncommercial,2
text-classification|mk|noncommercial,2
text-classification|mn|noncommercial,2
text-classification|my|noncommercial,2
text-classification|ne|noncommercial,2
text-classification|om|noncommercial,2
text-classification|or|noncommercial,2
text-classification|pa|noncommercial,2
text-classification|ps|noncommercial,2
text-classification|ro|noncommercial,2
text-classification|sa|noncommercial,4
text-classification|sd|noncommercial,2
text-classification|si|noncommercial,3
text-classification|sk|noncommercial,2
text-classification|sl|noncommercial,2
text-classification|so|noncommercial,2
text-classification|sq|noncommercial,2
text-classification|sr|noncommercial,2
text-classification|su|noncommercial,2
text-classification|sv|noncommercial,2
text-classification|ug|noncommercial,2
text-classification|uz|noncommercial,2
text-classification|xh|noncommercial,2
text-classification|yi|noncommercial,2
text-to-speech|ca|other,25
text-to-speech|sc|noncommercial,2
graph-ml|en|responsible_ai,3
text-to-3d|unk|noncommercial,1
text-to-speech|sa|unknown,4
automatic-speech-recognition|to|permissive,2
text-to-speech|kr|noncommercial,1
any-to-any|pl|permissive,3
any-to-any|ro|permissive,1
any-to-any|ru|permissive,10
any-to-any|sr|permissive,1
any-to-any|sv|permissive,3
any-to-any|uk|permissive,3
any-to-any|vi|permissive,3
image-to-image|fr|unknown,1
audio-classification|es|responsible_ai,2
audio-classification|bn|responsible_ai,2
audio-classification|hi|responsible_ai,2
audio-classification|kn|responsible_ai,2
audio-classification|ml|responsible_ai,2
audio-classification|mr|responsible_ai,2
audio-classification|ne|responsible_ai,2
audio-classification|ta|responsible_ai,2
audio-classification|te|responsible_ai,2
audio-classification|ur|responsible_ai,2
audio-classification|fr|responsible_ai,2
audio-classification|th|responsible_ai,2
audio-classification|de|responsible_ai,2
image-text-to-text|fi|unknown,1
image-text-to-text|mi|unknown,1
image-text-to-text|te|unknown,1
audio-classification|ar|responsible_ai,2
audio-classification|bo|responsible_ai,2
text-generation|uz|unknown,6
text-to-speech|ki|noncommercial,2
unk|zu|vendor_custom,1
text-to-image|se|copyleft,1
text-classification|mt|copyleft,2
unconditional-image-generation|en|noncommercial,4
image-feature-extraction|unk|vendor_custom,2
text-to-image|ab|responsible_ai,1
text-to-image|ar|responsible_ai,3
text-to-image|be|responsible_ai,1
text-to-image|ch|responsible_ai,1
image-to-text|af|copyleft,1
image-to-text|am|copyleft,1
image-to-text|as|copyleft,1
image-to-text|az|copyleft,1
image-to-text|be|copyleft,1
image-to-text|bg|copyleft,1
image-to-text|bn|copyleft,1
image-to-text|br|copyleft,1
image-to-text|bs|copyleft,1
image-to-text|ca|copyleft,1
image-to-text|cs|copyleft,1
image-to-text|cy|copyleft,1
image-to-text|da|copyleft,1
image-to-text|de|copyleft,1
image-to-text|el|copyleft,1
image-to-text|eo|copyleft,1
image-to-text|es|copyleft,1
image-to-text|et|copyleft,1
image-to-text|eu|copyleft,1
image-to-text|fa|copyleft,1
image-to-text|fi|copyleft,1
image-to-text|fr|copyleft,1
image-to-text|fy|copyleft,1
image-to-text|ga|copyleft,1
image-to-text|gd|copyleft,1
image-to-text|gl|copyleft,1
image-to-text|gu|copyleft,1
image-to-text|ha|copyleft,1
image-to-text|he|copyleft,1
image-to-text|hi|copyleft,1
image-to-text|hr|copyleft,1
image-to-text|hu|copyleft,1
image-to-text|hy|copyleft,1
image-to-text|id|copyleft,1
image-to-text|is|copyleft,1
image-to-text|it|copyleft,1
image-to-text|ja|copyleft,5
image-to-text|jv|copyleft,1
image-to-text|ka|copyleft,1
image-to-text|kk|copyleft,1
image-to-text|km|copyleft,1
image-to-text|kn|copyleft,1
image-to-text|ko|copyleft,1
image-to-text|ku|copyleft,1
image-to-text|ky|copyleft,1
image-to-text|la|copyleft,1
image-to-text|lo|copyleft,1
image-to-text|lt|copyleft,1
image-to-text|lv|copyleft,1
image-to-text|mg|copyleft,1
image-to-text|mk|copyleft,1
image-to-text|ml|copyleft,1
image-to-text|mn|copyleft,1
image-to-text|mr|copyleft,1
image-to-text|ms|copyleft,1
image-to-text|my|copyleft,1
image-to-text|ne|copyleft,1
image-to-text|nl|copyleft,1
image-to-text|no|copyleft,1
image-to-text|om|copyleft,1
image-to-text|or|copyleft,1
image-to-text|pa|copyleft,1
image-to-text|pl|copyleft,1
image-to-text|ps|copyleft,1
image-to-text|pt|copyleft,1
image-to-text|ro|copyleft,1
image-to-text|ru|copyleft,1
image-to-text|sa|copyleft,1
image-to-text|sd|copyleft,1
image-to-text|si|copyleft,1
image-to-text|sk|copyleft,1
image-to-text|sl|copyleft,1
image-to-text|so|copyleft,1
image-to-text|sq|copyleft,1
image-to-text|sr|copyleft,1
image-to-text|su|copyleft,1
image-to-text|sv|copyleft,1
image-to-text|sw|copyleft,1
image-to-text|ta|copyleft,1
image-to-text|te|copyleft,1
image-to-text|th|copyleft,1
image-to-text|tl|copyleft,1
image-to-text|tr|copyleft,2
image-to-text|ug|copyleft,1
image-to-text|uk|copyleft,4
image-to-text|ur|copyleft,1
image-to-text|uz|copyleft,1
image-to-text|vi|copyleft,1
image-to-text|xh|copyleft,1
image-to-text|yi|copyleft,1
image-to-text|zh|copyleft,2
text-generation|lg|vendor_custom,5
image-classification|ko|noncommercial,3
image-feature-extraction|en|vendor_custom,1
video-text-to-text|en|copyleft,2
audio-text-to-text|mn|unknown,1
object-detection|fa|permissive,1
text-to-3d|zh|permissive,1
time-series-forecasting|ko|permissive,3
image-text-to-text|kn|permissive,23
table-question-answering|id|vendor_custom,1
text-generation|la|noncommercial,5
audio-to-audio|as|copyleft,1
audio-to-audio|bn|copyleft,1
audio-to-audio|kn|copyleft,1
audio-to-audio|ml|copyleft,1
audio-to-audio|or|copyleft,1
audio-to-audio|pa|copyleft,1
audio-to-audio|ta|copyleft,1
audio-to-audio|te|copyleft,1
text-to-speech|ba|unknown,2
text-to-speech|tt|unknown,3
image-text-to-text|uk|vendor_custom,4
text-to-speech|eo|unknown,2
text-to-speech|mk|unknown,2
text-to-speech|sq|unknown,2
summarization|lo|other,2
image-text-to-text|nb|noncommercial,2
image-text-to-text|nn|noncommercial,2
automatic-speech-recognition|wo|copyleft,1
translation|is|vendor_custom,2
text-generation|ky|unknown,1
unk|is|responsible_ai,7
table-question-answering|aa|unknown,1
time-series-forecasting|en|noncommercial,7
time-series-forecasting|tr|noncommercial,2
object-detection|eu|permissive,1
object-detection|uk|permissive,4
unk|az|responsible_ai,3
automatic-speech-recognition|fa|copyleft,6
zero-shot-object-detection|zh|permissive,2
text-to-audio|zh|other,6
image-segmentation|ar|permissive,2
object-detection|fr|unknown,1
graph-ml|ru|permissive,3
summarization|ch|permissive,2
summarization|or|permissive,2
translation|hi|responsible_ai,2
image-to-text|bn|unknown,2
text-ranking|ar|noncommercial,1
text-ranking|bn|noncommercial,1
text-ranking|es|noncommercial,1
text-ranking|fa|noncommercial,1
text-ranking|fi|noncommercial,1
text-ranking|fr|noncommercial,1
text-ranking|hi|noncommercial,1
text-ranking|id|noncommercial,1
text-ranking|ja|noncommercial,1
text-ranking|ko|noncommercial,1
text-ranking|ru|noncommercial,1
text-ranking|sw|noncommercial,1
text-ranking|te|noncommercial,1
text-ranking|th|noncommercial,1
text-ranking|zh|noncommercial,1
visual-document-retrieval|vi|unknown,1
visual-document-retrieval|zh|unknown,1
reinforcement-learning|unk|vendor_custom,4
text-to-video|es|permissive,1
image-to-video|zh|other,44
unk|ia|responsible_ai,4
text-generation|so|responsible_ai,1
text-generation|ha|vendor_custom,5
text-generation|ig|vendor_custom,2
text-generation|yo|vendor_custom,4
object-detection|tr|unknown,1
fill-mask|it|copyleft,2
unconditional-image-generation|aa|vendor_custom,1
video-classification|es|permissive,1
image-to-text|sr|permissive,4
visual-question-answering|kn|permissive,1
any-to-any|tr|unknown,2
image-to-image|vi|permissive,1
text-generation|ug|unknown,4
text-to-speech|si|copyleft,3
tabular-regression|pl|permissive,3
image-to-video|bn|permissive,1
text-generation|sa|vendor_custom,6
robotics|zh|noncommercial,2
text-to-audio|an|permissive,1
text-to-audio|av|permissive,1
text-to-audio|az|permissive,1
video-classification|ko|permissive,2
video-to-video|zh|permissive,5
translation|lg|vendor_custom,2
image-to-image|fr|permissive,3
question-answering|yo|responsible_ai,1
image-to-image|ar|permissive,2
keypoint-detection|unk|responsible_ai,1
sentence-similarity|la|other,1
video-to-video|unk|other,34
image-text-to-text|zh|copyleft,10
token-classification|cy|copyleft,1
text-to-video|mn|permissive,1
text-to-video|pt|permissive,1
text-to-image|el|responsible_ai,1
text-to-image|he|responsible_ai,1
text-to-image|pl|responsible_ai,1
text-to-image|sv|responsible_ai,1
text-to-image|tr|responsible_ai,1
text-to-image|vi|responsible_ai,1
automatic-speech-recognition|ga|other,3
text-generation|ga|vendor_custom,3
text-to-speech|nl|responsible_ai,10
text-to-speech|da|responsible_ai,11
audio-text-to-text|kk|vendor_custom,1
image-to-text|ha|permissive,1
image-to-text|ig|permissive,1
image-to-text|lg|permissive,1
image-to-text|rn|permissive,1
image-to-text|rw|permissive,1
image-to-text|sw|permissive,4
image-to-text|tw|permissive,1
image-to-text|yo|permissive,1
image-to-text|zu|permissive,1
image-to-image|zh|other,6
sentence-similarity|zh|other,11
voice-activity-detection|ar|permissive,5
voice-activity-detection|bn|permissive,2
voice-activity-detection|da|permissive,2
voice-activity-detection|fi|permissive,2
voice-activity-detection|fr|permissive,4
voice-activity-detection|hi|permissive,4
voice-activity-detection|id|permissive,2
voice-activity-detection|it|permissive,3
voice-activity-detection|ja|permissive,4
voice-activity-detection|ko|permissive,3
voice-activity-detection|mr|permissive,2
voice-activity-detection|nl|permissive,2
voice-activity-detection|no|permissive,2
voice-activity-detection|pl|permissive,2
voice-activity-detection|pt|permissive,3
voice-activity-detection|uk|permissive,2
voice-activity-detection|vi|permissive,2
image-to-3d|tr|permissive,1
text-to-speech|hi|vendor_custom,3
sentence-similarity|de|vendor_custom,6
automatic-speech-recognition|ki|permissive,8
unconditional-image-generation|fr|permissive,2
any-to-any|fr|noncommercial,1
tabular-regression|fr|permissive,4
object-detection|hr|permissive,1
document-question-answering|en|other,2
question-answering|pl|other,1
text-to-speech|eu|noncommercial,5
image-text-to-text|jv|vendor_custom,1
image-text-to-text|km|vendor_custom,1
image-text-to-text|lo|vendor_custom,1
image-text-to-text|ms|vendor_custom,3
image-text-to-text|my|vendor_custom,3
image-text-to-text|su|vendor_custom,1
image-text-to-text|ta|vendor_custom,3
video-to-video|hi|permissive,1
question-answering|yo|vendor_custom,1
image-to-text|af|permissive,3
image-to-text|be|permissive,3
image-to-text|bg|permissive,3
image-to-text|bs|permissive,3
image-to-text|cs|permissive,3
image-to-text|cy|permissive,3
image-to-text|da|permissive,10
image-to-text|et|permissive,4
image-to-text|ga|permissive,3
image-to-text|hr|permissive,3
image-to-text|lt|permissive,4
image-to-text|mr|permissive,3
image-to-text|ms|permissive,5
image-to-text|pl|permissive,5
image-to-text|sa|permissive,5
image-to-text|sk|permissive,3
image-to-text|sl|permissive,3
image-to-text|sq|permissive,3
image-to-text|tl|permissive,3
image-to-text|uk|permissive,11
image-to-text|ur|permissive,5
image-to-text|uz|permissive,4
text-to-speech|si|noncommercial,3
zero-shot-image-classification|zh|copyleft,1
image-classification|fa|unknown,1
question-answering|ar|other,2
video-classification|nl|permissive,1
translation|bg|vendor_custom,5
translation|da|vendor_custom,5
translation|el|vendor_custom,6
translation|fi|vendor_custom,5
translation|gu|vendor_custom,8
translation|hu|vendor_custom,5
translation|ro|vendor_custom,5
translation|sk|vendor_custom,5
translation|sv|vendor_custom,5
audio-to-audio|ar|copyleft,1
video-to-video|en|unknown,2
tabular-regression|unk|copyleft,5
feature-extraction|rm|permissive,2
text-to-speech|ar|copyleft,4
text-to-speech|cs|copyleft,2
text-to-speech|de|copyleft,4
text-to-speech|es|copyleft,7
text-to-speech|fr|copyleft,5
text-to-speech|it|copyleft,4
text-to-speech|nl|copyleft,2
text-to-speech|pl|copyleft,6
text-to-speech|pt|copyleft,6
text-to-speech|ru|copyleft,5
text-to-speech|th|copyleft,3
text-to-speech|tr|copyleft,6
video-text-to-text|cs|noncommercial,2
video-text-to-text|de|noncommercial,2
video-text-to-text|es|noncommercial,2
video-text-to-text|fr|noncommercial,2
video-text-to-text|hi|noncommercial,2
video-text-to-text|it|noncommercial,2
video-text-to-text|ja|noncommercial,2
video-text-to-text|ko|noncommercial,2
video-text-to-text|nb|noncommercial,2
video-text-to-text|nl|noncommercial,2
video-text-to-text|nn|noncommercial,2
video-text-to-text|pl|noncommercial,2
video-text-to-text|pt|noncommercial,2
video-text-to-text|ro|noncommercial,2
video-text-to-text|ru|noncommercial,2
video-text-to-text|uk|noncommercial,2
audio-text-to-text|lo|other,1
robotics|fr|other,1
video-classification|en|copyleft,1
time-series-forecasting|en|copyleft,1
token-classification|pt|no_derivatives,1
image-text-to-text|hy|permissive,22
image-text-to-text|kg|permissive,5
image-text-to-text|ku|permissive,8
image-text-to-text|ky|permissive,21
image-text-to-text|mn|permissive,24
image-text-to-text|rm|permissive,8
image-text-to-text|tk|permissive,20
image-text-to-text|tt|permissive,7
image-text-to-text|ug|permissive,22
image-text-to-text|za|permissive,2
image-classification|sw|permissive,1
image-segmentation|tr|noncommercial,5
image-to-text|ko|noncommercial,2
token-classification|ay|permissive,1
text-to-audio|zh|unknown,4
visual-document-retrieval|ar|permissive,2
visual-document-retrieval|ru|permissive,1
text-classification|ff|permissive,2
text-classification|nr|permissive,2
text-classification|sg|permissive,2
text-to-speech|ky|other,8
image-to-image|ar|noncommercial,1
text-generation|mt|vendor_custom,1
video-to-video|en|noncommercial,4
text-generation|cy|vendor_custom,2
text-generation|lv|vendor_custom,3
text-generation|lt|vendor_custom,3
text-generation|ka|vendor_custom,4
tabular-regression|bm|permissive,1
graph-ml|es|other,1
text-to-image|fa|unknown,1
depth-estimation|ar|copyleft,1
depth-estimation|de|copyleft,1
depth-estimation|en|copyleft,1
depth-estimation|es|copyleft,1
depth-estimation|fr|copyleft,1
depth-estimation|ja|copyleft,1
depth-estimation|pt|copyleft,1
depth-estimation|ru|copyleft,1
depth-estimation|tr|copyleft,1
depth-estimation|vi|copyleft,1
depth-estimation|zh|copyleft,1
text-to-audio|ar|noncommercial,1
image-text-to-text|tr|unknown,3
unk|uz|vendor_custom,1
unk|am|other,1
unk|az|other,2
unk|bo|other,1
unk|fo|other,1
unk|hu|other,1
unk|hy|other,1
unk|ps|other,1
unk|uz|other,2
unk|yo|other,2
audio-to-audio|bn|unknown,1
video-to-video|unk|copyleft,1
sentence-similarity|kr|permissive,1
token-classification|uz|noncommercial,1
sentence-similarity|ar|other,10
sentence-similarity|ja|other,9
sentence-similarity|ko|other,10
question-answering|kg|permissive,1
question-answering|rm|permissive,2
question-answering|za|permissive,1
text-generation|af|noncommercial,2
image-text-to-image|unk|permissive,36
graph-ml|az|permissive,1
image-to-video|id|unknown,1
token-classification|gn|permissive,2
zero-shot-object-detection|it|noncommercial,1
mask-generation|en|other,13
text-to-image|fr|vendor_custom,1
graph-ml|my|permissive,1
image-classification|fr|other,1
text-generation|es|no_derivatives,2
text-to-speech|th|other,18
text-classification|ak|vendor_custom,1
text-classification|ar|vendor_custom,3
text-classification|ay|vendor_custom,1
text-classification|be|vendor_custom,1
text-classification|bg|vendor_custom,1
text-classification|bh|vendor_custom,1
text-classification|bi|vendor_custom,1
image-text-to-text|aa|permissive,2
image-text-to-text|ab|permissive,1
image-text-to-text|ae|permissive,1
image-text-to-text|ak|permissive,3
image-text-to-text|an|permissive,2
image-text-to-text|av|permissive,1
image-text-to-text|ay|permissive,1
image-text-to-text|az|permissive,19
image-text-to-text|ba|permissive,1
image-text-to-text|bh|permissive,1
image-text-to-text|bi|permissive,1
image-text-to-text|br|permissive,3
image-text-to-text|ce|permissive,1
image-text-to-text|ch|permissive,1
image-text-to-text|co|permissive,1
image-text-to-text|cr|permissive,1
image-text-to-text|cu|permissive,2
image-text-to-text|cv|permissive,1
image-text-to-text|dz|permissive,6
image-text-to-text|ee|permissive,3
image-text-to-text|ff|permissive,16
image-text-to-text|fj|permissive,1
image-text-to-text|fo|permissive,6
image-text-to-text|fy|permissive,6
image-text-to-text|gn|permissive,20
image-text-to-text|gu|permissive,22
image-text-to-text|gv|permissive,6
image-text-to-text|ho|permissive,1
image-text-to-text|hz|permissive,1
image-text-to-text|ia|permissive,1
image-text-to-text|ie|permissive,1
image-text-to-text|ii|permissive,1
image-text-to-text|ik|permissive,1
image-text-to-text|io|permissive,1
image-text-to-text|iu|permissive,6
image-text-to-text|kj|permissive,1
image-text-to-text|kl|permissive,1
image-text-to-text|kr|permissive,2
image-text-to-text|ks|permissive,6
image-text-to-text|kv|permissive,1
image-text-to-text|kw|permissive,1
image-text-to-text|lg|permissive,21
image-text-to-text|li|permissive,1
image-text-to-text|lu|permissive,1
image-text-to-text|mg|permissive,11
image-text-to-text|mh|permissive,1
image-text-to-text|mk|permissive,20
image-text-to-text|ml|permissive,25
image-text-to-text|na|permissive,1
image-text-to-text|nd|permissive,1
image-text-to-text|ng|permissive,1
image-text-to-text|nr|permissive,1
image-text-to-text|nv|permissive,6
image-text-to-text|ny|permissive,24
image-text-to-text|oj|permissive,1
image-text-to-text|om|permissive,24
image-text-to-text|or|permissive,22
image-text-to-text|os|permissive,6
image-text-to-text|pi|permissive,2
image-text-to-text|ps|permissive,20
image-text-to-text|rn|permissive,8
image-text-to-text|rw|permissive,24
image-text-to-text|sn|permissive,24
object-detection|ar|noncommercial,2
object-detection|de|noncommercial,2
object-detection|es|noncommercial,3
object-detection|fr|noncommercial,2
object-detection|ja|noncommercial,2
object-detection|pt|noncommercial,2
object-detection|ru|noncommercial,2
object-detection|tr|noncommercial,2
object-detection|vi|noncommercial,2
object-detection|zh|noncommercial,4
image-text-to-text|kk|unknown,1
text-to-image|no|unknown,1
text-classification|ny|permissive,6
text-classification|rn|permissive,3
text-classification|st|permissive,4
audio-to-audio|de|unknown,2
audio-to-audio|pt|unknown,2
zero-shot-classification|vi|unknown,2
text-to-3d|hi|unknown,1
fill-mask|ak|permissive,1
translation|aa|copyleft,1
time-series-forecasting|en|other,7
image-to-image|ab|permissive,1
image-to-image|ak|permissive,2
image-to-image|am|permissive,2
image-to-image|an|permissive,2
image-to-image|as|permissive,2
image-to-image|av|permissive,1
image-to-image|ay|permissive,1
image-to-image|az|permissive,1
image-to-image|ba|permissive,1
image-to-image|th|permissive,1
text-to-video|zh|other,8
other|en|copyleft,4
time-series-forecasting|zh|permissive,4
other|en|vendor_custom,1
audio-text-to-text|rw|permissive,1
image-classification|th|unknown,1
tabular-classification|en|noncommercial,11
video-text-to-text|it|responsible_ai,1
sentence-similarity|vi|vendor_custom,5
summarization|av|permissive,1
automatic-speech-recognition|ca|copyleft,5
image-classification|ru|noncommercial,2
question-answering|de|copyleft,1
question-answering|es|copyleft,1
question-answering|hi|copyleft,1
question-answering|it|copyleft,1
question-answering|pt|copyleft,1
question-answering|th|copyleft,1
depth-estimation|en|unknown,6
graph-ml|ar|unknown,1
sentence-similarity|ko|vendor_custom,6
image-classification|ru|other,1
reinforcement-learning|en|responsible_ai,1
reinforcement-learning|pl|responsible_ai,1
other|th|permissive,2
tabular-classification|pt|permissive,6
visual-document-retrieval|ar|vendor_custom,1
visual-document-retrieval|bn|vendor_custom,1
visual-document-retrieval|de|vendor_custom,1
visual-document-retrieval|es|vendor_custom,1
visual-document-retrieval|fr|vendor_custom,1
visual-document-retrieval|gu|vendor_custom,1
visual-document-retrieval|hi|vendor_custom,1
visual-document-retrieval|it|vendor_custom,1
visual-document-retrieval|ja|vendor_custom,1
visual-document-retrieval|kn|vendor_custom,1
visual-document-retrieval|ko|vendor_custom,1
visual-document-retrieval|ml|vendor_custom,1
visual-document-retrieval|mr|vendor_custom,1
visual-document-retrieval|or|vendor_custom,1
visual-document-retrieval|pa|vendor_custom,1
visual-document-retrieval|ru|vendor_custom,1
visual-document-retrieval|sa|vendor_custom,1
visual-document-retrieval|ta|vendor_custom,1
visual-document-retrieval|te|vendor_custom,1
visual-document-retrieval|th|vendor_custom,1
visual-document-retrieval|zh|vendor_custom,1
text-to-audio|ca|responsible_ai,1
text-to-audio|es|responsible_ai,1
visual-document-retrieval|zh|permissive,3
time-series-forecasting|pt|permissive,2
video-classification|vi|permissive,5
object-detection|ko|noncommercial,2
image-classification|ko|permissive,7
audio-classification|ak|responsible_ai,1
image-to-text|km|permissive,8
text-to-speech|an|noncommercial,3
audio-classification|ur|unknown,3
text-classification|sv|vendor_custom,1
unk|ab|unknown,2
text-to-3d|en|noncommercial,1
reinforcement-learning|ko|permissive,3
zero-shot-classification|aa|unknown,1
zero-shot-classification|ab|unknown,1
image-segmentation|ar|copyleft,3
image-segmentation|de|copyleft,3
image-segmentation|es|copyleft,3
image-segmentation|fr|copyleft,3
image-segmentation|ja|copyleft,3
image-segmentation|pt|copyleft,3
image-segmentation|ru|copyleft,3
image-segmentation|tr|copyleft,3
image-segmentation|vi|copyleft,3
image-segmentation|zh|copyleft,3
text-ranking|en|copyleft,1
text-ranking|zh|copyleft,1
keypoint-detection|ar|copyleft,1
keypoint-detection|de|copyleft,1
keypoint-detection|en|copyleft,3
keypoint-detection|es|copyleft,1
keypoint-detection|fr|copyleft,1
keypoint-detection|ja|copyleft,1
keypoint-detection|pt|copyleft,1
keypoint-detection|ru|copyleft,1
keypoint-detection|tr|copyleft,1
keypoint-detection|vi|copyleft,1
keypoint-detection|zh|copyleft,1
table-question-answering|aa|responsible_ai,1
text-ranking|af|responsible_ai,2
image-classification|en|vendor_custom,2
image-classification|id|vendor_custom,2
image-text-to-image|en|unknown,7
text-to-speech|ja|vendor_custom,3
unk|rm|noncommercial,1
tabular-classification|ko|permissive,1
text-to-image|ko|noncommercial,1
text-to-speech|ms|unknown,3
text-ranking|pt|unknown,1
any-to-any|en|copyleft,7
automatic-speech-recognition|bm|copyleft,1
image-text-to-image|en|permissive,28
image-text-to-image|zh|permissive,18
image-text-to-video|en|permissive,10
image-text-to-image|en|responsible_ai,1
unk|bh|responsible_ai,3
image-classification|ja|noncommercial,1
text-to-speech|sq|other,20
text-to-audio|vi|copyleft,1
multiple-choice|vi|permissive,1
text-to-speech|rw|noncommercial,3
robotics|ko|unknown,5
text-to-video|zh|unknown,4
text-to-image|de|noncommercial,1
image-text-to-text|nb|vendor_custom,4
image-text-to-text|nn|vendor_custom,4
image-text-to-text|no|vendor_custom,4
image-text-to-image|en|other,3
image-text-to-image|zh|other,2
unk|fj|copyleft,3
unk|ho|copyleft,3
unk|hz|copyleft,3
unk|ie|copyleft,3
unk|ii|copyleft,3
unk|ik|copyleft,3
unk|iu|copyleft,3
unk|ki|copyleft,4
unk|kj|copyleft,3
unk|kl|copyleft,3
unk|kr|copyleft,3
unk|kv|copyleft,3
unk|kw|copyleft,3
unk|lu|copyleft,3
unk|mh|copyleft,3
unk|na|copyleft,3
unk|nd|copyleft,3
unk|ng|copyleft,3
unk|nr|copyleft,3
unk|nv|copyleft,3
unk|ny|copyleft,3
unk|oj|copyleft,3
unk|pi|copyleft,3
unk|rn|copyleft,3
unk|rw|copyleft,3
unk|sg|copyleft,3
unk|sm|copyleft,3
unk|sn|copyleft,3
unk|st|copyleft,3
unk|to|copyleft,3
unk|ts|copyleft,3
unk|ty|copyleft,3
unk|ve|copyleft,3
unk|za|copyleft,3
text-to-speech|ar|responsible_ai,10
image-text-to-image|aa|vendor_custom,1
image-text-to-image|am|vendor_custom,1
image-text-to-image|aa|responsible_ai,3
image-text-to-image|am|responsible_ai,2
image-text-to-video|aa|responsible_ai,1
image-text-to-video|ae|responsible_ai,1
image-text-to-video|am|responsible_ai,1
image-to-image|zh|noncommercial,1
image-text-to-image|en|noncommercial,1
image-text-to-image|zh|noncommercial,1
automatic-speech-recognition|tn|unknown,2
text-classification|dz|permissive,2
text-to-audio|ae|permissive,1
automatic-speech-recognition|am|responsible_ai,1
image-text-to-video|am|permissive,1
image-feature-extraction|aa|responsible_ai,1
image-feature-extraction|ae|responsible_ai,1
image-feature-extraction|az|responsible_ai,1
image-to-text|vi|unknown,3
graph-ml|aa|permissive,1
feature-extraction|aa|unknown,1
feature-extraction|ay|unknown,1
image-to-3d|aa|permissive,2
image-to-3d|as|permissive,1
image-to-video|aa|responsible_ai,1
audio-to-audio|aa|responsible_ai,2
audio-to-audio|ae|responsible_ai,1
audio-to-audio|af|responsible_ai,2
audio-to-audio|am|responsible_ai,1
image-classification|ja|copyleft,5
image-classification|zh|copyleft,5
summarization|tr|noncommercial,3
image-text-to-image|ae|responsible_ai,1
image-to-video|de|vendor_custom,4
image-to-video|en|vendor_custom,6
image-to-video|es|vendor_custom,4
image-to-video|fr|vendor_custom,4
image-to-video|it|vendor_custom,4
image-to-video|ja|vendor_custom,4
image-to-video|ko|vendor_custom,4
image-to-video|pt|vendor_custom,4
image-to-video|zh|vendor_custom,5
image-classification|am|permissive,1
image-classification|ti|permissive,1
object-detection|th|permissive,3
audio-to-audio|az|permissive,1
audio-text-to-text|aa|permissive,8
audio-text-to-text|av|permissive,1
audio-text-to-text|az|permissive,1
object-detection|fi|permissive,2
object-detection|no|permissive,2
image-text-to-image|unk|other,3
image-to-text|an|permissive,1
visual-document-retrieval|pl|permissive,1
image-text-to-video|zh|permissive,1
image-text-to-image|ar|responsible_ai,1
image-text-to-image|ay|responsible_ai,1
text-to-speech|ko|responsible_ai,20
text-to-speech|ay|responsible_ai,1
image-text-to-video|unk|unknown,10
image-to-video|de|other,39
image-to-video|es|other,39
image-to-video|fr|other,39
image-to-video|it|other,39
image-to-video|ja|other,39
image-to-video|ko|other,39
image-to-video|pt|other,39
automatic-speech-recognition|ts|other,1
image-text-to-image|ab|permissive,1
image-text-to-image|as|permissive,1
audio-to-audio|an|responsible_ai,1
image-text-to-text|st|permissive,10
any-to-any|hu|unknown,2
unk|cv|unknown,1
image-to-video|de|permissive,17
image-to-video|fr|permissive,17
image-to-video|it|permissive,2
image-to-video|ja|permissive,17
image-to-video|ko|permissive,17
image-to-video|pt|permissive,2
text-to-audio|sl|permissive,1
image-classification|aa|permissive,2
image-classification|af|permissive,1
image-classification|ay|permissive,1
image-classification|ba|permissive,1
image-classification|be|permissive,2
image-to-video|aa|permissive,1
translation|av|responsible_ai,1
image-text-to-image|av|permissive,1
image-text-to-image|ay|permissive,1
image-text-to-image|az|permissive,1
image-text-to-image|ba|permissive,1
image-text-to-image|be|permissive,1
image-text-to-image|bg|permissive,1
image-text-to-image|bh|permissive,1
image-text-to-image|bi|permissive,1
image-text-to-image|bm|permissive,1
image-text-to-image|bn|permissive,1
image-text-to-image|bo|permissive,1
image-text-to-image|br|permissive,1
image-text-to-image|bs|permissive,1
image-text-to-image|ca|permissive,1
image-text-to-image|ce|permissive,1
image-text-to-image|ch|permissive,1
image-text-to-image|co|permissive,1
image-text-to-image|cr|permissive,1
other|gu|permissive,1
token-classification|rm|unknown,1
image-text-to-video|unk|other,18
text-generation|nr|noncommercial,1
audio-text-to-text|unk|noncommercial,1
token-classification|id|noncommercial,3
any-to-any|vi|unknown,2
unk|yo|vendor_custom,3
text-classification|tg|unknown,1
unk|ga|responsible_ai,5
unk|ii|responsible_ai,3
text-to-audio|ab|responsible_ai,1
tabular-regression|unk|noncommercial,5
video-classification|hi|permissive,1
any-to-any|ar|other,2
any-to-any|de|other,2
any-to-any|es|other,1
any-to-any|fr|other,1
any-to-any|id|other,1
any-to-any|it|other,1
any-to-any|ja|other,1
any-to-any|ko|other,1
any-to-any|ms|other,1
any-to-any|nl|other,1
any-to-any|pt|other,1
any-to-any|ru|other,1
any-to-any|tr|other,1
any-to-any|ur|other,1
any-to-any|vi|other,1
token-classification|tr|responsible_ai,1
automatic-speech-recognition|gd|other,1
reinforcement-learning|unk|other,31
token-classification|nl|responsible_ai,1
token-classification|pl|responsible_ai,1
unk|rm|responsible_ai,2
unk|ee|responsible_ai,3
unk|ie|responsible_ai,3
unk|tk|responsible_ai,2
automatic-speech-recognition|id|responsible_ai,1
image-text-to-text|ms|unknown,2
image-text-to-text|my|unknown,2
image-text-to-text|ta|unknown,2
audio-text-to-text|an|permissive,1
text-to-video|id|permissive,1
text-to-video|jv|permissive,1
zero-shot-image-classification|hu|vendor_custom,1
zero-shot-image-classification|ko|vendor_custom,1
audio-to-audio|nl|permissive,2
audio-classification|de|other,4
audio-classification|fr|other,4
audio-classification|ja|other,3
audio-classification|ko|other,5
audio-classification|vi|other,3
audio-classification|zh|other,5
unk|cu|noncommercial,6
visual-document-retrieval|gd|vendor_custom,1
sentence-similarity|kk|other,1
sentence-similarity|ru|other,9
automatic-speech-recognition|aa|unknown,1
automatic-speech-recognition|ae|unknown,1
automatic-speech-recognition|an|unknown,1
automatic-speech-recognition|av|unknown,1
automatic-speech-recognition|ay|unknown,1
automatic-speech-recognition|bh|unknown,1
automatic-speech-recognition|bi|unknown,1
automatic-speech-recognition|ce|unknown,1
automatic-speech-recognition|ch|unknown,1
automatic-speech-recognition|co|unknown,1
automatic-speech-recognition|cr|unknown,1
automatic-speech-recognition|cu|unknown,1
automatic-speech-recognition|cv|unknown,1
automatic-speech-recognition|dz|unknown,1
automatic-speech-recognition|ee|unknown,2
automatic-speech-recognition|ff|unknown,1
automatic-speech-recognition|fj|unknown,1
automatic-speech-recognition|gd|unknown,1
automatic-speech-recognition|gn|unknown,1
automatic-speech-recognition|gv|unknown,1
automatic-speech-recognition|ho|unknown,1
automatic-speech-recognition|hz|unknown,1
automatic-speech-recognition|ia|unknown,1
automatic-speech-recognition|ie|unknown,1
automatic-speech-recognition|ii|unknown,1
automatic-speech-recognition|ik|unknown,1
automatic-speech-recognition|io|unknown,1
automatic-speech-recognition|iu|unknown,1
automatic-speech-recognition|jv|unknown,1
automatic-speech-recognition|kg|unknown,1
automatic-speech-recognition|ki|unknown,2
automatic-speech-recognition|kj|unknown,1
automatic-speech-recognition|kl|unknown,1
automatic-speech-recognition|kr|unknown,1
automatic-speech-recognition|ku|unknown,3
automatic-speech-recognition|kv|unknown,1
automatic-speech-recognition|kw|unknown,1
automatic-speech-recognition|li|unknown,1
automatic-speech-recognition|lu|unknown,1
automatic-speech-recognition|mh|unknown,1
automatic-speech-recognition|na|unknown,1
automatic-speech-recognition|nb|unknown,2
automatic-speech-recognition|nd|unknown,1
automatic-speech-recognition|ng|unknown,1
automatic-speech-recognition|nr|unknown,1
automatic-speech-recognition|nv|unknown,1
automatic-speech-recognition|ny|unknown,1
automatic-speech-recognition|oj|unknown,1
automatic-speech-recognition|om|unknown,1
automatic-speech-recognition|or|unknown,3
automatic-speech-recognition|os|unknown,1
automatic-speech-recognition|pi|unknown,1
automatic-speech-recognition|qu|unknown,3
automatic-speech-recognition|rm|unknown,1
automatic-speech-recognition|rn|unknown,1
automatic-speech-recognition|rw|unknown,2
automatic-speech-recognition|sc|unknown,1
automatic-speech-recognition|se|unknown,1
automatic-speech-recognition|sg|unknown,1
automatic-speech-recognition|sm|unknown,1
automatic-speech-recognition|ss|unknown,1
automatic-speech-recognition|st|unknown,1
automatic-speech-recognition|ti|unknown,1
automatic-speech-recognition|to|unknown,1
automatic-speech-recognition|ts|unknown,1
automatic-speech-recognition|ty|unknown,1
automatic-speech-recognition|ve|unknown,1
automatic-speech-recognition|vo|unknown,1
automatic-speech-recognition|wa|unknown,1
automatic-speech-recognition|xh|unknown,1
automatic-speech-recognition|za|unknown,1
automatic-speech-recognition|zu|unknown,1
visual-question-answering|pt|other,1
image-text-to-video|unk|permissive,17
automatic-speech-recognition|is|copyleft,8
audio-text-to-text|af|permissive,7
audio-text-to-text|ca|permissive,7
audio-text-to-text|he|permissive,7
audio-text-to-text|hr|permissive,7
audio-text-to-text|hy|permissive,7
audio-text-to-text|is|permissive,7
audio-text-to-text|jv|permissive,7
audio-text-to-text|kl|permissive,7
audio-text-to-text|mn|permissive,7
audio-text-to-text|ms|permissive,8
audio-text-to-text|ne|permissive,8
audio-text-to-text|no|permissive,7
audio-text-to-text|tl|permissive,7
audio-text-to-text|yi|permissive,7
unconditional-image-generation|cu|noncommercial,1
unconditional-image-generation|cv|noncommercial,2
tabular-regression|fi|permissive,1
tabular-regression|fy|permissive,1
text-to-speech|ak|responsible_ai,2
text-to-audio|lb|copyleft,1
text-to-audio|ug|copyleft,1
tabular-regression|af|permissive,1
time-series-forecasting|zh|unknown,1
reinforcement-learning|wo|copyleft,1
tabular-classification|es|permissive,2
sentence-similarity|aa|vendor_custom,1
zero-shot-object-detection|si|permissive,1
text-generation|cy|noncommercial,3
image-to-text|sa|unknown,3
text-generation|ka|noncommercial,2
text-generation|ne|noncommercial,3
automatic-speech-recognition|lu|copyleft,1
unk|io|responsible_ai,3
unk|ce|responsible_ai,3
token-classification|ae|permissive,1
document-question-answering|hz|copyleft,1
image-feature-extraction|lu|noncommercial,1
text-generation|mn|vendor_custom,5
image-text-to-video|hi|responsible_ai,1
reinforcement-learning|yi|noncommercial,1
unk|ae|unknown,1
reinforcement-learning|es|vendor_custom,6
fill-mask|af|copyleft,1
fill-mask|am|copyleft,1
fill-mask|as|copyleft,1
fill-mask|az|copyleft,1
fill-mask|bg|copyleft,1
fill-mask|bn|copyleft,1
fill-mask|br|copyleft,1
fill-mask|cs|copyleft,1
fill-mask|cy|copyleft,1
fill-mask|eo|copyleft,1
fill-mask|fa|copyleft,1
fill-mask|fi|copyleft,1
fill-mask|fy|copyleft,1
fill-mask|ga|copyleft,1
fill-mask|gd|copyleft,1
fill-mask|gu|copyleft,1
fill-mask|ha|copyleft,1
fill-mask|hu|copyleft,1
fill-mask|hy|copyleft,1
fill-mask|jv|copyleft,1
fill-mask|ka|copyleft,1
fill-mask|kk|copyleft,1
fill-mask|km|copyleft,1
fill-mask|kn|copyleft,1
fill-mask|ku|copyleft,1
fill-mask|ky|copyleft,1
fill-mask|lo|copyleft,1
fill-mask|mg|copyleft,1
fill-mask|mk|copyleft,1
fill-mask|ml|copyleft,1
fill-mask|mn|copyleft,1
fill-mask|mr|copyleft,1
fill-mask|ms|copyleft,1
fill-mask|my|copyleft,1
fill-mask|ne|copyleft,1
fill-mask|om|copyleft,2
fill-mask|or|copyleft,1
fill-mask|pa|copyleft,1
fill-mask|ps|copyleft,1
fill-mask|ro|copyleft,2
fill-mask|ru|copyleft,1
fill-mask|sa|copyleft,1
fill-mask|sd|copyleft,1
fill-mask|si|copyleft,1
fill-mask|sk|copyleft,1
fill-mask|so|copyleft,1
fill-mask|sq|copyleft,1
fill-mask|su|copyleft,1
fill-mask|sw|copyleft,1
fill-mask|ta|copyleft,1
fill-mask|te|copyleft,1
fill-mask|th|copyleft,1
fill-mask|tr|copyleft,1
fill-mask|ug|copyleft,1
fill-mask|ur|copyleft,1
fill-mask|uz|copyleft,1
fill-mask|xh|copyleft,1
fill-mask|yi|copyleft,1
text-classification|ay|responsible_ai,1
voice-activity-detection|ho|copyleft,1
text-generation|sa|other,3
image-segmentation|dv|responsible_ai,1
table-question-answering|pt|other,1
image-to-text|nb|permissive,1
image-text-to-text|pl|vendor_custom,2
text-to-audio|aa|copyleft,1
text-to-audio|ar|copyleft,1
text-to-audio|as|copyleft,1
visual-question-answering|aa|responsible_ai,1
token-classification|vi|responsible_ai,1
automatic-speech-recognition|nr|permissive,2
text-generation|eu|noncommercial,5
text-generation|gl|noncommercial,2
text-generation|gu|noncommercial,1
text-generation|ig|noncommercial,6
text-generation|mg|noncommercial,1
text-generation|mr|noncommercial,4
text-generation|pa|noncommercial,4
text-generation|sn|noncommercial,1
text-generation|sr|noncommercial,3
text-generation|te|noncommercial,6
text-generation|ur|noncommercial,7
text-generation|wo|noncommercial,3
other|mr|permissive,1
question-answering|it|noncommercial,2
text-classification|ba|copyleft,1
text-classification|bm|copyleft,1
text-classification|bo|copyleft,1
text-classification|dz|copyleft,1
text-classification|ee|copyleft,1
text-classification|fj|copyleft,1
text-classification|fo|copyleft,1
text-classification|ht|copyleft,1
text-classification|ig|copyleft,1
text-classification|ki|copyleft,1
text-classification|ks|copyleft,1
text-classification|lb|copyleft,1
text-classification|lg|copyleft,1
text-classification|li|copyleft,1
text-classification|ln|copyleft,1
text-classification|mi|copyleft,1
text-classification|nb|copyleft,2
text-classification|nn|copyleft,2
text-classification|ny|copyleft,1
text-classification|oc|copyleft,1
text-classification|rn|copyleft,1
text-classification|rw|copyleft,1
text-classification|sc|copyleft,1
text-classification|sg|copyleft,1
text-classification|sm|copyleft,1
text-classification|sn|copyleft,1
text-classification|tg|copyleft,1
text-classification|ti|copyleft,1
text-classification|tk|copyleft,1
text-classification|tt|copyleft,1
text-classification|tw|copyleft,1
text-classification|wo|copyleft,1
text-classification|yo|copyleft,1
text-to-video|af|permissive,10
text-to-video|am|permissive,10
text-to-video|as|permissive,10
text-to-video|av|permissive,10
text-to-video|ay|permissive,10
text-to-video|az|permissive,10
text-to-video|ba|permissive,10
text-to-video|bg|permissive,10
text-to-video|bh|permissive,10
text-to-video|bi|permissive,10
text-to-video|bm|permissive,10
text-to-video|bo|permissive,10
text-to-video|br|permissive,10
text-to-video|bs|permissive,10
text-to-video|ca|permissive,10
text-to-video|ce|permissive,10
text-to-video|ch|permissive,10
text-to-video|co|permissive,10
text-to-video|cr|permissive,10
text-to-video|cs|permissive,10
text-to-3d|ee|permissive,1
unk|cy|responsible_ai,3
any-to-any|id|vendor_custom,1
image-classification|it|permissive,2
sentence-similarity|qu|copyleft,1
text-to-speech|ar|vendor_custom,2
text-to-speech|ch|vendor_custom,1
text-to-speech|pl|vendor_custom,2
text-to-speech|pt|vendor_custom,2
automatic-speech-recognition|mg|copyleft,2
image-to-text|de|other,7
image-to-text|es|other,7
image-to-text|fr|other,7
image-to-text|it|other,6
image-to-text|tr|other,1
image-to-text|ur|other,2
feature-extraction|no|vendor_custom,1
text-generation|ks|unknown,1
text-generation|sd|unknown,1
question-answering|wa|permissive,1
text-to-image|tg|other,2
unk|mg|responsible_ai,3
unk|kg|responsible_ai,4
unk|ay|other,1
unk|ba|other,1
unk|be|other,1
unk|bh|other,1
unk|cu|other,1
unk|ia|other,1
text-to-speech|si|unknown,2
tabular-classification|ru|permissive,1
text-to-audio|ur|unknown,1
audio-classification|de|unknown,2
audio-classification|es|unknown,2
audio-classification|pt|unknown,2
table-question-answering|ug|noncommercial,1
sentence-similarity|no|vendor_custom,1
text-ranking|aa|permissive,1
summarization|sg|permissive,1
audio-classification|es|other,3
audio-classification|hi|other,4
audio-classification|it|other,2
audio-classification|nl|other,3
audio-classification|pl|other,2
audio-classification|pt|other,2
audio-classification|tr|other,2
unk|za|responsible_ai,2
graph-ml|ar|responsible_ai,1
time-series-forecasting|uk|permissive,1
automatic-speech-recognition|te|copyleft,5
tabular-classification|de|permissive,2
unk|my|responsible_ai,2
fill-mask|ve|noncommercial,1
audio-to-audio|ae|noncommercial,1
text-retrieval|en|noncommercial,4
text-retrieval|it|noncommercial,1
unk|ab|other,1
image-to-text|or|permissive,1
text-to-audio|yo|noncommercial,2
graph-ml|gl|noncommercial,1
text-to-speech|ur|unknown,6
object-detection|uz|permissive,1
unk|qu|responsible_ai,2
mask-generation|unk|noncommercial,2
image-text-to-text|hr|unknown,1
image-text-to-text|sl|unknown,1
image-text-to-text|sr|unknown,1
table-question-answering|ae|responsible_ai,1
unk|ha|responsible_ai,3
robotics|nl|copyleft,1
feature-extraction|pi|permissive,3
object-detection|he|permissive,3
image-classification|he|permissive,2
unk|el|responsible_ai,3
reinforcement-learning|hz|permissive,1
image-classification|de|copyleft,4
image-classification|es|copyleft,3
image-classification|fr|copyleft,4
image-classification|pt|copyleft,3
image-classification|ru|copyleft,3
image-classification|tr|copyleft,3
image-classification|vi|copyleft,3
table-question-answering|as|responsible_ai,1
sentence-similarity|az|noncommercial,1
text-generation|cr|vendor_custom,1
any-to-any|af|no_derivatives,2
any-to-any|am|no_derivatives,2
any-to-any|ar|no_derivatives,2
any-to-any|av|no_derivatives,2
any-to-any|ay|no_derivatives,2
any-to-any|az|no_derivatives,2
any-to-any|ba|no_derivatives,2
any-to-any|be|no_derivatives,2
any-to-any|bg|no_derivatives,2
any-to-any|bn|no_derivatives,2
any-to-any|bo|no_derivatives,2
any-to-any|br|no_derivatives,2
any-to-any|bs|no_derivatives,2
any-to-any|ca|no_derivatives,2
any-to-any|ce|no_derivatives,2
any-to-any|co|no_derivatives,2
any-to-any|cr|no_derivatives,2
any-to-any|cs|no_derivatives,2
any-to-any|cu|no_derivatives,2
any-to-any|cv|no_derivatives,2
any-to-any|cy|no_derivatives,2
any-to-any|da|no_derivatives,2
any-to-any|de|no_derivatives,2
any-to-any|dv|no_derivatives,2
any-to-any|dz|no_derivatives,2
any-to-any|el|no_derivatives,2
any-to-any|en|no_derivatives,2
any-to-any|eo|no_derivatives,2
any-to-any|es|no_derivatives,2
any-to-any|et|no_derivatives,2
any-to-any|eu|no_derivatives,2
any-to-any|fa|no_derivatives,2
any-to-any|fi|no_derivatives,2
any-to-any|fj|no_derivatives,2
any-to-any|fo|no_derivatives,2
any-to-any|fr|no_derivatives,2
any-to-any|fy|no_derivatives,2
any-to-any|ga|no_derivatives,2
any-to-any|gd|no_derivatives,2
any-to-any|gl|no_derivatives,2
any-to-any|gn|no_derivatives,2
any-to-any|gu|no_derivatives,2
any-to-any|ha|no_derivatives,2
any-to-any|he|no_derivatives,2
any-to-any|hi|no_derivatives,2
any-to-any|ht|no_derivatives,2
any-to-any|hu|no_derivatives,2
any-to-any|hy|no_derivatives,2
any-to-any|ia|no_derivatives,2
any-to-any|id|no_derivatives,2
any-to-any|ig|no_derivatives,2
any-to-any|io|no_derivatives,2
any-to-any|is|no_derivatives,2
any-to-any|it|no_derivatives,2
any-to-any|ja|no_derivatives,2
any-to-any|jv|no_derivatives,2
any-to-any|ka|no_derivatives,2
any-to-any|kk|no_derivatives,2
any-to-any|km|no_derivatives,2
any-to-any|kn|no_derivatives,2
any-to-any|ko|no_derivatives,2
any-to-any|ku|no_derivatives,2
any-to-any|kv|no_derivatives,2
any-to-any|ky|no_derivatives,2
any-to-any|la|no_derivatives,2
any-to-any|lb|no_derivatives,2
any-to-any|lg|no_derivatives,2
any-to-any|li|no_derivatives,2
any-to-any|ln|no_derivatives,2
any-to-any|lo|no_derivatives,2
any-to-any|lt|no_derivatives,2
any-to-any|lv|no_derivatives,2
any-to-any|mg|no_derivatives,2
any-to-any|mh|no_derivatives,2
any-to-any|mi|no_derivatives,2
any-to-any|mk|no_derivatives,2
any-to-any|ml|no_derivatives,2
any-to-any|mn|no_derivatives,2
any-to-any|mr|no_derivatives,2
any-to-any|ms|no_derivatives,2
any-to-any|mt|no_derivatives,2
any-to-any|my|no_derivatives,2
any-to-any|na|no_derivatives,2
any-to-any|ne|no_derivatives,2
any-to-any|nl|no_derivatives,2
any-to-any|no|no_derivatives,2
any-to-any|oc|no_derivatives,2
any-to-any|om|no_derivatives,2
any-to-any|os|no_derivatives,2
any-to-any|pa|no_derivatives,2
any-to-any|pi|no_derivatives,2
any-to-any|pl|no_derivatives,2
any-to-any|ps|no_derivatives,2
any-to-any|pt|no_derivatives,2
any-to-any|qu|no_derivatives,2
any-to-any|rm|no_derivatives,2
any-to-any|ro|no_derivatives,2
any-to-any|ru|no_derivatives,2
any-to-any|rw|no_derivatives,2
any-to-any|sa|no_derivatives,2
any-to-any|sc|no_derivatives,2
any-to-any|si|no_derivatives,2
any-to-any|sk|no_derivatives,2
any-to-any|sl|no_derivatives,2
any-to-any|sm|no_derivatives,2
any-to-any|sn|no_derivatives,2
any-to-any|so|no_derivatives,2
any-to-any|sq|no_derivatives,2
any-to-any|sr|no_derivatives,2
any-to-any|st|no_derivatives,2
any-to-any|su|no_derivatives,2
any-to-any|sv|no_derivatives,2
any-to-any|sw|no_derivatives,2
any-to-any|ta|no_derivatives,2
any-to-any|te|no_derivatives,2
any-to-any|tg|no_derivatives,2
any-to-any|th|no_derivatives,2
any-to-any|ti|no_derivatives,2
any-to-any|tk|no_derivatives,2
any-to-any|tl|no_derivatives,2
any-to-any|tn|no_derivatives,2
any-to-any|to|no_derivatives,2
any-to-any|tr|no_derivatives,2
any-to-any|tt|no_derivatives,2
any-to-any|ty|no_derivatives,2
any-to-any|ug|no_derivatives,2
any-to-any|uk|no_derivatives,2
any-to-any|ur|no_derivatives,2
any-to-any|uz|no_derivatives,2
any-to-any|vi|no_derivatives,2
any-to-any|vo|no_derivatives,2
any-to-any|wo|no_derivatives,2
any-to-any|xh|no_derivatives,2
any-to-any|yi|no_derivatives,2
any-to-any|yo|no_derivatives,2
any-to-any|zh|no_derivatives,2
any-to-any|zu|no_derivatives,2
image-text-to-image|ja|permissive,2
unk|la|responsible_ai,3
text-to-video|sc|copyleft,1
image-text-to-image|ja|other,1
image-classification|my|permissive,2
image-text-to-text|eu|unknown,2
image-text-to-text|or|noncommercial,1
question-answering|az|vendor_custom,2
question-answering|be|vendor_custom,2
question-answering|el|vendor_custom,2
question-answering|fi|vendor_custom,2
question-answering|hu|vendor_custom,3
question-answering|hy|vendor_custom,2
question-answering|is|vendor_custom,2
question-answering|ka|vendor_custom,2
question-answering|kk|vendor_custom,2
question-answering|kn|vendor_custom,2
question-answering|ky|vendor_custom,2
question-answering|ne|vendor_custom,2
question-answering|pl|vendor_custom,2
question-answering|rm|vendor_custom,2
question-answering|ro|vendor_custom,2
question-answering|sl|vendor_custom,2
text-retrieval|pt|permissive,1
translation|ca|vendor_custom,1
text-to-speech|dv|noncommercial,2
video-to-video|zh|unknown,1
text-to-speech|uz|other,7
table-question-answering|ru|other,1
text-to-speech|ro|other,23
text-generation|tw|vendor_custom,3
text-generation|az|vendor_custom,3
text-generation|be|vendor_custom,2
text-generation|hy|vendor_custom,4
text-generation|kk|vendor_custom,7
text-generation|ku|vendor_custom,3
text-generation|ky|vendor_custom,3
text-generation|lb|vendor_custom,3
text-generation|rm|vendor_custom,2
image-classification|ur|permissive,2
text-classification|ss|permissive,2
image-text-to-image|zh|unknown,2
image-text-to-video|de|other,1
image-text-to-video|en|other,2
image-text-to-video|es|other,1
image-text-to-video|fr|other,1
image-text-to-video|it|other,1
image-text-to-video|ja|other,1
image-text-to-video|ko|other,1
image-text-to-video|pt|other,1
image-text-to-video|zh|other,2
text-generation|be|noncommercial,1
text-generation|cu|noncommercial,1
text-generation|gd|noncommercial,1
text-generation|gv|noncommercial,1
text-generation|ht|noncommercial,1
text-generation|hy|noncommercial,1
text-generation|ky|noncommercial,1
text-generation|oc|noncommercial,1
text-generation|sa|noncommercial,4
text-generation|sd|noncommercial,1
text-generation|ug|noncommercial,1
unk|ig|other,1
automatic-speech-recognition|af|copyleft,4
automatic-speech-recognition|am|copyleft,4
automatic-speech-recognition|as|copyleft,4
automatic-speech-recognition|ba|copyleft,4
automatic-speech-recognition|bg|copyleft,5
automatic-speech-recognition|bo|copyleft,1
automatic-speech-recognition|br|copyleft,1
automatic-speech-recognition|bs|copyleft,1
automatic-speech-recognition|cs|copyleft,5
automatic-speech-recognition|cy|copyleft,1
automatic-speech-recognition|da|copyleft,5
automatic-speech-recognition|el|copyleft,6
automatic-speech-recognition|eu|copyleft,4
automatic-speech-recognition|fi|copyleft,5
automatic-speech-recognition|fo|copyleft,1
automatic-speech-recognition|gl|copyleft,4
automatic-speech-recognition|gu|copyleft,1
automatic-speech-recognition|he|copyleft,4
automatic-speech-recognition|hi|copyleft,5
automatic-speech-recognition|ht|copyleft,4
automatic-speech-recognition|hu|copyleft,5
automatic-speech-recognition|hy|copyleft,4
automatic-speech-recognition|id|copyleft,4
automatic-speech-recognition|ka|copyleft,1
automatic-speech-recognition|kk|copyleft,4
automatic-speech-recognition|km|copyleft,2
automatic-speech-recognition|ko|copyleft,5
automatic-speech-recognition|lb|copyleft,1
automatic-speech-recognition|ln|copyleft,2
automatic-speech-recognition|lo|copyleft,4
automatic-speech-recognition|lt|copyleft,5
automatic-speech-recognition|lv|copyleft,2
automatic-speech-recognition|mi|copyleft,1
automatic-speech-recognition|mk|copyleft,4
automatic-speech-recognition|ml|copyleft,4
automatic-speech-recognition|mn|copyleft,4
automatic-speech-recognition|mr|copyleft,4
automatic-speech-recognition|ms|copyleft,1
automatic-speech-recognition|mt|copyleft,5
automatic-speech-recognition|my|copyleft,1
automatic-speech-recognition|ne|copyleft,1
automatic-speech-recognition|nn|copyleft,1
automatic-speech-recognition|no|copyleft,1
automatic-speech-recognition|oc|copyleft,1
automatic-speech-recognition|pa|copyleft,4
automatic-speech-recognition|pl|copyleft,6
automatic-speech-recognition|ps|copyleft,4
automatic-speech-recognition|ro|copyleft,5
automatic-speech-recognition|sa|copyleft,1
automatic-speech-recognition|sd|copyleft,4
automatic-speech-recognition|si|copyleft,1
automatic-speech-recognition|sk|copyleft,5
automatic-speech-recognition|sl|copyleft,6
automatic-speech-recognition|sn|copyleft,3
automatic-speech-recognition|so|copyleft,1
automatic-speech-recognition|sq|copyleft,4
automatic-speech-recognition|sr|copyleft,1
automatic-speech-recognition|su|copyleft,1
automatic-speech-recognition|sv|copyleft,5
automatic-speech-recognition|tg|copyleft,1
automatic-speech-recognition|tk|copyleft,4
automatic-speech-recognition|tl|copyleft,1
automatic-speech-recognition|tr|copyleft,4
automatic-speech-recognition|tt|copyleft,4
automatic-speech-recognition|uk|copyleft,5
automatic-speech-recognition|ur|copyleft,4
automatic-speech-recognition|uz|copyleft,4
automatic-speech-recognition|yi|copyleft,1
automatic-speech-recognition|yo|copyleft,1
text-to-speech|bo|noncommercial,2
text-to-speech|br|noncommercial,2
text-to-speech|fo|noncommercial,1
text-to-speech|ht|noncommercial,3
text-to-speech|nn|noncommercial,2
text-to-speech|no|noncommercial,4
text-to-speech|sa|noncommercial,5
text-to-speech|sq|noncommercial,2
text-to-speech|yi|noncommercial,2
image-text-to-video|en|copyleft,1
text-to-speech|bg|other,22
document-question-answering|zh|permissive,1
image-text-to-text|ja|copyleft,3
text-to-speech|af|other,20
text-to-speech|am|other,15
text-to-speech|as|other,24
text-to-speech|az|other,20
text-to-speech|be|other,24
text-to-speech|bn|other,27
text-to-speech|bo|other,14
text-to-speech|br|other,14
text-to-speech|bs|other,20
text-to-speech|cy|other,21
text-to-speech|da|other,23
text-to-speech|el|other,23
text-to-speech|et|other,21
text-to-speech|eu|other,20
text-to-speech|fa|other,23
text-to-speech|fi|other,23
text-to-speech|fo|other,14
text-to-speech|gl|other,21
text-to-speech|gu|other,25
text-to-speech|he|other,25
text-to-speech|hr|other,21
text-to-speech|ht|other,19
text-to-speech|hy|other,20
text-to-speech|id|other,20
text-to-speech|ka|other,23
text-to-speech|kk|other,22
text-to-speech|km|other,15
text-to-speech|kn|other,25
text-to-speech|la|other,19
text-to-speech|lt|other,22
text-to-speech|lv|other,23
text-to-speech|mi|other,20
text-to-speech|ml|other,26
text-to-speech|mn|other,20
text-to-speech|mr|other,25
text-to-speech|ms|other,21
text-to-speech|my|other,15
text-to-speech|ne|other,27
text-to-speech|pa|other,23
text-to-speech|ps|other,20
text-to-speech|sa|other,16
text-to-speech|sd|other,21
text-to-speech|si|other,14
text-to-speech|sk|other,22
text-to-speech|sl|other,22
text-to-speech|sn|other,20
text-to-speech|sr|other,21
text-to-speech|sv|other,23
text-to-speech|sw|other,29
text-to-speech|ta|other,26
text-to-speech|te|other,27
text-to-speech|tl|other,19
text-to-speech|uk|other,23
text-to-speech|ur|other,23
text-to-speech|yi|other,14
text-to-speech|yo|other,17
question-answering|ru|copyleft,3
question-answering|tt|copyleft,3
fill-mask|co|permissive,2
fill-mask|mi|permissive,2
fill-mask|sm|permissive,2
tabular-classification|pt|unknown,3
zero-shot-object-detection|unk|other,1
unk|tg|other,1
image-classification|te|permissive,2
image-text-to-text|pa|other,3
image-text-to-text|sa|other,3
time-series-forecasting|fr|permissive,1
image-to-text|gu|permissive,4
text-to-speech|jv|other,7
image-to-text|zh|noncommercial,1
text-generation|bo|noncommercial,4
video-to-video|ar|permissive,1
video-to-video|de|permissive,1
video-to-video|fr|permissive,1
video-to-video|ja|permissive,2
video-to-video|ko|permissive,2
video-to-video|ru|permissive,2
text-to-speech|dv|other,1
text-generation|ml|noncommercial,2
audio-to-audio|cs|noncommercial,1
audio-to-audio|hu|noncommercial,1
audio-to-audio|ru|noncommercial,2
audio-to-audio|tr|noncommercial,2
video-to-video|av|permissive,1
token-classification|hy|copyleft,2
token-classification|he|noncommercial,2
text-to-3d|de|unknown,1
question-answering|hi|noncommercial,1
image-to-text|lv|permissive,1
video-classification|en|other,2
image-segmentation|ko|unknown,1
object-detection|bn|permissive,8
text-generation|oc|vendor_custom,3
token-classification|ab|copyleft,1
text-to-speech|ko|copyleft,3
text-generation|lg|noncommercial,1
tabular-regression|ja|permissive,1
tabular-regression|en|noncommercial,6
image-classification|lb|copyleft,1
image-classification|el|unknown,2
image-text-to-text|tr|other,3
image-classification|ko|other,1
object-detection|tr|other,1
image-to-video|en|responsible_ai,4
audio-text-to-text|kk|permissive,1
image-text-to-text|bg|vendor_custom,3
keypoint-detection|en|unknown,1
text-to-speech|ki|unknown,1
audio-to-audio|hi|other,1
audio-to-audio|tr|other,1
unk|bo|responsible_ai,2
unk|br|responsible_ai,2
unk|bs|responsible_ai,2
unk|ch|responsible_ai,2
unk|co|responsible_ai,2
unk|cr|responsible_ai,2
unk|cu|responsible_ai,2
unk|cv|responsible_ai,2
unk|dv|responsible_ai,2
unk|dz|responsible_ai,2
unk|eo|responsible_ai,2
unk|et|responsible_ai,2
unk|ff|responsible_ai,2
unk|fj|responsible_ai,2
unk|fo|responsible_ai,2
unk|gd|responsible_ai,2
unk|gl|responsible_ai,2
unk|gv|responsible_ai,2
unk|ho|responsible_ai,2
unk|ht|responsible_ai,2
unk|hz|responsible_ai,2
unk|ik|responsible_ai,2
unk|iu|responsible_ai,2
unk|kj|responsible_ai,2
unk|kk|responsible_ai,3
unk|kl|responsible_ai,2
unk|km|responsible_ai,2
unk|kr|responsible_ai,2
unk|ks|responsible_ai,2
unk|ku|responsible_ai,2
unk|kv|responsible_ai,2
unk|kw|responsible_ai,2
unk|ky|responsible_ai,2
unk|lb|responsible_ai,2
unk|li|responsible_ai,2
unk|lo|responsible_ai,2
unk|lt|responsible_ai,2
unk|lu|responsible_ai,2
unk|lv|responsible_ai,2
unk|mh|responsible_ai,2
unk|mi|responsible_ai,2
unk|mk|responsible_ai,2
unk|mt|responsible_ai,2
unk|na|responsible_ai,2
unk|nb|responsible_ai,2
unk|nd|responsible_ai,2
unk|ng|responsible_ai,2
unk|nn|responsible_ai,2
unk|nr|responsible_ai,2
unk|nv|responsible_ai,2
unk|oc|responsible_ai,2
unk|oj|responsible_ai,2
unk|om|responsible_ai,17
unk|os|responsible_ai,2
unk|pi|responsible_ai,2
unk|ps|responsible_ai,1
unk|sa|responsible_ai,2
unk|sc|responsible_ai,1
unk|se|responsible_ai,1
unk|sg|responsible_ai,1
unk|si|responsible_ai,1
unk|sk|responsible_ai,1
unk|sm|responsible_ai,1
unk|so|responsible_ai,1
unk|ss|responsible_ai,1
unk|su|responsible_ai,1
unk|tg|responsible_ai,1
unk|ti|responsible_ai,1
unk|to|responsible_ai,1
unk|tt|responsible_ai,1
unk|ty|responsible_ai,1
unk|ug|responsible_ai,1
unk|ve|responsible_ai,1
unk|vo|responsible_ai,1
unk|wa|responsible_ai,1
unk|yi|responsible_ai,1
text-ranking|unk|copyleft,1
unk|ee|unknown,1
sentence-similarity|ar|vendor_custom,4
sentence-similarity|es|vendor_custom,6
sentence-similarity|fr|vendor_custom,6
sentence-similarity|hi|vendor_custom,5
sentence-similarity|id|vendor_custom,4
sentence-similarity|it|vendor_custom,6
sentence-similarity|ja|vendor_custom,4
sentence-similarity|nl|vendor_custom,6
sentence-similarity|pt|vendor_custom,6
sentence-similarity|ru|vendor_custom,5
sentence-similarity|th|vendor_custom,4
sentence-similarity|tr|vendor_custom,4
sentence-similarity|zh|vendor_custom,6
question-answering|ti|permissive,2
image-text-to-video|aa|permissive,1
image-text-to-video|ab|permissive,1
image-text-to-video|ak|permissive,1
image-text-to-video|ar|permissive,1
token-classification|no|copyleft,5
tabular-classification|en|copyleft,2
tabular-classification|pt|copyleft,1
object-detection|km|unknown,2
text-to-video|ja|responsible_ai,1
translation|be|copyleft,1
text-to-speech|fy|noncommercial,3
translation|kv|copyleft,1
token-classification|he|copyleft,4
text-to-speech|af|unknown,1
text-to-speech|am|unknown,1
text-to-speech|an|unknown,1
text-to-speech|be|unknown,1
text-to-speech|bg|unknown,1
text-to-speech|bo|unknown,1
text-to-speech|br|unknown,1
text-to-speech|bs|unknown,1
text-to-speech|cv|unknown,1
text-to-speech|dv|unknown,1
text-to-speech|et|unknown,1
text-to-speech|ff|unknown,1
text-to-speech|fy|unknown,1
text-to-speech|ga|unknown,1
text-to-speech|gn|unknown,1
text-to-speech|gv|unknown,1
text-to-speech|hr|unknown,1
text-to-speech|ht|unknown,1
text-to-speech|hy|unknown,1
text-to-speech|hz|unknown,1
text-to-speech|ia|unknown,1
text-to-speech|ig|unknown,1
text-to-speech|ik|unknown,1
text-to-speech|jv|unknown,1
text-to-speech|kj|unknown,1
text-to-speech|km|unknown,2
text-to-speech|ks|unknown,2
text-to-speech|kw|unknown,1
text-to-speech|ln|unknown,1
text-to-speech|lo|unknown,2
text-to-speech|lt|unknown,1
text-to-speech|mi|unknown,1
text-to-speech|mt|unknown,1
text-to-speech|my|unknown,2
text-to-speech|nb|unknown,1
text-to-speech|ng|unknown,1
text-to-speech|nn|unknown,1
text-to-speech|ny|unknown,1
text-to-speech|oc|unknown,1
text-to-speech|om|unknown,1
text-to-speech|os|unknown,1
text-to-speech|ps|unknown,1
text-to-speech|rm|unknown,1
text-to-speech|sc|unknown,1
text-to-speech|sd|unknown,2
text-to-speech|sn|unknown,1
text-to-speech|so|unknown,2
text-to-speech|tg|unknown,1
text-to-speech|ti|unknown,1
text-to-speech|tn|unknown,1
text-to-speech|tw|unknown,1
text-to-speech|ug|unknown,1
text-to-speech|xh|unknown,1
text-to-speech|yi|unknown,1
text-to-speech|zu|unknown,1
any-to-any|ko|noncommercial,5
zero-shot-image-classification|zh|unknown,1
unk|oc|unknown,1
token-classification|fo|copyleft,2
image-to-text|ko|other,9
image-to-text|nl|other,5
image-to-text|pt|other,5
image-to-text|ru|other,10
image-to-text|zh|other,11
token-classification|gl|noncommercial,2
image-feature-extraction|ja|permissive,2
text-to-audio|de|unknown,1
text-to-audio|es|unknown,1
text-to-audio|fr|unknown,1
text-to-audio|ja|unknown,1
text-to-audio|ko|unknown,1
text-to-audio|pt|unknown,1
text-classification|vi|vendor_custom,2
image-to-text|ru|vendor_custom,1
image-text-to-text|he|other,1
audio-to-audio|bn|responsible_ai,1
audio-to-audio|ne|responsible_ai,1
image-to-text|ar|noncommercial,10
image-to-text|ur|noncommercial,1
token-classification|hi|noncommercial,2
text-retrieval|en|other,1
keypoint-detection|en|responsible_ai,1
sentence-similarity|hi|other,7
sentence-similarity|th|other,7
any-to-any|unk|vendor_custom,10
text-to-video|am|responsible_ai,1
text-to-video|ru|responsible_ai,1
translation|nb|vendor_custom,1
translation|nn|vendor_custom,1
image-text-to-video|en|vendor_custom,2
token-classification|mt|copyleft,2
token-classification|mr|copyleft,2
text-generation|ce|vendor_custom,4
fill-mask|lb|copyleft,4
text-to-speech|ee|noncommercial,3
summarization|ts|permissive,1
token-classification|ta|noncommercial,4
token-classification|te|copyleft,2
token-classification|uk|noncommercial,2
token-classification|ur|noncommercial,2
token-classification|ug|copyleft,2
text-generation|mi|other,18
image-text-to-video|en|unknown,1
image-text-to-video|ja|unknown,1
any-to-any|mi|vendor_custom,1
audio-classification|ko|unknown,2
image-to-text|jv|permissive,4
object-detection|ko|other,2
sentence-similarity|it|other,8
any-to-any|ar|unknown,2
visual-question-answering|it|permissive,1
visual-question-answering|pl|permissive,1
image-text-to-text|ko|responsible_ai,1
feature-extraction|dz|permissive,1
text-generation|ny|vendor_custom,4
text-generation|mi|vendor_custom,7
text-to-speech|wo|other,2
any-to-any|es|vendor_custom,3
any-to-any|ru|vendor_custom,1
object-detection|zh|other,2
unk|bg|other,1
visual-document-retrieval|pt|permissive,3
multiple-choice|tr|permissive,2
image-to-text|ml|permissive,4
image-text-to-text|el|vendor_custom,1
any-to-any|de|vendor_custom,1
any-to-any|fr|vendor_custom,2
any-to-any|it|vendor_custom,1
unk|oc|vendor_custom,1
image-classification|id|noncommercial,1
tabular-regression|fr|noncommercial,1
text-generation|sc|vendor_custom,1
image-to-text|my|permissive,3
token-classification|lb|permissive,3
token-classification|rm|permissive,2
image-to-text|ti|permissive,2
image-classification|unk|no_derivatives,2
mask-generation|unk|other,4
audio-text-to-text|mi|permissive,1
image-classification|en|no_derivatives,2
visual-question-answering|ar|permissive,1
image-to-text|bo|permissive,2
image-segmentation|bo|copyleft,1
video-classification|ja|unknown,2
robotics|unk|vendor_custom,53
other|unk|copyleft,60
question-answering|ja|other,2
unk|pa|vendor_custom,2
tabular-classification|rw|permissive,2
text-to-audio|he|permissive,1
image-classification|rw|permissive,1
image-text-to-image|ru|permissive,1
any-to-any|ha|vendor_custom,1
text-to-image|kv|other,1
zero-shot-image-classification|unk|responsible_ai,1
summarization|km|vendor_custom,1
summarization|uk|vendor_custom,1
robotics|zh|other,7
translation|la|vendor_custom,1
reinforcement-learning|ru|permissive,4
unk|nb|vendor_custom,2
unk|nn|vendor_custom,2
token-classification|mt|other,2
translation|el|other,2
image-text-to-text|pa|vendor_custom,3
text-generation|bo|vendor_custom,2
text-generation|ug|vendor_custom,1
translation|gv|unknown,2
summarization|km|unknown,3
keypoint-detection|en|other,1
image-text-to-text|fa|other,1
image-text-to-text|ne|other,2
time-series-forecasting|es|permissive,3
text-to-audio|gu|permissive,1
text-to-audio|kn|permissive,1
text-to-audio|ml|permissive,1
text-to-audio|or|permissive,1
text-to-audio|pa|permissive,1
text-to-audio|sa|permissive,1
text-to-audio|sd|permissive,1
text-to-audio|ta|permissive,1
text-to-audio|te|permissive,1
image-classification|th|permissive,1
image-segmentation|ja|other,2
text-to-speech|hy|copyleft,2
text-to-video|ar|unknown,2
unk|mk|vendor_custom,1
text-to-audio|ta|noncommercial,1
text-to-audio|te|noncommercial,1
text-to-audio|bn|noncommercial,1
text-to-audio|mr|noncommercial,1
text-to-audio|gu|noncommercial,1
text-to-audio|ml|noncommercial,1
text-to-audio|pa|noncommercial,2
text-to-audio|or|noncommercial,1
text-to-audio|as|noncommercial,1
text-to-audio|ur|noncommercial,2
text-to-audio|km|noncommercial,1
audio-classification|ff|permissive,1
audio-text-to-text|uk|vendor_custom,1
video-text-to-text|ro|unknown,1
text-to-video|de|vendor_custom,1
text-to-video|en|vendor_custom,1
text-to-video|es|vendor_custom,1
text-to-video|fr|vendor_custom,1
text-to-video|it|vendor_custom,1
text-to-video|ja|vendor_custom,1
text-to-video|ko|vendor_custom,1
text-to-video|pt|vendor_custom,1
text-to-video|zh|vendor_custom,1
image-segmentation|id|permissive,2
text-to-speech|ne|copyleft,7
object-detection|uk|copyleft,2
video-classification|ro|unknown,1
zero-shot-classification|hi|unknown,1
zero-shot-classification|sw|unknown,1
unk|st|vendor_custom,1
sentence-similarity|no|other,3
sentence-similarity|pt|other,7
image-classification|bo|permissive,2
image-classification|kn|permissive,7
image-classification|ta|permissive,3
token-classification|os|permissive,1
text-to-speech|bg|responsible_ai,9
text-to-speech|cs|responsible_ai,9
text-to-speech|et|responsible_ai,9
text-to-speech|fi|responsible_ai,9
text-to-speech|hi|responsible_ai,8
text-to-speech|hr|responsible_ai,9
text-to-speech|hu|responsible_ai,9
text-to-speech|lt|responsible_ai,9
text-to-speech|lv|responsible_ai,9
text-to-speech|pl|responsible_ai,9
text-to-speech|ro|responsible_ai,9
text-to-speech|sk|responsible_ai,9
text-to-speech|sl|responsible_ai,9
text-to-speech|sv|responsible_ai,9
text-to-speech|tr|responsible_ai,12
text-to-speech|uk|responsible_ai,9
text-to-speech|vi|responsible_ai,9
zero-shot-classification|en|vendor_custom,1
zero-shot-classification|es|vendor_custom,1
sentence-similarity|he|other,4
sentence-similarity|ar|copyleft,2
token-classification|vi|noncommercial,5
tabular-classification|vi|permissive,2
tabular-classification|es|other,1
visual-question-answering|vi|other,1
reinforcement-learning|vi|other,1
sentence-similarity|bg|other,6
sentence-similarity|ca|other,1
sentence-similarity|cs|other,1
sentence-similarity|el|other,5
sentence-similarity|et|other,1
sentence-similarity|fa|other,3
sentence-similarity|fi|other,3
sentence-similarity|gl|other,1
sentence-similarity|gu|other,1
sentence-similarity|hr|other,1
sentence-similarity|hu|other,1
sentence-similarity|hy|other,1
sentence-similarity|id|other,3
sentence-similarity|ka|other,1
sentence-similarity|ku|other,1
sentence-similarity|lt|other,1
sentence-similarity|lv|other,1
sentence-similarity|mk|other,1
sentence-similarity|mn|other,1
sentence-similarity|mr|other,3
sentence-similarity|ms|other,3
sentence-similarity|my|other,1
sentence-similarity|nb|other,1
sentence-similarity|pl|other,6
sentence-similarity|ro|other,3
sentence-similarity|sk|other,1
sentence-similarity|sl|other,1
sentence-similarity|sq|other,1
sentence-similarity|sr|other,1
sentence-similarity|tr|other,4
sentence-similarity|uk|other,3
sentence-similarity|ur|other,3
tabular-regression|da|permissive,1
image-to-text|kk|permissive,2
text-classification|bm|permissive,1
text-classification|cu|permissive,1
text-classification|ho|permissive,1
text-classification|hz|permissive,1
text-classification|ii|permissive,1
text-classification|kg|permissive,2
text-classification|ki|permissive,1
text-classification|kj|permissive,1
text-classification|kl|permissive,1
text-classification|lu|permissive,1
text-classification|mh|permissive,1
text-classification|nd|permissive,1
text-classification|ng|permissive,1
text-classification|oj|permissive,1
text-classification|ty|permissive,1
text-classification|ve|permissive,1
translation|gu|other,4
translation|kk|other,3
translation|mn|other,3
translation|mr|other,4
translation|ta|other,4
translation|te|other,4
translation|ug|other,3
sentence-similarity|ky|other,1
text-to-speech|lg|other,8
token-classification|lt|responsible_ai,1
audio-text-to-text|lg|vendor_custom,1
image-text-to-video|de|vendor_custom,1
image-text-to-video|es|vendor_custom,1
image-text-to-video|fr|vendor_custom,1
image-text-to-video|it|vendor_custom,1
image-text-to-video|ja|vendor_custom,1
image-text-to-video|ko|vendor_custom,1
image-text-to-video|pt|vendor_custom,1
image-text-to-video|zh|vendor_custom,1
audio-text-to-text|zh|noncommercial,6
other|ar|permissive,1
image-to-text|km|unknown,3
image-text-to-text|mi|other,2
time-series-forecasting|tr|permissive,2
translation|sw|other,1
text-to-speech|na|responsible_ai,1
text-generation|lt|responsible_ai,1
tabular-regression|ru|copyleft,1
text-to-speech|as|copyleft,3
text-to-speech|ee|copyleft,4
text-to-speech|gu|copyleft,4
text-to-speech|om|copyleft,4
text-to-speech|sn|copyleft,4
text-to-speech|ur|copyleft,4
text-to-speech|tw|copyleft,6
text-classification|mi|responsible_ai,1
image-to-text|mi|permissive,4
text-generation|mi|noncommercial,1
object-detection|mi|permissive,1
image-text-to-text|hu|unknown,1
image-segmentation|es|permissive,3
text-to-speech|ny|copyleft,4
text-to-speech|bn|copyleft,5
image-text-to-image|tr|responsible_ai,1
text-generation|ki|noncommercial,1
text-generation|ln|noncommercial,1
text-generation|rw|noncommercial,1
text-generation|so|noncommercial,1
text-to-speech|ki|copyleft,3
image-text-to-text|bo|unknown,1
text-to-speech|ht|copyleft,4
unk|bs|other,1
unk|hr|other,1
unk|sl|other,3
text-to-speech|ig|copyleft,4
text-to-speech|yo|copyleft,5
text-to-speech|vi|copyleft,5
text-to-speech|ha|copyleft,4
text-to-speech|kn|copyleft,4
text-to-speech|ln|copyleft,3
text-to-speech|nd|copyleft,3
text-to-speech|pa|copyleft,4
text-to-speech|ta|copyleft,4
text-to-speech|te|copyleft,4
time-series-forecasting|pt|noncommercial,1
text-to-speech|mr|copyleft,4
text-to-speech|he|responsible_ai,1
text-to-speech|no|responsible_ai,1
image-text-to-text|nb|other,5
image-text-to-text|no|other,5
text-to-speech|ml|copyleft,4
text-to-speech|lg|copyleft,2
image-classification|id|responsible_ai,1
text-retrieval|am|vendor_custom,1
text-generation|bo|other,1
text-generation|mn|other,1
text-generation|ug|other,2
text-generation|pt|no_derivatives,1
text-to-speech|lu|copyleft,1
video-classification|ko|other,2
text-to-audio|pt|other,4
text-to-speech|uz|copyleft,2
audio-to-audio|uk|copyleft,1
text-classification|mi|unknown,1
text-generation|so|vendor_custom,1
image-to-video|unk|copyleft,1
image-to-text|zh|vendor_custom,1
image-classification|ja|other,3
tabular-regression|uk|permissive,1
image-classification|sk|permissive,2
image-classification|se|permissive,5
zero-shot-classification|he|noncommercial,2
time-series-forecasting|unk|responsible_ai,2
image-to-text|se|permissive,1
image-to-text|uk|unknown,1
text-to-speech|tr|vendor_custom,1
unk|kk|other,3
unk|ky|other,3
audio-to-audio|ru|other,1
other|vi|permissive,2
robotics|zh|unknown,16
image-to-text|vi|noncommercial,1
image-segmentation|de|permissive,1
image-segmentation|tr|permissive,1
image-segmentation|vi|permissive,1
text-to-video|de|other,3
text-to-video|es|other,3
text-to-video|fr|other,3
text-to-video|it|other,3
text-to-video|ja|other,3
text-to-video|ko|other,3
text-to-video|pt|other,3
object-detection|bo|permissive,1
graph-ml|ja|permissive,2
graph-ml|ko|permissive,2
graph-ml|th|permissive,2
text-to-speech|tw|noncommercial,5
translation|ab|noncommercial,1
text-generation|fy|vendor_custom,2
text-generation|mg|vendor_custom,2
text-generation|sd|vendor_custom,2
text-generation|sm|vendor_custom,2
zero-shot-object-detection|en|copyleft,1
image-text-to-text|te|vendor_custom,1
image-to-video|th|permissive,3
text-to-speech|ba|other,5
text-to-speech|eo|other,5
text-to-speech|ha|other,14
text-to-speech|lb|other,7
text-to-speech|ln|other,7
text-to-speech|mk|other,6
text-to-speech|mt|other,7
text-to-speech|ny|other,6
text-to-speech|oc|other,6
text-to-speech|om|other,6
text-to-speech|so|other,6
text-to-speech|tg|other,6
text-to-speech|ug|other,5
text-to-speech|xh|other,6
text-to-speech|zu|other,6
image-to-text|vi|other,1
automatic-speech-recognition|ay|permissive,1
automatic-speech-recognition|sm|permissive,1
image-classification|bo|unknown,1
translation|bg|responsible_ai,1
translation|bh|responsible_ai,1
translation|bn|responsible_ai,1
translation|el|responsible_ai,1
translation|es|responsible_ai,1
translation|et|responsible_ai,1
translation|fj|responsible_ai,1
translation|hr|responsible_ai,1
translation|ht|responsible_ai,1
translation|hu|responsible_ai,1
translation|hy|responsible_ai,1
translation|id|responsible_ai,1
translation|it|responsible_ai,1
translation|ja|responsible_ai,1
translation|ml|responsible_ai,1
translation|mr|responsible_ai,1
translation|pa|responsible_ai,1
translation|rm|responsible_ai,1
translation|te|responsible_ai,1
translation|uk|responsible_ai,1
translation|ur|responsible_ai,1
translation|uz|responsible_ai,1
text-to-speech|ko|vendor_custom,1
image-to-text|bn|permissive,3
image-to-text|ka|permissive,1
visual-question-answering|zh|noncommercial,1
audio-text-to-text|th|vendor_custom,1
sentence-similarity|si|copyleft,2
sentence-similarity|ta|copyleft,3
image-classification|bo|other,1
text-to-speech|ee|other,1
text-to-speech|tw|other,3
image-text-to-text|lt|vendor_custom,1
zero-shot-image-classification|en|other,4
image-text-to-text|sq|vendor_custom,2
graph-ml|en|copyleft,1
other|vi|unknown,1
text-to-audio|ko|copyleft,1
text-generation|gn|vendor_custom,2
any-to-any|ca|copyleft,1
any-to-any|ch|copyleft,1
any-to-any|es|copyleft,1
any-to-any|ru|copyleft,1
image-classification|tr|other,1
text-generation|ia|vendor_custom,1
other|ko|permissive,1
other|bg|permissive,1
other|ha|permissive,1
other|uk|permissive,1
other|sv|permissive,1
other|pt|permissive,2
other|cs|permissive,1
other|ja|permissive,1
other|ru|permissive,2
object-detection|ja|other,4
automatic-speech-recognition|fy|other,1
other|tr|permissive,2
image-text-to-text|ko|copyleft,1
text-to-speech|lo|other,3
tabular-classification|ne|permissive,1
multiple-choice|unk|vendor_custom,1
image-segmentation|ms|noncommercial,1
other|tr|noncommercial,1
text-to-speech|he|copyleft,1
token-classification|mt|unknown,1
text-classification|no|noncommercial,1
sentence-similarity|ks|permissive,1
image-text-to-text|sw|other,1
automatic-speech-recognition|nb|other,2
robotics|mt|other,1
automatic-speech-recognition|ay|other,1
automatic-speech-recognition|gn|other,2
automatic-speech-recognition|ig|other,1
automatic-speech-recognition|ku|other,2
automatic-speech-recognition|ky|other,3
automatic-speech-recognition|ny|other,1
automatic-speech-recognition|or|other,3
automatic-speech-recognition|qu|other,1
automatic-speech-recognition|sm|other,1
automatic-speech-recognition|to|other,1
automatic-speech-recognition|zu|other,2
summarization|ar|noncommercial,1
summarization|es|noncommercial,1
summarization|fa|noncommercial,1
summarization|fr|noncommercial,1
summarization|hi|noncommercial,1
summarization|id|noncommercial,1
summarization|ja|noncommercial,1
summarization|ko|noncommercial,1
summarization|vi|noncommercial,1
text-generation|ps|other,2
image-text-to-text|es|copyleft,1
graph-ml|ja|unknown,1
object-detection|cs|copyleft,2
question-answering|wo|noncommercial,1
text-to-image|oc|permissive,1
automatic-speech-recognition|yi|noncommercial,4
translation|sw|vendor_custom,2
automatic-speech-recognition|tw|copyleft,2
image-text-to-text|ca|unknown,1
image-to-text|ii|permissive,1
image-to-text|ks|unknown,3
unk|ks|unknown,1
text-to-image|yo|permissive,1
translation|pa|other,2
object-detection|kk|permissive,2
image-text-to-image|hi|permissive,1
image-to-text|he|other,1
unk|ts|other,1
text-to-speech|jv|copyleft,2
text-to-speech|su|copyleft,2
tabular-classification|vi|unknown,2
automatic-speech-recognition|lg|other,4
image-to-text|el|other,1
image-to-text|tt|permissive,1
image-classification|sd|permissive,1
image-text-to-text|be|copyleft,1
image-text-to-text|pl|copyleft,1
image-text-to-text|uk|copyleft,1
unk|su|other,2
image-to-text|mt|permissive,1
text-generation|ku|other,1
sentence-similarity|oc|permissive,3
sentence-similarity|vo|permissive,3
reinforcement-learning|zh|other,5
table-question-answering|en|copyleft,1
text-ranking|ru|unknown,1
audio-classification|ar|other,2
feature-extraction|lt|unknown,2
video-classification|fr|permissive,1
video-classification|fr|unknown,1
text-classification|zu|noncommercial,1
token-classification|nb|other,1
token-classification|nn|other,1
token-classification|st|permissive,1
token-classification|ts|permissive,1
token-classification|ve|permissive,1
text-generation|am|other,1
text-generation|lg|other,3
text-generation|rw|other,3
text-generation|so|other,1
image-to-text|am|unknown,1
text-to-speech|ab|noncommercial,1
text-to-speech|ba|noncommercial,1
text-to-speech|eo|noncommercial,1
text-to-speech|ff|noncommercial,1
text-to-speech|gn|noncommercial,1
text-to-speech|gv|noncommercial,1
text-to-speech|hz|noncommercial,1
text-to-speech|ia|noncommercial,1
text-to-speech|ik|noncommercial,1
text-to-speech|kj|noncommercial,1
text-to-speech|ks|noncommercial,4
text-to-speech|kw|noncommercial,1
text-to-speech|ng|noncommercial,1
text-to-speech|os|noncommercial,1
text-to-speech|rm|noncommercial,1
text-to-speech|ti|noncommercial,2
text-to-speech|tk|noncommercial,1
text-to-speech|tn|noncommercial,1
text-to-speech|tt|noncommercial,1
text-to-speech|ug|noncommercial,1
feature-extraction|ks|permissive,1
text-classification|te|vendor_custom,3
unk|ms|vendor_custom,1
text-generation|ak|vendor_custom,1
unconditional-image-generation|unk|copyleft,2
image-to-text|ka|noncommercial,1
text-to-audio|ar|other,2
text-to-audio|az|other,1
text-to-audio|bg|other,1
text-to-audio|bn|other,1
text-to-audio|ca|other,1
text-to-audio|cs|other,1
text-to-audio|da|other,1
text-to-audio|de|other,2
text-to-audio|el|other,1
text-to-audio|es|other,2
text-to-audio|fa|other,1
text-to-audio|fi|other,1
text-to-audio|fr|other,2
text-to-audio|he|other,1
text-to-audio|hi|other,2
text-to-audio|hr|other,1
text-to-audio|ht|other,1
text-to-audio|hu|other,1
text-to-audio|id|other,1
text-to-audio|is|other,1
text-to-audio|it|other,2
text-to-audio|ko|other,2
text-to-audio|la|other,1
text-to-audio|lt|other,1
text-to-audio|ms|other,1
text-to-audio|ne|other,1
text-to-audio|nl|other,1
text-to-audio|no|other,1
text-to-audio|pa|other,1
text-to-audio|pl|other,1
text-to-audio|ro|other,1
text-to-audio|ru|other,2
text-to-audio|sa|other,1
text-to-audio|sk|other,1
text-to-audio|sr|other,1
text-to-audio|sv|other,1
text-to-audio|sw|other,2
text-to-audio|ta|other,1
text-to-audio|te|other,1
text-to-audio|th|other,1
text-to-audio|tl|other,1
text-to-audio|tr|other,1
text-to-audio|uk|other,1
text-to-audio|ur|other,1
text-to-audio|vi|other,1
voice-activity-detection|en|noncommercial,2
automatic-speech-recognition|eo|copyleft,3
automatic-speech-recognition|gn|copyleft,3
automatic-speech-recognition|ia|copyleft,3
automatic-speech-recognition|ky|copyleft,3
automatic-speech-recognition|tn|copyleft,3
automatic-speech-recognition|zu|copyleft,4
other|da|other,1
other|it|other,1
other|no|other,1
other|sv|other,1
other|zh|other,1
text-to-speech|ig|other,2
text-to-speech|mg|noncommercial,3
automatic-speech-recognition|bn|responsible_ai,1
image-classification|ml|permissive,2
translation|sl|other,3
other|es|noncommercial,1
object-detection|ko|copyleft,2
object-detection|th|copyleft,2
image-text-to-text|se|permissive,5
image-text-to-text|si|permissive,5
image-text-to-text|su|permissive,5
image-text-to-text|tg|permissive,18
image-text-to-text|to|permissive,5
image-text-to-text|ve|permissive,5
image-text-to-text|yi|permissive,5
audio-classification|fr|unknown,2
token-classification|lo|noncommercial,2
token-classification|ms|noncommercial,2
token-classification|my|noncommercial,2
token-classification|th|noncommercial,2
token-classification|tl|noncommercial,2
translation|ne|other,2
image-text-to-text|th|copyleft,2
image-to-text|ky|permissive,1
image-to-image|tr|other,1
summarization|fi|other,1
summarization|ru|other,1
summarization|lv|other,1
summarization|et|other,1
translation|or|other,2
sentence-similarity|as|other,2
sentence-similarity|bn|other,2
sentence-similarity|ne|other,2
sentence-similarity|sw|other,5
sentence-similarity|ta|other,2
sentence-similarity|te|other,2
reinforcement-learning|bn|permissive,1
text-to-speech|km|copyleft,2
unk|la|other,1
unconditional-image-generation|ru|noncommercial,2
multiple-choice|it|permissive,1
image-text-to-image|id|unknown,1
summarization|ml|unknown,2
image-text-to-text|fa|responsible_ai,1
text-to-video|de|unknown,2
text-to-video|es|unknown,2
text-to-video|fr|unknown,2
text-to-video|ko|unknown,2
image-text-to-text|bn|vendor_custom,1
translation|am|vendor_custom,1
token-classification|bn|noncommercial,1
voice-activity-detection|af|noncommercial,1
image-classification|km|permissive,2
visual-question-answering|ru|vendor_custom,1
tabular-classification|zh|noncommercial,1
text-ranking|el|other,1
audio-classification|ms|unknown,1
audio-to-audio|km|unknown,1
reinforcement-learning|unk|noncommercial,6
translation|si|vendor_custom,5
translation|pi|vendor_custom,1
text-classification|am|vendor_custom,2
text-classification|bn|vendor_custom,2
text-classification|ha|vendor_custom,2
text-classification|km|vendor_custom,2
text-classification|my|vendor_custom,2
text-classification|ne|vendor_custom,2
text-classification|or|vendor_custom,2
text-classification|pa|vendor_custom,2
text-classification|pl|vendor_custom,2
text-classification|sw|vendor_custom,2
text-classification|ur|vendor_custom,2
audio-to-audio|ha|permissive,1
image-to-text|ps|permissive,1
automatic-speech-recognition|ee|copyleft,1
text-generation|ln|vendor_custom,1
voice-activity-detection|gu|permissive,1
voice-activity-detection|kn|permissive,1
voice-activity-detection|pa|permissive,1
voice-activity-detection|ta|permissive,2
voice-activity-detection|te|permissive,2
voice-activity-detection|ur|permissive,1
translation|pi|unknown,5
other|lb|permissive,1
any-to-any|ta|copyleft,1
image-text-to-video|unk|vendor_custom,1
image-to-text|hy|noncommercial,2
automatic-speech-recognition|gv|noncommercial,1
automatic-speech-recognition|rm|noncommercial,1
automatic-speech-recognition|ab|other,1
automatic-speech-recognition|cv|other,1
automatic-speech-recognition|dv|other,1
automatic-speech-recognition|eo|other,1
automatic-speech-recognition|gv|other,1
automatic-speech-recognition|ia|other,1
automatic-speech-recognition|jv|other,1
automatic-speech-recognition|rm|other,1
sentence-similarity|kk|copyleft,1
text-generation|pi|vendor_custom,1
zero-shot-classification|de|other,1
zero-shot-classification|en|other,3
zero-shot-classification|es|other,1
zero-shot-classification|hi|other,1
zero-shot-classification|it|other,1
zero-shot-classification|ja|other,1
zero-shot-classification|nl|other,1
zero-shot-classification|pl|other,1
zero-shot-classification|pt|other,1
zero-shot-classification|ru|other,2
zero-shot-classification|tr|other,1
zero-shot-classification|vi|other,1
zero-shot-classification|zh|other,1
text-generation|ii|other,1
image-segmentation|zh|other,2
translation|eu|vendor_custom,1
robotics|tr|noncommercial,1
robotics|tr|permissive,1
image-to-text|pl|other,1
video-classification|zh|noncommercial,1
object-detection|zh|unknown,3
image-to-text|ks|permissive,1
other|fa|permissive,2
text-generation|pi|other,2
unk|tw|noncommercial,3
sentence-similarity|tr|copyleft,2
unconditional-image-generation|pt|permissive,1
reinforcement-learning|id|permissive,2
translation|an|noncommercial,1
token-classification|nn|copyleft,1
token-classification|yo|other,1
image-text-to-text|cu|noncommercial,1
video-text-to-text|zh|other,2
image-text-to-video|th|other,1
text-classification|st|noncommercial,1
visual-question-answering|ar|noncommercial,1
text-to-image|ar|noncommercial,1
video-classification|zh|other,1
image-to-image|ar|unknown,1
image-text-to-image|ar|permissive,1
audio-to-audio|fi|permissive,1
image-to-image|ja|unknown,1
any-to-any|zh|noncommercial,1
question-answering|id|noncommercial,1
translation|as|other,1
translation|kn|other,1
translation|ks|other,1
translation|ml|other,1
translation|sa|other,1
translation|sd|other,1
sentence-similarity|bn|copyleft,1
sentence-similarity|es|copyleft,1
sentence-similarity|gu|copyleft,1
sentence-similarity|hi|copyleft,1
sentence-similarity|id|copyleft,1
sentence-similarity|it|copyleft,1
sentence-similarity|kn|copyleft,1
sentence-similarity|ml|copyleft,1
sentence-similarity|mr|copyleft,1
sentence-similarity|pt|copyleft,1
sentence-similarity|ru|copyleft,1
sentence-similarity|sa|copyleft,1
sentence-similarity|te|copyleft,1
sentence-similarity|th|copyleft,1
sentence-similarity|ur|copyleft,1
sentence-similarity|vi|copyleft,1
video-classification|unk|copyleft,2
token-classification|bo|unknown,1
feature-extraction|gn|permissive,1
feature-extraction|gv|permissive,1
image-classification|as|permissive,1
image-classification|gu|permissive,1
image-classification|ne|permissive,1
image-classification|or|permissive,1
image-classification|sa|permissive,1
image-to-text|as|other,1
image-to-text|bn|other,1
image-to-text|gu|other,1
image-to-text|hi|other,1
image-to-text|kn|other,1
image-to-text|ks|other,1
image-to-text|ml|other,1
image-to-text|mr|other,1
image-to-text|ne|other,1
image-to-text|or|other,1
image-to-text|pa|other,1
image-to-text|sa|other,1
image-to-text|sd|other,1
image-to-text|ta|other,1
image-to-text|te|other,1
automatic-speech-recognition|hu|vendor_custom,1
automatic-speech-recognition|ks|other,1
image-to-text|ee|other,1
text-generation|ba|vendor_custom,1
text-generation|dv|vendor_custom,1
text-generation|fj|vendor_custom,1
text-generation|ht|vendor_custom,1
text-generation|os|vendor_custom,1
text-generation|ps|vendor_custom,1
text-generation|qu|vendor_custom,1
text-generation|rn|vendor_custom,1
text-generation|sn|vendor_custom,1
text-generation|st|vendor_custom,1
text-generation|tg|vendor_custom,1
text-generation|tk|vendor_custom,1
text-generation|tn|vendor_custom,1
text-generation|to|vendor_custom,1
text-generation|ts|vendor_custom,1
text-generation|tt|vendor_custom,1
text-generation|xh|vendor_custom,1
object-detection|el|permissive,1
object-detection|is|permissive,1
unk|ln|vendor_custom,1
audio-classification|fa|unknown,1
text-generation|uz|noncommercial,1
audio-to-audio|ru|copyleft,1
voice-activity-detection|tg|permissive,1
audio-to-audio|kk|permissive,1
audio-to-audio|tt|permissive,1
audio-to-audio|uz|permissive,1
text-to-image|uk|other,1
unk|sn|other,1
image-text-to-image|en|copyleft,1
text-to-audio|my|unknown,1
other|sd|permissive,1
text-to-speech|ff|other,1
text-to-speech|or|other,4
text-to-speech|su|other,1
tabular-regression|sv|permissive,1
image-segmentation|ar|other,1
image-segmentation|vi|other,1
visual-document-retrieval|ja|permissive,1
text-to-speech|am|copyleft,3
table-to-text|en|permissive,1
image-feature-extraction|ar|permissive,1
image-feature-extraction|hi|permissive,1
image-feature-extraction|ta|permissive,1
image-feature-extraction|th|permissive,1
text-to-audio|bm|permissive,1
tabular-regression|tr|other,1
sentence-similarity|rm|permissive,2
text-generation|wo|other,3
image-to-text|pl|unknown,1
tabular-classification|it|permissive,1
tabular-classification|nl|permissive,1
tabular-regression|be|permissive,2
tabular-regression|de|permissive,2
tabular-regression|it|permissive,2
tabular-regression|nl|permissive,2
tabular-regression|pt|permissive,3
audio-classification|hi|unknown,2
audio-classification|mr|unknown,2
image-text-to-image|ja|unknown,1
visual-question-answering|ne|unknown,1
video-to-video|en|copyleft,1
translation|bs|other,1
robotics|ko|vendor_custom,1
image-segmentation|ru|other,1
audio-classification|af|other,1
audio-classification|am|other,1
audio-classification|as|other,1
audio-classification|az|other,1
audio-classification|ba|other,1
audio-classification|be|other,1
audio-classification|bg|other,1
audio-classification|bo|other,1
audio-classification|br|other,1
audio-classification|bs|other,1
audio-classification|ca|other,1
audio-classification|cs|other,1
audio-classification|cy|other,1
audio-classification|da|other,1
audio-classification|el|other,1
audio-classification|et|other,1
audio-classification|eu|other,1
audio-classification|fa|other,1
audio-classification|fi|other,1
audio-classification|fo|other,1
audio-classification|gl|other,1
audio-classification|gu|other,1
audio-classification|ha|other,1
audio-classification|he|other,1
audio-classification|hr|other,1
audio-classification|ht|other,1
audio-classification|hu|other,1
audio-classification|hy|other,1
audio-classification|id|other,1
audio-classification|is|other,1
audio-classification|ka|other,1
audio-classification|kk|other,1
audio-classification|km|other,1
audio-classification|kn|other,1
audio-classification|la|other,1
audio-classification|lb|other,1
audio-classification|ln|other,1
audio-classification|lo|other,1
audio-classification|lt|other,1
audio-classification|lv|other,1
audio-classification|mg|other,1
audio-classification|mi|other,1
audio-classification|mk|other,1
audio-classification|ml|other,1
audio-classification|mn|other,1
audio-classification|mr|other,1
audio-classification|ms|other,1
audio-classification|mt|other,1
audio-classification|my|other,1
audio-classification|ne|other,1
audio-classification|nn|other,1
audio-classification|no|other,1
audio-classification|oc|other,1
audio-classification|pa|other,1
audio-classification|ps|other,1
audio-classification|ro|other,1
audio-classification|ru|other,1
audio-classification|sa|other,1
audio-classification|sd|other,1
audio-classification|si|other,1
audio-classification|sk|other,1
audio-classification|sl|other,1
audio-classification|sn|other,1
audio-classification|so|other,1
audio-classification|sq|other,1
audio-classification|sr|other,1
audio-classification|su|other,1
audio-classification|sv|other,1
audio-classification|sw|other,1
audio-classification|ta|other,1
audio-classification|te|other,1
audio-classification|tg|other,1
audio-classification|th|other,1
audio-classification|tk|other,1
audio-classification|tl|other,1
audio-classification|tt|other,1
audio-classification|uk|other,1
audio-classification|ur|other,1
audio-classification|uz|other,1
audio-classification|yi|other,1
audio-classification|yo|other,1
text-classification|ee|noncommercial,1
text-classification|tw|noncommercial,1
unk|sa|vendor_custom,1
audio-text-to-text|ja|other,1
audio-text-to-text|ko|other,1
image-to-text|az|permissive,2
translation|pi|noncommercial,1
robotics|pi|permissive,4
text-to-audio|sv|responsible_ai,1
text-to-audio|tk|responsible_ai,1
audio-to-audio|ne|permissive,1
audio-to-audio|sw|permissive,1
reinforcement-learning|zh|unknown,1
text-to-speech|af|copyleft,1
text-to-speech|be|copyleft,1
text-to-speech|bg|copyleft,1
text-to-speech|co|copyleft,1
text-to-speech|cy|copyleft,1
text-to-speech|da|copyleft,1
text-to-speech|el|copyleft,1
text-to-speech|eo|copyleft,1
text-to-speech|et|copyleft,2
text-to-speech|eu|copyleft,1
text-to-speech|fa|copyleft,1
text-to-speech|fi|copyleft,1
text-to-speech|fy|copyleft,1
text-to-speech|ga|copyleft,1
text-to-speech|gd|copyleft,1
text-to-speech|gl|copyleft,1
text-to-speech|hu|copyleft,1
text-to-speech|is|copyleft,1
text-to-speech|ka|copyleft,1
text-to-speech|kk|copyleft,1
text-to-speech|ku|copyleft,1
text-to-speech|ky|copyleft,1
text-to-speech|la|copyleft,1
text-to-speech|lb|copyleft,1
text-to-speech|lo|copyleft,1
text-to-speech|lt|copyleft,1
text-to-speech|lv|copyleft,1
text-to-speech|mg|copyleft,1
text-to-speech|mi|copyleft,1
text-to-speech|mk|copyleft,1
text-to-speech|mn|copyleft,1
text-to-speech|ms|copyleft,1
text-to-speech|mt|copyleft,1
text-to-speech|my|copyleft,1
text-to-speech|no|copyleft,1
text-to-speech|ps|copyleft,1
text-to-speech|ro|copyleft,1
text-to-speech|sd|copyleft,1
text-to-speech|sk|copyleft,1
text-to-speech|sl|copyleft,1
text-to-speech|sm|copyleft,1
text-to-speech|so|copyleft,1
text-to-speech|sq|copyleft,1
text-to-speech|sr|copyleft,1
text-to-speech|st|copyleft,1
text-to-speech|sv|copyleft,1
text-to-speech|tg|copyleft,1
text-to-speech|uk|copyleft,1
text-to-speech|xh|copyleft,1
text-to-speech|yi|copyleft,1
text-to-speech|zu|copyleft,1
text-generation|ee|noncommercial,2
text-generation|tw|noncommercial,5
image-classification|si|permissive,1
text-generation|bm|other,2
text-generation|ki|other,2
text-generation|ln|other,2
text-generation|ny|other,2
text-generation|sn|other,2
text-generation|st|other,2
text-generation|tn|other,2
text-generation|ts|other,2
text-generation|tw|other,3
text-generation|xh|other,2
text-generation|zu|other,2
text-generation|om|other,1
image-segmentation|ko|permissive,1
image-to-text|hy|permissive,1
audio-text-to-text|ko|unknown,1
image-text-to-text|bn|unknown,1
text-to-speech|ks|other,2
token-classification|eu|copyleft,1
audio-classification|ru|copyleft,5
text-generation|ak|noncommercial,2
token-classification|yo|noncommercial,1
image-to-image|de|permissive,1
image-to-text|as|unknown,1
image-to-text|gu|unknown,1
image-to-text|kn|unknown,1
image-to-text|ml|unknown,1
image-to-text|mr|unknown,1
image-to-text|or|unknown,1
image-to-text|pa|unknown,1
image-to-text|sd|unknown,1
image-to-text|ta|unknown,1
image-to-text|te|unknown,1
multiple-choice|ko|permissive,1
object-detection|es|other,1
tabular-classification|ja|permissive,1
translation|as|vendor_custom,3
translation|ml|vendor_custom,3
translation|or|vendor_custom,3
automatic-speech-recognition|lg|copyleft,1
image-to-text|hy|unknown,1
image-feature-extraction|ru|permissive,1
image-to-text|da|noncommercial,1
image-to-text|sv|noncommercial,1
tabular-classification|uk|permissive,1
image-to-text|he|noncommercial,1
video-classification|vi|noncommercial,1
robotics|el|other,1
image-to-video|th|other,1
text-generation|ky|other,1
translation|be|vendor_custom,1
translation|cv|unknown,1
unk|mt|unknown,1
unk|tg|unknown,1
unk|zu|unknown,1
depth-estimation|en|other,1
token-classification|ar|copyleft,1
any-to-any|zh|unknown,3
image-text-to-text|ks|other,1
image-text-to-text|sd|other,1
image-text-to-text|ur|other,1
audio-classification|da|unknown,1
audio-classification|fi|unknown,1
audio-classification|gu|unknown,1
audio-classification|it|unknown,1
audio-classification|nl|unknown,1
audio-classification|no|unknown,1
audio-classification|pl|unknown,1
audio-classification|ta|unknown,1
audio-classification|te|unknown,1
audio-classification|tr|unknown,1
audio-classification|uk|unknown,1
sentence-similarity|nl|copyleft,1
text-to-audio|zh|noncommercial,1
feature-extraction|af|unknown,1
feature-extraction|as|unknown,1
feature-extraction|br|unknown,1
feature-extraction|bs|unknown,1
feature-extraction|cy|unknown,1
feature-extraction|eo|unknown,1
feature-extraction|fy|unknown,1
feature-extraction|ga|unknown,1
feature-extraction|gd|unknown,1
feature-extraction|gl|unknown,1
feature-extraction|gu|unknown,1
feature-extraction|ha|unknown,1
feature-extraction|jv|unknown,1
feature-extraction|km|unknown,1
feature-extraction|kn|unknown,1
feature-extraction|ku|unknown,1
feature-extraction|ky|unknown,1
feature-extraction|la|unknown,1
feature-extraction|lo|unknown,1
feature-extraction|mg|unknown,1
feature-extraction|ml|unknown,1
feature-extraction|mn|unknown,1
feature-extraction|mr|unknown,1
feature-extraction|ne|unknown,1
feature-extraction|om|unknown,1
feature-extraction|or|unknown,1
feature-extraction|pa|unknown,1
feature-extraction|sd|unknown,1
feature-extraction|si|unknown,1
feature-extraction|sk|unknown,1
feature-extraction|so|unknown,1
feature-extraction|sr|unknown,1
feature-extraction|su|unknown,1
feature-extraction|sw|unknown,1
feature-extraction|te|unknown,1
feature-extraction|ug|unknown,1
feature-extraction|uz|unknown,1
feature-extraction|xh|unknown,1
feature-extraction|yi|unknown,1
text-to-speech|tl|unknown,1
audio-text-to-text|zh|unknown,1
text-classification|pi|noncommercial,1
text-classification|pi|permissive,3
text-to-speech|ak|noncommercial,3
image-classification|pt|other,1
zero-shot-image-classification|tr|other,1
text-classification|pi|unknown,1
image-to-image|cs|other,1
image-to-image|de|other,1
image-to-image|ro|other,1
image-to-image|ru|other,1
audio-to-audio|ar|other,1
audio-to-audio|ca|other,1
audio-to-audio|ee|other,1
audio-to-audio|eu|other,1
audio-to-audio|fr|other,1
audio-to-audio|gl|other,1
audio-to-audio|gu|other,1
audio-to-audio|ha|other,1
audio-to-audio|jv|other,1
audio-to-audio|ki|other,1
audio-to-audio|km|other,1
audio-to-audio|kn|other,1
audio-to-audio|lg|other,1
audio-to-audio|ln|other,1
audio-to-audio|ml|other,1
audio-to-audio|mr|other,1
audio-to-audio|my|other,1
audio-to-audio|ne|other,1
audio-to-audio|ny|other,1
audio-to-audio|su|other,1
audio-to-audio|ta|other,1
audio-to-audio|te|other,1
audio-to-audio|tw|other,1
audio-to-audio|yo|other,1
audio-to-audio|tw|copyleft,1
text-classification|fo|unknown,1
text-classification|se|unknown,1
audio-to-audio|tw|noncommercial,1
voice-activity-detection|or|permissive,1
image-segmentation|da|permissive,1
object-detection|ru|unknown,1
image-to-3d|th|other,1
any-to-any|af|unknown,1
any-to-any|am|unknown,1
any-to-any|ay|unknown,1
any-to-any|az|unknown,1
any-to-any|be|unknown,1
any-to-any|bg|unknown,1
any-to-any|bn|unknown,1
any-to-any|br|unknown,1
any-to-any|bs|unknown,1
any-to-any|ca|unknown,1
any-to-any|ch|unknown,1
any-to-any|co|unknown,1
any-to-any|cs|unknown,1
any-to-any|cy|unknown,1
any-to-any|da|unknown,1
any-to-any|el|unknown,1
any-to-any|eo|unknown,1
any-to-any|et|unknown,1
any-to-any|eu|unknown,1
any-to-any|fa|unknown,1
any-to-any|ff|unknown,1
any-to-any|fi|unknown,1
any-to-any|fj|unknown,1
any-to-any|fo|unknown,1
any-to-any|fr|unknown,1
any-to-any|fy|unknown,1
any-to-any|ga|unknown,1
any-to-any|gd|unknown,1
any-to-any|gl|unknown,1
any-to-any|gn|unknown,1
any-to-any|gu|unknown,1
any-to-any|gv|unknown,1
any-to-any|ha|unknown,1
any-to-any|he|unknown,1
any-to-any|hi|unknown,1
any-to-any|hr|unknown,1
any-to-any|hy|unknown,1
any-to-any|id|unknown,1
any-to-any|ig|unknown,1
any-to-any|is|unknown,1
any-to-any|it|unknown,1
any-to-any|iu|unknown,1
any-to-any|ja|unknown,1
any-to-any|jv|unknown,1
any-to-any|ka|unknown,1
any-to-any|kg|unknown,1
any-to-any|kk|unknown,1
any-to-any|kl|unknown,1
any-to-any|km|unknown,1
any-to-any|kn|unknown,1
any-to-any|ko|unknown,1
any-to-any|ku|unknown,1
any-to-any|kw|unknown,1
any-to-any|ky|unknown,1
any-to-any|lb|unknown,1
any-to-any|lg|unknown,1
any-to-any|li|unknown,1
any-to-any|ln|unknown,1
any-to-any|lo|unknown,1
any-to-any|lt|unknown,1
any-to-any|lu|unknown,1
any-to-any|lv|unknown,1
any-to-any|mg|unknown,1
any-to-any|mi|unknown,1
any-to-any|mk|unknown,1
any-to-any|ml|unknown,1
any-to-any|mn|unknown,1
any-to-any|mr|unknown,1
any-to-any|ms|unknown,1
any-to-any|mt|unknown,1
any-to-any|my|unknown,1
any-to-any|na|unknown,1
any-to-any|ne|unknown,1
any-to-any|nl|unknown,1
any-to-any|no|unknown,1
any-to-any|ny|unknown,1
any-to-any|oc|unknown,1
any-to-any|om|unknown,1
any-to-any|pa|unknown,1
any-to-any|ps|unknown,1
any-to-any|pt|unknown,1
any-to-any|qu|unknown,1
any-to-any|rm|unknown,1
any-to-any|rn|unknown,1
any-to-any|ru|unknown,1
any-to-any|rw|unknown,1
any-to-any|sc|unknown,1
any-to-any|sg|unknown,1
any-to-any|si|unknown,1
any-to-any|sk|unknown,1
any-to-any|sl|unknown,1
any-to-any|sm|unknown,1
any-to-any|sn|unknown,1
any-to-any|so|unknown,1
any-to-any|sq|unknown,1
any-to-any|sr|unknown,1
any-to-any|st|unknown,1
any-to-any|su|unknown,1
any-to-any|sv|unknown,1
any-to-any|sw|unknown,1
any-to-any|ta|unknown,1
any-to-any|te|unknown,1
any-to-any|tg|unknown,1
any-to-any|th|unknown,1
any-to-any|tk|unknown,1
any-to-any|tl|unknown,1
any-to-any|tn|unknown,1
any-to-any|to|unknown,1
any-to-any|ts|unknown,1
any-to-any|ty|unknown,1
any-to-any|uk|unknown,1
any-to-any|ur|unknown,1
any-to-any|uz|unknown,1
any-to-any|ve|unknown,1
any-to-any|wa|unknown,1
any-to-any|wo|unknown,1
any-to-any|xh|unknown,1
any-to-any|yo|unknown,1
any-to-any|zu|unknown,1
text-to-audio|it|noncommercial,1
text-to-audio|fr|noncommercial,2
text-to-audio|bg|noncommercial,1
unk|tt|other,1
image-segmentation|sv|other,1
image-segmentation|zh|unknown,1
multiple-choice|de|permissive,1
automatic-speech-recognition|am|vendor_custom,2
automatic-speech-recognition|om|vendor_custom,2
automatic-speech-recognition|sw|vendor_custom,2
zero-shot-classification|ja|noncommercial,4
text-to-audio|es|noncommercial,1
text-to-audio|pt|noncommercial,1
tabular-regression|en|other,1
image-text-to-text|et|vendor_custom,1
image-text-to-text|fi|vendor_custom,1
image-text-to-text|sv|vendor_custom,1
translation|bg|other,1
translation|et|other,1
translation|lt|other,1
translation|lv|other,1
translation|sk|other,1
zero-shot-image-classification|ms|permissive,13
audio-to-audio|ta|permissive,1
voice-activity-detection|bn|other,1
voice-activity-detection|gu|other,1
voice-activity-detection|hi|other,1
voice-activity-detection|kn|other,1
voice-activity-detection|ml|other,1
voice-activity-detection|mr|other,1
voice-activity-detection|pa|other,1
voice-activity-detection|ta|other,1
voice-activity-detection|te|other,1
text-classification|ht|noncommercial,1
table-question-answering|ta|permissive,1
text-generation|mi|unknown,1
depth-estimation|zh|permissive,1
time-series-forecasting|zh|other,1
reinforcement-learning|zh|noncommercial,1
zero-shot-classification|ko|noncommercial,2
text-ranking|ja|vendor_custom,1
text-generation|om|noncommercial,1
unk|st|unknown,1
